ticker,origem,grupo,setor,investment,investment_base,consistencia,basileia,solvencia,ciclicidade,dado_suspeito,quality,value,safety,dividend,regulado,rank_invest,oportunidade_grafica,candidato_padrao,candidato_nota,virada_alta,criterios_ok,criterios_aplicaveis,passa_checklist,mais_5a_bolsa,sem_prejuizo_anual,lucro_20t,div_ge5_5a,div_sem_corte,roe_ge_10,divida_menor_patrim,cresc_receita_5a,cresc_lucro_5a,n_ok,n_aplic,roe_roic_ge_selic,roe_ge_setor,roic_ge_setor,margem_ge_15,cagr_ge_setor,divida_ok,marketcap_ok,insider_ok,margem_ok,roe_ok,alavancagem_ok,div_liq_patrim,nde_ok,market_cap,pl,pvp,dy,dy_teto,roe,roe_medio,roic,mrg_liq,ev_ebitda,div_liq_ebitda,lev_roic_adj,liq_corr,div_patrim,peg,payout,cresc_5a,pl_fut,roa,liq_geral,grau_endiv,indep_fin,min_52s,max_52s,dist_min52,dist_max52,dist_mm100,beta,corr_ibov,close,teto_bazin,teto_gordon,teto_dcf,teto_graham,teto_lynch,teto_projetivo,teto_graham_selic,teto_mult_ebitda,teto_medio,teto_mediana,teto_ajustado,teto_n_metodos,teto_confiavel,teto_dispersao,teto_upside_pct,teto_upside_media_pct,prox_resultado,ex_dividendo,ex_tipo,tese_ia,strategy,in_wishlist,in_carteira,preco_medio,var_pm_pct,trend,breakout_level,pct_to_level,dist_52w_high_pct,fund_ok,breakout,aprovado,note
JHSF3,SMALL11,SMALL11,Imobiliário,77.82,75.67,90.0,,,0.8,,86.88,81.94,44.97,70.92,False,1,Não,,,False,7,8,False,,True,,False,True,True,True,True,True,9,10,True,True,True,True,True,True,True,False,True,True,True,0.33,True,6813065216.0,3.3,0.94,6.56,7.91,28.4,16.71,13.12,52.59,4.49,1.22,1.3,1.73,0.86,0.22,26.1,90.2,5.99,7.25,0.72,61.6,36.26,5.05,13.85,105.3,-25.2,-6.7,1.37,0.61,10.359999656677246,5.851607495201637,10.854731903599035,41.59696831847682,27.901663924503552,71.91590902514595,19.57807411896471,37.986665407816574,18.048486742044474,,,,6,False,12.3,,,n/d,2026-08-31,próxima,,,False,False,,,Em Baixa,10.819999694824219,-4.2513867940958905,-26.80358213834876,True,False,False,sem sinal (Em Baixa; sem novo topo (-4.3%))
VULC3,SMALL11,SMALL11,Consumo discricionário,76.94,78.16,70.0,,,0.9,,87.8,63.47,65.69,96.45,False,2,Não,,,False,6,8,False,,True,,False,False,True,True,False,True,7,10,True,True,True,True,False,True,True,False,True,True,True,0.25,True,4205972224.0,4.58,1.61,29.45,15.44,35.06,31.82,17.83,24.89,6.16,0.76,0.6,2.96,0.37,0.45,70.73,-64.7,5.87,11.45,1.64,37.42,62.57,13.37,20.08,0.7,-33.0,-9.2,0.92,0.6,13.460000038146973,14.847320486062019,27.541779501645042,38.93995644223742,23.51205793312256,75.54482875116977,48.525159441165755,26.808685207907086,8.920136085713818,,,,6,False,8.5,,,n/d,2025-12-23,última,,,False,False,,,Em Baixa,14.039999961853027,-4.131053598874123,-33.464311886155116,True,False,False,sem sinal (Em Baixa; sem novo topo (-4.1%))
MDNE3,SMALL11,SMALL11,Imobiliário,74.83,72.15,90.0,,,0.8,,73.1,76.88,60.08,80.14,False,3,Não,,,False,7,8,False,,True,,False,True,True,True,True,True,9,10,True,True,True,True,True,True,True,False,True,True,True,0.24,True,2507799040.0,4.51,1.1,16.0,9.28,24.38,16.15,10.98,21.43,4.36,0.91,1.16,2.38,0.48,0.32,41.86,19.5,3.79,6.4,1.12,72.76,27.27,20.62,34.28,19.3,-28.2,-10.4,1.66,0.63,24.610000610351562,16.31411911768027,30.2626909632969,72.30210822331667,52.410496028174926,127.99502612817558,25.731423653991506,63.19894115464003,42.851009546012286,47.79277826157206,47.630752787093606,42.86767750838425,6,True,7.8,74.18803919229917,94.20063826194811,n/d,2026-01-02,última,,,False,False,,,Lateral,24.920000076293945,-1.2439785914658996,-28.208863807735685,True,False,False,sem sinal (Lateral)
POMO3,SMALL11,SMALL11,Bens Industriais,73.94,74.63,70.0,,,0.7,,80.49,75.02,52.52,91.49,False,4,Não,,,False,5,8,False,,True,,False,False,True,True,False,True,7,10,True,True,True,False,False,True,True,False,True,True,True,0.44,True,5151811584.0,4.32,1.22,22.27,12.72,28.32,24.74,18.39,13.19,4.58,1.29,0.98,1.94,0.81,0.34,54.94,-14.0,,8.76,1.02,59.93,39.42,3.73,6.48,10.4,-36.4,-21.4,0.91,0.45,4.119999885559082,3.742641507761736,6.9425999968980205,12.636573723068942,8.512687176725057,24.29899390088217,11.192765591174421,10.197505193445773,5.258139118319559,8.354701758199074,8.512687176725057,7.661418459052552,7,True,6.5,85.95676388017426,102.7840288899752,n/d,2026-08-26,última,,,False,False,,,Em Baixa,4.137517929077148,-0.42339498748646953,-36.92338129060463,True,False,False,sem sinal (Em Baixa; sem novo topo (-0.4%))
POMO4,BOVA11+SMALL11+Carteira,BOVA11,Bens Industriais,72.94,73.46,70.0,,,0.7,,80.49,72.64,52.52,85.82,False,5,Não,,,False,5,8,False,,True,,False,False,True,True,False,True,7,10,True,True,True,False,False,True,True,False,True,True,True,0.44,True,5486989312.0,4.6,1.3,20.91,10.21,28.32,24.74,18.39,13.19,4.8,1.29,0.98,1.94,0.81,0.31,46.98,-14.0,4.52,8.76,1.02,59.93,39.42,3.93,7.69,14.4,-41.5,-18.6,0.97,0.48,4.5,3.2829707777576087,6.089910792740364,12.961956521739129,8.728772626887835,24.665563236653593,11.575137762178509,11.836956521739134,5.3835710290357195,11.605981212996328,11.575137762178509,10.417623985960658,7,True,7.5,131.5027552435702,157.9106936221406,n/d,2026-08-26,última,"A análise fundamentalista da Marcopolo (POMO4) revela uma empresa de bens industriais com excelente eficiência operacional, evidenciada por um ROE de 28,3% e um ROIC de 18,4%, ambos significativamente acima das médias do setor, que são de 14,5% e 12,6%, respectivamente. Essa alta qualidade de retorno convive com múltiplos de preço bastante atrativos, visto que o P/L de 4,6 e o P/VP de 1,3 sugerem que o papel está descontado frente à sua capacidade de gerar valor. A sólida rentabilidade é acompanhada por um endividamento sob controle, com a relação Dívida Líquida/EBITDA em 1,29, patamar confortavelmente abaixo da média setorial de 2,39, o que confere segurança financeira à operação. Essa estrutura de capital robusta e a forte geração de caixa sustentam um expressivo Dividend Yield de 20,91%, o qual se mostra coerente com o lucro atual, embora o investidor deva monitorar a sustentabilidade desse fluxo no longo prazo devido à volatilidade histórica dos resultados. Por outro lado, o crescimento da receita nos últimos cinco anos apresentou uma retração de 14,0%, ficando muito abaixo da média de expansão do setor de 21,6%, o que acende um alerta sobre a capacidade de expansão orgânica recente. No checklist de critérios fundamentalistas, a companhia atendeu a 5 dos 8 requisitos avaliados, sendo penalizada justamente pela margem líquida de 13,19% (abaixo do sarrafo de 15%), pelo fraco desempenho do CAGR de receita e por movimentações de venda de insiders. Sob a ótica do valuation, as estimativas de preço-teto apresentam uma dispersão acentuada entre os métodos, variando desde os conservadores R$ 3,28 de Bazin até os otimistas R$ 24,67 de Lynch, resultando em uma média de R$ 11,61 e uma mediana de R$ 11,58. Tomando como referência o preço-teto ajustado com margem de segurança de R$ 10,42, o papel exibe um expressivo potencial de valorização de 131,5% em relação à cotação atual de R$ 4,50, apesar de o sinal gráfico indicar uma tendência de baixa no curto prazo. Em balanço, os principais prós residem no valuation extremamente atrativo, no endividamento controlado e no robusto retorno via dividendos, enquanto os contras concentram-se na contração recente da receita, na margem líquida abaixo do ideal e na pressão vendedora sinalizada pelos insiders.",,False,True,4.45,1.12,Em Baixa,4.41884708404541,1.836517861131659,-41.72317990102352,True,False,False,sem sinal (Em Baixa; sem novo topo (+1.8%))
PSSA3,BOVA11,BOVA11,Insurance,72.94,72.58,75.0,,1.8,0.3,,76.13,52.6,100.0,51.77,False,6,Não,,,False,4,6,False,,True,,False,False,True,,True,True,6,8,True,False,True,,True,,True,False,True,True,True,,True,31325294592.0,8.58,1.96,6.16,5.34,22.84,17.35,79.28,8.13,,,,,,0.69,45.78,0.3,7.85,6.06,,71.59,28.18,43.07,55.45,12.2,-12.8,-5.0,0.75,0.5,48.34000015258789,18.421917670025547,34.172657277897386,74.65093263657221,55.91472932652801,99.83445494707516,48.37202136222312,58.90972723179822,,43.90438223667957,41.272339320060254,37.14510538805423,4,True,4.1,-23.15865686635571,-9.175874848794063,2026-11-05,2026-06-23,última,,,False,False,,,Em Baixa,52.650001525878906,-8.18613722389454,-12.979296459940294,True,False,False,sem sinal (Em Baixa; sem novo topo (-8.2%))
ABCB10,SMALL11,SMALL11,Produtos financeiros,71.45,75.24,50.0,,,0.4,,75.84,74.15,,,False,7,Não,,,False,1,3,False,,,,,,True,,False,,1,2,True,False,,,False,,,,True,True,True,,True,,,0.82,,,14.9,,,40.92,,,,,,,,-2.9,,1.54,,,,,,,,,,,,,,,,,,,,,,,0,True,,,,n/d,n/d,,,,False,False,,,,,,,False,False,False,histórico insuficiente
MILS3,SMALL11,SMALL11,Bens Industriais,70.84,69.22,80.0,,,0.7,,84.89,56.06,57.38,55.32,False,8,Não,,,False,6,8,False,,True,,False,True,True,True,True,True,8,10,True,True,True,True,False,True,True,False,True,True,True,0.65,True,3576973824.0,8.19,1.95,5.4,5.71,23.81,18.37,20.65,23.53,4.87,1.28,0.87,2.98,0.99,0.65,46.76,21.3,8.39,11.12,0.54,61.6,38.32,10.3,15.81,52.5,-0.7,7.3,0.74,0.47,15.699999809265137,6.403272790282692,11.878071025974394,25.399877591301955,18.63509665364473,35.24419672294257,12.298869619976701,20.394353142504844,18.40902666520164,20.3227844887924,18.63509665364473,16.77158698828026,7,True,5.5,6.8253961276021125,29.444488762345024,n/d,2026-04-22,última,,,False,False,,,Em Alta,15.75,-0.3174615284753268,-1.5056447768889702,True,False,False,sem sinal (Em Alta)
PETR4,BOVA11,BOVA11,Energia,70.8,74.47,50.0,,,0.9,DY5a=41.0%>=20,86.35,83.6,36.34,,False,9,Não,Bandeira de alta,"Bandeira de alta (pré-confirmação) — pescoço R$43.15, preço 1.1% abaixo do pescoço; falta fechar acima e segurar",False,7,8,False,,True,,True,False,True,True,True,False,5,10,True,True,True,True,True,True,True,False,True,True,True,0.61,True,595044794368.0,4.21,1.17,8.37,41.02,27.73,30.77,19.69,24.32,2.71,1.29,0.92,0.85,0.76,0.28,172.68,96.8,4.41,10.07,0.28,65.87,33.99,26.84,47.05,59.1,-9.2,3.4,0.34,0.23,42.70000076293945,125.10152796746152,232.06333437964108,134.38836344630587,91.26098734326251,304.2755398784284,56.092553333333335,122.72446775096613,54.40212095818906,140.0386118821985,123.91299785921382,111.52169807329244,8,True,5.6,161.17493227326895,227.95927255285204,n/d,2026-08-24,última,,,False,False,,,Em Alta,42.971248626708984,-0.631231049685943,-10.410713766652947,True,False,False,sem sinal (Em Alta)
LEVE3,SMALL11,SMALL11,Consumo discricionário,70.33,70.39,70.0,,,0.9,,86.26,57.93,35.47,100.0,False,10,Não,,,False,6,8,False,,True,,True,False,True,False,True,True,7,10,True,True,True,False,False,True,True,True,True,True,True,1.2,True,4396884992.0,6.31,4.56,8.79,19.55,72.29,64.73,34.45,13.0,5.17,1.21,0.49,1.43,1.7,0.24,123.36,25.8,6.37,14.14,0.81,77.23,22.71,24.65,35.6,31.8,-8.8,-1.3,0.64,0.45,32.47999954223633,45.3576324603114,84.13840821387765,68.20285165366582,28.72170204316001,154.42155091396037,98.51666666666667,62.283358868630685,25.672662239830682,77.37745297432465,68.20285165366582,61.38256648829924,7,True,6.0,88.98573692551506,138.23107778589895,n/d,2026-04-30,última,,,False,False,,,Em Alta,34.0,-4.470589581657858,-10.30102081343549,True,False,False,sem sinal (Em Alta)
RIAA3,SMALL11,SMALL11,Consumo discricionário,70.15,70.18,70.0,,,0.9,,65.63,94.42,38.75,92.91,False,11,Não,,,False,4,8,False,,False,,False,False,True,True,True,True,7,10,True,True,False,False,False,True,True,False,True,False,True,0.47,True,3479296768.0,2.27,0.64,46.72,13.15,28.35,8.06,8.96,14.35,2.55,2.11,3.3,1.61,0.68,0.15,29.85,16.6,5.19,4.35,1.05,64.01,35.99,6.11,10.43,13.2,-33.7,-19.1,1.61,0.61,6.920000076293945,6.500811642898193,12.059005597576146,40.392070929909586,27.23293457569906,85.81998420483872,51.88018214566937,36.88634401901179,35.344254854783145,,,,6,False,13.2,,,n/d,n/d,,,,False,False,,,Em Baixa,7.960000038146973,-13.065326091319108,-36.123836413014466,False,False,False,sem sinal (Em Baixa; sem novo topo (-13.1%))
CURY3,BOVA11+SMALL11,BOVA11,Consumo discricionário,69.99,68.22,80.0,,,0.9,,90.09,30.54,56.97,86.52,False,12,Não,Fundo duplo,"Fundo duplo (pré-confirmação) — pescoço R$34.67, preço 5.3% abaixo do pescoço; falta fechar acima e segurar",False,6,8,False,,True,,False,False,True,True,True,True,8,10,True,True,True,True,False,True,True,False,True,True,True,-0.13,True,10079316992.0,9.17,6.09,14.71,10.4,66.38,57.38,37.72,17.89,5.92,-0.15,-0.06,1.92,0.66,2.98,95.36,8.2,6.82,16.3,0.91,70.61,24.44,26.99,40.16,21.7,-18.2,5.0,1.32,0.57,32.849998474121094,24.401981745223466,32.23832821674423,33.805346906984234,20.851307770651225,48.27773695797047,50.84601659046539,16.4985671715297,24.29339039885633,31.40158446980313,28.320154980983848,25.48813948288546,8,True,3.1,-22.41053069465203,-4.4091752560019515,n/d,2026-08-17,última,,,False,False,,,Lateral,32.58000183105469,0.8287189315288712,-18.38191360348138,True,False,False,sem sinal (Lateral)
PETR3,BOVA11,BOVA11,Energia,69.89,73.4,50.0,,,0.9,DY5a=38.9%>=20,86.35,79.74,36.34,,False,13,Não,Bandeira de alta,"Bandeira de alta (pré-confirmação) — pescoço R$48.12, preço 1.7% abaixo do pescoço; falta fechar acima e segurar",False,7,8,False,,True,,True,False,True,True,True,False,5,10,True,True,True,True,True,True,True,False,True,True,True,0.65,True,621881327616.0,4.66,1.29,7.55,38.86,27.73,30.77,19.69,24.32,2.9,1.29,0.92,0.85,0.76,0.31,181.09,96.8,3.26,10.07,0.28,65.87,33.99,28.69,52.45,64.9,-9.8,2.4,0.37,0.22,47.310001373291016,131.31865313073945,243.59610155752165,134.5187807287781,91.52851288970868,304.57082429157305,56.1476,122.84356579760114,53.17581509382557,142.21248168621844,127.0811094641703,114.37299851775327,8,True,5.7,141.75226209636688,200.59707790772728,2026-11-10,2026-08-24,última,,,False,False,,,Em Alta,48.05994415283203,-1.5604320661634086,-10.93846372884365,True,False,False,sem sinal (Em Alta)
VTRU3,SMALL11,SMALL11,Consumo discricionário,69.42,72.85,50.0,,,0.9,P/L=1.87<2,85.98,89.81,54.99,7.09,False,14,Fundo duplo,,,False,7,8,False,,True,,,,True,True,False,True,4,8,True,True,True,True,False,True,True,True,True,False,True,0.37,True,2041060096.0,1.87,0.51,0.18,0.21,27.23,9.79,15.07,46.56,2.91,2.1,1.95,2.56,0.56,,0.39,-23.9,4.05,6.37,0.37,51.99,48.01,10.1,16.86,35.1,-19.0,2.6,1.17,0.52,13.649999618530273,0.20105932694344128,0.29274238002965053,75.91443638113093,66.3006837087815,,0.4136666666666666,19.49999945504325,37.65945770521207,,,,2,False,377.6,,,n/d,n/d,,,Fundo duplo,False,False,,,Em Alta,13.819999694824219,-1.2301018816781362,-21.31613344904273,False,True,False,Fundo duplo — rompeu pescoço ~R$13.12 (candidato)
BRSR6,SMALL11,SMALL11,Produtos financeiros,68.65,69.73,62.5,17.35,,0.4,,45.62,90.46,90.71,84.4,False,15,Não,Fundo duplo,"Fundo duplo (pré-confirmação) — pescoço R$14.49, preço 4.8% abaixo do pescoço; falta fechar acima e segurar",False,2,6,False,,True,,False,False,True,,False,True,5,8,False,False,False,,False,,True,True,True,False,True,,True,5672475648.0,3.7,0.49,11.44,10.16,13.26,9.63,0.0,22.38,,,,,,0.45,37.6,-29.2,4.26,1.0,,93.0,6.99,10.06,18.55,37.1,-25.6,-5.0,1.08,0.64,13.800000190734863,10.018249508118428,18.583852837559686,49.41891960195592,48.6151297750832,68.76522854361606,33.935049037735155,29.360376623811437,,33.979273825750255,33.935049037735155,30.54154413396164,3,True,4.9,121.3155341437374,146.22661852253805,n/d,n/d,,,,False,False,,,Lateral,14.010000228881836,-1.4989295839842653,-25.901945822326933,False,False,False,sem sinal (Lateral)
PLPL3,SMALL11,SMALL11,Consumo discricionário,68.59,71.87,50.0,,,0.9,,77.92,81.51,52.37,59.57,False,16,Não,,,False,5,8,False,,True,,False,False,True,False,False,True,5,10,True,True,True,False,False,True,True,False,True,True,True,0.52,True,1425409408.0,4.69,1.28,7.02,6.32,27.32,38.02,24.26,8.62,1.95,1.22,0.7,3.0,1.2,0.31,29.65,-37.3,2.87,7.78,1.2,73.04,24.14,6.46,17.36,12.1,-58.3,-19.9,1.47,0.5,7.239999771118164,3.2689131677783805,6.063833926228895,20.4541571358882,14.016462045061305,32.91359934236029,10.95072400487419,18.678890667490357,30.979109800066226,,,,6,False,10.1,,,n/d,2025-12-30,última,,,False,False,,,Lateral,7.449999809265137,-2.818792530515335,-58.344444253562244,True,False,False,sem sinal (Lateral)
CXSE3,BOVA11+Wishlist,BOVA11,Insurance,68.54,65.19,87.5,,1.6,0.3,,64.19,32.57,100.0,81.56,False,17,Pivô de alta,,,False,4,6,False,,True,,True,True,True,,True,True,7,8,True,False,False,,True,,True,True,True,True,True,,True,57899999232.0,12.8,4.2,7.01,9.62,32.79,28.44,-1.21,75.43,,,,,,1.0,123.17,12.8,11.23,20.76,,8.23,91.77,12.84,22.04,50.4,-12.4,2.8,0.68,0.53,19.309999465942383,13.272863284052244,24.62116139191691,19.988866634666916,12.492342733468211,33.82719368287452,22.898448930232796,16.167814284988815,,20.195335060217218,21.443657782449854,19.29929200420487,4,True,1.9,-0.055450347144747614,4.584855612431937,2026-11-09,2026-11-04,próxima,"A Caixa Seguridade (CXSE3) apresenta-se como um caso de estudo interessante no setor de seguros, onde sua alta rentabilidade, traduzida em um ROE de 32,8%, situa-se ligeiramente abaixo da média dos seus pares de 34,3%, enquanto o ROIC de -1,2% destoa fortemente da média setorial de 19,5%. Essa distorção na eficiência do capital investido convive com múltiplos de preço esticados, visto que o P/L de 12,8 e o P/VP de 4,2 indicam que o mercado cobra um prêmio considerável pela empresa, embora o PEG ratio em 1,0 sugira um preço justo em relação ao crescimento. No que tange à saúde financeira e remuneração aos acionistas, a excelente margem líquida de 75,43% garante a sustentabilidade de um robusto dividend yield de 7,01%, o qual se mostra plenamente coerente com a geração de lucro e a ausência de pressões de endividamento relevante. O crescimento histórico da companhia é um forte vetor de destaque, evidenciado por um CAGR de receita de 12,8% nos últimos cinco anos que supera com folga a retração de 2,5% observada na média do setor. Esse desempenho operacional robusto permitiu à empresa atender a 4 dos 6 critérios do checklist de qualidade, falhando apenas em superar seus pares nas métricas de ROE e ROIC, mas validando sua relevância pelo porte e governança. Sob a ótica do valuation, as estimativas de preço-teto revelam uma dispersão acentuada entre os métodos analíticos, variando desde os conservadores R$ 12,49 por Graham e R$ 13,27 por Bazin até os otimistas R$ 24,62 por Gordon e R$ 33,83 por Lynch. A média dessas metodologias aponta para R$ 20,20 e a mediana para R$ 21,44, de modo que o preço-teto ajustado com margem de segurança de R$ 19,30 praticamente se iguala à cotação atual de R$ 19,31, indicando um upside nulo de -0,1% e sugerindo que o papel está precificado de forma justa no momento. Em balanço, os principais prós residem na espetacular margem líquida, no forte crescimento de receita frente ao setor e no fluxo consistente de dividendos, ao passo que os contras concentram-se no ROIC negativo, na avaliação cara pelo P/VP e na ausência de margem de segurança para novos aportes na atual conjuntura de preços.",Pivô de alta,True,False,,,Em Baixa,19.6200008392334,-1.5800273192196679,-12.792417783962751,True,True,True,Pivô de alta
VLID3,SMALL11,SMALL11,Bens Industriais,67.7,67.29,70.0,,,0.7,,62.12,74.86,66.22,73.76,False,18,Não,,,False,4,8,False,,True,,False,False,True,True,False,True,7,10,True,False,True,False,False,True,True,False,True,True,True,0.1,True,1362297600.0,6.16,0.81,10.95,8.58,13.18,13.73,15.68,11.15,3.21,0.48,0.43,2.3,0.41,0.99,52.86,-32.9,10.01,7.18,1.13,45.32,54.23,16.3,22.63,5.6,-23.9,-3.2,0.93,0.51,17.219999313354492,10.554749094436316,19.579059570179364,37.03977125031607,36.56718452753732,41.35653253460206,34.51133420135141,18.385178589060903,31.591719471906266,31.290111449279056,34.51133420135141,31.06020078121627,7,True,3.9,80.3728340286773,81.70797152711195,2026-11-04,2026-08-13,última,,,False,False,,,Em Baixa,17.530000686645508,-1.7684047983362428,-24.57901058396539,True,False,False,sem sinal (Em Baixa; sem novo topo (-1.8%))
LAVV3,SMALL11,SMALL11,Imobiliário,66.71,64.37,80.0,,,0.8,,66.53,55.65,55.1,95.04,False,19,Não,,,False,5,8,False,,True,,True,False,True,True,False,True,8,10,True,True,False,True,False,True,True,False,True,True,True,0.37,True,1956297856.0,5.42,1.35,24.26,14.03,24.9,19.67,8.69,19.91,6.92,1.5,2.42,4.12,0.86,0.91,76.04,-30.3,2.86,4.85,1.47,60.31,33.37,9.22,18.94,9.7,-46.6,-12.0,1.49,0.71,10.109999656677246,10.131431293088927,18.707834293482634,24.602346424798046,17.728658415308395,37.29788762566994,24.224840861844317,11.97788218298796,10.109999656677246,19.347610094232184,18.218246354395514,16.396421718955963,8,True,3.7,62.180240116297036,91.37102622405995,n/d,2026-02-03,última,,,False,False,,,Lateral,10.359999656677246,-2.4131274930966784,-46.73340410688951,True,False,False,sem sinal (Lateral)
GRND3,SMALL11,SMALL11,Consumo discricionário,66.62,64.26,80.0,,,0.9,DY5a=20.2%>=20,62.69,64.29,67.77,,False,20,Não,,,False,5,8,False,,True,,True,False,True,True,False,True,8,10,True,True,False,True,False,True,True,False,True,True,True,-0.31,True,3121473536.0,5.39,0.97,43.01,20.24,18.04,16.72,7.81,24.95,8.22,-3.59,-6.43,2.05,0.02,0.36,109.08,-24.5,4.61,2.66,2.01,29.93,70.07,3.37,4.83,3.6,-27.8,-9.7,0.72,0.45,3.490000009536743,5.04484961288621,9.358196031903919,8.579313567043014,7.23996451276644,19.42486090651249,6.059476722895763,7.8346938989600385,2.3430092120260544,,,,6,False,8.3,,,2026-11-05,2026-04-24,última,,,False,False,,,Em Baixa,3.554507255554199,-1.814801360066387,-28.516762653782312,True,False,False,sem sinal (Em Baixa; sem novo topo (-1.8%))
TGMA3,SMALL11,SMALL11,Bens Industriais,66.52,65.9,70.0,,,0.7,,78.82,32.51,70.0,82.98,False,21,Não,,,False,7,8,False,,True,,False,False,True,True,True,True,7,10,True,True,True,False,True,True,True,True,True,True,True,0.03,True,2291996928.0,9.03,2.31,10.44,10.07,25.55,24.91,27.01,10.14,6.24,0.07,0.04,2.22,0.23,3.88,90.9,23.5,6.84,14.79,1.33,34.75,65.25,26.65,39.14,32.1,-10.1,14.1,0.92,0.51,35.20000076293945,25.30945522188918,31.056709473020693,34.16642423229225,36.55813791194976,48.30444551510658,48.45169429046752,16.111529849783402,30.918377753498497,33.85959678100099,32.61156685265647,29.350410167390827,8,True,3.0,-16.618154740801614,-3.807965775244293,n/d,n/d,,,,False,False,,,Em Alta,35.38999938964844,-0.5368709522062254,-10.967450727991201,False,False,False,sem sinal (Em Alta)
DIRR3,BOVA11+SMALL11,BOVA11,Consumo discricionário,66.41,65.78,70.0,,,0.9,,71.96,53.69,54.48,90.78,False,22,Não,,,False,5,8,False,,True,,False,False,True,False,True,True,7,10,True,True,False,True,False,True,True,False,True,True,True,0.31,True,5652441088.0,6.61,2.43,14.26,12.12,36.78,26.14,9.99,17.73,4.86,0.6,0.83,4.18,1.16,0.9,80.11,8.6,4.73,5.44,1.01,82.45,14.5,10.3,16.95,6.5,-35.3,-14.0,1.49,0.64,10.970000267028809,9.49707338381334,17.617071126973745,21.98978873496697,12.983567216912961,32.25283420933102,25.36723516205288,12.063123291435494,9.632374997322403,17.6753835153511,15.300319171943354,13.770287254749018,8,True,3.4,25.526772284014342,61.12473186054375,n/d,2025-12-17,última,,,False,False,,,Em Baixa,11.75,-6.638295599754818,-36.43481525593772,True,False,False,sem sinal (Em Baixa; sem novo topo (-6.6%))
LREN3,BOVA11+SMALL11,BOVA11,Consumo discricionário,66.35,65.71,70.0,,,0.9,,68.23,75.17,56.59,48.94,False,23,Não,,,False,6,8,False,,True,,False,False,True,True,True,True,7,10,True,True,True,False,False,True,True,True,True,True,True,0.13,True,10281806848.0,7.21,1.04,8.51,4.37,14.41,11.89,23.53,9.35,1.93,0.59,0.35,1.69,0.32,0.73,31.48,3.2,6.27,6.22,1.29,46.72,53.28,10.5,16.05,1.2,-33.8,-23.0,1.46,0.66,10.630000114440918,3.315435210883541,6.1501323161889685,19.53502101474926,18.413664511653693,20.994436095919053,15.934372263269948,13.088521574332377,29.736468109901793,,,,6,False,9.0,,,2026-11-05,2026-06-24,última,,,False,False,,,Em Baixa,13.479999542236328,-21.14242970755025,-35.62181802569307,True,False,False,sem sinal (Em Baixa; sem novo topo (-21.1%))
INTB3,SMALL11,SMALL11,Tecnologia de informação,65.35,66.3,60.0,,,0.5,,72.26,53.8,78.24,46.81,False,24,Não,Fundo duplo,"Fundo duplo (pré-confirmação) — pescoço R$13.81, preço 6.7% acima do pescoço; falta fechar acima e segurar",False,5,8,False,,True,,False,False,True,True,True,True,6,10,True,True,True,False,False,True,True,False,True,True,True,-0.17,True,4803459072.0,8.06,1.46,8.19,4.3,18.07,19.14,17.52,13.1,6.38,-1.0,-0.8,2.64,0.26,0.68,34.65,14.3,7.39,5.97,1.67,43.4,56.17,9.95,15.13,48.0,-2.6,7.3,1.05,0.48,14.729999542236328,4.523502084068278,8.391096365946655,24.214949619681303,20.368077725827852,29.43735272861319,16.701611762646515,18.446819217099463,14.610249832240054,18.88145103600786,18.446819217099463,16.602137295389518,7,True,6.5,12.709693220187024,28.183649849192417,n/d,n/d,,,,False,False,,,Em Alta,14.720000267028809,0.06792985751444824,-5.93300737812632,False,False,False,sem sinal (Em Alta)
CEAB3,BOVA11+SMALL11,BOVA11,Consumo discricionário,64.6,64.24,66.66666666666667,,,0.9,,59.86,89.37,43.62,62.41,False,25,Não,,,False,5,8,False,,False,,False,,True,True,False,True,6,9,True,True,True,False,False,True,True,False,False,False,True,0.51,True,2478108416.0,4.53,0.67,6.31,6.49,14.79,7.33,14.93,7.02,2.03,1.94,1.82,1.67,0.72,0.43,29.39,-9.5,4.48,5.91,0.81,60.22,39.78,7.28,17.96,11.8,-54.7,-22.6,1.73,0.57,8.140000343322754,3.771663344142528,6.996435503384389,23.809051776827037,22.163032326320067,30.42304109722089,9.586527745031702,16.596518434902638,,,,,6,False,8.1,,,n/d,n/d,,,,False,False,,,Em Baixa,9.4399995803833,-13.77117897083383,-54.9630880893548,False,False,False,sem sinal (Em Baixa; sem novo topo (-13.8%))
ALPA4,SMALL11,SMALL11,Consumo discricionário,63.95,62.88,70.0,,,0.9,,75.64,38.37,58.3,75.89,False,26,Não,Bandeira de alta,"Bandeira de alta (pré-confirmação) — pescoço R$12.97, preço 10.4% acima do pescoço; falta fechar acima e segurar",False,6,8,False,,False,,False,False,True,True,True,True,7,10,True,True,True,False,True,True,True,False,True,False,True,0.19,True,9780516864.0,14.03,2.72,12.46,8.78,19.37,-7.05,17.96,14.52,8.93,0.82,0.64,1.91,0.39,0.15,123.2,92.8,11.55,7.61,0.98,45.48,54.52,8.0,16.06,79.1,-10.8,16.6,1.07,0.45,14.319999694824219,8.981535420135518,16.660748204351385,13.523877117350027,10.995651842598887,30.62009913362271,10.329989999999999,12.350106650561159,6.210695553020633,11.293229255431086,10.995651842598887,9.896086658338998,7,True,4.9,-30.893248119859862,-21.136665530007804,n/d,n/d,,,,False,False,,,Em Alta,13.600000381469727,5.294112449698951,-11.713931559577428,False,False,False,sem sinal (Em Alta)
MULT3,BOVA11+SMALL11,BOVA11,Imobiliário,63.23,62.03,70.0,,,0.8,,86.46,41.33,43.74,40.43,False,27,Não,,,False,7,8,False,,True,,False,False,True,True,True,True,7,10,True,True,True,True,True,True,True,False,True,True,True,0.74,True,13444854784.0,10.14,2.08,4.1,3.71,20.52,17.07,18.7,43.42,7.54,2.13,1.59,1.64,0.75,0.79,37.61,62.0,10.34,10.89,0.29,52.11,47.88,25.46,35.12,7.7,-21.9,-6.8,1.27,0.8,27.420000076293945,7.265285056609213,13.477103780010088,35.829881756498494,28.320966203071844,44.648248888000346,26.4642676681783,28.983357485581752,24.278564066167753,28.8574842639298,28.320966203071844,25.48886958276466,7,True,6.1,-7.042780773727464,5.242466023472536,2026-10-29,2026-07-01,última,,,False,False,,,Em Baixa,28.030000686645508,-2.176241867315365,-22.274863919688315,True,False,False,sem sinal (Em Baixa; sem novo topo (-2.2%))
CYRE3,BOVA11+SMALL11+Wishlist,BOVA11,Consumo discricionário,62.37,59.26,80.0,,,0.9,,60.89,63.48,45.54,68.79,False,28,Fundo duplo,,,False,4,8,False,,True,,False,False,True,True,True,True,8,10,True,True,False,True,False,False,True,False,True,True,False,0.53,True,8432478208.0,5.12,0.93,10.04,7.26,18.26,15.44,7.03,20.62,8.35,3.1,6.18,3.37,0.73,0.45,37.19,16.4,4.33,3.68,1.17,56.08,39.17,19.83,35.31,20.0,-32.6,4.7,1.71,0.66,23.799999237060547,12.348026588114138,22.905589320951727,61.59179490059613,51.73586889978424,87.07810606106759,33.74455760947531,45.92960717770457,5.609791711095563,,,,6,False,15.5,,,2026-11-12,2025-12-10,última,"A Cyrela (CYRE3) apresenta um panorama de valuation atrativo no setor de consumo discricionário, onde a relação entre qualidade e preço se destaca pelo retorno sobre o patrimônio líquido (ROE) de 18,3%, posicionado confortavelmente acima da média setorial de 12,5%, enquanto o papel é negociado a múltiplos descontados, com um preço sobre lucro (P/L) de apenas 5,12 vezes e preço sobre valor patrimonial (P/VP) de 0,93. Essa aparente barganha, contudo, exige cautela ao analisarmos o retorno sobre o capital investido (ROIC) de 7,0%, que se situa abaixo dos pares de 13,1%, sugerindo que a eficiência na alocação de capital geral da companhia ainda enfrenta desafios para acompanhar a rentabilidade do acionista. No âmbito financeiro, a sólida margem líquida de 20,62% garante fôlego para a distribuição de proventos, resultando em um expressivo dividend yield de 10,04%, o qual se mostra coerente com a geração de lucro atual, embora o endividamento mereça atenção, dado que a relação dívida líquida sobre EBITDA de 3,1 vezes está acima da média setorial de 2,68 vezes. O crescimento histórico da receita nos últimos cinco anos, com um CAGR de 16,4%, também correu abaixo da média dos pares de 33,9%, refletindo um ritmo de expansão mais conservador que se traduz no atendimento de apenas 4 dos 8 critérios do checklist fundamentalista, penalizado justamente pelas métricas de endividamento, crescimento e pela ausência do ROIC acima do setor. Quanto ao valuation por preço-teto, observa-se uma enorme dispersão entre as metodologias de cálculo, variando desde os conservadores R$ 12,35 pelo método de Bazin e R$ 22,91 pelo modelo de Gordon — ambos abaixo da cotação atual de R$ 23,80 —, até estimativas altamente otimistas de R$ 51,74 por Graham, R$ 61,59 por fluxo de caixa descontado e R$ 87,08 pelo modelo de Lynch, evidenciando que o potencial de valorização (upside) depende fortemente das premissas de crescimento adotadas pelo investidor. Em um balanço final, os principais prós da tese residem no ROE superior à média, na robusta margem líquida, no valuation descontado por múltiplos de preço e no forte retorno em dividendos, ao passo que os contras concentram-se no endividamento acima do setor, no ROIC e crescimento de receita inferiores aos pares e no sinal de alerta emitido pelas transações de insiders.",Fundo duplo,True,False,,,Em Alta,24.729999542236328,-3.76061594173277,-33.91669772095172,False,True,False,Fundo duplo — rompeu pescoço ~R$23.40 (candidato)
VIVA3,BOVA11+SMALL11,BOVA11,Consumo discricionário,62.33,62.74,60.0,,,0.9,,76.54,53.58,66.01,17.02,False,29,Não,Fundo duplo,"Fundo duplo (pré-confirmação) — pescoço R$23.54, preço 4.0% abaixo do pescoço; falta fechar acima e segurar",False,6,8,False,,True,,False,False,True,True,True,True,6,10,True,True,True,True,False,True,True,False,True,True,True,0.28,True,5165917184.0,8.86,1.63,3.18,1.97,18.4,21.98,17.32,18.56,5.85,1.1,0.89,4.19,0.4,0.59,17.48,0.4,6.88,10.38,1.73,37.54,62.46,20.42,35.35,10.7,-36.1,-2.0,1.13,0.51,22.600000381469727,3.1846928335313827,5.9076052062007145,33.79796896777358,28.20908778885038,43.294097673982535,10.853405399094557,30.86456034038191,15.412546776011336,,,,6,False,13.6,,,n/d,2025-12-22,última,,,False,False,,,Lateral,22.700000762939453,-0.440530300038533,-37.0324383709557,True,False,False,sem sinal (Lateral)
BBSE3,BOVA11,BOVA11,Insurance,62.14,59.87,75.0,,1.3,0.3,,67.92,31.54,61.0,92.2,False,30,Não,,,False,5,6,False,,True,,True,False,True,,False,True,6,8,True,True,False,,True,,True,True,True,True,True,,True,77688766464.0,8.45,7.13,11.63,12.82,84.38,83.67,0.0,87.93,,,,,,,108.31,-0.1,9.09,28.81,,55.04,44.96,28.18,40.52,40.0,-2.6,10.1,0.55,0.51,39.45000076293945,36.119665715124505,52.59023328122127,48.553847092848564,24.108220534195013,,59.50416498381771,12.471935997750936,,49.19197776825301,50.572040187034915,45.51483616833143,4,True,1.6,15.37347348061262,24.69449129761607,2026-11-03,2026-08-07,última,,,False,False,,,Lateral,39.40999984741211,0.10149940543573432,-3.2274316734819064,True,False,False,sem sinal (Lateral)
SEER3,SMALL11,SMALL11,Consumo discricionário,61.71,62.01,60.0,,,0.9,,70.01,81.51,40.03,21.28,False,31,Não,,,False,5,8,False,,False,,False,False,True,True,True,False,6,10,True,True,True,False,False,True,True,False,True,False,True,0.74,True,1558252544.0,5.77,1.03,3.92,2.42,17.83,-1.1,17.04,11.85,2.64,1.79,1.47,1.64,0.92,0.38,13.98,29.3,4.87,9.65,0.47,59.3,40.7,8.27,13.75,44.2,-13.3,0.0,1.41,0.47,11.920000076293945,2.063410193362865,3.827625908688114,27.372617159600484,23.193217371744293,35.994409679634195,9.158754146,24.99688057593705,35.819012129661445,,,,5,False,17.4,,,n/d,n/d,,,,False,False,,,Lateral,12.15999984741211,-1.9736823530408287,-15.640481388873761,False,False,False,sem sinal (Lateral)
ABCB4,SMALL11,SMALL11,Produtos financeiros,61.41,65.63,37.5,16.87,,0.4,,51.37,70.07,83.86,82.27,False,32,Não,,,False,2,6,False,,True,,False,False,True,,False,True,3,8,True,False,False,,False,,True,False,True,True,True,,True,5952865280.0,5.9,0.83,11.28,10.05,14.05,14.98,0.0,40.92,,,,,,1.03,59.29,-2.9,4.92,1.54,,89.78,10.19,19.15,26.85,20.4,-14.2,-2.5,0.91,0.69,23.049999237060547,16.544615481016905,29.574311423743833,49.88257127571487,49.40798271639872,61.6054033852698,45.75579822025198,24.483364261113678,,35.4393241001819,37.665054821997906,33.898549339798116,4,True,3.0,47.06529484519424,53.749784265508296,n/d,n/d,,,,False,False,,,Em Baixa,23.600000381469727,-2.3305132860973576,-15.655474320920526,False,False,False,sem sinal (Em Baixa; sem novo topo (-2.3%))
TEND3,SMALL11,SMALL11,Consumo discricionário,61.25,63.23,50.0,,,0.9,,76.97,57.89,53.22,34.75,False,33,Pivô de alta,,,False,5,8,False,,False,,False,False,True,True,False,False,5,10,True,True,True,False,False,True,True,False,True,False,True,0.24,True,4016568064.0,6.94,2.61,4.46,3.32,37.61,-8.65,14.39,12.08,4.75,0.47,0.46,1.96,0.79,0.46,23.05,-11.5,4.76,7.18,0.76,81.81,18.11,20.2,36.71,65.3,-9.0,5.1,1.63,0.56,33.38999938964844,7.919773899614443,14.69118058378479,63.74891814306077,37.2141137927402,88.14507571171885,22.514801130999526,58.21599317215362,30.190588039540714,,,,6,False,11.1,,,n/d,n/d,,,Pivô de alta,False,False,,,Lateral,33.66999816894531,-0.8315972513331604,-10.319115973912806,False,True,False,Pivô de alta
SAPR11,SMALL11,SMALL11,Serviços públicos,60.96,59.37,70.0,,,0.1,,57.7,57.98,64.41,60.28,True,34,Não,,,False,4,8,False,,True,,False,False,False,True,True,True,7,10,False,False,True,False,False,True,True,True,False,True,True,0.21,True,10034401280.0,22.04,0.83,1.66,6.34,3.76,14.91,11.83,6.04,3.93,0.89,1.05,1.86,0.6,1.92,139.82,11.5,6.25,5.91,0.51,53.34,46.66,31.45,47.9,6.1,-30.4,-11.8,0.98,0.55,33.36000061035156,15.116884744930582,28.04182120184623,20.05535426892732,36.99750756788258,27.00891077350595,15.033916666666668,14.98475526508532,79.30503918682102,22.46273578412066,20.05535426892732,18.04981884203459,7,True,5.3,-45.89382940108894,-32.6656613514854,n/d,n/d,,,,False,False,,,Em Baixa,34.83000183105469,-4.220502852206176,-31.52709405890669,False,False,False,sem sinal (Em Baixa; sem novo topo (-4.2%))
TOTS3,BOVA11+SMALL11,BOVA11,Tecnologia de informação,60.9,57.53,80.0,,,0.5,,86.25,29.31,49.84,14.18,False,35,Não,Bandeira de alta,"Bandeira de alta (pré-confirmação) — pescoço R$32.23, preço 7.6% acima do pescoço; falta fechar acima e segurar",False,6,8,False,,True,,False,False,True,True,True,True,8,10,True,True,True,True,True,False,True,False,True,True,True,0.55,True,19620771840.0,13.98,3.65,2.04,1.39,26.12,14.98,23.37,21.63,7.98,2.09,1.25,1.84,0.92,0.93,19.42,269.5,16.25,7.39,1.0,42.41,54.01,27.05,47.43,28.2,-26.9,11.6,0.97,0.43,34.689998626708984,3.4419309891906305,6.384781984948619,32.87857523633004,23.03538757661248,40.66788363728924,10.59424454785779,30.024963046007063,24.920794046783534,,,,6,False,11.8,,,2026-11-04,2026-06-16,última,,,False,False,,,Em Alta,32.75,5.923659928882397,-27.24988193449418,True,False,False,sem sinal (Em Alta)
ITSA4,BOVA11+Wishlist,BOVA11,Financial Services,60.33,59.21,66.66666666666667,,,0.4,,60.83,47.64,,80.85,False,36,Não,,,False,5,6,False,,True,,False,False,True,,True,True,6,9,True,True,True,,True,,True,False,True,True,True,,True,145135190016.0,8.0,1.55,8.7,9.4,19.36,17.48,0.38,214.29,,,,,,1.67,75.19,28.4,6.82,0.38,0.64,16.02,79.82,9.72,14.81,32.1,-13.3,-3.4,1.23,0.88,12.84000015258789,8.620481355714078,13.751691531342932,18.288227320282704,17.295990790720378,22.793690075234895,17.327744346922174,9.132575749815619,,14.497036138565473,15.539717939132553,13.985746145219297,4,True,2.1,8.923255288283482,12.905264534935457,n/d,2026-09-01,próxima,"A Itaúsa (ITSA4) apresenta-se como uma holding financeira robusta, cujo retorno sobre o patrimônio líquido (ROE) de 19,4% e o retorno sobre o capital investido (ROIC) de 0,4% posicionam-se ligeiramente acima de seus pares do setor de serviços financeiros, sugerindo uma eficiência operacional superior à média. Essa qualidade na rentabilidade convive com múltiplos de preço atraentes, uma vez que o preço sobre o lucro (P/L) de 8,0 e o preço sobre o valor patrimonial (P/VP) de 1,55 indicam que o papel é negociado a patamares historicamente razoáveis, configurando uma relação favorável entre a entrega de valor e o preço cobrado pelo mercado. O excelente rendimento de dividendos (DY) de 8,7% mostra-se altamente sustentável e coerente com a expressiva margem líquida de 214,29%, demonstrando que a holding consegue converter suas receitas em lucros robustos para remunerar o acionista sem comprometer sua estrutura de capital. No quesito expansão, o crescimento anual composto (CAGR) da receita nos últimos cinco anos atingiu 28,4%, superando a média de seus pares setoriais e reforçando a capacidade de geração de valor a longo prazo. Essa solidez é ratificada pelo checklist de critérios fundamentalistas, no qual a empresa atendeu a 5 de 6 requisitos possíveis, falhando apenas no quesito de movimentação de insiders, o que chancela a segurança institucional do ativo apesar de sua tendência gráfica de baixa no curto prazo. Sob a ótica do valuation, a análise dos preços-teto revela uma dispersão relevante entre os métodos, variando desde a postura mais conservadora de Bazin a R$ 8,62 até o otimismo de Lynch a R$ 22,79, passando por Gordon a R$ 13,75, Graham a R$ 17,30 e o fluxo de caixa descontado (DCF) a R$ 18,29. Diante dessa variabilidade, a média dos modelos aponta para R$ 14,50 e a mediana para R$ 15,54, resultando em um preço-teto ajustado com margem de segurança de R$ 13,99, o que confere um potencial de valorização (upside) de 8,9% frente à cotação atual de R$ 12,84. Em suma, o papel destaca-se positivamente pelo seu histórico de crescimento acima do setor, forte retorno sobre o patrimônio e um fluxo de proventos robusto e sustentável, enquanto os pontos de atenção concentram-se na pressão vendedora sinalizada pela tendência de baixa recente e na dispersão dos modelos de avaliação que exigem cautela na margem de segurança adotada.",,True,False,,,Em Baixa,13.510000228881836,-4.95928989595138,-14.686080610856534,True,False,False,sem sinal (Em Baixa; sem novo topo (-5.0%))
ITUB4,BOVA11,BOVA11,Produtos financeiros,60.19,57.58,75.0,15.95,,0.4,,58.69,40.88,70.71,68.09,False,37,Não,,,False,4,6,False,,True,,False,False,True,,True,True,6,8,True,True,False,,True,,True,False,True,True,True,,True,431947153408.0,9.27,2.08,7.94,7.16,22.45,19.06,0.0,32.58,,,,,,1.23,66.35,8.1,7.69,1.58,,92.99,6.67,33.18,48.4,17.8,-19.2,-5.4,1.18,0.85,39.099998474121094,19.988381706895634,37.0784480662914,55.88726858490879,42.23733079208057,62.05594559841553,45.20943453546542,31.299484780235257,,39.54088322339031,41.14394130087841,37.02954717079057,4,True,2.8,-5.295272082173819,1.127582522953352,n/d,2026-09-01,próxima,,,False,False,,,Em Baixa,41.83000183105469,-6.526424187021751,-19.710892510720747,True,False,False,sem sinal (Em Baixa; sem novo topo (-6.5%))
CMIN3,BOVA11+Wishlist,BOVA11,Materiais,60.09,65.4,30.0,,,1.0,,82.86,46.11,34.0,97.87,False,38,Não,Bandeira de alta,"Bandeira de alta (pré-confirmação) — pescoço R$6.04, preço 0.6% abaixo do pescoço; falta fechar acima e segurar",False,7,8,False,,True,,False,False,True,False,True,False,3,10,True,True,True,False,True,True,True,True,True,True,True,0.16,True,32292913152.0,13.97,4.44,18.16,16.61,31.79,32.01,20.33,13.41,5.43,0.2,0.14,1.17,1.24,0.15,232.0,90.7,14.93,8.29,0.53,80.09,19.91,4.08,6.24,47.3,-3.6,21.3,1.08,0.48,6.010000228881836,7.1291429690557315,13.22456020759838,5.700250753950201,3.6197290189035445,12.9062281221514,6.133333333333334,5.205512009267733,5.504458217875779,7.427901829017013,5.916792043641768,5.325112839277591,8,True,3.7,-11.39579639802557,23.592371815915513,n/d,2026-04-17,última,"A CSN Mineração (CMIN3) apresenta uma notável eficiência operacional no setor de materiais, evidenciada por um ROE de 31,8% e um ROIC de 20,3%, ambos significativamente acima dos pares do setor (5,6% e 9,2%, respectivamente), o que reflete uma alta qualidade no emprego do capital. Essa forte rentabilidade convive com múltiplos de preço que sugerem certa pressão de valuation, dado que o P/L de 13,97 e o P/VP de 4,44 posicionam o papel em patamares mais esticados, embora o PEG de 0,15 indique que o preço atual está atrativo quando ponderado pelo forte crescimento de lucros. No âmbito financeiro, a excelente rentabilidade é acompanhada por um endividamento sob controle, com a relação Dívida Líquida/EBITDA em 0,2, patamar muito abaixo da média setorial de 1,76, garantindo solidez mesmo com uma relação Dívida/Patrimônio de 1,24 e liquidez corrente de 1,17. O expressivo dividend yield de 18,16% mostra-se coerente com a forte geração de caixa e o lucro da companhia, sendo sustentado por uma estrutura de capital desalavancada que viabiliza proventos robustos sem comprometer a saúde financeira. Em termos de expansão, o crescimento da empresa é formidável, registrando um CAGR de receita de cinco anos de 90,7%, patamar amplamente superior à média setorial de 17,4%. Esse desempenho operacional robusto é chancelado pelo checklist de critérios fundamentalistas, no qual a CMIN3 atende a 7 dos 8 requisitos avaliados, falhando apenas em entregar uma margem líquida superior a 15%, já que atualmente registra 13,41%. Sob a ótica de valuation, as estimativas de preço-teto revelam uma dispersão acentuada entre os métodos, variando desde os conservadores R$ 3,62 por Graham e R$ 5,70 por fluxo de caixa descontado, até os otimistas R$ 13,22 por Gordon e R$ 12,91 por Lynch. Essa divergência resulta em uma média de R$ 7,43 e uma mediana de R$ 5,92, sendo que o preço atual de R$ 6,01 situa-se ligeiramente acima do preço-teto ajustado com margem de segurança de R$ 5,33, implicando um upside negativo de 11,4% frente a essa métrica mais rigorosa. Em balanço, os prós da companhia concentram-se em sua rentabilidade excepcional, endividamento muito abaixo dos pares, crescimento acelerado e proventos altamente atrativos, enquanto os contras residem no valuation esticado pelo P/VP, na margem líquida abaixo do ideal de 15% e na ausência de margem de segurança em relação ao preço-teto ajustado.",,True,False,,,Em Alta,5.989999771118164,0.333897471250455,-5.693894120451281,True,False,False,sem sinal (Em Alta)
BBDC3,BOVA11,BOVA11,Produtos financeiros,59.96,59.51,62.5,15.65,,0.4,,49.0,66.62,66.43,75.18,False,39,Não,,,False,3,6,False,,True,,False,False,True,,True,True,5,8,True,False,False,,True,,True,False,True,True,True,,True,159261212672.0,6.43,0.91,9.4,8.7,14.13,11.35,0.0,26.07,,,,,,1.03,55.96,17.8,,1.07,,92.32,7.66,12.83,17.96,16.6,-16.7,-4.2,1.16,0.84,14.960000038146973,9.299118781731359,17.24986534011167,30.827371773786528,29.335714548710495,34.72617272570776,25.495550391986693,15.316577705274842,,20.717976571904064,21.372707866049183,19.235437079444264,4,True,3.3,28.57912453472742,38.48914785477704,2026-11-04,2026-09-02,próxima,,,False,False,,,Em Baixa,15.449999809265137,-3.17151959331623,-17.75793314155376,True,False,False,sem sinal (Em Baixa; sem novo topo (-3.2%))
TFCO4,SMALL11,SMALL11,Consumo discricionário,59.63,59.57,60.0,,,0.9,,80.85,30.85,69.23,16.31,False,40,Não,,,False,5,8,False,,True,,False,False,True,True,True,True,6,10,True,True,True,False,False,True,True,False,True,True,True,0.2,True,1957672320.0,13.45,3.23,2.47,1.72,23.99,26.81,27.1,13.1,8.3,0.48,0.25,3.17,0.28,0.9,23.19,9.3,8.49,16.01,1.67,41.96,57.74,12.65,18.1,0.8,-29.6,-13.6,1.25,0.67,12.75,1.5702537562746297,2.912820717889438,12.560408921933083,9.175696506445684,15.853795731438277,6.104046666666666,11.470260223048328,6.29518650005524,,,,6,False,10.1,,,n/d,n/d,,,,False,False,,,Em Baixa,14.859999656677246,-14.199190480661494,-29.85972843358833,False,False,False,sem sinal (Em Baixa; sem novo topo (-14.2%))
ISAE4,BOVA11,BOVA11,Serviços públicos,59.29,59.16,60.0,,,0.1,,61.05,47.67,60.54,76.6,True,41,Não,,,False,5,8,False,,True,,False,False,True,True,True,True,6,10,False,True,False,True,True,False,True,True,True,True,True,0.67,True,18840961024.0,6.67,0.85,6.49,8.95,12.71,14.91,9.63,26.39,7.46,3.41,4.96,5.28,0.79,1.3,59.71,220.0,8.99,6.2,0.28,54.58,44.81,21.12,31.63,26.2,-15.7,-5.0,0.98,0.68,26.649999618530273,17.040819159219645,28.244662991269532,47.303063405983394,53.09041087001181,56.22823556058753,42.93945176440158,23.53452109425378,30.99183173163939,37.421624572170835,36.96564174802049,33.26907757321844,8,True,3.3,24.837065851534913,40.41885593931054,n/d,2026-04-20,última,,,False,False,,,Lateral,26.75,-0.3738332017559909,-16.83155767755663,True,False,False,sem sinal (Lateral)
ABEV3,BOVA11,BOVA11,Bens de primeira necessidade,59.24,59.11,60.0,,,0.0,,79.4,19.1,66.09,53.9,True,42,Não,,,False,7,8,False,,True,,False,False,True,True,True,True,6,10,True,True,True,True,True,True,True,False,True,True,True,-0.17,True,234229760000.0,14.48,2.66,5.19,5.43,18.4,17.07,20.62,18.41,8.18,-0.57,-0.39,1.02,0.03,3.69,78.65,24.6,13.68,10.3,0.81,38.81,60.59,11.06,16.9,36.6,-10.5,-4.1,0.68,0.46,15.119999885559082,5.865830790850479,8.474845212604007,10.775996316734972,11.556277119763706,9.774262767174816,14.916423238894131,5.368455510712384,10.836928710908301,9.69612745845535,10.275129541954893,9.247616587759405,8,True,2.8,-38.83851416829914,-35.872172408440306,2026-10-29,2026-09-22,próxima,,,False,False,,,Em Baixa,15.65999984741211,-3.448275652073296,-11.020536850974572,True,False,False,sem sinal (Em Baixa; sem novo topo (-3.4%))
EZTC3,SMALL11,SMALL11,Consumo discricionário,58.7,56.7,70.0,,,0.9,,50.72,59.53,67.67,54.61,False,43,Não,,,False,3,8,False,,True,,False,False,True,True,False,True,7,10,False,False,False,True,False,True,True,False,True,False,True,0.0,True,3256195072.0,6.13,0.62,8.52,5.69,10.15,7.87,5.14,36.95,10.39,0.07,0.17,3.06,0.34,0.93,34.88,-22.5,5.1,2.75,2.48,28.86,69.9,10.21,16.23,15.3,-27.5,-7.2,1.36,0.61,11.770000457763672,4.784269063922396,8.874819113576045,25.440865589782806,28.63793221437547,23.616769246008822,14.249773798474806,13.106025036725962,4.870861694358507,18.987697499823984,18.933271522241814,17.039944370017633,6,True,6.0,44.77437304412189,61.32282719920718,n/d,n/d,,,,False,False,,,Lateral,11.760000228881836,0.08503595822453303,-28.42166002413473,False,False,False,sem sinal (Lateral)
BLAU3,SMALL11,SMALL11,Cuidados de saúde,58.7,63.76,30.0,,,0.2,,63.08,57.32,84.65,41.13,True,44,Não,,,False,5,8,False,,True,,False,False,True,True,False,False,3,10,False,True,True,False,False,True,True,True,True,True,True,-0.01,True,2101963264.0,9.08,0.91,8.17,3.82,10.02,13.86,12.24,13.09,4.88,-0.09,-0.1,3.23,0.37,1.39,34.66,-14.8,6.57,5.15,1.38,37.94,62.5,8.35,13.7,8.6,-33.8,-8.6,0.77,0.25,9.069999694824219,2.4728244543208415,4.587089362765161,13.235407043658688,14.967005252931765,10.352811205988685,7.3098311740599735,6.779397753440986,10.12863973392969,9.622883075253565,10.12863973392969,9.115775760536721,7,True,6.1,0.5046975441313828,6.095737585800021,n/d,n/d,,,,False,False,,,Lateral,9.300000190734863,-2.4731235612208136,-36.498225913259155,False,False,False,sem sinal (Lateral)
TAEE11,BOVA11+SMALL11,BOVA11,Serviços públicos,58.54,58.28,60.0,,,0.1,,73.32,26.44,48.71,89.36,True,45,Não,,,False,6,8,False,,True,,True,False,True,False,True,True,6,10,True,True,True,True,False,False,True,True,True,True,True,0.45,True,39975780352.0,8.2,1.65,7.77,11.16,20.14,22.05,11.11,36.48,9.41,4.36,5.49,3.48,1.36,4.79,91.51,13.5,8.93,6.9,0.24,66.19,33.81,31.81,43.57,21.7,-11.2,-2.1,0.89,0.69,38.70000076293945,30.84756141455194,35.742454460277614,39.060034315067945,49.9060657389037,60.7397615878864,16.612731181023346,17.68241862755243,28.82212409504474,34.926643927538514,33.29500793741478,29.965507143673303,8,True,3.7,-22.56975050923158,-9.750275868248682,n/d,2026-08-17,última,,,False,False,,,Em Baixa,38.939998626708984,-0.61632735550462,-11.667998142339286,True,False,False,sem sinal (Em Baixa; sem novo topo (-0.6%))
VBBR3,BOVA11,BOVA11,Consumo discricionário,58.35,56.29,70.0,,,0.9,,61.44,54.25,46.65,57.45,False,46,Não,Bandeira de alta,"Bandeira de alta (pré-confirmação) — pescoço R$34.16, preço 2.4% abaixo do pescoço; falta fechar acima e segurar",False,6,8,False,,True,,False,False,True,True,True,True,7,10,True,True,True,False,True,True,True,False,False,True,True,0.74,True,39929589760.0,7.91,1.7,4.52,6.06,21.49,20.83,16.06,2.48,5.86,1.52,1.33,2.01,0.93,0.71,47.96,677.0,10.15,9.71,0.57,65.98,33.8,19.6,36.13,70.2,-7.7,3.6,1.05,0.64,33.349998474121094,14.442231054400093,26.790338605912172,55.86440958054417,43.13942726989067,72.71632260933538,38.505285772228135,40.90342117771947,21.66331906695809,42.797503440369724,40.90342117771947,36.813079059947526,7,True,5.0,10.38405020771953,28.32835201950519,n/d,n/d,,,,False,False,,,Lateral,35.40999984741211,-5.817569562744773,-8.954415774913082,False,False,False,sem sinal (Lateral)
KEPL3,SMALL11,SMALL11,Bens Industriais,58.07,63.02,30.0,,,0.7,,64.58,44.07,65.44,98.58,False,47,Não,,,False,6,8,False,,True,,False,False,True,True,False,False,3,10,True,True,True,False,False,True,True,True,True,True,True,-0.02,True,1134837632.0,8.42,1.48,4.4,16.65,17.52,36.22,12.97,9.71,6.72,-0.07,-0.08,2.04,0.43,,140.17,-56.2,11.86,6.76,1.34,48.81,51.19,5.69,10.45,15.5,-37.1,-3.9,1.04,0.5,6.570000171661377,7.812280615512812,11.374680576186655,8.114964582574622,8.828150667173986,,8.87647993724503,2.084475792501998,5.379803695646386,8.397726679056582,8.471557624874304,7.624401862386874,6,True,5.5,16.04873155519062,27.81927640243915,n/d,n/d,,,,False,False,,,Lateral,6.519999980926514,0.7668740932688989,-37.42856979370117,False,False,False,sem sinal (Lateral)
BBDC4,BOVA11+Wishlist,BOVA11,Produtos financeiros,58.0,57.2,62.5,15.65,,0.4,,49.0,58.5,66.43,72.34,False,48,Não,,,False,3,6,False,,True,,False,False,True,,True,True,5,8,True,False,False,,True,,True,False,True,True,True,,True,186029801472.0,7.31,1.03,9.11,8.33,14.13,11.35,0.0,26.07,,,,,,1.32,60.91,17.8,5.68,1.07,,92.32,7.66,14.99,20.89,13.0,-19.0,-5.6,1.22,0.82,16.93000030517578,10.075939414986863,17.56133916892925,28.832588682053558,29.266509177344545,32.09021934721415,27.884285515328806,14.228316451580852,,21.088538195324617,22.72281234212903,20.450531107916127,4,True,2.9,20.79462929285394,24.563129445883725,n/d,2026-09-02,próxima,"A análise fundamentalista do Bradesco (BBDC4) revela uma instituição financeira de grande porte que transita por um momento de valuation atrativo, embora enfrente desafios operacionais em relação aos seus pares de setor. O retorno sobre o patrimônio líquido (ROE) de 14,1% e o retorno sobre o capital investido (ROIC) de 0,0% situam-se abaixo da média do setor, que registra 15,9% e 0,2% respectivamente, sugerindo uma eficiência na alocação de capital ligeiramente inferior à de seus concorrentes diretos no momento. Essa rentabilidade mais tímida convive com múltiplos de preço descontados, visto que o preço sobre lucro (P/L) de 7,31 e o preço sobre valor patrimonial (P/VP) de 1,03 indicam que o mercado precifica o papel com cautela, estabelecendo uma relação de qualidade versus preço bastante convidativa para o investidor focado em valor. No que tange ao crescimento, o banco apresenta uma sólida expansão de longo prazo, com um crescimento anual composto (CAGR) de receita nos últimos cinco anos de 17,8%, patamar significativamente acima da média setorial de 4,2%. Essa robustez operacional suporta um expressivo retorno em proventos, com um rendimento de dividendos (DY) de 9,11% que se mostra coerente com a forte margem líquida de 26,07%, garantindo a sustentabilidade dos pagamentos mesmo diante de uma tendência gráfica de baixa no curto prazo. No checklist de critérios fundamentalistas, o ativo atendeu a 3 dos 6 requisitos avaliados, penalizado principalmente pelo ROE abaixo da média setorial e por movimentações de insiders, embora cumpra os filtros de valor de mercado e crescimento de receita. Sob a ótica de valuation, as estimativas de preço-teto apresentam uma dispersão relevante entre os métodos de cálculo, variando desde os conservadores R$ 10,08 pelo modelo de Bazin e R$ 17,56 por Gordon, até marcas mais otimistas como os R$ 28,83 do fluxo de caixa descontado, R$ 29,27 de Graham e R$ 32,09 de Lynch. Essa disparidade resulta em uma média de R$ 21,09 e uma mediana de R$ 22,72, gerando um preço-teto ajustado com margem de segurança de R$ 20,45, o que projeta um potencial de valorização (upside) de 20,8% em relação à cotação atual de R$ 16,93. Como balanço final, o investimento em BBDC4 coloca em lados opostos, de um lado, o excelente histórico de crescimento de receita, a margem líquida robusta e o dividend yield altamente atrativo e, de outro, indicadores de rentabilidade de curto prazo abaixo da média dos pares e um momento técnico desfavorável refletido na tendência de baixa.",,True,False,,,Em Baixa,17.700000762939453,-4.350284884596789,-20.288062337392855,True,False,False,sem sinal (Em Baixa; sem novo topo (-4.4%))
ALUP11,SMALL11,SMALL11,Serviços públicos,57.78,55.62,70.0,,,0.1,,61.11,51.07,51.95,49.65,True,49,Não,,,False,7,8,False,,True,,False,False,True,False,True,True,7,10,True,True,True,True,True,False,True,True,True,True,True,0.81,True,15553951744.0,7.77,1.12,3.3,4.76,14.38,12.27,10.21,27.68,6.25,3.48,4.77,3.17,1.11,0.86,36.96,176.5,11.79,5.7,0.32,60.84,28.54,28.5,36.3,14.1,-10.4,-1.0,0.83,0.67,32.529998779296875,11.053960195029369,20.505096161779477,55.47264914101462,52.30651498008846,57.86673685617772,28.130549003038603,35.03833478209315,54.48085949640561,43.400105774371085,52.30651498008846,47.07586348207961,7,True,5.2,44.71523285774048,33.415639111527696,n/d,n/d,,,,False,False,,,Lateral,32.79999923706055,-0.823172146475537,-11.183901430079601,False,False,False,sem sinal (Lateral)
CPFE3,BOVA11,BOVA11,Serviços públicos,57.56,58.89,50.0,,,0.1,,76.76,40.34,29.47,83.69,True,50,Não,,,False,6,8,False,,True,,False,False,True,False,True,True,5,10,True,True,True,False,False,True,True,True,True,True,True,1.44,True,51620999168.0,8.6,2.27,8.33,10.16,26.43,27.84,15.57,13.16,5.68,2.35,2.11,0.92,1.55,2.57,87.34,21.5,10.26,8.79,0.29,71.02,27.73,35.03,52.32,25.8,-15.8,-3.5,0.96,0.65,44.060001373291016,31.962339070690508,43.4041961745397,49.69482696503131,47.301358204649,69.17232312013662,59.81319575565071,24.46050906631191,76.33330481362214,50.26775664632899,48.49809258484015,43.648283326356136,8,True,3.1,-0.9344485567457594,14.089321560487033,2026-11-12,2026-04-30,última,,,False,False,,,Em Baixa,45.849998474121094,-3.9040287031642973,-16.855115078924488,True,False,False,sem sinal (Em Baixa; sem novo topo (-3.9%))
RECV3,BOVA11+SMALL11,BOVA11,Energia,57.39,62.22,30.0,,,0.9,,54.62,71.56,54.8,87.94,False,51,Não,,,False,3,8,False,,True,,False,False,True,True,False,False,3,10,False,False,False,True,False,True,True,False,True,True,True,0.36,True,3119714816.0,6.25,0.7,16.04,10.71,11.26,17.76,10.15,16.73,3.28,1.18,1.63,2.91,0.72,1.68,66.95,-14.8,6.48,5.06,0.52,50.04,49.96,8.89,13.47,19.9,-20.9,-1.5,0.7,0.38,10.65999984741211,8.15591373521908,11.522807455719118,17.21213829200539,24.174607347633366,24.617320079789035,21.03193964112049,8.546606017172792,9.746272614957581,15.625950647952106,14.367472873862253,12.930725586476028,8,True,3.0,21.30136746310718,46.58490498708181,n/d,n/d,,,,False,False,,,Em Alta,10.59000015258789,0.6609980530275283,-22.6885282073805,False,False,False,sem sinal (Em Alta)
BPAC11,BOVA11,BOVA11,Produtos financeiros,56.57,53.32,75.0,15.65,,0.4,,59.81,41.42,66.43,27.66,False,52,Não,Fundo duplo,"Fundo duplo (pré-confirmação) — pescoço R$57.88, preço 7.2% abaixo do pescoço; falta fechar acima e segurar",False,4,6,False,,True,,False,False,True,,True,True,6,8,True,True,False,,True,,True,False,True,True,True,,True,180541030400.0,11.45,2.62,2.63,2.74,22.88,20.48,0.0,39.8,,,,,,0.76,31.34,20.0,8.8,2.41,,90.46,8.68,41.91,63.41,28.2,-15.3,-1.8,1.59,0.85,53.7400016784668,10.507319555554057,19.491077775552775,62.18821154931746,46.54098234247379,83.24912654626714,11.768333333333333,56.79074413182955,,13.922243554813386,11.768333333333333,10.5915,3,True,5.9,-80.29121758616556,-74.0933324898054,n/d,2026-08-11,última,,,False,False,,,Lateral,55.38956832885742,-2.9781179022679183,-16.75374194090331,True,False,False,sem sinal (Lateral)
SANB11,BOVA11+Wishlist,BOVA11,Produtos financeiros,55.94,56.99,50.0,14.99,,0.4,,52.15,60.67,57.0,69.5,False,53,Não,Bandeira de alta,"Bandeira de alta (pré-confirmação) — pescoço R$29.65, preço 0.6% abaixo do pescoço; falta fechar acima e segurar",False,3,6,False,,True,,True,False,True,,True,False,4,8,True,False,False,,True,,True,False,True,True,True,,True,161258127360.0,7.26,1.14,7.69,7.32,15.69,10.65,0.0,28.66,,,,,,0.99,53.13,49.8,6.66,1.11,,90.04,9.86,25.1,36.14,17.4,-18.5,6.4,1.17,0.65,29.469999313354492,15.404996163748823,28.576267883754063,53.78477836114972,48.59041952862963,59.557285635940126,36.60763962652169,29.607224632571285,,33.59342050879357,32.59195375513788,29.332758379624092,4,True,3.5,-0.4656971052870329,13.991928372969209,n/d,2026-07-22,última,"O Santander Brasil (SANB11) apresenta-se como um ativo de grande porte no setor de produtos financeiros, cuja análise de qualidade versus preço revela que sua rentabilidade, medida pelo ROE de 15,7% e ROIC de 0,0%, situa-se ligeiramente abaixo da média dos seus pares de setor, que registram 15,9% e 0,2%, respectivamente. Apesar dessa rentabilidade marginalmente inferior à concorrência, o papel é negociado a múltiplos de preço atraentes, com um P/L de 7,26 e P/VP de 1,14, sugerindo que o mercado precifica o ativo com certa moderação frente ao seu valor patrimonial e capacidade de geração de lucro. Esse cenário de preços descontados é acompanhado por um dividend yield robusto de 7,69%, patamar que se mostra sustentável e coerente com a expressiva margem líquida de 28,66% da instituição, mesmo diante da ausência de dados de endividamento líquido sobre EBITDA aplicáveis ao segmento bancário tradicional. No quesito expansão, o banco demonstra um vigor notável, com um crescimento composto anual (CAGR) de receita nos últimos cinco anos de 49,8%, superando amplamente a média setorial de apenas 4,2%. No entanto, o checklist de critérios fundamentalistas revela um desempenho mediano ao atender apenas 3 de 6 requisitos, penalizado pelo ROE e ROIC abaixo de seus pares e por registrar vendas de papéis por parte de insiders, embora cumpra os critérios de valor de mercado e crescimento de receita. Sob a ótica de valuation, a análise dos preços-teto aponta para uma elevada dispersão entre os métodos de cálculo, variando desde os conservadores R$ 15,40 pelo método de Bazin e R$ 28,58 por Gordon, até marcas mais otimistas como R$ 48,59 por Graham, R$ 53,78 por Fluxo de Caixa Descontado e R$ 59,56 por Lynch. Essa divergência resulta em uma média de R$ 33,59 e uma mediana de R$ 32,59, estabelecendo um preço-teto ajustado com margem de segurança de R$ 29,33 que, comparado à cotação atual de R$ 29,47, indica um upside negativo de 0,5%. Em suma, o investimento em SANB11 traz como pontos positivos o forte crescimento histórico de receita, múltiplos de preço convidativos e um fluxo de dividendos consistente, enquanto os pontos negativos concentram-se na rentabilidade ligeiramente abaixo da média setorial, no sinal gráfico desfavorável e no preço atual ligeiramente acima do teto ajustado por segurança.",,True,False,,,Em Alta,29.93000030517578,-1.5369227769160498,-19.169649183244452,True,False,False,sem sinal (Em Alta)
CMIG4,BOVA11,BOVA11,Serviços públicos,55.66,54.9,60.0,,,0.1,,55.23,50.51,37.44,99.29,True,54,Não,,,False,5,8,False,,True,,True,False,True,True,False,True,6,10,True,True,False,False,False,True,True,True,True,True,True,0.67,True,30065768448.0,6.55,1.03,10.05,17.43,15.75,21.33,9.3,10.51,6.47,2.49,3.75,1.17,0.78,,114.19,-20.4,9.08,5.94,0.42,57.36,42.63,9.61,13.28,8.2,-21.7,-7.1,0.96,0.72,10.399999618530273,12.950701976095509,18.856222077195063,16.51297649354425,18.992639286437406,,14.127676775544375,4.241657423479087,14.714495083640017,16.025785282076104,15.613735788592134,14.052362209732921,6,True,4.5,35.11887235740878,54.09409490286949,2026-11-12,2026-06-24,última,,,False,False,,,Em Baixa,11.109999656677246,-6.390639604747905,-22.01358017579902,True,False,False,sem sinal (Em Baixa; sem novo topo (-6.4%))
UGPA3,BOVA11,BOVA11,Consumo discricionário,55.64,53.11,70.0,,,0.9,,63.5,42.8,43.65,51.06,False,55,Não,,,False,7,8,False,,True,,False,False,True,True,True,True,7,10,True,True,True,False,True,True,True,True,False,True,True,0.63,True,35836801024.0,10.85,2.09,5.95,4.95,19.25,16.17,21.5,2.26,5.09,1.13,0.74,1.64,0.98,1.22,53.67,44.3,12.3,9.73,0.63,64.07,31.75,16.81,33.72,97.3,-1.6,16.0,1.0,0.56,33.16999816894531,11.7204251079301,21.741388575210333,40.50714062106224,33.04065851780371,42.38658025700568,23.856165432572173,25.30396472126708,26.889521207368535,28.18073055502748,26.096742964317805,23.487068667886025,8,True,3.6,-29.191830074096046,-15.041507052565727,n/d,n/d,,,,False,False,,,Em Alta,33.720001220703125,-1.6310884692973482,-3.0400495275060724,False,False,False,sem sinal (Em Alta)
IGTI11,BOVA11+SMALL11,BOVA11,Imobiliário,55.6,53.06,70.0,,,0.8,,69.97,37.45,50.07,21.99,False,56,Não,,,False,3,7,False,,True,,False,False,True,True,False,True,7,10,False,False,True,True,False,True,,False,True,False,True,0.48,True,,11.21,1.45,1.22,2.46,12.93,7.32,12.16,41.91,8.59,2.15,2.47,2.73,0.9,1.2,27.52,-35.4,10.99,5.46,0.48,51.02,48.98,21.57,30.19,12.1,-19.9,-6.0,1.32,0.79,24.18000030517578,4.240146148338128,7.865471105167228,28.58028582012302,28.44859048200662,25.509986998269092,2.971261370045236,18.46855615740771,17.910456983123673,,,,6,False,9.6,,,n/d,n/d,,,,False,False,,,Em Baixa,24.649999618530273,-1.9066909558942857,-20.53005134908745,False,False,False,sem sinal (Em Baixa; sem novo topo (-1.9%))
WEGE3,BOVA11+Carteira,BOVA11,Bens Industriais,55.4,54.59,60.0,,,0.7,,86.48,6.86,59.88,19.86,False,57,Não,Fundo duplo,"Fundo duplo (pré-confirmação) — pescoço R$46.91, preço 7.1% acima do pescoço; falta fechar acima e segurar",False,6,8,False,,True,,False,False,True,True,False,True,6,10,True,True,True,True,False,True,True,False,True,True,True,-0.17,True,209707565056.0,33.54,11.12,4.01,2.33,33.16,31.31,24.33,15.58,21.82,-0.35,-0.2,1.59,0.29,4.63,78.15,-2.1,27.05,11.21,1.12,56.49,40.84,34.11,53.79,47.3,-6.6,9.3,0.72,0.43,50.25,8.36325403394411,15.513836232966321,19.851296958855094,12.342223380333019,14.346032229979988,20.654610732702043,10.825575448848154,13.235705352157433,14.39156679622327,13.79086879106871,12.41178191196184,8,True,2.5,-75.29993649360827,-71.36006607716763,2026-10-21,2026-06-22,última,"A WEG (WEGE3) consolida-se como uma empresa de altíssima eficiência operacional no setor de bens industriais, apresentando um ROE de 33,2% e um ROIC de 24,3% que se posicionam muito acima das médias setoriais de 14,5% e 12,6%, respectivamente. Essa excepcional qualidade de gestão e rentabilidade, contudo, convive com múltiplos de preço extremamente esticados, evidenciados pelo P/L de 33,54 e pelo P/VP de 11,12, o que sugere que o mercado cobra um prêmio elevado pela resiliência do negócio. No âmbito financeiro, a excelente rentabilidade é sustentada por uma estrutura de capital exemplar, onde a relação Dívida Líquida/EBITDA de -0,35 revela uma posição de caixa líquido robusta e muito abaixo da média dos pares de 2,39. Esse endividamento sob controle e a margem líquida saudável de 15,58% garantem a sustentabilidade do dividendo distribuído, embora o dividend yield de 4,01% seja considerado moderado diante do perfil de crescimento da companhia. Por outro lado, o crescimento recente acende um sinal de alerta, visto que o CAGR de receita de 5 anos recuou 2,1%, situando-se significativamente abaixo da média setorial de 21,6%. No checklist de critérios fundamentalistas, a empresa demonstra solidez ao atender 6 dos 8 requisitos avaliados, falhando apenas no crescimento frente aos pares e na ocorrência de vendas por insiders. Sob a ótica do valuation, as estimativas de preço-teto revelam uma dispersão relevante entre os métodos, variando desde R$ 8,36 pelo modelo de Bazin até R$ 19,85 pelo fluxo de caixa descontado, com uma média de R$ 14,39 e mediana de R$ 13,79. Frente ao preço atual de R$ 50,25, o preço-teto ajustado com margem de segurança de R$ 12,41 resulta em um expressivo upside negativo de -75,3%, indicando que a cotação atual embutiu expectativas bastante otimistas. Em suma, o papel traz como prós uma rentabilidade extraordinária, saúde financeira impecável com caixa líquido e forte governança, enquanto os contras residem no valuation esticado com ágio elevado sobre os modelos teóricos e na recente perda de tração no crescimento da receita em comparação ao seu setor.",,False,True,49.82,0.86,Em Alta,50.41999816894531,-0.3371641711998663,-7.433658758599993,False,False,False,sem sinal (Em Alta)
GMAT3,SMALL11,SMALL11,Bens de primeira necessidade,55.05,53.0,66.66666666666667,,,0.0,,47.86,66.85,57.07,33.33,True,58,Não,Fundo duplo,"Fundo duplo (pré-confirmação) — pescoço R$4.03, preço 18.1% acima do pescoço; falta fechar acima e segurar",False,4,8,False,,True,,False,,True,True,False,True,6,9,True,True,False,False,False,True,True,False,False,True,True,0.48,True,11008279552.0,6.78,0.98,2.49,3.24,14.52,15.23,10.1,3.99,4.75,2.21,3.06,1.74,0.56,0.6,21.96,-40.8,5.37,5.51,1.0,52.91,42.64,3.57,7.15,33.3,-33.5,15.4,1.24,0.52,4.760000228881836,1.1012569703560793,2.0428316800105266,9.302360329304472,8.759319099989012,10.229329566404905,4.217909909956068,6.876020533736769,6.539351670742607,,,,6,False,9.3,,,n/d,n/d,,,,False,False,,,Em Alta,4.639999866485596,2.586214781232954,-34.27075641632828,False,False,False,sem sinal (Em Alta)
BMOB3,SMALL11,SMALL11,Comunicação,54.95,52.29,70.0,,,0.4,,58.02,24.67,71.01,58.16,False,59,Não,,,True,7,8,False,,True,,False,False,True,True,False,True,7,10,True,True,True,False,True,True,True,True,True,True,True,-0.3,True,2066503040.0,13.28,2.25,7.93,6.18,16.97,10.68,11.27,8.49,7.39,-1.91,-2.38,1.69,0.05,4.38,82.13,-1.0,11.06,6.02,1.43,47.82,51.18,18.09,27.93,34.7,-12.7,0.6,1.22,0.62,24.3700008392334,10.765539437048607,14.158777328970979,17.23929053768072,21.147376950480652,16.913929173567695,23.1561610184468,8.40013442170157,18.63306280322801,16.301783958890628,17.076609855624206,15.368948870061786,8,True,2.8,-36.93496782601981,-33.107167018860764,n/d,n/d,,,,False,False,,,Em Alta,24.170000076293945,0.8274752267610319,-13.497774141230934,False,False,False,sem sinal (Em Alta) · ⚡ cruzamento de médias (MM21>MM30) hoje
EVEN3,SMALL11,SMALL11,Consumo discricionário,54.76,53.83,60.0,,,0.9,,40.36,72.89,47.85,78.72,False,60,Não,,,False,1,8,False,,True,,False,False,True,True,False,True,6,10,False,False,False,False,False,False,True,False,True,False,True,0.36,True,843214144.0,4.29,0.44,21.56,9.09,10.28,7.88,4.93,12.83,7.13,2.85,7.13,4.66,0.64,0.68,39.01,-37.5,2.83,2.92,1.27,57.92,36.05,4.15,8.43,6.3,-47.7,-19.4,1.34,0.62,4.409999847412109,2.864148116970006,5.31299475697936,13.620628899349754,15.225615185138203,15.792340423757599,9.476368786172355,6.797592107229521,1.534123064462555,,,,6,False,10.3,,,n/d,n/d,,,,False,False,,,Em Baixa,4.650000095367432,-5.16129554909951,-48.30651239694207,False,False,False,sem sinal (Em Baixa; sem novo topo (-5.2%))
VIVT3,BOVA11,BOVA11,Comunicação,54.28,46.21,100.0,,,0.4,,45.36,36.45,51.88,63.12,False,61,Não,,,False,5,8,False,,True,,True,True,True,True,True,True,10,10,False,True,True,False,True,False,True,True,True,False,True,0.16,True,94621900800.0,14.48,1.46,8.5,6.53,10.05,7.53,9.1,10.68,4.19,0.56,0.86,0.95,0.3,26.8,94.62,18.5,9.71,5.51,0.48,46.12,53.66,29.17,40.8,0.7,-28.0,-13.7,0.83,0.56,29.389999389648438,13.718475051056648,14.34620343503041,15.161219198637133,30.320064950227763,14.360270284155,30.469058377713743,6.11144895210556,37.5668789909021,17.78382003556089,14.360270284155,12.9242432557395,7,True,6.1,-56.02503054051918,-39.490233396110256,n/d,n/d,,,,False,False,,,Em Baixa,30.777448654174805,-4.508006105756812,-28.45092417641193,False,False,False,sem sinal (Em Baixa; sem novo topo (-4.5%))
PGMN3,SMALL11+Wishlist,SMALL11,Bens de primeira necessidade,53.46,57.6,30.0,,,0.0,,46.37,75.99,44.36,88.65,True,62,Não,Fundo duplo,"Fundo duplo (pré-confirmação) — pescoço R$3.54, preço 3.1% abaixo do pescoço; falta fechar acima e segurar",True,4,8,False,,True,,False,False,False,False,True,False,3,10,False,True,True,False,True,False,True,False,False,False,True,0.99,True,2451329280.0,7.52,0.72,6.92,10.75,9.61,5.91,12.78,2.1,2.64,3.59,3.94,1.78,1.02,4.08,80.81,11.1,5.0,6.26,0.83,68.82,31.1,3.13,7.54,9.6,-54.5,-17.9,1.52,0.58,3.430000066757202,2.63286921211784,3.0881404746595837,3.82134293296246,6.992141669127824,5.742640635844647,8.48698951624903,1.7471267313968162,,4.64446445319403,3.82134293296246,3.439208639666214,7,True,4.9,0.26847150815707543,35.40712427988404,n/d,2025-12-26,última,"A análise fundamentalista da Pague Menos (PGMN3) revela um papel de transição, onde indicadores de qualidade ligeiramente superiores aos pares convivem com múltiplos de preço bastante descontados. O retorno sobre o patrimônio líquido de 9,6% e o retorno sobre o capital investido de 12,8% situam-se acima da média do setor (9,4% e 11,0%, respectivamente), sugerindo uma eficiência operacional superior que, curiosamente, é negociada a múltiplos de preço deprimidos, como o preço sobre o lucro de 7,52 e o preço sobre o valor patrimonial de 0,72. Essa rentabilidade operacional, contudo, é pressionada por um endividamento elevado, visto que a relação entre dívida líquida e EBITDA de 3,59 supera a média setorial de 3,32, embora a liquidez corrente de 1,78 garanta fôlego no curto prazo. O rendimento de dividendos de 6,92% mostra-se coerente e atrativo, mas sua sustentabilidade futura exige atenção diante da margem líquida estreita de 2,1% e do peso do serviço da dívida sobre o lucro líquido. No quesito expansão, a companhia demonstra forte vigor com uma taxa de crescimento anual composta de receita de 11,1% nos últimos cinco anos, superando com folga a retração de 12,1% do setor, embora o checklist de critérios filtre essa robustez ao aprovar apenas 4 de 8 requisitos regulamentares. Sob a ótica do valuation, o preço atual de R$ 3,43 está praticamente alinhado ao preço-teto ajustado com margem de segurança de R$ 3,44, apresentando um upside marginal de 0,3%, em meio a uma ampla dispersão entre os métodos de avaliação, que variam desde os conservadores R$ 2,63 de Bazin até os otimistas R$ 6,99 de Graham. Como prós, destacam-se o crescimento de receita muito acima dos pares, a eficiência medida pelo ROIC superior e o valuation descontado por múltiplos; como contras, pesam a alavancagem financeira acima da média setorial, as margens historicamente espremidas e o escasso potencial de valorização em relação ao preço-teto ajustado.",,True,False,,,Lateral,3.509999990463257,-2.2792001117782346,-54.98687508831187,False,False,False,sem sinal (Lateral) · ⚡ cruzamento de médias (MM21>MM30) hoje
FLRY3,BOVA11+SMALL11,BOVA11,Cuidados de saúde,52.74,49.69,70.0,,,0.2,,56.4,30.71,50.91,64.54,True,63,Bandeira de alta,,,False,5,8,False,,True,,False,False,True,True,True,True,7,10,False,True,True,False,True,False,True,True,True,True,True,0.7,True,10258227200.0,14.66,1.91,6.2,6.57,13.0,10.93,12.7,8.01,6.04,1.78,1.96,1.86,0.98,30.27,96.28,14.4,12.47,6.47,0.55,61.45,37.83,13.07,18.74,43.4,0.0,16.5,0.96,0.6,18.739999771118164,8.790659624614054,9.14970232920284,9.503707821324854,16.79875791329259,9.013907516567556,17.51877470778531,3.8039997397423275,16.19033501601518,11.34623058356809,9.326705075263847,8.394034567737462,8,True,4.6,-55.207925985814384,-39.454478537108905,2026-11-05,2026-08-12,última,"A Fleury (FLRY3) apresenta uma sólida eficiência operacional no setor de cuidados de saúde, com um ROE de 13,0% e um ROIC de 12,7% que se posicionam confortavelmente acima das médias de seus pares de 6,6% e 11,0%, respectivamente. Essa rentabilidade superior, contudo, convive com múltiplos de preço que sugerem que o mercado já precifica parte dessa qualidade, visto que o P/L de 14,66 e o P/VP de 1.91 não são excessivamente baixos, enquanto o PEG elevado de 30,27 sinaliza um crescimento contratado a um preço esticado. No âmbito financeiro, a companhia consegue sustentar um dividend yield atrativo de 6,2%, mas o investidor deve monitorar o endividamento, dado que a relação Dívida Líquida/EBITDA de 1,78 está acima da média setorial de 0,96, embora a liquidez corrente de 1,86 garanta fôlego no curto prazo. O crescimento histórico é outro ponto forte, com um CAGR de receita de cinco anos de 14,4% que supera a média dos pares de 12,4%, o que ajudou a empresa a cumprir cinco dos oito critérios do checklist fundamentalista, falhando principalmente nas barreiras de margem líquida de 8,01% e no nível de alavancagem comparativo. Sob a ótica do valuation, há uma clara dispersão entre os métodos de preço-teto, variando desde os conservadores R$ 8,79 por Bazin e R$ 9,01 por Lynch até os R$ 16,8 por Graham, resultando em uma média de R$ 11,35 e uma mediana de R$ 9,33. Frente ao preço atual de R$ 18,74, o preço-teto ajustado com margem de segurança de R$ 8,39 aponta para um upside negativo de 55,2%, evidenciando um descompasso entre o valor intrínseco calculado e a cotação de mercado, apesar de o papel demonstrar tendência gráfica de alta em padrão de bandeira. Em suma, o ativo destaca-se positivamente pelo seu histórico de crescimento robusto, retorno sobre o capital acima da média e proventos consistentes, mas traz como contrapartidas um endividamento superior ao de seus pares e uma avaliação de preço atual que elimina a margem de segurança para novos aportes.",Bandeira de alta,False,False,,,Em Alta,18.68000030517578,0.321196279240743,-2.925158184077159,True,True,True,"Bandeira de alta — mastro +30%, recuo 12%, bandeira 14d (candidato)"
ASAI3,BOVA11+SMALL11,BOVA11,Bens de primeira necessidade,52.15,54.29,40.0,,,0.0,,70.96,65.78,24.63,9.93,True,64,Não,,,False,5,8,False,,True,,False,False,True,False,True,False,4,10,True,True,True,False,True,False,True,False,False,True,True,3.55,False,10921808896.0,11.45,1.74,1.28,0.83,15.21,29.87,21.18,1.24,2.7,3.72,2.46,1.12,4.25,0.83,9.54,123.2,8.52,6.76,0.41,88.47,11.53,7.01,10.43,17.0,-21.4,-5.1,1.69,0.62,8.199999809265137,0.487865917150065,0.9049912763133706,9.48908274871293,8.714204226367567,10.450406432965949,0.7360977972519562,8.107035957949327,,,,,4,False,21.4,,,n/d,n/d,,,,False,False,,,Lateral,8.960000038146973,-8.482145375515115,-22.77047030800714,False,False,False,sem sinal (Lateral)
RDOR3,BOVA11,BOVA11,Cuidados de saúde,52.12,48.97,70.0,,,0.2,,63.49,22.5,51.9,43.97,True,65,Não,Fundo duplo,"Fundo duplo (pré-confirmação) — pescoço R$36.05, preço 2.1% abaixo do pescoço; falta fechar acima e segurar",False,5,8,False,,True,,False,False,True,False,True,True,7,10,True,True,True,False,True,False,True,False,True,True,True,0.72,True,77145841664.0,16.46,3.83,12.25,4.01,23.26,13.61,15.63,8.35,6.96,1.12,1.01,2.9,2.51,2.08,65.98,22.9,13.17,6.35,0.64,79.71,18.16,32.33,44.66,9.2,-20.9,-0.2,1.2,0.65,35.310001373291016,10.110051219310067,18.754145011820174,28.423907545328426,21.094764974338005,25.574065966005524,22.871885828383448,16.400746607299308,26.237355116275992,21.18336528359512,21.983325401360727,19.784992861224655,8,True,2.8,-43.96773692512427,-40.00746400531574,n/d,n/d,,,,False,False,,,Lateral,36.06999969482422,-2.107009503640933,-21.449542531818654,False,False,False,sem sinal (Lateral)
COGN3,BOVA11+SMALL11,BOVA11,Consumo discricionário,52.11,51.5,55.55555555555556,,,0.9,,43.36,74.14,44.93,44.68,False,66,Não,Fundo duplo,"Fundo duplo (pré-confirmação) — pescoço R$2.33, preço 4.3% abaixo do pescoço; falta fechar acima e segurar",True,2,8,False,,False,,False,,False,True,True,False,5,9,False,False,False,False,True,False,True,False,True,False,True,0.39,True,4484337152.0,6.59,0.34,5.29,4.02,5.11,0.79,10.24,8.96,3.35,2.9,3.97,1.88,0.5,1.75,26.48,34.0,4.57,3.98,0.45,44.22,55.77,2.03,4.57,9.9,-51.2,-9.4,1.56,0.61,2.2300000190734863,0.6401421988013057,0.9077766962520706,3.427630423126994,7.066656151822504,2.631160765770231,2.2311832821312985,1.7030431058917708,7.1715165146355755,,,,4,False,11.2,,,n/d,n/d,,,,False,False,,,Lateral,2.2300000190734863,0.0,-52.82163521208264,False,False,False,sem sinal (Lateral) · ⚡ cruzamento de médias (MM21>MM30) hoje
BRBI11,SMALL11,SMALL11,Produtos financeiros,52.07,55.38,33.333333333333336,20.63,,0.4,,33.14,45.87,100.0,90.07,False,67,Não,,,False,4,5,False,,True,,False,False,True,,False,True,3,9,True,True,True,,False,,,True,True,True,True,,True,,8.65,1.71,10.49,11.84,19.7,21.77,1.85,0.0,,,,,,,102.41,-22.4,6.48,0.94,0.23,95.52,4.48,11.74,20.71,9.6,-37.9,-16.3,0.96,0.48,12.869999885559082,10.884094991457426,15.847242307562015,15.47375708783982,15.873170937287119,,7.333333333333334,3.9747150761346797,,12.384606930048148,13.178926039648623,11.86103343568376,4,True,2.2,-7.839677224919351,-3.771507069363489,n/d,n/d,,,,False,False,,,Em Baixa,13.909950256347656,-7.47630546208462,-39.22408305770103,False,False,False,sem sinal (Em Baixa; sem novo topo (-7.5%))
SBFG3,SMALL11,SMALL11,Consumo discricionário,51.78,48.56,70.0,,,0.9,,42.43,84.46,28.26,26.95,False,68,Não,,,False,3,8,False,,True,,False,True,True,True,True,True,7,10,False,True,False,False,True,False,True,False,False,True,False,0.87,True,1923737856.0,4.59,0.6,6.5,2.7,13.07,10.92,8.98,5.0,3.97,3.49,5.45,1.62,1.0,0.4,12.38,185.0,3.68,4.63,0.8,67.87,32.13,7.96,14.95,4.6,-44.3,-19.4,1.63,0.66,8.329999923706055,1.6050829907368236,2.9774289478168074,24.046296076057782,23.809720019213252,25.6783265233218,6.709160235364461,17.91152719604488,14.804726504530052,,,,6,False,16.0,,,n/d,n/d,,,,False,False,,,Em Baixa,9.170000076293945,-9.16030693128823,-45.500508039697884,False,False,False,sem sinal (Em Baixa; sem novo topo (-9.2%))
HYPE3,BOVA11+SMALL11,BOVA11,Cuidados de saúde,51.29,53.28,40.0,,,0.2,,59.73,42.55,57.56,42.55,True,69,Não,Fundo triplo,"Fundo triplo (pré-confirmação) — pescoço R$21.84, preço 2.7% abaixo do pescoço; falta fechar acima e segurar",False,3,8,False,,True,,False,False,True,True,True,False,4,10,False,True,False,True,False,False,True,False,True,True,True,0.42,True,15037353984.0,8.61,1.04,4.93,3.87,12.1,12.72,10.74,19.82,7.41,2.25,2.93,1.86,0.53,1.07,33.34,4.5,6.65,6.31,0.5,50.22,49.77,19.85,26.59,7.0,-20.1,-1.6,1.07,0.59,21.25,5.876635879395255,10.901159556278197,32.701800232288036,33.68464293302805,29.464015093420997,25.309181373278363,19.10716737395742,13.225809905423873,23.484825209667843,25.309181373278363,22.77826323595053,7,True,5.7,7.191826992708372,10.516824516083956,n/d,n/d,,,,False,False,,,Em Alta,22.010000228881836,-3.4529769240281616,-20.722443228298214,False,False,False,sem sinal (Em Alta)
MDIA3,SMALL11,SMALL11,Bens de primeira necessidade,51.17,54.91,30.0,,,0.0,,38.49,65.41,89.16,34.04,True,70,Não,,,False,2,8,False,,True,,False,False,False,True,False,True,3,10,False,False,False,False,False,True,True,False,False,False,True,-0.04,True,5748348416.0,8.94,0.68,6.17,3.26,7.65,8.74,8.32,6.23,4.31,-0.32,-0.55,2.55,0.21,1.65,29.13,-22.6,7.35,3.52,1.38,34.41,65.59,16.79,28.44,2.1,-39.7,-10.6,0.71,0.4,17.149999618530273,3.991825600901917,6.867699872374448,23.574273013603253,32.99378636564864,16.65127105597358,20.302316374767113,11.661919688538429,22.293406826756208,,,,6,False,8.3,,,n/d,n/d,,,,False,False,,,Lateral,17.459671020507812,-1.773638241028741,-40.59847466912285,False,False,False,sem sinal (Lateral)
BEEF3,BOVA11+SMALL11,BOVA11,Bens de primeira necessidade,50.81,54.48,30.0,,,0.0,,67.41,59.9,28.11,35.46,True,71,Não,,,False,5,8,False,,False,,False,False,True,False,False,True,3,10,True,True,True,False,False,True,True,False,False,True,True,9.15,False,3845634560.0,8.46,2.46,5.04,3.4,29.04,144.02,16.55,0.8,3.79,2.98,2.52,1.43,13.46,0.56,28.73,-57.5,5.22,5.34,0.65,95.87,2.86,3.04,7.18,30.6,-44.7,5.4,0.84,0.34,3.9700000286102295,0.9630390056418175,1.7864373554655713,6.217789642917912,4.127898727162465,8.632688712545967,3.760485277130923,5.678132428626925,13.362501779641494,,,,5,False,13.9,,,n/d,n/d,,,,False,False,,,Em Alta,4.099999904632568,-3.1707287572239395,-45.72659102148787,False,False,False,sem sinal (Em Alta)
LOGG3,SMALL11,SMALL11,Imobiliário,50.79,49.17,60.0,,,0.8,,51.39,51.53,18.99,93.62,False,72,Pivô de alta,,,False,2,8,False,,True,,True,True,True,True,False,False,6,10,False,False,False,True,False,False,True,False,True,False,False,0.57,True,2106169856.0,5.66,0.6,28.54,13.45,10.63,8.83,3.04,136.74,19.33,121.08,302.7,0.52,0.64,2.23,76.13,-33.1,3.88,0.1,0.28,45.7,53.91,15.97,28.1,50.4,-14.5,-4.3,0.93,0.52,24.020000457763672,23.078303451359933,28.90113962303369,37.96117382326587,61.827321119921955,67.85077926041174,41.687388262583326,18.104652262940505,,39.91582254335958,37.96117382326587,34.16505644093928,7,True,3.7,42.23586923328535,66.17744289200506,n/d,n/d,,,Pivô de alta,False,False,,,Em Baixa,25.11423110961914,-4.357014344095777,-15.72086713359857,False,True,False,Pivô de alta
SBSP3,BOVA11,BOVA11,Serviços públicos,50.46,50.54,50.0,,,0.1,,71.47,31.22,40.45,24.82,True,73,Não,,,False,7,8,False,,True,,False,False,True,False,False,True,5,10,True,True,True,True,False,True,True,True,True,True,True,0.76,True,88761655296.0,11.06,1.97,2.68,2.57,17.8,17.28,12.72,19.67,8.12,2.25,2.48,1.47,1.14,0.87,28.4,-33.9,10.17,7.77,0.3,59.31,40.69,22.14,35.21,13.3,-28.8,-13.7,1.12,0.71,25.079999923706055,4.600671625068194,8.534245864501498,30.04611202433139,25.486377606323416,34.7225947907028,11.778186567707683,24.2228749594919,25.079999923706055,25.222690978710542,25.283188765014735,22.754869888513262,6,True,7.5,-9.270853438061765,0.568943602227101,n/d,n/d,,,,False,False,,,Em Baixa,27.389999389648438,-8.43373317786712,-28.98805322992024,False,False,False,sem sinal (Em Baixa; sem novo topo (-8.4%))
GGPS3,SMALL11,SMALL11,Bens Industriais,50.24,50.28,50.0,,,0.7,,61.08,43.57,49.95,19.15,False,74,Não,Fundo duplo,"Fundo duplo (pré-confirmação) — pescoço R$12.96, preço 4.2% abaixo do pescoço; falta fechar acima e segurar",False,5,8,False,,True,,False,False,True,False,True,True,5,10,True,True,False,False,True,True,True,False,False,True,True,0.48,True,9464568832.0,10.34,2.1,2.32,2.32,20.36,19.43,11.88,5.1,6.56,1.03,1.22,2.87,1.38,0.69,23.95,207.7,7.66,7.28,0.78,74.55,25.29,11.0,19.55,12.9,-36.5,-3.8,1.14,0.64,12.420000076293945,2.054914840369594,3.8118670288855965,15.915377273780926,12.642790482177237,20.79969138390556,9.294207014285712,14.534042642471638,10.014801946179611,,,,6,False,10.1,,,n/d,n/d,,,,False,False,,,Lateral,12.539999961853027,-0.956936889347082,-36.7938915144727,False,False,False,sem sinal (Lateral)
CSMG3,BOVA11+SMALL11,BOVA11,Serviços públicos,50.05,48.29,60.0,,,0.1,,64.33,15.72,34.5,85.11,True,75,Não,,,False,5,8,False,,True,,False,False,True,False,False,True,6,10,True,True,True,False,False,True,True,False,True,True,True,0.9,True,20752599040.0,16.09,2.35,3.99,10.18,14.6,15.68,11.59,14.88,8.82,2.77,3.34,1.22,1.06,,163.82,-21.2,11.35,6.35,0.28,51.64,48.36,26.64,67.45,107.2,-18.2,-4.6,0.88,0.47,55.20000076293945,40.144570433913266,58.45049455177772,35.679304408612204,42.58124836443645,,33.8014680094549,9.164876269794618,48.81663041531538,43.245619363918316,41.36290939917485,37.22661845925737,6,True,6.4,-32.560474737799595,-21.6564877423827,n/d,n/d,,,,False,False,,,Em Baixa,63.349998474121094,-12.865032213869698,-18.608078721132582,False,False,False,sem sinal (Em Baixa; sem novo topo (-12.9%))
EGIE3,BOVA11,BOVA11,Serviços públicos,49.74,51.46,40.0,,,0.1,,78.55,23.35,19.45,63.83,True,76,Não,,,False,7,8,False,,True,,False,False,True,False,True,False,4,10,True,True,True,True,True,False,True,True,True,True,True,1.43,True,40805953536.0,10.31,2.72,3.14,6.54,26.37,32.12,11.59,28.94,8.74,3.56,4.3,1.09,2.06,1.2,67.43,270.0,10.99,6.68,0.19,74.84,23.06,26.83,37.14,7.5,-22.3,-9.4,0.92,0.62,28.850000381469727,13.478266901920627,25.002185103062764,37.07686760955129,25.841831932277433,42.33310172833185,42.16403726919,22.58047100982707,25.39446734308974,29.233903612156347,25.618149637683587,23.056334673915227,8,True,3.1,-20.082029916629583,1.330687090504168,n/d,n/d,,,,False,False,,,Lateral,29.324909210205078,-1.6194724605322341,-24.19493061245316,False,False,False,sem sinal (Lateral)
MOTV3,BOVA11,BOVA11,Bens Industriais,49.61,53.07,30.0,,,0.7,,73.12,53.29,25.0,18.44,False,77,Não,Fundo triplo,"Fundo triplo (pré-confirmação) — pescoço R$15.15, preço 0.5% abaixo do pescoço; falta fechar acima e segurar",False,6,8,False,,True,,False,False,True,False,True,False,3,10,True,True,False,True,True,False,True,True,True,True,False,1.9,False,30269687808.0,7.85,1.71,1.38,2.26,21.85,19.92,11.72,19.27,6.65,3.69,4.41,1.77,2.45,0.52,17.73,58.4,9.98,6.62,0.44,77.07,22.24,13.52,17.55,11.5,-14.1,1.2,1.29,0.78,15.079999923706055,2.433443121610054,4.514036990586651,25.453503055936967,19.52359161971606,33.15518503925243,10.38593205872702,23.2443310925915,9.165197465554654,,,,6,False,13.6,,,n/d,n/d,,,,False,False,,,Lateral,15.119999885559082,-0.2645500142578139,-15.028002860960331,False,False,False,sem sinal (Lateral)
CPLE3,BOVA11,BOVA11,Serviços públicos,49.47,44.08,80.0,,,0.1,,47.71,30.32,35.42,79.43,True,78,Não,,,False,5,8,False,,True,,False,False,True,True,True,True,8,10,False,True,True,False,True,True,True,False,True,False,True,0.9,True,43593883648.0,13.97,1.81,7.24,9.15,12.99,9.34,9.82,11.41,9.11,2.97,4.24,1.3,0.98,0.28,127.82,50.0,13.17,5.45,0.3,61.78,38.29,10.29,16.67,41.6,-12.6,-2.8,1.11,0.75,14.569999694824219,9.522149288026398,17.663586929288964,13.819076303251315,13.744005213809503,31.288474648870906,8.56043112128839,12.6196847750446,12.2203515982404,14.92971998472756,13.181844994427053,11.863660494984348,8,True,3.7,-18.574737519049222,2.468910757981191,n/d,n/d,,,,False,False,,,Lateral,14.899999618530273,-2.2147646453336334,-13.642870416419983,False,False,False,sem sinal (Lateral)
ALOS3,BOVA11+SMALL11,BOVA11,Imobiliário,48.61,43.07,80.0,,,0.8,,50.07,38.45,24.12,60.99,False,79,Não,,,False,3,8,False,,True,,False,True,False,True,True,True,8,10,False,False,False,True,True,False,True,False,True,False,False,0.56,True,13208726528.0,14.25,1.04,11.85,6.38,7.27,9.51,6.39,31.4,4.9,3.4,7.45,0.72,0.56,21.47,90.87,60.8,13.6,3.66,0.27,46.56,50.55,20.42,32.08,28.4,-18.3,-4.7,1.2,0.81,26.209999084472656,11.938546003265781,12.61580797626808,13.883141130102794,32.29491627828039,12.949743484180447,24.672094267037064,5.680816697108577,61.56724104958222,,,,7,False,10.8,,,n/d,n/d,,,,False,False,,,Em Baixa,26.757112503051758,-2.0447401359795503,-19.172200786176308,False,False,False,sem sinal (Em Baixa; sem novo topo (-2.0%))
ECOR3,SMALL11,SMALL11,Bens Industriais,48.31,44.48,70.0,,,0.7,,49.46,56.87,28.33,23.4,False,80,Não,,,False,1,8,False,,True,,False,True,True,False,False,True,7,10,False,False,False,False,False,False,True,False,False,True,False,5.91,False,4806742528.0,8.81,1.17,4.38,2.52,13.28,19.86,11.52,4.59,5.15,4.62,5.62,2.52,6.64,0.85,22.23,-89.7,8.33,6.86,0.19,88.21,11.06,5.87,11.74,18.6,-40.7,-8.0,1.8,0.73,6.960000038146973,1.254324383766995,2.326771731887776,10.46765045464783,10.282994794813272,10.152561908121482,1.8737205648560467,7.239168614881185,11.455863492502061,,,,5,False,9.1,,,n/d,n/d,,,,False,False,,,Lateral,6.949999809265137,0.14388818929900182,-41.67264613706973,False,False,False,sem sinal (Lateral)
GOAU4,BOVA11+SMALL11,BOVA11,Materiais,48.16,51.37,30.0,,,1.0,,30.52,72.88,59.88,74.47,False,81,Não,,,False,4,8,False,,True,,False,False,False,True,True,False,3,10,False,False,True,False,True,True,True,False,False,True,True,0.5,True,13782409216.0,17.35,0.72,3.68,8.58,4.13,12.06,10.0,1.14,2.04,0.99,1.38,2.88,0.28,0.24,148.89,73.2,5.13,5.06,1.04,34.12,23.4,6.66,11.41,57.0,-8.4,4.3,0.9,0.54,10.449999809265137,6.405398458580922,11.882014140667609,7.980547404770202,14.02463456437777,18.069163935328763,6.1112762116739185,7.287896120582602,39.673773879719434,10.2515615479974,7.980547404770202,7.182492664293182,7,True,6.5,-31.26801152737755,-1.8989307644943554,n/d,n/d,,,,False,False,,,Em Baixa,11.081195831298828,-5.696100237222401,-8.632904756322768,False,False,False,sem sinal (Em Baixa; sem novo topo (-5.7%))
ANIM3,SMALL11,SMALL11,Consumo discricionário,47.9,49.29,40.0,,,0.9,,45.44,71.1,24.48,61.7,False,82,Não,,,False,4,8,False,,False,,False,False,False,False,True,False,4,10,True,False,True,False,True,False,True,False,False,False,False,1.75,False,1039115520.0,7.22,0.46,2.83,6.44,6.36,-2.07,14.6,3.71,3.18,3.35,3.21,1.49,2.02,2.12,46.48,205.2,3.66,6.53,0.35,72.15,22.61,1.93,5.17,44.0,-46.2,-7.6,2.08,0.51,2.7799999713897705,1.278437328213088,1.7465728244472316,3.7573946608102697,7.235833015165504,3.789507992020309,1.3404041087204825,1.8523812809173656,,2.294116365854791,1.7994770526822985,1.6195293474140686,6,True,5.7,-41.743548054626864,-17.477827717101658,n/d,n/d,,,,False,False,,,Em Alta,2.740000009536743,1.4598526172921567,-47.43295324830539,False,False,False,sem sinal (Em Alta)
FESA4,SMALL11,SMALL11,Materiais,47.38,52.21,20.0,,,1.0,,28.42,71.33,72.16,71.63,False,83,Não,,,False,2,8,False,,True,,False,False,False,True,False,False,2,10,False,False,False,False,False,True,True,False,False,True,True,-0.12,True,1758722816.0,12.43,0.56,13.53,8.28,4.49,15.62,3.69,6.78,3.47,-3.62,-9.04,3.61,0.12,,102.91,-76.0,3.71,-1.74,1.53,26.31,73.65,4.8,8.69,9.8,-39.4,-17.1,1.13,0.55,5.269999980926514,3.1165631212225064,4.5377159044999695,4.409332244701186,9.474848945408988,,5.225440763076465,1.1326169364823102,6.400473544325034,,,,6,False,8.4,,,n/d,n/d,,,,False,False,,,Em Baixa,5.699999809265137,-7.543856889954181,-40.7865145302468,False,False,False,sem sinal (Em Baixa; sem novo topo (-7.5%))
SMTO3,SMALL11,SMALL11,Bens de primeira necessidade,46.76,51.48,20.0,,,0.0,,45.33,72.32,46.95,36.17,True,84,Não,Fundo duplo,"Fundo duplo (pré-confirmação) — pescoço R$16.37, preço 15.3% acima do pescoço; falta fechar acima e segurar",False,3,8,False,,True,,False,False,True,False,False,False,2,10,False,True,False,False,False,True,True,False,True,True,True,0.99,True,5997127680.0,7.61,0.84,1.17,3.4,11.0,14.59,6.36,11.43,3.79,2.38,5.23,3.16,1.65,0.93,25.88,-39.3,9.63,3.45,0.45,68.55,31.45,12.82,21.12,47.2,-10.7,16.5,0.59,0.23,18.8700008392334,4.583569625721722,8.502521655713794,32.85512629695696,35.40227792012859,28.649579253612128,11.1312941332059,19.332150149749484,44.34329506457097,,,,6,False,9.7,,,n/d,n/d,,,,False,False,,,Em Alta,19.270000457763672,-2.0757634095909805,-11.810733223954706,False,False,False,sem sinal (Em Alta)
PRIO3,BOVA11,BOVA11,Energia,46.75,45.2,55.55555555555556,,,0.9,,60.94,40.78,34.73,6.38,False,85,Não,Bandeira de alta,"Bandeira de alta (pré-confirmação) — pescoço R$62.96, preço 3.0% abaixo do pescoço; falta fechar acima e segurar",False,3,8,False,,True,,False,,True,True,True,False,5,9,False,False,False,True,True,False,True,False,True,True,True,0.77,True,48279953408.0,13.65,1.87,0.0,0.18,13.71,30.11,10.92,18.11,5.77,1.73,2.21,1.34,0.9,1.02,2.42,189.4,6.66,6.59,0.25,59.83,40.17,34.2,72.1,78.6,-15.3,0.2,0.12,0.06,61.09000015258789,0.77431531498201,1.4363549092916283,59.2998169979333,57.35539252649738,60.66647636403732,2.0484393527518083,49.58988749214635,20.76287316549984,,,,5,False,78.3,,,n/d,n/d,,,,False,False,,,Em Alta,62.849998474121094,-2.800315615374105,-16.29213847277259,False,False,False,sem sinal (Em Alta)
QUAL3,SMALL11,SMALL11,Cuidados de saúde,46.12,50.73,20.0,,,0.2,,52.72,73.38,36.92,12.77,True,86,Não,Bandeira de alta,"Bandeira de alta (pré-confirmação) — pescoço R$1.63, preço 4.4% abaixo do pescoço; falta fechar acima e segurar",False,4,8,False,,False,,False,False,False,True,True,False,2,10,True,False,True,False,True,False,False,True,False,False,True,0.61,True,435622080.0,16.77,0.33,0.58,1.25,1.96,0.44,22.61,1.9,1.46,2.45,1.52,0.58,0.89,10.82,20.94,60.1,3.14,5.32,0.47,66.78,32.76,1.39,2.71,12.2,-42.4,-9.6,1.94,0.56,1.559999942779541,0.13912041952449336,0.1588600558179771,0.7587301048484227,3.1455191986246036,0.26029200930888374,0.5416071244212713,0.3391141312731284,,,,,6,False,22.6,,,n/d,n/d,,,,False,False,,,Lateral,1.7200000286102295,-9.30233041681805,-44.40029237550325,False,False,False,sem sinal (Lateral)
GGBR4,BOVA11,BOVA11,Materiais,45.85,48.65,30.0,,,1.0,,34.35,58.42,59.6,66.67,False,87,Não,,,False,4,8,False,,True,,False,False,False,True,True,False,3,10,False,False,True,False,True,True,True,False,False,True,True,0.18,True,46698606592.0,21.04,0.88,3.35,7.06,4.18,12.63,10.03,3.22,5.13,0.97,1.36,2.87,0.28,0.29,148.44,73.5,8.27,5.03,1.04,34.14,65.6,15.69,26.05,52.7,-8.0,4.9,0.84,0.52,23.969999313354492,12.079356312050345,22.407205958853393,15.095175423096341,26.42378803114604,34.17775567493511,11.887333533584622,13.785028122223832,23.162776228044542,19.87730241049178,18.751190690974866,16.87607162187738,8,True,2.9,-29.59502667788917,-17.07424705925016,n/d,n/d,,,,False,False,,,Em Baixa,25.3928279876709,-5.6032698485069865,-8.423752665566465,False,False,False,sem sinal (Em Baixa; sem novo topo (-5.6%))
SAUD3,SMALL11,SMALL11,Cuidados de saúde,45.75,43.23,60.0,,,0.2,,49.65,8.09,65.95,56.74,True,88,Não,,,False,3,8,False,,True,,False,False,False,True,False,True,6,10,False,False,False,False,False,True,True,True,True,True,True,-0.69,True,41016250368.0,38.92,2.19,0.95,6.04,5.63,39.67,4.59,9.86,21.22,-7.41,-18.52,1.06,0.01,,235.22,-19.6,9.27,5.03,0.66,34.2,65.77,10.45,16.09,34.3,-12.7,-1.8,0.77,0.38,14.039999961853027,6.060896413507834,8.824665178067406,3.7516957760347247,7.213564052622798,,14.516166036785778,0.9636910853276011,6.3108881258912914,,,,6,False,15.1,,,n/d,n/d,,,,False,False,,,Em Baixa,14.1899995803833,-1.057079795390814,-14.802435757316912,False,False,False,sem sinal (Em Baixa; sem novo topo (-1.1%))
MOVI3,SMALL11,SMALL11,Bens Industriais,45.69,48.46,30.0,,,0.7,,48.14,74.39,12.97,56.03,False,89,Não,,,False,4,8,False,,False,,False,False,True,False,True,False,3,10,False,False,True,False,True,False,True,True,False,False,False,5.5,False,2821057024.0,6.49,0.72,9.32,5.83,11.08,3.58,13.78,2.89,3.56,3.65,3.71,0.68,6.43,0.94,37.81,97.0,3.16,6.78,0.22,91.5,8.5,6.47,14.83,11.5,-51.4,-24.9,2.34,0.65,7.210000038146973,3.000514730608235,5.565954825278276,14.71995385291947,15.821145678128493,14.127420756534397,15.003122950980053,7.779395122858846,,13.490207672284251,14.71995385291947,13.247958467627523,5,True,5.3,83.74422187981506,87.10412761317185,n/d,n/d,,,,False,False,,,Em Baixa,7.760000228881836,-7.087631114852622,-51.83700795231858,False,False,False,sem sinal (Em Baixa; sem novo topo (-7.1%))
IRBR3,SMALL11+Carteira,SMALL11,Insurance,45.59,48.59,28.571428571428573,,2.87,0.3,,18.15,70.07,100.0,29.08,False,90,Não,Fundo duplo,"Fundo duplo (pré-confirmação) — pescoço R$57.45, preço 3.9% abaixo do pescoço; falta fechar acima e segurar",False,1,6,False,,False,,False,,False,,False,False,2,7,False,False,False,,False,,True,False,True,False,True,,True,4556004864.0,-31.23,0.86,2.81,2.94,-2.76,2.79,0.0,4.89,,,,,,,,-23.0,6.46,2.3,,66.23,33.77,44.53,62.39,24.0,-11.5,3.8,1.1,0.6,55.22999954223633,11.59547551352601,16.88301234769387,,,,26.3277,,,18.268729287073295,16.88301234769387,15.194711112924484,3,True,2.3,-72.48830121516741,-66.92245258285298,2026-11-12,2026-07-01,última,"A análise fundamentalista do IRB Brasil (IRBR3) revela uma empresa em momento de profunda reestruturação, onde a baixa qualidade operacional contrasta com múltiplos de preço aparentemente descontados. O retorno sobre o patrimônio líquido (ROE) negativo de -2,8% e o retorno sobre o capital investido (ROIC) nulo de 0,0% situam-se drasticamente abaixo das médias do setor de seguros, que registram 34,3% e 19,5% respectivamente, evidenciando uma severa deficiência na rentabilidade e na eficiência de alocação de capital. Essa fragilidade operacional reflete-se em um preço por valor patrimonial (P/VP) de 0,86, abaixo do valor de livro, e em um índice preço/lucro (P/L) negativo de -31,23, indicando que o aparente desconto patrimonial é, na verdade, um reflexo dos prejuízos recentes e não uma oportunidade clássica de barganha. No que tange ao crescimento, a contração histórica é severa, com uma taxa de crescimento anual composta (CAGR) da receita nos últimos cinco anos de -23,0%, desempenho muito inferior à média setorial de -2,5%, o que corrobora o encolhimento da operação. Sob a ótica dos proventos, o rendimento de dividendos (DY) de 2,81% mostra-se tímido e pouco sustentável no longo prazo, dado que a geração de lucro líquido é insuficiente para suportar distribuições robustas sem comprometer a estrutura de capital. O checklist de critérios fundamentalistas reforça esse cenário de alerta ao aprovar apenas 1 de 6 requisitos possíveis, falhando em métricas cruciais como rentabilidade mínima frente à taxa Selic, superação dos pares setoriais e governança relacionada a transações de insiders. Quanto à avaliação por preço-teto, os métodos clássicos de Bazin e Gordon apontam valores de R$ 11,60 e R$ 16,88, respectivamente, gerando uma média de R$ 18,27 e uma mediana de R$ 16,88, o que evidencia uma dispersão moderada entre as metodologias de fluxo de caixa e dividendos. Frente ao preço atual de R$ 55,23, o preço-teto ajustado com margem de segurança de R$ 15,19 resulta em um expressivo potencial de desvalorização (upside negativo) de -72,5%, indicando que o papel negocia com considerável prêmio sobre seus fundamentos de fluxo de caixa projetado. Em balanço, o ativo apresenta como pontos positivos uma excelente pontuação de segurança financeira e um valor de mercado robusto acima de R$ 4,5 bilhões, mas é fortemente penalizado pelos contras de rentabilidade deficitária, destruição histórica de receita, dividendos pouco expressivos e um valuation atual que se mostra desalinhado com a realidade operacional da companhia.",,False,True,57.62,-4.15,Lateral,53.400001525878906,3.4269624795245868,-14.668388717056768,False,False,False,sem sinal (Lateral)
SYNE3,SMALL11,SMALL11,Imobiliário,44.93,45.8,40.0,,,0.8,DY5a=127.8%>=20,43.99,58.5,33.98,,False,91,Não,,,False,2,8,False,,False,,False,False,False,True,False,False,4,10,False,False,False,True,False,False,False,True,True,True,False,0.72,True,560205120.0,10.29,0.8,70.33,127.78,7.8,14.02,6.47,16.16,4.68,3.1,6.71,1.45,0.5,1.32,1314.81,-67.2,12.23,3.08,0.36,40.97,29.56,3.49,5.11,4.9,-28.4,-6.6,1.0,0.44,3.6600000858306885,33.40407224850232,61.964554020971796,4.712828098858758,6.050895793984491,10.670554186095304,6.468000000000001,2.69406087117511,8.858663885271094,,,,5,False,23.0,,,n/d,n/d,,,,False,False,,,Em Baixa,4.0,-8.499997854232788,-29.81163852376235,False,False,False,sem sinal (Em Baixa; sem novo topo (-8.5%))
RANI3,SMALL11,SMALL11,Materiais,44.66,49.01,20.0,,,1.0,,49.25,46.66,36.9,78.01,False,92,Não,,,True,3,8,False,,True,,False,False,False,False,False,False,2,10,False,True,True,False,False,False,True,False,False,True,True,0.8,True,1773728768.0,13.75,1.24,5.21,9.01,9.03,25.63,11.69,7.65,4.99,2.42,2.89,2.1,1.38,,123.91,-70.2,5.44,4.4,0.56,63.24,36.76,7.24,9.51,6.9,-18.6,-3.3,0.64,0.46,7.739999771118164,4.982339186553481,7.254285855621869,5.854254372336648,8.891397273263332,,4.91387477971708,1.5037713841029576,7.739999771118164,6.6060252064350955,6.554270113979259,5.898843102581333,6,True,5.9,-23.787554560493827,-14.650834602276074,n/d,n/d,,,,False,False,,,Em Baixa,8.275388717651367,-6.469653146216814,-20.234119215969127,False,False,False,sem sinal (Em Baixa; sem novo topo (-6.5%)) · ⚡ cruzamento de médias (MM21>MM30) hoje
RENT3,BOVA11,BOVA11,Bens Industriais,44.24,43.22,50.0,,,0.7,,53.99,46.04,18.29,37.59,False,93,Não,,,False,2,8,False,,True,,False,False,True,False,True,True,5,10,False,False,False,False,True,False,True,False,False,False,False,1.34,True,38451646464.0,11.43,1.44,5.89,3.47,12.63,7.58,12.27,7.39,5.0,4.1,4.68,1.14,1.71,1.5,39.62,24.5,7.56,6.27,0.33,70.15,29.84,32.03,51.57,9.5,-32.0,-15.0,1.75,0.78,35.060001373291016,8.680155227013746,16.1016879461105,40.64260876606351,40.991973431305134,34.02445211052151,50.06592930670755,22.898165344817432,54.19026455668205,36.98786878031539,40.64260876606351,36.57834788945716,7,True,6.2,4.330708661417315,5.498765919881099,n/d,n/d,,,,False,False,,,Em Baixa,38.15999984741211,-8.123685761312515,-33.45683434808792,False,False,False,sem sinal (Em Baixa; sem novo topo (-8.1%))
VALE3,BOVA11+Wishlist,BOVA11,Materiais,44.2,48.47,20.0,,,1.0,,49.52,35.26,43.22,87.23,False,94,Não,,,False,4,8,False,,True,,False,False,False,True,False,False,2,10,True,False,True,False,False,True,True,False,False,True,True,0.41,True,334417854464.0,33.64,1.77,7.14,10.47,5.27,24.52,18.11,4.76,4.62,1.04,0.8,1.19,0.55,,352.11,-43.5,9.54,7.92,0.39,60.3,38.73,51.19,87.63,54.5,-9.7,2.3,0.85,0.57,79.11000061035156,59.14580340378554,86.11628975591175,24.457312911642575,48.63041997500544,,43.0,6.282304278127969,87.27846382233153,,,,6,False,13.9,,,2026-10-29,2026-08-12,última,"A Vale (VALE3) apresenta uma dinâmica operacional e financeira intrigante, onde a eficiência na alocação de capital, traduzida por um ROIC de 18,1% que se posiciona significativamente acima dos pares do setor (9,2%), contrasta com um ROE de 5,3%, ligeiramente abaixo da média setorial (5,6%). Essa forte rentabilidade sobre o capital investido convive com múltiplos de valuation mistos, pois o P/L de 33,64 indica que o mercado precifica o papel com ágio, enquanto a relação P/VP de 1,77 sugere uma avaliação patrimonial mais moderada. No âmbito do endividamento, a companhia demonstra sólida saúde financeira ao registrar uma relação Dívida Líquida/EBITDA de 1,04, patamar que está confortavelmente abaixo da média dos seus pares (1,76) e que, somado a uma relação Dívida/Patrimônio de 0,55, confere robustez para suportar suas operações. Essa estrutura de capital desalavancada e a forte geração operacional viabilizam um dividend yield atraente de 7,14%, o qual se mostra sustentável e coerente com a capacidade de geração de caixa da empresa, mesmo diante de uma margem líquida mais pressionada de 4,76%. Por outro lado, o crescimento histórico recente é o principal ponto de atenção, visto que o CAGR de receita nos últimos cinco anos contraiu 43,5%, situando-se severamente abaixo da média de expansão do setor (17,4%). Esse descompasso no crescimento reflete-se no checklist de critérios fundamentalistas da companhia, que atendeu a apenas 4 dos 8 requisitos avaliados, penalizado principalmente pela receita cadente, margem abaixo do patamar de referência e vendas recentes por parte de insiders. Sob a ótica de valuation por preço-teto, observa-se uma dispersão extrema entre as metodologias de cálculo aplicadas ao preço atual de R$ 79,11, variando desde a visão ultra-conservadora do fluxo de caixa descontado a R$ 24,46 e o modelo de Graham a R$ 48,63, passando pela fórmula de Bazin a R$ 59,14, até o modelo de Gordon a R$ 86,11, o qual é o único a sugerir um upside frente à cotação de mercado. Em suma, o investimento na mineradora contrapõe, como prós, um ROIC altamente competitivo, endividamento sob controle e proventos robustos, e, como contras, uma severa retração histórica na receita, margens líquidas comprimidas e uma expressiva divergência nas métricas de preço-teto que demandam cautela na avaliação do preço de entrada.",,True,False,,,Em Alta,78.69999694824219,0.520970365956952,-11.231316348971387,False,False,False,sem sinal (Em Alta)
BBAS3,BOVA11+Carteira,BOVA11,Produtos financeiros,44.15,49.74,12.5,14.56,,0.4,,39.32,58.28,50.86,73.05,False,95,Não,,,False,2,6,False,,True,,False,False,False,,False,False,1,8,False,False,False,,False,,True,True,True,True,True,,True,115147972608.0,7.98,0.64,2.73,8.35,7.99,14.73,0.0,21.83,,,,,,2.99,66.61,-13.8,4.39,0.79,,92.12,7.71,17.8,27.31,12.2,-26.9,-3.4,1.2,0.73,19.969999313354492,11.905944121546261,15.101717535465696,22.673033300208623,41.915811278652825,27.564656546659663,15.761326135776537,10.88226011347643,,16.36050527324928,15.431521835621115,13.888369652059005,4,True,1.9,-30.453830097172474,-18.074582695110276,2026-11-11,2026-09-02,próxima,"O Banco do Brasil (BBAS3) apresenta um cenário de valuation descontado que contrasta diretamente com seus indicadores de rentabilidade atuais, uma vez que o múltiplo preço sobre lucro de 7,98 vezes e o preço sobre valor patrimonial de 0,64 revelam um papel negociado com forte desconto, embora seu ROE de 8,0% e seu ROIC de 0,0% fiquem bem abaixo das médias do setor de 15,9% e 0,2%, respectivamente. Essa relação de qualidade e preço indica que o mercado já precifica a rentabilidade inferior aos pares, enquanto a margem líquida robusta de 21,83% atua como um importante colchão de segurança para a operação. No campo dos proventos, o dividend yield de 2.73% mostra-se tímido e coerente com o atual momento de contração de resultados, refletido no recuo do crescimento de receita com um CAGR de cinco anos de -13,8%, patamar muito abaixo da média setorial de 4,2%. O checklist de critérios fundamentalistas reforça essa postura de cautela ao aprovar apenas 2 de 6 requisitos, evidenciando que a companhia falha em superar a taxa Selic e a média dos concorrentes em termos de retorno, destacando-se positivamente apenas pelo elevado valor de mercado e pela ausência de venda de ações por controladores. Sob a ótica do valuation por múltiplos métodos de preço-teto, observa-se uma enorme dispersão entre as projeções, variando desde os conservadores R$ 11,91 pelo modelo de Bazin e R$ 15,10 por Gordon, até os otimistas R$ 22,67 por fluxo de caixa descontado e R$ 41,92 pela fórmula de Graham. Essa divergência resulta em uma média de preço-teto de R$ 16,36 e uma mediana de R$ 15,43, o que posiciona o preço-teto ajustado com margem de segurança em R$ 13,89, gerando um upside negativo de -30,5% em relação à cotação atual de R$ 19,97. Em um balanço final, o investimento em BBAS3 traz como pontos positivos as margens operacionais historicamente elevadas, o forte desconto patrimonial e o elevado score de dividendos de 73,0, ao passo que os principais pontos negativos residem na tendência lateral das ações, no encolhimento recente das receitas frente ao setor e na expressiva distância do preço atual frente ao preço-teto ajustado por segurança.",,False,True,22.29,-10.41,Lateral,20.280000686645508,-1.52860632541868,-27.49383440864105,False,False,False,sem sinal (Lateral)
RADL3,BOVA11,BOVA11,Bens de primeira necessidade,44.01,42.95,50.0,,,0.0,,62.99,19.02,41.81,14.89,True,96,Não,,,False,6,8,False,,True,,False,False,True,False,True,True,5,10,True,True,True,False,True,True,True,False,False,True,True,1.09,True,33851662336.0,25.27,4.65,2.27,1.44,18.41,18.18,16.71,2.88,7.24,2.06,1.72,1.41,1.18,2.16,36.51,14.4,16.59,7.8,0.84,70.85,29.09,16.14,26.71,20.2,-27.4,1.6,1.22,0.58,19.399999618530273,2.002220649826353,3.714119305427885,10.172140678493315,8.489143658487551,10.082257742674212,7.542853166357342,7.691046835489135,13.63549921457183,8.761008657357323,8.489143658487551,7.6402292926387965,7,True,6.8,-60.61737400581654,-54.84016067201836,n/d,n/d,,,,False,False,,,Em Alta,20.219999313354492,-4.055389330713988,-28.484998930265427,False,False,False,sem sinal (Em Alta)
SLCE3,BOVA11+SMALL11,BOVA11,Bens de primeira necessidade,43.09,47.17,20.0,,,0.0,,52.74,37.28,37.62,65.96,True,97,Não,Fundo duplo,"Fundo duplo (pré-confirmação) — pescoço R$14.02, preço 14.2% acima do pescoço; falta fechar acima e segurar",False,2,8,False,,True,,False,False,False,False,True,False,2,10,False,False,False,False,True,False,True,False,False,True,True,1.87,True,7822177792.0,20.25,1.45,5.11,7.05,7.16,17.38,10.84,4.41,6.47,4.42,5.7,2.2,1.82,0.84,142.75,24.2,11.2,6.41,0.63,73.5,23.57,12.62,19.32,26.9,-17.1,5.7,0.51,0.36,16.010000228881836,8.061612844622262,14.954291826774297,10.475679162107866,14.014773467585435,23.718518857602717,9.032508696563744,9.566469272566431,10.006601870367763,12.478806999773814,10.241140516237815,9.217026464614033,8,True,2.9,-42.429566940376205,-22.056172258747342,n/d,n/d,,,,False,False,,,Em Alta,16.290000915527344,-1.7188500362735781,-17.81313857749779,False,False,False,sem sinal (Em Alta)
USIM5,BOVA11+SMALL11,BOVA11,Materiais,42.55,46.53,20.0,,,1.0,P/L=-3.89<2,10.18,87.44,71.0,58.87,False,98,Não,,,False,4,8,False,,False,,False,False,False,True,True,False,2,10,False,False,False,False,True,True,True,True,False,False,True,-0.02,True,8862787584.0,-3.89,0.43,0.0,6.28,-11.18,-0.65,4.67,-9.36,3.6,-0.18,-0.44,4.44,0.27,,,301.7,5.34,1.64,1.4,33.58,58.33,4.18,12.04,71.5,-40.4,-15.3,0.91,0.34,7.170000076293945,3.2144169217082657,5.962743389768833,,,,,,9.809989751681186,6.329050021052762,5.962743389768833,5.36646905079195,3,True,3.1,-25.153849460406295,-11.728731468519825,n/d,n/d,,,,False,False,,,Em Baixa,7.190000057220459,-0.2781638493372318,-41.133005774662266,False,False,False,sem sinal (Em Baixa; sem novo topo (-0.3%))
FRAS3,SMALL11,SMALL11,Consumo discricionário,42.49,41.16,50.0,,,0.9,,54.45,17.04,46.02,31.91,False,99,Não,Fundo duplo,"Fundo duplo (pré-confirmação) — pescoço R$21.17, preço 8.9% acima do pescoço; falta fechar acima e segurar",False,5,8,False,,True,,False,False,True,False,True,True,5,10,True,False,True,False,True,True,True,False,False,True,True,0.6,True,6381480960.0,22.02,2.56,2.68,3.07,11.62,14.99,15.27,5.39,7.44,1.64,1.51,2.41,1.13,5.83,67.52,155.0,14.19,6.92,0.72,65.64,34.06,18.96,25.01,21.6,-7.8,8.3,0.81,0.52,23.059999465942383,5.050688915059773,7.175729495849572,10.627457607784082,14.568737290106931,7.163504695555116,8.436256192575577,5.2819332800595875,10.726875340444472,8.628897852179389,7.805992844212574,7.025393559791317,8,True,2.9,-69.53428567868262,-62.580667597484016,n/d,n/d,,,,False,False,,,Em Alta,23.350000381469727,-1.241973922011086,-8.213602150774923,False,False,False,sem sinal (Em Alta)
SUZB3,BOVA11,BOVA11,Materiais,42.19,47.87,10.0,,,1.0,,52.53,60.61,29.81,31.21,False,100,Fundo triplo,,,False,5,8,False,,False,,False,False,True,False,False,False,1,10,True,True,False,True,False,False,True,True,True,True,False,1.68,False,56639479808.0,7.12,1.17,0.01,3.06,16.44,27.73,5.54,17.08,6.35,3.68,9.21,3.38,1.99,0.55,21.81,-64.0,6.31,3.15,0.57,73.83,26.09,39.68,58.97,16.9,-21.3,8.1,0.42,0.26,46.400001525878906,10.151778871920815,18.83154980741311,86.34831744633361,76.25640482050953,103.73311087371579,16.001711496647584,70.0658376299234,22.72912505392368,,,,6,False,10.2,,,n/d,n/d,,,Fundo triplo,False,False,,,Em Alta,46.34000015258789,0.12948073606700028,-22.205008438148667,False,True,False,Fundo triplo — rompeu pescoço ~R$43.58 (candidato)
ENGI11,BOVA11,BOVA11,Serviços públicos,42.07,42.44,40.0,,,0.1,,50.77,38.2,23.96,52.48,True,101,Não,Fundo duplo,"Fundo duplo (pré-confirmação) — pescoço R$51.55, preço 7.9% abaixo do pescoço; falta fechar acima e segurar",False,3,8,False,,True,,False,False,False,False,True,True,4,10,False,False,True,False,False,False,True,True,False,True,True,2.32,True,14508625920.0,15.73,1.22,2.4,5.38,7.78,17.19,10.25,4.13,5.82,4.32,5.9,1.56,1.99,13.16,84.64,7.9,19.64,4.83,0.34,74.62,23.0,42.0,57.51,13.1,-17.4,-3.0,1.32,0.86,47.5,18.256681768058495,20.198738566589594,23.86378095552023,51.4328502242105,19.856942037227437,23.27481926954393,10.334911228482264,120.2965411332743,,,,7,False,11.6,,,n/d,n/d,,,,False,False,,,Lateral,48.91815185546875,-2.8990299135968067,-18.943225147185426,False,False,False,sem sinal (Lateral)
AXIA3,BOVA11+Carteira,BOVA11,Serviços públicos,41.8,38.59,60.0,,,0.1,,39.95,24.09,49.93,46.1,True,102,Não,Fundo duplo,"Fundo duplo (pré-confirmação) — pescoço R$55.62, preço 5.4% abaixo do pescoço; falta fechar acima e segurar",False,3,8,False,,True,,False,False,False,True,True,True,6,10,False,False,False,True,False,True,True,False,True,False,True,0.54,True,120904982528.0,12.96,1.28,2.79,4.28,9.86,5.35,3.25,27.05,15.59,2.95,7.36,2.05,0.63,2.95,55.42,9.7,9.12,3.03,0.39,57.63,42.34,41.67,67.15,26.2,-21.7,-4.1,1.41,0.65,52.599998474121094,16.06764463542064,24.449563631219217,44.11350734642555,61.258943856520816,35.19545558683347,26.762973469102036,22.05510054351571,21.525479780069528,31.428583606138368,25.606268550160628,23.045641695144568,8,True,3.8,-56.186991704034185,-40.24983931967022,2026-11-04,2025-11-17,última,"A análise fundamentalista da AXIA3 revela uma empresa de serviços públicos que apresenta desafios em sua relação de qualidade e preço, uma vez que seu retorno sobre o patrimônio líquido de 9,9% e o retorno sobre o capital investido de 3,2% situam-se abaixo dos pares do setor (12,1% e 9,6%, respectivamente), não justificando plenamente os múltiplos de valuation praticados, como o preço sobre lucro de 12,96 e o preço sobre valor patrimonial de 1,28. No âmbito da rentabilidade versus endividamento, a companhia se destaca positivamente por manter uma alavancagem financeira controlada, com a relação entre dívida líquida e EBITDA em 2,95, patamar que se posiciona abaixo da média setorial de 3,4 e confere segurança operacional mesmo diante de retornos mais modestos. Essa estrutura de capital saneada, contudo, não se traduz em proventos robustos, visto que o dividendo de 2,79% mostra-se tímido e reflete a necessidade de retenção de caixa frente a um crescimento histórico de receita de 9,7% nos últimos cinco anos, ritmo este muito abaixo da média de 37,6% registrada pelo seu setor. O checklist de critérios reforça essa postura de cautela ao apontar que a empresa atende a apenas 3 dos 8 requisitos estabelecidos, falhando em superar a taxa Selic ou a média setorial em termos de rentabilidade, embora cumpra os requisitos de margem líquida elevada de 27,05%, porte de mercado e endividamento sob controle. Sob a ótica do valuation, o preço atual de R$ 52,60 evidencia uma expressiva dispersão entre os métodos de cálculo de preço-teto, variando desde os conservadores R$ 16,07 pelo método de Bazin até R$ 61,26 pela fórmula de Graham, resultando em uma média de R$ 31,43 e uma mediana de R$ 25,61. Essa disparidade culmina em um preço-teto ajustado com margem de segurança de R$ 23,05, o que projeta um expressivo potencial de desvalorização de 56,2% em relação à cotação de mercado atual. Em balanço, os principais pontos favoráveis residem na excelente liquidez corrente de 2,05, na robusta margem líquida e no endividamento inferior ao limite setorial, enquanto os fatores contrários concentram-se no fraco crescimento histórico, na rentabilidade abaixo dos pares e no valuation esticado que limita o retorno ao acionista.",,False,True,59.55,-11.67,Em Alta,53.650001525878906,-1.9571351759446354,-22.464620705260185,False,False,False,sem sinal (Em Alta)
PNVL3,SMALL11,SMALL11,Bens de primeira necessidade,41.75,36.77,70.0,,,0.0,,36.35,43.25,36.65,22.7,True,103,Não,Fundo duplo,"Fundo duplo (pré-confirmação) — pescoço R$11.32, preço 5.8% acima do pescoço; falta fechar acima e segurar",False,4,8,False,,True,,False,False,True,False,True,True,7,10,False,True,False,False,True,False,True,True,False,False,True,0.81,True,1783544960.0,13.04,1.36,2.75,2.49,10.45,8.49,9.66,2.33,5.7,4.17,6.05,1.75,1.07,1.85,32.48,17.6,8.17,4.98,0.9,66.54,33.46,8.82,16.07,35.8,-25.5,-0.1,1.41,0.7,11.970000267028809,2.1296335985204315,3.9504703252554005,12.162768676237093,13.482709251786792,8.76328570562052,5.737621688725145,6.523398947965197,11.97000026702881,8.941464980374137,8.76328570562052,7.886957135058468,7,True,6.3,-34.110635262198144,-25.301046107715862,n/d,n/d,,,,False,False,,,Em Alta,12.180000305175781,-1.724138201028902,-26.543135902883964,False,False,False,sem sinal (Em Alta)
VAMO3,BOVA11+SMALL11,BOVA11,Bens Industriais,41.03,44.74,20.0,,,0.7,,52.09,52.07,27.21,28.37,False,104,Não,,,False,4,8,False,,True,,False,False,False,False,False,False,2,10,True,False,True,False,False,False,True,True,False,True,False,3.87,False,3653004288.0,11.57,1.11,4.16,2.93,9.57,14.8,15.52,5.1,3.89,3.09,2.79,1.67,4.84,1.83,33.91,-1.9,5.0,7.32,0.32,88.84,11.16,2.48,4.82,22.2,-37.1,-7.2,2.06,0.65,3.0299999713897705,0.6343934000049017,1.1767997570090927,3.469965395066072,4.010566432856011,2.4239037958167975,2.6359495103128947,1.7406897204855944,9.095071583324174,,,,6,False,14.3,,,n/d,n/d,,,,False,False,,,Em Baixa,3.109999895095825,-2.5723449004679044,-38.663968900951176,False,False,False,sem sinal (Em Baixa; sem novo topo (-2.6%))
UNIP6,SMALL11,SMALL11,Materiais,39.52,42.97,20.0,,,1.0,,51.72,11.94,34.97,97.16,False,105,Não,,,False,4,8,False,,True,,False,False,True,False,False,False,2,10,False,True,True,False,False,False,True,True,False,True,True,1.25,True,6188332032.0,23.54,3.14,11.68,15.84,13.34,34.18,11.66,5.09,8.57,2.72,3.27,2.39,1.85,,372.99,-46.1,10.48,4.48,0.47,74.89,24.93,53.05,71.62,4.0,-22.9,-9.5,0.71,0.4,55.189998626708984,62.46314021902227,90.94633215889644,24.383007039837445,30.44974002332082,,31.018850384254566,6.263217467650553,21.40204343348154,,,,5,False,14.5,,,n/d,n/d,,,,False,False,,,Em Baixa,61.720001220703125,-10.58004287887755,-24.082134713891,False,False,False,sem sinal (Em Baixa; sem novo topo (-10.6%))
AUAU3,SMALL11,SMALL11,Consumo discricionário,39.15,34.29,66.66666666666667,,,0.9,,31.38,52.35,30.07,10.64,False,106,Não,,,False,2,8,False,,,,,,False,True,True,,2,3,False,False,False,False,False,True,True,False,False,False,True,0.51,True,2883659008.0,14.98,0.91,0.9,0.92,6.04,,7.01,3.84,3.12,2.53,5.05,1.26,0.7,2.88,13.78,22.2,9.88,5.6,,,,2.8,3.87,17.7,-14.6,-1.4,0.88,0.42,3.299999952316284,0.21684692274157955,0.3632642099384286,2.635988024123126,4.23963618152881,1.3498689971612605,0.5323255219280377,1.3096013161198383,10.11118901106369,,,,4,False,46.6,,,n/d,n/d,,,,False,False,,,Lateral,3.569999933242798,-7.563024817237462,-18.186061169569857,False,False,False,sem sinal (Lateral)
HAPV3,BOVA11+SMALL11,BOVA11,Cuidados de saúde,38.81,35.85,55.55555555555556,,,0.2,P/L=-18.79<2,12.07,81.06,47.95,5.67,True,107,Não,,,False,2,8,False,,False,,False,,False,True,True,False,5,9,False,False,False,False,True,False,True,False,False,False,True,0.16,True,3083320576.0,-18.79,0.07,0.0,0.13,-0.36,-1.11,2.12,-0.55,4.16,3.07,7.69,1.84,0.33,,,41.3,5.42,1.55,0.45,33.25,66.74,6.09,41.71,7.6,-84.3,-40.0,1.58,0.35,6.550000190734863,0.06300659616723851,0.11687723589022744,,,,,,14.39542003429921,,,,2,False,228.5,,,n/d,n/d,,,,False,False,,,Em Baixa,11.130000114440918,-41.15004381503654,-84.64603794148347,False,False,False,sem sinal (Em Baixa; sem novo topo (-41.2%))
EMBJ3,BOVA11,BOVA11,Bens Industriais,38.79,33.87,66.66666666666667,,,0.7,,44.47,12.49,49.4,8.51,False,108,Pivô de alta,,,False,4,8,False,,False,,False,,True,True,True,False,6,9,False,False,False,False,True,True,True,True,False,False,True,0.14,True,67780755456.0,30.27,3.94,1.03,0.71,13.01,5.09,9.61,5.28,11.52,0.52,0.76,1.44,0.69,2.97,21.63,113.9,16.83,3.7,0.82,70.5,26.66,68.4,103.57,42.7,-5.8,18.7,0.83,0.37,97.61000061035156,4.982479587013226,9.242499633909533,42.72654470059987,42.39662181432417,35.18195899302742,17.64650211927588,29.28029177033789,44.08436660991484,,,,6,False,8.8,,,n/d,n/d,,,Pivô de alta,False,False,,,Em Alta,101.29000091552734,-3.6331328580446853,-7.134186680461729,False,True,False,Pivô de alta
NATU3,BOVA11+SMALL11,BOVA11,Bens de primeira necessidade,38.37,42.93,12.5,,,0.0,P/L=-4.52<2,39.45,56.11,54.51,2.48,True,109,Fundo duplo,,,False,2,8,False,,False,,,,False,True,False,False,1,8,False,False,False,False,False,True,True,False,False,True,True,0.35,True,12002652160.0,-4.52,0.95,0.0,0.0,-21.11,16.32,10.18,-12.47,5.16,2.58,3.54,1.68,0.54,,,-88.9,9.21,2.55,0.77,55.21,44.79,7.2,10.7,23.8,-16.7,-1.7,1.15,0.42,8.90999984741211,,,,,,,,10.771630703545231,10.771630703545231,10.771630703545231,9.694467633190708,1,True,1.0,8.804352404186023,20.89372489354002,n/d,n/d,,,Fundo duplo,False,False,,,Em Alta,8.9399995803833,-0.3355674986497581,-20.08968473322179,False,True,False,Fundo duplo — rompeu pescoço ~R$8.73 (candidato)
SMFT3,BOVA11+SMALL11,BOVA11,Consumo discricionário,38.28,37.98,40.0,,,0.9,,49.56,41.62,13.61,25.53,False,110,Não,,,False,1,8,False,,False,,False,False,True,False,False,False,4,10,False,False,False,False,False,False,True,False,True,False,False,1.82,False,10322611200.0,15.1,1.71,6.0,2.63,11.3,9.4,10.6,8.53,3.84,4.32,5.7,1.2,2.24,2.22,39.69,-6.3,8.32,5.98,0.3,73.66,26.34,16.61,26.03,2.5,-34.6,-9.6,1.29,0.61,17.030000686645508,3.1975341446896306,5.931425838399264,14.943543648877677,15.89715452361429,10.65040732646187,13.031253096616394,7.843954326371962,,11.38295646005691,11.840830211539132,10.656747190385218,6,True,5.0,-37.42368314323107,-33.15938930652461,n/d,n/d,,,,False,False,,,Em Baixa,18.3799991607666,-7.344932185866259,-35.50167171434436,False,False,False,sem sinal (Em Baixa; sem novo topo (-7.3%))
AZZA3,BOVA11+SMALL11,BOVA11,Consumo discricionário,37.95,39.35,30.0,,,0.9,,24.83,62.35,43.8,38.3,False,111,Não,,,False,1,8,False,,True,,False,False,False,True,False,True,3,10,False,False,False,False,False,False,True,False,False,True,True,0.38,True,2963898368.0,9.34,0.38,16.88,3.53,4.03,11.4,5.88,2.85,3.6,2.74,6.52,2.26,0.49,3.46,33.01,-94.3,3.07,3.33,0.93,48.36,51.64,14.54,31.78,1.7,-53.5,-20.4,1.23,0.48,14.789999961853027,3.7340503974429597,4.750965488714784,14.391132157881264,37.238672914810465,9.871878895363233,48.41104884039808,6.917256498745988,27.468540129230952,,,,4,False,13.0,,,n/d,n/d,,,,False,False,,,Em Baixa,17.010000228881836,-13.051147778701367,-54.69824771723877,False,False,False,sem sinal (Em Baixa; sem novo topo (-13.1%))
RAIL3,BOVA11,BOVA11,Bens Industriais,37.11,34.84,50.0,,,0.7,,50.27,25.5,22.51,13.48,False,112,Não,,,False,2,8,False,,False,,False,False,False,False,True,True,5,10,False,False,False,False,True,False,True,False,True,False,False,1.64,False,27615232000.0,22.54,1.91,0.73,1.31,8.48,1.9,12.06,8.53,6.16,3.16,3.66,1.31,2.01,3.77,29.53,56.8,11.6,7.07,0.25,73.88,25.74,12.33,17.04,20.1,-13.1,3.1,1.14,0.58,14.8100004196167,1.386019550169894,2.5626813275219598,8.677574916750233,10.7066274318662,4.787218444551529,7.688860390940986,4.223256306332927,11.50778129173654,,,,7,False,8.3,,,n/d,n/d,,,,False,False,,,Em Alta,14.59000015258789,1.5078839254829335,-14.534672704443597,False,False,False,sem sinal (Em Alta)
CBAV3,SMALL11,SMALL11,Materiais,37.0,38.24,30.0,,,1.0,,39.03,39.4,38.9,30.5,False,113,Não,,,False,4,8,False,,False,,False,False,True,True,True,False,3,10,False,True,False,False,True,False,True,True,False,False,True,0.57,True,7305035776.0,12.22,1.44,0.39,3.04,11.81,-1.32,6.25,6.41,6.54,1.95,4.36,2.06,0.89,1.65,37.18,28.1,9.59,3.49,0.48,67.68,30.73,3.22,11.21,248.5,0.0,3.9,0.25,0.12,11.210000038146973,2.4360210231245203,4.518818997895985,12.154869108465414,12.675935600985852,9.597028730239817,0.7922538304622297,6.728795259018149,7.42587936633825,,,,6,False,16.0,,,n/d,n/d,,,,False,False,,,Em Alta,11.199999809265137,0.08928775939409661,-0.35555521647135935,False,False,False,sem sinal (Em Alta)
TIMS3,BOVA11,BOVA11,Comunicação,36.99,31.16,70.0,,,0.4,,31.11,7.82,37.39,77.3,False,114,Não,,,False,3,8,False,,True,,False,False,False,True,True,True,7,10,False,False,False,True,True,False,True,False,True,True,True,0.49,True,43467354112.0,3205.62,1.75,8.02,8.95,0.05,11.85,0.76,15.78,111.71,1.05,2.63,0.85,0.66,1282.25,28699.07,2.5,8.66,7.75,0.43,57.89,42.11,17.94,27.96,2.2,-34.5,-17.5,0.81,0.49,18.329999923706055,11.721688137838962,14.626628241564267,,,,30.75,,0.6870532318141034,,,,3,False,44.8,,,n/d,n/d,,,,False,False,,,Em Baixa,18.899999618530273,-3.01587146205744,-35.343076535955895,False,False,False,sem sinal (Em Baixa; sem novo topo (-3.0%))
YDUQ3,BOVA11+SMALL11,BOVA11,Consumo discricionário,36.15,35.47,40.0,,,0.9,,34.82,42.99,25.41,39.72,False,115,Fundo duplo,,,False,1,8,False,,False,,False,False,False,False,True,False,4,10,False,False,False,False,False,False,True,False,False,False,False,1.48,True,2249327104.0,21.34,0.83,6.44,3.6,3.89,5.03,11.35,2.04,3.88,3.14,3.87,1.61,1.72,23.68,76.83,1.0,4.17,7.39,0.4,70.08,29.69,7.32,14.76,21.0,-40.0,-3.3,1.62,0.58,8.859999656677246,2.2784946249240656,2.4572173367000727,3.1982088203218875,9.985934437661033,1.8689876573231208,5.9066650584629,1.3443378615380495,14.36284499478099,,,,6,False,10.7,,,n/d,n/d,,,Fundo duplo,False,False,,,Lateral,8.880000114440918,-0.22523037731887463,-42.05363192425094,False,True,False,Fundo duplo — rompeu pescoço ~R$8.38 (candidato)
RAPT4,SMALL11,SMALL11,Bens Industriais,36.03,40.62,10.0,,,0.7,P/L=-4.88<2,19.47,82.71,32.16,47.52,False,116,Não,Fundo duplo,"Fundo duplo (pré-confirmação) — pescoço R$5.14, preço 6.2% abaixo do pescoço; falta fechar acima e segurar",False,1,8,False,,False,,False,False,False,False,True,False,1,10,False,False,False,False,False,False,True,False,False,False,True,1.82,False,1684161920.0,-4.88,0.56,0.0,4.31,-11.45,8.95,9.51,-2.65,3.86,2.95,4.35,2.12,2.11,,,0.5,3.79,5.22,0.76,74.66,17.25,4.35,6.9,10.8,-30.1,-2.7,1.3,0.58,4.820000171661377,1.482729243802358,1.5453333674295686,,,,,,13.473369895680767,,,,2,False,9.1,,,n/d,n/d,,,,False,False,,,Lateral,5.039999961853027,-4.365075235253856,-31.33902870715929,False,False,False,sem sinal (Lateral)
POSI3,SMALL11,SMALL11,Tecnologia de informação,35.66,36.66,30.0,,,0.5,,21.47,52.53,36.69,65.25,False,117,Não,,,False,0,8,False,,True,,False,False,False,True,True,False,3,10,False,False,False,False,False,False,False,False,False,True,False,0.5,True,465261664.0,38.22,0.31,5.34,6.9,0.8,10.68,6.93,0.36,3.73,3.07,6.21,1.82,0.81,3.32,263.61,11.5,1.99,3.74,0.97,64.77,35.23,3.28,4.72,1.8,-29.2,-14.6,1.09,0.49,3.3399999141693115,1.6454636466452734,3.0523350645269822,1.1579015924317992,4.60268789222791,1.6077051299314735,0.7445919647652398,0.8651491143452691,16.476571529698084,,,,6,False,22.1,,,n/d,n/d,,,,False,False,,,Em Baixa,3.5299999713897705,-5.382437925223426,-30.416671219799074,False,False,False,sem sinal (Em Baixa; sem novo topo (-5.4%))
SIMH3,SMALL11,SMALL11,Industrials,34.82,37.43,20.0,,,0.7,P/L=-20.94<2,26.94,80.69,16.83,17.73,False,118,Não,,,False,5,8,False,,False,,False,False,False,False,True,False,2,10,False,True,True,False,True,False,True,True,False,False,False,7.83,False,3817785856.0,-20.94,0.65,2.62,2.25,-3.1,-1.12,11.25,-0.4,3.77,3.53,4.39,1.28,6.05,,,8.8,2.08,6.03,0.36,91.64,5.09,5.63,14.3,16.0,-54.3,-23.7,2.34,0.7,6.53000020980835,1.0500391603662946,1.9478226424794762,,,,,,44.88389887435632,,,,2,False,42.7,,,n/d,n/d,,,,False,False,,,Em Baixa,7.139999866485596,-8.543412718262367,-55.30241953658547,False,False,False,sem sinal (Em Baixa; sem novo topo (-8.5%))
ARML3,SMALL11,SMALL11,Bens Industriais,34.21,34.95,30.0,,,0.7,,33.67,36.67,27.99,50.35,False,119,Fundo duplo,,,False,2,8,False,,True,,False,False,False,False,True,False,3,10,False,False,False,False,False,False,True,True,False,True,False,1.74,False,1263024000.0,20.41,0.92,12.8,4.8,4.51,11.22,9.85,3.11,4.85,3.29,4.68,1.89,2.12,216.06,97.91,20.9,3.29,5.25,0.54,75.09,23.96,2.71,6.17,36.0,-40.4,-0.5,1.87,0.56,3.680000066757202,1.2609089697151552,1.270673792398243,1.297857839344858,4.0283172824626154,0.8819378176824171,2.295529039283699,0.4923745537415686,5.189162701709523,,,,5,False,10.5,,,n/d,n/d,,,Fundo duplo,False,False,,,Em Alta,3.700000047683716,-0.5405400180747089,-41.58730229612979,False,True,False,Fundo duplo — rompeu pescoço ~R$3.56 (candidato)
JSLG3,SMALL11,SMALL11,Bens Industriais,33.74,36.17,20.0,,,0.7,P/L=-15.02<2,21.05,57.67,14.24,94.33,False,120,Não,,,False,1,8,False,,True,,False,False,False,False,False,False,2,10,False,False,False,False,False,False,True,False,False,True,False,5.26,False,1569529088.0,-15.02,1.33,34.88,13.88,-8.83,13.19,9.68,-1.07,4.25,4.15,6.0,1.38,6.52,,,-44.0,3.07,4.78,0.43,89.08,10.92,3.88,8.64,38.5,-37.8,-13.0,2.09,0.61,5.369999885559082,5.323748899584477,7.7513783977949995,,,,,,,6.537563648689739,6.537563648689739,5.883807283820765,2,True,1.5,9.56810817898537,21.74234242109485,n/d,n/d,,,,False,False,,,Em Baixa,5.619999885559082,-4.448398667095876,-39.11564544939471,False,False,False,sem sinal (Em Baixa; sem novo topo (-4.4%))
CSNA3,BOVA11+SMALL11,BOVA11,Materiais,33.63,37.8,10.0,,,1.0,P/L=-2.63<2,15.62,78.71,7.6,95.74,False,121,Não,,,False,2,8,False,,False,,False,False,False,False,True,False,1,10,False,False,False,False,False,False,True,True,False,False,False,3.31,False,6908949504.0,-2.63,0.57,0.0,15.41,-21.59,-7.63,8.07,-5.82,4.28,5.46,9.47,1.15,3.57,,,5.7,-50.46,2.17,0.39,84.35,12.8,4.28,10.89,25.5,-50.7,-5.1,1.66,0.53,5.369999885559082,5.911211521619795,10.539049168304784,,,,,,,8.22513034496229,8.22513034496229,7.402617310466061,2,True,1.8,37.85134950138567,53.16816611265074,n/d,n/d,,,,False,False,,,Lateral,5.269999980926514,1.8975314040700964,-52.56183718790754,False,False,False,sem sinal (Lateral)
BRAP4,BOVA11+SMALL11,BOVA11,Basic Materials,33.48,34.98,25.0,,,1.0,DY5a=24.3%>=20,14.87,39.37,74.72,,False,122,Fundo triplo,,,False,4,6,False,,True,,False,False,False,True,,False,2,8,False,True,True,False,,,True,True,False,True,True,,True,8734606336.0,14.95,1.09,10.61,24.29,7.26,23.82,-0.47,0.0,-227.85,,,5.68,0.0,2.06,363.19,,2.97,-0.74,,4.4,95.6,14.38,25.49,55.4,-12.3,-0.4,0.92,0.63,22.350000381469727,38.7827105266895,71.94192802700901,19.808528766185542,26.262432466666052,44.849499093250294,15.342069641277186,10.81599062894556,,25.976871853835693,23.035480616425797,20.731932554783217,6,True,6.7,-7.239676953330354,16.22761257477645,n/d,n/d,,,Fundo triplo,False,False,,,Em Alta,21.950000762939453,1.8223216611711335,-12.797498582511736,False,True,False,Fundo triplo — rompeu pescoço ~R$22.00 (candidato)
MYPK3,SMALL11,SMALL11,Consumo discricionário,32.91,35.19,20.0,,,0.9,,24.86,51.94,28.48,53.19,False,123,Não,,,False,1,8,False,,True,,False,False,False,False,True,False,2,10,False,False,False,False,False,False,True,False,False,False,True,0.95,True,1359909504.0,15.26,0.34,3.38,5.41,2.23,4.01,8.93,0.6,3.5,2.9,4.54,1.73,1.23,39.26,82.57,0.1,3.91,3.75,0.65,66.29,30.03,8.74,13.84,4.0,-34.3,-2.4,0.79,0.48,9.09000015258789,3.513201133787768,3.627571376047641,4.393334525068588,18.929468682440774,3.4546541114901577,7.742523561520691,1.7368386882041025,21.77146113239846,,,,6,False,12.5,,,n/d,n/d,,,,False,False,,,Em Baixa,9.399999618530273,-3.2978667927951677,-34.660759826909306,False,False,False,sem sinal (Em Baixa; sem novo topo (-3.3%))
CASH3,SMALL11,SMALL11,Comunicação,32.79,28.77,55.55555555555556,,,0.4,P/L=-5.72<2,1.35,44.9,83.44,2.48,False,124,Não,Bandeira de alta,"Bandeira de alta (pré-confirmação) — pescoço R$5.65, preço 4.6% acima do pescoço; falta fechar acima e segurar",False,2,8,False,,False,,False,,False,True,True,False,5,9,False,False,False,False,True,True,False,False,False,False,True,-0.29,True,576070400.0,-5.72,1.34,0.0,0.0,-23.45,-3.01,-16.62,-20.31,-8.95,-1.12,-2.8,2.68,0.0,,,18.2,6.43,9.61,1.74,18.27,80.69,3.24,5.91,82.4,0.0,34.0,0.94,0.32,5.909999847412109,,,,,,,,,,,,0,True,,,,n/d,n/d,,,,False,False,,,Em Alta,5.730000019073486,3.141358250252302,-1.5000025431315067,False,False,False,sem sinal (Em Alta)
TTEN3,SMALL11,SMALL11,Bens de primeira necessidade,32.78,29.74,50.0,,,0.0,,35.33,31.49,24.19,11.35,True,125,Não,,,False,2,8,False,,True,,False,True,True,False,False,True,5,10,False,True,False,False,False,False,True,False,False,True,False,0.75,True,5735047680.0,9.75,1.15,1.59,0.95,11.76,18.41,4.0,3.19,17.63,7.5,18.75,1.36,1.03,0.91,9.29,-37.7,5.7,1.74,0.97,64.13,35.82,9.93,17.74,13.3,-36.6,-22.6,0.81,0.37,11.25,0.765609959323095,1.420206474544341,15.288461538461535,15.93648555693364,13.408067909690796,1.6480786247041106,10.819333916944066,,,,,4,False,20.8,,,n/d,n/d,,,,False,False,,,Em Baixa,11.59000015258789,-2.933564694664592,-37.15083664943837,False,False,False,sem sinal (Em Baixa; sem novo topo (-2.9%))
DESK3,SMALL11,SMALL11,Comunicação,31.8,32.12,30.0,,,0.4,,39.33,27.05,34.38,7.8,False,126,Não,,,False,3,8,False,,True,,False,False,False,False,False,True,3,10,False,True,True,False,False,False,True,False,False,False,True,0.9,True,2162516736.0,38.71,1.51,1.0,0.44,3.91,6.21,11.53,4.4,5.2,2.09,2.53,1.41,1.21,11.92,16.91,-50.0,10.94,6.52,0.32,62.73,36.49,7.84,18.96,135.6,-2.6,2.2,0.67,0.19,18.460542678833008,0.5760472922299662,0.7744861394434408,4.579823771967749,11.453432572829579,1.7576601897702988,0.6742367133644104,2.247847913256994,18.460542678833008,,,,3,False,32.0,,,n/d,n/d,,,,False,False,,,Lateral,18.959476470947266,-2.6315800063298367,-3.5956209008148665,False,False,False,sem sinal (Lateral)
DXCO3,SMALL11,SMALL11,Materiais,31.22,33.2,20.0,,,1.0,P/L=-132.52<2,14.01,70.76,27.6,36.88,False,127,Bandeira de alta,,,False,2,8,False,,True,,False,False,False,False,True,False,2,10,False,False,False,False,False,False,True,True,False,False,False,0.88,True,4720927232.0,-132.52,0.69,0.0,3.46,-0.52,6.92,4.35,-0.43,4.76,3.22,8.04,1.98,1.19,,,5.2,8.39,2.48,0.51,62.06,36.03,4.44,6.09,18.1,-14.0,3.4,1.18,0.6,5.239999771118164,1.2942997707020287,2.166187161693123,,,,,,6.020931258896678,1.7302434661975759,1.7302434661975759,1.5572191195778182,2,True,4.7,-70.28207657258116,-66.98008508064575,n/d,n/d,,,Bandeira de alta,False,False,,,Em Alta,5.289999961853027,-0.9451831965108126,-15.755627847750953,False,True,False,"Bandeira de alta — mastro +14%, recuo 45%, bandeira 15d (candidato)"
BRAV3,BOVA11+SMALL11,BOVA11,Energia,30.4,29.88,33.333333333333336,,,0.9,,22.83,58.0,19.5,12.06,False,128,Não,,,False,1,8,False,,False,,False,,False,False,False,True,3,9,False,False,False,False,False,False,True,False,False,False,False,1.17,True,7897232896.0,145.02,0.64,0.73,1.08,0.44,3.55,8.3,0.44,3.1,3.05,5.14,1.26,1.55,,156.42,-17.3,4.83,3.71,0.27,72.43,27.57,13.35,21.64,31.1,-19.1,-10.1,0.46,0.22,17.5,1.3482451993146591,1.963045010202144,1.2549993104399393,8.61639044308504,,1.6666666666666667,0.3223693283685009,,,,,4,False,26.7,,,n/d,n/d,,,,False,False,,,Em Baixa,18.799999237060547,-6.914889839451965,-20.975418934443766,False,False,False,sem sinal (Em Baixa; sem novo topo (-6.9%))
PRNR3,SMALL11,SMALL11,Bens Industriais,30.02,31.79,20.0,,,0.7,,39.09,24.43,32.67,15.6,False,129,Não,,,False,2,8,False,,False,,False,False,False,False,True,False,2,10,False,False,False,False,True,False,True,False,False,False,True,1.2,True,1006746368.0,22.96,2.11,0.0,1.69,9.17,4.0,10.43,2.55,5.83,2.44,3.27,1.85,1.76,4.09,38.72,27.8,5.05,6.01,0.64,70.26,25.54,14.63,21.97,20.0,-20.1,-5.5,1.17,0.6,17.549999237060547,2.114176581058406,3.730125105155595,9.6329503672455,11.96027571768681,5.584250642635428,5.53538101055986,4.741756130297635,15.78993633088096,6.864123162263471,5.559815826597644,5.00383424393788,6,True,7.5,-71.48812272668809,-60.888185409328,n/d,n/d,,,,False,False,,,Em Baixa,18.600000381469727,-5.645167327282663,-20.55229010487568,False,False,False,sem sinal (Em Baixa; sem novo topo (-5.6%))
LWSA3,SMALL11,SMALL11,Tecnologia de informação,29.1,30.71,20.0,,,0.5,P/L=-11.84<2,12.22,49.22,49.66,29.79,False,130,Fundo duplo,,,False,2,7,False,,False,,False,False,False,True,True,False,2,10,False,False,False,False,True,,True,False,False,False,True,,True,2418294784.0,-11.84,1.0,7.13,2.94,-8.41,-2.3,5.89,-13.29,6.26,,,1.18,0.03,,,108.1,11.58,-3.98,1.15,32.17,67.83,3.38,4.67,28.0,-7.2,13.2,1.37,0.54,4.329999923706055,0.9106060416591855,1.6891742072777889,,,,,,,1.299890124468487,1.299890124468487,1.1699011120216385,2,True,1.9,-72.98149809156767,-69.9794423239641,n/d,n/d,,,Fundo duplo,False,False,,,Em Alta,4.21999979019165,2.6066383645343416,-8.856984890296339,False,True,False,Fundo duplo — rompeu pescoço ~R$4.11 (candidato)
LJQQ3,SMALL11,SMALL11,Consumo discricionário,28.99,32.14,11.11111111111111,,,0.9,P/L=-1.15<2,6.56,88.1,13.12,45.39,False,131,Não,,,False,0,8,False,,False,,False,,False,False,True,False,1,9,False,False,False,False,False,False,False,False,False,False,False,4.22,False,242093184.0,-1.15,0.78,0.0,4.12,-67.62,-9.94,2.03,-6.88,0.92,34.56,86.39,1.77,7.9,,,8.8,16.71,-0.01,0.82,89.26,10.74,0.96,2.83,22.9,-58.3,-17.1,2.15,0.59,1.1799999475479126,0.34687811079048086,0.6434588955163419,,,,,,,0.49516850315341143,0.49516850315341143,0.4456516528380703,2,True,1.9,-62.23290909765274,-58.03656566405859,n/d,n/d,,,,False,False,,,Lateral,1.2200000286102295,-3.2786950921536606,-58.88501760974649,False,False,False,sem sinal (Lateral)
MRVE3,BOVA11+SMALL11,BOVA11,Consumo discricionário,28.29,31.32,11.11111111111111,,,0.9,P/L=-5.07<2,15.16,66.81,25.83,26.24,False,132,Não,,,False,1,8,False,,False,,False,,False,False,True,False,1,9,False,False,False,False,False,False,True,False,False,False,False,1.18,True,2921110784.0,-5.07,0.64,0.0,2.67,-12.58,-7.71,6.84,-4.93,5.35,3.03,6.21,1.89,1.69,,,10.7,2.9,3.75,0.89,78.42,18.67,4.2,10.43,30.2,-47.6,-3.5,1.58,0.57,5.46999979019165,1.0434758373532746,1.9356476782903242,,,,,,3.086391414577443,2.0218383100736808,1.9356476782903242,1.7420829104612918,3,True,3.0,-68.15204794733172,-63.037689440151844,n/d,n/d,,,,False,False,,,Em Alta,5.510000228881836,-0.7259607446205685,-48.05318206168453,False,False,False,sem sinal (Em Alta)
DASA3,SMALL11,SMALL11,Cuidados de saúde,28.21,33.19,0.0,,,0.2,P/L=-3.49<2,17.64,79.08,22.82,9.22,True,133,Não,,,False,2,8,False,,False,,False,,False,False,False,False,0,9,False,False,False,False,False,False,True,True,False,False,True,0.98,True,3124566784.0,-3.49,0.46,0.0,0.77,-13.13,-13.32,7.28,-9.6,4.03,4.54,8.74,1.27,1.12,,,-9.8,10.97,3.53,0.48,62.87,36.98,1.26,4.6,110.3,-42.4,-7.8,2.04,0.41,2.6500000953674316,0.14641081356970945,0.21317414455749698,,,,,,,0.1797924790636032,0.1797924790636032,0.1618132311572429,2,True,1.5,-93.89384055343565,-93.21537839270627,n/d,n/d,,,,False,False,,,Lateral,2.9000000953674316,-8.620689371678269,-44.444442222980854,False,False,False,sem sinal (Lateral)
EQTL3,BOVA11,BOVA11,Serviços públicos,28.04,27.69,30.0,,,0.1,,34.32,20.17,19.72,32.62,True,134,Não,,,False,1,8,False,,True,,False,False,False,False,False,True,3,10,False,False,False,False,False,False,True,False,False,False,True,2.15,True,46168977408.0,48.29,1.77,4.3,3.15,3.67,8.85,9.18,1.75,7.96,4.81,7.33,1.57,2.27,,152.27,-54.9,22.27,4.62,0.33,74.15,23.5,33.78,45.35,8.7,-19.1,-6.9,1.2,0.82,36.709999084472656,8.268344959502961,12.03871026103631,7.906067311627989,18.834773280606058,,6.267048420977274,2.0308167407615856,38.574283688044034,,,,5,False,19.0,,,n/d,n/d,,,,False,False,,,Em Baixa,38.43000030517578,-4.475673190331653,-20.74697900187029,False,False,False,sem sinal (Em Baixa; sem novo topo (-4.5%))
CAML3,SMALL11,SMALL11,Bens de primeira necessidade,27.38,30.45,10.0,,,0.0,,25.41,36.47,25.39,48.23,True,135,Não,,,False,1,8,False,,True,,False,False,False,False,False,False,1,10,False,False,False,False,False,False,True,False,False,False,False,1.5,True,1688302592.0,15.71,0.58,5.92,4.35,3.69,8.66,5.74,0.99,7.89,5.55,13.55,1.87,1.99,13.43,68.29,-58.5,4.74,3.09,0.76,72.01,27.99,4.24,7.23,16.0,-31.9,-7.9,1.39,0.57,4.920000076293945,1.527637920188642,1.6864629249455994,2.4695467765493704,7.731331217553538,1.7278006822679532,1.7818703017115467,1.0669637165060146,0.3081571864153818,,,,6,False,25.1,,,n/d,n/d,,,,False,False,,,Lateral,4.909999847412109,0.2036706556540313,-32.64740726392014,False,False,False,sem sinal (Lateral)
HBOR3,SMALL11,SMALL11,Imobiliário,26.39,27.52,20.0,,,0.8,,14.67,35.76,38.24,43.26,False,136,Não,,,False,1,8,False,,True,,False,False,False,True,False,False,2,10,False,False,False,False,False,False,False,True,False,False,False,1.25,True,285291296.0,63.15,0.2,6.2,3.93,0.31,3.0,2.16,0.41,13.49,15.28,38.21,2.55,0.72,,248.21,-64.6,2.31,1.03,0.81,57.57,22.01,1.68,4.23,32.1,-47.6,3.1,1.64,0.41,2.2200000286102295,0.623261018586029,0.9074680430612583,0.3656057054243292,2.963074451063704,,0.26415074528231325,0.09391245455267797,,,,,4,False,31.6,,,n/d,n/d,,,,False,False,,,Lateral,2.049999952316284,8.292686841375918,-47.8191363881519,False,False,False,sem sinal (Lateral)
GFSA3,SMALL11,SMALL11,Consumo discricionário,26.15,30.76,0.0,,,0.9,P/L=-0.05<2,0.68,100.0,26.05,2.48,False,137,Não,,,False,1,7,False,,False,,False,,False,False,False,False,0,9,False,False,False,False,False,,False,True,False,False,True,,True,33047134.0,-0.05,0.02,0.0,0.0,-39.87,-13.41,-6.27,-124.06,-5.67,,,1.31,1.06,,,-55.9,0.7,-4.96,0.96,67.49,32.51,0.2,13.45,10.0,-98.4,-75.6,1.17,0.25,0.2199999988079071,,,,,,,,,,,,0,True,,,,n/d,n/d,,,,False,False,,,Em Baixa,0.23999999463558197,-8.333331781129004,-98.40579713212169,False,False,False,sem sinal (Em Baixa; sem novo topo (-8.3%))
SOJA3,SMALL11,SMALL11,Bens de primeira necessidade,26.08,27.15,20.0,,,0.0,,29.97,27.18,13.41,41.84,True,138,Não,,,True,2,8,False,,True,,False,False,False,False,False,False,2,10,False,False,False,False,True,False,True,False,False,True,True,0.66,True,974737728.0,42.27,0.73,4.1,3.84,1.73,13.98,5.66,0.89,9.49,4.7,11.63,0.95,1.47,,162.4,-0.4,7.11,2.47,1.35,45.47,36.89,4.98,10.46,38.0,-34.3,9.3,0.83,0.33,6.869999885559082,1.8852993390307187,2.7449958376287262,1.6902767638943565,5.866383289668032,,1.0522259290281606,0.4341782346816548,1.4302555494470364,,,,5,False,13.5,,,n/d,n/d,,,,False,False,,,Em Alta,6.889999866485596,-0.2902754907702976,-34.29466879344803,False,False,False,sem sinal (Em Alta) · ⚡ cruzamento de médias (MM21>MM30) hoje
ORVR3,SMALL11,SMALL11,Bens Industriais,25.44,20.12,55.55555555555556,,,0.7,,22.11,8.61,38.83,2.48,False,139,Não,,,False,2,8,False,,False,,False,,False,True,True,False,5,9,False,False,False,False,True,False,True,False,False,False,False,0.16,True,8997474304.0,179.04,1.85,0.0,0.0,1.04,-2.35,3.71,3.35,20.47,4.88,12.21,2.38,0.74,172.15,,135.8,14.58,2.86,0.49,63.86,33.58,13.27,20.97,22.3,-22.6,-13.8,1.11,0.66,16.229999542236328,,,,,,,,0.630584828999255,0.630584828999255,0.630584828999255,0.5675263460993296,1,True,1.0,-96.50322635794029,-96.114695953267,n/d,n/d,,,,False,False,,,Em Baixa,17.770000457763672,-8.666296431379783,-23.53357243561811,False,False,False,sem sinal (Em Baixa; sem novo topo (-8.7%))
RCSL4,SMALL11,SMALL11,Bens Industriais,25.09,27.31,12.5,,,0.7,P/L=-3.48<2,38.07,,15.51,2.48,False,140,Não,,,False,2,7,False,,False,,False,,True,,False,False,1,8,True,True,False,False,False,,False,False,False,True,True,,True,52188560.0,-3.48,-3.5,0.0,0.0,100.56,,-2.72,0.0,-60.75,,,1.21,,,,-99.2,,-11.18,0.2,170.21,-69.4,0.26,2.7,88.5,-81.9,-13.8,0.22,0.03,0.49000000953674316,,,,,,,,,,,,0,True,,,,n/d,n/d,,,,False,False,,,Lateral,0.7599999904632568,-35.52631372560092,-82.32642009757231,False,False,False,sem sinal (Lateral)
MGLU3,BOVA11+SMALL11,BOVA11,Consumo discricionário,24.94,27.38,11.11111111111111,,,0.9,,19.43,50.18,20.18,20.57,False,141,Não,,,False,1,8,False,,False,,False,,False,True,False,False,1,9,False,False,False,False,False,False,True,False,False,False,False,0.6,True,3583541760.0,40.5,0.32,1.76,2.35,0.79,-2.27,6.07,0.23,2.43,4.67,10.76,1.1,0.76,1030.98,95.03,-2.6,5.7,1.9,0.75,70.25,29.75,3.88,11.0,24.7,-56.0,-17.7,2.02,0.59,4.840000152587891,0.8111693300150393,0.8137713607003161,0.8563537348506844,6.37726014905843,0.28509876446465726,0.41743059953961903,0.3222030756686739,,,,,4,False,22.4,,,n/d,n/d,,,,False,False,,,Lateral,4.710000038146973,2.760087333079153,-57.70987898225846,False,False,False,sem sinal (Lateral)
MBRF3,BOVA11,BOVA11,Bens de primeira necessidade,24.8,29.18,0.0,,,0.0,DY5a=21.3%>=20,41.61,24.87,6.59,,True,142,Não,,,False,1,8,False,,False,,False,False,False,False,False,False,0,10,False,False,False,False,False,False,True,False,False,True,True,4.46,False,25415954432.0,69.01,2.21,9.58,21.26,3.2,39.26,6.29,0.22,5.96,4.84,10.77,1.05,5.39,21.57,1467.23,-51.3,26.41,2.68,0.43,89.92,7.97,14.52,27.52,29.2,-31.8,10.5,1.02,0.31,18.760000228881836,28.489861701124095,38.11310387572601,2.5976267846589667,7.205629833517744,6.649616933026506,3.046690502845772,1.2730097242692497,14.41716937089225,,,,4,False,29.9,,,n/d,n/d,,,,False,False,,,Em Alta,19.540000915527344,-3.991814995390741,-32.176426853317444,False,False,False,sem sinal (Em Alta)
CSAN3,BOVA11+SMALL11,BOVA11,Consumo discricionário,24.46,27.01,10.0,,,0.9,P/L=-1.68<2,16.3,35.86,41.48,24.11,False,143,Não,,,False,2,8,False,,False,,False,False,False,False,True,False,1,10,False,False,False,False,False,True,True,False,False,False,True,1.47,True,14870261760.0,-1.68,3.01,0.0,2.53,-1.79,-64.7,8.59,-22.18,4.71,0.5,0.82,1.67,1.1,,,26.5,6.34,5.56,0.41,77.05,3.93,3.13,8.0,18.5,-53.6,-10.0,1.91,0.64,3.7100000381469727,0.6711165067038204,1.2449211199355867,,,,,,3.383752809074293,0.9580188133197036,0.9580188133197036,0.8622169319877333,2,True,5.0,-76.75965166786405,-74.17739074207115,n/d,n/d,,,,False,False,,,Lateral,3.7899999618530273,-2.1108159501653567,-53.79825452653869,False,False,False,sem sinal (Lateral)
KLBN11,BOVA11,BOVA11,Materiais,23.34,25.7,10.0,,,1.0,,22.8,18.65,20.19,67.38,False,144,Não,,,False,2,8,False,,True,,False,False,False,False,False,False,1,10,False,True,False,False,False,False,True,False,False,True,False,0.49,True,134091382784.0,41.96,2.48,6.15,7.1,5.92,28.81,5.45,0.86,6.38,3.99,9.97,2.0,2.3,,297.79,-51.7,11.01,2.09,0.37,77.43,12.36,16.08,21.02,16.8,-10.6,7.2,0.55,0.46,18.790000915527344,9.525161236034677,13.868634759666492,4.657197557709351,8.73724432126944,,11.016666666666667,1.1962856363896273,7.862326723578971,,,,6,False,11.6,,,n/d,n/d,,,,False,False,,,Em Alta,18.739999771118164,0.2668150748125431,-11.576466279871322,False,False,False,sem sinal (Em Alta)
HBSA3,SMALL11,SMALL11,Bens Industriais,23.2,25.33,11.11111111111111,,,0.7,P/L=-25.86<2,24.91,20.93,43.18,2.48,False,145,Não,Fundo duplo,"Fundo duplo (pré-confirmação) — pescoço R$3.72, preço 6.7% abaixo do pescoço; falta fechar acima e segurar",False,2,8,False,,False,,False,,False,False,True,False,1,9,False,False,False,False,True,False,True,False,False,False,False,1.26,True,4625300992.0,-25.86,2.21,0.0,0.0,-8.56,-15.0,11.14,-5.52,7.79,3.09,3.88,3.26,1.56,,,68.3,12.0,5.08,0.41,66.67,33.33,2.98,4.38,16.4,-20.8,2.2,0.75,0.35,3.4700000286102295,,,,,,,,1.7731063573182027,1.7731063573182027,1.7731063573182027,1.5957957215863825,1,True,1.0,-54.01165105391901,-48.901834504354454,n/d,n/d,,,,False,False,,,Em Alta,3.5199999809265137,-1.4204531985004043,-20.956716762086604,False,False,False,sem sinal (Em Alta)
CVCB3,SMALL11,SMALL11,Consumo discricionário,23.19,21.4,33.333333333333336,,,0.9,P/L=-6.85<2,10.87,49.77,19.07,2.48,False,146,Não,,,False,2,8,False,,False,,False,,False,False,False,False,3,9,False,False,False,False,False,True,True,False,False,False,True,1.13,True,895773568.0,-6.85,2.8,0.0,0.0,-40.86,-60.02,5.9,-8.94,2.83,1.33,3.17,0.68,1.67,,,-4.5,11.86,4.12,0.67,87.19,12.81,1.08,2.72,64.8,-34.6,11.2,1.14,0.29,1.7799999713897705,,,,,,,,3.5766161386007536,3.5766161386007536,3.5766161386007536,3.218954524740678,1,True,1.0,80.840144746037,100.93349416226332,n/d,n/d,,,,False,False,,,Em Alta,1.7799999713897705,0.0,-36.200716999022745,False,False,False,sem sinal (Em Alta)
AURE3,BOVA11+SMALL11,BOVA11,Serviços públicos,21.37,21.61,20.0,,,0.1,P/L=-10.41<2,13.12,26.08,10.82,70.21,True,147,Não,,,False,2,8,False,,False,,False,False,False,False,True,False,2,10,False,False,False,False,False,False,True,True,False,False,False,1.74,True,11282059264.0,-10.41,0.99,0.0,7.48,-9.47,2.89,2.64,-8.09,11.8,6.49,16.23,1.12,1.85,,,5.9,-76.08,2.04,0.26,71.73,25.67,10.05,14.61,8.1,-25.7,-10.1,1.14,0.6,10.859999656677246,5.802515930936931,10.620753233589001,,,,,,3.332701500657688,6.5853235550612075,5.802515930936931,5.222264337843238,3,True,3.2,-51.91284988087139,-39.361659638614846,n/d,n/d,,,,False,False,,,Lateral,10.979999542236328,-1.0928951781599139,-25.920874694999863,False,False,False,sem sinal (Lateral)
ENEV3,BOVA11,BOVA11,Serviços públicos,21.25,19.12,33.333333333333336,,,0.1,,27.68,8.31,21.69,2.48,True,148,Não,,,False,1,8,False,,True,,False,,False,False,False,True,3,9,False,False,False,False,False,False,True,False,False,False,True,1.16,True,50505117696.0,53.12,2.51,0.0,0.0,4.73,2.64,5.85,5.03,12.25,3.9,9.34,1.28,1.2,11.23,,-91.5,27.26,4.12,0.26,62.34,34.87,14.89,27.59,75.6,-5.2,1.2,1.11,0.55,26.149999618530273,,,5.561667097290203,10.742294441064676,2.328492059406028,,2.7787187632513133,13.20859186037037,6.923952844276518,5.561667097290203,5.005500387561183,5,True,5.7,-80.85850684290561,-73.52216846928708,n/d,n/d,,,,False,False,,,Lateral,26.690000534057617,-2.023233063777119,-7.005694032393317,False,False,False,sem sinal (Lateral)
TUPY3,SMALL11,SMALL11,Bens Industriais,19.38,22.8,0.0,,,0.7,P/L=-2.61<2,6.33,42.28,27.41,39.01,False,149,Não,,,False,2,8,False,,False,,False,False,False,False,False,False,0,10,False,False,False,False,False,False,True,True,False,False,False,0.83,True,1999983616.0,-2.61,0.88,0.0,3.58,-33.8,2.01,1.49,-8.26,8.41,3.88,9.69,2.16,1.72,,,-5.8,5.39,1.31,0.87,73.24,26.66,11.34,16.19,36.0,-4.8,6.4,1.25,0.54,15.420000076293945,3.9453565880150934,5.744439192149976,,,,,,5.488479853420727,5.059425211195265,5.488479853420727,4.939631868078655,3,True,1.5,-67.96607105292668,-67.18920112735012,n/d,n/d,,,,False,False,,,Lateral,15.350000381469727,0.4560240591832354,-6.545454083066993,False,False,False,sem sinal (Lateral)
BBDC1,BOVA11,BOVA11,Produtos financeiros,,,,,,0.4,,,,,,False,150,Não,,,False,0,0,False,,,,,,,,,,0.0,0.0,,,,,,,,,True,True,True,,True,,,,,,,,,,,,,,,,,,,,,,,,,,,,,,,,,,,,,,,,,,0,True,,,,n/d,n/d,,,,False,False,,,,,,,False,False,False,histórico insuficiente
BBDC2,BOVA11,BOVA11,Produtos financeiros,,,,,,0.4,,,,,,False,151,Não,,,False,0,0,False,,,,,,,,,,0.0,0.0,,,,,,,,,True,True,True,,True,,,,,,,,,,,,,,,,,,,,,,,,,,,,,,,,,,,,,,,,,,0,True,,,,n/d,n/d,,,,False,False,,,,,,,False,False,False,histórico insuficiente
MOVI1,SMALL11,SMALL11,Bens Industriais,,,,,,0.7,,,,,,False,152,Não,,,False,0,0,False,,,,,,,,,,0.0,0.0,,,,,,,,,True,True,True,,True,,,,,,,,,,,,,,,,,,,,,,,,,,,,,,,,,,,,,,,,,,0,True,,,,n/d,n/d,,,,False,False,,,,,,,False,False,False,histórico insuficiente
