ticker,origem,grupo,setor,investment,investment_base,consistencia,basileia,solvencia,ciclicidade,dado_suspeito,quality,value,safety,dividend,regulado,rank_invest,oportunidade_grafica,candidato_padrao,candidato_nota,virada_alta,criterios_ok,criterios_aplicaveis,passa_checklist,mais_5a_bolsa,sem_prejuizo_anual,lucro_20t,div_ge5_5a,div_sem_corte,roe_ge_10,divida_menor_patrim,cresc_receita_5a,cresc_lucro_5a,n_ok,n_aplic,roe_roic_ge_selic,roe_ge_setor,roic_ge_setor,margem_ge_15,cagr_ge_setor,divida_ok,marketcap_ok,insider_ok,margem_ok,roe_ok,alavancagem_ok,div_liq_patrim,nde_ok,market_cap,pl,pvp,dy,dy_teto,roe,roe_medio,roic,mrg_liq,ev_ebitda,div_liq_ebitda,lev_roic_adj,liq_corr,div_patrim,peg,payout,cresc_5a,pl_fut,roa,liq_geral,grau_endiv,indep_fin,min_52s,max_52s,dist_min52,dist_max52,dist_mm100,mediana_1a,media_1a,max_drawdown,vol_anual,ret_ytd,min_ytd,max_ytd,rel_ibov_ytd,desvio_padrao,momentum_12_1,var_95,sharpe,beta,corr_ibov,corr_usd,close,div_ge5_5a,divo_qualidade_ok,auvp_ok,teto_bazin,teto_gordon,teto_dcf,teto_graham,teto_lynch,teto_projetivo,teto_graham_selic,teto_mult_ebitda,teto_medio,teto_mediana,teto_ajustado,teto_n_metodos,teto_confiavel,teto_dispersao,teto_upside_pct,teto_upside_media_pct,prox_resultado,ex_dividendo,ex_tipo,tese_ia,strategy,in_wishlist,in_carteira,preco_medio,var_pm_pct,trend,breakout_level,pct_to_level,dist_52w_high_pct,fund_ok,breakout,aprovado,note
VULC3,SMALL11+DIVO11,SMALL11,Consumo discricionário,77.34,78.64,70.0,,,0.9,,87.33,66.18,65.68,96.58,False,1,Não,,,False,6,8,False,,True,,False,False,True,True,False,True,7,10,True,True,True,True,False,True,True,False,True,True,True,0.25,True,4105455872.0,4.45,1.56,30.31,15.44,35.06,31.82,17.83,24.89,6.01,0.76,0.6,2.96,0.37,0.41,68.71,-64.7,5.73,11.45,1.64,37.42,62.57,13.01,20.08,0.5,-34.9,-10.3,16.97,16.74,-35.2,25.8,-34.4,13.01,19.91,-49.77,1.62,-20.5,-2.78,-1.59,0.87,0.59,0.14,13.069999694824219,False,False,False,14.414130218820734,26.73821155591246,38.91629122616199,23.530141120019696,77.5714837651824,47.87323006770854,28.10106661111163,9.083740294430292,,,,6,False,8.5,,,n/d,2025-12-23,última,,,False,False,,,Em Baixa,13.670000076293945,-4.389176138412953,-35.3921678396524,True,False,False,sem sinal (Em Baixa; sem novo topo (-4.4%))
JHSF3,SMALL11+DIVO11+AUVP11,SMALL11,Imobiliário,77.03,74.74,90.0,,,0.8,,86.65,79.18,44.49,70.55,False,2,Não,,,False,7,8,False,,True,,False,True,True,True,True,True,9,10,True,True,True,True,True,True,True,False,True,True,True,0.33,True,7614992384.0,3.74,1.06,6.11,8.09,28.4,16.71,13.12,52.59,4.96,1.22,1.3,1.73,0.86,0.25,30.27,90.2,9.06,7.25,0.72,61.6,36.26,5.01,13.76,129.2,-16.5,4.6,9.22,8.91,-27.9,39.4,55.7,7.38,13.76,40.33,2.48,110.3,-3.79,1.92,1.38,0.61,0.06,11.489999771118164,False,False,True,6.642211192857666,12.32130176275097,40.70654999126087,27.373009324985865,70.94677894833684,19.57807411896471,37.17352867126465,18.63989176638346,,,,6,False,10.7,,,n/d,2026-10-01,próxima,,,False,False,,,Em Alta,11.65999984741211,-1.457976659679594,-18.26998999836459,True,False,False,sem sinal (Em Alta)
MDNE3,SMALL11,SMALL11,Imobiliário,74.29,71.52,90.0,,,0.8,,72.46,75.1,59.97,81.51,False,3,Não,Bandeira de alta,"Bandeira de alta (pré-confirmação) — pescoço R$25.13, preço 2.6% acima do pescoço; falta fechar acima e segurar",False,7,8,False,,True,,False,True,True,True,True,True,9,10,True,True,True,True,True,True,True,False,True,True,True,0.24,True,2666023168.0,4.81,1.17,15.01,9.3,24.38,16.15,10.98,21.43,4.62,0.91,1.16,2.38,0.48,0.36,44.73,19.5,4.03,6.4,1.12,72.76,27.27,20.62,34.28,25.0,-24.8,-4.7,25.63,26.53,-33.9,44.9,12.1,22.65,34.28,-3.27,2.83,15.1,-5.03,0.3,1.65,0.64,0.12,25.780000686645508,False,False,False,17.124502789598143,31.765952674704554,71.01559440707962,51.54763142596438,122.06196844960213,25.573454633715528,59.712983108654726,44.314058525459856,47.32161246259645,47.93084497571212,43.13776047814091,6,True,7.1,67.33033098981656,83.55939178508196,n/d,2026-01-02,última,,,False,False,,,Em Alta,25.920000076293945,-0.5401211004489093,-24.79579461882849,True,False,False,sem sinal (Em Alta)
POMO3,SMALL11+DIVO11,SMALL11,Bens Industriais,73.57,74.2,70.0,,,0.7,,79.6,74.91,52.35,91.78,False,4,Não,,,False,5,8,False,,True,,False,False,True,True,False,True,7,10,True,True,True,False,False,True,True,False,True,True,True,0.44,True,5337995264.0,4.48,1.27,21.49,12.72,28.32,24.74,18.39,13.19,4.7,1.29,0.98,1.94,0.81,0.37,57.0,-14.0,,8.76,1.02,59.93,39.42,3.73,6.48,15.3,-33.6,-16.3,5.54,5.4,-42.4,35.2,-18.9,3.73,6.43,-34.27,2.22,-29.1,-3.47,-1.05,0.91,0.45,0.05,4.300000190734863,False,False,False,3.908031256052641,7.249397979977649,12.717634492686814,8.551038591084707,23.90017941402666,11.134795678245755,9.910574451632423,5.427221201663706,8.4140990930491,8.551038591084707,7.695934731976236,7,True,6.1,78.97521838623484,95.67671441454387,n/d,2026-08-26,última,,,False,False,,,Lateral,4.340000152587891,-0.9216580748084957,-34.16759691282044,True,False,False,sem sinal (Lateral)
POMO4,BOVA11+SMALL11+DIVO11+AUVP11+Carteira,BOVA11,Bens Industriais,72.79,73.28,70.0,,,0.7,,79.6,73.43,52.35,86.3,False,5,Não,,,False,5,8,False,,True,,False,False,True,True,False,True,7,10,True,True,True,False,False,True,True,False,True,True,True,0.44,True,5673171456.0,4.75,1.34,20.27,10.22,28.32,24.74,18.39,13.19,4.92,1.29,0.98,1.94,0.81,0.33,48.54,-14.0,4.82,8.76,1.02,59.93,39.42,3.93,7.69,16.2,-40.6,-15.6,5.79,5.88,-48.9,34.9,-18.9,3.93,6.81,-34.27,2.2,-39.0,-3.25,-1.53,0.98,0.49,0.05,4.570000171661377,False,False,True,3.33588866841398,6.188073479907932,12.747895215686997,8.592277038923706,23.852783600997707,11.532151465567923,11.383201157793042,5.418823473685811,11.387886490366158,11.383201157793042,10.244881042013738,7,True,7.2,124.17681963213836,149.18787883165896,n/d,2026-08-26,última,"A Marcopolo (POMO4) apresenta uma sólida combinação de alta qualidade e preço atrativo, evidenciada por um ROE de 28,3% e um ROIC de 18,4% que se posicionam significativamente acima das médias do setor de bens industriais, de 14,5% e 12,6%, respectivamente. Essa forte rentabilidade operacional convive com múltiplos de valuation bastante comprimidos, como o P/L de 4,75 e o P/VP de 1,34, sugerindo que o mercado ainda não precificou totalmente a eficiência da companhia. O excelente retorno sobre o capital é sustentado por um endividamento sob controle, visto que a relação Dívida Líquida/EBITDA de 1,29 está bem abaixo da média setorial de 2,39, garantindo folga financeira para a operação. Essa estrutura de capital saudável, somada à forte geração de caixa, confere sustentabilidade ao expressivo Dividend Yield de 20,27%, que se mostra coerente com o lucro robusto e a segurança do balanço. Por outro lado, o crescimento histórico da receita nos últimos cinco anos foi negativo em 14,0%, ficando muito aquém da média dos pares que cresceram 21,6%, o que acende um alerta sobre a capacidade de expansão de longo prazo. No checklist de critérios fundamentalistas, a empresa atende a 5 de 8 requisitos, sendo penalizada justamente pela falta de crescimento frente ao setor, pela margem líquida de 13,19% (abaixo do sarrafo de 15%) e por vendas de papéis por insiders. Sob a ótica do valuation, os métodos de preço-teto revelam uma dispersão acentuada, variando desde os conservadores R$ 3,33 pelo método de Bazin até os otimistas R$ 23,8 por Lynch, estabelecendo uma média de R$ 11,37 e um preço ajustado com margem de segurança de R$ 10,22, o que aponta para um expressivo potencial de valorização perante a cotação atual de R$ 4,56. Em suma, o papel destaca-se positivamente pelo seu excepcional retorno de dividendos, eficiência operacional superior e baixo endividamento, mas traz como contrapartidas o histórico recente de retração na receita e a falta de alinhamento nas transações de insiders.",,False,True,4.45,2.7,Lateral,4.599999904632568,-0.6521681215901576,-40.816653149706475,True,False,False,sem sinal (Lateral)
PSSA3,BOVA11+AUVP11,BOVA11,Insurance,72.61,72.19,75.0,,1.8,0.3,,75.6,51.87,100.0,52.05,False,6,Não,,,False,4,6,False,,True,,False,False,True,,True,True,6,8,True,False,True,,True,,True,False,True,True,True,,True,32972644352.0,8.99,2.05,5.88,5.34,22.84,17.35,79.28,8.13,,,,,,0.76,47.96,0.3,8.26,6.06,,71.59,28.18,43.07,55.45,19.4,-7.2,1.3,47.94,48.46,-16.1,25.9,11.1,44.27,55.45,-4.27,1.63,5.6,-2.69,-0.12,0.75,0.5,0.03,51.439998626708984,False,False,True,19.602391572304132,36.36243636662416,75.81534836528297,56.83756069506801,98.53441502723135,48.15719723069334,58.03349712828041,,44.984343383726156,42.25981679865875,38.03383511879287,4,True,3.9,-26.061749350349483,-12.549874446596277,2026-11-05,2026-06-23,última,,,False,False,,,Lateral,51.2400016784668,0.390314093854216,-7.398741074346493,True,False,False,sem sinal (Lateral)
MILS3,SMALL11,SMALL11,Bens Industriais,71.07,69.49,80.0,,,0.7,,84.08,58.71,57.15,55.48,False,7,Não,,,False,6,8,False,,True,,False,True,True,True,True,True,8,10,True,True,True,True,False,True,True,False,True,True,True,0.65,True,3583808768.0,8.2,1.95,5.39,5.7,23.81,18.37,20.65,23.53,4.87,1.28,0.87,2.98,0.99,0.65,46.75,21.3,8.4,11.12,0.54,61.6,38.32,10.3,15.81,52.8,-0.5,6.3,12.87,13.18,-15.0,26.9,24.3,12.01,15.81,8.93,1.69,41.3,-1.96,0.93,0.71,0.46,0.07,15.729999542236328,False,False,False,6.406188837097476,11.883480292815818,25.41737730910138,18.659316752946864,35.25755315724996,12.299153298239835,20.411537926623584,18.90386629774005,20.40461214781678,18.90386629774005,17.013479667966045,7,True,5.5,8.159441596189932,29.717817810666425,n/d,2026-04-22,última,,,False,False,,,Em Alta,15.75,-0.12698703342013395,-1.3174406755029677,True,False,False,sem sinal (Em Alta)
LEVE3,SMALL11+DIVO11+AUVP11,SMALL11,Consumo discricionário,70.55,70.65,70.0,,,0.9,,85.84,59.84,35.33,100.0,False,8,Não,,,False,6,8,False,,True,,True,False,True,False,True,True,7,10,True,True,True,False,False,True,True,True,True,True,True,1.2,True,4475497984.0,6.37,4.61,8.7,19.55,72.29,64.73,34.45,13.0,5.22,1.21,0.49,1.43,1.7,0.25,124.54,25.8,6.48,14.14,0.81,77.23,22.71,24.65,35.6,34.0,-7.2,0.7,32.28,31.28,-12.3,24.5,4.7,31.18,35.6,-10.67,1.54,26.3,-2.25,0.62,0.63,0.44,0.11,33.02000045776367,True,True,True,46.11202722652287,85.53781050519991,68.68367442156493,28.903348216909798,155.5102062375055,98.51666666666667,62.72244984912722,26.350453407696364,71.54207956639917,65.70306213534607,59.132755921811466,8,True,5.9,79.0816326530612,116.6628666704884,n/d,2026-04-30,última,,,False,False,,,Em Alta,32.97999954223633,0.12128840534433305,-8.809717501696646,True,False,False,sem sinal (Em Alta)
CURY3,BOVA11+SMALL11+DIVO11+AUVP11,BOVA11,Consumo discricionário,70.22,68.5,80.0,,,0.9,,89.54,32.51,56.9,86.99,False,9,Não,Bandeira de alta,"Bandeira de alta (pré-confirmação) — pescoço R$32.96, preço 1.1% acima do pescoço; falta fechar acima e segurar",False,6,8,False,,True,,False,False,True,True,True,True,8,10,True,True,True,True,False,True,True,False,True,True,True,-0.13,True,10267226112.0,9.2,6.11,14.68,10.4,66.38,57.38,37.72,17.89,5.93,-0.15,-0.06,1.92,0.66,3.2,95.67,8.2,6.95,16.3,0.91,70.61,24.44,26.99,40.16,23.5,-17.0,6.8,31.45,31.83,-29.9,39.8,11.1,28.13,40.16,-4.27,2.51,5.1,-3.92,0.17,1.32,0.57,0.06,33.33000183105469,False,False,True,24.757489944300612,32.04352868577896,33.49293436904028,21.08686791947645,48.08134453284495,50.67218840264027,16.219603732319385,24.99179340826858,31.418218874333686,28.517661047023772,25.665894942321394,8,True,3.1,-22.99461886495424,-5.735922147294126,n/d,2026-08-17,última,,,False,False,,,Em Alta,33.65999984741211,-0.980386268132416,-17.189312164315762,True,False,False,sem sinal (Em Alta)
PETR4,BOVA11+DIVO11+AUVP11,BOVA11,Energia,70.2,73.77,50.0,,,0.9,DY5a=41.0%>=20,85.49,82.74,36.19,,False,10,Não,Bandeira de alta,"Bandeira de alta (pré-confirmação) — pescoço R$46.87, preço 0.3% acima do pescoço; falta fechar acima e segurar",False,7,8,False,,True,,True,False,True,True,True,False,5,10,True,True,True,True,True,True,True,False,True,True,True,0.61,True,642320433152.0,4.6,1.27,7.66,41.01,27.73,30.77,19.69,24.32,2.87,1.29,0.92,0.85,0.76,0.31,188.64,96.8,4.76,10.07,0.28,65.87,33.99,26.84,48.2,75.2,-2.4,13.7,37.17,36.14,-22.2,26.2,62.8,27.87,48.2,47.43,1.65,40.0,-2.55,1.54,0.38,0.25,-0.06,47.02000045776367,True,True,True,137.73046907448284,255.49002013316567,135.43804479681927,92.27692455857014,306.6521768984587,55.54208666666666,123.68304468237837,57.71260507047148,145.56567148512664,129.5605447395988,116.60449026563893,8,True,5.5,147.9891304347826,209.58245441933357,n/d,2026-08-24,última,,,False,False,,,Em Alta,48.20000076293945,-2.4481333744771905,-4.411462145817291,True,False,False,sem sinal (Em Alta)
RIAA3,SMALL11,SMALL11,Consumo discricionário,70.1,70.12,70.0,,,0.9,,65.01,95.35,38.55,93.15,False,11,Não,,,False,4,8,False,,False,,False,False,True,True,True,True,7,10,True,True,False,False,False,True,True,False,True,False,True,0.47,True,3624894976.0,2.41,0.68,44.05,13.17,28.35,8.06,8.96,14.35,2.66,2.11,3.3,1.61,0.68,0.16,31.74,16.6,5.41,4.35,1.05,64.01,35.99,6.26,10.43,15.4,-30.8,-14.1,8.27,8.21,-37.2,45.0,-14.0,6.55,10.43,-29.37,2.84,16.2,-4.19,0.09,1.57,0.6,0.07,7.21999979019165,False,False,False,6.792113541299099,12.599370619109829,39.695019593377324,26.752567367863403,84.3940192660009,51.88018214566937,36.249791477725715,30.370235761598085,,,,5,False,12.4,,,n/d,n/d,,,,False,False,,,Em Baixa,7.380000114440918,-2.168026040218951,-33.35464124109166,False,False,False,sem sinal (Em Baixa; sem novo topo (-2.2%))
ABCB10,SMALL11,SMALL11,Produtos financeiros,70.08,73.62,50.0,,,0.4,,74.67,71.71,,,False,12,Não,,,False,1,3,False,,,,,,True,,False,,1,2,True,False,,,False,,,,True,True,True,,True,,,0.91,,,14.9,,,40.92,,,,,,,,-2.9,,1.54,,,,,,,,,,,,,,,,,,,,,,,,,,False,False,,,,,,,,,,,,0,True,,,,n/d,n/d,,,,False,False,,,,,,,False,False,False,histórico insuficiente
VTRU3,SMALL11,SMALL11,Consumo discricionário,69.43,72.86,50.0,,,0.9,P/L=1.99<2,85.57,90.43,54.94,7.53,False,13,Fundo duplo,,,False,7,8,False,,True,,,,True,True,False,True,4,8,True,True,True,True,False,True,True,True,True,False,True,0.37,True,2194848768.0,1.99,0.54,0.17,0.21,27.23,9.79,15.07,46.56,3.03,2.1,1.95,2.56,0.56,,0.41,-23.9,4.36,6.37,0.37,51.99,48.01,10.28,16.86,43.0,-12.8,10.4,13.44,13.35,-28.8,38.9,5.0,12.0,16.86,-10.37,2.45,22.8,-3.52,0.74,1.17,0.52,0.07,14.699999809265137,,False,False,0.21642912203111486,0.3151208016773033,76.82411960620976,67.26438411243369,,0.4136666666666666,19.733668085661026,36.442949191332524,,,,2,False,355.0,,,n/d,n/d,,,Fundo duplo,False,False,,,Em Alta,14.729999542236328,-0.2036641812864337,-15.26352706111982,False,True,False,Fundo duplo — rompeu pescoço ~R$13.59 (candidato)
PETR3,BOVA11+DIVO11+AUVP11,BOVA11,Energia,69.3,72.7,50.0,,,0.9,DY5a=38.9%>=20,85.49,78.9,36.19,,False,14,Não,Bandeira de alta,"Bandeira de alta (pré-confirmação) — pescoço R$52.37, preço 0.9% abaixo do pescoço; falta fechar acima e segurar",False,7,8,False,,True,,True,False,True,True,True,False,5,10,True,True,True,True,True,True,True,False,True,True,True,0.65,True,668925231104.0,5.08,1.41,6.93,38.85,27.73,30.77,19.69,24.32,3.07,1.29,0.92,0.85,0.76,0.34,197.37,96.8,3.51,10.07,0.28,65.87,33.99,28.69,53.54,80.9,-3.1,12.2,41.12,39.71,-22.9,29.3,69.8,29.47,53.54,54.43,1.85,44.4,-2.83,1.46,0.4,0.24,-0.06,51.900001525878906,True,True,True,144.03099010362334,267.17748664222125,135.36909846808965,91.98504331661262,306.49607200322185,55.48704,123.62008237463283,56.55712364088774,147.59036706866115,129.49459042136124,116.54513137922511,8,True,5.5,124.5570866141732,184.37449466175474,2026-11-10,2026-08-24,última,,,False,False,,,Em Alta,53.540000915527344,-3.0631291774461222,-4.840482848061045,True,False,False,sem sinal (Em Alta)
CXSE3,BOVA11+DIVO11+Wishlist+Carteira,BOVA11,Insurance,68.99,65.72,87.5,,1.6,0.3,,64.06,34.42,100.0,82.88,False,15,Não,,,False,4,6,False,,True,,True,True,True,,True,True,7,8,True,False,False,,True,,True,True,True,True,True,,True,59639996416.0,13.11,4.3,6.84,9.62,32.79,28.44,-1.21,75.43,,,,,,1.02,126.11,12.8,11.57,20.76,,8.23,91.77,12.84,22.04,54.8,-9.8,5.6,17.15,16.84,-18.8,22.1,27.3,15.42,22.04,11.93,1.39,49.9,-2.09,1.45,0.67,0.53,0.06,19.8799991607666,True,True,False,13.659854220984275,25.339029579925832,20.09229510908905,12.559491234107982,33.99709750965617,22.898448930232796,16.251471472602272,,20.497406960057987,21.495372019660923,19.345834817694833,4,True,1.9,-2.6869434890417265,3.1056731657707726,2026-11-09,2026-11-04,próxima,"A Caixa Seguridade (CXSE3) apresenta-se como um caso de estudo interessante no setor de seguros, onde a sua elevada eficiência operacional, traduzida em uma robusta margem líquida de 75,43%, contrasta com indicadores de retorno que operam ligeiramente abaixo de seus pares. O ROE da companhia atinge 32,8% e o ROIC situa-se em patamar negativo de -1,2%, ambos abaixo da média setorial de 34,3% e 19,5%, respectivamente, o que sugere que, embora a empresa seja altamente lucrativa em suas operações, a eficiência na alocação de capital e o retorno sobre o patrimônio ainda enfrentam forte concorrência dos pares. Essa qualidade operacional intermediária convive com múltiplos de preço esticados, visto que o P/L de 13,11 e o P/VP de 4,3 revelam que o mercado cobra um prêmio considerável pelo papel, desalinhando a relação clássica de barganha onde retornos menores deveriam se traduzir em múltiplos mais descontados. No que tange ao crescimento, a empresa demonstra forte resiliência e expansão de mercado com um CAGR de receita de cinco anos de 12,8%, posicionando-se muito acima da média do setor, que encolheu 2,5% no mesmo período. Essa expansão dá suporte a um dividend yield de 6,84%, que se mostra sustentável e coerente com a geração de caixa da seguradora, especialmente pela ausência de pressões de endividamento financeiro pesado típicas de outros setores. No checklist de critérios fundamentalistas, a CXSE3 atende a 4 de 6 requisitos possíveis, confirmando sua solidez ao registrar valor de mercado robusto, ausência de venda de ações por controladores e crescimento superior aos pares, falhando apenas em superar as médias setoriais de rentabilidade. Sob a ótica do valuation, as estimativas de preço-teto revelam uma dispersão acentuada entre os métodos analíticos, variando desde os conservadores R$ 12,49 de Graham e R$ 13,59 de Bazin até os otimistas R$ 25,20 de Gordon e R$ 33,81 de Lynch. Essa disparidade resulta em uma média de R$ 20,42 e uma mediana de R$ 21,44, mas, quando aplicado o preço-teto ajustado com margem de segurança de R$ 19,30, o papel passa a apresentar um upside negativo de -2,4% em relação à cotação atual de R$ 19,77. Em balanço, os principais prós da companhia residem em seu crescimento histórico de receita muito acima do setor, margem líquida excepcional e distribuição consistente de proventos, enquanto os contras concentram-se no ROIC negativo, múltiplos de avaliação pressionados frente aos pares e a escassa margem de segurança nos preços atuais.",,True,True,19.51,1.9,Lateral,19.790000915527344,0.4547662510143935,-10.218192169033491,True,False,False,sem sinal (Lateral)
PLPL3,SMALL11,SMALL11,Consumo discricionário,68.6,71.88,50.0,,,0.9,,77.33,83.03,52.17,58.9,False,16,Não,,,False,5,8,False,,True,,False,False,True,False,False,True,5,10,True,True,True,False,False,True,True,False,True,True,True,0.52,True,1474141440.0,4.8,1.31,6.86,6.32,27.32,38.02,24.26,8.62,1.99,1.22,0.7,3.0,1.2,0.32,30.34,-37.3,3.41,7.78,1.2,73.04,24.14,6.46,17.36,12.4,-58.2,-16.1,13.75,12.28,-62.8,50.1,-44.4,6.46,16.13,-59.77,3.16,-51.3,-5.61,-1.4,1.5,0.52,0.08,7.260000228881836,False,False,False,3.2779435220695405,6.080585233438998,20.04062563180923,13.73319627147084,32.2481693212919,10.95072400487419,18.30125057697296,30.10958336978864,,,,6,False,9.8,,,n/d,2025-12-30,última,,,False,False,,,Lateral,7.610000133514404,-4.599210229854933,-58.22937102018282,True,False,False,sem sinal (Lateral)
BRSR6,SMALL11+DIVO11,SMALL11,Produtos financeiros,68.37,69.41,62.5,17.35,,0.4,,44.79,90.5,90.71,84.93,False,17,Fundo duplo,,,False,2,6,False,,True,,False,False,True,,False,True,5,8,False,False,False,,False,,True,True,True,False,True,,True,6101899264.0,4.0,0.53,10.58,10.16,13.26,9.63,0.0,22.38,,,,,,0.51,40.66,-29.2,4.58,1.0,,93.0,6.99,10.16,18.55,46.8,-19.5,4.1,14.19,14.41,-29.2,29.2,0.7,13.13,18.55,-14.67,1.84,35.3,-2.79,0.99,1.09,0.65,0.01,14.920000076293945,False,False,False,10.832887636642084,20.095006565971065,49.42250025272369,48.60625421373725,67.26473437249936,33.8080892556754,28.41276599876904,,28.53962092775306,26.95154791082323,24.256393119740906,4,True,4.6,62.57636056102538,91.28432159393233,n/d,n/d,,,Fundo duplo,False,False,,,Em Alta,15.0,-0.5333328247070335,-19.888191398260858,False,True,False,Fundo duplo — rompeu pescoço ~R$14.49 (candidato)
VLID3,SMALL11+DIVO11,SMALL11,Bens Industriais,67.88,67.51,70.0,,,0.7,,61.18,76.52,66.26,76.03,False,18,Não,Fundo duplo,"Fundo duplo (pré-confirmação) — pescoço R$18.46, preço 1.9% abaixo do pescoço; falta fechar acima e segurar",False,5,8,False,,True,,False,False,True,True,False,True,7,10,True,False,True,False,False,True,True,True,True,True,True,0.1,True,1416257792.0,6.29,0.83,10.73,8.58,13.18,13.73,15.68,11.15,3.27,0.48,0.43,2.3,0.41,1.04,53.98,-32.9,10.41,7.18,1.13,45.32,54.23,16.3,22.63,11.1,-20.0,2.7,19.44,19.22,-27.9,31.8,-12.1,16.3,22.63,-27.47,2.0,-10.8,-3.08,-0.42,0.93,0.51,0.07,18.110000610351562,False,False,False,11.101504472314577,20.59329079614354,38.14904739064518,37.59632152930284,42.17224014114105,33.98464530282941,18.668254691465275,33.19158668914341,32.0507695058101,33.98464530282941,30.586180772546474,7,True,3.8,68.89110845785176,76.97829058873738,2026-11-04,2026-08-13,última,,,False,False,,,Lateral,18.0,0.611114501953125,-20.680939673531817,True,False,False,sem sinal (Lateral)
TGMA3,SMALL11+DIVO11,SMALL11,Bens Industriais,67.08,66.57,70.0,,,0.7,,78.21,35.81,69.98,84.25,False,19,Não,Bandeira de alta,"Bandeira de alta (pré-confirmação) — pescoço R$34.23, preço 1.5% abaixo do pescoço; falta fechar acima e segurar",False,7,8,False,,True,,False,False,True,True,True,True,7,10,True,True,True,False,True,True,True,True,True,True,True,0.03,True,2223421696.0,8.91,2.28,10.59,10.06,25.55,24.91,27.01,10.14,6.15,0.07,0.04,2.22,0.23,3.38,89.68,23.5,6.64,14.79,1.33,34.75,65.25,26.65,39.14,26.5,-13.8,8.9,33.05,32.87,-31.9,31.2,-4.2,26.65,39.14,-19.57,1.96,1.4,-2.58,-0.23,0.9,0.5,0.15,33.720001220703125,False,False,False,24.241897565885985,30.65629435751857,34.18494516722964,35.48726790954142,48.071535674095024,48.59935940460783,16.383832248449462,30.6398578780703,33.53312377567478,32.4206197623741,29.178557786136693,8,True,3.0,-13.468099852197257,-0.5542035535681,n/d,2026-08-07,última,,,False,False,,,Em Alta,35.38999938964844,-4.718842039408977,-14.710863492499982,True,False,False,sem sinal (Em Alta)
GRND3,SMALL11+DIVO11,SMALL11,Consumo discricionário,65.96,63.48,80.0,,,0.9,DY5a=20.2%>=20,61.95,62.83,67.72,,False,20,Não,,,False,5,8,False,,True,,True,False,True,True,False,True,8,10,True,True,False,True,False,True,True,False,True,True,True,-0.31,True,3337991936.0,5.75,1.04,40.33,20.24,18.04,16.72,7.81,24.95,8.84,-3.59,-6.43,2.05,0.02,0.38,116.39,-24.5,4.93,2.66,2.01,29.93,70.07,3.37,4.83,9.9,-23.5,-2.8,3.89,4.01,-30.3,28.0,-14.0,3.37,4.83,-29.37,1.76,-10.2,-2.47,-0.54,0.75,0.46,0.04,3.700000047683716,True,True,False,5.349692455207376,9.92367950440968,8.526087066401605,7.176990919045623,19.304348074871562,6.059476722895763,7.786087056864864,2.3808949827127974,,,,6,False,8.1,,,2026-11-05,2026-04-24,última,,,False,False,,,Lateral,3.690000057220459,0.27100244737636725,-24.21547826164633,True,False,False,sem sinal (Lateral)
LREN3,BOVA11+SMALL11,BOVA11,Consumo discricionário,65.8,65.06,70.0,,,0.9,,67.31,74.41,56.52,48.63,False,21,Não,,,False,6,8,False,,True,,False,False,True,True,True,True,7,10,True,True,True,False,False,True,True,True,True,True,True,0.13,True,10954447872.0,7.68,1.11,7.99,4.37,14.41,11.89,23.53,9.35,2.07,0.59,0.35,1.69,0.32,0.8,33.57,3.2,6.68,6.22,1.29,46.72,53.28,10.5,16.05,8.6,-29.0,-15.9,14.29,14.03,-34.6,38.3,-12.2,10.5,15.66,-27.57,2.42,-17.9,-3.97,-0.91,1.45,0.66,0.11,11.399999618530273,False,False,False,3.5594516334941173,6.602782780131587,19.66796809186538,18.520554980180457,20.697589015726845,15.890723445815143,12.896776418577383,29.414364158259954,,,,6,False,8.3,,,2026-11-05,2026-06-24,última,,,False,False,,,Em Baixa,11.399999618530273,0.0,-30.95848265146315,True,False,False,sem sinal (Em Baixa; sem novo topo (+0.0%))
LAVV3,SMALL11+DIVO11+Carteira,SMALL11,Imobiliário,65.75,63.23,80.0,,,0.8,,65.88,52.37,54.87,95.21,False,22,Não,Bandeira de alta,"Bandeira de alta (pré-confirmação) — pescoço R$10.24, preço 3.8% acima do pescoço; falta fechar acima e segurar",False,5,8,False,,True,,True,False,True,True,False,True,8,10,True,True,False,True,False,True,True,False,True,True,True,0.37,True,2077467136.0,5.79,1.44,22.72,14.04,24.9,19.67,8.69,19.91,7.29,1.5,2.42,4.12,0.86,1.24,81.3,-30.3,3.03,4.85,1.47,60.31,33.37,9.22,18.94,15.3,-43.9,-5.3,12.97,13.32,-51.3,36.3,-28.3,9.22,18.94,-43.67,2.29,-17.6,-3.58,-0.41,1.51,0.72,0.05,10.630000114440918,True,True,False,10.661670302261319,16.717865121759523,20.56279938293081,17.462402743844514,34.32743927471726,23.925384289637936,10.277521699566865,10.630000114440918,18.07063536614489,17.09013393280202,15.381120539521817,8,True,3.3,44.695393922211466,69.99656793602314,n/d,2026-02-03,última,"A incorporadora Lavvi (LAVV3) apresenta uma interessante assimetria no setor imobiliário, onde a alta qualidade de curto prazo convive com múltiplos de preço bastante descontados. O retorno sobre o patrimônio líquido (ROE) de 24,9% posiciona-se significativamente acima da média setorial de 15,2%, sugerindo forte eficiência na alocação do capital próprio, embora o retorno sobre o capital investido (ROIC) de 8,7% fique ligeiramente abaixo dos 9,1% dos pares devido à estrutura de capital da atividade. Essa rentabilidade robusta é negociada a múltiplos atraentes, com um indicador preço/lucro (P/L) de apenas 5,79 e preço/valor patrimonial (P/VP) de 1,44, o que evidencia que a qualidade da operação não está precificada com ágio pelo mercado. No âmbito financeiro, a excelente margem líquida de 19,91% apoia-se em um endividamento extremamente controlado, visto que a relação dívida líquida/EBITDA de 1,5 vezes está muito abaixo da alavancada média do setor de 16,75 vezes, garantindo folga financeira e uma liquidez corrente robusta de 4,12. Essa sólida estrutura de capital e a alta lucratividade sustentam um expressivo dividendo de 22,72%, que se mostra coerente com a geração de caixa recente, embora o investidor deva monitorar a sustentabilidade futura desse fluxo frente à forte retração histórica de receita, evidenciada pelo crescimento anual composto (CAGR) de faturamento nos últimos cinco anos de -30,3%, bem abaixo da média setorial de 0,2%. Essa divergência entre a rentabilidade atual e o histórico de crescimento reflete-se no checklist de critérios fundamentais do papel, que atende a 5 dos 8 requisitos avaliados, penalizado justamente pelo recuo na receita, pelo ROIC abaixo dos pares e por transações de insiders. Sob a ótica de valuation, as estimativas de preço-teto revelam uma dispersão acentuada entre os métodos, variando desde os conservadores R$ 10,72 pelo modelo de Bazin até os otimistas R$ 34,52 pela fórmula de Lynch. Tomando como referência a média de R$ 18,16 e a mediana de R$ 17,19, o preço-teto ajustado com margem de segurança estabelece-se em R$ 15,47, o que aponta para um expressivo potencial de valorização de 44,7% em relação à cotação atual de R$ 10,69. Em balanço, o ativo destaca-se positivamente pelo seu endividamento muito inferior ao do setor, rentabilidade sobre o patrimônio elevada e proventos excepcionais, mas traz como contrapartida o sinal de alerta de uma severa contração histórica em suas receitas e a falta de alinhamento recente nas negociações de insiders.",,False,True,10.43,1.92,Em Alta,10.850000381469727,-2.027652159391058,-43.99367560159365,True,False,False,sem sinal (Em Alta)
PINE4,DIVO11,SMALL11,Financial Services,65.55,63.88,75.0,14.09,,0.4,,64.18,74.83,44.14,74.66,False,23,Não,,,False,4,6,False,,True,,False,False,True,,True,True,6,8,True,True,False,,True,,True,False,True,True,True,,True,2810590464.0,4.75,1.59,8.35,8.58,33.43,18.92,0.0,39.51,,,,,,0.32,40.73,76.3,3.61,1.87,,95.52,4.47,6.22,15.72,79.1,-29.1,-12.1,11.91,11.51,-36.3,47.4,-11.3,10.01,15.72,-26.67,2.99,91.6,-4.77,1.18,1.13,0.41,-0.06,11.140000343322754,False,False,False,6.8236677048319825,12.657903592463327,31.07473779979504,19.227866418783005,55.29081116157665,12.77531889407378,28.37768508509586,,15.832906997791032,12.716611243268554,11.4449501189417,4,True,4.6,2.737430576487654,42.126629352225976,n/d,n/d,,,,False,False,,,Em Baixa,11.520000457763672,-3.2986119734467967,-29.560808668657067,False,False,False,sem sinal (Em Baixa; sem novo topo (-3.3%))
DIRR3,BOVA11+SMALL11+DIVO11+AUVP11,BOVA11,Consumo discricionário,65.43,64.62,70.0,,,0.9,,71.57,49.68,54.44,91.1,False,24,Não,,,False,5,8,False,,True,,False,False,True,False,True,True,7,10,True,True,False,True,False,True,True,False,True,True,True,0.31,True,5943643136.0,6.98,2.57,13.51,12.12,36.78,26.14,9.99,17.73,5.1,0.6,0.83,4.18,1.16,1.23,84.6,8.6,4.97,5.44,1.01,82.45,14.5,10.3,16.95,11.0,-32.6,-9.2,13.84,13.85,-39.2,40.1,-16.1,10.3,16.88,-31.47,2.53,-16.4,-4.14,-0.63,1.47,0.64,0.07,11.430000305175781,False,False,True,9.895309862047142,17.56097466987033,20.75783243731906,12.800980265952292,29.122965772533842,24.977344997126664,10.204961993670539,9.679179344710066,16.874943667903743,15.180977467911312,13.66287972112018,8,True,3.0,19.535252461308318,47.637298489505376,n/d,2025-12-17,última,,,False,False,,,Lateral,11.470000267028809,-0.34873549190761466,-33.76936523813134,True,False,False,sem sinal (Lateral)
B3SA3,BOVA11+AUVP11,BOVA11,Produtos financeiros,65.16,64.89,66.66666666666667,,,0.4,,93.23,24.76,,37.67,False,25,Fundo duplo,,,False,5,6,False,,True,,False,False,True,,True,True,6,9,True,True,True,,True,,True,False,True,True,True,,True,86941990912.0,16.43,4.68,4.46,3.56,28.49,23.11,22.2,49.45,,,,,,1.39,58.49,33.0,13.73,9.25,0.57,63.98,35.97,11.68,19.55,49.1,-10.9,9.5,15.0,15.09,-27.8,35.0,32.2,13.18,19.55,16.83,2.21,21.7,-3.24,0.78,1.61,0.8,0.08,17.420000076293945,False,False,True,4.429493160380584,8.216709812505982,14.048387158301567,9.42318469444971,16.3135769231075,9.212256123858074,10.714184207221464,,8.976711563761553,8.714482968182029,7.843034671363826,4,True,3.2,-54.97683905273318,-48.4689349916965,2026-11-12,2026-06-25,última,"A B3SA3 apresenta uma sólida eficiência operacional no setor de produtos financeiros, com um ROE de 28,5% e um ROIC de 22,2% que se posicionam significativamente acima dos seus pares setoriais, de 17,1% e 2,4%, respectivamente, sugerindo uma alta capacidade de gerar valor sobre o capital empregado. Essa qualidade superior, contudo, cobra o seu preço no mercado, visto que os múltiplos de valuation da companhia são elevados, com um P/L de 16,43 e um P/VP de 4,68, indicando que o investidor paga um prêmio considerável por essa rentabilidade diferenciada. O crescimento histórico da empresa é robusto, evidenciado por um CAGR de receita de cinco anos de 33,0%, patamar muito acima da média do setor de 6,8%, o que corrobora o cumprimento de cinco dos seis critérios avaliados no checklist de investimentos. No que tange aos proventos, o dividend yield de 4,46% mostra-se moderado e sustentável quando amparado por uma expressiva margem líquida de 49,45%, embora o score de dividendos de 38,0 aponte para um foco menor em distribuição agressiva no momento. Sob a ótica do valuation por múltiplos métodos de preço-teto, observa-se uma dispersão relevante entre as metodologias, variando desde os conservadores R$ 4,41 pelo método de Bazin até R$ 16,25 pelo modelo de Lynch. A média desses cálculos de preço-teto situa-se em R$ 8,95 e a mediana em R$ 8,70, o que resulta em um preço-teto ajustado com margem de segurança de R$ 7,83. Frente ao preço atual de R$ 17,35, há um upside negativo de 54,9% em relação ao valor ajustado, sugerindo que o papel está esticado em termos de preço justo, apesar de sua tendência gráfica de alta e formação de fundo duplo. Em suma, os prós da B3SA3 residem em sua rentabilidade excepcional, forte crescimento histórico e dominância setorial, enquanto os contras concentram-se no valuation atual esticado frente às métricas de preço-teto e na ocorrência de venda de ações por parte de insiders.",Fundo duplo,False,False,,,Em Alta,17.350000381469727,0.40345644544756976,-13.034053038809601,True,True,True,Fundo duplo — rompeu pescoço ~R$16.00 (candidato)
INTB3,SMALL11+AUVP11,SMALL11,Tecnologia de informação,64.95,65.82,60.0,,,0.5,,71.21,53.66,78.16,47.26,False,26,Não,Bandeira de alta,"Bandeira de alta (pré-confirmação) — pescoço R$14.98, preço 0.9% acima do pescoço; falta fechar acima e segurar",False,5,8,False,,True,,False,False,True,True,True,True,6,10,True,True,True,False,False,True,True,False,True,True,True,-0.17,True,4944159744.0,8.31,1.5,7.95,4.3,18.07,19.14,17.52,13.1,6.6,-1.0,-0.8,2.64,0.26,0.72,35.71,14.3,7.57,5.97,1.67,43.4,56.17,9.95,15.19,51.8,-0.5,9.5,12.75,12.69,-17.9,37.2,32.8,10.4,15.19,17.43,2.34,31.0,-3.7,0.61,1.03,0.48,0.08,15.109999656677246,False,False,True,4.638164380937025,8.60379492663818,24.092358056675508,20.30063263160281,28.93688861183429,16.673022082833167,18.134682188709867,14.55334427501309,18.756388967615273,18.134682188709867,16.32121396983888,7,True,6.2,8.015978429399805,24.132292480408204,n/d,n/d,,,,False,False,,,Em Alta,15.1899995803833,-0.526661790098848,-3.506295289037009,False,False,False,sem sinal (Em Alta)
ALPA4,SMALL11,SMALL11,Consumo discricionário,64.59,63.63,70.0,,,0.9,,74.7,42.39,58.4,77.4,False,27,Não,Fundo duplo,"Fundo duplo (pré-confirmação) — pescoço R$12.73, preço 6.0% acima do pescoço; falta fechar acima e segurar",False,6,8,False,,False,,False,False,True,True,True,True,7,10,True,True,True,False,True,True,True,False,True,False,True,0.19,True,9162442752.0,13.39,2.59,13.06,8.79,19.37,-7.05,17.96,14.52,8.54,0.82,0.64,1.91,0.39,0.14,117.63,92.8,10.82,7.61,0.98,45.48,54.52,8.0,16.06,68.7,-16.0,8.7,12.02,11.72,-31.7,41.7,15.0,10.97,16.06,-0.37,2.63,62.6,-4.03,1.04,1.05,0.44,0.08,13.489999771118164,False,False,False,8.465157617617193,15.70286738067989,13.348954217125888,10.865833121486846,30.224047284058617,10.329989999999999,12.190365737903644,6.268855650971501,11.024574817969281,10.865833121486846,9.779249809338161,7,True,4.8,-27.507413081834507,-18.27594510733285,n/d,n/d,,,,False,False,,,Em Alta,14.989999771118164,-10.006671266867595,-16.8310706399884,False,False,False,sem sinal (Em Alta)
CEAB3,BOVA11+SMALL11,BOVA11,Consumo discricionário,63.68,63.15,66.66666666666667,,,0.9,,58.99,86.79,43.36,62.33,False,28,Não,,,False,5,8,False,,False,,False,,True,True,False,True,6,9,True,True,True,False,False,True,True,False,False,False,True,0.51,True,2778121472.0,5.11,0.76,5.6,6.49,14.79,7.33,14.93,7.02,2.27,1.94,1.82,1.67,0.72,0.52,33.15,-9.5,5.02,5.91,0.81,60.22,39.78,7.28,17.96,27.2,-48.4,-9.8,11.98,12.44,-59.5,52.2,-25.4,7.28,13.6,-40.77,3.29,-43.8,-4.8,-1.1,1.77,0.59,0.13,9.260000228881836,False,False,False,4.29061449102696,7.959089880855011,24.01076380287364,22.288713933655313,29.67241063283257,9.538227156095363,16.103288574264386,68.74346011189486,,,,6,False,16.0,,,n/d,n/d,,,,False,False,,,Lateral,9.390000343322754,-1.3844527123298866,-48.76636400355865,False,False,False,sem sinal (Lateral)
SEER3,SMALL11,SMALL11,Consumo discricionário,62.41,62.83,60.0,,,0.9,,69.03,79.48,39.63,39.73,False,29,Não,,,False,6,8,False,,False,,False,False,True,True,True,False,6,10,True,True,True,False,False,True,True,True,True,False,True,0.74,True,1749032832.0,6.33,1.13,6.61,3.7,17.83,-1.1,17.04,11.85,2.85,1.79,1.47,1.64,0.92,0.46,23.4,29.3,5.49,9.65,0.47,59.3,40.7,8.0,13.66,70.8,0.0,18.4,10.68,10.69,-25.4,52.3,52.3,8.89,13.66,36.93,3.3,31.9,-4.92,0.84,1.45,0.48,0.03,13.65999984741211,False,False,False,3.6074140630247076,6.691753086910832,28.59320663162882,24.227069033208124,37.450401161486546,8.838325016169915,24.2900894609345,33.80328023554154,,,,5,False,10.4,,,n/d,n/d,,,,False,False,,,Em Alta,13.640000343322754,0.14662392658331136,-1.86781772598279,False,False,False,sem sinal (Em Alta)
BBSE3,BOVA11+DIVO11+AUVP11,BOVA11,Insurance,62.26,60.01,75.0,,1.3,0.3,,68.1,31.68,61.0,92.47,False,30,Não,,,False,5,6,False,,True,,True,False,True,,False,True,6,8,True,True,False,,True,,True,True,True,True,True,,True,81784799232.0,8.81,7.43,11.16,12.8,84.38,83.67,0.0,87.93,,,,,,,112.77,-0.1,9.57,28.81,,55.04,44.96,28.18,42.13,49.5,0.0,16.3,32.78,33.13,-9.8,18.6,33.1,30.7,42.13,17.73,1.17,35.2,-1.8,1.47,0.56,0.52,0.06,42.130001068115234,True,True,True,38.5204593068709,56.08578875080403,49.733485937389155,24.70019421627433,,59.50416498381771,12.77494762402716,,50.960974744720446,52.909637344096595,47.61867360968694,4,True,1.5,13.027943039207823,20.96124721745771,2026-11-03,2026-08-07,última,,,False,False,,,Em Alta,41.790000915527344,0.8135921156717796,-1.9776605006377457,True,False,False,sem sinal (Em Alta)
MULT3,BOVA11+SMALL11,BOVA11,Imobiliário,62.15,60.77,70.0,,,0.8,,85.81,37.83,43.28,40.41,False,31,Não,,,False,7,8,False,,True,,False,False,True,True,True,True,7,10,True,True,True,True,True,True,True,False,True,True,True,0.74,True,14795233280.0,11.23,2.31,3.7,3.71,20.52,17.07,18.7,43.42,8.16,2.13,1.59,1.64,0.75,0.94,41.66,62.0,11.59,10.89,0.29,52.11,47.88,25.88,35.12,16.4,-14.2,3.3,28.66,29.18,-25.0,27.4,13.6,26.35,35.12,-1.77,1.73,6.0,-2.81,0.13,1.26,0.8,0.04,30.1299991607666,False,False,False,7.984404552629596,14.8110704451279,35.54964282102916,28.060442189163386,42.07124022504764,26.26934554937584,27.35549912052419,25.78408501533961,28.557332195086815,27.35549912052419,24.61994920847177,7,True,5.3,-18.28758747351601,-5.219605076284283,2026-10-29,2026-07-01,última,,,False,False,,,Em Alta,30.350000381469727,-0.724880454490695,-14.593060599772844,True,False,False,sem sinal (Em Alta)
VIVA3,BOVA11+SMALL11,BOVA11,Consumo discricionário,61.59,61.87,60.0,,,0.9,,75.56,51.68,66.19,17.12,False,32,Não,Fundo duplo,"Fundo duplo (pré-confirmação) — pescoço R$23.54, preço 1.5% abaixo do pescoço; falta fechar acima e segurar",False,6,8,False,,True,,False,False,True,True,True,True,6,10,True,True,True,True,False,True,True,False,True,True,True,0.28,True,5452782080.0,9.38,1.73,3.0,1.98,18.4,21.98,17.32,18.56,6.19,1.1,0.89,4.19,0.4,0.63,18.53,0.4,7.26,10.38,1.73,37.54,62.46,20.42,35.35,13.6,-34.4,1.7,27.27,26.84,-42.2,38.4,-28.1,20.42,32.35,-43.47,2.42,-22.6,-3.82,-0.66,1.15,0.52,0.04,23.190000534057617,False,False,False,3.271794075937297,6.069178010863686,32.7577299654865,27.306594864298322,41.94511292624717,10.852550891276438,29.900536028041632,15.077140108442078,,,,6,False,12.8,,,n/d,2025-12-22,última,,,False,False,,,Em Alta,23.760000228881836,-2.398988591470408,-35.388594550506724,True,False,False,sem sinal (Em Alta)
CYRE3,BOVA11+SMALL11+AUVP11+Wishlist,BOVA11,Consumo discricionário,61.58,58.33,80.0,,,0.9,,60.1,61.46,45.34,68.49,False,33,Fundo duplo,,,False,4,8,False,,True,,False,False,True,True,True,True,8,10,True,True,False,True,False,False,True,False,True,True,False,0.53,True,9322613760.0,5.63,1.03,9.12,7.26,18.26,15.44,7.03,20.62,8.92,3.1,6.18,3.37,0.73,0.52,40.89,16.4,4.75,3.68,1.17,56.08,39.17,19.83,35.31,28.3,-27.9,12.8,26.89,26.32,-43.8,44.7,6.2,19.83,32.0,-9.17,2.82,-14.9,-4.39,-0.08,1.69,0.66,0.04,25.450000762939453,False,False,False,13.204088095842092,24.49358341778708,59.89565010816123,50.13098627272146,81.6223777660457,33.4676580764361,42.742774158426265,5.717142573105732,,,,6,False,14.3,,,2026-11-12,2025-12-10,última,"A Cyrela (CYRE3) apresenta um panorama de investimento intrigante no setor de consumo discricionário, onde a eficiência na alocação de capital próprio se destaca, mas a operação de ativos exige cautela. O retorno sobre o patrimônio líquido (ROE) de 18,3% situa-se confortavelmente acima da média do setor de 12,5%, sugerindo forte rentabilidade para o acionista, embora o retorno sobre o capital investido (ROIC) de 7,0% fique abaixo dos 13,1% dos pares, indicando que a eficiência operacional geral ainda precisa evoluir. Essa divergência de qualidade convive com múltiplos de preço bastante atrativos, visto que o preço sobre o lucro (P/L) de 5,63 e o preço sobre o valor patrimonial (P/VP) de 1,03 sinalizam um papel descontado frente à rentabilidade gerada. No entanto, essa rentabilidade convive com um endividamento que demanda atenção, dado que a relação dívida líquida sobre EBITDA de 3,1 está acima da média setorial de 2,68, embora a liquidez corrente robusta de 3,37 garanta fôlego financeiro no curto prazo. O generoso retorno em dividendos (DY) de 9,12% mostra-se coerente com a margem líquida saudável de 20,62%, mas a sustentabilidade desse fluxo no longo prazo pode ser pressionada caso o endividamento continue elevado e o crescimento não acelere. Sob a ótica de expansão, o crescimento anual composto (CAGR) da receita nos últimos cinco anos, de 16,4%, ficou significativamente abaixo da média do setor de 33,9%, o que ajuda a explicar por que a empresa atendeu a apenas 4 dos 8 critérios do checklist de qualidade e segurança. No campo da avaliação por preço-teto, observa-se uma enorme dispersão entre os métodos de valuation, variando desde os conservadores R$ 13,15 pelo método de Bazin e R$ 24,39 pelo modelo de Gordon, até estimativas muito mais otimistas de R$ 49,91 por Graham, R$ 59,64 por fluxo de caixa descontado e R$ 81,27 por Lynch, o que evidencia cenários futuros altamente divergentes para o papel. Em termos gráficos, a ação demonstra força técnica ao desenhar um padrão de fundo duplo em uma tendência de alta no mercado. Como balanço final, os principais prós residem no ROE superior à média, na margem líquida robusta, no valuation descontado por múltiplos e no forte rendimento de dividendos, enquanto os contras pesam no ROIC abaixo dos pares, no endividamento acima do setor, no crescimento de receita mais lento que a concorrência e no descumprimento de metade dos critérios de segurança do checklist.",Fundo duplo,True,False,,,Em Alta,25.479999542236328,-0.11773461474027247,-29.335287927217056,False,True,False,Fundo duplo — rompeu pescoço ~R$23.40 (candidato)
TEND3,SMALL11,SMALL11,Consumo discricionário,61.08,63.03,50.0,,,0.9,,76.63,58.36,53.01,33.56,False,34,Bandeira de alta,,,False,5,8,False,,False,,False,False,True,True,False,False,5,10,True,True,True,False,False,True,True,False,True,False,True,0.24,True,4242231552.0,7.12,2.68,4.35,3.32,37.61,-8.65,14.39,12.08,4.87,0.47,0.46,1.96,0.79,0.47,23.62,-11.5,5.02,7.18,0.76,81.81,18.11,20.84,36.71,66.0,-5.8,8.7,28.79,28.21,-22.2,49.4,51.8,22.35,36.71,36.43,3.11,51.6,-4.65,0.9,1.58,0.56,0.1,34.59000015258789,False,False,False,8.197820329295416,15.206956710842995,64.37043567721763,37.56076501680767,88.99150096895426,22.514801130999526,58.78356767504404,30.972852780938855,,,,6,False,10.9,,,n/d,n/d,,,Bandeira de alta,False,False,,,Em Alta,34.25,0.9927011754391035,-7.09608119644729,False,True,False,"Bandeira de alta — mastro +22%, recuo 43%, bandeira 8d (candidato)"
SAPR4,AUVP11,SMALL11,Utilities,60.96,59.37,70.0,,,0.1,,57.03,58.73,64.3,61.64,True,35,Não,,,False,6,8,False,,True,,False,False,False,True,True,True,7,10,False,True,True,False,True,True,True,True,False,True,True,0.04,True,10321533952.0,22.94,0.86,1.63,6.47,3.76,14.91,11.83,6.04,4.06,0.89,1.05,1.86,0.6,1.99,148.51,11.5,8.76,5.91,0.51,53.34,46.66,6.24,9.08,9.5,-24.8,-5.4,7.23,7.49,-31.3,29.2,-12.4,6.24,9.08,-27.77,1.84,2.2,-3.06,-0.21,0.89,0.53,0.03,6.829999923706055,False,False,False,3.15840985141206,5.858850274369371,3.944965082349835,7.294004475947407,5.351470664445879,1.7543033594410482,2.947558816246292,9.844220598562128,5.485639966190425,5.351470664445879,4.816323598001291,7,True,5.6,-29.482816225451934,-19.683162116144803,n/d,n/d,,,,False,False,,,Lateral,6.909999847412109,-1.1577413237717438,-26.00216400388661,False,False,False,sem sinal (Lateral)
ABCB4,SMALL11+DIVO11+AUVP11,SMALL11,Produtos financeiros,60.93,65.07,37.5,16.87,,0.4,,50.78,68.37,83.86,83.56,False,36,Não,Fundo duplo,"Fundo duplo (pré-confirmação) — pescoço R$24.94, preço 1.7% abaixo do pescoço; falta fechar acima e segurar",False,2,6,False,,True,,False,False,True,,False,True,3,8,True,False,False,,False,,True,False,True,True,True,,True,6318798848.0,6.35,0.89,10.49,10.05,14.05,14.98,0.0,40.92,,,,,,1.25,63.81,-2.9,5.25,1.54,,89.78,10.19,19.15,26.85,28.0,-8.7,4.2,23.13,23.04,-17.3,23.2,8.7,22.2,26.85,-6.67,1.46,17.6,-2.12,0.39,0.94,0.7,-0.04,24.520000457763672,False,False,True,17.60004545248673,29.042779681372206,45.5138007461118,48.92489103121669,58.43687481013873,45.48075689130329,22.656636465293015,,34.409345692818505,37.26176828633775,33.53559145770397,4,True,2.6,36.76831497401432,40.33174979784149,n/d,n/d,,,,False,False,,,Em Alta,24.84000015258789,-1.288243530026223,-10.276447864879557,False,False,False,sem sinal (Em Alta)
TOTS3,BOVA11+SMALL11+AUVP11,BOVA11,Tecnologia de informação,60.93,57.57,80.0,,,0.5,,85.61,30.99,49.31,14.38,False,37,Não,Fundo duplo,"Fundo duplo (pré-confirmação) — pescoço R$30.00, preço 15.5% acima do pescoço; falta fechar acima e segurar",False,6,8,False,,True,,False,False,True,True,True,True,8,10,True,True,True,True,True,False,True,False,True,True,True,0.55,True,19757621248.0,14.15,3.7,2.02,1.39,26.12,14.98,23.37,21.63,8.06,2.09,1.25,1.84,0.92,0.94,19.65,269.5,16.36,7.39,1.0,42.41,54.01,27.05,47.43,28.1,-26.9,11.4,36.3,37.18,-43.0,38.3,-14.5,27.05,46.82,-29.87,2.41,-21.7,-3.47,-0.62,0.92,0.42,-0.03,34.650001525878906,False,False,True,3.437583029394896,6.376716519527531,32.44611450303148,22.71514090605526,40.132592600686365,10.59424454785779,29.630036640504223,24.5587546841211,,,,6,False,11.7,,,2026-11-04,2026-06-16,última,,,False,False,,,Em Alta,35.45000076293945,-2.256697376144745,-27.333755847194464,True,False,False,sem sinal (Em Alta)
SAPR11,SMALL11+AUVP11,SMALL11,Serviços públicos,60.47,58.79,70.0,,,0.1,,57.03,57.24,64.3,59.59,True,38,Não,,,False,4,8,False,,True,,False,False,False,True,True,True,7,10,False,False,True,False,False,True,True,True,False,True,True,0.21,True,10566344704.0,23.58,0.89,1.56,6.35,3.76,14.91,11.83,6.04,4.15,0.89,1.05,1.86,0.6,2.05,149.63,11.5,6.58,5.91,0.51,53.34,46.66,31.45,47.9,11.2,-27.0,-6.1,37.25,38.68,-34.3,30.6,-13.0,31.45,47.9,-28.37,1.93,0.6,-3.17,-0.2,0.99,0.56,0.05,34.959999084472656,False,False,False,15.845535511854624,29.39346837449033,19.644613565278313,36.19893287398531,26.45790867843089,15.033916666666668,14.677862211038137,79.96879061849337,22.464605411677752,19.644613565278313,17.68015220875048,7,True,5.4,-49.42748091603054,-35.74197368427473,n/d,n/d,,,,False,False,,,Lateral,35.5099983215332,-1.54885740089441,-28.243025023536493,False,False,False,sem sinal (Lateral)
BBDC3,BOVA11+DIVO11+AUVP11,BOVA11,Produtos financeiros,59.89,59.43,62.5,15.65,,0.4,,48.05,67.38,66.43,76.71,False,39,Não,,,False,3,6,False,,True,,False,False,True,,True,True,5,8,True,False,False,,True,,True,False,True,True,True,,True,167097204736.0,6.7,0.95,9.02,8.73,14.13,11.35,0.0,26.07,,,,,,1.14,58.52,17.8,,1.07,,92.32,7.66,12.89,17.94,22.4,-12.0,1.8,15.26,15.42,-22.4,23.6,5.6,13.91,17.94,-9.77,1.49,17.4,-2.18,0.39,1.13,0.84,-0.04,15.779999732971191,False,False,True,9.845515543702932,17.926923018728235,30.63172430232487,29.668736167801853,34.37563306767432,25.524487871231536,14.96792964497867,,20.982162683996894,21.725705444979887,19.5531349004819,4,True,3.1,23.910869653736498,32.96681266829271,2026-11-04,2026-10-02,próxima,,,False,False,,,Lateral,15.670000076293945,0.7019761081153764,-13.152029691115452,True,False,False,sem sinal (Lateral)
CYRE4,AUVP11,SMALL11,Consumer Cyclical,59.87,52.79,100.0,,,0.9,,60.1,65.64,45.34,2.74,False,40,Não,Bandeira de alta,"Bandeira de alta (pré-confirmação) — pescoço R$23.87, preço 0.1% acima do pescoço; falta fechar acima e segurar",False,5,7,False,,True,,,,True,True,True,True,8,8,True,True,True,True,True,False,,False,True,True,False,0.55,True,,5.26,0.96,0.0,0.0,18.26,15.44,7.03,20.62,8.51,3.1,6.18,3.37,0.73,0.35,,16.4,,3.68,1.17,56.08,39.17,18.14,30.16,31.7,-20.8,13.7,21.4,22.76,-39.9,49.2,-18.6,18.14,30.16,-33.97,3.1,,-5.04,-0.78,1.77,0.67,0.18,23.889999389648438,,False,False,,,60.17918097202315,50.42883196350805,68.12737468530923,,54.95608224614945,10.413217498343272,58.422867466747476,57.5676316090863,51.81086844817767,4,True,6.5,116.8726235741445,144.54947241255337,n/d,n/d,,,,False,False,,,Em Alta,23.93000030517578,-0.1671580234735348,-21.928107543046394,False,False,False,sem sinal (Em Alta)
TFCO4,SMALL11,SMALL11,Consumo discricionário,59.68,59.62,60.0,,,0.9,,80.17,32.26,69.16,16.44,False,41,Não,,,False,5,8,False,,True,,False,False,True,True,True,True,6,10,True,True,True,False,False,True,True,False,True,True,True,0.2,True,1991059072.0,13.65,3.28,2.43,1.73,23.99,26.81,27.1,13.1,8.42,0.48,0.25,3.17,0.28,0.91,23.55,9.3,8.63,16.01,1.67,41.96,57.74,12.65,18.1,3.7,-27.5,-10.1,15.73,15.67,-30.1,32.0,-17.3,12.65,17.65,-32.67,2.01,-3.2,-3.07,-0.72,1.22,0.66,0.13,13.119999885559082,False,False,False,1.616931182206933,2.9994073429938606,12.735531024443794,9.300832919496163,16.075973247932843,6.104046666666666,11.630183048737356,6.495630841432127,,,,6,False,9.9,,,n/d,n/d,,,,False,False,,,Em Baixa,13.40999984741211,-2.1625649899540633,-27.82428588828203,False,False,False,sem sinal (Em Baixa; sem novo topo (-2.2%))
ITSA4,BOVA11+DIVO11+AUVP11+Wishlist,BOVA11,Financial Services,59.65,58.41,66.66666666666667,,,0.4,,60.81,44.57,,82.19,False,42,Não,Fundo duplo,"Fundo duplo (pré-confirmação) — pescoço R$14.14, preço 1.7% abaixo do pescoço; falta fechar acima e segurar",False,3,6,False,,True,,False,False,True,,True,True,6,9,True,False,True,,False,,True,False,True,True,True,,True,155894235136.0,8.48,1.64,8.21,9.45,19.36,17.48,0.38,214.29,,,,,,2.21,80.16,28.4,7.32,0.38,0.64,16.02,79.82,9.78,14.79,42.2,-5.9,5.3,12.8,12.33,-17.7,24.2,22.6,11.35,14.79,7.23,1.52,34.6,-2.3,1.0,1.22,0.88,0.06,13.90999984741211,False,False,True,9.392327447664753,13.440013210283006,16.76600949481743,17.692880088223053,21.806028765236828,17.168720947922672,8.341916638459809,,14.191767775171966,15.103011352550217,13.592710217295195,4,True,1.8,-2.2810182142161906,2.0256501139522154,n/d,2026-12-01,próxima,"A Itaúsa (ITSA4) apresenta-se como uma holding financeira robusta, cujo retorno sobre o patrimônio líquido (ROE) de 19,4% situa-se abaixo da média do setor de 25,1%, enquanto o retorno sobre o capital investido (ROIC) de 0,4% supera os pares que registram 0,1%, sugerindo uma alocação de capital eficiente dentro de sua estrutura de conglomerado. Essa qualidade operacional convive com múltiplos de preço moderados, evidenciados pelo preço sobre lucro (P/L) de 8,48 e preço sobre valor patrimonial (P/VP) de 1,64, indicando que o mercado precifica o papel sem excessos de otimismo. A rentabilidade da companhia, coroada por uma margem líquida de 214,29%, sustenta um endividamento controlado e viabiliza um dividend yield (DY) atraente de 8,21%, patamar coerente com a forte geração de lucros e com a capacidade de distribuição recorrente aos acionistas. No quesito crescimento, a receita expandiu a uma taxa anual composta (CAGR) de 28,4% nos últimos cinco anos, ritmo que, embora expressivo, fica abaixo da média setorial de 37,6%. Esse desempenho misto é refletido no checklist de critérios da holding, que atendeu a apenas 3 de 6 requisitos avaliados, penalizado justamente pelo crescimento e pelo ROE inferiores aos pares, além de registrar transações de venda por parte de insiders. Sob a ótica do valuation, os métodos de preço-teto revelam uma dispersão acentuada, variando desde os conservadores R$ 9,28 pelo método de Bazin até os otimistas R$ 21,54 pelo modelo de Lynch. A média dessas metodologias alcança R$ 14,07 e a mediana atinge R$ 14,92, mas, quando aplicado o preço-teto ajustado com margem de segurança de R$ 13,43, o preço atual de R$ 13,74 passa a representar um upside negativo de 2,3%. Em suma, o investimento em ITSA4 contrapõe o benefício de um fluxo de dividendos robusto e alta eficiência de capital contra os desafios de um crescimento abaixo da média setorial e uma cotação atual que já consome a margem de segurança estimada.",,True,False,,,Lateral,13.739999771118164,1.2372640402170232,-7.405233574718784,True,False,False,sem sinal (Lateral)
ISAE4,BOVA11+DIVO11,BOVA11,Serviços públicos,59.51,59.42,60.0,,,0.1,,60.49,49.28,60.37,78.08,True,43,Não,,,False,5,8,False,,True,,False,False,True,True,True,True,6,10,False,True,False,True,True,False,True,True,True,True,True,0.67,True,19631292416.0,6.9,0.88,6.27,8.95,12.71,14.91,9.63,26.39,7.6,3.41,4.96,5.28,0.79,1.42,61.77,220.0,9.37,6.2,0.28,54.58,44.81,21.41,31.63,29.9,-12.0,-0.2,26.92,26.63,-19.9,24.7,6.8,25.09,31.63,-8.57,1.56,22.7,-2.3,0.62,0.97,0.68,0.06,27.81999969482422,False,False,False,17.789819350290436,28.569343608626923,46.249678582463595,53.55283893159607,55.68532690103262,42.93270940278722,23.084630373305846,32.79845997561043,37.58285089071414,37.865584689198826,34.07902622027895,8,True,3.1,22.49829832535617,35.092923447106486,n/d,2026-04-20,última,,,False,False,,,Lateral,27.639999389648438,0.6512312197922698,-13.18025991938152,True,False,False,sem sinal (Lateral)
ITUB4,BOVA11+DIVO11+AUVP11,BOVA11,Produtos financeiros,59.33,56.57,75.0,15.95,,0.4,,58.08,38.05,70.71,67.81,False,44,Não,Fundo duplo,"Fundo duplo (pré-confirmação) — pescoço R$44.26, preço 5.1% abaixo do pescoço; falta fechar acima e segurar",False,4,6,False,,True,,False,False,True,,True,True,6,8,True,True,False,,True,,True,False,True,True,True,,True,462808416256.0,9.92,2.23,7.43,7.17,22.45,19.06,0.0,32.58,,,,,,1.53,71.12,8.1,8.24,1.58,,92.99,6.67,33.37,48.38,25.8,-13.2,2.2,39.62,39.86,-22.5,23.9,9.5,37.49,48.38,-5.87,1.51,20.0,-2.45,0.43,1.17,0.85,0.04,41.9900016784668,False,False,True,21.503048915297352,39.88815573787659,56.08543570964566,42.34760791899336,57.79073807532349,44.75881396007887,28.558112812740962,,40.55886358072462,42.32348484897773,38.09113636407996,4,True,2.6,-9.285223049624802,-3.4082830210413917,n/d,2026-10-01,próxima,,,False,False,,,Lateral,41.91999816894531,0.16699311206875844,-13.736792069980497,True,False,False,sem sinal (Lateral)
CMIN3,BOVA11+DIVO11+AUVP11+Wishlist,BOVA11,Materiais,59.24,64.4,30.0,,,1.0,,82.11,43.53,33.87,97.95,False,45,Não,Bandeira de alta,"Bandeira de alta (pré-confirmação) — pescoço R$6.15, preço 8.4% acima do pescoço; falta fechar acima e segurar",False,7,8,False,,True,,False,False,True,False,True,False,3,10,True,True,True,False,True,True,True,True,True,True,True,0.16,True,35845132288.0,15.51,4.93,16.36,16.6,31.79,32.01,20.33,13.41,6.01,0.2,0.14,1.17,1.24,0.17,257.46,90.7,15.81,8.29,0.53,80.09,19.91,4.08,6.66,63.2,0.0,32.2,5.19,5.15,-34.6,39.2,31.3,4.08,6.66,15.93,2.47,15.2,-3.96,0.71,1.09,0.48,-0.08,6.659999847412109,False,False,True,7.89675520782469,14.648480910514799,5.6895549953714015,3.612735109823481,12.882011310274873,6.133333333333334,5.195744561810867,5.468016983754021,7.690829051588434,5.911444164352368,5.320299747917131,8,True,4.1,-20.11561757040502,15.477916333239495,n/d,2026-04-17,última,"A CSN Mineração (CMIN3) apresenta uma notável eficiência operacional no setor de materiais, registrando um ROE de 31,8% e um ROIC de 20,3%, ambos significativamente acima dos pares setoriais (5,6% e 9,2%, respectivamente), o que sugere uma forte capacidade de gerar valor sobre o capital empregado. Essa alta qualidade operacional, contudo, convive com múltiplos de preço esticados, evidenciados pelo P/L de 15,51 e pelo P/VP de 4,93, indicando que o mercado já precifica com ágio essa rentabilidade, embora o PEG de 0,17 aponte que o preço está atrativo quando ajustado ao forte crescimento. No âmbito financeiro, a excelente rentabilidade é sustentada por um endividamento sob controle, visto que a relação Dívida Líquida/EBITDA de 0,2 está bem abaixo da média do setor (1,76), garantindo solidez mesmo com uma relação Dívida/Patrimônio de 1,24 e liquidez corrente de 1,17. O expressivo Dividend Yield de 16,36% mostra-se coerente com a alta geração de lucro e o baixo endividamento, embora a manutenção desse patamar dependa da ciclicidade dos resultados e de um payout elevado. O crescimento histórico da companhia é outro destaque, com um CAGR de receita em cinco anos de 90,7%, patamar muito acima da média setorial de 17,4%, o que chancela o cumprimento de 7 dos 8 critérios do checklist fundamentalista, falhando apenas em entregar uma margem líquida superior a 15%. Sob a ótica do valuation, a análise dos preços-teto revela uma dispersão acentuada entre os métodos, variando desde os conservadores R$ 3,61 por Graham e R$ 5,69 por Fluxo de Caixa Descontado (DCF) até os otimistas R$ 14,65 por Gordon e R$ 12,88 por Lynch. Essa divergência resulta em uma média de R$ 7,69 e uma mediana de R$ 5,91, sendo que o preço-teto ajustado com margem de segurança fica em R$ 5,32, o que aponta para um upside negativo de 20,1% em relação ao preço atual de R$ 6,66. Em balanço, os prós residem na extraordinária rentabilidade, no endividamento muito abaixo dos pares, no forte crescimento histórico e no provento robusto, enquanto os contras concentram-se no valuation esticado frente ao preço-teto ajustado e na margem líquida ligeiramente abaixo do ideal de 15%.",,True,False,,,Em Alta,6.659999847412109,0.0,-2.9154560088883508,True,False,False,sem sinal (Em Alta)
ABEV3,BOVA11+AUVP11,BOVA11,Bens de primeira necessidade,58.77,58.55,60.0,,,0.0,,78.34,18.67,66.1,54.11,True,46,Não,,,False,7,8,False,,True,,False,False,True,True,True,True,6,10,True,True,True,True,True,True,True,False,True,True,True,-0.17,True,243790184448.0,15.02,2.76,5.01,5.43,18.4,17.07,20.62,18.41,8.51,-0.57,-0.39,1.02,0.03,4.43,81.58,24.6,14.21,10.3,0.81,38.81,60.59,11.06,16.9,42.9,-6.5,0.4,14.96,14.42,-13.6,25.4,16.1,13.6,16.9,0.73,1.6,37.7,-2.01,0.92,0.68,0.46,0.02,15.8100004196167,False,False,True,6.133524802634214,8.367206719843036,10.256620485391911,11.64752451366237,9.284817402543842,14.838966650244835,5.054564319040159,11.38973497823671,9.621619983949635,9.770718943967877,8.793647049571089,8,True,2.9,-44.37921052386484,-39.142190205059435,2026-10-29,2026-09-22,próxima,,,False,False,,,Lateral,15.760000228881836,0.3172600888877719,-6.959962938429376,True,False,False,sem sinal (Lateral)
BLAU3,SMALL11,SMALL11,Cuidados de saúde,58.37,63.38,30.0,,,0.2,,62.39,57.12,84.57,41.1,True,47,Não,,,False,5,8,False,,True,,False,False,True,True,False,False,3,10,False,True,True,False,False,True,True,True,True,True,True,-0.01,True,2178188288.0,9.47,0.95,7.82,3.82,10.02,13.86,12.24,13.09,5.1,-0.09,-0.1,3.23,0.37,1.48,36.15,-14.8,6.8,5.15,1.38,37.94,62.5,8.35,13.7,12.9,-31.2,-4.1,9.84,9.81,-39.1,51.8,-31.2,8.35,13.7,-46.57,3.26,-10.2,-4.59,-0.08,0.79,0.26,0.18,9.430000305175781,False,False,False,2.571428869139297,4.7700005522533955,13.194034217906978,14.913039689912388,10.171955572425404,7.299554036276468,6.664444594352515,10.556685358661277,9.652816288826918,10.171955572425404,9.154760015182864,7,True,5.8,-2.918772864109531,2.3628417437997484,n/d,n/d,,,,False,False,,,Em Alta,9.670000076293945,-2.481900405632098,-33.97775422650936,False,False,False,sem sinal (Em Alta)
KEPL3,SMALL11+DIVO11+Wishlist,SMALL11,Bens Industriais,58.26,63.25,30.0,,,0.7,,63.78,46.37,65.49,98.63,False,48,Bandeira de alta,,,False,6,8,False,,True,,False,False,True,True,False,False,3,10,True,True,True,False,False,True,True,True,True,True,True,-0.02,True,1157361024.0,8.49,1.49,4.37,16.68,17.52,36.22,12.97,9.71,6.77,-0.07,-0.08,2.04,0.43,,141.62,-56.2,12.1,6.76,1.34,48.81,51.19,5.69,10.45,17.4,-36.1,-0.9,7.7,7.96,-45.6,35.3,-32.4,5.69,10.45,-47.77,2.22,-18.6,-3.12,-0.55,0.99,0.49,-0.02,6.679999828338623,False,False,False,7.959280487485515,11.588712389778912,8.182803087717513,8.908831216826327,,8.987435936460594,2.1019013425867787,5.532438176315515,8.526583549097396,8.545817152271919,7.691235437044727,6,True,5.5,15.138258004380933,27.643469584010983,n/d,2025-12-16,última,"A Kepler Weber (KEPL3) apresenta-se como uma alternativa robusta no setor de bens industriais, destacando-se por uma eficiência operacional superior à de seus pares, evidenciada pelo Retorno sobre o Patrimônio Líquido (ROE) de 17,5% e pelo Retorno sobre o Capital Investido (ROIC) de 13,0%, ambos posicionados acima das médias setoriais de 14,5% e 12,6%, respectivamente. Essa elevada qualidade de retorno convive com múltiplos de valuation bastante comprimidos, uma vez que o Preço sobre o Lucro (P/L) de 8,49 e o Preço sobre o Valor Patrimonial (P/VP) de 1,49 sugerem que o mercado pode estar subavaliando a capacidade de geração de valor da companhia. A saúde financeira da empresa é outro ponto de destaque, combinando alta rentabilidade com um endividamento extremamente controlado, visto que a relação Dívida Líquida sobre EBITDA negativa de -0,07 situa-se muito abaixo da média do setor de 2,39, indicando uma posição de caixa líquido que confere enorme segurança financeira. Esse balanço desalavancado e com liquidez corrente confortável de 2,04 confere sustentabilidade ao pagamento de dividendos, tornando o Dividend Yield de 4,37% coerente e seguro frente à sólida geração de lucros, mesmo que o payout futuro precise ser calibrado. Por outro lado, o crescimento histórico recente acende um sinal de alerta, dado que a taxa de crescimento anual composta (CAGR) da receita nos últimos cinco anos foi negativa em 56,2%, desempenho significativamente abaixo da média setorial de 21,6% de expansão. Apesar dessa contração na receita, o checklist de critérios fundamentalistas revela uma estrutura altamente saudável, com a empresa atendendo a 6 dos 8 requisitos estipulados, falhando apenas na margem líquida de 9,71% (que ficou abaixo do sarrafo de 15%) e no próprio crescimento frente aos pares. Sob a ótica do valuation, as estimativas de preço-teto calculadas por diferentes metodologias apontam para uma dispersão relevante, variando desde os R$ 7,86 pelo método de Bazin até os R$ 11,45 pelo modelo de Gordon, passando por R$ 8,08 no Fluxo de Caixa Descontado (DCF) e R$ 8,80 na fórmula de Graham. A média dessas métricas resulta em R$ 8,42 e a mediana em R$ 8,44, o que estabelece um preço-teto ajustado com margem de segurança de R$ 7,60, oferecendo um potencial de valorização (upside) de 15,1% em relação ao preço atual de R$ 6,60. Em suma, o ativo contrapõe, como pontos positivos, uma rentabilidade acima da média, endividamento virtualmente inexistente, múltiplos atraentes e um desconto relevante frente ao valor justo estimado, enquanto traz como principais pontos negativos a forte retração histórica em suas receitas e uma margem líquida que ainda não atingiu o patamar ideal de excelência do checklist.",Bandeira de alta,True,False,,,Em Alta,6.599999904632568,1.2121200736670001,-36.38095401582264,False,True,False,"Bandeira de alta — mastro +18%, recuo 20%, bandeira 7d (candidato)"
TAEE11,BOVA11+SMALL11+DIVO11,BOVA11,Serviços públicos,58.04,57.69,60.0,,,0.1,,72.72,25.0,48.71,89.73,True,49,Não,,,False,6,8,False,,True,,True,False,True,False,True,True,6,10,True,True,True,True,False,False,True,True,True,True,True,0.45,True,43138293760.0,8.81,1.77,7.24,11.16,20.14,22.05,11.11,36.48,9.8,4.36,5.49,3.48,1.36,25.88,98.31,13.5,9.64,6.9,0.24,66.19,33.81,31.89,43.57,30.9,-4.2,6.0,39.26,38.73,-15.3,22.4,4.7,36.91,43.57,-10.67,1.41,21.1,-2.26,0.69,0.89,0.69,0.08,41.7400016784668,True,False,False,33.269388060962996,34.21462420444496,34.80290368522988,50.138245655638265,54.481382192639394,17.72680928092081,13.670504721055325,30.62266819397954,33.6158157493589,33.74200613270398,30.36780551943358,8,True,4.0,-27.24531792460374,-19.463789176843925,n/d,2026-08-17,última,,,False,False,,,Em Alta,41.54999923706055,0.45728626930221505,-4.729254958261498,True,False,False,sem sinal (Em Alta)
EZTC3,SMALL11+DIVO11+AUVP11,SMALL11,Consumo discricionário,57.8,55.65,70.0,,,0.9,,50.16,56.31,67.63,54.79,False,50,Não,,,False,3,8,False,,True,,False,False,True,True,False,True,7,10,False,False,False,True,False,True,True,False,True,False,True,0.0,True,3619535616.0,6.92,0.7,7.55,5.69,10.15,7.87,5.14,36.95,11.72,0.07,0.17,3.06,0.34,1.12,39.38,-22.5,5.67,2.75,2.48,28.86,69.9,10.21,16.23,27.8,-19.6,3.9,13.24,13.31,-37.1,39.4,-3.1,10.21,15.91,-18.47,2.48,-0.3,-3.84,0.35,1.35,0.6,0.06,13.050000190734863,False,False,False,5.3050258276199385,9.840822910234985,24.98735585653713,28.125464899393005,22.33552701609629,14.188735149926853,12.331080494868983,4.862501734232931,16.730573164953885,14.188735149926853,12.769861634934168,7,True,5.8,-2.1466555686304623,28.203623911301754,n/d,n/d,,,,False,False,,,Em Alta,13.25,-1.5094325227557492,-20.637446509933444,False,False,False,sem sinal (Em Alta)
ALUP11,SMALL11,SMALL11,Serviços públicos,57.7,55.53,70.0,,,0.1,,60.38,52.08,51.67,50.0,True,51,Não,,,False,7,8,False,,True,,False,False,True,False,True,True,7,10,True,True,True,True,True,False,True,True,True,True,True,0.81,True,16029607936.0,7.96,1.14,3.23,4.76,14.38,12.27,10.21,27.68,6.33,3.48,4.77,3.17,1.11,0.89,37.87,176.5,12.15,5.7,0.32,60.84,28.54,28.82,36.3,16.9,-7.2,3.0,32.57,32.59,-15.6,21.2,6.8,30.63,36.3,-8.57,1.34,10.5,-1.99,0.19,0.82,0.67,0.06,33.70000076293945,False,False,False,11.451631436891898,21.242776315434472,56.096106797606495,53.065493838853314,57.96678803943465,29.107815121679963,35.08611453782459,57.575229632797,44.305760611947214,53.065493838853314,47.75894445496798,7,True,5.1,41.71793285978029,31.471096762321515,n/d,n/d,,,,False,False,,,Em Alta,33.470001220703125,0.6871811587926047,-7.989465051178279,False,False,False,sem sinal (Em Alta)
BBDC4,BOVA11+DIVO11+AUVP11+Wishlist,BOVA11,Produtos financeiros,57.54,56.67,62.5,15.65,,0.4,,48.05,57.73,66.43,73.29,False,52,Não,,,False,3,6,False,,True,,False,False,True,,True,True,5,8,True,False,False,,True,,True,False,True,True,True,,True,194416394240.0,7.61,1.08,8.74,8.36,14.13,11.35,0.0,26.07,,,,,,1.48,63.65,17.8,5.95,1.07,,92.32,7.66,15.16,20.87,17.7,-14.5,0.3,17.73,17.87,-24.6,25.6,2.3,15.73,20.87,-13.07,1.61,14.0,-2.41,0.22,1.2,0.82,-0.03,17.850000381469727,False,False,True,10.663316271756463,17.708851771882948,27.824261710780846,29.534204838056993,31.666265753150615,27.908934784264932,13.839834189445861,,21.0263411346713,22.766556741331897,20.48990106719871,4,True,2.6,14.789359267854651,17.79462568806982,n/d,2026-10-02,próxima,"A análise fundamentalista do Bradesco (BBDC4) revela uma instituição financeira de grande porte que atualmente transita por um momento de valuation atrativo, embora enfrente desafios operacionais em relação aos seus pares de setor. O retorno sobre o patrimônio líquido (ROE) de 14,1% e o retorno sobre o capital investido (ROIC) de 0,0% situam-se abaixo das médias setoriais de 17,1% e 2,4%, respectivamente, sugerindo que a eficiência na alocação de capital e a rentabilidade sobre o patrimônio estão temporariamente pressionadas. Essa rentabilidade mais tímida convive com múltiplos de preço historicamente baixos, como o preço sobre lucro (P/L) de 7,61 e o preço sobre valor patrimonial (P/VP) de 1,08, indicando que o mercado já precifica esse desconto na qualidade operacional atual. No que tange ao crescimento, o banco demonstra forte resiliência de longo prazo, registrando um crescimento anual composto (CAGR) de receita nos últimos cinco anos de 17,8%, patamar significativamente acima da média setorial de 6,8%. Essa robustez de receita suporta uma margem líquida saudável de 26,07% e viabiliza um rendimento de dividendos (DY) de 8,74%, o qual se mostra sustentável e coerente com a geração de lucro da companhia, mesmo diante de um cenário de tendência lateralizada para o papel. No checklist de critérios fundamentalistas, o ativo atendeu a apenas 3 dos 6 requisitos aplicáveis, penalizado justamente por não superar os pares em ROE e ROIC, além de registrar vendas de papéis por parte de insiders. Sob a ótica de valuation, as estimativas de preço-teto revelam uma dispersão acentuada entre os métodos analíticos, variando desde os conservadores R$ 10,63 pelo método de Bazin e R$ 17,65 por Gordon, até marcas mais otimistas como R$ 29,43 por Graham e R$ 31,56 por Lynch. Diante dessa amplitude, a média ponderada dos modelos resulta em um preço-teto ajustado com margem de segurança de R$ 20,42, o que confere ao preço atual de R$ 17,79 um upside potencial de 14,8% em relação a essa métrica de referência. Como balanço final, o investimento em BBDC4 apresenta como pontos positivos o elevado retorno via dividendos, o forte crescimento histórico de receita e o desconto patrimonial atrativo, enquanto figuram como pontos negativos a rentabilidade inferior à média do setor, o desempenho operacional abaixo dos concorrentes diretos e o sinal de alerta emitido pelas transações de insiders.",,True,False,,,Lateral,17.790000915527344,0.33726510879499294,-15.864650196659792,True,False,False,sem sinal (Lateral)
ITUB3,DIVO11+AUVP11,SMALL11,Financial Services,57.35,54.24,75.0,15.95,,0.4,,58.08,27.08,70.71,71.92,False,53,Não,,,False,2,6,False,,True,,False,False,True,,True,True,6,8,True,False,False,,False,,True,False,True,True,True,,True,505683509248.0,10.83,2.43,6.8,8.3,22.45,19.06,0.0,32.58,,,,,,4.77,89.89,8.1,,1.58,,92.99,6.67,29.38,46.42,56.2,-1.2,7.1,40.38,38.72,-15.9,24.1,29.0,35.58,46.42,13.63,1.52,44.9,-2.59,1.3,1.11,0.8,0.06,45.880001068115234,False,False,False,27.19987759314914,33.20124906176417,36.93638599112568,42.42260304859713,44.77895741940213,43.878632032460686,17.362490953503738,,35.30403616962492,35.06881752644493,31.56193577380044,4,True,1.6,-31.2076394092878,-23.051361491445533,n/d,n/d,,,,False,False,,,Lateral,45.790000915527344,0.1965497942529426,-2.9892065817482494,False,False,False,sem sinal (Lateral)
VBBR3,BOVA11+DIVO11,BOVA11,Consumo discricionário,57.26,55.01,70.0,,,0.9,,60.74,50.61,46.34,57.53,False,54,Não,Bandeira de alta,"Bandeira de alta (pré-confirmação) — pescoço R$35.17, preço 4.6% acima do pescoço; falta fechar acima e segurar",False,6,8,False,,True,,False,False,True,True,True,True,7,10,True,True,True,False,True,True,True,False,False,True,True,0.74,True,44008677376.0,8.74,1.88,4.09,6.06,21.49,20.83,16.06,2.48,6.3,1.52,1.33,2.01,0.93,0.86,52.96,677.0,10.69,9.71,0.57,65.98,33.8,20.31,36.87,81.1,-0.2,13.6,29.12,28.15,-18.4,27.8,46.7,24.7,36.87,31.33,1.75,59.9,-2.33,1.59,1.04,0.65,0.15,36.790000915527344,False,False,False,15.924783775538858,29.54047390362458,55.77431488910036,43.051314529377244,68.05712717275664,38.13254817080869,37.989722443653115,22.235982221884406,38.83828338834299,38.0611353072309,34.25502177650781,8,True,4.3,-6.890402489633097,5.567497748963524,n/d,n/d,,,,False,False,,,Em Alta,36.869998931884766,-0.2169731995523394,-0.9956914246611159,False,False,False,sem sinal (Em Alta)
CPFE3,BOVA11+DIVO11+AUVP11,BOVA11,Serviços públicos,56.9,58.12,50.0,,,0.1,,76.11,43.03,29.27,72.6,True,55,Não,Bandeira de alta,"Bandeira de alta (pré-confirmação) — pescoço R$45.11, preço 4.3% acima do pescoço; falta fechar acima e segurar",False,6,8,False,,True,,False,False,True,False,True,True,5,10,True,True,True,False,False,True,True,True,True,True,True,1.44,True,54213570560.0,8.97,2.37,7.99,8.3,26.43,27.84,15.57,13.16,5.84,2.35,2.11,0.92,1.55,1.33,74.48,21.5,10.78,8.79,0.29,71.02,27.73,35.03,52.32,34.3,-10.1,3.5,44.95,44.13,-21.6,25.3,-5.5,40.99,52.32,-20.87,1.59,27.6,-2.53,0.74,0.96,0.66,0.03,47.04999923706055,False,False,False,27.903137254654368,51.760319607383856,69.49972016622655,48.40391451262845,78.93513052705825,61.781272706237836,36.25439500697975,80.8773479790882,56.926904720032155,56.770796156810846,51.093716541129766,8,True,2.9,8.594510881275518,20.992360559257396,2026-11-12,2026-04-30,última,,,False,False,,,Lateral,46.72999954223633,0.6847842883777266,-11.212740577136993,True,False,False,sem sinal (Lateral)
RECV3,BOVA11+SMALL11+DIVO11,BOVA11,Energia,56.68,61.39,30.0,,,0.9,,53.71,69.91,54.56,88.36,False,56,Não,,,False,3,8,False,,True,,False,False,True,True,False,False,3,10,False,False,False,True,False,True,True,False,True,True,True,0.36,True,3266456064.0,6.73,0.76,14.91,10.71,11.26,17.76,10.15,16.73,3.45,1.18,1.63,2.91,0.72,2.14,72.07,-14.8,6.79,5.06,0.52,50.04,49.96,8.89,13.47,25.2,-17.4,4.0,10.53,10.7,-31.9,31.7,18.3,9.17,13.47,2.93,2.0,-10.8,-3.18,-0.28,0.72,0.39,0.09,11.130000114440918,False,False,False,8.513761704192083,11.325358064335417,15.713846997439532,23.34382934237368,22.91121885000103,20.914887066340476,7.686909228360081,10.051307535438204,15.057639848560063,13.519602530887475,12.167642277798729,8,True,3.0,9.322930392529782,35.2887663408298,n/d,n/d,,,,False,False,,,Em Alta,11.539999961853027,-3.5528583082098497,-19.27985907914007,False,False,False,sem sinal (Em Alta)
BPAC11,BOVA11+AUVP11,BOVA11,Produtos financeiros,56.27,52.96,75.0,15.65,,0.4,,59.6,40.75,66.43,26.71,False,57,Fundo duplo,,,False,4,6,False,,True,,False,False,True,,True,True,6,8,True,True,False,,True,,True,False,True,True,True,,True,198905118720.0,12.57,2.88,2.4,2.74,22.88,20.48,0.0,39.8,,,,,,0.84,34.41,20.0,9.7,2.41,,90.46,8.68,43.13,63.41,36.9,-6.9,8.4,53.58,53.24,-23.5,32.4,14.8,48.49,63.41,-0.57,2.04,23.2,-3.31,0.7,1.58,0.85,0.05,59.029998779296875,False,False,False,11.540776397722535,21.4081402177753,62.22334795749273,46.53718939135951,83.29521489718128,11.768333333333333,56.82283096495563,,14.905749982943723,11.768333333333333,10.5915,3,True,5.4,-82.0574280551829,-74.74885602035367,n/d,2026-08-11,última,"O BTG Pactual (BPAC11) apresenta-se como um player de forte desempenho operacional no setor de produtos financeiros, destacado por um ROE de 22,9% que se posiciona bem acima da média setorial de 17,1%, sugerindo alta eficiência na alocação do capital próprio, embora seu ROIC nulo de 0,0% fique abaixo dos pares de 2,4% devido às especificidades da atividade bancária. Essa sólida rentabilidade, traduzida em uma robusta margem líquida de 39,8%, convive com múltiplos de preço esticados, visto que o P/L de 12,57 e o P/VP de 2,88 indicam que o mercado cobra um prêmio elevado pela qualidade do ativo, embora o PEG de 0,84 sinalize que esse preço está condizente com o crescimento. No quesito expansão, a companhia supera largamente seus pares com um CAGR de receita de cinco anos de 20,0%, contra apenas 6,8% do setor, o que valida a tese de forte escala e dominância de mercado. Por outro lado, o dividend yield de 2,4% mostra-se tímido e reflete uma estratégia de retenção de lucros para reinvestimento no próprio crescimento, uma postura sustentável dado o perfil de expansão, ainda que o checklist de critérios aponte o atendimento de 4 de 6 requisitos, penalizado pela ausência de ROIC superior ao setor e pela ocorrência de vendas por parte de insiders. Sob a ótica do valuation, há uma dispersão brutal entre as metodologias de preço-teto, onde abordagens baseadas em dividendos como Bazin e Gordon estimam valores de R$ 11,50 e R$ 21,33, enquanto modelos de fluxo de caixa e crescimento como DCF e Lynch alcançam R$ 61,99 e R$ 82,99. Essa divergência resulta em uma média de preço-teto de R$ 14,87 e um valor ajustado com margem de segurança de R$ 10,59, o que projeta um upside negativo de 82,0% frente à cotação atual de R$ 58,81, evidenciando que o papel negocia esticado em relação às métricas conservadoras de fluxo de caixa descontado e dividendos. Em suma, os prós de BPAC11 residem em seu crescimento acelerado de receita, rentabilidade sobre o patrimônio líquida superior à média e tendência gráfica de alta com padrão de fundo duplo, ao passo que os contras concentram-se no valuation atual severamente pressionado em relação ao preço-teto ajustado, no baixo retorno em dividendos e nas vendas recentes de insiders.",Fundo duplo,False,False,,,Em Alta,58.810001373291016,0.37408162024932246,-8.559241568119958,True,True,True,Fundo duplo — rompeu pescoço ~R$57.88 (candidato)
SANB11,BOVA11+Wishlist,BOVA11,Produtos financeiros,55.98,57.04,50.0,14.99,,0.4,,51.32,62.52,57.0,69.18,False,58,Não,Bandeira de alta,"Bandeira de alta (pré-confirmação) — pescoço R$30.15, preço 0.6% acima do pescoço; falta fechar acima e segurar",False,3,6,False,,True,,True,False,True,,True,False,4,8,True,False,False,,True,,True,False,True,True,True,,True,163031384064.0,7.37,1.16,7.58,7.32,15.69,10.65,0.0,28.66,,,,,,1.02,53.93,49.8,6.76,1.11,,90.04,9.86,25.1,36.14,20.9,-16.1,9.7,29.19,29.24,-30.6,31.0,-4.7,25.1,36.14,-20.07,1.95,12.5,-2.67,0.2,1.14,0.64,-0.03,30.34000015258789,True,False,False,15.858065268655857,29.41671107335661,54.546133245833026,49.220282175730205,59.880897868222775,36.564880426064846,29.70185963122545,,34.096447503477584,32.99079574971073,29.691716174739657,4,True,3.4,-2.136730305167578,12.381171166768379,n/d,2026-07-22,última,"O Santander Brasil (SANB11) apresenta-se como um caso de estudo interessante no setor de produtos financeiros, onde sua rentabilidade medida pelo ROE de 15,7% e pelo ROIC de 0,0% situa-se abaixo da média dos seus pares de setor, que registram 17,1% e 2,4% respectivamente, sugerindo uma eficiência operacional ligeiramente pressionada no momento atual. Essa rentabilidade mais contida, contudo, convive com múltiplos de preço atrativos, visto que o P/L de 7,37 e o P/VP de 1,16 indicam uma avaliação patrimonial e de lucros historicamente convidativa, demonstrando uma relação de qualidade versus preço bastante razoável para o investidor focado em valor. No que tange ao retorno via proventos, o dividend yield de 7,58% mostra-se robusto e coerente com a forte margem líquida de 28,66%, sustentando-se de forma saudável mesmo diante da ausência de métricas tradicionais de endividamento industrial, que não se aplicam ao modelo de negócios bancário. O crescimento da companhia é um dos grandes destaques positivos, evidenciado por um CAGR de receita nos últimos cinco anos de expressivos 49,8%, patamar que supera com folga a média setorial de 6,8% e sinaliza forte expansão de mercado. Por outro lado, o checklist de critérios fundamentalistas revela um desempenho mediano ao atender apenas 3 de 6 requisitos, penalizado pelo ROE e ROIC inferiores aos pares e por vendas recentes de insiders, embora o banco cumpra as exigências de valor de mercado bilionário e rentabilidade mínima frente à taxa básica de juros. Sob a ótica de valuation, a análise dos preços-teto aponta para uma dispersão relevante entre os métodos de cálculo, variando desde os conservadores R$ 15,91 por Bazin e R$ 29,51 por Gordon, até estimativas mais otimistas de R$ 49,38 por Graham, R$ 54,73 por fluxo de caixa descontado e R$ 60,08 por Lynch. Essa divergência metodológica resulta em uma média de R$ 34,18 e uma mediana de R$ 33,04, mas quando ajustamos o teto com margem de segurança para R$ 29,74, o preço atual de R$ 30,44 passa a representar um upside negativo de -2,3% em relação a essa referência conservadora. Em um balanço final, o ativo traz como pontos positivos o seu crescimento acelerado de receita, a margem líquida elevada, o bom fluxo de dividendos e a tendência gráfica de alta em padrão de bandeira, enquanto figuram como pontos negativos a rentabilidade abaixo da média dos concorrentes diretos, o sinal de alerta nas transações de insiders e a escassa margem de segurança em relação ao preço-teto ajustado.",,True,False,,,Em Alta,30.440000534057617,-0.32851635911714805,-16.783418712229135,True,False,False,sem sinal (Em Alta)
CMIG4,BOVA11+DIVO11+AUVP11,BOVA11,Serviços públicos,55.19,54.34,60.0,,,0.1,,54.83,49.24,37.13,99.32,True,59,Não,,,False,5,8,False,,True,,True,False,True,True,False,True,6,10,True,True,False,False,False,True,True,True,True,True,True,0.67,True,32125456384.0,6.96,1.1,9.45,17.43,15.75,21.33,9.3,10.51,6.73,2.49,3.75,1.17,0.78,,121.34,-20.4,9.7,5.94,0.42,57.36,42.63,9.61,13.28,16.8,-15.4,1.4,10.77,10.81,-25.1,22.8,6.6,9.95,13.28,-8.77,1.44,12.4,-2.36,0.14,0.95,0.72,0.07,11.229999542236328,True,False,False,13.985056025997341,20.36224157385213,16.78045908610026,19.25174210341351,,14.127676775544375,4.310365177336193,15.52345114805549,16.671771118827184,16.151955117077875,14.536759605370088,6,True,4.7,29.44577202071066,48.457451455133274,2026-11-12,2026-06-24,última,,,False,False,,,Lateral,11.180000305175781,0.4472203550602849,-15.789664322103757,True,False,False,sem sinal (Lateral)
GMAT3,SMALL11,SMALL11,Bens de primeira necessidade,55.18,53.15,66.66666666666667,,,0.0,,47.34,68.95,56.96,32.19,True,60,Não,Fundo duplo,"Fundo duplo (pré-confirmação) — pescoço R$4.03, preço 21.3% acima do pescoço; falta fechar acima e segurar",False,4,8,False,,True,,False,,True,True,False,True,6,9,True,True,False,False,False,True,True,False,False,True,True,0.47,True,11261606912.0,6.81,0.99,2.48,3.24,14.52,15.23,10.1,3.99,4.77,2.21,3.06,1.74,0.56,0.6,22.06,-40.8,5.49,5.51,1.0,52.91,42.64,3.57,7.13,37.0,-31.5,18.3,4.66,4.94,-50.0,41.1,8.9,3.57,5.86,-6.47,2.59,-45.9,-3.7,-0.97,1.19,0.5,0.09,4.889999866485596,False,False,False,1.131333231799372,2.098623144987835,9.514316920842019,8.933238995917455,10.452276218521886,4.217375373311606,7.0263242088573366,7.180956333482482,,,,6,False,9.2,,,n/d,n/d,,,,False,False,,,Em Alta,4.800000190734863,1.8749931703013978,-32.4756351064594,False,False,False,sem sinal (Em Alta)
WEGE3,BOVA11+AUVP11+Carteira,BOVA11,Bens Industriais,54.95,54.06,60.0,,,0.7,,85.83,5.95,59.81,19.86,False,61,Não,Bandeira de alta,"Bandeira de alta (pré-confirmação) — pescoço R$50.00, preço 3.9% acima do pescoço; falta fechar acima e segurar",False,6,8,False,,True,,False,False,True,True,False,True,6,10,True,True,True,True,False,True,True,False,True,True,True,-0.17,True,218057277440.0,34.94,11.59,3.85,2.33,33.16,31.31,24.33,15.58,22.74,-0.35,-0.2,1.59,0.29,5.67,81.4,-2.1,28.13,11.21,1.12,56.49,40.84,34.11,53.79,52.3,-3.4,13.2,46.01,45.0,-22.5,29.1,8.2,41.68,53.79,-7.17,1.83,32.7,-2.4,0.91,0.72,0.43,0.09,51.970001220703125,False,False,False,8.6486394778791,16.043226231465727,19.708142992968412,12.250133392135442,12.637369286772802,20.446811046476274,9.738741661873823,13.379653765583328,14.106589731894363,13.008511526178065,11.707660373560259,8,True,2.4,-77.47227227522882,-72.85628362410974,2026-10-21,2026-06-22,última,"A WEG (WEGE3) se destaca no setor de bens industriais por apresentar uma eficiência operacional excepcional, com um retorno sobre o patrimônio líquido (ROE) de 33,2% e um retorno sobre o capital investido (ROIC) de 24,3%, ambos posicionados muito acima das médias setoriais de 14,5% e 12,6%, respectivamente. Essa alta qualidade operacional, contudo, convive com múltiplos de preço bastante esticados, evidenciados pelo índice preço/lucro (P/L) de 34,94 e preço/valor patrimonial (P/VP) de 11,59, sugerindo que o mercado cobra um prêmio elevado pela resiliência da companhia. No âmbito financeiro, a excelente rentabilidade é acompanhada por uma estrutura de capital extremamente robusta, dado que a relação dívida líquida sobre EBITDA de -0,35 situa-se bem abaixo do par setorial de 2,39, indicando uma posição de caixa líquido que anula riscos de endividamento. Essa solidez financeira e a margem líquida saudável de 15,58% garantem a sustentabilidade do dividendo distribuído, embora o rendimento de dividendos (DY) de 3,85% seja moderado devido à valorização das ações e à necessidade de retenção de lucros para reinvestimento. Por outro lado, o crescimento recente acende um sinal de alerta, visto que a taxa de crescimento anual composta (CAGR) da receita nos últimos cinco anos foi negativa em 2,1%, ficando significativamente abaixo da média dos pares do setor, que expandiu 21,6%. No checklist de critérios fundamentalistas, a empresa atende a 6 de 8 requisitos, falhando justamente na expansão da receita frente ao setor e na ocorrência de vendas por parte de insiders, o que reflete uma governança que exige atenção apesar do forte histórico. Sob a ótica de valuation, as estimativas de preço-teto revelam uma dispersão relevante entre os métodos, variando desde R$ 8,66 pelo modelo de Bazin até R$ 19,74 pelo fluxo de caixa descontado (DCF), resultando em uma média de R$ 14,13 e uma mediana de R$ 13,03. Frente ao preço atual de R$ 52,06, o valor ajustado com margem de segurança de R$ 11,73 aponta para um expressivo potencial de desvalorização de 77,5%, evidenciando que a cotação atual em tendência de alta embutiu expectativas extremamente otimistas. Em balanço, os prós da WEGE3 residem em sua rentabilidade formidável, geração de caixa robusta e endividamento sob controle, enquanto os contras concentram-se no valuation severamente esticado, no crescimento de receita abaixo da média setorial e no prêmio de preço elevado exigido pelo mercado.",,False,True,49.82,4.32,Em Alta,52.060001373291016,-0.17287773763691172,-4.265216570913822,False,False,False,sem sinal (Em Alta)
UGPA3,BOVA11,BOVA11,Consumo discricionário,54.76,52.07,70.0,,,0.9,,62.73,40.11,43.39,51.37,False,62,Não,,,False,7,8,False,,True,,False,False,True,True,True,True,7,10,True,True,True,False,True,True,True,True,False,True,True,0.63,True,39651721216.0,11.77,2.26,5.49,4.94,19.25,16.17,21.5,2.26,5.42,1.13,0.74,1.64,0.98,1.46,58.13,44.3,13.44,9.73,0.63,64.07,31.75,18.23,37.21,104.1,0.0,28.3,25.12,25.0,-22.2,30.1,82.7,20.23,37.21,67.33,1.9,66.6,-2.77,2.07,0.99,0.57,0.05,37.209999084472656,False,False,False,13.126448017373022,24.349561072226955,41.888911458730895,34.22224273652857,41.09514482081955,23.451812182675624,24.46259430744099,28.45181664508279,28.8810664051098,26.45720547626189,23.811484928635704,8,True,3.2,-36.00783253291724,-22.383587434266914,n/d,n/d,,,,False,False,,,Em Alta,36.72999954223633,1.3068324209597915,-1.010909993542719,False,False,False,sem sinal (Em Alta)
EVEN3,SMALL11+DIVO11,SMALL11,Consumo discricionário,54.75,53.82,60.0,,,0.9,,39.7,73.59,47.71,80.14,False,63,Não,,,False,1,8,False,,True,,False,False,True,True,False,True,6,10,False,False,False,False,False,False,True,False,True,False,True,0.36,True,845198208.0,4.38,0.45,21.11,9.1,10.28,7.88,4.93,12.83,7.22,2.85,7.13,4.66,0.64,0.71,39.85,-37.5,2.48,2.92,1.27,57.92,36.05,4.15,8.43,2.7,-49.5,-19.8,6.74,6.48,-50.8,36.9,-41.7,4.15,8.31,-57.07,2.32,-31.6,-3.86,-1.42,1.31,0.62,0.1,4.260000228881836,False,False,False,2.768367074444874,5.135320923095241,12.886986993763545,14.393206933229111,14.862784689822753,9.46865099554569,6.378544652203203,1.5196741516748042,,,,6,False,9.8,,,n/d,n/d,,,,False,False,,,Em Baixa,4.519999980926514,-5.752206927916459,-50.0647898774976,False,False,False,sem sinal (Em Baixa; sem novo topo (-5.8%))
BMOB3,SMALL11,SMALL11,Comunicação,54.74,52.05,70.0,,,0.4,,57.21,25.23,70.85,58.22,False,64,Fundo duplo,,,False,7,8,False,,True,,False,False,True,True,False,True,7,10,True,True,True,False,True,True,True,True,True,True,True,-0.3,True,2165781760.0,13.42,2.28,7.85,6.18,16.97,10.68,11.27,8.49,7.48,-1.91,-2.38,1.69,0.05,4.65,82.99,-1.0,11.59,6.02,1.43,47.82,51.18,18.58,27.93,39.7,-7.0,7.7,23.3,23.24,-20.5,33.7,19.9,20.89,27.93,4.53,2.12,22.0,-3.58,0.75,1.19,0.61,0.08,25.959999084472656,False,False,False,11.466730170709404,14.862566849946669,17.909289191049243,22.261388579188218,17.54686607096754,22.634083253272404,8.67797266470546,19.82440228392157,16.897912382970063,17.72807763100839,15.955269867907552,8,True,2.6,-38.53901991294442,-34.90788528926745,n/d,n/d,,,Fundo duplo,False,False,,,Em Alta,25.649999618530273,1.2085749339287633,-7.854016135966157,False,True,False,Fundo duplo — rompeu pescoço ~R$24.54 (candidato)
IGTI11,BOVA11+SMALL11,BOVA11,Imobiliário,54.72,52.02,70.0,,,0.8,,69.43,34.82,49.72,21.23,False,65,Não,Fundo duplo,"Fundo duplo (pré-confirmação) — pescoço R$26.54, preço 0.3% abaixo do pescoço; falta fechar acima e segurar",False,3,7,False,,True,,False,False,True,True,False,True,7,10,False,False,True,True,False,True,,False,True,False,True,0.48,True,,12.35,1.6,1.11,2.46,12.93,7.32,12.16,41.91,9.26,2.15,2.47,2.73,0.9,1.37,30.32,-35.4,12.05,5.46,0.48,51.02,48.98,22.47,30.19,17.7,-12.3,3.7,25.43,25.65,-25.2,28.8,6.4,22.57,30.19,-8.97,1.81,7.4,-2.55,0.2,1.31,0.79,0.1,26.459999084472656,False,False,False,4.640807380745183,8.608697691282313,28.388258127065804,28.23498840690639,24.562699669064465,2.96141106998218,17.85616365809946,19.129386676888217,,,,6,False,9.6,,,n/d,n/d,,,,False,False,,,Em Alta,26.56999969482422,-0.414003054629275,-13.036611165958856,False,False,False,sem sinal (Em Alta)
VIVT3,BOVA11,BOVA11,Comunicação,54.29,46.22,100.0,,,0.4,,44.75,37.5,52.0,63.01,False,66,Não,,,False,5,8,False,,True,,True,True,True,True,True,True,10,10,False,True,True,False,True,False,True,True,True,False,True,0.16,True,96027967488.0,14.82,1.49,8.3,6.54,10.05,7.53,9.1,10.68,4.28,0.56,0.86,0.95,0.3,48.11,96.93,18.5,9.86,5.51,0.48,46.12,53.66,29.17,40.8,3.0,-26.4,-10.2,32.92,33.74,-28.5,25.6,-2.6,29.17,40.8,-17.97,1.61,-2.1,-2.34,-0.56,0.82,0.56,-0.0,30.049999237060547,True,False,False,14.03938443728468,14.399472426336398,14.85479764500993,30.333218140777657,13.88719840810645,30.251121713482483,5.809382477271073,37.96592157848967,19.6275321284996,14.627135035673163,13.164421532105846,6,True,6.5,-56.19160776593226,-34.68375165782687,n/d,n/d,,,,False,False,,,Em Baixa,30.309999465942383,-0.8578034756285047,-26.844181097281428,False,False,False,sem sinal (Em Baixa; sem novo topo (-0.9%))
FLRY3,BOVA11+SMALL11+DIVO11,BOVA11,Cuidados de saúde,53.51,50.6,70.0,,,0.2,,55.93,35.48,50.62,64.38,True,67,Não,,,False,5,8,False,,True,,False,False,True,True,True,True,7,10,False,True,True,False,True,False,True,True,True,True,True,0.7,True,11030176768.0,15.62,2.03,5.82,6.56,13.0,10.93,12.7,8.01,6.34,1.78,1.96,1.86,0.98,1.08,102.52,14.4,13.41,6.47,0.55,61.45,37.83,13.12,20.29,54.7,0.0,24.7,15.25,15.55,-18.6,27.7,39.8,14.3,20.29,24.43,1.75,30.3,-2.57,0.92,0.94,0.59,0.04,20.290000915527344,False,False,False,9.51197466576603,17.644713004995985,17.211428433465894,17.091681528596066,27.230707970827027,19.944897181175023,15.227706924530583,17.53308150788119,17.674523902154725,17.37225497067354,15.635029473606188,8,True,2.9,-22.942194341444523,-12.890472623739857,2026-11-05,2026-08-12,última,,,False,False,,,Em Alta,20.100000381469727,0.9452762709038609,-0.8308806283101267,True,False,False,sem sinal (Em Alta)
PGMN3,SMALL11+DIVO11+Wishlist,SMALL11,Bens de primeira necessidade,53.1,57.18,30.0,,,0.0,,46.03,75.07,43.95,89.04,True,68,Fundo duplo,,,False,4,8,False,,True,,False,False,False,False,True,False,3,10,False,True,True,False,True,False,True,False,False,False,True,0.99,True,2724497920.0,8.27,0.79,6.29,10.75,9.61,5.91,12.78,2.1,2.81,3.59,3.94,1.78,1.02,7.73,88.87,11.1,5.52,6.26,0.83,68.82,31.1,3.13,7.54,20.8,-49.9,-6.6,4.51,4.8,-58.5,45.0,-39.5,3.13,7.54,-54.87,2.83,1.2,-4.0,0.13,1.54,0.6,0.16,3.7799999713897705,False,False,False,2.901529257370399,3.175069508524284,3.572601156773663,7.014823612541004,5.400660932326281,8.422443922789824,1.5282613096642057,,4.573627099998523,3.572601156773663,3.215341041096297,7,True,5.5,-14.93806705204468,20.99542684168234,n/d,2025-12-26,última,"A Pague Menos (PGMN3) apresenta uma interessante assimetria entre qualidade e preço, onde indicadores de rentabilidade operacional como o ROE de 9,6% e o ROIC de 12,8% situam-se ligeiramente acima de seus pares do setor de bens de primeira necessidade (9,4% e 11,0%, respectivamente), enquanto os múltiplos de valuation mostram-se bastante descontados, evidenciados por um P/L de 8,27 e um P/VP de 0,79 que sugerem uma barganha frente ao valor patrimonial. Essa rentabilidade superior, contudo, convive com um endividamento que demanda atenção, dado que a relação Dívida Líquida/EBITDA de 3,59 está acima da média setorial de 3,32, embora a liquidez corrente de 1,78 garanta fôlego para as obrigações de curto prazo. O dividend yield de 6,29% mostra-se coerente com a geração de caixa atual, mas sua sustentabilidade futura pode ser pressionada caso a empresa precise priorizar a desalavancagem financeira em detrimento do payout. No quesito expansão, a companhia entrega um sólido crescimento de receita com CAGR de 5 anos de 11,1%, superando com folga a média do setor que encolheu 12,1% no mesmo período, o que reforça sua capacidade de ganho de participação de mercado. Por outro lado, o checklist de critérios fundamentalistas revela um perfil ainda em maturação, com apenas 4 de 8 critérios atendidos, penalizado principalmente pela margem líquida estreita de 2,1%, pela ausência de retornos superiores à taxa Selic e pelo nível de alavancagem acima do teto ideal. Sob a ótica do valuation, as estimativas de preço-teto mostram uma dispersão acentuada entre os métodos, variando desde os conservadores R$ 2,88 por Bazin e R$ 3,15 por Gordon, passando pelos R$ 3,54 do fluxo de caixa descontado, até os otimistas R$ 6,96 de Graham. Essa divergência resulta em uma média de R$ 4,55 e uma mediana de R$ 3,54, sendo que o preço-teto ajustado com margem de segurança fica em R$ 3,19, o que aponta para um upside negativo de 14,9% em relação ao preço atual de R$ 3,75, indicando que o papel já superou o limite de entrada prudente por essa métrica específica. Em balanço, PGMN3 destaca-se positivamente por sua forte expansão histórica de receita, eficiência operacional acima dos pares e múltiplos de preço convidativos, mas traz como contrapartidas uma alavancagem financeira elevada para o setor, margens líquidas historicamente apertadas e a ausência de margem de segurança no preço atual frente ao teto ajustado.",Fundo duplo,True,False,,,Em Alta,3.7799999713897705,0.0,-50.39370041785203,False,True,False,Fundo duplo — rompeu pescoço ~R$3.54 (candidato)
COGN3,BOVA11+SMALL11,BOVA11,Consumo discricionário,51.81,51.15,55.55555555555556,,,0.9,,42.82,73.69,45.03,44.52,False,69,Fundo duplo,,,False,2,8,False,,False,,False,,False,True,True,False,5,9,False,False,False,False,True,False,True,False,True,False,True,0.39,True,4904743936.0,7.06,0.36,4.94,4.02,5.11,0.79,10.24,8.96,3.46,2.9,3.97,1.88,0.5,1.93,28.38,34.0,5.0,3.98,0.45,44.22,55.77,2.03,4.57,20.7,-46.4,1.7,2.87,2.9,-55.6,44.5,-21.3,2.03,4.57,-36.67,2.8,-10.8,-4.32,-0.13,1.56,0.61,0.03,2.450000047683716,False,False,False,0.7035727267834048,0.9874335334871304,3.4788221916104476,7.289600887926606,2.6651510993939196,2.229095410064104,1.7253171726709933,6.630394231071031,,,,5,False,10.4,,,n/d,n/d,,,Fundo duplo,False,False,,,Em Alta,2.4100000858306885,1.6597493953715015,-48.16726681999716,False,True,False,Fundo duplo — rompeu pescoço ~R$2.33 (candidato)
BRBI11,SMALL11+DIVO11,SMALL11,Produtos financeiros,51.74,54.99,33.333333333333336,20.63,,0.4,,32.93,44.52,100.0,90.41,False,70,Não,,,False,3,5,False,,True,,False,False,True,,False,True,3,9,True,True,False,,False,,,True,True,True,True,,True,,9.34,1.84,9.73,11.84,19.7,21.77,1.85,0.0,,,,,,,110.61,-22.4,6.94,0.94,0.23,95.52,4.48,11.74,20.71,20.1,-31.9,-6.1,17.68,16.93,-43.3,35.1,-24.8,11.74,20.71,-40.17,2.21,-15.3,-3.31,-0.43,0.99,0.49,-0.0,14.100000381469727,False,False,False,11.926931963461223,17.365612938799543,15.700214557525177,16.133479212538283,,7.333333333333334,4.032884783320341,,13.08152319827982,13.8135732604932,12.43221593444388,4,True,2.4,-11.828258169536332,-7.22324223854911,n/d,n/d,,,,False,False,,,Lateral,14.359999656677246,-1.810579954203706,-33.41565969770311,False,False,False,sem sinal (Lateral)
ASAI3,BOVA11+SMALL11,BOVA11,Bens de primeira necessidade,51.64,53.7,40.0,,,0.0,,70.47,64.24,24.52,10.27,True,71,Não,,,False,5,8,False,,True,,False,False,True,False,True,False,4,10,True,True,True,False,True,False,True,False,False,True,True,3.55,False,12246880256.0,12.79,1.94,1.14,0.83,15.21,29.87,21.18,1.24,2.85,3.72,2.46,1.12,4.25,0.94,10.65,123.2,9.55,6.76,0.41,88.47,11.53,7.01,10.43,30.6,-12.3,6.6,8.6,8.63,-32.8,47.3,27.4,7.04,10.16,12.03,2.98,-17.1,-4.48,-0.24,1.7,0.63,-0.02,9.149999618530273,False,False,False,0.5444400149448151,1.0099362277226318,9.479084827640822,8.713170206804705,10.31789026150199,0.7349982833036613,8.022082880623271,,,,,4,False,19.0,,,n/d,n/d,,,,False,False,,,Em Alta,9.130000114440918,0.21905261597665593,-13.662664419226134,False,False,False,sem sinal (Em Alta)
RDOR3,BOVA11+AUVP11,BOVA11,Cuidados de saúde,51.62,48.38,70.0,,,0.2,,62.78,21.52,51.83,43.84,True,72,Fundo duplo,,,False,5,8,False,,True,,False,False,True,False,True,True,7,10,True,True,True,False,True,False,True,False,True,True,True,0.72,True,81194696704.0,17.37,4.04,11.62,4.01,23.26,13.61,15.63,8.35,7.31,1.12,1.01,2.9,2.51,2.46,69.63,22.9,13.86,6.35,0.64,79.71,18.16,32.33,44.66,15.4,-16.5,6.3,37.85,37.87,-27.6,32.0,-7.0,32.33,44.66,-22.37,2.02,-4.2,-3.02,-0.11,1.2,0.65,0.05,37.29999923706055,False,False,False,10.680261970899858,19.811885956019236,28.452791588431324,21.120757500330182,23.77702116129079,22.69191749218418,15.271288935280314,27.715615267562804,21.190192483999837,21.90633749625718,19.715703746631462,8,True,2.7,-47.14288431662399,-43.189831320570974,n/d,n/d,,,Fundo duplo,False,False,,,Em Alta,37.38999938964844,-0.24070648316941723,-17.02260295435267,False,True,False,Fundo duplo — rompeu pescoço ~R$36.05 (candidato)
BEEF3,BOVA11+SMALL11,BOVA11,Bens de primeira necessidade,51.4,55.18,30.0,,,0.0,,67.2,63.69,27.94,34.25,True,73,Bandeira de alta,,,False,5,8,False,,False,,False,False,True,False,False,True,3,10,True,True,True,False,False,True,True,False,False,True,True,9.15,False,3974484480.0,8.27,2.4,5.16,3.39,29.04,144.02,16.55,0.8,3.77,2.98,2.52,1.43,13.46,0.55,28.03,-57.5,5.89,5.34,0.65,95.87,2.86,3.04,7.18,31.9,-44.1,7.0,4.45,4.91,-57.7,43.3,-24.7,3.04,6.25,-40.07,2.73,-40.5,-4.77,-0.95,0.82,0.33,0.02,4.010000228881836,False,False,False,0.9707653399893915,1.8007697056803211,6.424728298994477,4.269502584931791,8.916652744024066,3.6640625777173095,5.867110371157222,15.215184236292094,,,,5,False,15.7,,,n/d,n/d,,,Bandeira de alta,False,False,,,Em Alta,4.099999904632568,-2.195114093759909,-45.179756583264606,False,True,False,"Bandeira de alta — mastro +31%, recuo 21%, bandeira 9d (candidato)"
SBFG3,SMALL11,SMALL11,Consumo discricionário,51.25,47.94,70.0,,,0.9,,41.7,84.13,28.04,25.34,False,74,Não,,,False,3,8,False,,True,,False,True,True,True,True,True,7,10,False,True,False,False,True,False,True,False,False,True,False,0.87,True,2092122368.0,4.95,0.65,6.03,2.71,13.07,10.92,8.98,5.0,4.1,3.49,5.45,1.62,1.0,0.44,13.39,185.0,4.0,4.63,0.8,67.87,32.13,7.96,14.95,13.9,-39.3,-10.5,11.52,11.42,-46.8,42.0,-24.6,7.96,14.81,-39.97,2.65,-13.4,-4.15,-0.49,1.61,0.66,0.06,9.069999694824219,False,False,False,1.7525016854051907,3.250890626426629,24.278282011398158,23.984974093513493,25.698306680091076,6.70122903516008,17.93258326016268,13.709614654238095,,,,6,False,14.7,,,n/d,n/d,,,,False,False,,,Lateral,8.989999771118164,0.8898768158267067,-40.65901801015933,False,False,False,sem sinal (Lateral)
MDIA3,SMALL11,SMALL11,Bens de primeira necessidade,51.11,54.84,30.0,,,0.0,,38.31,65.98,89.08,32.88,True,75,Não,,,False,2,8,False,,True,,False,False,False,True,False,True,3,10,False,False,False,False,False,True,True,False,False,False,True,-0.04,True,5976537600.0,9.21,0.7,5.99,3.26,7.65,8.74,8.32,6.23,4.46,-0.32,-0.55,2.55,0.21,1.72,30.02,-22.6,7.64,3.52,1.38,34.41,65.59,16.79,28.4,6.1,-37.3,-5.4,23.4,22.54,-40.9,30.6,-24.5,16.79,25.92,-39.87,1.93,-37.4,-2.45,-1.77,0.71,0.4,-0.0,17.809999465942383,False,False,False,4.147172880699344,7.074054877484122,23.560935220764453,33.27180257503552,16.655762887577737,20.289170110821324,11.672704759085518,23.43056431524061,,,,6,False,8.0,,,n/d,n/d,,,,False,False,,,Em Alta,17.6299991607666,1.020988733660011,-38.14951530038731,False,False,False,sem sinal (Em Alta)
HYPE3,BOVA11+SMALL11,BOVA11,Cuidados de saúde,50.87,52.79,40.0,,,0.2,,58.86,42.1,57.65,42.47,True,76,Fundo triplo,,,False,3,8,False,,True,,False,False,True,True,True,False,4,10,False,True,False,True,False,False,True,False,True,True,True,0.42,True,16360865792.0,9.16,1.11,4.63,3.87,12.1,12.72,10.74,19.82,7.75,2.25,2.93,1.86,0.53,1.17,35.46,4.5,7.23,6.31,0.5,50.22,49.77,19.85,26.59,17.0,-12.6,8.0,22.29,22.36,-25.3,31.0,2.0,19.85,25.56,-13.37,1.95,-2.0,-3.1,-0.13,1.06,0.59,0.04,23.239999771118164,False,False,False,6.426792051745183,11.921699255987315,33.616811895995156,34.57149434825855,29.63474853890287,25.248864628721922,19.23107471061054,14.668673921616811,24.127623900013305,25.248864628721922,22.72397816584973,7,True,5.4,-2.220402798410215,3.8193809708993554,n/d,n/d,,,Fundo triplo,False,False,,,Em Alta,22.729999542236328,2.243731804455895,-13.298334059804384,False,True,False,Fundo triplo — rompeu pescoço ~R$21.84 (candidato)
LOGG3,SMALL11+DIVO11,SMALL11,Imobiliário,50.56,48.9,60.0,,,0.8,,51.23,50.7,18.91,93.84,False,77,Não,,,False,2,8,False,,True,,True,True,True,True,False,False,6,10,False,False,False,True,False,False,True,False,True,False,False,0.57,True,2181359104.0,5.89,0.63,27.4,13.45,10.63,8.83,3.04,136.74,19.77,121.08,302.7,0.52,0.64,2.67,79.23,-33.1,4.02,0.1,0.28,45.7,53.91,16.18,28.1,54.2,-11.2,-0.5,23.62,22.64,-19.2,31.0,11.2,22.17,28.1,-4.17,1.95,54.9,-2.68,1.11,0.94,0.53,0.17,24.950000762939453,True,False,False,23.971279072633315,29.08914792162,36.71698608309659,61.43755163459084,66.33212501838771,41.55376498310224,17.19615753988095,,39.4710017504731,36.71698608309659,33.04528747478693,7,True,3.9,32.446037933081584,58.200402979959165,n/d,n/d,,,,False,False,,,Lateral,25.5,-2.1568597531786193,-12.457768974065864,False,False,False,sem sinal (Lateral)
GGPS3,SMALL11,SMALL11,Bens Industriais,50.36,50.42,50.0,,,0.7,,60.39,45.6,49.62,19.18,False,78,Fundo duplo,,,False,5,8,False,,True,,False,False,True,False,True,True,5,10,True,True,False,False,True,True,True,False,False,True,True,0.48,True,9795603456.0,10.6,2.16,2.27,2.32,20.36,19.43,11.88,5.1,6.7,1.03,1.22,2.87,1.38,0.71,24.57,207.7,8.16,7.28,0.78,74.55,25.29,11.0,19.55,18.4,-33.4,2.6,16.21,15.29,-43.7,30.6,-18.9,11.0,19.55,-34.27,1.93,-23.8,-2.93,-0.83,1.13,0.64,0.13,13.020000457763672,False,False,False,2.1552750361799458,3.9980351921137998,16.275000572204586,12.906915011350554,21.271118620091915,9.14667991882086,14.862453352730231,10.480480229282053,,,,6,False,9.9,,,n/d,n/d,,,Fundo duplo,False,False,,,Em Alta,13.149999618530273,-0.9885868025685252,-33.74045439937008,False,True,False,Fundo duplo — rompeu pescoço ~R$12.96 (candidato)
SBSP3,BOVA11+AUVP11,BOVA11,Serviços públicos,50.16,50.19,50.0,,,0.1,,70.67,31.89,40.09,23.97,True,79,Não,,,False,7,8,False,,True,,False,False,True,False,False,True,5,10,True,True,True,True,False,True,True,True,True,True,True,0.76,True,93263036416.0,11.51,2.05,2.58,2.57,17.8,17.28,12.72,19.67,8.35,2.25,2.48,1.47,1.14,0.92,29.56,-33.9,10.69,7.77,0.3,59.31,40.69,22.84,35.21,16.1,-24.7,-7.4,27.4,27.63,-33.8,27.4,0.4,23.31,35.21,-14.97,1.72,17.7,-2.39,0.17,1.11,0.71,0.06,26.520000457763672,False,False,False,4.865676006340927,9.025828991762417,30.52910565294254,25.89704395659596,34.80570604701739,11.7657574377127,24.31300165836823,26.520000457763672,25.63843586840008,26.20852220717982,23.587669986461837,6,True,7.2,-11.057052868350926,-3.3241499779292583,n/d,n/d,,,,False,False,,,Lateral,26.25,1.0285731724330338,-24.910810742501788,False,False,False,sem sinal (Lateral)
CSMG3,BOVA11+SMALL11+DIVO11,BOVA11,Serviços públicos,49.69,47.87,60.0,,,0.1,,63.47,15.61,34.23,85.62,True,80,Não,,,False,5,8,False,,True,,False,False,True,False,False,True,6,10,True,True,True,False,False,True,True,False,True,True,True,0.9,True,21283454976.0,16.73,2.44,3.84,10.18,14.6,15.68,11.59,14.88,9.07,2.77,3.34,1.22,1.06,,170.34,-21.2,11.64,6.35,0.28,51.64,48.36,28.75,67.45,95.3,-16.8,-2.8,52.66,49.12,-20.9,31.9,31.1,41.91,67.45,15.73,2.01,115.5,-2.83,1.83,0.87,0.47,0.1,56.130001068115234,False,False,False,40.82051703637164,59.43467280495711,34.89252905609076,41.67191186355459,,33.8014680094549,8.962778754792545,49.718429673568856,43.38992140733297,41.24621444996312,37.12159300496681,6,True,6.6,-33.864970072031916,-22.697451306515816,n/d,n/d,,,,False,False,,,Em Baixa,57.13999938964844,-1.7675854608359964,-17.23680135551685,False,False,False,sem sinal (Em Baixa; sem novo topo (-1.8%))
EGIE3,BOVA11+DIVO11,BOVA11,Serviços públicos,49.39,51.05,40.0,,,0.1,,77.92,22.95,19.4,63.7,True,81,Não,,,False,6,8,False,,True,,False,False,True,False,True,False,4,10,True,True,True,True,True,False,True,False,True,True,True,1.43,True,42845544448.0,10.86,2.86,2.98,6.54,26.37,32.12,11.59,28.94,9.03,3.56,4.3,1.09,2.06,1.42,71.05,270.0,11.54,6.68,0.19,74.84,23.06,26.83,37.14,12.7,-18.6,-4.1,30.25,30.63,-26.9,25.8,0.5,27.15,37.14,-14.87,1.63,8.5,-2.48,0.05,0.93,0.62,0.05,30.25,False,False,False,14.135474175352934,26.221304595279694,36.90722836095764,25.74653022311039,39.48953106695884,42.03706415817176,20.808965315730337,26.4869675383933,28.97913317924436,26.354136066836496,23.718722460152847,8,True,3.0,-21.591000131726123,-4.201212630597151,n/d,n/d,,,,False,False,,,Em Alta,30.360000610351562,-0.36232084367632256,-20.516357799961625,False,False,False,sem sinal (Em Alta)
CPLE3,BOVA11,BOVA11,Serviços públicos,49.16,43.72,80.0,,,0.1,,47.23,29.42,35.14,80.82,True,82,Não,,,False,5,8,False,,True,,False,False,True,True,True,True,8,10,False,True,True,False,True,True,True,False,True,False,True,0.9,True,46622883840.0,15.02,1.95,6.73,9.14,12.99,9.34,9.82,11.41,9.58,2.97,4.24,1.3,0.98,0.3,137.3,50.0,14.42,5.45,0.3,61.78,38.29,10.29,16.67,52.6,-5.8,5.1,14.16,13.62,-17.9,25.6,31.3,11.94,16.67,15.93,1.61,42.6,-2.63,1.24,1.12,0.76,0.05,15.699999809265137,False,False,False,10.25143353654491,19.01640921029081,13.849866675949604,13.760640031696779,31.35818870026326,8.56043112128839,12.647802775772847,12.778039451660627,15.277851437933403,13.269339741678703,11.942405767510833,8,True,3.7,-23.93372030193791,-2.688843162167487,n/d,n/d,,,,False,False,,,Em Alta,15.779999732971191,-0.5069703742700327,-6.945302238233975,False,False,False,sem sinal (Em Alta)
MOTV3,BOVA11,BOVA11,Bens Industriais,48.72,52.02,30.0,,,0.7,,72.04,51.14,24.84,18.49,False,83,Fundo triplo,,,True,6,8,False,,True,,False,False,True,False,True,False,3,10,True,True,False,True,True,False,True,True,True,True,False,1.9,False,33465489408.0,8.58,1.87,1.26,2.26,21.85,19.92,11.72,19.27,6.95,3.69,4.41,1.77,2.45,0.57,19.38,58.4,11.17,6.62,0.44,77.07,22.24,13.6,17.55,22.4,-5.1,12.1,15.08,15.24,-22.1,28.5,11.8,13.67,17.55,-3.57,1.79,0.5,-2.8,0.16,1.28,0.78,0.05,16.649999618530273,False,False,False,2.6866569444174955,4.983748631894454,25.712411998313062,19.71700923057942,33.492213461515036,10.38593205872702,23.480768692799103,9.72413104545368,,,,6,False,12.5,,,n/d,n/d,,,Fundo triplo,False,False,,,Em Alta,16.459999084472656,1.1543167960249345,-6.181450456992488,False,True,False,Fundo triplo — rompeu pescoço ~R$15.15 (candidato) · ⚡ cruzamento de médias (MM21>MM30) hoje
GOAU4,BOVA11+SMALL11,BOVA11,Materiais,48.2,51.41,30.0,,,1.0,,30.17,73.4,59.73,75.34,False,84,Não,Bandeira de alta,"Bandeira de alta (pré-confirmação) — pescoço R$10.56, preço 5.6% acima do pescoço; falta fechar acima e segurar",False,4,8,False,,True,,False,False,False,True,True,False,3,10,False,False,True,False,True,True,True,False,False,True,True,0.5,True,14747970560.0,18.48,0.76,3.45,8.58,4.13,12.06,10.0,1.14,2.12,0.99,1.38,2.88,0.28,0.25,158.54,73.2,5.49,5.06,1.04,34.12,23.4,6.66,11.41,67.5,-2.3,10.2,9.28,9.02,-25.3,28.9,28.2,7.68,11.41,12.83,1.82,61.4,-2.64,1.41,0.93,0.56,0.05,11.149999618530273,False,False,False,6.832773497831832,12.674794838478048,7.994453189692971,14.112642234495148,18.100648731380314,6.1112762116739185,7.300594988323394,39.15082006959879,10.446740527410805,7.994453189692971,7.195007870723674,7,True,6.4,-35.47077922077923,-6.307256638383352,n/d,n/d,,,,False,False,,,Lateral,11.119999885559082,0.2697817741001085,-2.5126224203385727,False,False,False,sem sinal (Lateral)
ANIM3,SMALL11,SMALL11,Consumo discricionário,47.46,48.78,40.0,,,0.9,,44.83,70.61,24.31,60.96,False,85,Não,Bandeira de alta,"Bandeira de alta (pré-confirmação) — pescoço R$2.82, preço 4.9% acima do pescoço; falta fechar acima e segurar",False,4,8,False,,False,,False,False,False,False,True,False,4,10,True,False,True,False,True,False,True,False,False,False,False,1.75,False,1118466176.0,7.59,0.48,2.69,6.44,6.36,-2.07,14.6,3.71,3.21,3.35,3.21,1.49,2.02,2.34,48.9,205.2,3.83,6.53,0.35,72.15,22.61,1.93,5.17,53.4,-42.8,1.3,3.39,3.47,-62.7,69.3,-8.3,1.93,5.17,-23.67,4.36,-32.6,-5.79,0.03,2.01,0.51,0.08,2.9600000381469727,False,False,False,1.3623049612529254,1.8317587153582413,3.7455520222328715,7.355995740310109,3.7801353753008833,1.3384079074817006,1.8384230395956422,,2.316097003537044,1.8350908774769419,1.6515817897292477,6,True,5.5,-44.20331863363166,-21.75348061863629,n/d,n/d,,,,False,False,,,Em Alta,2.890000104904175,2.422142930860516,-44.02933021884049,False,False,False,sem sinal (Em Alta)
ECOR3,SMALL11,SMALL11,Bens Industriais,47.4,43.41,70.0,,,0.7,,48.5,54.64,28.32,22.6,False,86,Não,,,False,1,8,False,,True,,False,True,True,False,False,True,7,10,False,False,False,False,False,False,True,False,False,True,False,5.91,False,5488451584.0,9.74,1.29,3.96,2.53,13.28,19.86,11.52,4.59,5.24,4.62,5.62,2.52,6.64,0.97,24.6,-89.7,12.73,6.86,0.19,88.21,11.06,5.87,11.74,34.4,-32.8,5.8,7.92,8.46,-50.0,43.0,-22.1,5.87,11.74,-37.47,2.71,-14.1,-3.96,-0.06,1.8,0.73,0.07,7.889999866485596,False,False,False,1.4236327188150188,2.64083869340186,10.733316040136973,10.558298142339085,10.157089265846361,1.8683620145429187,7.262238773854315,12.434410743700683,,,,5,False,8.7,,,n/d,n/d,,,,False,False,,,Em Alta,7.730000019073486,2.069855718205904,-33.87890636944563,False,False,False,sem sinal (Em Alta)
ALOS3,BOVA11+SMALL11+DIVO11,BOVA11,Imobiliário,47.22,41.44,80.0,,,0.8,,49.3,33.58,24.16,60.27,False,87,Fundo duplo,,,False,3,8,False,,True,,False,True,False,True,True,True,8,10,False,False,False,True,True,False,True,False,True,False,False,0.56,True,14419068928.0,15.66,1.14,10.78,6.38,7.27,9.51,6.39,31.4,5.54,3.4,7.45,0.72,0.56,1582.09,99.86,60.8,14.84,3.66,0.27,46.56,50.55,21.32,32.08,35.2,-10.1,5.5,26.69,26.46,-21.8,25.9,9.6,25.09,32.08,-5.77,1.63,24.9,-2.17,0.76,1.2,0.81,0.07,28.829999923706055,False,False,False,13.132068600017956,13.142660569075614,13.160579007866971,32.36589312861332,11.75825847453355,24.64155640640777,4.929544013332027,52.4345304740952,,,,6,False,10.6,,,n/d,n/d,,,Fundo duplo,False,False,,,Em Alta,29.020000457763672,-0.6547227121314059,-11.092501847954562,False,True,False,Fundo duplo — rompeu pescoço ~R$28.07 (candidato)
PRIO3,BOVA11,BOVA11,Energia,46.67,45.1,55.55555555555556,,,0.9,,59.82,42.48,34.4,6.85,False,88,Não,Bandeira de alta,"Bandeira de alta (pré-confirmação) — pescoço R$63.99, preço 5.8% abaixo do pescoço; falta fechar acima e segurar",False,3,8,False,,True,,False,,True,True,True,False,5,9,False,False,False,True,True,False,True,False,True,True,True,0.77,True,48064634880.0,13.87,1.9,0.0,0.18,13.71,30.11,10.92,18.11,5.84,1.73,2.21,1.34,0.9,1.04,2.46,189.4,6.64,6.59,0.25,59.83,40.17,34.2,72.1,76.2,-16.4,-0.8,54.3,51.86,-27.7,35.4,44.3,40.82,72.1,28.93,2.23,53.2,-3.23,1.13,0.13,0.07,-0.03,60.27000045776367,False,False,False,0.763921824715239,1.4170749848467683,57.57588363845484,55.690026277010325,58.87955482469228,2.0208481299106213,48.13361722112517,22.039877205504173,,,,5,False,77.1,,,n/d,n/d,,,,False,False,,,Lateral,64.41000366210938,-6.42757796764597,-17.415733508543862,False,False,False,sem sinal (Lateral)
FESA4,SMALL11+DIVO11,SMALL11,Materiais,46.52,51.2,20.0,,,1.0,,28.14,67.87,72.21,71.23,False,89,Não,,,False,2,8,False,,True,,False,False,False,True,False,False,2,10,False,False,False,False,False,True,True,False,False,True,True,-0.12,True,1914601856.0,13.69,0.61,11.35,8.28,4.49,15.62,3.69,6.78,3.94,-3.62,-9.04,3.61,0.12,,113.36,-76.0,4.04,-1.74,1.53,26.31,73.65,4.8,8.69,17.7,-35.0,-8.7,6.78,6.73,-44.8,35.9,-16.9,4.8,8.69,-32.27,2.26,-3.1,-3.42,-0.31,1.16,0.56,-0.02,5.650000095367432,False,False,False,3.341904774697598,4.865813351959703,4.292184148416457,9.274127721764522,,5.225440763076465,1.102525323837744,6.42019498029411,,,,6,False,8.4,,,n/d,n/d,,,,False,False,,,Lateral,5.71999979019165,-1.2237709334229407,-36.51685014004011,False,False,False,sem sinal (Lateral)
SMTO3,SMALL11,SMALL11,Bens de primeira necessidade,46.1,50.71,20.0,,,0.0,,44.63,71.13,46.75,34.93,True,90,Não,Fundo duplo,"Fundo duplo (pré-confirmação) — pescoço R$16.37, preço 25.2% acima do pescoço; falta fechar acima e segurar",False,3,8,False,,True,,False,False,True,False,False,False,2,10,False,True,False,False,False,True,True,False,True,True,True,0.99,True,6616852480.0,8.29,0.91,1.07,3.4,11.0,14.59,6.36,11.43,3.95,2.38,5.23,3.16,1.65,1.05,28.17,-39.3,10.62,3.45,0.45,68.55,31.45,12.82,21.21,59.9,-3.3,25.6,15.88,16.11,-34.0,43.9,40.5,13.89,21.21,25.13,2.76,-16.1,-4.2,0.24,0.59,0.23,0.04,20.5,False,False,False,4.976375642851059,9.231176817488713,32.765379975874545,35.40357826315794,27.94184097923915,11.105314558277678,18.886986937086025,46.79403599896399,,,,6,False,9.4,,,n/d,n/d,,,,False,False,,,Em Alta,21.209999084472656,-3.347473432907544,-4.192904689750165,False,False,False,sem sinal (Em Alta)
QUAL3,SMALL11,SMALL11,Cuidados de saúde,46.09,50.69,20.0,,,0.2,,52.47,73.82,36.6,13.01,True,91,Não,,,False,4,8,False,,False,,False,False,False,True,True,False,2,10,True,False,True,False,True,False,False,True,False,False,True,0.61,True,432793376.0,16.66,0.33,0.59,1.25,1.96,0.44,22.61,1.9,1.45,2.45,1.52,0.58,0.89,10.73,20.81,60.1,3.12,5.32,0.47,66.78,32.76,1.39,2.71,10.1,-43.5,-9.2,2.0,2.02,-48.6,59.1,-33.4,1.39,2.62,-48.77,3.73,-13.5,-5.66,-0.27,1.9,0.56,0.09,1.5299999713897705,False,False,False,0.13653422298234735,0.1559410072081297,0.7492162732041102,3.0951964120379625,0.257269647009371,0.5416200595677197,0.33492870462743135,,,,,6,False,22.7,,,n/d,n/d,,,,False,False,,,Lateral,1.7200000286102295,-11.046514770931726,-45.46951654165453,False,False,False,sem sinal (Lateral)
SAUD3,SMALL11+DIVO11+AUVP11,SMALL11,Cuidados de saúde,45.52,42.97,60.0,,,0.2,,49.64,7.07,65.91,56.85,True,92,Não,Fundo duplo,"Fundo duplo (pré-confirmação) — pescoço R$13.72, preço 7.0% acima do pescoço; falta fechar acima e segurar",False,3,8,False,,True,,False,False,False,True,False,True,6,10,False,False,False,False,False,True,True,True,True,True,True,-0.69,True,42916503552.0,41.12,2.32,0.9,6.04,5.63,39.67,4.59,9.86,22.99,-7.41,-18.52,1.06,0.01,,248.5,-19.6,9.43,5.03,0.66,34.2,65.77,10.45,16.09,40.4,-8.8,3.0,13.01,13.09,-21.2,35.2,31.8,10.45,16.09,16.43,2.22,11.1,-2.33,0.17,0.79,0.39,0.01,14.680000305175781,False,False,False,6.336922893321239,9.226559732675724,3.7128405441106063,7.129298162630416,,14.516166036785778,0.9537104144899498,6.339908523861487,,,,6,False,15.2,,,n/d,n/d,,,,False,False,,,Lateral,14.819999694824219,-0.9446652667430944,-10.918784011324812,False,False,False,sem sinal (Lateral)
GGBR4,BOVA11,BOVA11,Materiais,45.48,48.21,30.0,,,1.0,,33.66,58.13,59.45,66.44,False,93,Não,Bandeira de alta,"Bandeira de alta (pré-confirmação) — pescoço R$24.15, preço 5.1% acima do pescoço; falta fechar acima e segurar",False,4,8,False,,True,,False,False,False,True,True,False,3,10,False,False,True,False,True,True,True,False,False,True,True,0.18,True,49818390528.0,22.23,0.93,3.18,7.05,4.18,12.63,10.03,3.22,5.38,0.97,1.36,2.87,0.28,0.3,156.79,73.5,9.03,5.03,1.04,34.14,65.6,15.69,26.05,61.8,-2.5,10.0,20.99,20.58,-26.3,28.4,26.7,17.08,26.05,11.33,1.79,53.7,-2.53,1.25,0.87,0.53,0.02,25.389999389648438,False,False,False,12.79115489000692,23.727592320962838,15.133490414432826,26.487608204775253,34.26450659871584,11.887333533584622,13.820017661482055,23.027986237839634,20.142461232724997,19.08073832613623,17.172664493522607,8,True,2.9,-32.364454878545835,-20.667736443754603,n/d,n/d,,,,False,False,,,Lateral,25.420000076293945,-0.11802001005297713,-2.998709614807593,False,False,False,sem sinal (Lateral)
IRBR3,SMALL11+Carteira,SMALL11,Insurance,45.37,48.34,28.571428571428573,,2.87,0.3,,17.77,70.39,100.0,27.4,False,94,Fundo duplo,,,False,1,6,False,,False,,False,,False,,False,False,2,7,False,False,False,,False,,True,False,True,False,True,,True,4994316288.0,-33.08,0.91,2.65,2.93,-2.76,2.79,0.0,4.89,,,,,,,,-23.0,7.03,2.3,,66.23,33.77,44.53,62.39,38.2,-1.4,15.3,52.08,51.93,-21.4,31.4,21.0,49.05,62.39,5.63,1.98,17.1,-2.79,0.74,1.06,0.59,0.06,61.529998779296875,False,False,False,12.881369693669134,18.75527427398226,,,,26.3277,,,19.32144798921713,18.75527427398226,16.879746846584034,3,True,2.0,-72.56663874294827,-68.59832866481665,2026-11-12,2026-07-01,última,"A análise fundamentalista do IRB Brasil (IRBR3) revela uma companhia em delicado processo de reestruturação, onde a baixa qualidade operacional contrasta com múltiplos de preço aparentemente descontados. O retorno sobre o patrimônio líquido (ROE) negativo de -2,8% e o retorno sobre o capital investido (ROIC) nulo de 0,0% situam-se drasticamente abaixo das médias setoriais de 34,3% e 19,5%, respectivamente, evidenciando que a empresa ainda não consegue gerar rentabilidade para seus acionistas. Essa falta de eficiência operacional justifica o indicador preço sobre valor patrimonial (P/VP) abaixo do valor justo, em 0,91, enquanto o preço sobre lucro (P/L) negativo de -33,08 reflete os prejuízos recentes, indicando que o aparente desconto patrimonial não é acompanhado por uma contrapartida de lucros saudáveis. No âmbito do crescimento, a contração na receita média anual dos últimos cinco anos de -23,0% supera significativamente a retração setorial de -2,5%, o que sinaliza uma perda de mercado mais severa que a de seus pares. Quanto aos proventos, o rendimento de dividendos de 2,65% mostra-se modesto e pouco sustentável no longo prazo, dado que a geração de caixa e o lucro líquido atual limitam distribuições robustas sem comprometer a estrutura de capital da empresa. O rigoroso checklist de critérios fundamentalistas corrobora esse cenário desafiador ao aprovar apenas um dos seis requisitos analisados, falhando em métricas cruciais de rentabilidade frente à taxa Selic e aos concorrentes. Sob a ótica do valuation, os modelos teóricos de Bazin e Gordon apontam preços-teto de R$ 12,45 e R$ 18,13, respectivamente, gerando uma média de R$ 18,97 e um valor ajustado com margem de segurança de R$ 16,32, o que evidencia uma expressiva dispersão entre as metodologias e resulta em um expressivo potencial de desvalorização de -72,6% frente à cotação atual de R$ 59,45. Por fim, o balanço de investimentos coloca como pontos positivos a excelente nota de segurança financeira e a tendência gráfica de alta com padrão de fundo duplo, enquanto os fatores negativos pesam fortemente na destruição histórica de receitas, na rentabilidade deficitária e no elevado preço atual em relação às estimativas de valor justo.",Fundo duplo,False,True,57.62,6.79,Em Alta,59.45000076293945,3.4987350541029194,-4.934745942561058,False,True,False,Fundo duplo — rompeu pescoço ~R$57.45 (candidato)
RANI3,SMALL11+DIVO11,SMALL11,Materiais,45.13,49.57,20.0,,,1.0,,48.51,49.83,36.72,79.45,False,95,Não,,,False,3,8,False,,True,,False,False,False,False,False,False,2,10,False,True,True,False,False,False,True,False,False,True,True,0.8,True,1769133568.0,13.62,1.23,5.26,9.01,9.03,25.63,11.69,7.65,4.96,2.42,2.89,2.1,1.38,,122.78,-70.2,5.42,4.4,0.56,63.24,36.76,7.56,9.51,1.9,-19.0,-2.7,8.17,8.28,-20.5,23.3,-7.6,7.56,9.51,-22.97,1.47,4.0,-2.17,-0.6,0.62,0.46,0.03,7.699999809265137,False,False,False,4.957993146279322,7.218838020982693,5.879588694299371,8.923615803931435,,4.91387477971708,1.5102789640576681,7.730277792197073,6.604031372901162,6.549213357641031,5.894292021876929,6,True,5.9,-23.4507510664541,-14.23335666898633,n/d,n/d,,,,False,False,,,Em Baixa,7.829999923706055,-1.660282448373085,-20.64634560910679,False,False,False,sem sinal (Em Baixa; sem novo topo (-1.7%))
MOVI3,SMALL11,SMALL11,Bens Industriais,45.04,47.7,30.0,,,0.7,,47.44,72.57,12.98,56.16,False,96,Não,,,False,4,8,False,,False,,False,False,True,False,True,False,3,10,False,False,True,False,True,False,True,True,False,False,False,5.5,False,3261594624.0,7.22,0.8,8.38,5.83,11.08,3.58,13.78,2.89,3.61,3.65,3.71,0.68,6.43,1.12,42.07,97.0,3.54,6.78,0.22,91.5,8.5,6.5,14.83,24.2,-45.6,-13.1,9.57,9.94,-56.2,62.1,-18.5,6.5,14.83,-33.87,3.91,16.2,-5.96,0.39,2.36,0.66,0.13,8.069999694824219,False,False,False,3.3590873932958862,6.231107114563868,14.809902487038903,15.927630976626746,13.68728115972922,14.936846890707317,7.495187153709224,,12.181325963729213,14.24859182338406,12.823732641045655,6,True,4.7,58.90623452278807,50.94580451523236,n/d,n/d,,,,False,False,,,Lateral,7.869999885559082,2.5412936743763215,-46.09218736890561,False,False,False,sem sinal (Lateral)
VALE3,BOVA11+DIVO11+Wishlist,BOVA11,Materiais,44.49,48.81,20.0,,,1.0,,48.77,37.71,43.33,87.67,False,97,Não,Bandeira de alta,"Bandeira de alta (pré-confirmação) — pescoço R$78.74, preço 0.0% abaixo do pescoço; falta fechar acima e segurar",False,4,8,False,,True,,False,False,False,True,False,False,2,10,True,False,True,False,False,True,True,False,False,True,True,0.41,True,335013642240.0,33.59,1.77,7.15,10.47,5.27,24.52,18.11,4.76,4.61,1.04,0.8,1.19,0.55,,351.58,-43.5,9.66,7.92,0.39,60.3,38.73,51.39,87.63,53.2,-10.2,2.2,75.03,72.03,-20.2,25.9,11.8,69.97,87.63,-3.57,1.63,41.9,-2.41,1.24,0.86,0.57,-0.09,78.72000122070312,False,False,False,58.853566379006146,85.69079264783295,24.372968523230497,48.42668223905036,,42.5,6.260638892642999,86.65064607247675,,,,6,False,13.8,,,2026-10-29,2026-08-12,última,"A mineradora Vale apresenta um quadro operacional misto, onde a eficiência na alocação de capital medida pelo ROIC de 18,1% situa-se confortavelmente acima da média do setor de 9,2%, sugerindo forte retorno sobre os investimentos produtivos, embora o ROE de 5,3% fique ligeiramente abaixo dos 5,6% dos pares setoriais. Essa rentabilidade interna robusta convive com múltiplos de valuation que não se mostram uniformemente descontados, visto que o P/L de 33,59 indica uma precificação esticada frente aos lucros atuais, enquanto o P/VP de 1,77 sinaliza um prêmio patrimonial moderado. No âmbito financeiro, a excelente relação entre rentabilidade e endividamento é evidenciada pela alavancagem medida pela relação Dívida Líquida sobre EBITDA de 1,04, que se posiciona bem abaixo da média setorial de 1,76, garantindo solidez ao balanço. Essa estrutura de capital saudável suporta um pagamento de dividendos atrativo, com um rendimento de 7,15% que se mostra sustentável diante do baixo endividamento, mesmo com uma margem líquida mais apertada de 4,76%. Por outro lado, o crescimento histórico da companhia é um ponto de atenção, dado que a taxa de crescimento anual composta da receita nos últimos cinco anos recuou 43,5%, desempenho severamente abaixo da média de expansão de 17,4% registrada pelo setor. Esse descompasso operacional é refletido no checklist de critérios fundamentalistas, no qual a empresa atende a apenas 4 dos 8 requisitos avaliados, penalizada principalmente pela ausência de crescimento superior aos pares e pela margem líquida inferior ao patamar de referência de 15%. Sob a ótica de avaliação intrínseca, as estimativas de preço-teto revelam uma dispersão brutal entre as metodologias, variando desde os pessimistas R$ 24,29 pelo fluxo de caixa descontado e R$ 48,26 pelo modelo de Graham, passando por R$ 58,65 na abordagem de Bazin, até atingir R$ 85,40 pelo modelo de Gordon, o qual é o único a sugerir potencial de valorização perante a cotação atual de R$ 78,45. Em suma, o investimento no ativo contrapõe, como pontos positivos, a elevada eficiência operacional do ROIC, o endividamento sob controle e o fluxo robusto de proventos, enquanto figuram como pontos negativos a forte contração histórica de receita, a margem líquida pressionada e a falta de consenso nos modelos de valuation que, em sua maioria, apontam para uma ação negociada acima do valor justo.",,True,False,,,Em Alta,80.80000305175781,-2.5742595946714353,-11.668931469394817,False,False,False,sem sinal (Em Alta)
SYNE3,SMALL11+DIVO11,SMALL11,Imobiliário,44.27,45.02,40.0,,,0.8,DY5a=127.1%>=20,43.21,57.21,33.87,,False,98,Não,,,False,2,8,False,,False,,False,False,False,True,False,False,4,10,False,False,False,True,False,False,False,True,True,True,False,0.72,True,576996032.0,11.07,0.86,65.35,127.07,7.8,14.02,6.47,16.16,4.94,3.1,6.71,1.45,0.5,1.42,1406.67,-67.2,12.6,3.08,0.36,40.97,29.56,3.49,5.11,8.3,-26.0,-3.0,4.5,4.36,-31.7,39.1,-21.7,3.49,5.11,-37.07,2.47,-3.7,-3.74,-0.4,1.03,0.45,0.09,3.7799999713897705,False,False,False,34.308913442916435,63.64303443660998,4.524390209658035,5.811122352368929,10.243902361489893,6.647666666666668,2.58634144383902,8.615547087637712,,,,5,False,24.6,,,n/d,n/d,,,,False,False,,,Em Baixa,3.950000047683716,-4.303799347892001,-27.510383019060257,False,False,False,sem sinal (Em Baixa; sem novo topo (-4.3%))
RENT3,BOVA11,BOVA11,Bens Industriais,43.54,42.4,50.0,,,0.7,,53.31,44.82,18.23,35.62,False,99,Não,,,False,2,8,False,,True,,False,False,True,False,True,True,5,10,False,False,False,False,True,False,True,False,False,False,False,1.34,True,40439951360.0,12.07,1.52,5.58,3.47,12.63,7.58,12.27,7.39,5.15,4.1,4.68,1.14,1.71,1.64,41.87,24.5,8.14,6.27,0.33,70.15,29.84,32.03,51.57,14.3,-29.0,-9.5,41.52,41.74,-37.9,38.6,-13.7,32.03,51.57,-29.07,2.43,9.2,-3.64,-0.03,1.74,0.78,0.11,36.61000061035156,False,False,False,9.071668848662949,16.827945714269767,40.189105889573995,40.54297057198118,32.790268148423955,49.93349167389985,22.099867098620386,52.15494857252153,36.36265680989867,40.189105889573995,36.1701953006166,7,True,5.7,-1.201325600662806,-0.6756181270943684,n/d,n/d,,,,False,False,,,Lateral,36.75,-0.38095072013180076,-30.5149674926396,False,False,False,sem sinal (Lateral)
RADL3,BOVA11,BOVA11,Bens de primeira necessidade,43.53,42.39,50.0,,,0.0,,62.27,18.29,41.43,15.07,True,100,Não,Bandeira de alta,"Bandeira de alta (pré-confirmação) — pescoço R$19.76, preço 1.6% acima do pescoço; falta fechar acima e segurar",False,6,8,False,,True,,False,False,True,False,True,True,5,10,True,True,True,False,True,True,True,False,False,True,True,1.09,True,35093118976.0,26.46,4.87,2.17,1.45,18.41,18.18,16.71,2.88,7.56,2.06,1.72,1.41,1.18,2.33,38.24,14.4,17.19,7.8,0.84,70.85,29.09,16.14,26.71,24.3,-24.9,6.3,20.22,20.71,-39.6,35.6,-14.4,16.14,26.71,-29.77,2.24,23.6,-3.52,0.36,1.21,0.59,0.16,20.06999969482422,False,False,False,2.0719456169679944,3.843459119475629,10.050169915208649,8.386470514497729,9.7200822957483,7.52134291134969,7.4469711990507745,14.270851203467043,8.748478165542545,8.386470514497729,7.547823463047957,7,True,6.9,-62.39250833175429,-56.41017290200229,n/d,n/d,,,,False,False,,,Em Alta,20.270000457763672,-0.9866835639998683,-26.015150625365624,False,False,False,sem sinal (Em Alta)
BBAS3,BOVA11+DIVO11+Carteira,BOVA11,Produtos financeiros,42.98,48.36,12.5,14.56,,0.4,,38.69,53.52,50.86,73.97,False,101,Não,,,False,2,6,False,,True,,False,False,False,,False,False,1,8,False,False,False,,False,,True,True,True,True,True,,True,128506740736.0,8.88,0.71,3.07,8.48,7.99,14.73,0.0,21.83,,,,,,4.51,75.34,-13.8,4.95,0.79,,92.12,7.71,17.71,27.18,27.0,-17.2,10.3,21.21,21.57,-34.8,28.6,6.2,17.71,27.18,-9.17,1.8,1.2,-2.81,0.12,1.22,0.74,-0.03,22.5,False,False,False,13.63603798872139,16.18172152698992,21.477218588349007,42.50481398652311,26.4899184285752,15.654156167086413,9.90643746357871,,16.737283567786683,15.917938847038167,14.32614496233435,4,True,1.6,-36.32824461184734,-25.61207303205919,2026-11-11,2026-09-02,última,"O Banco do Brasil (BBAS3) apresenta um perfil de investimento intrigante, onde múltiplos de preço historicamente baixos, como o P/L de 8,88 e o P/VP de 0,71, convivem com indicadores de rentabilidade que atualmente se posicionam abaixo dos seus pares de setor. Essa aparente barganha de preço é contraposta por um ROE de 8,0% e um ROIC de 0,0%, ambos inferiores às médias setoriais de 17,1% e 2,4%, respectivamente, sugerindo que o desconto patrimonial reflete uma eficiência operacional momentaneamente pressionada. Apesar de manter uma robusta margem líquida de 21,83%, a instituição enfrenta um cenário de contração de longo prazo, evidenciado pelo CAGR de receita de cinco anos negativo em 13,8%, enquanto a média do setor expandiu 6,8% no mesmo período. No quesito de proventos, o dividend yield de 3,07% mostra-se tímido e condizente com o atual momento de rentabilidade mais baixa, embora a sustentabilidade futura desses pagamentos dependa diretamente da recuperação operacional sinalizada pela tendência de alta do papel. O checklist de critérios fundamentalistas reforça essa postura de cautela ao aprovar apenas 2 de 6 requisitos, falhando em superar a taxa Selic ou as médias setoriais, mas validando o ativo pelo seu elevado valor de mercado e pela ausência de venda de ações por parte de insiders. Sob a ótica do valuation, as estimativas de preço-teto revelam uma dispersão acentuada entre os métodos analíticos, variando desde os conservadores R$ 13,61 por Bazin e R$ 16,15 por Gordon, até os mais otimistas R$ 26,43 por Lynch e R$ 42,41 pelo modelo de Graham. Diante da média de preço-teto de R$ 16,71 e de um valor ajustado com margem de segurança de R$ 14,31, o preço atual de R$ 22,45 resulta em um upside negativo de 36,3% contra a referência ajustada, indicando que o mercado já precifica um cenário mais áureo do que o suportado pelas fórmulas clássicas. Em suma, os prós de BBAS3 concentram-se em sua forte margem líquida, no robusto valor de mercado e na tendência gráfica de alta, enquanto os contras residem no crescimento de receita negativo, na rentabilidade abaixo da média do setor e no valuation esticado perante as métricas de preço-teto calculadas.",,False,True,22.29,0.94,Em Alta,22.450000762939453,0.22271374325779636,-17.90202090258084,False,False,False,sem sinal (Em Alta)
SLCE3,BOVA11+SMALL11+DIVO11,BOVA11,Bens de primeira necessidade,42.8,46.82,20.0,,,0.0,,52.06,37.21,37.56,65.75,True,102,Bandeira de alta,,,False,2,8,False,,True,,False,False,False,False,True,False,2,10,False,False,False,False,True,False,True,False,False,True,True,1.87,True,8233870848.0,21.18,1.52,4.88,7.05,7.16,17.38,10.84,4.41,6.63,4.42,5.7,2.2,1.82,0.88,149.31,24.2,11.79,6.41,0.63,73.5,23.57,12.62,19.32,31.5,-14.1,10.6,14.44,15.1,-34.7,24.1,12.2,12.62,19.32,-3.17,1.52,-7.7,-2.23,0.15,0.5,0.36,-0.0,16.600000381469727,False,False,False,8.35869920689168,15.505387028784067,10.38479721692511,13.877607021609466,23.5127484156795,9.17819432070187,9.483475194324063,11.65026929924348,12.743897213019906,11.017533258084296,9.915779932275866,8,True,2.8,-40.26638732283002,-23.2295366255191,n/d,n/d,,,Bandeira de alta,False,False,,,Em Alta,16.489999771118164,0.6670746626948221,-14.784390289754468,False,True,False,"Bandeira de alta — mastro +29%, recuo 14%, bandeira 7d (candidato)"
FRAS3,SMALL11,SMALL11,Consumo discricionário,42.32,40.96,50.0,,,0.9,,53.55,18.56,45.72,30.82,False,103,Não,Bandeira de alta,"Bandeira de alta (pré-confirmação) — pescoço R$23.29, preço 2.0% abaixo do pescoço; falta fechar acima e segurar",False,6,8,False,,True,,False,False,True,False,True,True,5,10,True,False,True,False,True,True,True,True,False,True,True,0.6,True,6331560448.0,21.77,2.53,2.71,3.07,11.62,14.99,15.27,5.39,7.37,1.64,1.51,2.41,1.13,5.63,66.75,155.0,14.16,6.92,0.72,65.64,34.06,18.96,25.01,20.4,-8.7,6.8,21.91,22.24,-24.2,26.7,-4.1,18.96,24.94,-19.47,1.68,-5.9,-2.58,-0.2,0.79,0.52,0.09,22.829999923706055,False,False,False,4.999700875521856,7.172597480087744,10.746124867764467,14.591760539659115,7.267516076921548,8.443574917748279,5.348646595034569,11.028790118546263,8.699838933910481,7.855545497334914,7.069990947601423,8,True,2.9,-69.0320150187117,-61.89295241794196,n/d,n/d,,,,False,False,,,Em Alta,23.530000686645508,-2.9749287824574533,-9.129076130729786,False,False,False,sem sinal (Em Alta)
SUZB3,BOVA11,BOVA11,Materiais,41.77,47.38,10.0,,,1.0,,51.69,60.65,29.74,30.14,False,104,Não,Bandeira de alta,"Bandeira de alta (pré-confirmação) — pescoço R$45.90, preço 1.9% acima do pescoço; falta fechar acima e segurar",False,5,8,False,,False,,False,False,True,False,False,False,1,10,True,True,False,True,False,False,True,True,True,True,False,1.68,False,57600094208.0,7.24,1.19,0.01,3.06,16.44,27.73,5.54,17.08,6.4,3.68,9.21,3.38,1.99,0.57,22.18,-64.0,6.41,3.15,0.57,73.83,26.09,39.68,58.97,17.9,-20.7,9.1,47.48,47.34,-32.7,27.6,-9.8,39.68,58.97,-25.17,1.74,-18.0,-2.37,-0.68,0.43,0.27,-0.01,46.77000045776367,False,False,False,10.232733290339588,18.981720253579937,85.59426879355918,75.5815631200532,102.43688713497498,15.968800606602043,69.20860525743933,22.144168972520877,,,,6,False,10.0,,,n/d,n/d,,,,False,False,,,Em Alta,46.790000915527344,-0.042745153606171815,-21.584662256310384,False,False,False,sem sinal (Em Alta)
AXIA3,BOVA11+DIVO11+Carteira,BOVA11,Serviços públicos,41.53,38.27,60.0,,,0.1,,39.63,23.4,49.66,46.58,True,105,Não,Fundo duplo,"Fundo duplo (pré-confirmação) — pescoço R$55.62, preço 0.2% abaixo do pescoço; falta fechar acima e segurar",False,3,8,False,,True,,False,False,False,True,True,True,6,10,False,False,False,True,False,True,True,False,True,False,True,0.54,True,126437924864.0,13.61,1.34,2.66,4.28,9.86,5.35,3.25,27.05,16.19,2.95,7.36,2.05,0.63,3.3,58.2,9.7,9.53,3.03,0.39,57.63,42.34,43.16,67.15,28.7,-17.3,2.3,53.99,55.17,-27.0,37.3,11.1,49.43,67.15,-4.27,2.35,22.9,-3.11,0.5,1.4,0.65,0.03,55.529998779296875,False,False,False,16.962667527089106,25.029476632789777,43.00303640092509,61.67901949981621,34.26314177963373,26.692708520920483,21.468716698181478,22.659377785085344,31.469768105555154,25.86109257685513,23.274983319169618,8,True,3.6,-58.085748548859726,-43.32834720448804,2026-11-04,2025-11-17,última,"A análise fundamentalista da AXIA3 revela uma empresa de serviços públicos que, apesar de operar com uma sólida margem líquida de 27,05%, entrega uma rentabilidade abaixo de seus pares, com um ROE de 9,9% (setor 12,1%) e um ROIC de 3,2% (setor 9,6%). Essa qualidade operacional inferior não é compensada por um preço atrativo, uma vez que o papel negocia a múltiplos esticados, como o P/L de 13,61 e o P/VP de 1,34, evidenciando uma desconexão desfavorável entre preço e valor. No âmbito financeiro, a companhia adota uma postura conservadora, apresentando um endividamento controlado com a relação Dívida Líquida/EBITDA em 2,95 (setor 3,4), o que garante segurança financeira e liquidez corrente confortável de 2,05, mesmo diante de retornos modestos. Essa estrutura de capital saudável, contudo, não se traduz em proventos robustos, visto que o dividend yield de 2,66% mostra-se tímido e condizente com a necessidade de reter caixa frente ao fraco crescimento histórico, ilustrado pelo CAGR de receita de 9,7% nos últimos cinco anos, muito abaixo da média setorial de 37,6%. O rigoroso checklist de critérios confirma esse cenário desafiador ao aprovar apenas 3 dos 8 requisitos analisados, penalizado principalmente pela rentabilidade inferior à taxa Selic e ao setor, além das vendas de papéis por insiders. Sob a ótica do valuation, o preço atual de R$ 55,75 situa-se bem acima das referências teóricas, com uma dispersão acentuada entre o método de Graham, que aponta R$ 61,92, e o de Bazin, que limita o teto a R$ 17,03. Essa disparidade resulta em uma média de preço-teto de R$ 31,58 e um valor ajustado com margem de segurança de R$ 23,32, o que implica em um expressivo upside negativo de 58,2% em relação à cotação de tela. Em balanço, a AXIA3 destaca-se positivamente por sua robusta margem líquida, baixo endividamento comparativo e tendência gráfica de alta em fundo duplo, mas contrapõe-se negativamente devido ao valuation esticado, fraco crescimento frente ao setor, baixa rentabilidade sobre o capital e dividendos pouco atraentes para a categoria de serviços públicos.",,False,True,59.55,-6.75,Em Alta,55.75,-0.39462102368273966,-18.145634173211555,False,False,False,sem sinal (Em Alta)
ENGI11,BOVA11,BOVA11,Serviços públicos,41.33,41.56,40.0,,,0.1,,50.16,35.76,23.85,52.74,True,106,Fundo duplo,,,False,3,8,False,,True,,False,False,False,False,True,True,4,10,False,False,True,False,False,False,True,True,False,True,True,2.32,True,15819517952.0,17.06,1.33,2.21,5.38,7.78,17.19,10.25,4.13,6.03,4.32,5.9,1.56,1.99,26.74,91.8,7.9,21.42,4.83,0.34,74.62,23.0,42.1,57.51,22.7,-10.2,6.2,47.89,48.38,-24.1,26.8,10.9,43.67,57.51,-4.47,1.69,10.1,-2.65,0.38,1.33,0.86,0.03,51.650001525878906,False,False,False,19.851662033326576,20.93242125692489,22.802678781570247,51.43352193271244,18.222838197351688,23.146765160648812,9.302225537824699,121.6938039458461,,,,7,False,13.1,,,n/d,n/d,,,Fundo duplo,False,False,,,Em Alta,51.369998931884766,0.5450702741213176,-11.861420108827458,False,True,False,Fundo duplo — rompeu pescoço ~R$51.55 (candidato)
USIM5,BOVA11+SMALL11,BOVA11,Materiais,41.32,45.08,20.0,,,1.0,P/L=-4.22<2,10.29,86.6,71.06,45.89,False,107,Não,,,False,4,8,False,,False,,False,False,False,True,True,False,2,10,False,False,False,False,True,True,True,True,False,False,True,-0.02,True,9441331200.0,-4.22,0.47,0.0,4.14,-11.18,-0.65,4.67,-9.36,3.93,-0.18,-0.44,4.44,0.27,,,301.7,5.84,1.64,1.4,33.58,58.33,4.23,12.04,81.6,-36.2,-9.6,6.59,6.86,-49.6,46.2,28.4,5.98,12.04,13.03,2.91,66.3,-4.35,1.19,0.9,0.34,0.01,7.679999828338623,False,False,False,2.270647561712066,4.212051226975882,,,,,,9.625663633341695,5.369454140676548,4.212051226975882,3.790846104278294,3,True,4.2,-50.64002358059493,-30.085230980557252,n/d,n/d,,,,False,False,,,Lateral,7.809999942779541,-1.6645341279561077,-36.945815797105716,False,False,False,sem sinal (Lateral)
PNVL3,SMALL11,SMALL11,Bens de primeira necessidade,41.13,36.04,70.0,,,0.0,,36.05,41.42,36.36,21.92,True,108,Não,Bandeira de alta,"Bandeira de alta (pré-confirmação) — pescoço R$12.08, preço 8.3% acima do pescoço; falta fechar acima e segurar",False,4,8,False,,True,,False,False,True,False,True,True,7,10,False,True,False,False,True,False,True,True,False,False,True,0.84,True,1955327104.0,14.05,1.47,2.56,2.49,10.45,8.49,9.66,2.33,5.97,4.17,6.05,1.75,1.07,2.07,35.0,17.6,9.05,4.98,0.9,66.54,33.46,8.82,16.07,48.5,-18.5,10.4,11.51,11.69,-35.3,35.0,11.2,10.4,16.07,-4.17,2.2,29.3,-3.07,0.73,1.41,0.7,0.13,13.09000015258789,False,False,False,2.3293019826958896,4.320855177900875,12.344662065607794,13.662622886487554,8.649222612289998,5.723498072725758,6.466628801332938,13.09000015258789,9.179641395561829,8.649222612289998,7.784300351060999,7,True,5.9,-40.532465543768204,-29.87287021729319,n/d,n/d,,,,False,False,,,Em Alta,12.859999656677246,1.7884953503184864,-19.669989418832035,False,False,False,sem sinal (Em Alta)
VAMO3,BOVA11+SMALL11,BOVA11,Bens Industriais,40.11,43.66,20.0,,,0.7,,51.26,49.54,27.01,28.08,False,109,Não,,,False,4,8,False,,True,,False,False,False,False,False,False,2,10,True,False,True,False,False,False,True,True,False,True,False,3.87,False,4251657216.0,13.08,1.25,3.68,2.93,9.57,14.8,15.52,5.1,4.01,3.09,2.79,1.67,4.84,2.22,38.38,-1.9,5.82,7.32,0.32,88.84,11.16,2.48,4.82,40.3,-27.8,8.1,3.41,3.47,-48.5,55.9,7.1,2.48,4.82,-8.27,3.52,-20.0,-5.25,-0.16,2.11,0.66,0.07,3.4800000190734863,False,False,False,0.729293710110673,1.3344205280880905,3.4772323632763835,4.082363072545116,2.349628688117473,2.5316000667739793,1.6970001973830662,9.479797518313095,,,,6,False,13.0,,,n/d,n/d,,,,False,False,,,Lateral,3.4600000381469727,0.5780341244511877,-29.554656300317063,False,False,False,sem sinal (Lateral)
UNIP6,SMALL11+DIVO11,SMALL11,Materiais,39.14,42.52,20.0,,,1.0,,50.69,12.08,34.82,97.26,False,110,Não,,,False,4,8,False,,True,,False,False,True,False,False,False,2,10,False,True,True,False,False,False,True,True,False,True,True,1.25,True,6428276224.0,24.3,3.24,11.32,15.85,13.34,34.18,11.66,5.09,8.78,2.72,3.27,2.39,1.85,,385.12,-46.1,10.88,4.48,0.47,74.89,24.93,53.05,71.62,8.5,-19.6,-4.8,61.26,61.72,-25.5,30.6,-1.1,55.19,71.62,-16.47,1.93,0.4,-2.85,-0.44,0.71,0.4,0.1,57.560001373291016,False,False,False,65.15994768285262,94.87288382623342,24.634733098034015,30.770631747615553,,31.018850384254566,6.327877869962035,21.35725903510254,,,,5,False,15.0,,,n/d,n/d,,,,False,False,,,Em Baixa,59.08000183105469,-2.572783362651665,-20.822023213260366,False,False,False,sem sinal (Em Baixa; sem novo topo (-2.6%))
HAPV3,BOVA11+SMALL11,BOVA11,Cuidados de saúde,38.63,35.64,55.55555555555556,,,0.2,P/L=-21.22<2,12.26,79.86,47.71,6.16,True,111,Não,,,False,2,8,False,,False,,False,,False,True,True,False,5,9,False,False,False,False,True,False,True,False,False,False,True,0.17,True,3453889280.0,-21.22,0.08,0.0,0.14,-0.36,-1.11,2.12,-0.55,4.38,3.07,7.69,1.84,0.33,,,41.3,6.15,1.55,0.45,33.25,66.74,6.09,41.38,19.4,-82.4,-31.4,12.39,16.43,-85.3,77.6,-50.1,6.09,16.49,-65.47,4.89,-73.6,-6.14,-1.95,1.57,0.35,0.02,7.269999980926514,False,False,False,0.07065833642111949,0.13107121406117664,,,,,,14.732998316700442,,,,2,False,208.5,,,n/d,n/d,,,,False,False,,,Em Baixa,7.329999923706055,-0.8185531160170179,-82.95827471418161,False,False,False,sem sinal (Em Baixa; sem novo topo (-0.8%))
EMBJ3,BOVA11,BOVA11,Bens Industriais,38.52,33.55,66.66666666666667,,,0.7,,43.67,12.6,49.28,8.9,False,112,Bandeira de alta,,,False,4,8,False,,False,,False,,True,True,True,False,6,9,False,False,False,False,True,True,True,True,False,False,True,0.14,True,67488899072.0,29.86,3.88,1.05,0.71,13.01,5.09,9.61,5.28,11.36,0.52,0.76,1.44,0.69,2.92,21.32,113.9,16.98,3.7,0.82,70.5,26.66,68.4,103.57,38.6,-8.5,14.6,83.4,84.29,-34.0,38.2,7.4,68.4,103.57,-7.97,2.4,20.8,-3.27,0.39,0.8,0.36,0.0,94.80999755859375,False,False,False,4.835358353868233,8.969589746425571,42.0707457351429,41.78155795440099,34.768668153322,17.541616482855872,28.91175761364213,44.370685833966625,,,,6,False,9.2,,,n/d,n/d,,,Bandeira de alta,False,False,,,Em Alta,101.29000091552734,-6.397475859771895,-9.798099794617599,False,True,False,"Bandeira de alta — mastro +30%, recuo 39%, bandeira 7d (candidato)"
NATU3,BOVA11+SMALL11,BOVA11,Bens de primeira necessidade,38.42,43.0,12.5,,,0.0,P/L=-4.76<2,39.21,56.78,54.45,2.74,True,113,Fundo duplo,,,True,2,8,False,,False,,,,False,True,False,False,1,8,False,False,False,False,False,True,True,False,False,True,True,0.35,True,12318512128.0,-4.76,1.0,0.0,0.0,-21.11,16.32,10.18,-12.47,5.37,2.58,3.54,1.68,0.54,,,-88.9,9.45,2.55,0.77,55.21,44.79,7.2,10.7,24.6,-16.2,-0.1,8.69,8.79,-30.6,47.4,24.6,7.2,10.7,9.23,2.98,-3.8,-4.17,0.03,1.17,0.43,0.02,8.970000267028809,,False,False,,,,,,,,10.895920708366848,10.895920708366848,10.895920708366848,9.806328637530164,1,True,1.0,9.323615893028038,21.470684325586696,n/d,n/d,,,Fundo duplo,False,False,,,Em Alta,9.279999732971191,-3.3405115825701603,-19.551564359504614,False,True,False,Fundo duplo — rompeu pescoço ~R$8.73 (candidato) · ⚡ cruzamento de médias (MM21>MM30) hoje
SMFT3,BOVA11+SMALL11,BOVA11,Consumo discricionário,37.92,37.55,40.0,,,0.9,,48.81,41.04,13.6,26.03,False,114,Rompimento,,,False,1,8,False,,False,,False,False,True,False,False,False,4,10,False,False,False,False,False,False,True,False,True,False,False,1.82,False,11016103936.0,15.92,1.8,5.69,2.72,11.3,9.4,10.6,8.53,3.99,4.32,5.7,1.2,2.24,2.49,43.36,-6.3,8.88,5.98,0.3,73.66,26.34,16.55,25.93,8.6,-30.7,-3.8,20.36,20.88,-36.2,36.1,-21.0,16.55,23.32,-36.37,2.27,-21.9,-3.23,-0.91,1.28,0.62,0.07,17.969999313354492,False,False,False,3.4955796801608527,6.4843003066983815,14.956186614443906,15.923243459062126,10.299082629600965,12.980754538073489,7.5569043332744865,,11.366745313525561,11.639918583837227,10.475926725453505,6,True,4.6,-41.70324359629625,-36.745989160509815,n/d,n/d,,,Rompimento,False,False,,,Lateral,17.67464828491211,1.6710433140245673,-31.68994076496866,False,True,False,"Rompimento (vol x0.4, +1.7% do topo, MM50>MM200)"
AUAU3,SMALL11,SMALL11,Consumo discricionário,37.74,32.63,66.66666666666667,,,0.9,,30.79,46.69,30.01,10.96,False,115,Não,,,False,2,8,False,,,,,,False,True,True,,2,3,False,False,False,False,False,True,True,False,False,False,True,0.51,True,3443175168.0,17.58,1.06,0.77,0.92,6.04,,7.01,3.84,3.72,2.53,5.05,1.26,0.7,3.47,16.1,22.2,11.8,5.6,,,,2.8,4.0,42.6,0.0,19.3,3.25,3.31,-27.2,40.8,4.3,2.8,4.0,-11.07,2.57,,-3.6,0.01,1.0,0.46,0.06,4.0,,False,False,0.2616764859126322,0.4309116476560165,2.6763112476857946,4.395303636414872,1.3614038835792208,0.6415195454075399,1.3325860691565234,6.317212617823593,,,,4,False,24.1,,,n/d,n/d,,,,False,False,,,Em Alta,3.950000047683716,1.2658215623466695,-2.439022120941492,False,False,False,sem sinal (Em Alta)
ARML3,SMALL11,SMALL11,Bens Industriais,37.28,38.56,30.0,,,0.7,,33.22,51.78,27.99,50.68,False,116,Fundo duplo,,,False,2,8,False,,True,,False,False,False,False,True,False,3,10,False,False,False,False,False,False,True,True,False,True,False,1.74,False,1328770304.0,21.24,0.96,12.29,4.8,4.51,11.22,9.85,3.11,4.92,3.29,4.68,1.89,2.12,1.02,102.05,20.9,3.46,5.25,0.54,75.09,23.96,2.71,6.17,41.9,-37.8,6.9,3.71,3.96,-54.6,57.8,-8.2,2.8,6.17,-23.57,3.64,0.9,-5.35,0.2,1.86,0.56,0.05,3.8399999141693115,False,False,False,1.3178055408856975,2.444529278342969,2.395480172445545,4.033755782555416,4.647141044187307,2.637367048845283,2.1875705725729135,5.429598260153977,3.1366559624986388,2.540948163594126,2.2868533472347137,8,True,4.1,-40.44652608463879,-18.316249150823836,n/d,n/d,,,Fundo duplo,False,False,,,Em Alta,3.809999942779541,0.7874008357040552,-39.04762225536703,False,True,False,Fundo duplo — rompeu pescoço ~R$3.56 (candidato)
RAIL3,BOVA11,BOVA11,Bens Industriais,37.19,34.93,50.0,,,0.7,,49.71,26.84,22.38,13.7,False,117,Não,,,False,2,8,False,,False,,False,False,False,False,True,True,5,10,False,False,False,False,True,False,True,False,True,False,False,1.64,False,26947123200.0,22.43,1.9,0.73,1.31,8.48,1.9,12.06,8.53,6.14,3.16,3.66,1.31,2.01,3.75,29.39,56.8,11.19,7.07,0.25,73.88,25.74,12.33,17.04,17.8,-14.8,1.7,15.04,14.98,-27.6,34.0,-0.9,12.33,17.04,-16.27,2.14,-3.7,-3.07,-0.16,1.08,0.55,-0.01,14.520000457763672,False,False,False,1.3588466884268346,2.516582990932409,8.56347664154547,10.550339908054545,4.724425785722205,7.806262849827267,4.165862570521518,11.868819170796124,,,,7,False,8.7,,,n/d,n/d,,,,False,False,,,Em Alta,15.300000190734863,-5.098037406846123,-16.20820011519496,False,False,False,sem sinal (Em Alta)
AZZA3,BOVA11+SMALL11,BOVA11,Consumo discricionário,37.13,38.39,30.0,,,0.9,,24.46,59.75,43.73,36.99,False,118,Não,,,False,1,8,False,,True,,False,False,False,True,False,True,3,10,False,False,False,False,False,False,True,False,False,True,True,0.38,True,3546165248.0,10.88,0.44,14.49,3.54,4.03,11.4,5.88,2.85,3.95,2.74,6.52,2.26,0.49,4.39,38.47,-94.3,3.76,3.33,0.93,48.36,51.64,14.54,30.7,20.6,-42.9,-3.6,23.62,22.73,-52.6,45.3,-30.9,14.54,28.04,-46.27,2.86,-44.3,-4.32,-1.31,1.3,0.5,-0.0,17.540000915527344,False,False,False,4.429949823894716,5.516944186253252,14.34076977624045,38.02595105218048,9.697819113044373,48.30737933818997,6.819421015600146,24.190303005450573,,,,5,False,10.9,,,n/d,n/d,,,,False,False,,,Lateral,17.079999923706055,2.6932142498597766,-43.93438176321951,False,False,False,sem sinal (Lateral)
TIMS3,BOVA11+DIVO11+AUVP11,BOVA11,Comunicação,37.12,31.32,70.0,,,0.4,,30.74,8.61,37.28,78.77,False,119,Não,,,False,3,8,False,,True,,False,False,False,True,True,True,7,10,False,False,False,True,True,False,True,False,True,True,True,0.49,True,44963774464.0,3322.98,1.81,7.74,8.95,0.05,11.85,0.76,15.78,115.98,1.05,2.63,0.85,0.66,1329.19,29756.45,2.5,8.96,7.75,0.43,57.89,42.11,17.94,27.96,5.5,-32.3,-12.8,22.48,22.95,-35.8,28.4,-11.3,17.94,27.96,-26.67,1.79,-11.9,-2.8,-0.77,0.8,0.49,0.09,18.93000030517578,False,False,False,12.108100655444792,15.108803861359368,,,,31.091666666666665,,0.6930632487354111,,,,3,False,44.9,,,n/d,n/d,,,,False,False,,,Lateral,18.969999313354492,-0.21085403071444686,-33.22664560826598,False,False,False,sem sinal (Lateral)
CBAV3,SMALL11,SMALL11,Materiais,36.92,38.14,30.0,,,1.0,,38.41,40.68,38.69,29.45,False,120,Não,,,False,4,8,False,,False,,False,False,True,True,True,False,3,10,False,True,False,False,True,False,True,True,False,False,True,0.57,True,7265971200.0,12.2,1.44,0.39,3.04,11.81,-1.32,6.25,6.41,6.53,1.95,4.36,2.06,0.89,1.64,37.11,28.1,9.54,3.49,0.48,67.68,30.73,3.51,11.23,218.4,-0.6,3.1,10.21,8.65,-15.2,34.0,59.2,7.01,11.23,43.83,2.14,217.2,-2.66,3.18,0.22,0.11,0.02,11.15999984741211,False,False,False,2.424847083862413,4.498091340564776,12.120491637558233,12.629736400248104,9.576614993182115,0.7923109417481256,6.714216740218944,7.360177339195925,,,,6,False,15.9,,,n/d,n/d,,,,False,False,,,Em Alta,11.229999542236328,-0.6233276729972093,-0.8881028369184807,False,False,False,sem sinal (Em Alta)
RAPT4,SMALL11,SMALL11,Bens Industriais,36.47,41.14,10.0,,,0.7,P/L=-5.21<2,19.49,84.62,32.09,47.95,False,121,Não,Fundo duplo,"Fundo duplo (pré-confirmação) — pescoço R$5.14, preço 6.2% abaixo do pescoço; falta fechar acima e segurar",False,1,8,False,,False,,False,False,False,False,True,False,1,10,False,False,False,False,False,False,True,False,False,False,True,1.82,False,1680675200.0,-5.21,0.6,0.0,4.31,-11.45,8.95,9.51,-2.65,3.93,2.95,4.35,2.12,2.11,,,0.5,5.05,5.22,0.76,74.66,17.25,4.35,6.9,10.8,-30.1,-2.1,5.56,5.61,-37.0,39.4,-11.7,4.35,6.84,-27.07,2.48,-24.0,-4.06,-0.95,1.3,0.57,-0.02,4.820000171661377,False,False,False,1.4829073301983888,1.5455189730289873,,,,,,13.026468125946677,,,,2,False,8.8,,,n/d,n/d,,,,False,False,,,Lateral,5.159999847412109,-6.589141197770621,-31.33902870715929,False,False,False,sem sinal (Lateral)
YDUQ3,BOVA11+SMALL11,BOVA11,Consumo discricionário,35.75,35.0,40.0,,,0.9,,34.34,42.38,25.22,39.04,False,122,Não,Bandeira de alta,"Bandeira de alta (pré-confirmação) — pescoço R$8.94, preço 8.0% acima do pescoço; falta fechar acima e segurar",True,1,8,False,,False,,False,False,False,False,True,False,4,10,False,False,False,False,False,False,True,False,False,False,False,1.48,True,2457975040.0,22.91,0.89,6.0,3.6,3.89,5.03,11.35,2.04,3.99,3.14,3.87,1.61,1.72,33.62,82.48,1.0,4.56,7.39,0.4,70.08,29.69,7.32,14.76,32.0,-34.6,7.3,11.78,11.06,-50.4,47.7,-20.8,7.32,14.76,-36.17,3.0,-36.4,-4.84,-0.6,1.61,0.59,0.01,9.65999984741211,False,False,False,2.4842278366545565,2.629115912402145,3.187442099596599,10.147541373452304,1.8053867318382821,5.893793316952143,1.3070011007352496,14.429613076165527,,,,6,False,11.0,,,n/d,n/d,,,,False,False,,,Em Alta,9.489999771118164,1.7913601727507222,-36.82145276970038,False,False,False,sem sinal (Em Alta) · ⚡ cruzamento de médias (MM21>MM30) hoje
POSI3,SMALL11,SMALL11,Tecnologia de informação,35.47,36.43,30.0,,,0.5,,21.2,52.59,36.15,65.07,False,123,Não,Fundo duplo,"Fundo duplo (pré-confirmação) — pescoço R$4.10, preço 16.1% abaixo do pescoço; falta fechar acima e segurar",False,0,8,False,,True,,False,False,False,True,True,False,3,10,False,False,False,False,False,False,False,False,False,True,False,0.5,True,476339328.0,39.13,0.31,5.22,6.9,0.8,10.68,6.93,0.36,3.77,3.07,6.21,1.82,0.81,3.4,270.08,11.5,2.04,3.74,0.97,64.77,35.23,3.28,4.72,4.9,-27.1,-10.5,4.06,4.03,-30.5,37.6,-12.6,3.28,4.72,-27.97,2.37,-10.8,-3.88,-0.56,1.07,0.49,-0.14,3.440000057220459,False,False,False,1.6959465873641444,3.145980919560488,1.164835184210863,4.6850468482397085,1.6177677710486402,0.7445919647652398,0.8703296848066072,15.998110503933082,,,,6,False,21.5,,,n/d,n/d,,,,False,False,,,Lateral,3.4600000381469727,-0.5780341244511877,-28.333334989017843,False,False,False,sem sinal (Lateral)
SIMH3,SMALL11,SMALL11,Industrials,34.92,37.55,20.0,,,0.7,P/L=-24.01<2,26.71,81.58,16.79,17.81,False,124,Não,,,False,5,8,False,,False,,False,False,False,False,True,False,2,10,False,True,True,False,True,False,True,True,False,False,False,7.83,False,4541647360.0,-24.01,0.74,2.28,2.26,-3.1,-1.12,11.25,-0.4,3.81,3.53,4.39,1.28,6.05,,,8.8,2.48,6.03,0.36,91.64,5.09,5.63,14.3,38.2,-45.6,-6.3,10.26,9.95,-60.6,57.6,-24.0,5.63,13.96,-39.37,3.63,-29.3,-5.48,-0.39,2.35,0.71,0.03,7.78000020980835,False,False,False,1.2540001986916547,2.326170368573019,,,,,,53.06573082658245,,,,2,False,42.3,,,n/d,n/d,,,,False,False,,,Lateral,7.53000020980835,3.320053028343306,-46.74622140731957,False,False,False,sem sinal (Lateral)
JSLG3,SMALL11,SMALL11,Bens Industriais,33.78,36.21,20.0,,,0.7,P/L=-16.11<2,21.02,57.81,14.24,94.52,False,125,Não,Bandeira de alta,"Bandeira de alta (pré-confirmação) — pescoço R$5.64, preço 5.2% acima do pescoço; falta fechar acima e segurar",False,1,8,False,,True,,False,False,False,False,False,False,2,10,False,False,False,False,False,False,True,False,False,True,False,5.26,False,1692237696.0,-16.11,1.42,32.52,13.89,-8.83,13.19,9.68,-1.07,4.31,4.15,6.0,1.38,6.52,,,-44.0,3.38,4.78,0.43,89.08,10.92,3.88,8.64,52.9,-31.4,-1.4,5.69,5.93,-44.7,59.0,-2.1,4.78,8.64,-17.47,3.72,27.2,-5.48,0.62,2.1,0.62,0.15,5.929999828338623,False,False,False,5.883207967126509,8.565950800136198,,,,,,53.6611218231739,,,,2,False,9.1,,,n/d,n/d,,,,False,False,,,Em Alta,6.019999980926514,-1.4950191507149935,-32.76643952926115,False,False,False,sem sinal (Em Alta)
BRAP4,BOVA11+SMALL11+DIVO11,BOVA11,Basic Materials,33.64,35.16,25.0,,,1.0,DY5a=24.3%>=20,14.38,40.92,74.72,,False,126,Fundo triplo,,,False,4,6,False,,True,,False,False,False,True,,False,2,8,False,True,True,False,,,True,True,False,True,True,,True,8911500288.0,15.16,1.1,10.46,24.33,7.26,23.82,-0.47,0.0,-231.23,,,5.68,0.0,2.09,368.9,,3.03,-0.74,,4.4,95.6,14.53,25.49,56.0,-11.1,1.5,21.85,20.75,-20.8,25.5,12.9,20.08,25.49,-2.47,1.61,46.9,-2.39,1.33,0.92,0.63,-0.11,22.670000076293945,False,False,False,39.40305056580987,73.09265879957731,19.81381932789543,26.332787677608813,44.86147772353683,15.342069641277186,10.818879418241904,,26.095347392395002,23.073303502752122,20.76597315247691,6,True,6.8,-8.398883623331255,15.10960434306725,n/d,n/d,,,Fundo triplo,False,False,,,Em Alta,22.979999542236328,-1.3489968325396062,-11.548962861472534,False,True,False,Fundo triplo — rompeu pescoço ~R$22.00 (candidato)
CSNA3,BOVA11+SMALL11,BOVA11,Materiais,33.27,37.38,10.0,,,1.0,P/L=-3.22<2,15.77,76.79,7.49,95.89,False,127,Não,Bandeira de alta,"Bandeira de alta (pré-confirmação) — pescoço R$5.74, preço 10.3% acima do pescoço; falta fechar acima e segurar",False,2,8,False,,False,,False,False,False,False,True,False,1,10,False,False,False,False,False,False,True,True,False,False,False,3.31,False,8394174464.0,-3.22,0.7,0.0,15.41,-21.59,-7.63,8.07,-5.82,4.42,5.46,9.47,1.15,3.57,,,5.7,-61.31,2.17,0.39,84.35,12.8,4.28,10.89,47.9,-41.9,12.8,7.23,7.3,-60.7,54.8,-27.2,4.28,10.89,-42.57,3.45,-38.5,-5.13,-0.27,1.66,0.53,-0.06,6.329999923706055,False,False,False,6.96796445826363,12.423125066672911,,,,,,,9.69554476246827,9.69554476246827,8.725990286221442,2,True,1.8,37.85134899516074,53.1681655501786,n/d,n/d,,,,False,False,,,Em Alta,6.380000114440918,-0.7837020350781709,-44.081271251267914,False,False,False,sem sinal (Em Alta)
CASH3,SMALL11,SMALL11,Comunicação,33.15,29.2,55.55555555555556,,,0.4,P/L=-5.81<2,1.31,46.71,83.31,2.74,False,128,Não,Bandeira de alta,"Bandeira de alta (pré-confirmação) — pescoço R$5.47, preço 0.7% abaixo do pescoço; falta fechar acima e segurar",False,2,8,False,,False,,False,,False,True,True,False,5,9,False,False,False,False,True,True,False,False,False,False,True,-0.29,True,565653184.0,-5.81,1.36,0.0,0.0,-23.45,-3.01,-16.62,-20.31,-9.13,-1.12,-2.8,2.68,0.0,,,18.2,6.31,9.61,1.74,18.27,80.69,3.24,5.91,67.6,-8.1,20.6,4.12,4.2,-33.2,50.9,41.8,3.24,5.91,26.43,3.21,11.2,-4.85,0.32,0.94,0.32,0.03,5.429999828338623,False,False,False,,,,,,,,,,,,0,True,,,,n/d,n/d,,,,False,False,,,Em Alta,5.909999847412109,-8.121827943594118,-9.50000286102295,False,False,False,sem sinal (Em Alta)
TTEN3,SMALL11,SMALL11,Bens de primeira necessidade,33.0,30.0,50.0,,,0.0,,35.28,32.78,23.83,11.64,True,129,Não,,,False,2,8,False,,True,,False,True,True,False,False,True,5,10,False,True,False,False,False,False,True,False,False,True,False,0.75,True,5659981824.0,9.87,1.16,1.57,0.95,11.76,18.41,4.0,3.22,17.75,7.48,18.7,1.36,1.03,0.93,9.42,-37.8,5.87,1.74,0.97,64.13,35.82,9.93,17.74,13.9,-36.2,-20.7,15.41,14.98,-44.0,37.7,-31.2,9.93,17.74,-46.57,2.38,-18.3,-3.08,-0.74,0.82,0.38,0.0,11.3100004196167,False,False,False,0.7713265276564775,1.4308107088027657,15.183131262403371,15.855002292037991,13.299913366759291,1.6364905849391662,10.73341918417739,,,,,4,False,20.6,,,n/d,n/d,,,,False,False,,,Em Baixa,11.960000038146973,-5.43477940181496,-36.815638767341284,False,False,False,sem sinal (Em Baixa; sem novo topo (-5.4%))
MYPK3,SMALL11,SMALL11,Consumo discricionário,32.95,35.23,20.0,,,0.9,,24.71,52.47,28.25,53.42,False,130,Fundo duplo,,,False,1,8,False,,True,,False,False,False,False,True,False,2,10,False,False,False,False,False,False,True,False,False,False,True,0.95,True,1482720768.0,16.19,0.36,3.19,5.4,2.23,4.01,8.93,0.6,3.56,2.9,4.54,1.73,1.23,58.08,87.5,0.1,4.39,3.75,0.65,66.29,30.03,8.74,13.71,13.3,-27.8,6.4,9.88,10.04,-36.2,28.5,0.8,8.74,11.05,-14.57,1.79,-29.5,-2.83,-1.39,0.81,0.49,0.02,9.899999618530273,False,False,False,3.8217667034129446,3.9102823474308996,4.468937062806149,19.451440191032788,3.4752652503336843,7.7340457190112275,1.7406967202774999,22.60941964518131,,,,6,False,13.0,,,n/d,n/d,,,Fundo duplo,False,False,,,Em Alta,9.859999656677246,0.4056791404241089,-28.838455233194082,False,True,False,Fundo duplo — rompeu pescoço ~R$9.71 (candidato)
DESK3,SMALL11,SMALL11,Comunicação,31.65,31.94,30.0,,,0.4,,38.7,27.54,34.1,8.22,False,131,Não,,,False,3,8,False,,True,,False,False,False,False,False,True,3,10,False,True,True,False,False,False,True,False,False,False,True,0.9,True,2189257472.0,39.42,1.54,0.98,0.48,3.91,6.21,11.53,4.4,5.26,2.09,2.53,1.41,1.21,12.45,19.02,-50.0,11.08,6.52,0.32,62.73,36.49,7.91,19.0,138.2,-0.8,4.1,17.3,16.04,-28.0,58.7,12.4,13.18,19.0,-2.97,3.7,129.7,-3.9,1.51,0.61,0.18,0.16,18.850000381469727,False,False,False,0.6494779927767812,0.8658903039457362,4.553707641047257,11.475825928097954,1.7448358023202397,0.67369943664385,2.2291999819499715,18.850000381469727,,,,4,False,29.0,,,n/d,n/d,,,,False,False,,,Em Alta,19.0,-0.7894716764751286,-1.5618005163720028,False,False,False,sem sinal (Em Alta)
DXCO3,SMALL11,SMALL11,Materiais,30.92,32.85,20.0,,,1.0,P/L=-143.73<2,13.99,69.8,27.38,36.3,False,132,Não,Fundo duplo,"Fundo duplo (pré-confirmação) — pescoço R$5.93, preço 4.7% abaixo do pescoço; falta fechar acima e segurar",False,2,8,False,,True,,False,False,False,False,True,False,2,10,False,False,False,False,False,False,True,True,False,False,False,0.88,True,5129469440.0,-143.73,0.75,0.0,3.48,-0.52,6.92,4.35,-0.43,4.97,3.22,8.04,1.98,1.19,,,5.2,9.11,2.48,0.51,62.06,36.03,4.44,6.09,27.3,-7.2,11.4,4.99,5.05,-26.8,33.5,12.5,4.46,6.09,-2.87,2.11,7.7,-3.39,0.21,1.18,0.61,-0.09,5.650000095367432,False,False,False,1.4028226130924286,2.347814937002874,,,,,,5.650000095367432,3.133545881820911,2.347814937002874,2.113033443302587,3,True,4.0,-62.60117862590635,-44.53901187735945,n/d,n/d,,,,False,False,,,Em Alta,5.639999866485596,0.17730902692498773,-9.163982541013171,False,False,False,sem sinal (Em Alta)
BRAV3,BOVA11+SMALL11,BOVA11,Energia,30.26,29.72,33.333333333333336,,,0.9,,22.74,57.52,19.4,12.33,False,133,Não,,,False,1,8,False,,False,,False,,False,False,False,True,3,9,False,False,False,False,False,False,True,False,False,False,False,1.17,True,8398939136.0,159.18,0.71,0.66,1.08,0.44,3.55,8.3,0.44,3.23,3.05,5.14,1.26,1.55,,171.79,-17.3,7.14,3.71,0.27,72.43,27.57,13.35,21.64,35.4,-16.4,-6.2,18.32,17.88,-30.4,37.5,9.1,15.6,21.64,-6.27,2.36,-4.8,-3.82,-0.35,0.51,0.24,0.14,18.079999923706055,False,False,False,1.3937134089892866,2.0292467234884013,,,,1.6666666666666667,,18.079999923706055,,,,3,False,13.0,,,n/d,n/d,,,,False,False,,,Em Baixa,18.920000076293945,-4.439747088798274,-18.35631887793374,False,False,False,sem sinal (Em Baixa; sem novo topo (-4.4%))
LWSA3,SMALL11,SMALL11,Tecnologia de informação,30.01,31.78,20.0,,,0.5,P/L=-11.48<2,12.26,53.89,49.57,28.77,False,134,Pivô de alta,,,False,2,7,False,,False,,False,False,False,True,True,False,2,10,False,False,False,False,True,,True,False,False,False,True,,True,2362185984.0,-11.48,0.97,7.36,2.94,-8.41,-2.3,5.89,-13.29,6.04,,,1.18,0.03,,,108.1,12.23,-3.98,1.15,32.17,67.83,3.38,4.67,24.5,-9.8,9.4,3.86,3.89,-27.5,43.6,9.5,3.38,4.67,-5.87,2.74,1.0,-4.42,0.13,1.31,0.52,0.04,4.210000038146973,False,False,False,0.883381937183116,1.63867349347468,,,,,,,1.261027715328898,1.261027715328898,1.1349249437960083,2,True,1.9,-73.0421630994677,-70.04684788829745,n/d,n/d,,,Pivô de alta,False,False,,,Em Alta,4.329999923706055,-2.7713599924586996,-11.382885946967258,False,True,False,Pivô de alta
PRNR3,SMALL11,SMALL11,Bens Industriais,30.0,31.77,20.0,,,0.7,,38.46,25.63,32.39,15.75,False,135,Não,,,False,2,8,False,,False,,False,False,False,False,True,False,2,10,False,False,False,False,True,False,True,False,False,False,True,1.38,True,1038670336.0,23.74,2.18,0.0,1.69,9.17,4.0,10.43,2.55,5.95,2.44,3.27,1.85,1.76,4.32,40.06,27.8,5.21,6.01,0.64,70.26,25.54,14.63,21.97,24.5,-17.1,-1.1,17.65,17.8,-27.0,33.4,14.4,15.76,21.97,-0.97,2.11,19.1,-3.21,0.24,1.17,0.61,0.03,18.219999313354492,False,False,False,2.1959384333686622,3.8141924966490817,9.521865741586991,12.013540345120939,5.513648332359339,5.5289668931237665,4.7019968098997875,16.377351127356036,6.849035103123318,5.521307612741553,4.969176851467398,6,True,7.5,-72.72680000692866,-62.409246096385615,n/d,n/d,,,,False,False,,,Lateral,18.399999618530273,-0.9782625484106355,-17.51924315301564,False,False,False,sem sinal (Lateral)
LJQQ3,SMALL11,SMALL11,Consumo discricionário,29.17,32.36,11.11111111111111,,,0.9,P/L=-1.21<2,6.78,88.82,12.92,45.21,False,136,Não,Bandeira de alta,"Bandeira de alta (pré-confirmação) — pescoço R$1.19, preço 8.4% acima do pescoço; falta fechar acima e segurar",False,0,8,False,,False,,False,,False,False,True,False,1,9,False,False,False,False,False,False,False,False,False,False,False,5.85,False,266923264.0,-1.21,0.82,0.0,4.13,-67.62,-9.94,2.03,-6.88,0.98,34.56,86.39,1.77,7.9,,,8.8,18.43,-0.01,0.82,89.26,10.74,0.96,2.83,34.4,-54.4,-5.5,2.05,1.9,-66.1,62.8,-38.6,0.96,2.65,-53.97,3.95,-56.6,-6.16,-0.91,2.09,0.58,-0.04,1.2899999618530273,False,False,False,0.3803690517699096,0.7055845910331823,,,,,,,0.5429768214015459,0.5429768214015459,0.48867913926139134,2,True,1.9,-62.11789506106453,-57.908772290071695,n/d,n/d,,,,False,False,,,Lateral,1.2300000190734863,4.878044052774633,-55.05226434523942,False,False,False,sem sinal (Lateral)
MRVE3,BOVA11+SMALL11,BOVA11,Consumo discricionário,28.41,31.46,11.11111111111111,,,0.9,P/L=-5.48<2,15.1,68.28,25.64,24.66,False,137,Não,Bandeira de alta,"Bandeira de alta (pré-confirmação) — pescoço R$5.55, preço 0.4% acima do pescoço; falta fechar acima e segurar",False,1,8,False,,False,,False,,False,False,True,False,1,9,False,False,False,False,False,False,True,False,False,False,False,1.18,True,3134987776.0,-5.48,0.69,0.0,2.68,-12.58,-7.71,6.84,-4.93,5.46,3.03,6.21,1.89,1.69,,,10.7,3.12,3.75,0.89,78.42,18.67,4.2,10.43,32.6,-46.6,0.6,7.52,7.06,-59.7,48.2,-27.8,4.2,10.43,-43.17,3.04,-42.6,-4.98,-0.74,1.57,0.56,0.06,5.570000171661377,False,False,False,1.0644783346946685,1.9746073108586097,,,,,,3.161017479480158,2.066701041677812,1.9746073108586097,1.7771465797727488,3,True,3.0,-68.09431732490098,-62.89585317801934,n/d,n/d,,,,False,False,,,Em Alta,5.679999828338623,-1.9366137324236643,-47.1035107985732,False,False,False,sem sinal (Em Alta)
DASA3,SMALL11,SMALL11,Cuidados de saúde,28.25,33.24,0.0,,,0.2,P/L=-3.91<2,17.95,78.83,22.48,9.59,True,138,Não,,,False,2,8,False,,False,,False,,False,False,False,False,0,9,False,False,False,False,False,False,True,True,False,False,True,0.98,True,3449521664.0,-3.91,0.51,0.0,0.79,-13.13,-13.32,7.28,-9.6,4.21,4.54,8.74,1.27,1.12,,,-9.8,12.11,3.53,0.48,62.87,36.98,1.28,4.6,115.6,-40.0,-2.8,2.91,2.9,-54.1,86.2,-38.4,2.11,4.52,-53.77,5.43,126.6,-7.15,1.16,1.99,0.4,0.08,2.759999990463257,False,False,False,0.1551575306420701,0.2259093646148541,,,,,,,0.1905334476284621,0.1905334476284621,0.1714801028656159,2,True,1.5,-93.78695277325586,-93.09661419250651,n/d,n/d,,,,False,False,,,Lateral,2.799999952316284,-1.4285700905079524,-42.138364748438406,False,False,False,sem sinal (Lateral)
MGLU3,BOVA11+SMALL11,BOVA11,Consumo discricionário,27.99,30.97,11.11111111111111,,,0.9,,19.23,65.15,19.88,20.55,False,139,Não,Bandeira de alta,"Bandeira de alta (pré-confirmação) — pescoço R$4.79, preço 21.5% acima do pescoço; falta fechar acima e segurar",False,1,8,False,,False,,False,,False,True,False,False,1,9,False,False,False,False,False,False,True,False,False,False,False,0.6,True,4514332160.0,48.74,0.39,1.46,2.35,0.79,-2.27,6.07,0.23,2.69,4.67,10.76,1.1,0.76,,114.64,-2.6,7.18,1.9,0.75,70.25,29.75,3.88,11.0,50.0,-47.1,3.1,8.43,7.71,-64.7,60.8,-33.5,3.88,11.0,-48.87,3.83,-43.3,-5.91,-0.4,2.07,0.59,0.01,5.820000171661377,False,False,False,0.9778098238791819,1.423691103568089,1.2418547760623373,6.331974986468297,,0.417266685,0.31899291637864985,,,,,3,False,19.8,,,n/d,n/d,,,,False,False,,,Em Alta,5.559999942779541,4.6762631575110625,-49.14700334229655,False,False,False,sem sinal (Em Alta)
EQTL3,BOVA11,BOVA11,Serviços públicos,27.82,27.43,30.0,,,0.1,,34.08,20.24,19.43,31.51,True,140,Não,,,False,1,8,False,,True,,False,False,False,False,False,True,3,10,False,False,False,False,False,False,True,False,False,False,True,2.15,True,49259474944.0,51.14,1.88,4.06,3.15,3.67,8.85,9.18,1.75,8.17,4.81,7.33,1.57,2.27,,161.26,-54.9,23.76,4.62,0.33,74.15,23.5,33.78,45.35,16.1,-13.5,0.3,38.8,38.74,-24.5,25.3,2.4,34.23,45.35,-12.97,1.59,9.3,-2.74,0.12,1.19,0.82,0.02,39.209999084472656,False,False,False,8.831430313612424,12.85856253661969,7.9738754493256865,18.96831725088512,,6.378959999923297,2.04823449041745,41.31016482250822,,,,5,False,20.2,,,n/d,n/d,,,,False,False,,,Lateral,38.91999816894531,0.7451205785480752,-15.349742351457806,False,False,False,sem sinal (Lateral)
CAML3,SMALL11,SMALL11,Bens de primeira necessidade,27.65,30.76,10.0,,,0.0,,25.17,37.81,25.26,49.32,True,141,Não,,,False,1,8,False,,True,,False,False,False,False,False,False,1,10,False,False,False,False,False,False,True,False,False,False,False,1.5,True,1684891904.0,16.12,0.59,5.77,4.68,3.69,8.66,5.74,0.99,7.95,5.55,13.55,1.87,1.99,17.74,75.37,-58.5,4.73,3.09,0.76,72.01,27.99,4.18,7.12,18.2,-30.6,-4.2,5.31,5.43,-41.3,41.9,-7.2,4.18,7.12,-22.57,2.64,-3.4,-3.29,0.01,1.35,0.56,0.07,4.940000057220459,False,False,False,1.6498862563469416,1.7804435122457747,2.362153279319457,7.598181937235095,1.7113789212615342,2.001726798662267,0.993705173753005,0.8582632470871908,,,,7,False,8.9,,,n/d,n/d,,,,False,False,,,Em Alta,5.079999923706055,-2.7559029249642264,-31.379598250354878,False,False,False,sem sinal (Em Alta)
HBOR3,SMALL11,SMALL11,Imobiliário,26.32,27.44,20.0,,,0.8,,14.63,35.7,38.06,43.15,False,142,Não,Bandeira de alta,"Bandeira de alta (pré-confirmação) — pescoço R$2.11, preço 0.0% abaixo do pescoço; falta fechar acima e segurar",False,1,8,False,,True,,False,False,False,True,False,False,2,10,False,False,False,False,False,False,False,True,False,False,False,1.25,True,279983520.0,64.62,0.2,6.05,3.93,0.31,3.0,2.16,0.41,13.54,15.28,38.21,2.55,0.72,,254.03,-64.6,2.27,1.03,0.81,57.57,22.01,1.68,4.23,25.6,-50.2,-1.2,2.48,2.65,-60.3,68.9,-15.6,1.68,3.33,-30.97,4.34,-41.3,-5.6,-0.48,1.58,0.4,0.08,2.109999895095825,False,False,False,0.5924717256494837,0.8626388325456482,0.33958525083560165,2.7840383802720794,,0.26415074528231325,0.08722862899211196,,,,,4,False,31.9,,,n/d,n/d,,,,False,False,,,Em Alta,2.2200000286102295,-4.954960905260297,-50.404677780146166,False,False,False,sem sinal (Em Alta)
GFSA3,SMALL11,SMALL11,Consumo discricionário,26.1,30.7,0.0,,,0.9,P/L=-0.06<2,0.66,100.0,25.66,2.74,False,143,Não,,,False,1,7,False,,False,,False,,False,False,False,False,0,9,False,False,False,False,False,,False,True,False,False,True,,True,33047138.0,-0.06,0.02,0.0,0.0,-39.87,-13.41,-6.27,-124.06,-5.68,,,1.31,1.06,,,-55.9,0.7,-4.96,0.96,67.49,32.51,0.2,12.75,5.0,-98.4,-74.5,1.96,3.5,-98.4,80.8,-95.8,0.2,5.06,-111.17,5.09,-98.1,-9.44,-4.76,1.15,0.25,-0.0,0.20999999344348907,False,False,False,,,,,,,,,,,,0,True,,,,n/d,n/d,,,,False,False,,,Em Baixa,0.23000000417232513,-8.695656680880425,-98.472727320411,False,False,False,sem sinal (Em Baixa; sem novo topo (-8.7%))
SOJA3,SMALL11,SMALL11,Bens de primeira necessidade,25.88,26.92,20.0,,,0.0,,29.58,27.15,13.21,41.78,True,144,Não,,,False,3,8,False,,True,,False,False,False,False,False,False,2,10,False,False,False,False,True,False,True,True,False,True,True,0.66,True,1122852736.0,47.77,0.83,3.63,3.84,1.73,13.98,5.66,0.89,10.16,4.7,11.63,0.95,1.47,,183.53,-0.4,8.19,2.47,1.35,45.47,36.89,4.98,10.46,59.8,-23.9,26.5,8.01,7.74,-52.4,45.4,-11.0,4.98,9.02,-26.37,2.86,-44.5,-3.72,-0.52,0.9,0.34,0.04,7.960000038146973,False,False,False,2.1844225752938162,3.1805192696277964,1.732970491872064,5.99635949740862,,1.0522259290281606,0.4451448928297747,1.847576067375722,,,,5,False,13.5,,,n/d,n/d,,,,False,False,,,Em Alta,8.100000381469727,-1.7283992188819042,-23.86980383944357,False,False,False,sem sinal (Em Alta)
MBRF3,BOVA11+DIVO11,BOVA11,Bens de primeira necessidade,25.34,29.81,0.0,,,0.0,DY5a=21.2%>=20,41.66,27.14,6.49,,True,145,Não,Bandeira de alta,"Bandeira de alta (pré-confirmação) — pescoço R$18.35, preço 3.2% abaixo do pescoço; falta fechar acima e segurar",False,1,8,False,,False,,False,False,False,False,False,False,0,10,False,False,False,False,False,False,True,False,False,True,True,4.46,False,24761049088.0,69.51,2.23,9.51,21.2,3.2,39.26,6.29,0.22,5.97,4.84,10.77,1.05,5.39,21.72,1473.68,-51.3,18.04,2.68,0.43,89.92,7.97,14.52,27.52,22.4,-35.4,5.4,18.37,18.47,-47.2,56.3,-9.5,14.52,22.33,-24.87,3.55,-31.4,-4.55,-0.46,0.98,0.3,0.02,17.770000457763672,False,False,False,26.910144908597314,35.999793855501295,2.4428460163488475,6.770217518962511,6.238038126675387,3.046690502845772,1.1971568633608591,17.770000457763672,,,,3,False,30.1,,,n/d,n/d,,,,False,False,,,Em Alta,19.540000915527344,-9.058343781126188,-35.75560175056817,False,False,False,sem sinal (Em Alta)
ORVR3,SMALL11,SMALL11,Bens Industriais,25.25,19.9,55.55555555555556,,,0.7,,21.83,8.44,38.46,2.74,False,146,Não,,,False,2,8,False,,False,,False,,False,True,True,False,5,9,False,False,False,False,True,False,True,False,False,False,False,0.16,True,9409446912.0,183.96,1.91,0.0,0.0,1.04,-2.35,3.71,3.35,20.92,4.88,12.21,2.38,0.74,176.88,,135.8,15.25,2.86,0.49,63.86,33.58,13.27,20.97,29.0,-18.3,-8.1,17.48,17.16,-26.3,28.7,-1.3,15.45,20.97,-16.67,1.81,23.7,-2.99,0.43,1.08,0.65,0.03,17.1299991607666,False,False,False,,,,,,,,0.7590418074505604,0.7590418074505604,0.7590418074505604,0.6831376267055044,1,True,1.0,-96.0120393451617,-95.56893260573521,n/d,n/d,,,,False,False,,,Lateral,16.829999923706055,1.7825266691652297,-19.293291623580956,False,False,False,sem sinal (Lateral)
RCSL4,SMALL11,SMALL11,Bens Industriais,24.99,27.19,12.5,,,0.7,P/L=-3.65<2,37.91,,15.28,2.74,False,147,Não,,,False,2,7,False,,False,,False,,True,,False,False,1,8,True,True,False,False,False,,False,False,False,True,True,,True,54734348.0,-3.65,-3.67,0.0,0.0,100.56,,-2.72,0.0,-63.72,,,1.21,,,,-99.2,,-11.18,0.2,170.21,-69.4,0.26,2.7,65.4,-84.1,-21.1,0.6,0.85,-85.6,146.2,-76.4,0.39,2.7,-91.77,9.21,82.1,-13.8,0.99,0.3,0.04,0.01,0.4300000071525574,False,False,False,,,,,,,,,,,,0,True,,,,n/d,n/d,,,,False,False,,,Em Baixa,0.75,-42.66666571299235,-84.4905319662339,False,False,False,sem sinal (Em Baixa; sem novo topo (-42.7%))
CSAN3,BOVA11+SMALL11,BOVA11,Consumo discricionário,24.58,27.15,10.0,,,0.9,P/L=-1.70<2,16.42,36.72,41.25,23.29,False,148,Não,,,False,2,8,False,,False,,False,False,False,False,True,False,1,10,False,False,False,False,False,True,True,False,False,False,True,1.47,True,15067480064.0,-1.7,3.05,0.0,2.53,-1.79,-64.7,8.59,-22.18,4.72,0.5,0.82,1.67,1.1,,,26.5,6.42,5.56,0.41,77.05,3.93,3.13,8.0,22.0,-52.3,-5.2,5.31,5.18,-60.9,50.3,-27.2,3.13,6.8,-42.57,3.17,-45.6,-4.95,-1.16,1.82,0.62,-0.01,3.819999933242798,False,False,False,0.691078902979685,1.2819513650273158,,,,,,3.539220503764572,0.9865151340035003,0.9865151340035003,0.8878636206031503,2,True,5.1,-76.75749643667028,-74.17499604074476,n/d,n/d,,,,False,False,,,Lateral,3.9700000286102295,-3.778339906459449,-52.42839277368999,False,False,False,sem sinal (Lateral)
HBSA3,SMALL11,SMALL11,Bens Industriais,23.55,25.75,11.11111111111111,,,0.7,P/L=-26.01<2,24.75,23.02,42.95,2.74,False,149,Não,Bandeira de alta,"Bandeira de alta (pré-confirmação) — pescoço R$3.52, preço 3.4% abaixo do pescoço; falta fechar acima e segurar",False,2,8,False,,False,,False,,False,False,True,False,1,9,False,False,False,False,True,False,True,False,False,False,False,1.2,True,4625300992.0,-26.01,2.23,0.0,0.0,-8.56,-15.0,11.14,-5.52,7.82,3.09,3.88,3.26,1.56,,,68.3,11.33,5.08,0.41,66.67,33.33,2.98,4.38,14.1,-22.4,1.0,3.67,3.65,-32.0,36.2,-4.0,2.98,4.38,-19.37,2.28,-13.1,-3.34,-0.29,0.73,0.35,0.04,3.4000000953674316,False,False,False,,,,,,,,1.8017493708922008,1.8017493708922008,1.8017493708922008,1.6215744338029807,1,True,1.0,-52.30663563767517,-47.00737293075019,n/d,n/d,,,,False,False,,,Em Alta,3.549999952316284,-4.225348139821284,-22.551248319529137,False,False,False,sem sinal (Em Alta)
CVCB3,SMALL11,SMALL11,Consumo discricionário,23.28,21.51,33.333333333333336,,,0.9,P/L=-7.13<2,10.95,50.03,18.98,2.74,False,150,Não,Bandeira de alta,"Bandeira de alta (pré-confirmação) — pescoço R$1.87, preço 0.9% acima do pescoço; falta fechar acima e segurar",False,2,8,False,,False,,False,,False,False,False,False,3,9,False,False,False,False,False,True,True,False,False,False,True,1.13,True,984309312.0,-7.13,2.91,0.0,0.0,-40.86,-60.02,5.9,-8.94,2.92,1.33,3.17,0.68,1.67,,,-4.5,13.03,4.12,0.67,87.19,12.81,1.08,2.72,75.0,-30.5,18.6,1.91,1.88,-60.3,69.2,-14.1,1.08,2.72,-29.47,4.36,-28.0,-5.91,-0.02,1.12,0.28,-0.06,1.8899999856948853,False,False,False,,,,,,,,3.6655602231855773,3.6655602231855773,3.6655602231855773,3.2990042008670195,1,True,1.0,74.5504881395062,93.94498682167355,n/d,n/d,,,,False,False,,,Em Alta,1.8600000143051147,1.6129016752173708,-32.258064102638606,False,False,False,sem sinal (Em Alta)
KLBN11,BOVA11,BOVA11,Materiais,23.25,25.59,10.0,,,1.0,,22.49,18.98,20.07,67.12,False,151,Não,,,False,2,8,False,,True,,False,False,False,False,False,False,1,10,False,True,False,False,False,False,True,False,False,True,False,0.49,True,139136679936.0,43.49,2.57,5.94,7.1,5.92,28.81,5.45,0.86,6.49,3.99,9.97,2.0,2.3,,308.73,-51.7,11.43,2.09,0.37,77.43,12.36,16.08,21.02,21.8,-6.9,11.6,17.55,17.9,-23.4,20.3,2.6,16.1,21.02,-12.77,1.28,6.3,-1.97,0.13,0.55,0.47,0.01,19.579999923706055,False,False,False,9.928133840897637,14.455362872346962,4.6822717683730275,8.785018478508164,,11.016666666666667,1.2027264020408739,7.67577826598739,,,,6,False,12.0,,,n/d,n/d,,,,False,False,,,Em Alta,19.559999465942383,0.10225183184946474,-7.858823888442091,False,False,False,sem sinal (Em Alta)
AURE3,BOVA11+SMALL11,BOVA11,Serviços públicos,21.35,21.59,20.0,,,0.1,P/L=-11.21<2,13.28,25.99,10.66,69.86,True,152,Não,,,False,2,8,False,,False,,False,False,False,False,True,False,2,10,False,False,False,False,False,False,True,True,False,False,False,1.74,True,12420711424.0,-11.21,1.06,0.0,7.48,-9.47,2.89,2.64,-8.09,12.13,6.49,16.23,1.12,1.85,,,5.9,-222.95,2.04,0.26,71.73,25.67,10.05,14.61,18.3,-18.6,-0.5,11.63,11.7,-31.2,32.6,2.2,10.05,14.61,-13.17,2.05,6.8,-2.98,0.23,1.15,0.61,0.09,11.890000343322754,False,False,False,6.352847035481657,11.628062981240868,,,,,,3.9202026872473157,7.30037090132328,6.352847035481657,5.717562331933491,3,True,3.0,-51.9128497322173,-38.600751130986644,n/d,n/d,,,,False,False,,,Em Alta,11.65999984741211,1.9725600250474429,-18.894949064943788,False,False,False,sem sinal (Em Alta)
ENEV3,BOVA11,BOVA11,Serviços públicos,20.96,18.78,33.333333333333336,,,0.1,,27.36,7.69,21.36,2.74,True,153,Bandeira de alta,,,False,1,8,False,,True,,False,,False,False,False,True,3,9,False,False,False,False,False,False,True,False,False,False,True,1.16,True,53155196928.0,55.83,2.64,0.0,0.0,4.73,2.64,5.85,5.03,12.7,3.9,9.34,1.28,1.2,11.8,,-91.5,28.69,4.12,0.26,62.34,34.87,14.95,27.68,85.2,0.0,7.0,21.89,22.3,-13.5,34.7,38.3,19.82,27.68,22.93,2.19,75.1,-3.01,1.55,1.11,0.55,0.02,27.68000030517578,False,False,False,,,5.601312877416745,10.814876696016785,2.3450904790163256,,2.798526578281276,13.989909228798854,7.1099431719059965,5.601312877416745,5.0411815896750705,5,True,6.0,-81.78763896641851,-74.31378940203071,n/d,n/d,,,Bandeira de alta,False,False,,,Em Alta,27.639999389648438,0.1447211158127848,-1.564724469864609,False,True,False,"Bandeira de alta — mastro +14%, recuo 42%, bandeira 10d (candidato)"
TUPY3,SMALL11,SMALL11,Bens Industriais,19.62,23.08,0.0,,,0.7,P/L=-2.69<2,6.56,43.4,27.2,38.36,False,154,Não,Bandeira de alta,"Bandeira de alta (pré-confirmação) — pescoço R$15.59, preço 0.7% acima do pescoço; falta fechar acima e segurar",False,2,8,False,,False,,False,False,False,False,False,False,0,10,False,False,False,False,False,False,True,True,False,False,False,0.83,True,2058999424.0,-2.69,0.91,0.0,3.58,-33.8,2.01,1.49,-8.26,8.54,3.88,9.69,2.16,1.72,,,-5.8,5.55,1.31,0.87,73.24,26.66,11.34,16.19,38.4,-3.0,7.7,13.06,13.44,-23.6,39.4,35.0,11.34,16.19,19.63,2.48,1.2,-3.91,0.12,1.23,0.54,0.02,15.699999809265137,False,False,False,4.0179496689210055,5.850134717948984,,,,,,5.785847480139832,5.217977289003274,5.785847480139832,5.207262732125849,3,True,1.5,-66.83272104848781,-66.76447546245218,n/d,n/d,,,,False,False,,,Lateral,15.8100004196167,-0.6957660179127911,-4.8484860044537115,False,False,False,sem sinal (Lateral)
BBDC1,BOVA11,BOVA11,Produtos financeiros,,,,,,0.4,,,,,,False,155,Não,,,False,0,0,False,,,,,,,,,,0.0,0.0,,,,,,,,,True,True,True,,True,,,,,,,,,,,,,,,,,,,,,,,,,,,,,,,,,,,,,,,,,,,,,False,False,,,,,,,,,,,,0,True,,,,n/d,n/d,,,,False,False,,,,,,,False,False,False,histórico insuficiente
BBDC2,BOVA11,BOVA11,Produtos financeiros,,,,,,0.4,,,,,,False,156,Não,,,False,0,0,False,,,,,,,,,,0.0,0.0,,,,,,,,,True,True,True,,True,,,,,,,,,,,,,,,,,,,,,,,,,,,,,,,,,,,,,,,,,,,,,False,False,,,,,,,,,,,,0,True,,,,n/d,n/d,,,,False,False,,,,,,,False,False,False,histórico insuficiente
MOVI1,SMALL11,SMALL11,Bens Industriais,,,,,,0.7,,,,,,False,157,Não,,,False,0,0,False,,,,,,,,,,0.0,0.0,,,,,,,,,True,True,True,,True,,,,,,,,,,,,,,,,,,,,,,,,,,,,,,,,,,,,,,,,,,,,,False,False,,,,,,,,,,,,0,True,,,,n/d,n/d,,,,False,False,,,,,,,False,False,False,histórico insuficiente
