ticker,origem,grupo,setor,investment,investment_base,consistencia,basileia,solvencia,ciclicidade,dado_suspeito,quality,value,safety,dividend,regulado,rank_invest,oportunidade_grafica,candidato_padrao,candidato_nota,virada_alta,criterios_ok,criterios_aplicaveis,passa_checklist,mais_5a_bolsa,sem_prejuizo_anual,lucro_20t,div_ge5_5a,div_sem_corte,roe_ge_10,divida_menor_patrim,cresc_receita_5a,cresc_lucro_5a,n_ok,n_aplic,roe_roic_ge_selic,roe_ge_setor,roic_ge_setor,margem_ge_15,cagr_ge_setor,divida_ok,marketcap_ok,insider_ok,margem_ok,roe_ok,alavancagem_ok,div_liq_patrim,nde_ok,market_cap,pl,pvp,dy,dy_teto,roe,roe_medio,roic,mrg_liq,ev_ebitda,div_liq_ebitda,lev_roic_adj,liq_corr,div_patrim,peg,payout,cresc_5a,pl_fut,roa,liq_geral,grau_endiv,indep_fin,min_52s,max_52s,dist_min52,dist_max52,dist_mm100,mediana_1a,media_1a,max_drawdown,vol_anual,ret_ytd,min_ytd,max_ytd,rel_ibov_ytd,desvio_padrao,momentum_12_1,var_95,sharpe,liquidez_media,preco_p10_1a,preco_p50_1a,preco_p90_1a,g_implicito,teto_dispersao,teto_confiavel,teto_n_metodos,cagr_5a,cagr_3a,cagr_1a,desacelerando,anos_atipicos,beta,corr_ibov,corr_usd,close,div_ge5_5a,divo_qualidade_ok,auvp_ok,teto_bazin,teto_gordon,teto_dcf,teto_graham,teto_lynch,teto_projetivo,teto_graham_selic,teto_mult_ebitda,teto_medio,teto_mediana,teto_ajustado,teto_n_metodos,teto_confiavel,teto_dispersao,teto_upside_pct,teto_upside_media_pct,prox_resultado,ex_dividendo,ex_tipo,tese_ia,strategy,in_wishlist,in_carteira,preco_medio,var_pm_pct,trend,breakout_level,pct_to_level,dist_52w_high_pct,fund_ok,breakout,aprovado,note
JHSF3,SMALL11+DIVO11+AUVP11,SMALL11,Imobiliário,77.19,74.77,90.9090909090909,,,0.8,,86.69,79.47,44.52,69.86,False,1,Não,Bandeira de alta,"Bandeira de alta (pré-confirmação) — pescoço R$11.77, preço 0.4% abaixo do pescoço; falta fechar acima e segurar",False,7,8,False,,True,,False,True,True,True,True,True,10,11,True,True,True,True,True,True,True,False,True,True,True,0.34,True,7713417216.0,3.76,1.07,5.81,8.08,28.4,16.71,13.12,52.59,4.98,1.22,1.27,1.73,0.86,0.25,30.37,90.2,9.25,7.25,0.72,61.6,36.26,5.52,13.76,112.4,-14.7,8.1,9.64,9.34,-27.9,38.7,59.0,7.38,13.76,42.93,2.44,90.9,-3.74,1.65,46912777.0,14.44,23.67,38.8,-10.1,10.4,False,6,,21.6,116.4,False,2025,1.33,0.6,0.07,11.729999542236328,False,False,True,6.89042142563267,12.958437713367248,42.669181588093714,27.7398074967476,71.99289567446654,19.57807411896471,38.434466585199885,20.92242237294602,,,,6,False,10.4,,,n/d,2026-10-01,próxima,,,False,False,,,Em Alta,12.15999984741211,-3.5361867645688605,-16.562831552804468,True,False,False,sem sinal (Em Alta)
VULC3,SMALL11+DIVO11,SMALL11,Consumo discricionário,77.04,77.8,72.72727272727273,,,0.9,,87.38,63.17,65.5,95.89,False,2,Não,,,False,6,8,False,,True,,False,False,True,True,False,True,8,11,True,True,True,True,False,True,True,False,True,True,True,0.25,True,4341040640.0,4.73,1.66,20.83,15.42,35.06,31.82,17.83,24.89,6.33,0.76,0.59,2.96,0.37,0.5,72.93,-64.7,6.3,11.45,1.64,37.42,62.57,12.98,20.08,6.5,-31.2,-2.0,16.65,16.47,-35.4,26.3,-30.6,12.98,19.91,-46.67,1.66,-19.7,-3.0,-1.11,37901753.0,8.14,11.42,16.02,-6.1,8.5,False,6,,12.0,16.8,False,2025,0.85,0.57,0.16,13.819999694824219,False,False,False,15.497852820167596,29.145961916637766,39.9623533424638,23.394549044857648,72.77808449029366,48.18498465243838,25.691989793121355,8.605861859964037,,,,6,False,8.5,,,n/d,2025-12-23,última,,,False,False,,,Lateral,13.949999809265137,-0.9319004746837112,-31.68475580815484,True,False,False,sem sinal (Lateral)
POMO3,SMALL11+DIVO11,SMALL11,Bens Industriais,74.5,74.81,72.72727272727273,,,0.7,,79.77,77.49,52.5,90.41,False,3,Não,,,False,5,8,False,,True,,False,False,True,True,False,True,8,11,True,True,True,False,False,True,True,False,True,True,True,0.44,True,4866265088.0,4.08,1.16,23.57,12.74,28.32,24.74,18.39,13.19,4.39,1.29,0.96,1.94,0.81,0.3,51.99,-14.0,,8.76,1.02,59.93,39.42,3.73,6.43,5.1,-39.1,-18.4,5.41,5.27,-42.0,35.1,-26.1,3.73,6.43,-42.17,2.21,-28.8,-3.37,-1.39,8099593.0,1.65,2.59,4.07,-8.6,7.0,True,6,,18.7,5.4,True,,0.9,0.45,0.06,3.9200000762939453,False,False,False,3.632512580533892,6.831467207907286,13.1410502241353,8.547089632168783,25.306331830760232,11.275827876302712,10.974554699829017,6.01629143192983,9.464380178712155,9.7608221659989,8.78473994939901,6,True,7.0,124.10050455162991,141.43826516605552,n/d,2026-08-26,última,,,False,False,,,Lateral,4.28000020980835,-8.41121766044316,-39.2400779699824,True,False,False,sem sinal (Lateral)
CURY3,BOVA11+SMALL11+DIVO11+AUVP11,BOVA11,Consumo discricionário,74.17,72.82,81.81818181818181,,,0.9,,89.4,50.83,56.92,84.93,False,4,Não,,,False,6,8,False,,True,,False,False,True,True,True,True,9,11,True,True,True,True,False,True,True,False,True,True,True,-0.13,True,8545240064.0,7.78,5.16,15.01,10.41,66.38,57.38,37.72,17.89,4.99,-0.15,-0.06,1.92,0.66,0.62,80.97,8.2,5.92,16.3,0.91,70.61,24.44,26.99,40.16,2.8,-30.9,-10.6,31.65,31.88,-32.0,40.9,-7.5,27.3,40.16,-23.57,2.58,12.4,-3.95,-0.22,120016212.0,15.86,26.76,45.18,0.8,4.0,True,8,,33.7,37.5,False,,1.32,0.56,0.09,27.739999771118164,False,False,True,20.99574890029512,39.485553577006634,48.76755909674973,20.767444710092335,82.15481976827512,55.48049015824802,38.52898298779432,23.63504158867434,41.22695509839195,39.007268282400474,35.10654145416043,8,True,4.0,26.555665983501655,48.619161638623694,n/d,2026-08-17,última,,,False,False,,,Em Baixa,32.380001068115234,-14.329836763242431,-31.078057743529165,True,False,False,sem sinal (Em Baixa; sem novo topo (-14.3%))
MDNE3,SMALL11+DIVO11,SMALL11,Imobiliário,73.98,70.99,90.9090909090909,,,0.8,,72.31,73.66,60.09,80.14,False,5,Não,,,False,7,8,False,,True,,False,True,True,True,True,True,10,11,True,True,True,True,True,True,True,False,True,True,True,0.24,True,2663954688.0,4.8,1.17,15.06,9.35,24.38,16.15,10.98,21.43,4.61,0.91,1.13,2.38,0.48,0.36,44.88,19.5,4.03,6.4,1.12,72.76,27.27,20.62,34.28,24.9,-24.9,-1.1,25.8,26.7,-33.9,45.9,12.0,22.65,34.28,-4.07,2.89,2.8,-5.11,0.04,36154203.0,15.07,27.16,48.94,-5.9,7.0,True,7,,43.4,50.1,False,,1.67,0.64,0.14,25.760000228881836,False,False,False,17.516386860170307,32.94210819186868,73.40215118982458,51.561265983368386,122.29717650371929,25.567889333331706,60.75415051510116,48.85038898535779,59.33930438608166,51.561265983368386,46.405139385031546,7,True,7.0,80.14417303072304,130.35444044581595,n/d,2026-01-02,última,,,False,False,,,Em Alta,26.18000030517578,-1.60427834758623,-24.85413901344893,True,False,False,sem sinal (Em Alta)
PSSA3,BOVA11+AUVP11,BOVA11,Insurance,73.92,73.24,77.77777777777777,,1.8,0.3,,75.94,55.16,100.0,52.74,False,6,Não,,,False,4,6,False,,True,,False,False,True,,True,True,7,9,True,False,True,,True,,True,False,True,True,True,,True,30312527872.0,8.3,1.9,6.34,5.61,22.84,17.35,79.28,8.13,,,,,,0.68,46.53,0.3,7.64,6.06,,71.59,28.18,42.6,54.85,11.0,-13.8,-5.3,47.57,48.04,-16.1,25.8,3.2,43.79,54.85,-12.87,1.63,6.3,-2.69,-0.29,75479645.0,34.86,48.63,67.86,1.5,4.0,True,4,,20.5,17.0,True,2023,0.74,0.5,0.04,47.290000915527344,False,False,True,19.280422853966275,36.25963394794302,77.92833419426191,56.48650895787251,101.52325794912865,48.1005236190595,60.030437060373806,,45.39222865380768,42.18007878350126,37.96207090515114,4,True,4.0,-19.72495206130023,-4.013051860814287,2026-11-05,2026-09-24,última,,,False,False,,,Lateral,50.74470520019531,-6.8080093697237,-13.937909096971035,True,False,False,sem sinal (Lateral)
POMO4,BOVA11+SMALL11+DIVO11+AUVP11+Carteira,BOVA11,Bens Industriais,73.58,73.73,72.72727272727273,,,0.7,,79.77,75.92,52.5,83.56,False,7,Não,,,False,5,8,False,,True,,False,False,True,True,False,True,8,11,True,True,True,False,False,True,True,False,True,True,True,0.44,True,5189027328.0,4.35,1.23,22.11,10.24,28.32,24.74,18.39,13.19,4.6,1.29,0.96,1.94,0.81,0.29,44.53,-14.0,4.41,8.76,1.02,59.93,39.42,3.93,7.08,6.3,-40.9,-17.5,5.72,5.67,-44.4,35.2,-25.9,3.93,6.81,-41.97,2.22,-36.8,-3.25,-1.71,69614527.0,1.56,2.46,3.89,-7.5,7.8,True,7,,18.7,5.4,True,,0.96,0.48,0.07,4.179999828338623,False,False,True,3.1117896878903073,5.8521722194840295,13.142898978239348,8.571766632368943,24.249909341050824,11.575137762178509,11.838528249455598,6.0088253472401485,11.605605504288201,11.575137762178509,10.417623985960658,7,True,7.8,149.2254644446058,177.64607609806887,n/d,2026-08-26,última,"A Marcopolo (POMO4) apresenta-se como um caso de estudo robusto no setor de bens industriais, onde sua alta qualidade operacional convive com múltiplos de preço bastante descontados. O retorno sobre o patrimônio líquido de 28,3% e o retorno sobre o capital investido de 18,4% situam-se confortavelmente acima das médias setoriais de 10,8% e 13,3%, respectivamente, indicando forte eficiência na alocação de capital que é negociada a um preço por lucro muito baixo de 4,35 vezes e preço pelo valor patrimonial de 1,23. Essa rentabilidade diferenciada é sustentada por um endividamento controlado, visto que a relação de dívida líquida sobre o EBITDA de 1,29 vezes está bem abaixo dos pares do setor, que registram 2,38 vezes, garantindo segurança financeira junto a uma liquidez corrente de 1,94. O expressivo dividendo distribuído de 22,11% mostra-se coerente com a forte geração de caixa, embora o investidor deva monitorar a sustentabilidade desse patamar frente à margem líquida de 13,19%, que não atingiu o sarrafo de 15% no checklist de critérios da empresa. No campo do crescimento, o histórico de longo prazo acende um sinal de alerta, pois a taxa de crescimento anual composta da receita em cinco anos foi negativa em 14,0%, muito abaixo da média setorial de 47,1%, exigindo uma checagem manual detalhada desse período para identificar possíveis eventos contábeis pontuais ou reestruturações. Além disso, a análise das janelas temporais de receita revela uma clara desaceleração, caindo de 18,7% em três anos para 5,4% no último ano, o que contrasta com o crescimento implícito no preço atual de menos 7,5% ao ano obtido via fluxo de caixa descontado reverso, um patamar que se mostra bastante conservador e de fácil superação mesmo diante desse ritmo mais lento. No campo do valuation, as estimativas de preço-teto exibem uma dispersão acentuada entre os métodos de Bazin, que aponta 3,11 reais, e Lynch, que chega a 24,25 reais, mas a média ponderada de 11,61 reais e o preço ajustado com margem de segurança de 10,42 reais sugerem um potencial de valorização expressivo de 149,2% contra a cotação atual de 4,18 reais. O checklist de critérios confirma essa assimetria ao aprovar cinco dos oito requisitos avaliados, penalizado principalmente pela ausência de sinal gráfico favorável, margem abaixo do ideal e vendas de insiders. Em suma, os prós do ativo concentram-se no retorno sobre o capital muito acima da média, endividamento sob controle e valuation extremamente descontado com margem de segurança confortável, enquanto os contras residem na clara desaceleração recente da receita e na margem líquida abaixo do patamar ideal de eficiência.

Gatilho de falseamento: margem líquida abaixo de 10,8% no fechamento do próximo ano fiscal, o que igualaria a rentabilidade da empresa à média de retorno do seu setor e invalidaria a tese de eficiência operacional superior.",,False,True,4.45,-6.07,Lateral,4.579999923706055,-8.733626681892137,-41.8205608876094,True,False,False,sem sinal (Lateral)
MILS3,SMALL11,SMALL11,Bens Industriais,70.76,68.81,81.81818181818181,,,0.7,,84.31,56.04,57.62,53.42,False,8,Não,,,False,6,8,False,,True,,False,True,True,True,True,True,9,11,True,True,True,True,False,True,True,False,True,True,True,0.65,True,3622540288.0,8.3,1.98,5.33,5.68,23.81,18.37,20.65,23.53,4.91,1.28,0.85,2.98,0.99,0.66,47.14,21.3,8.54,11.12,0.54,61.6,38.32,10.3,15.94,54.4,-0.3,3.9,13.2,13.52,-15.0,26.6,25.7,12.01,15.94,9.63,1.67,47.5,-1.85,1.12,11075641.0,17.03,23.77,33.17,1.5,5.3,True,7,,18.9,16.7,True,,0.69,0.45,0.07,15.899999618530273,False,False,False,6.567429323299076,12.351004178978584,26.20132078607398,18.604445547381857,34.990761434132196,11.99843761668225,20.641632006684425,20.889028148597752,20.810947102647294,20.641632006684425,18.577468806015982,7,True,5.3,16.839429256119722,30.886462905280034,n/d,2026-04-22,última,,,False,False,,,Em Alta,15.9399995803833,-0.250940796148158,-0.625002384185791,True,False,False,sem sinal (Em Alta)
ABCB10,SMALL11,SMALL11,Produtos financeiros,70.64,74.28,50.0,,,0.4,,74.34,74.17,,,False,9,Não,,,False,1,3,False,,,,,,True,,False,,1,2,True,False,,,False,,,,True,True,True,,True,,,0.92,,,14.9,,,40.92,,,,,,,,-2.9,,1.54,,,,,,,,,,,,,,,,,,,,,,,,,,,True,0,,,,,,,,,,,False,False,,,,,,,,,,,,0,True,,,,n/d,n/d,,,,False,False,,,,,,,False,False,False,histórico insuficiente
PETR4,BOVA11+DIVO11+AUVP11,BOVA11,Energia,70.62,73.46,54.54545454545455,,,0.9,DY5a=41.0%>=20,85.74,80.71,36.8,,False,10,Pivô de alta,,,False,7,8,False,,True,,True,False,True,True,True,False,6,11,True,True,True,True,True,True,True,False,True,True,True,0.61,True,671150440448.0,4.75,1.32,7.42,40.98,27.73,30.77,19.69,24.32,2.94,1.29,0.9,0.85,0.76,0.32,194.66,96.8,4.97,10.07,0.28,65.87,33.99,26.84,50.43,83.0,-2.6,17.0,38.47,37.5,-22.2,26.7,70.1,27.87,50.43,54.03,1.68,59.4,-2.6,1.55,1867018089.0,58.42,82.25,115.8,-6.0,5.5,True,8,,-10.5,-2.4,False,,0.39,0.25,-0.05,49.119998931884766,True,True,True,146.39975135063258,275.3259839916736,141.4389103369721,93.04988427270597,310.2315722013775,56.58797333333334,127.40176565069902,56.548576690073475,150.87305222843347,134.42033799383557,120.97830419445202,8,True,5.5,146.29134125636676,207.1519859714386,n/d,2026-08-24,última,"A análise fundamentalista da Petrobras (PETR4) revela uma empresa que combina alta eficiência operacional com múltiplos de valuation bastante comprimidos, uma dinâmica típica de empresas maduras do setor de energia que negociam com desconto. O retorno sobre o patrimônio líquido de 27,7% e o retorno sobre o capital investido de 19,7% situam-se confortavelmente acima das médias setoriais de 16,2% e 13,8%, respectivamente, demonstrando uma forte qualidade na alocação de capital que convive com um preço por lucro de apenas 4,75 e um preço pelo valor patrimonial de 1,32. Essa sólida rentabilidade é acompanhada por um endividamento controlado, visto que a relação entre dívida líquida e EBITDA de 1,29 está abaixo do par setorial de 1,71, indicando que a geração de caixa operacional suporta com folga as obrigações financeiras. O dividend yield de 7,42% mostra-se sustentável e coerente com a robusta margem líquida de 24,32%, embora o investidor deva monitorar a liquidez corrente de 0,85, que aponta para um aperto no curto prazo. No que tange ao crescimento, o indicador de cinco anos de 96,8% supera a média setorial de 70,2%, mas a análise das janelas mais recentes de três anos (-10,5%) e de um ano (-2,4%) mostra que a receita está DESACELERANDO, um sinal de alerta crucial que exige checagem manual para identificar se decorre de oscilações pontuais nas commodities ou de mudanças estruturais. Essa desaceleração recente contrasta com o crescimento implícito no preço atual de -6,0% ao ano obtido via fluxo de caixa descontado reverso, o que se configura como um patamar altamente conservador e de baixo risco de frustração para quem compra no preço atual de R$ 49,12. A avaliação por múltiplos métodos de preço-teto aponta para uma média de R$ 150,87 e uma mediana de R$ 134,42, revelando uma dispersão relevante entre o modelo de Gordon (R$ 275,33) e o de Graham (R$ 93,05), mas ainda assim oferecendo um expressivo potencial de valorização frente ao preço ajustado com margem de segurança de R$ 120,98. O checklist de critérios confirma a solidez da tese ao atender 7 de 8 requisitos, falhando apenas na venda de ações por parte de iniciados. Como prós, destacam-se a rentabilidade muito acima dos pares, o endividamento saudável e o valuation extremamente descontado com margem de segurança projetada; como contras, pesam a clara desaceleração recente das receitas nas janelas mais curtas, a liquidez corrente abaixo de um e o risco político inerente ao controle estatal.

Gatilho de falseamento: Margem líquida abaixo de 15% no fechamento do próximo ano fiscal.",Pivô de alta,False,False,,,Em Alta,50.43000030517578,-2.5976628303858385,-3.1163743733306437,True,True,True,Pivô de alta
PETR3,BOVA11+DIVO11+AUVP11,BOVA11,Energia,70.21,72.98,54.54545454545455,,,0.9,DY5a=38.8%>=20,85.74,78.95,36.8,,False,11,Não,Bandeira de alta,"Bandeira de alta (pré-confirmação) — pescoço R$54.40, preço 1.0% abaixo do pescoço; falta fechar acima e segurar",False,7,8,False,,True,,True,False,True,True,True,False,6,11,True,True,True,True,True,True,True,False,True,True,True,0.65,True,694316040192.0,5.21,1.44,6.77,38.83,27.73,30.77,19.69,24.32,3.13,1.29,0.9,0.85,0.76,0.35,202.29,96.8,3.64,10.07,0.28,65.87,33.99,28.69,56.23,87.7,-4.2,14.8,42.87,41.24,-22.9,29.6,76.3,29.47,56.23,60.23,1.87,62.9,-2.95,1.44,556747461.0,61.91,90.48,132.25,-4.6,5.6,True,8,,-10.5,-2.4,False,,0.41,0.24,-0.05,53.869998931884766,True,True,True,152.11989707650704,286.08354837291483,141.420838010768,93.29064984365988,310.1919324292789,56.53292666666667,127.38548691762387,55.623698101253424,152.83112217733407,134.40316246419593,120.96284621777635,8,True,5.6,124.54584855426911,183.70359236609497,2026-11-10,2026-08-24,última,,,False,False,,,Em Alta,56.22999954223633,-4.197048958854932,-4.907330130828291,True,False,False,sem sinal (Em Alta)
PLPL3,SMALL11,SMALL11,Consumo discricionário,69.62,72.28,54.54545454545455,,,0.9,,77.7,84.3,52.77,56.85,False,12,Não,,,False,5,8,False,,True,,False,False,True,False,False,True,6,11,True,True,True,False,False,True,True,False,True,True,True,0.52,True,1360433408.0,4.47,1.22,7.36,6.32,27.32,38.02,24.26,8.62,1.87,1.22,0.69,3.0,1.2,0.3,28.26,-37.3,3.14,7.78,1.2,73.04,24.14,6.46,16.72,3.7,-59.9,-14.9,13.4,11.67,-61.4,50.2,-48.7,6.46,16.13,-64.77,3.16,-55.5,-5.74,-1.79,18073617.0,1.44,2.75,5.26,-7.0,10.4,False,6,,30.0,26.7,True,,1.51,0.53,0.1,6.699999809265137,False,False,False,3.080101016068206,5.792577072154077,20.50082932184757,13.60919298067242,31.95780449886239,10.95072400487419,18.466218713679304,31.067133585195368,,,,6,False,10.4,,,n/d,2025-12-30,última,,,False,False,,,Em Baixa,7.199999809265137,-6.944444628409407,-60.1464927152078,True,False,False,sem sinal (Em Baixa; sem novo topo (-6.9%))
LEVE3,SMALL11+DIVO11+AUVP11,SMALL11,Consumo discricionário,69.18,70.16,63.63636363636363,,,0.9,,86.09,57.24,35.56,100.0,False,13,Não,,,False,6,8,False,,True,,True,False,True,False,True,True,7,11,True,True,True,False,False,True,True,True,True,True,True,1.2,True,4627301888.0,6.64,4.8,8.35,19.55,72.29,64.73,34.45,13.0,5.39,1.21,0.48,1.43,1.7,0.26,129.81,25.8,6.7,14.14,0.81,77.23,22.71,24.65,35.6,38.5,-4.1,4.8,32.44,31.77,-12.3,24.5,8.2,31.18,35.6,-7.87,1.55,31.3,-2.25,0.85,6778780.0,34.34,46.89,64.01,-1.1,6.3,True,7,,8.6,18.6,False,,0.62,0.44,0.11,34.13999938964844,True,True,True,48.54097751025745,91.28835447896803,70.32335669068664,28.68468662780097,154.24698519419476,98.51666666666667,63.344095253082656,24.66618863006565,79.27787463166531,70.32335669068664,63.29102102161797,7,True,6.3,85.38670812281384,132.21404818098236,n/d,2026-04-30,última,,,False,False,,,Em Alta,34.15999984741211,-0.05854934968679837,-5.716652160071067,True,False,False,sem sinal (Em Alta)
RIAA3,SMALL11,SMALL11,Consumo discricionário,68.78,69.69,63.63636363636363,,,0.9,,64.99,94.41,38.34,91.78,False,14,Não,,,False,4,8,False,,False,,False,False,True,True,True,True,7,11,True,True,False,False,False,True,True,False,True,False,True,0.47,True,3599792128.0,2.35,0.67,45.11,13.23,28.35,8.06,8.96,14.35,2.62,2.11,3.24,1.61,0.68,0.16,31.1,16.6,5.21,4.35,1.05,64.01,35.99,6.26,10.43,14.6,-31.3,-9.8,8.27,8.23,-37.2,45.1,-14.6,6.55,10.43,-30.67,2.84,6.3,-4.42,0.03,12545531.0,4.23,7.55,13.48,-20.2,12.5,False,5,,7.5,9.0,False,2025,1.6,0.62,0.09,7.170000076293945,False,False,False,6.901079883031487,12.97848248970115,41.730679922424606,27.10435562330086,86.144616823869,51.88018214566937,37.58910678295379,29.993435522004734,,,,5,False,12.5,,,n/d,n/d,,,,False,False,,,Lateral,7.320000171661377,-2.0491815826472415,-33.816171568984764,False,False,False,sem sinal (Lateral)
CXSE3,BOVA11+DIVO11+Wishlist+Carteira,BOVA11,Insurance,68.76,65.21,88.88888888888889,,1.6,0.3,,63.8,33.41,100.0,81.51,False,15,Não,Bandeira de alta,"Bandeira de alta (pré-confirmação) — pescoço R$20.59, preço 3.4% abaixo do pescoço; falta fechar acima e segurar",False,4,6,False,,True,,True,True,True,,True,True,8,9,True,False,False,,True,,True,True,True,True,True,,True,59639996416.0,13.19,4.32,6.8,9.61,32.79,28.44,-1.21,75.43,,,,,,1.03,126.72,12.8,11.58,20.76,,8.23,91.77,13.53,22.04,47.0,-9.8,3.2,17.35,17.32,-18.8,22.4,27.3,15.42,22.04,11.23,1.41,42.3,-2.14,1.21,108105394.0,21.88,29.18,38.92,5.7,1.9,True,4,,13.4,5.7,True,,0.67,0.52,0.09,19.8799991607666,True,True,False,13.89054286420509,26.123182225263122,20.614638763885246,12.49232716608155,33.7724756361359,22.898448930232796,16.44659217909668,,20.881703195896563,21.75654384705902,19.58088946235312,4,True,1.9,-1.5045760112695428,5.038752904511368,2026-11-09,2026-11-04,próxima,"A Caixa Seguridade (CXSE3) apresenta-se como um caso de estudo peculiar no setor de seguros, onde a expressiva margem líquida de 75,43% contrasta com um ROE de 32,8% e um ROIC de -1,2%, ambos posicionados abaixo da média dos seus pares setoriais de 34,3% e 19,5%, respectivamente. Essa divergência entre os indicadores de rentabilidade sugere que, embora a companhia seja altamente eficiente em transformar receita em lucro líquido, a eficiência na alocação de capital e o retorno sobre o capital investido demandam atenção, especialmente com o ROIC em terreno negativo. No âmbito do valuation, múltiplos como o P/L de 13,19 e o P/VP de 4,32 indicam que o mercado cobra um prêmio considerável pelo papel, não configurando a clássica relação de alta rentabilidade com baixo preço. O dividendo distribuído de 6,8% mostra-se atraente e coerente com a forte geração de caixa da operação, mas a sustentabilidade de longo prazo desse fluxo depende da manutenção do crescimento, o qual apresenta sinais de alerta. Embora o CAGR de receita de cinco anos de 12,8% supere com folga a média negativa do setor de -2,5%, a análise detalhada das janelas temporais revela que o crescimento está desacelerando, caindo de 13,4% na janela de três anos para 5,7% no último ano, o que exige uma checagem manual cuidadosa para identificar se o movimento decorre de acomodação de mercado ou de eventos contábeis pontuais. O mercado atualmente precifica um crescimento implícito de 5,7% ao ano para a empresa, um patamar que se mostra bastante realista e conservador por estar alinhado exatamente com a taxa de expansão do último ano, sem exigir premissas heroicas de aceleração. Quanto às referências de preço-teto, observa-se uma dispersão relevante entre as metodologias, variando desde os conservadores R$ 12,49 de Graham até os otimistas R$ 33,77 de Lynch, resultando em uma média de R$ 20,88 e um preço ajustado com margem de segurança de R$ 19,58, o que coloca a cotação atual de R$ 19,88 em patamar de leve sobrepreço de -1,5% de upside. No checklist de critérios fundamentalistas, a empresa atende a 4 de 6 requisitos, penalizada justamente por entregar ROE e ROIC abaixo da média do setor de seguros. Em termos gerais, os prós da companhia residem na sua margem líquida espetacular, no bom histórico de crescimento plurianual frente aos pares e no sólido retorno via dividendos, enquanto os contras concentram-se na clara desaceleração recente das receitas, no ROIC negativo e na ausência de margem de segurança no preço atual.

Gatilho de falseamento: crescimento da receita na janela de um ano abaixo de 4,0% ou ROIC anualizado abaixo de -2,0% no próximo resultado divulgado.",,True,True,19.51,1.9,Em Alta,20.639999389648438,-3.6821717604458737,-10.218192169033491,True,False,False,sem sinal (Em Alta)
BRSR6,SMALL11+DIVO11,SMALL11,Produtos financeiros,68.38,68.68,66.66666666666667,17.35,,0.4,,43.94,88.55,90.71,86.3,False,16,Não,Bandeira de alta,"Bandeira de alta (pré-confirmação) — pescoço R$15.60, preço 1.9% acima do pescoço; falta fechar acima e segurar",False,2,6,False,,True,,False,False,True,,False,True,6,9,False,False,False,,False,,True,True,True,False,True,,True,6502693888.0,4.24,0.56,9.67,10.6,13.26,9.63,0.0,22.38,,,,,,0.58,44.95,-29.2,4.91,1.0,,93.0,6.99,10.57,18.28,50.4,-13.0,12.8,14.2,14.52,-29.2,29.7,8.9,12.94,18.28,-7.17,1.87,34.3,-2.79,1.06,44963311.0,16.28,23.88,35.04,-8.0,4.2,True,4,,7.1,5.1,True,,1.1,0.65,0.01,15.899999618530273,False,False,False,12.260039877726877,23.056784673273448,51.29032135009765,48.945349181273166,67.13026513738163,33.629639424248836,27.718003659246374,,30.0591963313367,28.343212048761142,25.508890843885027,4,True,4.2,60.433279596788815,89.05155378937827,n/d,n/d,,,,False,False,,,Em Alta,15.489999771118164,2.6468680017450508,-13.379463322242003,False,False,False,sem sinal (Em Alta)
VTRU3,SMALL11,SMALL11,Consumo discricionário,68.09,74.22,33.333333333333336,,,0.9,,85.82,95.76,55.23,6.16,False,17,Não,Bandeira de alta,"Bandeira de alta (pré-confirmação) — pescoço R$15.44, preço 2.4% abaixo do pescoço; falta fechar acima e segurar",False,7,8,False,,True,,,,True,True,False,False,3,9,True,True,True,True,False,True,True,True,True,False,True,0.37,True,2250093312.0,2.07,0.56,0.17,0.21,27.23,9.79,15.07,46.56,3.1,2.1,1.91,2.56,0.56,0.14,0.43,-23.9,4.64,6.37,0.37,51.99,48.01,10.28,16.86,46.6,-10.6,12.0,13.58,13.58,-28.8,38.8,7.7,12.0,16.86,-8.37,2.45,19.7,-3.52,0.46,10166621.0,11.65,19.17,31.55,-23.3,491.4,False,5,,,5.5,,,1.16,0.52,0.09,15.069999694824219,,False,False,0.22527950788172302,0.4236708164356275,99.57425386637789,66.39346221257799,110.6993181911773,0.4757166666666666,89.69197886001662,32.04829879004259,,,,5,False,491.4,,,n/d,n/d,,,,False,False,,,Em Alta,15.40999984741211,-2.206360518848338,-13.130704904870194,False,False,False,sem sinal (Em Alta)
DIRR3,BOVA11+SMALL11+DIVO11+AUVP11,BOVA11,Consumo discricionário,68.03,67.2,72.72727272727273,,,0.9,,71.19,60.51,55.31,89.73,False,18,Não,,,False,5,8,False,,True,,False,False,True,False,True,True,8,11,True,True,False,True,False,True,True,False,True,True,True,0.31,True,5246065664.0,6.15,2.26,15.33,12.12,36.78,26.14,9.99,17.73,4.55,0.6,0.82,4.18,1.16,0.66,74.54,8.6,4.54,5.44,1.01,82.45,14.5,9.7,16.95,4.2,-40.4,-15.9,13.64,13.59,-42.8,40.7,-25.8,9.7,16.88,-41.87,2.56,-22.5,-4.28,-0.99,113926673.0,4.23,7.12,12.01,-2.2,4.0,True,8,,26.2,29.7,False,,1.5,0.64,0.09,10.109999656677246,False,False,True,8.911681043125503,16.75970983271667,22.484342273439033,12.863247396856178,35.31862083580229,25.85196345759781,14.323658129491951,9.291908758401929,18.225641465928923,15.54168398110431,13.987515582993879,8,True,4.0,38.35327455976412,80.27341330216193,n/d,2025-12-17,última,,,False,False,,,Em Baixa,10.9399995803833,-7.586836887949621,-41.41805102132842,True,False,False,sem sinal (Em Baixa; sem novo topo (-7.6%))
VLID3,SMALL11+DIVO11,SMALL11,Bens Industriais,67.94,67.1,72.72727272727273,,,0.7,,60.88,75.98,66.2,74.66,False,19,Não,Fundo duplo,"Fundo duplo (pré-confirmação) — pescoço R$18.46, preço 5.1% abaixo do pescoço; falta fechar acima e segurar",False,6,8,False,,True,,False,False,True,True,False,True,8,11,True,True,True,False,False,True,True,True,True,True,True,0.1,True,1368460416.0,6.19,0.82,10.9,8.58,13.18,13.73,15.68,11.15,3.22,0.48,0.42,2.3,0.41,1.0,53.14,-32.9,10.06,7.18,1.13,45.32,54.23,16.3,22.63,7.4,-22.6,0.8,19.32,19.1,-27.9,31.9,-15.0,16.3,22.63,-31.07,2.01,-9.8,-3.08,-0.59,2890583.0,10.47,15.79,23.82,-2.1,3.8,True,7,,3.1,-5.0,True,2023,0.93,0.51,0.08,17.510000228881836,False,False,False,10.931930149832132,20.55908153984559,38.690083365708986,36.865927112824195,41.75498156930345,34.58019661286149,18.876050127461774,35.58284543635951,32.415595109195,35.58284543635951,32.024560892723564,7,True,3.8,82.89297815028416,85.12618324086121,2026-11-04,2026-08-13,última,,,False,False,,,Lateral,17.989999771118164,-2.668146461051868,-23.308844023041686,True,False,False,sem sinal (Lateral)
TGMA3,SMALL11+DIVO11,SMALL11,Bens Industriais,65.67,64.42,72.72727272727273,,,0.7,,78.58,27.44,69.54,82.88,False,20,Não,Bandeira de alta,"Bandeira de alta (pré-confirmação) — pescoço R$37.02, preço 1.9% acima do pescoço; falta fechar acima e segurar",False,6,8,False,,True,,False,False,True,True,True,True,8,11,True,True,True,False,False,True,True,True,True,True,True,0.03,True,2487172864.0,9.8,2.5,9.62,10.06,25.55,24.91,27.01,10.14,6.76,0.07,0.04,2.22,0.23,26.92,98.58,23.5,7.43,14.79,1.33,34.75,65.25,26.65,39.14,41.6,-3.6,18.9,33.24,33.02,-31.9,31.5,7.2,26.65,39.14,-8.87,1.98,9.2,-2.58,0.31,9141416.0,30.37,45.41,67.91,3.2,4.2,True,7,,17.5,6.5,True,,0.9,0.5,0.16,37.720001220703125,False,False,False,27.593753075650564,28.4473333677884,28.858497281956335,36.14763721751453,40.116852958672446,47.52293631283754,11.36594673585522,33.714369096089996,34.62876847292997,33.714369096089996,30.342932186480997,7,True,4.2,-19.55744643553491,-8.195208504066775,n/d,2026-08-07,última,,,False,False,,,Em Alta,36.58000183105469,3.1164552558349934,-4.593528567240856,True,False,False,sem sinal (Em Alta)
LREN3,BOVA11+SMALL11,BOVA11,Consumo discricionário,65.52,64.25,72.72727272727273,,,0.9,,66.88,71.98,56.12,49.32,False,21,Rompimento,,,False,6,8,False,,True,,False,True,True,True,True,True,8,11,True,True,True,False,False,True,True,True,True,True,True,0.13,True,10995161088.0,7.82,1.13,7.93,4.83,14.41,11.89,23.53,9.35,2.12,0.59,0.34,1.69,0.32,0.87,37.81,3.2,6.8,6.22,1.29,46.72,53.28,10.28,15.33,12.8,-24.3,-9.4,13.81,13.48,-32.9,38.2,-8.7,10.28,15.33,-24.77,2.41,-26.8,-3.97,-0.81,186482192.0,5.57,9.09,14.85,0.9,6.8,True,7,,6.1,9.6,False,,1.43,0.65,0.14,11.600000381469727,False,False,False,4.078528652055812,7.670265174672706,20.288755720415658,18.510010465125422,20.465679520005573,15.776420709061473,12.543169023175244,27.588836022361328,17.549019519259627,18.510010465125422,16.65900941861288,7,True,6.8,43.612145437724315,51.28464605305605,2026-11-05,2026-09-23,última,"A Lojas Renner (LREN3) apresenta-se como uma alternativa robusta no setor de consumo discricionário, exibindo um retorno sobre o patrimônio líquido de 14,4% e um retorno sobre o capital investido de 23,5% que se posicionam acima dos seus pares, sugerindo uma eficiência operacional superior na alocação de capital. Essa elevada qualidade técnica convive com múltiplos de preço bastante descontados, visto que o preço sobre lucro de 7,82 e o preço sobre valor patrimonial de 1,13 indicam uma clara assimetria favorável entre o valor intrínseco e a cotação de mercado. No âmbito financeiro, a excelente rentabilidade é sustentada por um endividamento extremamente controlado, com a relação de dívida líquida sobre EBITDA em 0,59, patamar significativamente abaixo da média do setor de 2,82, o que confere grande segurança financeira à operação. Essa solidez permite que o rendimento de dividendos de 7,93% se mostre altamente sustentável e coerente com a geração de lucro e a baixa alavancagem da companhia. Por outro lado, o crescimento histórico de receita medido pelo indicador composto de cinco anos foi de apenas 3,2%, ficando muito abaixo da média setorial de 35,4%, embora a análise das janelas temporais mais recentes de três anos, com 6,1%, e de um ano, com 9,6%, aponte para uma aceleração que mitiga o risco de estagnação. No checklist de critérios fundamentalistas, a empresa atende a seis dos oito requisitos avaliados, falhando apenas na margem líquida, que se situa em 9,35% e portanto abaixo do sarrafo de 15%, e no crescimento histórico consolidado frente aos pares. Quanto ao valuation, a média dos preços-teto calculados resulta em R$ 17,55 e a mediana em R$ 18,51, revelando uma dispersão relevante entre os métodos conservadores baseados em dividendos, como Bazin a R$ 4,08, e os modelos de fluxo de caixa descontado e Graham, que superam os R$ 18,00, mas ainda assim garantem um upside expressivo de 43,6% contra o preço-teto ajustado. Adicionalmente, o crescimento implícito de 0,9% ao ano embutido no preço atual de R$ 11,60 configura um patamar extremamente conservador e fácil de ser superado, dada a trajetória recente de expansão da varejista. Em suma, o ativo destaca-se positivamente pela alta rentabilidade, endividamento sob controle e valuation descontado com margem de segurança atrativa, tendo como contrapartida o crescimento histórico inferior ao do setor e margens operacionais mais pressionadas.

Gatilho de falseamento: margem líquida abaixo de 8,0% no próximo resultado trimestral divulgado pela companhia.",Rompimento,False,False,,,Em Alta,11.350000381469727,2.202643097776069,-25.7856730516268,True,True,True,"Rompimento (vol x0.0, +2.2% do topo, MM50>MM200)"
LAVV3,SMALL11+DIVO11+Carteira,SMALL11,Imobiliário,65.44,62.55,81.81818181818181,,,0.8,,65.65,50.37,55.18,93.84,False,22,Não,,,False,5,8,False,,True,,True,False,True,True,False,True,9,11,True,True,False,True,False,True,True,False,True,True,True,0.37,True,2133364992.0,5.92,1.47,22.22,14.07,24.9,19.67,8.69,19.91,7.42,1.5,2.38,4.12,0.86,1.42,83.29,-30.3,3.12,4.85,1.47,60.31,33.37,9.22,18.94,18.5,-42.3,1.9,12.7,13.18,-51.3,37.5,-26.3,9.22,18.94,-42.37,2.36,-20.2,-3.64,-0.6,5950901.0,5.75,9.32,15.09,-2.7,3.4,True,8,,46.9,13.7,True,,1.53,0.72,0.07,10.930000305175781,True,True,False,11.184376294551946,16.702491286946167,20.05234891033604,17.574861547763195,33.65718450763693,23.811938767372656,9.937065895364155,11.871970267224928,18.0990296846495,17.13867641735468,15.424808775619214,8,True,3.4,41.12358961522595,65.59038590400502,n/d,2026-02-03,última,"A Lavvi Empreendimentos Imobiliários (LAVV3) apresenta um quadro de alta rentabilidade sobre o patrimônio com um ROE de 24,9%, posicionando-se bem acima da média do setor de 16,2%, embora seu ROIC de 8,7% fique ligeiramente abaixo dos pares de 9,4%, sugerindo que a eficiência na alocação de capital total ainda precisa de otimização. Essa qualidade operacional convive com múltiplos de valuation descontados, evidenciados pelo P/L atrativo de 5,92 e um P/VP de 1,47, enquanto a relação entre rentabilidade e endividamento é extremamente saudável, dado que a alavancagem medida pela relação Dívida Líquida/EBITDA está em 1,5, patamar muito abaixo da média setorial de 18,46. O expressivo Dividend Yield de 22,22% mostra-se coerente com a forte geração de lucro e com a robusta liquidez corrente de 4,12, indicando sustentabilidade no curto prazo, mesmo com uma relação Dívida/Patrimônio de 0,86. No entanto, o crescimento histórico acende um sinal de alerta, pois o CAGR de receita de 5 anos de -30,3% ficou abaixo da média setorial de 8,6%, e a análise das janelas temporais mais recentes revela que, após uma forte expansão de 46,9% em 3 anos, o ritmo caiu para 13,7% no último ano, caracterizando um cenário que está explicitamente desacelerando. Essa variação atípica e a ausência de dados consolidados em janelas anteriores sugerem que o investidor deve realizar uma checagem manual desses períodos para descartar efeitos contábeis pontuais. Diante disso, o checklist de critérios fundamentalistas revela que a empresa atende a 5 dos 8 requisitos avaliados, sendo penalizada principalmente pela ausência de transações favoráveis de insiders e pelo ROIC inferior ao do setor. Sob a ótica do valuation, o preço atual de R$ 10,93 embute um crescimento implícito de -2,7% ao ano pelo fluxo de caixa descontado reverso, o que se mostra um patamar bastante conservador frente ao histórico recente da companhia. As estimativas de preço-teto apontam uma dispersão relevante entre os métodos, variando desde R$ 11,18 pelo modelo de Bazin até R$ 33,66 pelo critério de Lynch, resultando em uma média de R$ 18,10 e um preço-teto ajustado com margem de segurança de R$ 15,42, o que confere um upside de 41,1%. Em balanço, os prós residem no dividend yield excepcional, no endividamento muito abaixo dos pares e no valuation descontado, enquanto os contras concentram-se na clara desaceleração do crescimento recente da receita e no ROIC abaixo da média setorial.

Gatilho de falseamento: o ROIC consolidado da companhia recuar para menos de 8,0% no fechamento do próximo ano fiscal, o que invalidaria a tese de resiliência e rentabilidade da operação.",,False,True,10.43,4.79,Em Alta,11.020000457763672,-0.8166982654205346,-42.41306338889432,True,False,False,sem sinal (Em Alta)
PINE4,SMALL11+DIVO11,SMALL11,Produtos financeiros,65.0,62.75,77.77777777777777,14.09,,0.4,,64.03,70.82,44.14,73.97,False,23,Não,Bandeira de alta,"Bandeira de alta (pré-confirmação) — pescoço R$12.04, preço 4.1% acima do pescoço; falta fechar acima e segurar",False,4,6,False,,True,,False,False,True,,True,True,7,9,True,True,False,,True,,True,False,True,True,True,,True,3161283328.0,5.28,1.76,7.52,8.58,33.43,18.92,0.0,39.51,,,,,,0.35,45.32,76.3,4.06,1.87,,95.52,4.47,7.74,15.72,61.9,-20.3,2.4,11.95,11.82,-36.3,46.4,-0.2,10.01,15.72,-16.27,2.92,41.3,-4.36,0.94,9329531.0,10.96,19.91,36.18,-4.4,4.1,True,4,,84.0,124.9,False,2023,1.17,0.44,-0.05,12.529999732971191,False,False,False,7.822044095822691,14.710489380208479,32.45796607270152,19.497055395687582,55.966496650024595,12.77531889407378,29.236666043599445,,16.941454610701616,13.74290413714113,12.368613723427018,4,True,4.1,-1.2879969112808975,35.20714263163318,n/d,2026-07-15,última,,,False,False,,,Em Alta,11.979999542236328,4.590986742493586,-20.771721600398298,True,False,False,sem sinal (Em Alta)
INTB3,SMALL11+AUVP11,SMALL11,Tecnologia de informação,64.96,66.8,54.54545454545455,,,0.5,,71.27,58.08,77.76,46.58,False,24,Não,,,False,5,8,False,,True,,False,False,True,True,True,False,6,11,True,True,True,False,False,True,True,False,True,True,True,-0.17,True,4636581376.0,7.78,1.41,8.92,4.4,18.07,19.14,17.52,13.1,6.13,-1.0,-0.79,2.64,0.26,0.65,34.25,14.3,7.1,5.97,1.67,43.4,56.17,9.91,15.35,42.9,-7.7,2.6,13.03,12.84,-17.9,37.4,25.1,10.36,15.35,9.03,2.36,35.1,-3.7,0.52,14360928.0,11.42,18.42,29.71,0.8,6.5,True,7,,1.8,-6.2,True,,1.01,0.47,0.09,14.170000076293945,False,False,True,4.536752648524475,8.532021916418609,24.911186799687503,20.293724339234107,29.657466104367224,16.71248390426061,18.803268910972932,13.84210091665491,18.96460755594227,18.803268910972932,16.922942019875638,7,True,6.5,19.427959977130094,33.8363264208416,n/d,n/d,,,,False,False,,,Em Baixa,15.346699714660645,-7.667444207842311,-9.135966112180604,False,False,False,sem sinal (Em Baixa; sem novo topo (-7.7%))
TEND3,BOVA11+SMALL11,BOVA11,Consumo discricionário,64.92,65.15,63.63636363636363,,,0.9,,76.54,67.56,52.98,32.19,False,25,Não,,,False,5,8,False,,False,,False,False,True,True,False,True,7,11,True,True,True,False,False,True,True,False,True,False,True,0.24,True,3312595456.0,5.72,2.15,5.41,3.32,37.61,-8.65,14.39,12.08,3.97,0.47,0.45,1.96,0.79,0.38,18.98,-11.5,3.9,7.18,0.76,81.81,18.11,20.84,36.71,29.6,-26.4,-15.2,29.22,28.58,-26.4,50.4,18.5,22.35,36.71,2.43,3.17,32.1,-4.94,0.13,121927728.0,15.31,29.13,55.43,-3.2,13.3,False,5,,20.0,27.1,False,2023,1.53,0.53,0.11,27.010000228881836,False,False,False,6.519254364391081,12.260404175612905,64.58515732599761,36.53411593219437,86.50170471042044,22.47972026024363,58.175385108360885,29.01709921016795,,,,5,False,13.3,,,n/d,n/d,,,,False,False,,,Em Baixa,33.099998474121094,-18.39878708756033,-27.454904392064904,False,False,False,sem sinal (Em Baixa; sem novo topo (-18.4%))
GRND3,SMALL11+DIVO11,SMALL11,Consumo discricionário,63.82,63.85,63.63636363636363,,,0.9,DY5a=20.3%>=20,60.78,61.28,73.97,,False,26,Não,Bandeira de alta,"Bandeira de alta (pré-confirmação) — pescoço R$3.80, preço 0.1% abaixo do pescoço; falta fechar acima e segurar",False,5,8,False,,True,,True,False,True,True,False,False,7,11,True,True,False,True,False,True,True,False,True,True,True,-0.11,True,3428207872.0,5.92,1.07,39.16,20.25,18.04,16.72,7.81,22.7,9.13,-1.39,-2.45,3.36,0.03,0.39,119.88,-37.8,5.07,2.74,2.01,29.93,70.07,3.37,4.83,12.8,-21.4,2.4,3.86,4.0,-30.3,28.0,-11.7,3.37,4.83,-27.77,1.76,-9.3,-2.47,-0.4,9162661.0,2.61,3.75,5.39,-2.7,9.5,False,6,,0.8,-1.3,True,,0.74,0.46,0.05,3.799999952316284,True,True,False,5.596475446574581,10.524984468880582,8.779424475708938,7.161798668467952,19.256756515116304,6.059476722895763,7.9081080088744296,2.0304879323136866,,,,6,False,9.5,,,n/d,n/d,,,,False,False,,,Em Alta,3.819999933242798,-0.5235597192677299,-22.1672499241347,False,False,False,sem sinal (Em Alta)
B3SA3,BOVA11+AUVP11,BOVA11,Produtos financeiros,63.7,64.35,60.0,,,0.4,,93.58,21.3,,40.41,False,27,Bandeira de alta,,,False,5,6,False,,True,,False,False,True,,True,True,6,10,True,True,True,,True,,True,False,True,True,True,,True,91345141760.0,17.37,4.95,5.01,3.88,28.49,23.11,22.2,49.45,,,,,,1.87,67.35,33.0,14.2,9.25,0.57,63.98,35.97,11.54,19.31,58.9,-5.0,17.3,15.22,15.25,-27.8,35.1,40.9,13.02,19.31,24.83,2.21,31.7,-3.24,0.89,764191533.0,17.26,27.03,42.32,7.6,2.8,True,4,,3.5,6.8,False,,1.61,0.8,0.09,18.34000015258789,False,False,True,5.171583053176189,9.725912645166833,14.441213186801983,9.381841365141009,13.915746539908001,9.004319462112655,9.157941317325152,,9.585757086814414,9.365116053639744,8.42860444827577,4,True,2.8,-54.04250611695638,-47.733058849174526,2026-11-12,2026-09-23,última,"A B3 (B3SA3) apresenta uma sólida eficiência operacional no setor de produtos financeiros, ostentando um ROE de 28,5% e um ROIC de 22,2% que se posicionam significativamente acima das médias setoriais de 18,4% e 2,2%, respectivamente. Essa elevada qualidade técnica, contudo, convive com múltiplos de preço esticados, visto que o P/L de 17,37 e o P/VP de 4,95 indicam que o mercado cobra um prêmio alto por essa rentabilidade, o que é corroborado pelo score de valor de apenas 21,0 contra 94,0 em qualidade. No âmbito do endividamento e proventos, o dividend yield de 5,01% mostra-se coerente com a forte geração de caixa traduzida na margem líquida de 49,45%, embora o investidor deva ponderar se esse retorno é sustentável frente à necessidade de reinvestimento para manter tais retornos sobre o capital. No campo do crescimento, o CAGR de receita de 5 anos de 33,0% supera com folga a média setorial de 12,7%, mas a análise das janelas temporais mais recentes revela que o indicador está DESACELERANDO, com taxas de 3,5% em 3 anos e 6,8% no último ano, um sinal de alerta explícito de que o ritmo histórico perdeu fôlego. Diante disso, o crescimento implícito de 7,6% ao ano embutido no preço atual via fluxo de caixa descontado reverso mostra-se bastante exigente, superando o desempenho real observado nas janelas de curto prazo da companhia. No checklist de critérios, a empresa atende a 5 de 6 requisitos, falhando apenas por registrar vendas de papéis por parte de insiders, o que demanda atenção. Quanto ao valuation, as estimativas de preço-teto revelam uma dispersão acentuada entre os métodos, variando desde os conservadores R$ 5,17 de Bazin e R$ 9,38 de Graham até os R$ 14,44 do fluxo de caixa descontado, resultando em uma média de R$ 9,59 e mediana de R$ 9,37. Frente ao preço atual de R$ 18,34, o valor ajustado com margem de segurança de R$ 8,43 projeta um upside negativo de 54,0%, evidenciando que a cotação de tela carrega um otimismo excessivo. Como prós, destacam-se as margens e retornos excepcionais muito acima dos pares e o forte histórico de dominância de mercado; como contras, pesam a clara desaceleração do crescimento recente, o valuation esticado com margem de segurança pressionada e a pressão de venda dos controladores.

Gatilho de falseamento: ROE abaixo de 18,4% no fechamento anual de 2026.",Bandeira de alta,False,False,,,Em Alta,18.203365325927734,0.7506020134944169,-7.301216265647648,True,True,True,"Bandeira de alta — mastro +28%, recuo 9%, bandeira 7d (candidato)"
CEAB3,BOVA11+SMALL11,BOVA11,Consumo discricionário,63.49,62.34,70.0,,,0.9,,58.56,85.12,43.39,60.27,False,28,Bandeira de alta,,,False,5,8,False,,False,,False,,True,True,False,True,7,10,True,True,True,False,False,True,True,False,False,False,True,0.52,True,2969513216.0,5.5,0.81,5.2,6.49,14.79,7.33,14.93,7.02,2.44,1.94,1.78,1.67,0.72,0.58,35.68,-9.5,5.44,5.91,0.81,60.22,39.78,7.28,17.96,37.8,-44.2,2.2,11.47,11.94,-59.5,52.6,-19.2,7.28,13.6,-35.27,3.31,-46.3,-4.8,-0.93,76061570.0,3.12,6.14,12.08,-3.7,9.7,False,7,,8.9,4.5,True,2024,1.77,0.59,0.14,10.029999732971191,False,False,False,4.73189127475153,8.899008429613362,24.9426386321395,22.540748134918438,29.17841689337932,9.505749173378083,16.063451549193346,45.713211428918235,,,,7,False,9.7,,,n/d,n/d,,,Bandeira de alta,False,False,,,Em Alta,9.529999732971191,5.246589863692619,-44.26921827088521,False,True,False,"Bandeira de alta — mastro +34%, recuo 36%, bandeira 10d (candidato)"
ALPA4,SMALL11,SMALL11,Consumo discricionário,63.22,63.15,63.63636363636363,,,0.9,,74.8,40.93,58.26,76.03,False,29,Não,Bandeira de alta,"Bandeira de alta (pré-confirmação) — pescoço R$13.89, preço 2.1% acima do pescoço; falta fechar acima e segurar",False,6,8,False,,False,,False,False,True,True,True,True,7,11,True,True,True,False,True,True,True,False,True,False,True,0.19,True,9632921600.0,13.82,2.68,12.66,8.8,19.37,-7.05,17.96,14.52,8.8,0.82,0.63,1.91,0.39,0.15,121.65,92.8,11.1,7.61,0.98,45.48,54.52,8.0,16.06,77.4,-11.7,12.4,12.22,12.05,-31.7,42.3,20.9,10.97,16.06,4.83,2.67,71.4,-4.03,1.19,33034918.0,14.37,24.68,42.38,6.1,5.1,True,7,,3.0,11.1,False,,1.0,0.41,0.08,14.180000305175781,False,False,False,9.077756738077884,17.072039284836794,14.03370554454631,11.052132445070587,30.781476784028467,10.329989999999999,12.640926465974356,6.054645176978264,11.4658850936406,11.052132445070587,9.946919200563528,7,True,5.1,-29.852475412621494,-19.14044536758236,n/d,n/d,,,,False,False,,,Lateral,14.239999771118164,-0.421344570974469,-12.577059769041476,False,False,False,sem sinal (Lateral)
BBSE3,BOVA11+DIVO11+AUVP11,BOVA11,Insurance,62.92,60.3,77.77777777777777,,1.3,0.3,,68.0,33.54,61.0,91.1,False,30,Não,,,False,5,6,False,,True,,True,False,True,,False,True,7,9,True,True,False,,True,,True,True,True,True,True,,True,76058116096.0,8.28,6.98,11.88,12.77,84.38,83.67,0.0,87.93,,,,,,,105.7,-0.1,8.94,28.81,,55.04,44.96,28.18,42.35,39.0,-7.5,4.6,32.99,33.88,-9.8,19.8,23.7,30.7,42.35,7.63,1.25,41.2,-2.03,0.98,237975265.0,41.48,53.47,68.92,1.5,1.6,True,4,,9.7,10.8,False,,0.57,0.51,0.07,39.18000030517578,True,True,True,36.37618272753123,53.3517346670458,50.473430344831925,24.44628183882177,,59.50416498381771,12.870724737932143,,49.926378180806665,51.91258250593886,46.721324255344975,4,True,1.6,19.247891504413705,27.42822305239048,2026-11-03,2026-08-07,última,,,False,False,,,Lateral,41.20000076293945,-4.9029136416442025,-8.841319863966724,True,False,False,sem sinal (Lateral)
SEER3,SMALL11,SMALL11,Consumo discricionário,62.61,62.43,63.63636363636363,,,0.9,,69.28,78.27,39.6,37.67,False,31,Não,Bandeira de alta,"Bandeira de alta (pré-confirmação) — pescoço R$14.10, preço 3.1% abaixo do pescoço; falta fechar acima e segurar",False,6,8,False,,False,,False,False,True,True,True,True,7,11,True,True,True,False,False,True,True,True,True,False,True,0.74,True,1749032832.0,6.47,1.15,6.46,3.65,17.83,-1.1,17.04,11.85,2.9,1.79,1.45,1.64,0.92,0.48,23.64,29.3,5.49,9.65,0.47,59.3,40.7,8.0,14.31,70.8,-4.5,16.3,11.01,10.96,-25.4,52.6,52.3,8.89,14.31,36.23,3.31,30.1,-5.13,0.57,14087844.0,9.31,18.39,36.34,-1.5,10.0,False,5,,9.8,11.9,False,2025,1.49,0.49,0.05,13.65999984741211,False,False,False,3.6297848439913007,6.826337303377188,28.876900510059997,23.754226490276718,36.4592954836641,9.048457898986316,24.139682178762563,30.058393849908796,,,,5,False,10.0,,,n/d,n/d,,,,False,False,,,Em Alta,14.3100004196167,-4.542281992623454,-5.13888743556572,False,False,False,sem sinal (Em Alta)
VIVA3,BOVA11+SMALL11,BOVA11,Consumo discricionário,62.12,61.85,63.63636363636363,,,0.9,,75.46,51.68,66.65,16.44,False,32,Não,Fundo duplo,"Fundo duplo (pré-confirmação) — pescoço R$23.54, preço 0.3% acima do pescoço; falta fechar acima e segurar",False,6,8,False,,True,,False,False,True,True,True,True,7,11,True,True,True,True,False,True,True,False,True,True,True,0.27,True,5549187584.0,9.52,1.75,2.96,1.98,18.4,21.98,17.32,18.56,6.28,1.1,0.87,4.19,0.4,0.64,18.88,0.4,7.56,10.38,1.73,37.54,62.46,20.42,35.35,15.6,-33.2,6.5,26.53,26.47,-42.2,38.8,-26.8,20.42,32.35,-42.87,2.44,-19.4,-3.89,-0.59,61759678.0,12.09,19.94,32.88,2.9,12.3,False,6,,13.5,16.8,False,2024,1.13,0.51,0.06,23.600000381469727,False,False,False,3.4033783421000328,6.400547011110707,33.90620819240703,27.426208324675112,41.91849262882708,10.846477423001526,30.424712554205364,14.25661709327411,,,,6,False,12.3,,,n/d,2025-12-22,última,,,False,False,,,Em Alta,23.81999969482422,-0.9235907479977601,-34.246263124663535,True,False,False,sem sinal (Em Alta)
SAPR4,AUVP11,SMALL11,Utilities,61.77,59.84,72.72727272727273,,,0.1,,56.46,62.31,64.5,59.59,True,33,Não,,,False,6,8,False,,True,,False,False,False,True,True,True,8,11,False,True,True,False,True,True,True,True,False,True,True,0.04,True,9853060096.0,21.64,0.81,1.73,6.48,3.76,14.91,11.83,6.04,3.87,0.89,1.03,1.86,0.6,1.88,140.17,11.5,8.36,5.91,0.51,53.34,46.66,6.24,9.08,4.5,-28.2,-6.8,7.23,7.48,-31.3,29.2,-16.4,6.24,9.08,-32.47,1.84,-6.8,-3.06,-0.59,8029619.0,4.14,6.04,8.8,8.7,5.7,True,7,,8.3,5.2,True,,0.89,0.53,0.04,6.519999980926514,False,False,False,3.071493701749741,5.776389768129351,4.12092300982774,7.386993482751598,5.416498991668846,1.7543033594410482,3.037042504978709,10.083563195232616,5.556129236334085,5.416498991668846,4.874849092501962,7,True,5.7,-25.232375663147934,-14.783293671965003,n/d,n/d,,,,False,False,,,Lateral,6.929999828338623,-5.916303861011807,-29.360776768285856,False,False,False,sem sinal (Lateral)
TOTS3,BOVA11+SMALL11+AUVP11,BOVA11,Tecnologia de informação,61.7,58.15,81.81818181818181,,,0.5,,85.64,33.22,49.36,14.38,False,34,Não,Bandeira de alta,"Bandeira de alta (pré-confirmação) — pescoço R$34.90, preço 4.2% abaixo do pescoço; falta fechar acima e segurar",False,6,8,False,,True,,False,False,True,True,True,True,9,11,True,True,True,True,True,False,True,False,True,True,True,0.56,True,18950287360.0,13.59,3.55,2.1,1.48,26.12,14.98,23.37,21.63,7.78,2.09,1.23,1.84,0.92,0.91,20.15,269.5,15.78,7.39,1.0,42.41,54.01,26.94,47.23,24.1,-29.2,7.3,34.71,36.43,-43.0,38.8,-17.2,26.94,46.62,-33.27,2.44,-21.1,-3.51,-0.88,165152448.0,15.34,25.29,41.7,6.0,11.2,False,6,,15.0,17.4,False,,0.88,0.4,0.0,33.43000030517578,False,False,True,3.6052056079343204,6.780112482018414,33.645042914369036,22.829885571740263,40.546106084380696,10.59424454785779,30.30593110815053,22.77506049242236,,,,6,False,11.2,,,2026-11-04,2026-09-24,última,,,False,False,,,Lateral,35.758480072021484,-6.511685513914156,-29.59521789290227,True,False,False,sem sinal (Lateral)
TFCO4,SMALL11,SMALL11,Consumo discricionário,61.45,59.46,72.72727272727273,,,0.9,,80.35,31.54,69.24,15.75,False,35,Não,,,False,5,8,False,,True,,False,True,True,True,True,True,8,11,True,True,True,False,False,True,True,False,True,True,True,0.2,True,1994094336.0,13.7,3.29,2.55,1.86,23.99,26.81,27.1,13.1,8.45,0.48,0.24,3.17,0.28,0.91,25.42,9.3,8.64,16.01,1.67,41.96,57.74,12.56,17.98,4.6,-26.9,-6.8,15.5,15.37,-30.2,31.7,-16.6,12.56,17.54,-32.67,2.0,-19.2,-3.07,-0.98,9540105.0,7.0,10.51,15.78,6.0,9.1,False,7,,22.6,25.8,False,,1.21,0.67,0.14,13.140000343322754,False,False,False,1.773157128835578,3.3346793745520706,13.118342702069336,9.283856160127293,16.166490194987627,6.104046666666666,11.816409067863965,6.18436589484182,,,,7,False,9.1,,,n/d,n/d,,,,False,False,,,Lateral,13.301976203918457,-1.217682681976151,-27.235913666471422,False,False,False,sem sinal (Lateral)
SAPR11,SMALL11+AUVP11,SMALL11,Serviços públicos,61.3,59.28,72.72727272727273,,,0.1,,56.46,60.87,64.5,57.53,True,36,Não,,,False,4,8,False,,True,,False,False,False,True,True,True,8,11,False,False,True,False,False,True,True,True,False,True,True,0.21,True,9976974336.0,21.92,0.82,1.67,6.35,3.76,14.91,11.83,6.04,3.91,0.89,1.03,1.86,0.6,1.91,139.17,11.5,5.76,5.91,0.51,53.34,46.66,31.45,47.9,5.0,-31.1,-8.1,37.25,38.57,-34.3,31.0,-17.9,31.45,47.9,-33.97,1.95,-6.9,-3.23,-0.58,50756592.0,20.23,30.15,44.93,8.8,5.6,True,7,,8.3,5.2,True,,1.0,0.57,0.06,33.0099983215332,False,False,False,15.242508725519675,28.665750280574095,20.59724406688556,36.93257259944818,26.879538123792305,15.033916666666668,15.179780250048115,84.56259183104127,22.647330101847803,20.59724406688556,18.537519660197002,7,True,5.6,-43.84271250294327,-31.392513621927655,n/d,n/d,,,,False,False,,,Lateral,35.810001373291016,-7.819053181735436,-32.24548954340768,False,False,False,sem sinal (Lateral)
CMIN3,BOVA11+DIVO11+AUVP11+Wishlist,BOVA11,Materiais,61.26,67.26,27.272727272727273,,,1.0,,82.1,54.83,34.43,97.26,False,37,Não,,,False,7,8,False,,True,,False,False,True,False,True,False,3,11,True,True,True,False,True,True,True,True,True,True,True,0.16,True,26911174656.0,11.66,3.71,21.74,16.59,31.79,32.01,20.33,13.41,4.56,0.2,0.13,1.17,1.24,0.13,193.44,90.7,11.48,8.29,0.53,80.09,19.91,4.08,6.99,22.8,-28.3,-3.7,5.23,5.21,-34.6,41.9,-1.2,4.08,6.99,-17.27,2.64,23.2,-4.6,-0.08,53282176.0,2.97,5.08,8.71,4.8,3.6,True,8,,10.7,9.3,True,2025,1.13,0.47,-0.1,5.010000228881836,False,False,True,6.04496792250604,11.368439673616198,5.876833113057871,3.613206432667201,12.890223573452408,6.133333333333334,5.293585147497788,5.526989979733202,7.093447396983005,5.960900517781956,5.36481046600376,8,True,3.6,7.08204033757327,41.58576991854082,n/d,2026-04-17,última,"A CSN Mineração (CMIN3) apresenta uma notável eficiência operacional no setor de materiais, registrando um ROE de 31,8% e um ROIC de 20,3% que se posicionam muito acima de seus pares setoriais (5,6% e 9,2%, respectivamente), sugerindo forte capacidade de geração de valor sobre o capital empregado. Essa alta qualidade técnica convive com múltiplos de preço mistos, pois enquanto o P/L de 11,66 indica uma avaliação razoável, o P/VP de 3,71 reflete um prêmio patrimonial expressivo, embora o PEG ratio de 0,13 aponte que o preço atual está atrativo quando ajustado ao crescimento. No âmbito financeiro, a excelente rentabilidade é acompanhada por um endividamento sob controle, evidenciado pela relação dívida líquida sobre EBITDA de 0,2, que está confortavelmente abaixo da média do setor (1,76), garantindo solidez mesmo com uma relação dívida sobre patrimônio de 1,24 e liquidez corrente de 1,17. O expressivo dividend yield de 21,74% mostra-se coerente com a forte geração de caixa e o baixo endividamento, embora a sustentabilidade de proventos tão elevados no longo prazo demande atenção frente à margem líquida de 13,41%. Quanto à expansão, o CAGR de receita de 5 anos de 90,7% supera com folga a média setorial de 17,4%, mas a análise das janelas temporais de 3 anos (10,7%) e de 1 ano (9,3%) revela que o crescimento está desacelerando, um sinal de alerta importante que exige cautela do investidor. Adicionalmente, o ano de 2025 apresenta variações atípicas que merecem uma checagem manual detalhada para identificar possíveis eventos contábeis não recorrentes que possam distorcer a série histórica. Sob a ótica do valuation, os modelos de preço-teto exibem considerável dispersão, variando desde os conservadores R$ 3,61 de Graham até os otimistas R$ 12,89 de Lynch, resultando em uma média de R$ 7,09 e uma mediana de R$ 5,96, o que confere um upside de 7,1% frente ao preço-teto ajustado com margem de segurança de R$ 5,36. O crescimento implícito de 4,8% ao ano embutido no preço atual de R$ 5,01 parece um patamar bastante conservador e de fácil execução quando confrontado com o histórico de expansão da companhia. No checklist de critérios fundamentalistas, a empresa demonstra robustez ao atender 7 de 8 requisitos, falhando apenas em manter a margem líquida acima de 15%. Em balanço, os prós concentram-se no retorno sobre o capital excepcionalmente alto, no endividamento muito abaixo dos pares e no dividend yield massivo, enquanto os contras residem na clara desaceleração do crescimento de receita, na margem líquida abaixo do ideal e na tendência gráfica de baixa no curto prazo.

Gatilho de falseamento: margem líquida abaixo de 13,41% ou ROIC abaixo de 20,3% no fechamento do próximo ano fiscal.",,True,False,,,Em Baixa,6.989999771118164,-28.32617463619166,-29.137197917428935,True,False,False,sem sinal (Em Baixa; sem novo topo (-28.3%))
ABCB4,SMALL11+DIVO11+AUVP11,SMALL11,Produtos financeiros,61.19,64.14,44.44444444444444,16.87,,0.4,,50.01,66.57,83.86,82.19,False,38,Rompimento,,,False,2,6,False,,True,,False,False,True,,False,True,4,9,True,False,False,,False,,True,False,True,True,True,,True,6673533952.0,6.61,0.93,10.07,9.97,14.05,14.98,0.0,40.92,,,,,,1.38,65.87,-2.9,5.81,1.54,,89.78,10.19,19.16,26.85,35.1,-3.6,9.3,23.54,23.34,-17.3,23.3,14.7,22.2,26.85,-1.37,1.47,13.1,-2.12,0.45,12225978.0,23.83,32.12,43.29,-1.2,2.4,True,4,,7.9,13.6,False,,0.94,0.7,-0.03,25.8799991607666,False,False,True,18.756138305489415,30.18143690679604,45.82015837665922,49.51232414912267,57.79133855000097,45.03054257416502,22.665667054599453,,34.94706904077742,37.60598974048053,33.84539076643248,4,True,2.4,30.77817567220482,35.03504704032703,n/d,n/d,,,Rompimento,False,False,,,Em Alta,25.280000686645508,2.3734116211399092,-5.299942471139096,False,True,False,"Rompimento (vol x0.0, +2.4% do topo, MM50>MM200)"
CYRE3,BOVA11+SMALL11+AUVP11+Wishlist,BOVA11,Consumo discricionário,60.89,57.2,81.81818181818181,,,0.9,,59.79,58.04,45.38,67.12,False,39,Bandeira de alta,,,False,4,8,False,,True,,False,False,True,True,True,True,9,11,True,True,False,True,False,False,True,False,True,True,False,0.54,True,9808523264.0,6.04,1.1,8.51,7.26,18.26,15.44,7.03,20.62,9.38,3.1,6.07,3.37,0.73,0.59,43.87,16.4,5.23,3.68,1.17,56.08,39.17,19.83,35.31,37.1,-23.0,19.1,26.65,26.26,-43.8,45.3,13.4,19.83,32.0,-2.67,2.85,-12.0,-4.39,-0.14,201287265.0,14.57,26.36,47.71,-2.4,16.2,False,6,,20.3,18.3,True,2024,1.67,0.64,0.07,27.18000030517578,False,False,False,14.358048220865959,27.00239391214469,61.548387787836624,50.017951884553824,78.806485497245,30.363972014286787,41.757140202749675,4.878839803530726,,,,6,False,16.2,,,2026-11-12,2025-12-10,última,"A Cyrela (CYRE3) apresenta um panorama de investimento intrigante no setor de consumo discricionário, onde seu retorno sobre o patrimônio líquido (ROE) de 18,3% supera a média setorial de 14,1%, sugerindo forte eficiência na alocação do capital dos acionistas, embora o retorno sobre o capital investido (ROIC) de 7,0% fique bem abaixo dos 13,7% dos pares. Essa divergência de rentabilidade convive com múltiplos de preço atraentes, visto que o baixo preço sobre o lucro (P/L) de 6,04 e o preço sobre o valor patrimonial (P/VP) de 1,1 indicam uma relação de qualidade versus preço bastante favorável para o investidor. No que tange à saúde financeira, a expressiva margem líquida de 20,62% ajuda a sustentar um excelente rendimento de dividendos (DY) de 8,51%, o qual se mostra coerente com a geração de lucro, apesar de o endividamento exigir atenção, dado que a relação dívida líquida sobre EBITDA de 3,1 está ligeiramente acima da média setorial de 2,82. Quanto ao crescimento, a receita expandiu 16,4% nos últimos cinco anos, abaixo da média de 35,4% do setor, e a análise das janelas temporais mais recentes revela que o ritmo desacelerou de 20,3% em três anos para 18,3% no último ano, um sinal de alerta importante que exige cautela, assim como a variação atípica registrada em 2024, ano que merece uma checagem manual detalhada para identificar possíveis eventos contábeis não recorrentes. O checklist de critérios reforça essa postura vigilante ao aprovar apenas 4 dos 8 requisitos avaliados, refletindo os desafios na cobertura de juros e o descumprimento de limites de endividamento frente aos pares. Por outro lado, o crescimento implícito no preço atual de -2,4% ao ano, calculado via fluxo de caixa descontado reverso, aponta para um patamar extremamente conservador e fácil de ser superado pelo histórico da empresa, mesmo diante de uma desaceleração. No campo do valuation, os métodos de preço-teto mostram uma dispersão altíssima, variando desde os conservadores R$ 14,36 pelo método de Bazin até os otimistas R$ 78,81 por Lynch, o que exige do analista uma cautela extra ao utilizar essa faixa como referência de preço justo. Em suma, os prós da companhia residem no ROE robusto, na margem líquida elevada, no valuation descontado pelo P/L e no crescimento implícito conservador, enquanto os contras ficam por conta do ROIC abaixo do setor, da desaceleração recente da receita, do endividamento acima dos pares e da alta dispersão nos modelos de preço-teto.

Gatilho de falseamento: a margem líquida recuar para patamares abaixo de 15% no fechamento do ano de 2024, o que invalidaria a tese de alta rentabilidade e sustentabilidade dos dividendos apresentada.",Bandeira de alta,True,False,,,Em Alta,27.649999618530273,-1.6998167082776794,-24.531754887005995,False,True,False,"Bandeira de alta — mastro +35%, recuo 16%, bandeira 7d (candidato)"
MULT3,BOVA11+SMALL11,BOVA11,Imobiliário,60.59,60.05,63.63636363636363,,,0.8,,86.07,35.31,43.29,38.36,False,40,Bandeira de alta,,,False,7,8,False,,True,,False,False,True,True,True,True,7,11,True,True,True,True,True,True,True,False,True,True,True,0.74,True,15517480960.0,11.74,2.41,2.77,3.71,20.52,17.07,18.7,43.42,8.44,2.13,1.56,1.64,0.75,1.01,43.55,62.0,12.15,10.89,0.29,52.11,47.88,25.88,35.12,22.6,-9.7,9.8,29.0,29.4,-25.0,28.0,19.6,26.35,35.12,3.53,1.76,2.0,-2.81,0.12,142161046.0,25.28,36.22,51.89,4.8,4.8,True,7,,15.1,7.6,True,,1.26,0.79,0.05,31.719999313354492,False,False,False,8.556962990091128,16.09261104265525,36.954662056554106,28.286672258019752,41.32097756262203,26.178654177548665,27.380444704773357,29.156935677249315,29.338708211346074,28.286672258019752,25.458005032217777,7,True,4.8,-19.741470418318517,-7.507223056609169,2026-10-29,2026-10-01,próxima,"A Multiplan (MULT3) apresenta uma sólida eficiência operacional no setor imobiliário, com um retorno sobre o patrimônio líquido de 20,5% e um retorno sobre o capital investido de 18,7%, ambos posicionados acima da média dos seus pares setoriais de 16,2% e 9,4%, respectivamente, o que sugere uma forte capacidade de geração de valor. Essa elevada qualidade técnica, contudo, convive com múltiplos de preço que demandam atenção, pois o indicador preço sobre lucro de 11,74 e a relação preço sobre valor patrimonial de 2,41 revelam que o mercado cobra um prêmio por essa eficiência, não configurando uma barganha óbvia. No âmbito financeiro, a excelente rentabilidade é acompanhada por um endividamento sob controle, visto que a relação entre dívida líquida e Ebitda de 2,13 vezes está muito abaixo da média do setor de 18,46 vezes, enquanto a liquidez corrente de 1,64 assegura a saúde de curto prazo. Por outro lado, o retorno em dividendos de 2,77% mostra-se tímido, indicando que o fluxo de proventos atual é modesto frente ao lucro e ao reinvestimento, embora seja sustentável diante da estrutura de capital equilibrada. No campo do crescimento, o avanço histórico da receita em cinco anos de 62,0% supera com folga a média setorial de 8,6%, mas a análise detalhada das janelas temporais de três anos para um ano, que caíram de 15,1% para 7,6%, revela que a companhia está explicitamente desacelerando, um sinal de alerta que exige monitoramento atento. Essa perda de ritmo torna o crescimento implícito de 4,8% ao ano embutido no preço atual um patamar exigente, especialmente porque o histórico recente mostra uma rápida convergência para patamares de um dígito. Diante disso, o checklist de critérios fundamentalistas mostra-se robusto ao atender sete de oito requisitos, falhando apenas na questão das transações de insiders, sendo que a expressiva variação histórica da receita sugere que os anos de forte expansão merecem uma checagem manual para identificar eventuais efeitos não recorrentes. Quanto ao valuation, a ampla dispersão entre os métodos de preço-teto, que variam desde os conservadores R$ 8,56 por Bazin até R$ 41,32 por Lynch, resulta em uma média de R$ 29,34 e um valor ajustado com margem de segurança de R$ 25,46, o que aponta para um potencial de queda de 19,7% em relação ao preço atual de R$ 31,72. Em balanço, o ativo destaca-se positivamente pela rentabilidade muito acima dos pares, margem líquida robusta de 43,42% e alavancagem segura, mas traz como pontos negativos a clara desaceleração do crescimento de receita, o baixo retorno em dividendos e um preço de tela que já consome a margem de segurança calculada.

Gatilho de falseamento: margem líquida abaixo de 40% no próximo resultado trimestral divulgado pela companhia.",Bandeira de alta,False,False,,,Em Alta,31.520000457763672,0.6345141265426513,-10.086032514459864,True,True,True,"Bandeira de alta — mastro +20%, recuo 24%, bandeira 7d (candidato)"
ISAE4,BOVA11+DIVO11,BOVA11,Serviços públicos,59.7,59.0,63.63636363636363,,,0.1,,59.77,49.35,60.47,76.71,True,41,Não,,,False,5,8,False,,True,,False,False,True,True,True,True,7,11,False,True,False,True,True,False,True,True,True,True,True,0.67,True,19468992512.0,6.89,0.88,6.28,8.95,12.71,14.91,9.63,26.39,7.6,3.41,4.87,5.28,0.79,1.41,61.67,220.0,9.09,6.2,0.28,54.58,44.81,22.35,31.63,23.5,-12.8,0.6,27.26,26.99,-19.9,24.8,5.9,25.09,31.63,-10.17,1.56,18.3,-2.3,0.34,74267317.0,24.3,33.43,46.01,-0.7,3.1,True,8,,20.0,18.1,True,,0.98,0.69,0.06,27.59000015258789,False,False,False,17.96134062619924,29.170151692626607,47.296578161483694,53.148622732281765,55.350128568491485,42.52098865046374,23.37546151525483,34.37056056743034,37.89922906427896,38.44577460894704,34.601197148052336,8,True,3.1,25.412094804960738,37.365816798388394,n/d,2026-04-20,última,,,False,False,,,Em Alta,28.079999923706055,-1.745013434649234,-13.898034926378887,True,False,False,sem sinal (Em Alta)
KEPL3,SMALL11+DIVO11+Wishlist,SMALL11,Bens Industriais,59.43,63.5,36.36363636363637,,,0.7,,63.51,48.18,65.38,97.95,False,42,Não,Bandeira de alta,"Bandeira de alta (pré-confirmação) — pescoço R$6.50, preço 0.2% acima do pescoço; falta fechar acima e segurar",False,5,8,False,,True,,False,False,True,True,False,False,4,11,True,True,False,False,False,True,True,True,True,True,True,-0.02,True,1127907328.0,8.37,1.47,4.43,16.78,17.52,36.22,12.97,9.71,6.67,-0.07,-0.07,2.04,0.43,,140.44,-56.2,13.33,6.76,1.34,48.81,51.19,5.69,10.45,14.4,-37.7,0.0,7.7,7.89,-45.6,35.2,-34.1,5.69,10.45,-50.17,2.22,-7.9,-3.04,-0.46,7725181.0,3.8,5.98,9.41,1.6,5.5,True,6,,-6.4,-7.3,True,,0.95,0.47,-0.02,6.510000228881836,False,False,False,7.94415697213311,11.65143022579523,8.296296587981631,8.80340874034414,,8.87647993724503,2.1155556299353164,5.911132553842155,8.580484169556883,8.549852664162886,7.694867397746598,6,True,5.5,18.200723920224426,31.804667709369273,n/d,2025-12-16,última,"A Kepler Weber (KEPL3) apresenta-se como um ativo de contrastes interessantes no setor de bens industriais, onde seu retorno sobre o patrimônio líquido de 17,5% supera confortavelmente a média setorial de 10,8%, sugerindo forte eficiência na alocação do capital dos acionistas, embora o retorno sobre o capital investido de 13,0% fique ligeiramente abaixo dos pares de 13,3%. Essa sólida rentabilidade convive com múltiplos de preço atraentes, visto que o indicador preço sobre lucro de 8,37 e o preço sobre valor patrimonial de 1,47 indicam que a qualidade da empresa não está sendo negociada a patamares excessivos. No âmbito financeiro, a excelente relação entre rentabilidade e endividamento é evidenciada pela relação dívida líquida sobre ebitda negativa de -0,07, muito abaixo da média setorial de 2,38, o que, somado a uma liquidez corrente de 2,04, confere extrema segurança ao balanço. Essa estrutura de capital desalavancada suporta um rendimento de dividendos de 4,43% que se mostra sustentável frente à geração de caixa, embora o investidor deva monitorar a margem líquida de 9,71% para garantir a perenidade desses proventos. Por outro lado, o crescimento da receita acende um forte sinal de alerta, pois a taxa de crescimento anual composta de cinco anos de -56,2% situa-se muito abaixo dos pares e, mais grave ainda, a análise por janelas temporais mostra uma clara trajetória de desaceleração, caindo de -6,4% em três anos para -7,3% no último ano. Diante dessa retração histórica, o crescimento implícito de 1,6% ao ano embutido no preço atual pelo fluxo de caixa descontado reverso revela-se um patamar bastante conservador e de fácil superação, caso a empresa estabilize suas operações. Adicionalmente, a expressiva variação negativa de longo prazo sugere que os anos anteriores contêm oscilações atípicas que merecem uma checagem manual detalhada para identificar possíveis eventos não recorrentes. Sob a ótica do valuation, a faixa de preço-teto estimada aponta para uma média de 8,58 reais e mediana de 8,55 reais, com o método de Gordon projetando otimistas 11,65 reais e o fluxo de caixa descontado sugerindo 8,30 reais, o que resulta em uma dispersão moderada e confere um potencial de valorização de 18,2% frente ao preço-teto ajustado de 7,69 reais. No checklist de critérios fundamentalistas, a companhia atende a 5 de 8 requisitos, confirmando sua solidez financeira e governança, mas falhando em métricas de crescimento e margem. Em balanço, a Kepler Weber destaca-se positivamente por sua saúde financeira impecável, valuation descontado e rentabilidade superior à média, mas traz como contrapartida uma preocupante contração histórica de receita e margens abaixo do ideal para o setor.

Gatilho de falseamento: o retorno sobre o patrimônio líquido recuar para menos de 10,8% no fechamento anual, igualando-se à média do setor e invalidando a tese de rentabilidade superior da empresa.",,True,False,,,Lateral,6.769999980926514,-3.840469021819637,-37.99999782017299,False,False,False,sem sinal (Lateral)
BBDC3,BOVA11+DIVO11+AUVP11,BOVA11,Produtos financeiros,59.38,58.09,66.66666666666667,15.65,,0.4,,47.03,64.41,66.43,75.34,False,43,Bandeira de alta,,,False,3,6,False,,True,,False,False,True,,True,True,6,9,True,False,False,,True,,True,False,True,True,True,,True,171756437504.0,6.94,0.98,7.05,8.73,14.13,11.35,0.0,26.07,,,,,,1.25,60.62,17.8,,1.07,,92.32,7.66,13.36,17.94,21.4,-9.6,5.4,15.47,15.58,-22.4,23.9,8.6,13.91,17.94,-7.47,1.51,10.6,-2.2,0.22,121420471.0,14.04,19.07,25.91,-0.6,2.9,True,4,,2.7,11.9,False,,1.14,0.84,-0.03,16.219999313354492,False,False,True,10.303572970439228,18.271577784575022,30.142332958403976,29.50185454666971,33.41987774592796,25.35811013456904,14.680790344203553,,21.018898461996816,21.81484395957203,19.633359563614828,4,True,2.9,21.04414546707161,29.586309197258863,2026-11-04,2026-10-02,próxima,"A análise fundamentalista do Bradesco (BBDC3) revela uma interessante assimetria entre a qualidade atual do negócio e o seu preço de tela, uma vez que o retorno sobre o patrimônio líquido (ROE) de 14,1% e o retorno sobre o capital investido (ROIC) de 0,0% situam-se abaixo dos pares do setor de produtos financeiros (18,4% e 2,2%, respectivamente), mas convivem com múltiplos descontados, evidenciados pelo preço sobre lucro (P/L) de 6,94 e preço sobre valor patrimonial (P/VP) de 0,98. Essa rentabilidade abaixo da média setorial é compensada por uma robusta margem líquida de 26,07% e por um dividendo atraente, com dividend yield de 7,05% que se mostra sustentável diante da geração de lucros, embora o checklist aponte que a companhia atende a apenas 3 de 6 critérios de seleção, falhando justamente na comparação do ROE e ROIC contra o setor e na presença de vendas de insiders. No campo do crescimento, a receita expandiu a uma taxa anual média (CAGR) de 17,8% nos últimos 5 anos, superando a média setorial de 12,7%, contudo, a análise detalhada por janelas temporais mostra uma variação atípica de 2,7% em 3 anos e 11,9% em 1 ano, o que indica uma trajetória que está DESACELERANDO frente ao histórico mais longo e que merece uma checagem manual minuciosa para compreender essas oscilações. O valuation aponta para uma expressiva dispersão entre os métodos de cálculo do preço-teto, variando desde os conservadores R$ 10,30 pelo método de Bazin até os otimistas R$ 33,42 por Lynch, resultando em uma média de R$ 21,02 e um preço-teto ajustado com margem de segurança de R$ 19,63, o que confere um upside de 21,0% frente à cotação atual de R$ 16,22. Adicionalmente, o crescimento implícito no preço atual medido pelo fluxo de caixa descontado reverso é de -0,6% ao ano, um patamar extremamente conservador e fácil de ser superado se considerarmos o histórico de expansão da instituição financeira. Como prós, destacam-se o valuation bastante descontado em relação ao valor patrimonial, o dividendo robusto e o crescimento implícito negativo que embute baixa expectativa; como contras, pesam a rentabilidade abaixo dos pares setoriais, a desaceleração recente do crescimento de receita e o sinal de alerta emitido pelas transações de insiders.

Gatilho de falseamento: ROE abaixo de 14,1% no fechamento anual.",Bandeira de alta,False,False,,,Em Alta,16.31999969482422,-0.6127474469343364,-10.730396186079872,True,True,True,"Bandeira de alta — mastro +18%, recuo 34%, bandeira 7d (candidato)"
CYRE4,AUVP11,SMALL11,Consumer Cyclical,59.27,52.08,100.0,,,0.9,,59.79,63.57,45.38,2.05,False,44,Não,Bandeira de alta,"Bandeira de alta (pré-confirmação) — pescoço R$25.55, preço 0.3% acima do pescoço; falta fechar acima e segurar",False,5,7,False,,True,,,,True,True,True,True,9,9,True,True,True,True,True,False,,False,True,True,False,0.55,True,,5.7,1.04,0.0,0.0,18.26,15.44,7.03,20.62,8.99,3.1,6.07,3.37,0.73,0.38,,16.4,,3.68,1.17,56.08,39.17,18.14,30.16,41.2,-15.1,19.6,21.85,23.0,-39.9,47.8,-12.7,18.14,30.16,-28.77,3.01,,-4.78,-0.5,7182893.0,11.17,20.64,38.16,-3.2,6.5,True,4,,20.3,18.3,True,2024,1.71,0.64,0.18,25.6200008392334,,False,False,,,61.47640269289734,49.913301972766696,67.42105484008789,,55.37515970865885,10.430798973947129,58.54647980360269,58.42578120077809,52.58320308070028,4,True,6.5,105.24278438030557,128.5186490468301,n/d,n/d,,,,False,False,,,Em Alta,25.90999984741211,-1.1192551520129657,-16.274508105078457,False,False,False,sem sinal (Em Alta)
ITUB4,BOVA11+DIVO11+AUVP11,BOVA11,Produtos financeiros,59.01,55.7,77.77777777777777,15.95,,0.4,,58.07,35.11,70.71,66.44,False,45,Rompimento,,,False,3,6,False,,True,,False,False,True,,True,True,7,9,True,True,False,,False,,True,False,True,True,True,,True,488048492544.0,10.48,2.35,6.99,7.17,22.45,19.06,0.0,32.58,,,,,,1.88,75.13,8.1,8.74,1.58,,92.99,6.67,33.37,48.38,32.7,-8.5,8.1,40.78,40.41,-22.5,24.5,15.5,37.49,48.38,-0.57,1.54,14.8,-2.45,0.56,972042616.0,41.31,56.52,77.33,3.8,2.4,True,4,,6.6,4.2,True,,1.19,0.85,0.05,44.279998779296875,False,False,True,23.086382650330123,41.04030366730238,54.62586100194905,42.32376426915636,53.88061702546581,44.39348209762952,26.59060151431171,,40.78650735430277,42.716892882465956,38.445203594219365,4,True,2.4,-13.177044593338083,-7.889547247746287,n/d,2026-10-01,próxima,"O Itaú Unibanco (ITUB4) apresenta uma sólida eficiência operacional traduzida em um ROE de 22,4%, patamar que se posiciona acima da média do setor de 18,4% e sugere forte capacidade de gerar valor sobre o patrimônio líquido dos acionistas. Essa alta rentabilidade, contudo, convive com múltiplos de preço esticados, visto que o P/L de 10,48 e o P/VP de 2,35 indicam que o mercado cobra um prêmio pela qualidade do ativo, enquanto o ROIC reportado em 0,0% fica abaixo dos pares de 2,2% devido às especificidades da estrutura de capital de grandes bancos. No quesito proventos, o dividend yield de 6,99% mostra-se coerente com a robusta margem líquida de 32,58%, garantindo a sustentabilidade dos pagamentos mesmo diante de uma alavancagem financeira típica do segmento de produtos financeiros. Por outro lado, o crescimento de longo prazo acende um sinal de alerta, pois o CAGR de receita de 5 anos de 8,1% situa-se abaixo da média setorial de 12,7%. Ao analisarmos as janelas temporais mais recentes de crescimento de receita, que passaram de 6,6% em três anos para 4,2% no último ano, fica evidente que o papel vem desacelerando, o que exige cautela do investidor e uma checagem manual detalhada sobre a dinâmica operacional recente. Diante disso, o crescimento implícito de 3,8% ao ano embutido no preço atual pelo fluxo de caixa descontado reverso parece um patamar conservador e perfeitamente atingível quando comparado ao histórico da companhia. No que tange ao valuation, as estimativas de preço-teto revelam uma dispersão relevante entre os métodos, variando desde os conservadores R$ 23,09 de Bazin até os otimistas R$ 54,63 do fluxo de caixa descontado, resultando em uma média de R$ 40,79 e uma mediana de R$ 42,72. Como o preço atual de R$ 44,28 está acima do valor ajustado com margem de segurança de R$ 38,45, há um upside negativo de 13,2% contra essa métrica de referência, confirmando o diagnóstico do checklist de critérios que atendeu apenas 3 de 6 requisitos possíveis. Em balanço, o ativo destaca-se positivamente pelo ROE superior ao setor, margem líquida robusta e distribuição consistente de dividendos, mas traz como contrapartidas a desaceleração evidente no crescimento de receita, múltiplos de valuation pressionados e um preço de tela que já consome a margem de segurança recomendada.

Gatilho de falseamento: ROE abaixo de 18,4% no fechamento anual.",Rompimento,False,False,,,Em Alta,43.18000030517578,2.5474721314192372,-9.032272200098168,True,True,True,"Rompimento (vol x0.0, +2.5% do topo, MM50>MM200)"
ITSA4,BOVA11+DIVO11+AUVP11+Wishlist,BOVA11,Financial Services,58.7,56.7,70.0,,,0.4,,60.95,39.41,,80.82,False,46,Rompimento,,,False,5,6,False,,True,,False,False,True,,True,True,7,10,True,True,True,,True,,True,False,True,True,True,,True,163627319296.0,9.01,1.75,7.72,9.45,19.36,17.48,0.38,214.29,,,,,,3.13,85.14,28.4,7.7,0.38,0.64,16.02,79.82,9.78,14.79,49.3,-1.3,10.1,13.01,12.61,-17.7,24.6,28.7,11.35,14.79,12.63,1.55,29.7,-2.3,1.04,334908732.0,15.32,21.0,28.78,2.4,1.7,True,4,,-0.9,0.2,False,,1.23,0.88,0.08,14.600000381469727,False,False,True,10.034221781906172,13.05297030731063,15.33031336344081,17.440651591305983,19.973314145585057,17.00923236052688,7.39011854005827,,13.856684453296124,14.19164183537572,12.772477651838148,4,True,1.7,-12.517278643027051,-5.091204854467102,n/d,2026-12-01,próxima,"A Itaúsa (ITSA4) apresenta-se como uma holding financeira robusta, ostentando um ROE de 19,4% e um ROIC de 0,4% que, embora baixos em termos absolutos no caso do retorno sobre o capital investido devido à sua estrutura de holding, posicionam-se acima dos pares do setor (médias de 18,8% e 0,1%, respectivamente). Essa sólida qualidade contrasta com múltiplos de preço moderados, onde o P/L de 9,01 e o P/VP de 1,75 sugerem uma avaliação racional, embora o PEG de 3,13 indique que o mercado já cobra um prêmio pelo crescimento futuro. A rentabilidade da companhia é extremamente elevada, evidenciada por uma margem líquida de 214,29% decorrente do método de equivalência patrimonial, enquanto o endividamento não se mostra um gargalo, permitindo que o dividend yield de 7,72% se mostre sustentável e coerente com a forte geração de lucros das investidas. No campo do crescimento, o CAGR de receita de 5 anos de 28,4% supera a média setorial de 20,8%, mas a análise das janelas temporais de 3 anos (-0,9%) e de 1 ano (0,2%) revela que o indicador está explicitamente desacelerando, um sinal de alerta importante que a média de longo prazo costuma ocultar. Diante disso, o crescimento implícito de 2,4% ao ano embutido no preço atual pelo fluxo de caixa descontado reverso parece um patamar bastante conservador e perfeitamente atingível frente ao histórico da empresa. O checklist de critérios confirma essa solidez ao atender 5 de 6 requisitos possíveis, pecando apenas pela presença de vendas de ações por parte de insiders. Quanto ao valuation, a média dos preços-teto calculados resulta em R$ 13,86 e a mediana em R$ 14,19, expondo uma dispersão relevante entre a abordagem conservadora de Bazin (R$ 10,03) e a otimista de Lynch (R$ 19,97), o que deixa o preço atual de R$ 14,60 com um upside negativo de 12,5% contra o preço-teto ajustado com margem de segurança (R$ 12,77). Como prós, destacam-se a alta rentabilidade comparativa, o robusto histórico de dividendos e o crescimento implícito conservador; como contras, pesam a clara desaceleração recente das receitas, a venda de papéis por insiders e a ausência de margem de segurança no preço atual.

Gatilho de falseamento: o ROE consolidado da Itaúsa cair abaixo de 18,8% no fechamento do próximo ano fiscal, o que anularia sua vantagem competitiva de rentabilidade frente à média atual do setor.",Rompimento,True,False,,,Em Alta,14.380000114440918,1.5299044873294365,-2.8121035254563553,True,True,True,"Rompimento (vol x0.0, +1.5% do topo, MM50>MM200)"
BMGB4,DIVO11,SMALL11,Financial Services,58.59,57.16,66.66666666666667,12.81,,0.4,,49.02,81.92,25.86,94.52,False,47,Não,Bandeira de alta,"Bandeira de alta (pré-confirmação) — pescoço R$6.13, preço 4.1% acima do pescoço; falta fechar acima e segurar",False,3,6,False,,True,,False,False,True,,True,True,6,9,True,False,False,,True,,True,False,True,False,True,,True,4098842880.0,6.62,0.96,8.03,15.41,14.47,7.04,0.0,30.16,,,,,,0.25,102.01,26.0,6.04,1.27,,91.8,7.94,3.43,6.38,86.0,0.0,20.4,4.88,4.78,-15.1,32.9,33.6,4.53,6.38,17.53,2.07,54.8,-2.61,1.52,8797289.0,7.49,11.42,17.41,-1.2,2.6,True,4,,8.1,-1.8,True,,0.96,0.51,0.02,6.380000114440918,False,False,False,7.150010399062341,13.446632460172081,13.181561487783592,12.004590066403134,28.91238722556307,18.753515594745554,11.873353687297902,,13.132929985440892,13.314096973977836,11.982687276580053,4,True,2.6,87.81641162447065,105.84529388510421,n/d,n/d,,,,False,False,,,Em Alta,6.170000076293945,3.403566216373699,2.5723525666604186,False,False,False,sem sinal (Em Alta)
ALUP11,SMALL11,SMALL11,Serviços públicos,58.29,55.74,72.72727272727273,,,0.1,,59.66,54.72,52.1,47.95,True,48,Não,,,False,7,8,False,,True,,False,False,True,False,True,True,8,11,True,True,True,True,True,False,True,True,True,True,True,0.81,True,15473089536.0,7.73,1.11,3.32,4.76,14.38,12.27,10.21,27.68,6.23,3.48,4.68,3.17,1.11,0.85,36.78,176.5,11.73,5.7,0.32,60.84,28.54,29.74,36.3,9.4,-10.4,0.4,32.7,32.8,-15.6,21.5,3.1,30.63,36.3,-12.97,1.35,6.7,-2.04,-0.25,34676997.0,26.29,34.61,45.56,0.7,5.4,True,7,,4.7,9.9,False,,0.84,0.68,0.06,32.529998779296875,False,False,False,11.255730398037956,21.168034909858477,57.55840037733953,52.67736826397652,58.28117568876029,28.139484055836135,35.9327039514086,60.90702304017556,44.95202718390787,52.67736826397652,47.40963143757887,7,True,5.4,45.741264115115385,38.18637833001326,n/d,n/d,,,,False,False,,,Lateral,33.9900016784668,-4.295389311777697,-11.183901430079601,False,False,False,sem sinal (Lateral)
ABEV3,BOVA11+AUVP11,BOVA11,Bens de primeira necessidade,58.15,58.79,54.54545454545455,,,0.0,,78.02,21.18,65.88,52.05,True,49,Pivô de alta,,,False,7,8,False,,True,,False,False,True,True,True,True,6,11,True,True,True,True,True,True,True,False,True,True,True,-0.17,True,236797231104.0,14.64,2.69,5.61,5.55,18.4,17.07,20.62,18.41,8.28,-0.57,-0.38,1.02,0.03,4.24,81.24,24.6,13.74,10.3,0.81,38.81,60.59,11.01,16.83,39.5,-8.7,-2.2,15.18,14.61,-13.6,25.4,13.4,13.54,16.83,-2.67,1.6,28.8,-1.96,0.65,380508385.0,14.68,20.15,27.67,6.5,2.9,True,8,,3.4,-1.4,True,,0.67,0.46,0.03,15.359999656677246,False,False,True,6.198691182526711,8.562665268945233,10.5403831392069,11.610095355524173,9.444087089806027,15.126511139401376,5.171996930093826,11.058080899386232,9.71406387561131,9.992235114506464,8.993011603055818,8,True,2.9,-41.45174606728324,-36.75739522957316,2026-10-29,2026-09-22,última,"A Ambev apresenta uma sólida estrutura operacional no setor de bens de primeira necessidade, destacando-se por uma rentabilidade excepcional com ROE de 18,4% e ROIC de 20,6%, ambos significativamente acima da média dos seus pares setoriais, que registram 9,4% e 11,0%, respectivamente. Essa elevada qualidade operacional, contudo, convive com múltiplos de preço que sugerem que o mercado cobra um prêmio pelo papel, evidenciado pelo P/L de 14,64 e pelo P/VP de 2,69, indicando que a alta eficiência não se traduz em um valuation descontado. No âmbito financeiro, a companhia demonstra extrema solidez ao combinar essa forte rentabilidade com um endividamento virtualmente inexistente, refletido na relação Dívida Líquida/EBITDA de -0,57, patamar muito abaixo da média do setor de 3,29, o que confere grande segurança ao balanço. O dividendo distribuído, com um dividend yield de 5,61%, mostra-se sustentável e coerente com a robusta geração de caixa e a ausência de alavancagem financeira relevante. Embora o crescimento histórico de receita em cinco anos de 24,6% supere com folga a média setorial negativa de -14,2%, a análise das janelas temporais mais recentes revela que a receita está desacelerando, passando de 3,4% em três anos para uma retração de -1,4% no último ano, um sinal de alerta importante que exige monitoramento e cuja variação atípica recente merece checagem manual detalhada. Diante desse cenário de desaceleração, o crescimento implícito de 6,5% ao ano embutido no preço atual via fluxo de caixa descontado reverso parece um patamar exigente frente ao histórico recente de perda de tração na receita. Essa desconexão entre o preço de tela e os fundamentos de valor fica evidente na análise dos preços-teto, onde a média dos métodos de avaliação se situa em R$ 9,71 e a mediana em R$ 9,99, revelando uma dispersão que vai desde R$ 6,20 pelo método de Bazin até R$ 11,61 por Graham, o que resulta em um upside negativo de -41,5% contra o preço-teto ajustado de R$ 8,99. O checklist de critérios reforça a qualidade da empresa ao atender 7 de 8 requisitos, falhando apenas na questão de vendas de insiders, enquanto os indicadores técnicos apontam para uma tendência de alta com pivô de alta traçado. Em balanço, os prós residem na rentabilidade muito acima do setor, na excelente saúde financeira com caixa líquido e no forte histórico operacional, ao passo que os contras concentram-se na clara desaceleração recente da receita e em um valuation esticado que oferece margem de segurança negativa perante os modelos clássicos de precificação.

Gatilho de falseamento: a leitura de que a empresa mantém sua alta qualidade operacional e resiliência será provada errada se o ROIC apresentar queda e fechar o próximo ano abaixo de 11,0%, igualando-se à média atual do setor.",Pivô de alta,False,False,,,Em Alta,15.796998023986816,-2.7663380513564317,-9.190447207184771,True,True,True,Pivô de alta
CPFE3,BOVA11+DIVO11+AUVP11,BOVA11,Serviços públicos,57.91,58.5,54.54545454545455,,,0.1,,76.13,44.43,30.08,71.23,True,50,Não,,,False,6,8,False,,True,,False,False,True,False,True,True,6,11,True,True,True,False,False,True,True,True,True,True,True,1.44,True,52439097344.0,8.73,2.31,8.2,8.31,26.43,27.84,15.57,13.16,5.74,2.35,2.07,0.92,1.55,1.2,72.57,21.5,10.99,8.79,0.29,71.02,27.73,35.09,52.32,29.7,-13.0,1.7,45.15,44.78,-21.6,25.6,-8.6,40.99,52.32,-24.67,1.61,24.9,-2.55,0.51,84632781.0,41.44,57.53,79.89,2.1,3.1,True,8,,4.1,4.1,False,,0.97,0.66,0.04,45.5099983215332,False,False,True,27.51228793520793,51.74085118137491,71.30118349159397,48.071200354323906,81.13067691069631,62.073285067820954,38.37026112716874,84.29473808886272,58.06181051963118,56.90706812459793,51.21636131213813,8,True,3.1,12.538701826110476,27.580339839650247,2026-11-12,2026-04-30,última,,,False,False,,,Em Alta,46.439998626708984,-2.002584695687115,-14.118850311792864,True,False,False,sem sinal (Em Alta)
RECV3,SMALL11+DIVO11,SMALL11,Energia,57.86,61.65,36.36363636363637,,,0.9,,52.87,72.77,54.85,86.99,False,51,Não,,,False,3,8,False,,True,,False,False,True,True,False,False,4,11,False,False,False,True,False,True,True,False,True,True,True,0.36,True,3131454208.0,6.27,0.71,15.98,10.71,11.26,17.76,10.15,16.73,3.29,1.18,1.6,2.91,0.72,1.69,67.13,-14.8,6.51,5.06,0.52,50.04,49.96,8.89,13.47,20.0,-20.8,1.6,10.52,10.69,-31.9,32.3,13.4,9.17,13.47,-2.67,2.04,1.9,-3.18,-0.39,23923718.0,6.77,10.25,15.52,-1.9,3.0,True,8,,2.0,-3.3,True,,0.72,0.39,0.08,10.670000076293945,False,False,False,8.307936145533256,11.789033840034342,17.56221331733719,23.987928010054226,24.5181505995445,21.02779685442522,8.660127089741474,10.164305730380935,15.752186448381392,14.675623578685766,13.20806122081719,8,True,3.0,23.786889656750574,47.630612331285604,n/d,n/d,,,,False,False,,,Lateral,11.710000038146973,-8.88129768117063,-22.616001713554567,False,False,False,sem sinal (Lateral)
EZTC3,SMALL11+DIVO11+AUVP11,SMALL11,Consumo discricionário,57.22,54.48,72.72727272727273,,,0.9,,49.72,52.64,67.67,54.11,False,52,Bandeira de alta,,,False,3,8,False,,True,,False,False,True,True,False,True,8,11,False,False,False,True,False,True,True,False,True,False,True,0.0,True,3885800192.0,7.32,0.74,7.14,5.69,10.15,7.87,5.14,36.95,12.4,0.07,0.17,3.06,0.34,1.24,41.66,-22.5,6.1,2.75,2.48,28.86,69.9,10.21,16.23,37.2,-13.7,13.1,13.37,13.4,-37.1,39.0,4.0,10.21,15.91,-12.07,2.46,9.5,-3.76,0.23,47195700.0,9.88,16.28,26.8,0.1,6.0,True,7,,10.2,-4.0,True,,1.33,0.6,0.08,14.010000228881836,False,False,False,5.798774592908912,10.788209734583397,25.896288026694897,28.553411289104297,22.22602687211141,14.15785591454941,12.45935449391089,4.727837414886398,17.12570298912332,14.15785591454941,12.742070323094469,7,True,6.0,-9.050177623648503,22.23913425653208,n/d,n/d,,,Bandeira de alta,False,False,,,Em Alta,13.819999694824219,1.374822997490921,-14.799281508832795,False,True,False,"Bandeira de alta — mastro +35%, recuo 12%, bandeira 7d (candidato)"
SANB11,BOVA11+Wishlist,BOVA11,Produtos financeiros,57.21,57.5,55.55555555555556,14.99,,0.4,,50.57,66.27,57.0,67.81,False,53,Não,,,False,3,6,False,,True,,True,False,True,,True,False,5,9,True,False,False,,True,,True,False,True,True,True,,True,154487554048.0,6.96,1.09,8.03,7.32,15.69,10.65,0.0,28.66,,,,,,0.9,50.92,49.8,6.57,1.11,,90.04,9.86,25.1,36.14,14.6,-20.5,3.4,29.54,29.46,-30.6,31.1,-9.7,25.1,36.14,-25.77,1.96,8.3,-2.7,-0.1,81038992.0,20.57,30.52,45.29,-0.5,3.7,True,4,,2.6,-3.8,True,,1.08,0.61,-0.01,28.75,True,False,False,15.296692426180522,28.76765059504272,56.497960697070816,49.51208774117406,62.030479335112204,36.726027541618365,31.594493362059666,,34.3220828149781,32.746839068330544,29.47215516149749,4,True,3.7,2.5118440399912734,19.381157617315136,n/d,2026-07-22,última,"O papel SANB11 apresenta um perfil de investimento equilibrado no setor de produtos financeiros, onde seu retorno sobre o patrimônio líquido de 15,7% e o retorno sobre o capital investido de 0,0% situam-se abaixo das médias setoriais de 18,4% e 2,2%, respectivamente, sugerindo que a instituição enfrenta desafios para otimizar sua rentabilidade frente aos pares. Essa rentabilidade mais contida convive com múltiplos de preço descontados, evidenciados pelo preço sobre lucro de 6,96 e preço sobre valor patrimonial de 1,09, indicando que o mercado já precifica essa menor eficiência relativa com um valuation atraente. O dividendo distribuído de 8,03% mostra-se coerente e sustentável diante de uma robusta margem líquida de 28,66%, suportando o retorno ao acionista mesmo em um cenário onde as métricas de endividamento tradicionais não se aplicam diretamente ao modelo bancário. No campo do crescimento, embora o indicador composto de receita nos últimos cinco anos de 49,8% supere com folga a média setorial de 12,7%, a análise das janelas temporais revela que a receita variou de inexistente em cinco anos para 2,6% em três anos e contraiu para negativos 3,8% no último ano, um sinal explícito de desaceleração que exige atenção do investidor. Essa variação atípica recente, especialmente a forte queda no último ano, merece uma checagem manual detalhada para identificar se decorre de eventos contábeis pontuais ou de uma deterioração operacional estrutural. O checklist de critérios reflete essa dualidade ao aprovar apenas três dos seis requisitos avaliados, confirmando que a empresa atende a premissas básicas como tamanho de mercado e retorno mínimo frente à taxa básica de juros, mas falha na comparação direta de eficiência com seus pares. Quanto ao valuation, o preço atual de R$ 28,75 encontra-se muito próximo do crescimento implícito de negativos 0,5% ao ano calculado pelo fluxo de caixa descontado reverso, o que se configura como um patamar bastante conservador e de baixo risco de execução frente ao histórico da companhia. As estimativas de preço-teto revelam uma dispersão acentuada entre os métodos, variando desde os conservadores R$ 15,30 de Bazin até os otimistas R$ 62,03 de Lynch, resultando em uma média de R$ 34,32 e um preço ajustado com margem de segurança de R$ 29,47, o que confere um upside limitado de 2,5% contra a cotação de tela. Como prós, destacam-se o valuation descontado pelo preço sobre lucro, o rendimento de dividendos atrativo e a meta de crescimento implícito bastante conservadora; como contras, pesam a clara desaceleração recente das receitas, a rentabilidade abaixo da média do setor e o sinal gráfico em tendência de baixa.

Gatilho de falseamento: retorno sobre o patrimônio líquido abaixo de 15,0% no fechamento do próximo ano.",,True,False,,,Em Baixa,30.6200008392334,-6.107122103136476,-21.144472643671275,True,False,False,sem sinal (Em Baixa; sem novo topo (-6.1%))
ITUB3,DIVO11+AUVP11,SMALL11,Financial Services,57.16,53.52,77.77777777777777,15.95,,0.4,,58.07,24.76,70.71,70.55,False,54,Rompimento,,,False,3,6,False,,True,,False,False,True,,True,True,7,9,True,True,False,,False,,True,False,True,True,True,,True,534230171648.0,11.47,2.57,6.39,8.3,22.45,19.06,0.0,32.58,,,,,,10.54,95.15,8.1,,1.58,,92.99,6.67,29.38,48.47,65.0,0.0,11.6,41.19,39.81,-15.9,24.4,36.2,35.58,48.47,20.13,1.54,41.7,-2.59,1.45,75788836.0,56.25,76.89,105.09,4.6,1.5,True,4,,6.6,4.2,True,,1.12,0.8,0.08,48.470001220703125,False,False,False,29.243731162690185,32.10200818554938,33.736990042135886,42.34635354777414,39.65439781109184,42.503361545899395,14.43666717875343,,34.39652273406871,32.91949911384263,29.627549202458372,4,True,1.5,-38.87446161275632,-29.035440751388244,n/d,n/d,,,Rompimento,False,False,,,Em Alta,47.279998779296875,2.5169257024755476,1.3592671058700656,False,True,False,"Rompimento (vol x0.0, +2.5% do topo, MM50>MM200)"
BBDC4,BOVA11+DIVO11+AUVP11+Wishlist,BOVA11,Produtos financeiros,57.09,55.4,66.66666666666667,15.65,,0.4,,47.03,55.01,66.43,71.92,False,55,Bandeira de alta,,,False,3,6,False,,True,,False,False,True,,True,True,6,9,True,False,False,,True,,True,False,True,True,True,,True,196005658624.0,7.92,1.12,6.8,8.36,14.13,11.35,0.0,26.07,,,,,,1.66,66.25,17.8,6.31,1.07,,92.32,7.66,15.64,20.87,18.3,-11.3,5.1,17.84,18.03,-24.6,26.1,6.1,15.73,20.87,-9.97,1.64,7.1,-2.41,0.11,731720203.0,15.13,21.12,29.5,1.0,2.5,True,4,,2.7,11.9,False,,1.22,0.82,-0.01,18.510000228881836,False,False,False,11.259955871627838,18.062269449686845,27.265544343426242,29.47990509424823,30.695370870883682,27.68498182764566,13.490945053354649,,21.068187873096647,22.663906896556544,20.39751620690089,4,True,2.5,10.197276902643647,13.820570570405376,n/d,2026-10-02,próxima,"O Bradesco (BBDC4) apresenta um cenário de transição sob a ótica fundamentalista, onde sua rentabilidade atual medida pelo ROE de 14,1% e pelo ROIC de 0,0% posiciona-se abaixo dos pares do setor de produtos financeiros (18,4% e 2,2%, respectivamente), sugerindo que a instituição enfrenta pressões temporárias na eficiência de sua operação. Essa compressão de rentabilidade convive com múltiplos de preço descontados, visto que o P/L de 7,92 e o P/VP de 1,12 indicam um valuation historicamente atrativo para um gigante do setor privado. O dividendo distribuído de 6,8% mostra-se coerente e sustentável diante de uma robusta margem líquida de 26,07%, mesmo sem a disponibilidade de dados tradicionais de endividamento industrial, uma vez que a estrutura de capital bancária opera sob lógica regulatória própria. No campo do crescimento, embora o CAGR de receita de 5 anos de 17,8% supere a média setorial de 12,7%, a análise detalhada por janelas temporais revela que o indicador de 3 anos despencou para 2,7% antes de se recuperar para 11,9% no último ano, o que caracteriza uma trajetória DESACELERANDO na média móvel e acende um sinal de alerta sobre a consistência dessa expansão. Essa oscilação e o fato de o checklist de critérios ter atendido apenas 3 de 6 requisitos — penalizado pelo ROE abaixo do setor e por vendas de insiders — reforçam que o momento exige cautela e que os anos de variação atípica na receita merecem uma checagem manual detalhada para isolar eventos contábeis não recorrentes. Por outro lado, o crescimento implícito de 1,0% ao ano embutido no preço atual pelo fluxo de caixa descontado reverso mostra-se um patamar extremamente conservador e fácil de ser superado pelo histórico do banco. A análise de valuation pelos preços-teto revela uma dispersão acentuada entre os métodos, variando desde os conservadores R$ 11,26 por Bazin e R$ 18,06 por Gordon até os otimistas R$ 29,48 por Graham e R$ 30,7 por Lynch, resultando em uma média de R$ 21,07 e um preço-teto ajustado com margem de segurança de R$ 20,40, o que confere um upside de 10,2% frente à cotação atual de R$ 18,51. Em suma, os prós do ativo concentram-se no valuation descontado, no crescimento implícito conservador e no bom fluxo de dividendos, enquanto os contras residem na rentabilidade abaixo da média dos pares e na clara desaceleração do crescimento de receita no médio prazo.

Gatilho de falseamento: ROE abaixo de 14,0% no fechamento anual.",Bandeira de alta,True,False,,,Em Alta,18.59000015258789,-0.43033847794196056,-12.753772101691641,True,True,True,"Bandeira de alta — mastro +20%, recuo 40%, bandeira 7d (candidato)"
VBBR3,BOVA11+DIVO11,BOVA11,Consumo discricionário,57.03,54.26,72.72727272727273,,,0.9,,60.66,47.39,46.45,58.22,False,56,Não,Bandeira de alta,"Bandeira de alta (pré-confirmação) — pescoço R$38.32, preço 3.0% abaixo do pescoço; falta fechar acima e segurar",False,6,8,False,,True,,False,False,True,True,True,True,8,11,True,True,True,False,True,True,True,False,False,True,True,0.68,True,44451274752.0,8.81,1.89,5.18,6.38,21.49,20.83,16.06,2.48,6.34,1.52,1.3,2.01,0.93,0.94,56.2,677.0,10.8,9.71,0.57,65.98,33.8,20.1,39.97,84.9,-7.0,12.4,29.55,29.01,-18.4,28.3,49.7,24.44,39.97,33.63,1.79,63.4,-2.4,1.66,408632563.0,45.6,65.61,94.4,2.2,3.9,True,8,,1.4,9.9,False,,1.02,0.63,0.13,37.15999984741211,False,False,False,17.240226116200972,32.42274782498441,57.69045415877387,43.19645492384495,66.60796855961819,37.8916420380094,36.88122357422742,20.884717817420256,39.10192937663493,37.38643280611841,33.64778952550657,8,True,3.9,-9.45158863382003,5.225859895578178,n/d,n/d,,,,False,False,,,Em Alta,39.970001220703125,-7.030275925624762,-8.20158036652192,False,False,False,sem sinal (Em Alta)
TAEE11,BOVA11+SMALL11+DIVO11,BOVA11,Serviços públicos,57.01,57.44,54.54545454545455,,,0.1,,72.69,24.27,49.12,88.36,True,57,Bandeira de alta,,,False,6,8,False,,True,,True,False,True,False,True,False,6,11,True,True,True,True,False,False,True,True,True,True,True,0.45,True,43210637312.0,8.86,1.78,7.19,11.16,20.14,22.05,11.11,36.48,9.84,4.36,5.39,3.48,1.36,37.92,98.84,13.5,9.99,6.9,0.24,66.19,33.81,33.33,43.57,25.4,-4.0,6.3,39.63,39.3,-15.3,22.9,4.8,36.91,43.57,-11.27,1.44,17.5,-2.32,0.44,68550426.0,38.62,51.73,69.31,2.2,4.0,True,7,,20.9,24.4,False,,0.91,0.7,0.08,41.810001373291016,True,False,False,33.921591478661824,34.58856561000918,34.99452430436483,49.93954472444159,53.74607641957593,17.20677431452899,13.541190796014755,32.58500075526429,36.71172537240666,34.58856561000918,31.12970904900826,7,True,4.0,-25.544826533073305,-12.193914932854376,n/d,2026-08-17,última,"A Taesa (TAEE11) apresenta-se como uma geradora de caixa resiliente no setor de serviços públicos, destacando-se por uma rentabilidade robusta com ROE de 20,1% e ROIC de 11,1%, ambos posicionados acima de seus pares setoriais que registram médias de 12,1% e 9,6%, respectivamente. Essa elevada qualidade operacional convive com múltiplos de preço que exigem atenção, pois o P/L de 8,86 e o P/VP de 1,78 indicam que o mercado cobra um prêmio pelo papel, o que se reflete no score de valor de apenas 24,0. No âmbito financeiro, a excelente margem líquida de 36,48% sustenta um endividamento elevado, visto que a relação dívida líquida sobre EBITDA de 4,36 está acima da média setorial de 3,4, embora a liquidez corrente de 3,48 garanta folga no curto prazo. O dividend yield de 7,19% mostra-se coerente com a alta rentabilidade, mas a sustentabilidade de novos crescimentos encontra barreiras no endividamento e na expansão histórica recente, dado que o CAGR de receita de 5 anos de 13,5% ficou bem abaixo da média do setor de 37,6%. Embora o crescimento implícito no preço atual seja de modestos 2,2% ao ano pelo fluxo de caixa descontado reverso — um patamar bastante conservador frente ao histórico da empresa —, a análise das janelas de crescimento de receita de 3 anos em 20,9% e de 1 ano em 24,4% revela a ausência de dados consolidados de 5 anos por janela, o que é marcado como um sinal de desaceleração implícita que merece checagem manual para descartar eventos contábeis pontuais. No checklist de critérios fundamentalistas, a transmissora atende a 6 de 8 requisitos, falhando justamente na alavancagem acima do limite prudencial e no crescimento inferior ao dos pares. Quanto ao valuation, a média dos preços-teto calculados situa-se em R$ 36,71 e a mediana em R$ 34,59, evidenciando uma dispersão relevante entre os métodos conservadores de dividendos, como Bazin a R$ 33,92, e os modelos patrimoniais de Graham a R$ 49,94, o que resulta em um upside negativo de 25,5% contra o preço-teto ajustado de R$ 31,13. Em balanço, a previsibilidade operacional, as margens elevadas e o forte histórico de proventos pesam a favor do ativo, enquanto a alavancagem acima do setor, o valuation esticado frente ao preço-teto ajustado e o crescimento abaixo dos pares representam os principais riscos.

Gatilho de falseamento: ROIC abaixo de 9,6% no fechamento anual.",Bandeira de alta,False,False,,,Em Alta,41.90999984741211,-0.23860289784102262,-4.569473497130194,True,True,True,"Bandeira de alta — mastro +14%, recuo 34%, bandeira 7d (candidato)"
CMIG4,BOVA11+DIVO11+AUVP11,BOVA11,Serviços públicos,55.94,54.58,63.63636363636363,,,0.1,,54.76,50.41,37.38,98.63,True,58,Não,,,False,5,8,False,,True,,True,False,True,True,False,True,7,11,True,True,False,False,False,True,True,True,True,True,True,0.67,True,31925211136.0,6.95,1.09,9.15,17.67,15.75,21.33,9.3,10.51,6.72,2.49,3.69,1.17,0.78,,122.79,-20.4,9.57,5.94,0.42,57.36,42.63,9.56,13.2,16.8,-15.4,3.1,10.82,10.83,-25.1,23.4,6.6,9.89,13.2,-9.47,1.48,7.2,-2.42,-0.0,165494045.0,9.22,12.45,16.82,-0.6,4.8,True,6,,10.4,7.4,True,,0.96,0.72,0.09,11.15999984741211,True,False,False,14.33985857283119,21.03179257348575,17.128057319769184,19.233122443504882,,14.127676775544375,4.3676546165411425,16.202379257544376,17.010481157113293,16.66521828865678,14.998696459791104,6,True,4.8,34.39692352029154,52.42366836642791,2026-11-12,2026-09-23,última,,,False,False,,,Em Alta,11.389472007751465,-2.014774347600845,-15.796354784444688,True,False,False,sem sinal (Em Alta)
BPAC11,BOVA11+AUVP11,BOVA11,Produtos financeiros,55.45,51.51,77.77777777777777,15.65,,0.4,,59.62,35.46,66.43,25.34,False,59,Bandeira de alta,,,False,4,6,False,,True,,False,False,True,,True,True,7,9,True,True,False,,True,,True,False,True,True,True,,True,215988797440.0,13.7,3.13,2.2,2.73,22.88,20.48,0.0,39.8,,,,,,0.96,37.46,20.8,10.62,2.41,,90.46,8.68,44.56,64.1,43.9,0.0,16.9,54.1,54.36,-23.5,32.6,24.6,48.49,64.1,8.53,2.05,19.7,-3.31,0.71,607006349.0,57.88,87.96,133.67,6.0,5.5,True,3,,20.9,37.5,False,,1.57,0.84,0.06,64.0999984741211,False,False,False,12.746589002449557,23.9718109304132,63.99434742883763,46.43193960743665,79.74401668235005,11.697653809884727,55.575003715248066,,16.138684580915825,12.746589002449557,11.471930102204603,3,True,5.5,-82.10307273745704,-74.82264436023122,n/d,2026-08-11,última,"O BTG Pactual (BPAC11) apresenta uma dinâmica operacional robusta no setor de produtos financeiros, evidenciada por um ROE de 22,9% que se posiciona acima da média dos seus pares de 18,4%, sugerindo alta eficiência na alocação do patrimônio líquido, embora o ROIC de 0,0% fique abaixo da média setorial de 2,2% devido às especificidades da estrutura de capital de instituições financeiras. Essa rentabilidade elevada convive com múltiplos de preço esticados, visto que o P/L de 13,7 e o P/VP de 3,13 indicam que o mercado cobra um prêmio considerável pela qualidade do ativo, não configurando uma relação clássica de barganha. No âmbito dos proventos, o dividend yield de 2,2% mostra-se tímido e reflete uma estratégia de retenção de lucros para suportar a forte expansão, mantendo uma relação coerente com o reinvestimento interno em detrimento de uma distribuição massiva imediata. O crescimento histórico é um grande destaque, com um CAGR de receita de 5 anos de 20,8%, bem acima da média setorial de 12,7%, sendo que a evolução por janelas temporais — saltando de 20,9% em 3 anos para 37,5% no último ano — afasta qualquer sinal de desaceleração e aponta para uma aceleração recente que merece atenção positiva. Diante disso, o crescimento implícito de 6,0% ao ano embutido no preço atual pelo fluxo de caixa descontado reverso parece bastante conservador e perfeitamente atingível quando confrontado com o histórico de expansão da companhia. No entanto, o checklist de critérios revela que a empresa atende a 4 de 6 requisitos, com alertas ligados ao ROIC abaixo do setor e à ocorrência de venda de ações por insiders, sinalizando que o investidor deve monitorar o alinhamento de interesses da gestão. Sob a ótica do valuation, há uma enorme dispersão entre os métodos de preço-teto, variando desde os conservadores R$ 12,75 pelo método de Bazin até R$ 79,74 pelo modelo de Lynch, resultando em uma média de R$ 16,14 e um preço-teto ajustado com margem de segurança de R$ 11,47, o que gera um upside negativo de 82,1% frente à cotação atual de R$ 64,1 e indica que o preço de tela atual está ancorado em premissas otimistas de fluxo de caixa futuro e não em métricas patrimoniais ou de dividendos históricos. Como prós, o papel oferece liderança setorial, aceleração recente de receita e ROE muito superior aos pares; como contras, pesam o valuation esticado pelas métricas tradicionais de preço-teto, o dividend yield baixo e a venda de papéis por insiders.

Gatilho de falseamento: ROE abaixo de 18,4% no fechamento anual, o que igualaria o retorno do banco à média atual do setor e invalidaria a tese de rentabilidade premium que justifica os múltiplos elevados.",Bandeira de alta,False,False,,,Em Alta,63.95000076293945,0.23455466675861292,-0.7055294398601308,True,True,True,"Bandeira de alta — mastro +28%, recuo 9%, bandeira 7d (candidato)"
WEGE3,BOVA11+AUVP11+Carteira,BOVA11,Bens Industriais,55.39,53.93,63.63636363636363,,,0.7,,85.86,6.18,59.14,19.18,False,60,Não,Bandeira de alta,"Bandeira de alta (pré-confirmação) — pescoço R$51.07, preço 3.2% abaixo do pescoço; falta fechar acima e segurar",False,6,8,False,,True,,False,False,True,True,False,True,7,11,True,True,True,True,False,True,True,False,True,True,True,-0.17,True,207525740544.0,33.19,11.01,4.05,2.38,33.16,31.31,24.33,15.58,21.59,-0.35,-0.2,1.59,0.29,4.76,78.96,-2.1,26.68,11.21,1.12,56.49,40.84,34.04,53.68,45.3,-7.9,6.1,46.41,45.97,-22.5,29.2,3.2,41.6,53.68,-12.87,1.84,42.8,-2.4,0.89,390287013.0,48.63,70.55,102.35,10.4,2.4,True,8,,10.9,7.4,True,,0.74,0.44,0.08,49.459999084472656,False,False,False,8.557963622060653,16.094492876326967,20.382197914078674,12.272924918181,13.940662950313804,20.602674325976512,10.706330333263562,14.426658537508311,14.622988184713686,14.183660743911059,12.765294669519953,8,True,2.4,-74.19066941809254,-70.43471804409234,2026-10-21,2026-09-21,última,"A WEGE3 apresenta uma notável eficiência operacional no setor de bens industriais, com seu ROE de 33,2% e ROIC de 24,3% posicionados muito acima dos pares setoriais, que registram 10,8% e 13,3%, respectivamente. Essa qualidade excepcional, contudo, convive com múltiplos de preço bastante esticados, evidenciados pelo P/L de 33,19 e pelo P/VP de 11,01, sugerindo que o mercado cobra um prêmio elevado pela sua excelência. No âmbito financeiro, a excelente rentabilidade é acompanhada por uma estrutura de capital extremamente robusta, com a relação dívida líquida sobre EBITDA em -0,35, patamar muito abaixo da média do setor de 2,38 que indica uma posição de caixa líquido. Esse endividamento sob controle e a forte geração de caixa dão suporte a um dividend yield de 4,05%, o qual se mostra sustentável frente à margem líquida saudável de 15,58%, ainda que o foco da empresa seja historicamente voltado para o reinvestimento. Por outro lado, o crescimento da receita acende um sinal de alerta, pois o CAGR de 5 anos de -2.1% ficou bem abaixo dos 47,1% do setor, além de a análise por janelas temporais de 3 anos (10,9%) e 1 ano (7,4%) apontar que a expansão está explicitamente desacelerando. Diante disso, o crescimento implícito de 10,4% ao ano embutido no preço atual via fluxo de caixa descontado reverso parece bastante exigente quando comparado ao ritmo recente de desaceleração da companhia. O checklist de critérios confirma essa dualidade ao aprovar 6 de 8 requisitos, falhando justamente no crescimento frente ao setor e nas transações de insiders, enquanto a forte dispersão entre os métodos de valuation — que variam de R$ 8,56 pelo modelo de Bazin a R$ 20,38 pelo fluxo de caixa descontado — resulta em uma média de preço-teto de R$ 14,62 e um upside negativo de -74,2% em relação ao preço-teto ajustado de R$ 12,77. Como prós, destacam-se a rentabilidade formidável, a saúde financeira impecável com caixa líquido e a alta eficiência operacional; como contras, pesam o valuation esticado com margem de segurança pressionada e a clara desaceleração no ritmo de crescimento das receitas.

Gatilho de falseamento: margem líquida abaixo de 15,0% no próximo resultado trimestral.",,False,True,49.82,-0.72,Lateral,52.06197738647461,-4.997847628196183,-8.69989182947718,False,False,False,sem sinal (Lateral)
IGTI11,BOVA11+SMALL11,BOVA11,Imobiliário,54.91,51.77,72.72727272727273,,,0.8,,69.03,35.11,49.72,19.86,False,61,Bandeira de alta,,,False,3,7,False,,True,,False,False,True,True,False,True,8,11,False,False,True,True,False,True,,False,True,False,True,0.48,True,,12.56,1.62,1.09,2.46,12.93,7.32,12.16,41.91,9.38,2.15,2.43,2.73,0.9,1.4,30.84,-35.4,12.4,5.46,0.48,51.02,48.98,22.47,30.19,20.2,-10.5,7.4,25.73,25.84,-25.2,29.3,8.7,22.57,30.19,-7.37,1.85,5.3,-2.72,0.11,71754262.0,21.06,30.68,44.7,5.4,9.9,False,6,,13.5,20.3,False,2023,1.3,0.78,0.1,27.020000457763672,False,False,False,4.825184712681261,9.074460282236048,29.42387557553882,28.413470580703365,24.51974445173253,2.959599904494264,18.16339885145931,21.601618319129145,,,,6,False,9.9,,,n/d,n/d,,,Bandeira de alta,False,False,,,Em Alta,26.950000762939453,0.2597391200095167,-11.196111587042324,False,True,False,"Bandeira de alta — mastro +19%, recuo 23%, bandeira 7d (candidato)"
UGPA3,BOVA11,BOVA11,Consumo discricionário,54.76,51.59,72.72727272727273,,,0.9,,62.68,39.0,43.18,50.0,False,62,Não,Bandeira de alta,"Bandeira de alta (pré-confirmação) — pescoço R$37.83, preço 0.5% abaixo do pescoço; falta fechar acima e segurar",False,7,8,False,,True,,False,False,True,True,True,True,8,11,True,True,True,False,True,True,True,True,False,True,True,0.63,True,40120594432.0,12.15,2.34,5.31,4.91,19.25,16.17,21.5,2.26,5.57,1.13,0.72,1.64,0.98,1.57,59.69,44.3,12.59,9.73,0.63,64.07,31.75,18.91,39.74,99.1,-5.3,22.9,25.87,26.3,-22.2,30.3,84.9,20.23,39.74,68.83,1.91,79.3,-2.95,1.85,366420083.0,48.96,72.2,106.45,5.1,3.2,True,8,,-0.3,6.6,False,,0.95,0.55,0.03,37.650001525878906,False,False,False,13.453045552178612,25.300405022323,42.38311601479531,33.49347352832057,39.26734706770891,23.602278180467657,23.81597482219945,26.289937462836132,28.45069720635371,25.795171242579567,23.21565411832161,8,True,3.2,-38.33823857254237,-24.433742222299813,n/d,n/d,,,,False,False,,,Em Alta,39.7400016784668,-5.259184862391086,-6.389854840435261,False,False,False,sem sinal (Em Alta)
GMAT3,SMALL11,SMALL11,Bens de primeira necessidade,54.24,51.46,70.0,,,0.0,,46.64,64.11,56.81,30.82,True,63,Bandeira de alta,,,False,4,8,False,,True,,False,,True,True,False,True,7,10,True,True,False,False,False,True,True,False,False,True,True,0.47,True,11686474752.0,7.2,1.05,0.95,3.24,14.52,15.23,10.1,3.99,5.02,2.21,3.01,1.74,0.56,0.65,23.32,-40.8,5.71,5.51,1.0,52.91,42.64,3.57,6.92,42.3,-26.6,21.1,4.66,4.8,-48.4,41.3,13.1,3.57,5.86,-2.97,2.6,-30.4,-3.7,-0.83,18688518.0,2.23,3.79,6.47,-0.1,8.5,False,6,,20.9,19.8,True,,1.16,0.49,0.1,5.079999923706055,False,False,False,1.1966599017003363,2.25049265384289,9.650179066538382,8.763832472028337,10.14082302578188,4.210426398655235,6.946653494488947,6.4894167359320925,,,,6,False,8.5,,,n/d,n/d,,,Bandeira de alta,False,False,,,Em Alta,5.03000020980835,0.9940300559075022,-27.854155108754796,False,True,False,"Bandeira de alta — mastro +37%, recuo 6%, bandeira 7d (candidato)"
VIVT3,BOVA11,BOVA11,Comunicação,54.23,46.15,100.0,,,0.4,,44.24,38.0,52.18,63.01,False,64,Não,,,False,5,8,False,,True,,True,True,True,True,True,True,11,11,False,True,True,False,True,False,True,True,True,False,True,0.17,True,95261024256.0,14.58,1.47,8.54,6.68,10.05,7.53,9.1,10.68,4.22,0.56,0.85,0.95,0.3,55.78,97.4,18.5,9.73,5.51,0.48,46.12,53.66,29.02,40.59,2.7,-26.6,-7.1,32.75,33.51,-28.5,25.6,-2.9,29.02,40.59,-18.97,1.61,-2.6,-2.34,-0.51,152666202.0,20.86,29.01,40.35,6.4,6.6,True,6,,7.4,6.7,True,,0.8,0.55,0.01,29.809999465942383,True,False,False,14.482975152222885,14.802195008915596,15.197427560515266,30.543288751864242,14.192882125499066,30.23704261670192,5.903267414078105,39.01307152871703,19.909301869286498,14.999811284715431,13.499830156243888,6,True,6.6,-54.71375243844836,-33.21267284143138,n/d,n/d,,,,False,False,,,Lateral,30.78917121887207,-3.18024719135509,-27.049356250110357,False,False,False,sem sinal (Lateral)
PGMN3,SMALL11+DIVO11+Wishlist,SMALL11,Bens de primeira necessidade,54.06,57.18,36.36363636363637,,,0.0,,45.18,77.42,43.63,87.67,True,65,Não,Fundo duplo,"Fundo duplo (pré-confirmação) — pescoço R$3.54, preço 2.5% abaixo do pescoço; falta fechar acima e segurar",False,4,8,False,,True,,False,False,False,False,True,False,4,11,False,True,True,False,True,False,True,False,False,False,True,0.99,True,2480083968.0,7.6,0.73,6.84,10.75,9.61,5.91,12.78,2.1,2.66,3.59,3.87,1.78,1.02,4.32,81.67,11.1,5.03,6.26,0.83,68.82,31.1,3.13,7.54,10.2,-54.2,-7.8,4.51,4.81,-58.5,46.5,-44.8,3.13,7.54,-60.87,2.93,1.8,-4.36,-0.07,26356429.0,1.89,3.44,6.26,0.5,4.9,True,7,,17.5,17.9,False,2024,1.6,0.6,0.15,3.450000047683716,False,False,False,2.6963706632829503,3.146958812609769,3.853135450716982,6.947717221214344,5.677819672486212,8.480104657168392,1.7464280499714053,,4.6497906467785795,3.853135450716982,3.467821905645284,7,True,4.9,0.5165755859491528,34.77653862353964,n/d,2025-12-26,última,,,True,False,,,Lateral,4.050000190734863,-14.814817649237666,-54.72440814307718,False,False,False,sem sinal (Lateral)
COGN3,BOVA11+SMALL11,BOVA11,Consumo discricionário,53.76,50.89,70.0,,,0.9,,42.5,74.55,44.77,41.78,False,66,Não,Fundo duplo,"Fundo duplo (pré-confirmação) — pescoço R$2.33, preço 0.4% abaixo do pescoço; falta fechar acima e segurar",False,1,8,False,,False,,False,,False,True,True,True,7,10,False,False,False,False,False,False,True,False,True,False,True,0.39,True,4649794048.0,6.82,0.35,5.11,4.02,5.11,0.79,10.24,8.96,3.4,2.9,3.9,1.88,0.5,1.84,27.45,34.0,4.76,3.98,0.45,44.22,55.77,2.03,4.57,14.3,-49.2,0.7,2.87,2.87,-55.6,45.0,-25.5,2.03,4.57,-41.57,2.83,-16.0,-4.51,-0.49,78880608.0,1.09,1.93,3.43,-0.8,10.5,False,4,,11.9,9.8,True,2024,1.57,0.61,0.05,2.319999933242798,False,False,False,0.6791083227982362,0.9642762476639497,3.5128800102338,7.122837261496971,2.6303105905511392,2.230122178104513,1.7324085400928952,6.196273978640761,,,,4,False,10.5,,,n/d,n/d,,,,False,False,,,Lateral,2.4000000953674316,-3.3333399560713795,-50.917577478789354,False,False,False,sem sinal (Lateral)
EVEN3,SMALL11+DIVO11,SMALL11,Consumo discricionário,52.89,52.6,54.54545454545455,,,0.9,,39.34,69.95,48.01,78.08,False,67,Fundo duplo,,,False,1,8,False,,True,,False,False,True,True,False,True,6,11,False,False,False,False,False,False,True,False,True,False,True,0.36,True,938447744.0,4.78,0.49,19.37,9.11,10.28,7.88,4.93,12.83,7.58,2.85,7.13,4.66,0.64,0.82,43.55,-37.5,2.85,2.92,1.27,57.92,36.05,4.03,8.43,17.4,-43.9,-5.4,6.55,6.3,-52.2,38.2,-35.2,4.03,8.31,-51.27,2.41,-38.8,-3.86,-1.19,5826894.0,1.97,3.21,5.23,-5.9,10.7,False,6,,-6.1,-11.0,True,,1.26,0.58,0.14,4.730000019073486,False,False,False,3.134294242588531,5.737570080563996,13.174034182880243,14.660217488137791,14.758157521504403,9.434703786512513,6.366520126963824,1.378804411550846,,,,6,False,10.7,,,n/d,n/d,,,Fundo duplo,False,False,,,Em Alta,4.920000076293945,-3.8617897210192487,-44.55550888693946,False,True,False,Fundo duplo — rompeu pescoço ~R$4.52 (candidato)
MDIA3,SMALL11,SMALL11,Bens de primeira necessidade,52.54,55.4,36.36363636363637,,,0.0,,37.5,70.63,88.61,31.51,True,68,Não,,,False,2,8,False,,True,,False,False,False,True,False,True,4,11,False,False,False,False,False,True,True,False,False,False,True,-0.04,True,5500025344.0,8.56,0.65,5.83,3.3,7.65,8.74,8.32,6.23,4.1,-0.32,-0.54,2.55,0.21,1.56,28.24,-22.6,7.2,3.52,1.38,34.41,65.59,16.15,28.35,1.5,-42.2,-7.6,22.79,21.79,-43.0,31.0,-30.4,16.15,25.87,-46.47,1.95,-36.0,-2.59,-1.9,12968235.0,6.61,9.95,14.96,1.9,8.4,False,6,,1.0,8.0,False,2023,0.7,0.4,-0.02,16.389999389648438,False,False,False,3.932582778448531,6.9053927923624405,24.451921263871274,32.95919802867788,16.827959879461254,20.31545023010942,11.93508940340388,22.68705237824797,,,,6,False,8.4,,,n/d,n/d,,,,False,False,,,Em Baixa,17.19987678527832,-4.708623240388976,-42.981203060948644,False,False,False,sem sinal (Em Baixa; sem novo topo (-4.7%))
FLRY3,BOVA11+SMALL11+DIVO11,BOVA11,Cuidados de saúde,52.31,48.71,72.72727272727273,,,0.2,,55.24,30.22,50.67,61.64,True,69,Não,Bandeira de alta,"Bandeira de alta (pré-confirmação) — pescoço R$21.89, preço 4.1% acima do pescoço; falta fechar acima e segurar",False,4,8,False,,True,,False,False,True,True,True,True,8,11,False,True,True,False,False,True,True,False,True,True,True,0.7,True,12389242880.0,17.71,2.3,5.13,6.55,13.0,10.93,12.7,8.01,6.98,1.78,1.92,1.86,0.98,1.23,115.97,14.4,14.13,6.47,0.55,61.45,37.83,13.12,22.79,73.7,0.0,32.5,15.45,16.02,-18.6,28.3,57.1,14.3,22.79,41.03,1.78,29.2,-2.57,1.17,80277233.0,24.41,35.0,50.19,7.7,2.5,True,8,,22.9,7.9,True,2023,0.98,0.61,0.05,22.790000915527344,False,False,False,10.853935189036203,20.4124006942197,17.600700147872704,16.938010707711996,26.957516772040737,19.944897181175023,15.35976572149827,18.34412593593159,18.301419043685776,17.972413041902147,16.17517173771193,8,True,2.5,-29.02513783274392,-19.69540013832731,2026-11-05,2026-08-12,última,,,False,False,,,Em Alta,22.110000610351562,3.0755327291009493,2.6114446418873394,True,False,False,sem sinal (Em Alta)
BMOB3,SMALL11+DIVO11,SMALL11,Comunicação,51.95,49.89,63.63636363636363,,,0.4,,57.09,18.46,70.21,55.48,False,70,Bandeira de alta,,,False,7,8,False,,True,,False,False,True,True,False,True,7,11,True,True,True,False,True,True,True,True,True,True,True,-0.3,True,2348488448.0,15.09,2.56,6.98,6.18,16.97,10.68,11.27,8.49,8.55,-1.91,-2.33,1.69,0.05,13.19,93.26,-1.0,11.56,6.02,1.43,47.82,51.18,19.48,28.55,44.5,-1.4,15.9,23.54,23.73,-20.5,33.8,30.0,20.89,28.55,13.93,2.13,18.0,-3.58,0.56,19232798.0,23.87,36.86,56.9,6.7,3.5,True,8,,4.8,13.2,False,,1.18,0.61,0.09,28.149999618530273,False,False,False,12.652355558373634,13.95863983250209,14.967806802641586,21.483500673831173,13.663219885699354,22.73178731804996,6.440104865264708,19.540552218110005,15.679745894309065,14.463223317571838,13.016900985814654,8,True,3.5,-53.758788056089244,-44.29930335065592,n/d,n/d,,,Bandeira de alta,False,False,,,Em Alta,28.549999237060547,-1.4010494893850534,-1.8479800592953954,False,True,False,"Bandeira de alta — mastro +25%, recuo 6%, bandeira 7d (candidato)"
ALOS3,BOVA11+SMALL11+DIVO11,BOVA11,Imobiliário,51.28,47.5,72.72727272727273,,,0.8,,49.07,56.96,24.71,62.33,False,71,Bandeira de alta,,,False,3,8,False,,True,,False,True,False,True,True,True,8,11,False,False,False,True,True,False,True,False,True,False,False,0.56,True,14749161472.0,15.91,1.16,11.25,6.64,7.27,9.51,6.39,31.4,5.65,3.4,7.32,0.72,0.56,0.26,105.72,60.8,15.19,3.66,0.27,46.56,50.55,21.16,31.76,39.3,-7.1,9.7,26.72,26.66,-21.8,26.2,13.2,24.84,31.76,-2.87,1.65,19.2,-2.22,0.61,144387047.0,27.4,38.36,53.7,7.0,4.2,True,8,,37.0,4.4,True,2023,1.21,0.81,0.08,29.489999771118164,False,False,False,14.25109112135602,26.801245560485675,25.35179721204781,32.56131560695451,55.60653633774638,28.334985192186366,22.835750922701184,59.407671777145964,33.14379921632799,27.56811537633602,24.81130383870242,8,True,4.2,-15.865364424308858,12.389960914100362,n/d,n/d,,,Bandeira de alta,False,False,,,Em Alta,29.42807960510254,0.21041184761811937,-8.155026714309589,False,True,False,"Bandeira de alta — mastro +18%, recuo 18%, bandeira 7d (candidato)"
GGPS3,SMALL11,SMALL11,Bens Industriais,51.0,50.37,54.54545454545455,,,0.7,,60.3,45.65,50.19,17.81,False,72,Não,Fundo duplo,"Fundo duplo (pré-confirmação) — pescoço R$12.96, preço 3.2% abaixo do pescoço; falta fechar acima e segurar",False,5,8,False,,True,,False,False,True,False,True,True,6,11,True,True,False,False,True,True,True,False,False,True,True,0.48,True,9441998848.0,10.31,2.1,2.33,2.32,20.36,19.43,11.88,5.1,6.55,1.03,1.2,2.87,1.38,0.69,23.92,207.7,8.29,7.28,0.78,74.55,25.29,11.0,19.55,14.1,-35.8,2.5,16.15,15.08,-43.7,31.2,-21.9,11.0,19.55,-37.97,1.96,-23.0,-3.02,-1.15,39711311.0,6.44,9.6,14.3,3.7,10.0,False,6,,23.3,17.0,True,,1.13,0.63,0.14,12.550000190734863,False,False,False,2.1173916114492006,3.9820622886286574,16.649041271773665,12.793695544470765,21.08284554010179,9.395602678571429,14.996702458763679,11.412252550666095,,,,6,False,10.0,,,n/d,n/d,,,,False,False,,,Lateral,13.25,-5.283017428416126,-36.132313311090314,False,False,False,sem sinal (Lateral)
LOGG3,SMALL11+DIVO11,SMALL11,Imobiliário,50.97,48.74,63.63636363636363,,,0.8,,50.81,51.15,19.19,92.47,False,73,Pivô de alta,,,False,2,8,False,,True,,True,True,True,True,False,False,7,11,False,False,False,True,False,False,True,False,True,False,False,0.58,True,2165784320.0,5.84,0.62,27.63,13.45,10.63,8.83,3.04,136.74,19.68,121.08,302.7,0.52,0.64,2.56,78.57,-33.1,3.78,0.1,0.28,45.7,53.91,16.32,28.1,52.4,-11.5,-1.1,23.91,23.14,-19.2,31.8,10.9,22.17,28.1,-5.17,2.0,33.4,-2.9,0.7,12899656.0,22.62,33.94,50.92,-2.9,3.8,True,7,,4.6,13.2,False,,0.95,0.52,0.16,24.8799991607666,True,False,False,24.34322357046989,29.842497717540372,37.983230385380374,62.02108394070555,67.02099940581708,41.5821913143568,17.799814670604803,,40.084720143553554,37.983230385380374,34.18490734684234,7,True,3.8,37.399149919380605,61.11222466101749,n/d,n/d,,,Pivô de alta,False,False,,,Em Alta,25.709999084472656,-3.2283156486276443,-12.703384053914036,False,True,False,Pivô de alta
HYPE3,BOVA11+SMALL11,BOVA11,Cuidados de saúde,50.81,51.76,45.45454545454545,,,0.2,,58.11,38.85,57.58,43.84,True,74,Não,Fundo triplo,"Fundo triplo (pré-confirmação) — pescoço R$21.61, preço 13.3% acima do pescoço; falta fechar acima e segurar",False,4,8,False,,True,,False,False,True,True,True,False,5,11,False,True,False,True,False,True,True,False,True,True,True,0.42,True,17233821696.0,9.87,1.19,4.3,4.15,12.1,12.72,10.74,19.82,8.18,2.25,2.88,1.86,0.53,1.38,40.95,4.5,7.65,6.31,0.5,50.22,49.77,19.64,26.31,24.6,-6.9,14.0,22.21,22.22,-25.3,31.2,8.6,19.64,25.29,-7.47,1.97,-1.3,-2.81,0.09,70409371.0,18.37,27.5,41.16,3.3,4.6,True,7,,0.7,3.4,False,,1.02,0.57,0.04,24.479999542236328,False,False,False,7.386858621508613,13.892059923675873,33.92332518190739,33.88212242763229,28.011765488911152,25.091645463065746,18.08773689219463,15.342396605084192,24.03300742606732,25.091645463065746,22.58248091675917,7,True,4.6,-7.751301719607029,-1.8259482211092082,n/d,n/d,,,,False,False,,,Em Alta,24.723115921020508,-0.9833565459986149,-7.6863776997214694,False,False,False,sem sinal (Em Alta)
MOTV3,BOVA11,BOVA11,Bens Industriais,50.45,52.94,36.36363636363637,,,0.7,,71.89,49.51,24.62,32.88,False,75,Bandeira de alta,,,False,6,8,False,,True,,False,False,True,False,True,False,4,11,True,True,False,True,True,False,True,True,True,True,False,1.9,False,33666484224.0,8.73,1.91,5.56,3.34,21.85,19.92,11.72,19.27,7.01,3.69,4.33,1.77,2.45,0.58,29.12,58.4,11.23,6.62,0.44,77.07,22.24,13.02,16.79,28.7,-0.2,16.7,14.59,14.75,-22.1,28.5,17.5,13.08,16.79,1.43,1.8,7.8,-2.8,0.31,234417143.0,13.99,20.17,29.07,2.1,8.7,False,7,,-0.6,4.1,False,2025,1.27,0.78,0.04,16.75,False,False,False,4.063347312903819,7.6417144626546,26.24247127073864,19.45728610623691,35.179957107952745,10.38593205872702,23.63802978235968,11.902920230328856,,,,7,False,8.7,,,n/d,n/d,,,Bandeira de alta,False,False,,,Em Alta,16.690000534057617,0.3594934932443339,-1.366290294211081,False,True,False,"Bandeira de alta — mastro +27%, recuo 6%, bandeira 7d (candidato)"
CSMG3,BOVA11+SMALL11+DIVO11,BOVA11,Serviços públicos,50.39,48.05,63.63636363636363,,,0.1,,62.99,17.76,34.2,84.25,True,76,Não,,,False,5,8,False,,True,,False,False,True,False,False,True,7,11,True,True,True,False,False,True,True,False,True,True,True,0.9,True,21351706624.0,16.56,2.42,3.54,10.32,14.6,15.68,11.59,14.88,9.01,2.77,3.28,1.22,1.06,,170.89,-21.2,11.77,6.35,0.28,51.64,48.36,31.89,67.15,76.6,-16.1,-2.4,53.63,50.62,-20.9,32.1,32.1,41.72,67.15,16.03,2.02,69.7,-2.83,1.46,201192016.0,65.22,97.98,147.2,7.3,6.7,True,6,,10.5,5.7,True,,0.87,0.47,0.12,56.310001373291016,False,False,False,42.260261252092235,61.98171650306862,36.27053228553367,42.19285836640687,,33.8014680094549,9.248985732811086,52.88264005423405,44.89824607846506,42.22655980924955,38.003903828324596,6,True,6.7,-32.50949582403913,-20.26594746317798,n/d,n/d,,,,False,False,,,Em Alta,57.86000061035156,-2.678878708451382,-16.596669289463417,False,False,False,sem sinal (Em Alta)
RDOR3,BOVA11+AUVP11,BOVA11,Cuidados de saúde,50.35,48.01,63.63636363636363,,,0.2,,62.49,21.03,51.93,42.47,True,77,Bandeira de alta,,,False,6,8,False,,True,,False,False,True,False,True,True,7,11,True,True,True,False,True,True,True,False,True,True,True,0.68,True,83189956608.0,17.79,4.14,11.22,4.13,23.26,13.61,15.63,8.35,7.48,1.12,0.99,2.9,2.51,2.88,73.43,22.9,14.22,6.35,0.64,79.71,18.16,32.17,44.45,19.0,-13.9,10.1,37.78,37.77,-27.6,32.2,-4.0,32.17,44.45,-20.07,2.03,-4.9,-3.02,-0.19,225472656.0,26.0,39.26,59.28,7.7,2.6,True,8,,34.3,10.2,True,2023,1.2,0.65,0.05,38.290000915527344,False,False,False,11.493900882219913,21.615949078497447,29.438358607016614,21.163548665695053,22.18659937447388,22.5047240723438,14.368196771484484,29.16598952174518,21.492158371684546,21.90127422648566,19.711146803837096,8,True,2.6,-48.52142509131192,-43.87004999268868,n/d,n/d,,,Bandeira de alta,False,False,,,Em Alta,38.22217559814453,0.17745017472554636,-14.401674327534709,False,True,False,"Bandeira de alta — mastro +17%, recuo 10%, bandeira 7d (candidato)"
SBFG3,SMALL11,SMALL11,Consumo discricionário,50.24,47.88,63.63636363636363,,,0.9,,40.93,86.0,27.5,24.66,False,78,Não,,,False,2,8,False,,True,,False,True,True,True,True,False,7,11,False,False,False,False,True,False,True,False,False,True,False,0.87,True,1884524928.0,4.5,0.59,6.63,2.73,13.07,10.92,8.98,5.0,3.94,3.49,5.35,1.62,1.0,0.39,12.27,185.0,3.63,4.63,0.8,67.87,32.13,7.64,14.95,6.9,-45.4,-14.8,11.39,11.19,-48.9,43.0,-32.1,7.64,14.81,-48.17,2.71,-31.5,-4.29,-1.11,26726424.0,3.04,5.3,9.22,-6.9,15.9,False,6,,7.3,8.2,False,2024,1.64,0.67,0.05,8.170000076293945,False,False,False,1.6202381811814346,3.0470930955766975,24.83211492723034,23.78378974496219,25.768268567179117,6.710035876738697,18.261537263688616,13.482092604754971,,,,6,False,15.9,,,n/d,n/d,,,,False,False,,,Em Baixa,9.109999656677246,-10.31832728659129,-46.547316020196206,False,False,False,sem sinal (Em Baixa; sem novo topo (-10.3%))
EGIE3,BOVA11,BOVA11,Serviços públicos,50.23,51.07,45.45454545454545,,,0.1,,77.59,24.72,19.39,60.96,True,79,Não,,,False,6,8,False,,True,,False,False,True,False,True,False,5,11,True,True,True,True,True,False,True,False,True,True,True,1.43,True,41726599168.0,10.54,2.78,3.07,6.54,26.37,32.12,11.59,28.94,8.86,3.56,4.23,1.09,2.06,1.29,68.98,270.0,11.47,6.68,0.19,74.84,23.06,27.05,37.14,8.9,-20.7,-4.3,30.53,30.78,-26.9,26.3,-2.1,27.15,37.14,-18.17,1.65,4.9,-2.54,-0.15,94494703.0,22.41,31.39,43.99,3.9,3.0,True,8,,2.6,14.6,False,,0.95,0.63,0.06,29.459999084472656,False,False,False,14.022576268807795,26.371490208757884,38.229294276233105,25.815544207187422,41.154999388381235,42.00538560632414,22.234126206690846,28.180661873576277,29.751759754494838,27.27607604116708,24.548468437050374,8,True,3.0,-16.671862865097577,0.9903621150346931,n/d,n/d,,,,False,False,,,Lateral,31.0,-4.967744888797887,-22.592123215710412,False,False,False,sem sinal (Lateral)
SBSP3,BOVA11+AUVP11,BOVA11,Serviços públicos,50.03,49.23,54.54545454545455,,,0.1,,69.95,30.14,40.16,21.92,True,80,Bandeira de alta,,,False,7,8,False,,True,,False,False,True,False,False,True,6,11,True,True,True,True,False,True,True,True,True,True,True,0.76,True,96460152832.0,12.02,2.14,2.47,2.57,17.8,17.28,12.72,19.67,8.63,2.25,2.43,1.47,1.14,0.98,30.88,-33.9,11.37,7.77,0.3,59.31,40.69,23.12,35.21,18.7,-22.1,-0.6,27.49,27.83,-33.8,27.4,3.8,23.31,35.21,-12.27,1.72,3.4,-2.41,0.08,533720254.0,21.81,31.0,44.06,5.0,6.6,True,6,,20.0,5.4,True,2024,1.1,0.7,0.08,27.43000030517578,False,False,False,5.125414665729275,9.639086290710216,31.2122809548455,25.65416897658564,33.93878030828204,11.732097531131709,24.175557481465273,27.430000305175778,25.69048092624766,26.54208464088071,23.887876176792638,6,True,6.6,-12.913321505558928,-6.341667369941262,n/d,n/d,,,Bandeira de alta,False,False,,,Em Alta,27.940000534057617,-1.8253407986165482,-22.33422139155331,False,True,False,"Bandeira de alta — mastro +26%, recuo 42%, bandeira 7d (candidato)"
BRBI11,SMALL11+DIVO11,SMALL11,Produtos financeiros,49.52,54.73,20.0,20.63,,0.4,,32.81,44.25,100.0,89.04,False,81,Não,Bandeira de alta,"Bandeira de alta (pré-confirmação) — pescoço R$14.83, preço 1.6% abaixo do pescoço; falta fechar acima e segurar",False,3,5,False,,True,,False,False,True,,False,False,2,10,True,True,False,,False,,,True,True,True,True,,True,,9.61,1.89,9.45,11.85,19.7,21.77,1.85,0.0,,,,,,,113.85,-22.4,7.19,0.94,0.23,95.52,4.48,11.74,20.71,24.4,-29.5,1.5,17.64,16.81,-43.3,33.1,-22.1,11.74,20.71,-38.17,2.09,-22.2,-3.16,-0.82,3908661.0,7.91,12.1,18.51,3.0,2.5,True,4,,50.1,67.6,False,,0.95,0.5,-0.0,14.600000381469727,False,False,False,12.579659076067273,18.45016664489867,16.20534208140934,16.249931338124988,,7.333333333333334,4.132362230759382,,13.642125283927156,14.392500578738307,12.953250520864477,4,True,2.5,-11.279108339581267,-6.560788167911991,n/d,n/d,,,,False,False,,,Em Alta,14.869999885559082,-1.8157330609771205,-31.054512942352584,False,False,False,sem sinal (Em Alta)
CPLE3,BOVA11+DIVO11,BOVA11,Serviços públicos,48.99,43.2,81.81818181818181,,,0.1,,46.73,29.05,35.15,78.77,True,82,Bandeira de alta,,,False,5,8,False,,True,,False,False,True,True,True,True,9,11,False,True,True,False,True,True,True,False,True,False,True,0.9,True,47513767936.0,15.23,1.98,6.64,9.14,12.99,9.34,9.82,11.41,9.67,2.97,4.16,1.3,0.98,0.3,139.13,50.0,15.06,5.45,0.3,61.78,38.29,10.61,16.67,50.8,-4.0,7.2,14.44,13.96,-17.9,25.5,33.8,11.94,16.67,17.73,1.61,39.2,-2.63,1.09,271978634.0,16.94,23.49,32.55,6.7,3.8,True,8,,8.3,15.3,False,2023,1.1,0.76,0.06,16.0,False,False,False,10.630147671955367,19.99153578306445,14.368923813356487,13.820657193921408,31.51674326986211,8.309775831960696,12.942875902823374,13.516017192431809,15.637084582421963,13.668337193176608,12.301503473858947,8,True,3.8,-23.115603288381582,-2.268221359862732,n/d,n/d,,,Bandeira de alta,False,False,,,Em Alta,16.139999389648438,-0.8674064122841774,-5.167185842281508,False,True,False,"Bandeira de alta — mastro +18%, recuo 20%, bandeira 7d (candidato)"
GOAU4,BOVA11+SMALL11,BOVA11,Materiais,48.89,51.1,36.36363636363637,,,1.0,,29.47,74.28,59.72,73.29,False,83,Não,Bandeira de alta,"Bandeira de alta (pré-confirmação) — pescoço R$11.21, preço 2.4% abaixo do pescoço; falta fechar acima e segurar",False,4,8,False,,True,,False,False,False,True,True,False,4,11,False,False,True,False,True,True,True,False,False,True,True,0.5,True,14470206464.0,18.21,0.75,3.5,8.57,4.13,12.06,10.0,1.14,2.1,0.99,1.35,2.88,0.28,0.25,156.09,73.2,5.39,5.06,1.04,34.12,23.4,6.85,11.7,59.7,-6.5,5.2,9.44,9.32,-25.3,29.3,25.8,7.68,11.7,9.73,1.85,54.2,-2.84,1.28,98372752.0,12.03,17.51,25.48,7.8,6.5,True,7,,-5.4,4.2,False,,0.93,0.55,0.05,10.9399995803833,False,False,False,6.819903889823892,12.825819250862352,8.216966611897963,14.041805716286941,18.02306355911582,6.1112762116739185,7.401471434943563,39.49506596308584,10.491472382086348,8.216966611897963,7.395269950708166,7,True,6.5,-32.40155178827657,-4.099883139860571,n/d,n/d,,,,False,False,,,Em Alta,11.699999809265137,-6.49572855787568,-7.130731507886234,False,False,False,sem sinal (Em Alta)
BEEF3,BOVA11+SMALL11,BOVA11,Bens de primeira necessidade,48.87,54.28,18.181818181818183,,,0.0,,66.77,61.5,27.54,33.56,True,84,Não,Bandeira de alta,"Bandeira de alta (pré-confirmação) — pescoço R$4.11, preço 4.1% abaixo do pescoço; falta fechar acima e segurar",False,5,8,False,,False,,False,False,True,False,False,False,2,11,True,True,True,False,False,True,True,False,False,True,True,9.15,False,3907366144.0,8.6,2.5,4.96,3.39,29.04,144.02,16.55,0.8,3.81,2.98,2.48,1.43,13.46,0.57,29.11,-57.5,6.49,5.34,0.65,95.87,2.86,3.04,7.18,29.6,-45.1,5.3,4.22,4.77,-57.7,43.5,-26.0,3.04,6.25,-42.07,2.74,-38.8,-4.79,-1.17,89880135.0,1.41,2.47,4.35,1.9,13.8,False,5,,21.0,60.9,False,2023,0.79,0.32,0.01,3.940000057220459,False,False,False,0.9700179491667752,1.8242595624652578,6.266166632638689,4.030586604806542,8.422993913877914,3.760485277130923,5.6442791517390765,13.417173416746625,,,,5,False,13.8,,,n/d,n/d,,,,False,False,,,Lateral,4.130000114440918,-4.60048551950657,-46.136720730560924,False,False,False,sem sinal (Lateral)
IRBR3,SMALL11+Carteira,SMALL11,Insurance,48.49,48.22,50.0,,2.87,0.3,,17.01,71.85,100.0,26.03,False,85,Não,Bandeira de alta,"Bandeira de alta (pré-confirmação) — pescoço R$61.90, preço 0.4% abaixo do pescoço; falta fechar acima e segurar",False,1,6,False,,False,,False,,False,,False,True,4,8,False,False,False,,False,,True,False,True,False,True,,True,5004868096.0,-34.31,0.95,2.56,2.89,-2.76,2.79,0.0,4.89,,,,,,,,-23.0,7.07,2.3,,66.23,33.77,44.91,63.43,37.3,-2.8,12.7,52.59,53.01,-21.4,32.5,21.3,49.05,63.43,5.23,2.05,25.4,-2.79,0.67,58927614.0,55.12,83.42,126.23,,2.0,True,3,,,-14.5,,2024,1.02,0.55,0.08,61.65999984741211,False,False,False,12.978240732233973,19.034753073943165,,,,26.3277,,,19.44689793539238,19.034753073943165,17.13127776654885,3,True,2.0,-72.21654588234992,-68.46108014350153,2026-11-12,2026-07-01,última,"A análise fundamentalista do IRB Brasil (IRBR3) revela uma empresa em profunda reestruturação, onde a assimetria entre qualidade e preço se mostra evidente pelo descompasso de seus múltiplos. O retorno sobre o patrimônio líquido (ROE) negativo de -2,8% e o retorno sobre o capital investido (ROIC) nulo de 0,0% situam-se drasticamente abaixo dos pares do setor de seguros, que registram médias de 34,3% e 19,5%, respectivamente, sugerindo severas dificuldades na geração de valor. Essa fragilidade operacional convive com um preço sobre valor patrimonial (P/L) negativo de -34,31 e um P/VP descontado de 0,95, indicando que o mercado precifica o papel abaixo do seu valor de livro devido à ausência de lucros consistentes. No âmbito da rentabilidade versus endividamento, a margem líquida de 4,89% mostra-se tímida para sustentar uma estrutura robusta, enquanto o dividendo de 2,56% carece de sustentabilidade no longo prazo, dado que o fluxo de proventos não encontra respaldo em um ROE deprimido ou em uma geração de caixa resiliente. O crescimento histórico é outro ponto de atenção, com o CAGR de receita de cinco anos contraindo -23,0%, muito abaixo da média setorial de -2,5%, sendo que a análise por janelas temporais confirma que a receita continua desacelerando, registrando queda de -14,5% no último ano. Diante desse cenário, o ano de 2024 apresenta variações atípicas nos resultados que merecem uma checagem manual detalhada por parte do investidor para isolar possíveis eventos contábeis não recorrentes de perdas operacionais contínuas. O checklist de critérios fundamentalistas reforça o tom de alerta ao aprovar apenas 1 de 6 critérios possíveis, falhando em exigências básicas como rentabilidade superior à taxa Selic e crescimento acima dos pares. No campo do valuation, as estimativas de preço-teto calculadas pelos métodos de Bazin (R$ 12,98) e Gordon (R$ 19,03) mostram uma dispersão relevante, resultando em uma média de R$ 19,45 e um preço ajustado com margem de segurança de R$ 17,13, o que representa um expressivo upside negativo de -72,2% frente à cotação atual de R$ 61,66. Como prós, o papel apresenta uma pontuação máxima de segurança financeira e uma tendência gráfica de alta no curto prazo; como contras, destacam-se a destruição de valor expressa nos retornos negativos, a receita em franca retração e o valuation atual que exige um crescimento implícito altamente irrealista para a realidade operacional da companhia.

Gatilho de falseamento: ROIC acima de 5,0% no fechamento anual de 2024.",,False,True,57.62,7.01,Em Alta,63.43000030517578,-2.7904784002014904,-5.211380546205979,False,False,False,sem sinal (Em Alta)
SMTO3,SMALL11,SMALL11,Bens de primeira necessidade,48.44,52.18,27.272727272727273,,,0.0,,44.39,77.43,47.11,34.25,True,86,Pivô de alta,,,False,3,8,False,,True,,False,False,True,False,False,False,3,11,False,True,False,False,False,True,True,False,True,True,True,0.99,True,5732453376.0,7.28,0.8,1.22,3.4,11.0,14.59,6.36,11.43,3.71,2.38,5.13,3.16,1.65,0.88,24.72,-39.3,9.2,3.45,0.45,68.55,31.45,12.82,21.21,38.5,-16.3,5.9,15.88,16.21,-34.0,44.6,21.7,13.89,21.21,5.63,2.81,20.6,-4.2,-0.07,33679673.0,10.19,17.94,31.58,0.0,10.4,False,6,,3.9,3.8,True,2025,0.62,0.24,0.04,17.760000228881836,False,False,False,4.385184263819544,8.24697556711869,33.36689160335828,34.90788551271493,28.485030524217297,11.14445842755402,19.565251829585147,45.56650650486062,,,,6,False,10.4,,,n/d,n/d,,,Pivô de alta,False,False,,,Lateral,21.0,-15.42857033865792,-16.99833977372971,False,True,False,Pivô de alta
ASAI3,BOVA11+SMALL11,BOVA11,Bens de primeira necessidade,48.43,48.95,45.45454545454545,,,0.0,,63.95,57.79,24.53,8.22,True,87,Não,Fundo duplo,"Fundo duplo (pré-confirmação) — pescoço R$9.00, preço 21.4% acima do pescoço; falta fechar acima e segurar",False,5,8,False,,True,,False,False,True,False,True,False,5,11,True,True,True,False,True,False,True,False,False,True,True,3.56,False,14598841344.0,15.34,2.33,0.95,0.83,15.21,17.56,21.18,1.24,3.14,3.72,2.41,1.12,4.25,1.16,12.77,123.2,11.41,6.76,0.42,88.39,11.61,7.01,10.93,56.0,0.0,25.4,8.6,8.64,-29.4,47.4,52.1,7.04,10.93,36.03,2.99,-7.9,-4.41,0.3,119524180.0,7.07,12.96,23.76,6.8,15.2,False,4,,12.3,4.7,True,,1.66,0.61,-0.01,10.930000305175781,False,False,False,0.661500794424853,1.2440482682248042,9.745384466910314,8.672030423674682,10.046862808984454,2.567816015519461,7.988557637068134,,,,,4,False,15.2,,,n/d,n/d,,,,False,False,,,Em Alta,10.539999961853027,3.7001930240442737,3.6018967542260194,False,False,False,sem sinal (Em Alta)
FESA4,SMALL11,SMALL11,Materiais,48.25,51.95,27.272727272727273,,,1.0,,27.63,72.66,72.16,69.18,False,88,Não,,,False,2,8,False,,True,,False,False,False,True,False,False,3,11,False,False,False,False,False,True,True,False,False,True,True,-0.12,True,1799386880.0,12.71,0.57,12.22,8.07,4.49,15.62,3.69,6.78,3.58,-3.62,-9.04,3.61,0.12,,102.6,-76.0,3.79,-1.74,1.53,26.31,73.65,4.8,8.69,10.6,-38.9,-8.7,6.78,6.71,-44.8,36.5,-21.9,4.8,8.69,-37.97,2.3,-11.3,-3.42,-0.56,6366755.0,2.9,4.64,7.42,5.5,8.2,False,6,,-9.4,4.4,False,,1.17,0.56,-0.02,5.309999942779541,False,False,False,3.1173808534957548,4.572158585127108,4.456333547572654,9.357839072935004,,5.225440763076465,1.1363650546310269,6.365228762292678,,,,6,False,8.2,,,n/d,n/d,,,,False,False,,,Lateral,5.860000133514404,-9.385668570028049,-40.337076737353584,False,False,False,sem sinal (Lateral)
ANIM3,SMALL11,SMALL11,Consumo discricionário,47.37,47.71,45.45454545454545,,,0.9,,44.09,68.8,23.87,58.9,False,89,Bandeira de alta,,,False,4,8,False,,False,,False,False,False,False,True,True,5,11,True,False,True,False,True,False,True,False,False,False,False,1.75,False,1129801984.0,7.85,0.5,2.6,6.45,6.36,-2.07,14.6,3.71,3.24,3.35,3.15,1.49,2.02,2.5,50.67,205.2,4.05,6.53,0.35,72.15,22.61,1.93,5.17,54.9,-42.2,9.7,3.31,3.44,-62.7,67.9,-7.4,1.93,5.17,-23.47,4.28,-16.6,-5.6,-0.01,16367606.0,1.07,2.66,6.62,0.9,5.4,True,6,,4.1,5.8,False,,1.96,0.5,0.09,2.990000009536743,False,False,False,1.403613024765268,1.8756194017868657,3.701656895235991,7.15883937650802,3.6535696010754006,1.3369529265976117,1.800833004306802,,2.2953741422946563,1.8382262030468337,1.6544035827421504,6,True,5.4,-44.66877667339955,-23.231634281824263,n/d,n/d,,,Bandeira de alta,False,False,,,Em Alta,3.0,-0.33333301544189453,-43.462060465306216,False,True,False,"Bandeira de alta — mastro +58%, recuo 20%, bandeira 7d (candidato)"
PRIO3,BOVA11,BOVA11,Energia,47.05,44.76,60.0,,,0.9,,59.07,43.12,34.28,5.48,False,90,Não,Bandeira de alta,"Bandeira de alta (pré-confirmação) — pescoço R$61.07, preço 0.3% abaixo do pescoço; falta fechar acima e segurar",False,3,8,False,,True,,False,,True,True,True,False,6,10,False,False,False,True,True,False,True,False,True,True,True,0.77,True,48567050240.0,13.73,1.88,0.0,0.18,13.71,30.11,10.92,18.11,5.8,1.73,2.17,1.34,0.9,1.03,2.44,189.4,6.11,6.59,0.25,59.83,40.17,34.2,72.1,78.1,-15.5,0.9,56.9,53.5,-27.7,36.3,45.8,40.82,72.1,29.73,2.29,63.1,-3.42,1.02,535911047.0,59.45,94.68,150.79,6.0,77.2,False,5,,34.8,8.5,True,2023,0.16,0.08,-0.03,60.900001525878906,False,False,False,0.7859417579974106,1.47807756423384,60.66677782809636,56.85836528956074,60.11677882621291,2.0420333591613185,50.0356792120693,21.891042101657714,,,,5,False,77.2,,,n/d,n/d,,,,False,False,,,Lateral,65.68000030517578,-7.2777082172458485,-16.55248187914341,False,False,False,sem sinal (Lateral)
SAUD3,DIVO11+AUVP11,SMALL11,Healthcare,46.71,43.72,63.63636363636363,,,0.2,,49.63,10.49,65.73,56.16,True,91,Não,,,False,6,8,False,,True,,False,False,False,True,False,True,7,11,False,True,True,False,True,True,True,True,True,True,True,-0.69,True,39028293632.0,37.04,2.09,1.57,6.21,5.63,39.67,4.59,9.86,19.71,-7.41,-18.52,1.06,0.01,,229.88,-19.6,7.96,5.03,0.66,34.2,65.77,10.39,15.99,28.5,-16.5,-4.8,13.14,13.11,-21.2,36.1,20.6,10.39,15.99,4.53,2.28,9.3,-2.97,-0.06,106405915.0,8.85,14.05,22.31,10.8,14.8,False,6,,9.3,6.1,True,2023,0.82,0.4,0.01,13.350000381469727,False,False,False,6.0258430163605174,8.837903090662094,3.8444925504592447,7.197205532147043,,14.516166036785778,0.9803456003671074,6.354563726737545,,,,6,False,14.8,,,n/d,n/d,,,,False,False,,,Em Baixa,15.404914855957031,-13.339343279087812,-18.48946357370306,False,False,False,sem sinal (Em Baixa; sem novo topo (-13.3%))
GGBR4,BOVA11,BOVA11,Materiais,46.48,48.26,36.36363636363637,,,1.0,,33.0,60.32,59.44,64.38,False,92,Não,Bandeira de alta,"Bandeira de alta (pré-confirmação) — pescoço R$25.26, preço 3.9% abaixo do pescoço; falta fechar acima e segurar",False,4,8,False,,True,,False,False,False,True,True,False,4,11,False,False,True,False,True,True,True,False,False,True,True,0.18,True,47612940288.0,21.46,0.9,3.29,7.05,4.18,12.63,10.03,3.22,5.22,0.97,1.33,2.87,0.28,0.29,151.22,73.5,8.45,5.03,1.04,34.14,65.6,15.99,26.1,51.8,-7.0,2.7,21.32,21.2,-26.3,28.9,21.1,17.08,26.1,5.03,1.82,50.9,-2.62,1.12,200096229.0,25.47,36.87,53.38,8.7,2.9,True,8,,-5.4,4.2,False,2025,0.88,0.53,0.02,24.270000457763672,False,False,False,12.437776570885717,23.391044325246362,15.468358527630995,26.19539370260885,33.92823922334157,11.693289039877385,13.93319690771894,23.069990541142154,20.014661104806496,19.269174534386575,17.342257080947917,8,True,2.9,-28.544471553974184,-17.533330336612927,n/d,n/d,,,,False,False,,,Lateral,26.100000381469727,-7.011493858081719,-7.648402497581519,False,False,False,sem sinal (Lateral)
ECOR3,SMALL11,SMALL11,Bens Industriais,46.01,41.29,72.72727272727273,,,0.7,,47.82,48.62,27.81,20.55,False,93,Não,,,False,2,8,False,,True,,False,True,True,False,False,True,8,11,False,True,False,False,False,False,True,False,False,True,False,5.91,False,6281459712.0,11.51,1.53,3.35,2.53,13.28,19.86,11.52,4.59,5.42,4.62,5.52,2.52,6.64,1.22,29.08,-89.7,14.56,6.86,0.19,88.21,11.06,5.87,11.74,53.8,-23.1,22.5,8.19,8.51,-50.0,44.3,-10.9,5.87,11.74,-26.97,2.79,-3.6,-3.96,0.33,78465202.0,6.16,10.87,19.18,4.7,9.7,False,5,,23.9,16.7,True,2023,1.81,0.72,0.08,9.029999732971191,False,False,False,1.6589614592227315,3.119917841054363,10.73041643109718,10.20694135046433,9.371180903536613,1.8582775294394402,6.863128187691896,16.17371317928192,,,,5,False,9.7,,,n/d,n/d,,,,False,False,,,Em Alta,8.979999542236328,0.5567950254306009,-24.32528923557249,False,False,False,sem sinal (Em Alta)
QUAL3,SMALL11,SMALL11,Cuidados de saúde,45.59,50.43,18.181818181818183,,,0.2,,52.0,73.39,37.25,12.33,True,94,Não,,,False,5,8,False,,False,,False,False,False,True,True,False,2,11,True,False,True,False,True,True,False,True,False,False,True,0.59,True,469566656.0,18.08,0.35,0.54,1.25,1.96,0.44,22.61,1.9,1.5,2.45,1.49,0.58,0.89,11.92,22.62,60.1,3.39,5.32,0.47,66.78,32.76,1.39,2.71,19.4,-38.7,1.4,1.95,1.98,-48.6,58.5,-27.8,1.39,2.62,-43.87,3.69,-41.0,-5.66,-0.65,5788078.0,0.52,1.1,2.32,7.8,20.7,False,6,,-9.9,-7.5,False,,1.89,0.57,0.12,1.659999966621399,False,False,False,0.1510351217687611,0.1723349341755674,0.7619076384122564,3.13015687039541,0.2541153299763724,0.5414313747050465,0.3388556495502051,,,,,6,False,20.7,,,n/d,n/d,,,,False,False,,,Lateral,1.7100000381469727,-2.9239807257405603,-40.83620757294647,False,False,False,sem sinal (Lateral)
RANI3,SMALL11+DIVO11,SMALL11,Materiais,45.58,48.81,27.272727272727273,,,1.0,,48.05,48.41,36.75,77.4,False,95,Não,,,False,3,8,False,,True,,False,False,False,False,False,False,3,11,False,True,True,False,False,False,True,False,False,True,True,0.8,True,1783712128.0,13.85,1.25,5.17,9.02,9.03,25.63,11.69,7.65,5.01,2.42,2.84,2.1,1.38,,124.91,-70.2,5.48,4.4,0.56,63.24,36.76,7.56,9.51,2.9,-18.2,-1.2,8.17,8.28,-20.5,23.2,-6.6,7.56,9.51,-22.67,1.46,-4.2,-2.14,-0.56,4806267.0,5.67,7.63,10.26,6.1,5.8,True,6,,-0.0,8.4,False,,0.6,0.46,0.04,7.78000020980835,False,False,False,5.102927968784884,7.48429435421783,5.99181724943122,8.869333280178537,,4.907844434247283,1.5279133986049613,7.78000020980835,6.689369582778017,6.738055801824525,6.064250221642073,6,True,5.8,-22.053341155482332,-14.018388144197736,n/d,n/d,,,,False,False,,,Lateral,8.050000190734863,-3.354036950673245,-19.82188790870523,False,False,False,sem sinal (Lateral)
OPCT3,SMALL11,SMALL11,Bens Industriais,45.41,41.07,70.0,,,0.7,,60.1,19.52,40.25,10.96,False,96,Não,,,False,6,8,False,,False,,False,,True,False,True,True,7,10,True,True,True,False,True,True,True,False,False,False,True,0.66,True,4265812480.0,25.42,4.12,0.46,0.98,16.21,1.49,14.93,6.99,7.28,2.17,2.0,2.22,1.92,2.09,24.96,486.7,20.43,8.23,0.53,70.86,29.16,7.35,11.4,22.3,-21.1,-12.7,9.41,9.33,-26.9,33.9,9.6,8.2,11.4,-6.47,2.14,37.6,-2.94,0.25,15079268.0,6.84,10.6,16.42,9.4,10.6,False,6,,21.1,24.0,False,2025,0.92,0.48,-0.0,8.989999771118164,False,False,False,0.6420554459128653,1.2074784676361305,4.837135990145049,4.166914204967713,4.649039323818158,1.8089738228068724,3.715066971075573,6.827404042478102,,,,6,False,10.6,,,n/d,n/d,,,,False,False,,,Em Baixa,11.319999694824219,-20.583038750181124,-23.22801245233156,False,False,False,sem sinal (Em Baixa; sem novo topo (-20.6%))
RADL3,BOVA11,BOVA11,Bens de primeira necessidade,44.98,43.29,54.54545454545455,,,0.0,,62.1,22.32,41.98,13.7,True,97,Não,,,False,6,8,False,,True,,False,False,True,False,True,True,6,11,True,True,True,False,True,True,True,False,False,True,True,1.09,True,32120610816.0,23.98,4.42,2.39,1.45,18.41,18.18,16.71,2.88,6.9,2.06,1.69,1.41,1.18,1.99,34.69,14.4,15.76,7.8,0.84,70.85,29.09,16.14,26.71,13.8,-31.2,-0.4,20.33,20.87,-39.6,35.5,-21.6,16.14,26.71,-37.67,2.24,15.2,-3.73,-0.0,191098613.0,12.56,19.79,31.18,9.2,7.3,True,7,,15.0,13.8,True,,1.22,0.6,0.17,18.3700008392334,False,False,False,1.9327615384912635,3.6348386352916346,10.477656589947214,8.463786723063777,10.31876462641251,7.704682717937196,7.978408891512504,14.197376683731488,8.96793069541376,8.463786723063777,7.617408050757399,7,True,7.3,-58.53343656637915,-51.18165331674529,n/d,n/d,,,,False,False,,,Lateral,20.610000610351562,-10.868508999427707,-32.2819249741651,False,False,False,sem sinal (Lateral)
VALE3,BOVA11+DIVO11+Wishlist,BOVA11,Materiais,44.82,49.52,18.181818181818183,,,1.0,,48.31,41.94,43.68,85.62,False,98,Não,,,False,4,8,False,,True,,False,False,False,True,False,False,2,11,True,False,True,False,False,True,True,False,False,True,True,0.41,True,297520398336.0,29.93,1.58,8.02,10.47,5.27,24.52,18.11,4.76,4.19,1.04,0.79,1.19,0.55,,313.35,-43.5,8.42,7.92,0.39,60.3,38.73,52.77,87.63,32.5,-20.2,-7.7,75.64,73.45,-20.6,26.6,-0.7,69.61,87.63,-16.77,1.68,48.4,-2.69,0.68,1513482959.0,65.93,92.72,130.41,10.1,13.9,False,6,,-4.3,0.9,False,,0.86,0.57,-0.1,69.91000366210938,False,False,False,53.231134014095986,78.07232988734079,24.915025249888625,48.22238455278614,,43.5,6.3533314387216,88.08929687991234,,,,6,False,13.9,,,2026-10-29,2026-08-12,última,,,True,False,,,Em Baixa,79.0999984741211,-11.61819846939489,-21.554557562321573,False,False,False,sem sinal (Em Baixa; sem novo topo (-11.6%))
RENT3,BOVA11,BOVA11,Bens Industriais,44.65,41.3,63.63636363636363,,,0.7,,52.69,39.78,18.67,39.04,False,99,Não,,,False,2,8,False,,True,,False,True,True,False,True,True,7,11,False,True,False,False,False,False,True,False,False,False,False,1.34,True,44736905216.0,13.3,1.68,5.21,3.79,12.63,7.58,12.27,7.39,5.43,4.1,4.6,1.14,1.71,2.13,50.45,24.5,9.13,6.27,0.33,70.15,29.84,31.57,50.82,28.3,-20.3,6.3,40.91,41.16,-37.9,38.8,-3.1,31.57,50.82,-19.17,2.44,-10.4,-3.64,-0.0,406854157.0,26.22,43.06,70.7,5.8,5.3,True,7,,32.9,12.1,True,,1.71,0.77,0.13,40.5,False,False,False,11.172636134725733,21.01176408562936,41.64928450157652,40.64113432399136,30.607752866703258,49.8890321100573,20.479247700435465,59.407816716811574,37.66943318645783,40.64113432399136,36.57702089159223,7,True,5.3,-9.686368168908077,-6.989053860597949,n/d,n/d,,,,False,False,,,Em Alta,38.529998779296875,5.1129023698844644,-21.999794976386067,False,False,False,sem sinal (Em Alta)
SLCE3,SMALL11,SMALL11,Bens de primeira necessidade,43.67,46.56,27.272727272727273,,,0.0,,51.59,37.58,37.24,65.07,True,100,Não,Bandeira de alta,"Bandeira de alta (pré-confirmação) — pescoço R$17.29, preço 2.8% abaixo do pescoço; falta fechar acima e segurar",False,2,8,False,,True,,False,False,False,False,True,False,3,11,False,False,False,False,True,False,True,False,False,True,True,1.87,True,8337092608.0,21.59,1.55,4.79,7.05,7.16,17.38,10.84,4.41,6.7,4.42,5.6,2.2,1.82,0.89,152.2,24.2,11.45,6.41,0.63,73.5,23.57,12.62,19.32,33.2,-13.0,12.0,15.01,15.32,-34.7,26.1,13.7,12.62,19.32,-2.37,1.64,16.8,-2.46,0.32,56736990.0,14.51,20.25,28.24,8.7,2.7,True,8,,0.8,25.1,False,,0.52,0.35,-0.02,16.809999465942383,False,False,False,8.61834026066064,16.20803990956501,10.649254842533983,13.783730984444954,23.35803538574671,9.032508696563744,9.59236653174665,10.184509334055843,12.678348243164692,10.416882088294912,9.37519387946542,8,True,2.7,-44.228470093292536,-24.578532742660432,n/d,n/d,,,,False,False,,,Lateral,18.43000030517578,-8.790020685883803,-13.706366216820898,False,False,False,sem sinal (Lateral)
SUZB3,BOVA11,BOVA11,Materiais,43.53,48.0,18.181818181818183,,,1.0,,51.27,64.4,29.78,28.77,False,101,Não,Fundo duplo,"Fundo duplo (pré-confirmação) — pescoço R$43.32, preço 2.0% acima do pescoço; falta fechar acima e segurar",False,5,8,False,,False,,False,False,True,False,False,False,2,11,True,True,False,True,False,False,True,True,True,True,False,1.68,False,54434983936.0,6.84,1.12,0.01,3.06,16.44,27.73,5.54,17.08,6.24,3.68,9.14,3.38,1.99,0.53,20.95,-64.0,6.07,3.15,0.57,73.83,26.09,39.68,58.97,11.4,-25.1,2.5,47.18,47.13,-32.7,28.2,-14.8,39.68,58.97,-30.87,1.78,-5.4,-2.42,-0.67,259414183.0,28.24,40.35,57.67,-0.8,10.5,False,5,,0.2,5.7,False,2025,0.45,0.28,-0.04,44.20000076293945,False,False,False,9.846274528396412,18.517348548564865,88.38332542674176,75.74892497042342,103.77090100577851,16.021703434792,71.32226351874311,22.92914922815703,,,,5,False,10.5,,,n/d,n/d,,,,False,False,,,Lateral,48.58000183105469,-9.016057848963122,-25.893565230404057,False,False,False,sem sinal (Lateral)
BBAS3,BOVA11+DIVO11+Carteira,BOVA11,Produtos financeiros,43.51,47.27,22.22222222222222,14.56,,0.4,,37.76,51.39,50.86,72.6,False,102,Bandeira de alta,,,False,2,6,False,,True,,False,False,False,,False,False,2,9,False,False,False,,False,,True,True,True,True,True,,True,131703701504.0,9.13,0.73,2.99,8.48,7.99,14.73,0.0,21.83,,,,,,5.07,77.46,-13.8,5.35,0.79,,92.12,7.71,17.71,27.18,30.3,-15.1,13.1,21.31,21.66,-34.8,29.0,8.9,17.71,27.18,-7.17,1.83,-1.8,-2.85,-0.09,800338863.0,17.08,24.77,35.91,2.5,1.5,True,4,,6.1,1.6,True,,1.23,0.74,-0.04,23.06999969482422,False,False,False,14.234475343073907,16.675095191678118,21.527865450613902,42.387912484402115,25.98852066848396,15.628219215634438,9.785667045011717,,17.016413800250092,16.151657203656278,14.53649148329065,4,True,1.5,-36.98963296236225,-26.240077913534854,2026-11-11,2026-09-02,última,"A análise fundamentalista do Banco do Brasil (BBAS3) revela um cenário desafiador em termos de eficiência, uma vez que o seu ROE de 8,0% e o ROIC de 0,0% situam-se abaixo das médias do setor de produtos financeiros, que registram 18,4% e 2,2%, respectivamente, sugerindo uma dificuldade temporária na rentabilização do capital. Essa compressão de rentabilidade convive com múltiplos de preço aparentemente descontados, como o P/L de 9,13 e o P/VP de 0,73, mas essa aparente barganha perde força quando confrontada com o PEG de 5,07, indicando que o mercado já precifica o crescimento de forma cara. No campo do crescimento, a receita apresenta uma contração histórica com CAGR de 5 anos de -13,8%, muito abaixo da média setorial de 12,7%, e a análise das janelas temporais mais recentes de 3 anos (6,1%) e 1 ano (1,6%) mostra que o indicador está explicitamente desacelerando, o que acende um sinal de alerta para a sustentabilidade da expansão futura. Quanto aos proventos, o dividend yield de 2,99% mostra-se modesto e condizente com a atual fase de transição, embora a robusta margem líquida de 21,83% garanta um colchão de segurança para a operação. No checklist de critérios de qualidade e segurança, o papel atendeu a apenas 2 de 6 requisitos possíveis, falhando em superar a taxa Selic ou a média dos pares em rentabilidade, o que reforça a necessidade de cautela. O valuation calculado aponta uma dispersão acentuada entre os métodos, variando desde a visão ultra-otimista de Graham a R$ 42,39 até a métrica de dividendos de Bazin a R$ 14,23, resultando em uma média de R$ 17,02 e um preço-teto ajustado com margem de segurança de R$ 14,54, o que representa um upside negativo de -37,0% frente à cotação atual de R$ 23,07. Para sustentar o preço atual de tela, o modelo de fluxo de caixa descontado reverso exige um crescimento implícito de 2,5% ao ano, patamar que parece exigente diante da recente trajetória de desaceleração das receitas da companhia. Como prós, destacam-se a sólida margem líquida, o desconto patrimonial e a tendência gráfica de alta; como contras, pesam a rentabilidade abaixo dos pares, a desaceleração do crescimento e o preço atual desalinhado com a média dos preços-teto calculados.

Gatilho de falseamento: ROE abaixo de 8,0% no fechamento anual de 2026.",Bandeira de alta,False,True,22.29,3.5,Em Alta,23.200000762939453,-0.5603494131039111,-15.82069426617001,False,True,False,"Bandeira de alta — mastro +29%, recuo 26%, bandeira 12d (candidato)"
NATU3,BOVA11+SMALL11,BOVA11,Bens de primeira necessidade,43.11,46.8,22.22222222222222,,,0.0,P/L=-3.49<2,38.76,73.21,54.26,2.05,True,103,Não,,,False,2,8,False,,False,,,,False,True,False,False,2,9,False,False,False,False,False,True,True,False,False,True,True,0.35,True,9269995520.0,-3.49,0.74,0.0,0.0,-21.11,16.32,10.18,-12.47,4.28,2.58,3.48,1.68,0.54,,,-88.9,7.15,2.55,0.77,55.21,44.79,6.55,10.7,3.1,-36.9,-21.1,8.6,8.71,-38.8,44.8,-6.2,6.55,10.7,-22.27,2.82,-6.5,-4.17,-0.82,67246755.0,2.71,4.84,8.63,,1.0,True,1,,18.7,2.6,True,"2023, 2024",1.19,0.46,-0.01,6.75,,False,False,,,,,,,,12.769332118957532,12.769332118957532,12.769332118957532,11.49239890706178,1,True,1.0,70.25776158610044,89.1752906512227,n/d,n/d,,,,False,False,,,Em Baixa,8.800000190734863,-23.29545620798076,-39.46188133690946,False,False,False,sem sinal (Em Baixa; sem novo topo (-23.3%))
AXIA3,BOVA11+Carteira,BOVA11,Serviços públicos,41.96,38.14,63.63636363636363,,,0.1,,39.09,24.87,49.06,45.21,True,104,Bandeira de alta,,,False,3,8,False,,True,,False,False,False,True,True,True,7,11,False,False,False,True,False,True,True,False,True,False,True,0.54,True,126991056896.0,13.2,1.3,2.74,4.28,9.86,5.35,3.25,27.05,15.81,2.95,7.36,2.05,0.63,3.07,56.45,9.7,9.5,3.03,0.39,57.63,42.34,48.65,67.15,13.8,-17.6,4.3,54.67,55.77,-27.0,37.3,10.7,49.43,67.15,-5.37,2.35,9.3,-3.11,0.15,707161714.0,37.73,62.35,103.04,5.7,3.7,True,8,,6.6,2.7,True,,1.38,0.65,0.04,55.349998474121094,False,False,False,17.215095508499353,26.107338802709343,46.24812738190705,63.37970749559442,35.93779700652625,26.737029489881632,22.92891397620825,24.45779485487609,32.87647556452529,26.422184146295486,23.77996573166594,8,True,3.7,-57.03709776471941,-40.602571868368344,2026-11-04,2025-11-17,última,"A análise fundamentalista da AXIA3 revela uma empresa do setor de serviços públicos que atualmente opera com indicadores de rentabilidade abaixo de seus pares, visto que seu ROE de 9,9% e seu ROIC de 3,2% não superam as médias setoriais de 12,1% e 9,6%, respectivamente. Essa rentabilidade contida convive com múltiplos de preço que não parecem descontados, dado que o P/L de 13,2 e o P/VP de 1,3 sinalizam que o mercado paga um prêmio por uma qualidade que ainda não se sobressai frente à concorrência. No campo do endividamento, a relação Dívida Líquida/EBITDA de 2,95 vezes está abaixo do limite prudencial e da média do setor de 3,4 vezes, o que, somado a uma liquidez corrente confortável de 2,05, confere solidez financeira ao papel, embora a baixa eficiência operacional limite o retorno sobre o capital. Essa estrutura de capital equilibrada, contudo, não se traduz em proventos robustos, pois o dividend yield de 2,74% mostra-se tímido e coerente com a necessidade de retenção ou com a geração de caixa atual, sem espaço para payouts exagerados. Quanto ao crescimento, o CAGR de receita de 5 anos de 9,7% fica muito aquém dos 37,6% do setor, e a análise das janelas temporais de 3 anos para 1 ano, que caíram de 6,6% para 2,7%, mostra que a receita está explicitamente desacelerando, um sinal de alerta importante que a média de longo prazo costuma mascarar. Diante disso, o crescimento implícito de 5,7% ao ano embutido no preço atual pelo fluxo de caixa descontado reverso configura um patamar exigente, especialmente quando confrontado com essa perda recente de fôlego operacional. Essa desconexão se reflete no valuation, onde a média dos preços-teto de R$ 32,88 e o valor ajustado com margem de segurança de R$ 23,78 apresentam um expressivo upside negativo de 57,0% contra a cotação atual de R$ 55,35, evidenciando uma forte dispersão entre os métodos, que vão desde o conservadorismo de Bazin a R$ 17,22 até o teto de Graham a R$ 63,38. No checklist de critérios de qualidade e valor, a companhia atendeu a apenas 3 dos 8 requisitos avaliados, falhando em superar a taxa Selic e a média setorial em rentabilidade, além de registrar vendas de papéis por insiders. Como prós, destacam-se a excelente margem líquida de 27,05%, o endividamento controlado abaixo dos pares e a sólida liquidez de curto prazo; como contras, pesam a rentabilidade inferior ao custo de oportunidade, a desaceleração do crescimento e o valuation esticado frente aos modelos matemáticos.

Gatilho de falseamento: ROIC abaixo de 3.2% no fechamento anual de 2026.",Bandeira de alta,False,True,59.55,-7.05,Em Alta,55.849998474121094,-0.8952551721763791,-18.410964826060138,False,True,False,"Bandeira de alta — mastro +14%, recuo 25%, bandeira 7d (candidato)"
FRAS3,SMALL11,SMALL11,Consumo discricionário,41.42,40.71,45.45454545454545,,,0.9,,52.93,18.79,46.25,29.45,False,105,Não,Bandeira de alta,"Bandeira de alta (pré-confirmação) — pescoço R$23.16, preço 2.4% abaixo do pescoço; falta fechar acima e segurar",False,6,8,False,,True,,False,False,True,False,True,False,5,11,True,False,True,False,True,True,True,True,False,True,True,0.6,True,6267773440.0,21.63,2.51,2.73,3.06,11.62,14.99,15.27,5.39,7.33,1.64,1.48,2.41,1.13,5.52,66.3,155.0,14.49,6.92,0.72,65.64,34.06,18.96,25.01,19.2,-9.6,4.4,22.12,22.33,-24.2,26.9,-5.1,18.96,24.94,-21.17,1.7,6.2,-2.66,-0.26,4647518.0,16.51,23.3,32.89,8.7,2.9,True,8,,21.5,38.5,False,,0.78,0.51,0.08,22.600000381469727,False,False,False,5.0376929474571845,7.319987622198649,11.041495054894439,14.549048280573425,7.29454354397303,8.447831844603025,5.460939819135547,10.27907293776394,8.678826506324905,7.883909733400837,7.095518760060753,8,True,2.9,-68.60389982170736,-61.598113452064894,n/d,n/d,,,,False,False,,,Lateral,23.56999969482422,-4.115398073456467,-10.044550110684646,False,False,False,sem sinal (Lateral)
USIM5,BOVA11+SMALL11,BOVA11,Materiais,41.39,45.49,18.181818181818183,,,1.0,P/L=-3.79<2,9.76,90.32,71.0,43.15,False,106,Não,,,False,4,8,False,,False,,False,False,False,True,True,False,2,11,False,False,False,False,True,True,True,True,False,False,True,-0.02,True,8628909056.0,-3.79,0.42,0.0,4.14,-11.18,-0.65,4.67,-9.36,3.5,-0.18,-0.44,4.44,0.27,,,301.7,5.28,1.64,1.4,33.58,58.33,4.23,12.04,65.7,-41.8,-16.0,6.73,7.04,-49.6,46.4,17.2,5.98,12.04,1.13,2.92,72.5,-4.35,0.94,74471864.0,6.19,11.19,20.22,,4.7,True,3,,-6.8,1.5,False,2025,0.91,0.34,0.02,7.010000228881836,False,False,False,2.1127460029215355,3.973325547429855,,,,,,9.890198980334358,5.325423510228583,3.973325547429855,3.57599299268687,3,True,4.7,-48.98726282556376,-24.031050836669653,n/d,n/d,,,,False,False,,,Lateral,7.650000095367432,-8.366011222315628,-42.44663338881035,False,False,False,sem sinal (Lateral)
PNVL3,SMALL11,SMALL11,Bens de primeira necessidade,41.31,35.77,72.72727272727273,,,0.0,,35.2,41.63,35.96,23.29,True,107,Bandeira de alta,,,False,4,8,False,,True,,False,False,True,False,True,True,8,11,False,True,False,False,True,False,True,True,False,False,True,0.84,True,1897070464.0,13.87,1.45,3.54,2.71,10.45,8.49,9.66,2.33,5.92,4.17,5.94,1.75,1.07,2.12,37.54,17.6,8.29,4.98,0.9,66.54,33.46,8.73,15.91,45.5,-20.2,9.5,11.67,11.81,-35.3,35.6,9.0,10.3,15.91,-7.07,2.24,28.2,-3.13,0.66,11618253.0,10.98,17.32,27.3,6.1,5.4,True,7,,11.4,11.5,False,,1.43,0.7,0.13,12.699999809265137,False,False,False,2.4996413910014144,4.700938486947821,12.523664253618666,13.432991558581222,8.454835860882357,5.709302482751912,6.315720418909103,11.827335636106614,8.9949698139711,8.454835860882357,7.609352274794121,7,True,5.4,-40.08383945610136,-29.173464968015793,n/d,n/d,,,Bandeira de alta,False,False,,,Em Alta,13.151135444641113,-3.430393043057034,-21.299643103036015,False,True,False,"Bandeira de alta — mastro +21%, recuo 41%, bandeira 7d (candidato)"
MOVI3,SMALL11,SMALL11,Bens Industriais,40.94,43.35,27.272727272727273,,,0.7,,46.52,57.26,13.09,54.79,False,108,Não,,,False,5,8,False,,False,,False,False,True,False,True,False,3,11,True,True,True,False,True,False,True,False,False,False,False,5.24,False,4239656448.0,9.83,1.09,6.15,5.83,11.08,3.58,13.78,2.89,3.78,3.65,3.64,0.68,6.43,2.08,57.33,97.0,4.47,6.78,0.22,91.5,8.5,6.5,14.83,53.8,-32.6,17.0,9.57,9.98,-56.2,62.6,1.0,6.5,14.83,-15.07,3.94,-15.8,-5.96,0.33,58240488.0,5.23,11.61,25.77,3.2,43.4,False,6,,16.4,8.8,True,,2.34,0.65,0.15,10.0,False,False,False,4.241741407292235,6.769930035253495,11.808202048456753,14.491096587696916,10.742584315966702,14.814152010169614,5.845007331072031,184.299203268097,,,,6,False,43.4,,,n/d,n/d,,,,False,False,,,Em Alta,9.34000015258789,7.06637940716992,-33.19973399048733,False,False,False,sem sinal (Em Alta)
ENGI11,BOVA11,BOVA11,Serviços públicos,40.45,41.17,36.36363636363637,,,0.1,,49.66,36.6,23.01,50.68,True,109,Bandeira de alta,,,False,3,8,False,,True,,False,False,False,False,True,False,4,11,False,False,True,False,False,False,True,True,False,True,True,2.32,True,16223811584.0,17.59,1.37,2.15,5.38,7.78,17.19,10.25,4.13,6.11,4.32,5.79,1.56,1.99,42.15,94.64,7.9,24.12,4.83,0.34,74.62,23.0,42.54,57.51,24.5,-7.9,9.8,48.34,48.9,-24.1,26.8,13.7,43.67,57.51,-2.37,1.69,9.1,-2.65,0.26,162244401.0,44.55,62.81,88.57,7.6,14.2,False,7,,10.2,5.1,True,,1.32,0.86,0.04,52.970001220703125,False,False,False,20.725980633306193,21.46399888139025,22.680728210462387,51.183271181107976,17.4582198073462,23.095994072202554,8.995305801614474,127.51072327811137,,,,7,False,14.2,,,n/d,n/d,,,Bandeira de alta,False,False,,,Em Alta,53.029998779296875,-0.11313890246057445,-9.608895517897963,False,True,False,"Bandeira de alta — mastro +21%, recuo 21%, bandeira 7d (candidato)"
EMBJ3,BOVA11,BOVA11,Bens Industriais,40.06,33.01,80.0,,,0.7,,42.92,11.76,49.3,8.9,False,110,Não,,,False,5,8,False,,False,,False,,True,True,True,True,8,10,False,True,False,False,True,True,True,True,False,False,True,0.14,True,69268480000.0,30.94,4.02,1.23,0.84,13.01,5.09,9.61,5.28,11.76,0.52,0.75,1.44,0.69,3.21,25.95,113.9,17.1,3.7,0.82,70.5,26.66,68.24,103.35,42.6,-5.8,13.7,84.74,85.43,-34.0,37.8,10.5,68.24,103.35,-5.57,2.38,15.5,-3.25,0.36,460874885.0,72.95,118.95,193.96,10.2,8.1,False,6,,18.6,18.5,True,,0.76,0.35,-0.0,97.30999755859375,False,False,False,5.936610532106432,11.164657871671128,43.017118423633406,41.38810474155121,32.93643100095108,17.833368576255566,27.945541460416017,47.859907704942614,,,,6,False,8.1,,,n/d,n/d,,,,False,False,,,Em Alta,101.5199966430664,-4.146965350358089,-7.215719457972214,False,False,False,sem sinal (Em Alta)
SMFT3,BOVA11+SMALL11,BOVA11,Consumo discricionário,39.9,37.32,54.54545454545455,,,0.9,,48.35,41.94,13.4,23.97,False,111,Não,Fundo triplo,"Fundo triplo (pré-confirmação) — pescoço R$17.97, preço 2.3% abaixo do pescoço; falta fechar acima e segurar",False,1,8,False,,False,,False,False,True,False,False,True,6,11,False,False,False,False,False,False,True,False,True,False,False,1.83,False,10748105728.0,15.76,1.78,5.75,2.73,11.3,9.4,10.6,8.53,3.96,4.32,5.6,1.2,2.24,2.45,42.96,-6.3,8.74,5.98,0.3,73.66,26.34,16.55,25.93,6.1,-32.3,-5.2,19.74,20.4,-36.2,36.2,-22.8,16.55,23.32,-38.87,2.28,-31.7,-3.23,-1.19,123962283.0,7.71,12.26,19.49,7.0,4.5,True,6,,35.2,29.8,True,2023,1.26,0.61,0.08,17.559999465942383,False,False,False,3.481151991507414,6.546811648544588,15.239560695839957,15.726339598186588,10.218941428752201,12.813332909700144,7.6269918685954465,,11.36199635826982,11.516137169226173,10.364523452303557,6,True,4.5,-40.97651613027923,-35.296146333566746,n/d,n/d,,,,False,False,,,Em Alta,17.790000915527344,-1.2928692397323749,-33.24848917527724,False,False,False,sem sinal (Em Alta)
HAPV3,BOVA11+SMALL11,BOVA11,Cuidados de saúde,39.17,35.49,60.0,,,0.2,P/L=-19.31<2,11.76,81.19,47.08,4.79,True,112,Não,Fundo duplo,"Fundo duplo (pré-confirmação) — pescoço R$7.33, preço 9.0% abaixo do pescoço; falta fechar acima e segurar",False,2,8,False,,False,,False,,False,True,True,True,6,10,False,False,False,False,True,False,True,False,False,False,True,0.17,True,3168836608.0,-19.31,0.07,0.0,0.04,-0.36,-1.11,2.12,-0.55,4.21,3.07,7.69,1.84,0.33,,,41.3,6.06,1.55,0.45,33.25,66.74,6.09,36.59,9.5,-81.8,-30.7,11.74,14.24,-83.4,78.9,-54.2,6.09,16.49,-70.27,4.97,-82.0,-6.42,-1.88,56103444.0,0.39,1.21,3.78,,781.6,False,2,,10.0,9.2,True,,1.63,0.36,0.02,6.670000076293945,False,False,False,0.021724133170121188,0.040855385929615004,,,,,,16.98037532482856,,,,2,False,781.6,,,n/d,n/d,,,,False,False,,,Lateral,7.320000171661377,-8.879782515358947,-82.39641017751984,False,False,False,sem sinal (Lateral)
UNIP6,SMALL11+DIVO11,SMALL11,Materiais,39.08,42.77,18.181818181818183,,,1.0,,50.03,14.37,35.03,96.58,False,113,Não,,,False,4,8,False,,True,,False,False,True,False,False,False,2,11,False,True,True,False,False,False,True,True,False,True,True,1.25,True,6288676864.0,23.91,3.19,11.5,15.82,13.34,34.18,11.66,5.09,8.67,2.72,3.21,2.39,1.85,,378.23,-46.1,10.64,4.48,0.47,74.89,24.93,53.05,71.62,6.1,-21.4,-5.6,60.75,61.27,-25.5,29.9,-3.2,55.19,71.62,-19.27,1.89,-14.9,-2.82,-0.83,16213114.0,32.84,48.25,70.88,9.2,14.8,False,5,,-10.9,-5.3,False,,0.7,0.41,0.12,56.310001373291016,False,False,False,64.78247629155042,95.01429856094063,25.12087054154904,30.583815662595836,,31.018850384254566,6.405821988095005,21.658576924452394,,,,5,False,14.8,,,n/d,n/d,,,,False,False,,,Lateral,58.13999938964844,-3.147571440606589,-22.541489311628972,False,False,False,sem sinal (Lateral)
VAMO3,BOVA11+SMALL11,BOVA11,Bens Industriais,37.29,40.66,18.181818181818183,,,0.7,,50.61,39.32,26.57,27.4,False,114,Não,,,False,4,8,False,,True,,False,False,False,False,False,False,2,11,True,False,True,False,False,False,True,True,False,True,False,3.87,False,5253484544.0,16.64,1.59,2.9,2.95,9.57,14.8,15.52,5.1,4.3,3.09,2.74,1.67,4.84,3.42,49.11,-1.9,7.08,7.32,0.32,88.84,11.16,2.48,4.82,73.4,-10.8,37.0,3.38,3.46,-48.5,56.7,32.3,2.48,4.82,16.23,3.57,-15.4,-5.25,0.39,62504116.0,2.56,5.25,10.77,7.3,11.4,False,6,,5.4,22.5,False,,2.08,0.64,0.08,4.300000190734863,False,False,False,0.9230146316962283,1.4988001365722121,3.0517404428776387,3.965377251067955,2.021152461129453,2.5998888727996072,1.5082894837690048,10.522448909137497,,,,6,False,11.4,,,n/d,n/d,,,,False,False,,,Em Alta,4.0,7.500004768371582,-12.955462734259527,False,False,False,sem sinal (Em Alta)
RAPT4,SMALL11,SMALL11,Bens Industriais,36.85,40.14,18.181818181818183,,,0.7,P/L=-5.20<2,18.86,83.49,30.97,45.89,False,115,Não,Fundo duplo,"Fundo duplo (pré-confirmação) — pescoço R$5.14, preço 0.2% acima do pescoço; falta fechar acima e segurar",False,1,8,False,,False,,False,False,False,False,True,False,2,11,False,False,False,False,False,False,True,False,False,False,False,1.87,False,1795742080.0,-5.2,0.6,0.0,4.31,-11.45,8.95,9.51,-2.65,3.93,3.04,4.4,2.12,2.11,,,0.9,5.39,5.22,0.76,74.66,17.25,4.35,6.84,18.4,-24.7,5.9,5.32,5.49,-36.4,40.4,-5.7,4.35,6.84,-21.77,2.54,-18.4,-4.1,-0.59,16777617.0,2.55,4.29,7.22,,10.8,False,2,,5.6,10.3,False,2025,1.34,0.58,-0.01,5.150000095367432,False,False,False,1.6149850610487544,1.7436497269046811,,,,,,17.46848779375263,,,,2,False,10.8,,,n/d,n/d,,,,False,False,,,Em Alta,5.139999866485596,0.19455698719061942,-26.63817508034061,False,False,False,sem sinal (Em Alta)
ARML3,SMALL11,SMALL11,Bens Industriais,36.62,36.66,36.36363636363637,,,0.7,,32.55,46.47,27.63,48.63,False,116,Não,Bandeira de alta,"Bandeira de alta (pré-confirmação) — pescoço R$4.60, preço 6.3% abaixo do pescoço; falta fechar acima e segurar",False,2,8,False,,True,,False,False,False,False,True,False,4,11,False,False,False,False,False,False,True,True,False,True,False,1.74,False,1491406336.0,24.1,1.09,10.84,4.81,4.51,11.22,9.85,3.11,5.15,3.29,4.59,1.89,2.12,1.15,115.85,20.9,3.88,5.25,0.54,75.09,23.96,2.71,6.17,59.3,-30.1,25.1,3.87,4.0,-54.6,61.0,3.0,2.8,6.17,-13.07,3.84,5.6,-5.76,0.46,4937961.0,2.51,5.45,11.86,9.2,4.2,True,8,,25.6,6.9,True,2025,1.9,0.54,0.05,4.309999942779541,False,False,False,1.5068183842539575,2.8337907032905068,2.4460446737230956,3.9888412575231267,4.597417078323001,2.4908466572427677,2.203286277802653,6.394810646601262,3.3077319598450465,2.662318680266637,2.3960868122399734,8,True,4.2,-44.40633772503661,-23.254477871016555,n/d,n/d,,,,False,False,,,Em Alta,4.670000076293945,-7.708782176297002,-31.58730456678286,False,False,False,sem sinal (Em Alta)
CBAV3,SMALL11,SMALL11,Materiais,36.44,38.06,27.272727272727273,,,1.0,,37.81,42.1,38.58,28.08,False,117,Não,,,False,4,8,False,,False,,False,False,True,True,True,False,3,11,False,True,False,False,True,False,True,True,False,False,True,0.57,True,7311546368.0,12.23,1.44,0.39,3.04,11.81,-1.32,6.25,6.41,6.55,1.95,4.29,2.06,0.89,1.65,37.19,28.1,9.6,3.49,0.48,67.68,30.73,3.52,11.28,219.5,-0.4,2.7,10.46,9.15,-15.2,31.2,60.2,7.01,11.28,44.13,1.96,202.1,-2.32,3.29,21729922.0,23.1,34.19,50.62,5.2,16.0,False,6,,-0.1,7.5,False,,0.19,0.1,0.03,11.229999542236328,False,False,False,2.4836145637088842,4.670797711749288,12.559068936534178,12.693357827611436,9.603551213505902,0.7922419761719267,6.856803487538678,7.471769800129646,,,,6,False,16.0,,,n/d,n/d,,,,False,False,,,Em Alta,11.279999732971191,-0.44326411275271704,-0.5314474740427788,False,False,False,sem sinal (Em Alta)
TIMS3,BOVA11+DIVO11+AUVP11,BOVA11,Comunicação,36.33,31.51,63.63636363636363,,,0.4,,30.27,9.6,37.74,79.45,False,118,Não,,,False,3,8,False,,True,,False,False,False,True,True,True,7,11,False,False,False,True,True,False,True,False,True,True,True,0.49,True,43538612224.0,3193.15,1.74,8.13,9.25,0.05,11.85,0.76,15.78,111.26,1.05,2.63,0.85,0.66,1277.26,29543.85,2.5,8.67,7.75,0.43,57.89,42.11,17.74,27.65,3.3,-33.7,-10.3,22.23,22.54,-35.8,28.5,-13.2,17.74,27.65,-29.27,1.8,-12.9,-2.8,-0.87,117861863.0,10.93,15.77,22.77,,43.0,False,3,,7.3,4.6,True,,0.77,0.47,0.1,18.329999923706055,False,False,False,12.334103097490006,15.451890269355532,,,,30.75,,0.7148069489300787,,,,3,False,43.0,,,n/d,n/d,,,,False,False,,,Lateral,19.419958114624023,-5.612567156348214,-34.61047597034106,False,False,False,sem sinal (Lateral)
AUAU3,SMALL11,SMALL11,Consumo discricionário,36.23,30.86,66.66666666666667,,,0.9,,30.09,41.53,29.86,9.59,False,119,Não,Bandeira de alta,"Bandeira de alta (pré-confirmação) — pescoço R$4.27, preço 3.3% acima do pescoço; falta fechar acima e segurar",False,2,8,False,,,,,,False,True,True,,2,3,False,False,False,False,False,True,True,False,False,False,True,0.5,True,3796100608.0,19.72,1.19,0.69,0.9,6.04,,7.01,3.84,4.21,2.55,4.99,1.26,0.7,3.97,17.67,22.2,12.59,5.61,,,,2.8,4.41,57.2,0.0,28.2,3.29,3.38,-27.2,40.8,15.0,2.8,4.41,-1.07,2.57,,-3.6,0.33,16920119.0,3.16,5.33,9.0,8.3,15.5,False,4,,,,,,1.03,0.47,0.05,4.409999847412109,,False,False,0.2873137309585326,0.4724877999166481,2.6746267447286907,4.318201436038689,1.31244897275988,0.6911708907945013,1.320030159631529,4.4630085068519305,,,,4,False,15.5,,,n/d,n/d,,,,False,False,,,Em Alta,4.199999809265137,5.000001135326615,2.0833257447793185,False,False,False,sem sinal (Em Alta)
BRAP4,BOVA11+SMALL11+DIVO11,BOVA11,Basic Materials,36.2,36.7,33.333333333333336,,,1.0,DY5a=24.4%>=20,13.58,47.89,74.72,,False,120,Não,,,False,4,6,False,,True,,False,False,False,True,,False,3,9,False,True,True,False,,,True,True,False,True,True,,True,7952344064.0,13.61,0.99,11.65,24.38,7.26,23.82,-0.47,0.0,-206.83,,,5.68,0.0,1.87,331.82,,2.7,-0.74,,4.4,95.6,15.04,25.49,34.5,-20.6,-7.6,21.92,21.17,-20.8,26.7,0.7,20.08,25.49,-15.37,1.68,48.3,-2.81,0.73,47470911.0,19.35,27.24,38.36,6.0,6.2,True,6,,-44.5,-48.8,True,,0.95,0.62,-0.12,20.229999542236328,False,False,False,35.87070773188645,67.46007292803161,20.330212144552636,26.142100029641693,44.59221060008008,15.342069641277186,10.949468672147663,,25.537794803264287,23.236156087097164,20.91254047838745,6,True,6.2,3.3739048521781,26.23724854736802,n/d,n/d,,,,False,False,,,Em Baixa,22.56999969482422,-10.36774561022481,-21.06905889718631,False,False,False,sem sinal (Em Baixa; sem novo topo (-10.4%))
AZZA3,BOVA11+SMALL11,BOVA11,Consumo discricionário,36.13,37.69,27.272727272727273,,,0.9,,23.9,58.85,43.32,35.62,False,121,Não,Fundo duplo,"Fundo duplo (pré-confirmação) — pescoço R$17.69, preço 1.8% abaixo do pescoço; falta fechar acima e segurar",False,2,8,False,,True,,False,False,False,True,False,False,3,11,False,False,False,False,False,True,True,False,False,True,True,0.38,True,3513816832.0,11.07,0.45,14.24,3.54,4.03,11.4,5.88,2.85,3.99,2.74,6.4,2.26,0.49,4.52,39.19,-94.3,5.01,3.33,0.93,48.36,51.64,14.3,28.21,21.5,-38.4,1.1,22.72,21.8,-49.3,49.2,-31.5,14.3,28.04,-47.57,3.1,-46.0,-4.49,-1.0,60547816.0,5.76,10.8,20.25,4.3,10.8,False,5,,40.8,41.0,False,"2024, 2025",1.3,0.46,0.03,17.3799991607666,False,False,False,4.474282007509781,5.578211507635143,14.235445264116452,36.936942459883824,9.405311266793603,48.29379626543999,6.733032097035086,20.708336787712202,,,,5,False,10.8,,,n/d,n/d,,,,False,False,,,Em Alta,17.149999618530273,1.341105232374562,-39.77824395979843,False,False,False,sem sinal (Em Alta)
RAIL3,BOVA11,BOVA11,Bens Industriais,35.64,33.91,45.45454545454545,,,0.7,,49.27,23.95,22.26,13.01,False,122,Não,,,False,2,8,False,,False,,False,False,False,False,True,True,5,11,False,False,False,False,True,False,True,False,True,False,False,1.64,False,30232000512.0,24.68,2.09,0.67,1.31,8.48,1.9,12.06,8.53,6.51,3.16,3.6,1.31,2.01,4.3,32.32,56.8,12.08,7.07,0.25,73.88,25.74,12.33,17.04,32.1,-4.4,15.3,15.15,15.02,-27.6,33.8,11.2,12.33,17.04,-4.87,2.13,1.2,-3.07,-0.02,160326243.0,11.38,17.55,27.08,9.3,9.1,False,7,,12.1,-0.6,True,,1.07,0.55,0.01,16.290000915527344,False,False,False,1.5516843563030056,2.816101542692941,8.712006363752389,10.758869680273797,4.652440564976879,7.671681717600405,4.219619504322963,14.056404162346453,,,,7,False,9.1,,,n/d,n/d,,,,False,False,,,Em Alta,16.09000015258789,1.2430128094640613,-5.993908140180149,False,False,False,sem sinal (Em Alta)
POSI3,SMALL11,SMALL11,Tecnologia de informação,35.61,35.48,36.36363636363637,,,0.5,,20.38,51.24,35.66,63.7,False,123,Não,Fundo duplo,"Fundo duplo (pré-confirmação) — pescoço R$4.10, preço 9.5% abaixo do pescoço; falta fechar acima e segurar",False,0,8,False,,True,,False,False,False,True,True,False,4,11,False,False,False,False,False,False,False,False,False,True,False,0.5,True,513726432.0,42.2,0.34,4.84,6.91,0.8,10.68,6.93,0.36,3.89,3.07,6.09,1.82,0.81,3.67,291.72,11.5,2.2,3.74,0.97,64.77,35.23,3.28,4.72,13.1,-21.4,0.8,4.01,3.98,-30.5,37.2,-5.8,3.28,4.72,-21.87,2.35,-19.8,-3.88,-0.53,2298293.0,2.01,3.26,5.26,11.1,17.6,False,6,,-11.2,-7.6,False,,1.04,0.49,-0.14,3.7100000381469727,False,False,False,1.8652185940806545,3.5078143237065205,1.202446121521416,4.645896057707711,1.6187619930639618,0.7445919647652398,0.8861801038986133,13.115168334912727,,,,6,False,17.6,,,n/d,n/d,,,,False,False,,,Em Alta,3.5899999141693115,3.3426219177341565,-22.70833560989953,False,False,False,sem sinal (Em Alta)
YDUQ3,BOVA11+SMALL11,BOVA11,Consumo discricionário,35.0,33.16,45.45454545454545,,,0.9,,33.69,37.05,25.21,36.99,False,124,Não,Bandeira de alta,"Bandeira de alta (pré-confirmação) — pescoço R$11.18, preço 0.3% abaixo do pescoço; falta fechar acima e segurar",False,1,8,False,,False,,False,False,False,False,True,True,5,11,False,False,False,False,False,False,True,False,False,False,False,1.48,True,2834633984.0,26.89,1.05,5.11,3.6,3.89,5.03,11.35,2.04,4.25,3.14,3.8,1.61,1.72,216.89,96.81,1.0,5.08,7.39,0.4,70.08,29.69,7.32,14.76,52.2,-24.5,24.0,11.18,10.9,-50.4,47.7,-8.6,7.32,14.76,-24.67,3.0,-28.3,-4.56,-0.26,66780456.0,5.46,10.09,18.63,9.7,9.4,False,5,,6.5,3.2,True,,1.56,0.57,0.03,11.140000343322754,False,False,False,2.9169221918859916,2.9471116405150672,3.044131766068946,9.944579239851642,1.5429083595342028,5.86116304407294,1.1597144421525096,10.939394376997026,,,,5,False,9.4,,,n/d,n/d,,,,False,False,,,Em Alta,11.210000038146973,-0.6244397376094057,-27.141920398195516,False,False,False,sem sinal (Em Alta)
TTEN3,SMALL11,SMALL11,Bens de primeira necessidade,34.48,30.94,54.54545454545455,,,0.0,,35.06,37.74,23.5,10.27,True,125,Não,,,False,2,8,False,,True,,False,True,True,False,False,True,6,11,False,True,False,False,False,False,True,False,False,True,False,0.75,True,5099596288.0,8.68,1.02,1.78,0.96,11.76,18.41,4.0,3.22,16.45,7.48,18.7,1.36,1.03,0.81,8.35,-37.8,5.29,1.74,0.97,64.13,35.82,9.93,17.74,2.7,-42.5,-23.4,15.41,14.74,-44.0,38.6,-38.0,9.93,17.74,-54.07,2.43,-15.5,-3.19,-0.92,18985154.0,4.59,7.61,12.6,2.0,22.8,False,4,,33.6,28.1,True,,0.84,0.38,0.01,10.199999809265137,False,False,False,0.7132175158164563,1.3413090700677226,16.07254318094402,16.260409335888752,13.79589071003934,1.7586142772537363,11.302605692906324,,,,,4,False,22.8,,,n/d,n/d,,,,False,False,,,Em Baixa,11.789999961853027,-13.486006426907494,-43.01675962771537,False,False,False,sem sinal (Em Baixa; sem novo topo (-13.5%))
CASH3,SMALL11,SMALL11,Comunicação,34.42,29.9,60.0,,,0.4,P/L=-5.55<2,0.88,50.66,83.17,2.05,False,126,Bandeira de alta,,,False,2,8,False,,False,,False,,False,True,True,True,6,10,False,False,False,False,True,True,False,False,False,False,True,-0.29,True,557319424.0,-5.55,1.3,0.0,0.0,-23.45,-3.01,-16.62,-20.31,-8.61,-1.12,-2.8,2.68,0.0,,,18.2,6.22,9.61,1.74,18.27,80.69,3.24,5.91,65.1,-9.5,14.2,4.13,4.26,-33.2,50.8,39.7,3.24,5.91,23.63,3.2,32.7,-4.8,0.56,6966707.0,3.75,7.16,13.68,,,True,0,,12.9,26.1,False,,0.89,0.31,0.03,5.349999904632568,False,False,False,,,,,,,,,,,,0,True,,,,n/d,n/d,,,Bandeira de alta,False,False,,,Lateral,5.730000019073486,-6.631764627853565,-10.833334922790527,False,True,False,"Bandeira de alta — mastro +42%, recuo 44%, bandeira 7d (candidato)"
SIMH3,SMALL11,SMALL11,Industrials,34.35,35.6,27.272727272727273,,,0.7,P/L=-30.83<2,26.18,74.97,16.81,17.12,False,127,Não,Bandeira de alta,"Bandeira de alta (pré-confirmação) — pescoço R$8.62, preço 11.7% acima do pescoço; falta fechar acima e segurar",False,5,8,False,,False,,False,False,False,False,True,False,3,11,False,True,True,False,True,False,True,True,False,False,False,7.83,False,5621602304.0,-30.83,0.95,1.78,2.27,-3.1,-1.12,11.25,-0.4,3.91,3.53,4.31,1.28,6.05,,,8.8,3.51,6.03,0.36,91.64,5.09,5.63,14.3,71.0,-32.6,23.7,9.7,9.73,-60.6,58.5,-5.9,5.63,13.96,-21.97,3.69,-36.9,-5.26,-0.16,31240437.0,4.02,8.49,17.91,,31.2,False,2,,21.8,6.8,True,,2.34,0.7,0.06,9.630000114440918,False,False,False,1.5896234237592821,2.98951760016665,,,,,,49.559665172964394,,,,2,False,31.2,,,n/d,n/d,,,,False,False,,,Em Alta,8.729999542236328,10.30928544555274,-34.08304882879214,False,False,False,sem sinal (Em Alta)
MBRF3,BOVA11+DIVO11,BOVA11,Bens de primeira necessidade,33.61,37.94,9.090909090909092,,,0.0,,41.35,32.73,6.09,99.32,True,128,Não,,,False,1,8,False,,False,,False,False,False,False,False,False,1,11,False,False,False,False,False,False,True,False,False,True,True,4.46,False,23381565440.0,63.49,2.03,0.0,18.22,3.2,39.26,6.29,0.22,5.8,4.84,10.57,1.05,5.39,,1156.88,-51.3,10.36,2.68,0.43,89.92,7.97,14.52,25.6,15.6,-34.5,0.7,17.92,18.02,-43.3,52.5,-14.6,14.52,22.33,-30.67,3.31,-5.2,-4.32,-0.27,73070550.0,7.51,14.58,28.32,12.0,45.4,False,4,,9.4,9.9,False,,0.97,0.32,0.02,16.780000686645508,False,False,False,22.236892291324693,32.61410869394289,2.819131737137902,7.011041710118532,,2.952219479501717,0.7188785929701651,16.780000686645508,,,,4,False,45.4,,,n/d,n/d,,,,False,False,,,Lateral,17.350000381469727,-3.2853007624887076,-37.45806658829215,False,False,False,sem sinal (Lateral)
CSNA3,BOVA11+SMALL11,BOVA11,Materiais,32.96,37.17,9.090909090909092,,,1.0,P/L=-2.91<2,15.09,77.5,7.42,95.21,False,129,Não,,,False,2,8,False,,False,,False,False,False,False,True,False,1,11,False,False,False,False,False,False,True,True,False,False,False,3.31,False,7651561984.0,-2.91,0.63,0.0,15.41,-21.59,-7.63,8.07,-5.82,4.35,5.46,9.3,1.15,3.57,,,5.7,-14.5,2.17,0.39,84.35,12.8,4.28,10.89,34.8,-47.0,3.6,6.68,7.19,-60.7,58.3,-33.7,4.28,10.89,-49.77,3.67,-28.2,-6.09,-0.5,157428450.0,1.96,4.16,8.82,,1.8,True,2,,0.3,2.5,False,2024,1.69,0.51,-0.07,5.769999980926514,False,False,False,6.467007611069897,11.675760480420756,,,,,,,9.071384045745326,9.071384045745326,8.164245641170794,2,True,1.8,41.49472561800296,57.21636179778107,n/d,n/d,,,,False,False,,,Lateral,7.190000057220459,-19.749653198791417,-49.028267345583956,False,False,False,sem sinal (Lateral)
MYPK3,SMALL11,SMALL11,Consumo discricionário,32.49,35.02,18.181818181818183,,,0.9,,23.93,53.81,28.31,51.37,False,130,Não,Fundo duplo,"Fundo duplo (pré-confirmação) — pescoço R$9.71, preço 4.7% abaixo do pescoço; falta fechar acima e segurar",False,1,8,False,,True,,False,False,False,False,True,False,2,11,False,False,False,False,False,False,True,False,False,False,True,0.95,True,1385370368.0,15.55,0.35,3.32,5.4,2.23,4.01,8.93,0.6,3.52,2.9,4.46,1.73,1.23,43.36,83.92,0.1,4.1,3.75,0.65,66.29,30.03,8.74,11.73,5.8,-21.2,0.1,9.74,9.81,-25.5,28.6,-5.8,8.74,11.05,-21.87,1.8,-19.4,-2.85,-1.17,7136351.0,5.05,7.29,10.51,6.9,11.3,False,6,,-3.2,0.2,False,2024,0.82,0.5,0.01,9.25,False,False,False,3.6304295856004267,3.7410308485870476,4.458018976890594,18.807617032176903,3.423533792109858,7.740206856373613,1.754548420951354,19.80686066579461,,,,6,False,11.3,,,n/d,n/d,,,,False,False,,,Lateral,9.989999771118164,-7.4074052860097055,-21.87367619938859,False,False,False,sem sinal (Lateral)
DXCO3,SMALL11,SMALL11,Materiais,31.38,32.11,27.272727272727273,,,1.0,P/L=-148.06<2,13.51,68.14,27.51,34.93,False,131,Bandeira de alta,,,False,2,8,False,,True,,False,False,False,False,True,False,3,11,False,False,False,False,False,False,True,True,False,False,False,0.88,True,5274728448.0,-148.06,0.77,0.0,3.49,-0.52,6.92,4.35,-0.43,5.05,3.22,8.04,1.98,1.19,,,5.2,10.5,2.48,0.51,62.06,36.03,4.44,6.09,30.9,-4.6,14.0,5.0,5.08,-26.8,32.9,15.7,4.46,6.09,-0.37,2.07,3.2,-3.39,0.13,9252274.0,4.33,6.59,10.04,,3.9,True,3,,-0.9,0.2,False,,1.16,0.62,-0.07,5.809999942779541,False,False,False,1.4753594169695112,2.4960320428612843,,,,,,5.683232974147497,3.2182081446594304,2.4960320428612843,2.246428838575156,3,True,3.9,-61.33513148538088,-44.60915359114755,n/d,n/d,,,Bandeira de alta,False,False,,,Em Alta,5.710000038146973,1.7513118032310926,-6.591637640545267,False,True,False,"Bandeira de alta — mastro +17%, recuo 10%, bandeira 7d (candidato)"
SOJA3,SMALL11,SMALL11,Bens de primeira necessidade,31.27,31.98,27.272727272727273,,,0.0,,28.78,27.87,40.44,39.73,True,132,Não,Bandeira de alta,"Bandeira de alta (pré-confirmação) — pescoço R$7.83, preço 3.3% abaixo do pescoço; falta fechar acima e segurar",False,2,8,False,,True,,False,False,False,False,False,False,3,11,False,False,False,False,False,False,True,True,False,True,True,0.66,True,1067838656.0,46.3,0.8,3.74,3.84,1.73,13.98,5.66,0.87,9.98,4.31,10.48,2.98,1.47,,177.88,-31.0,7.69,2.9,1.35,45.47,36.89,4.98,10.46,52.0,-27.6,18.1,7.88,7.59,-52.4,45.4,-15.3,4.98,9.02,-31.37,2.86,-24.3,-3.72,-0.72,6094675.0,3.16,5.64,10.08,11.3,13.3,False,5,,14.2,42.9,False,2023,0.88,0.34,0.05,7.570000171661377,False,False,False,2.115167738530894,3.1022460165119776,1.7439885204691439,5.899995214691402,,1.0522259290281606,0.44471707271963173,1.9853557943614115,,,,5,False,13.3,,,n/d,n/d,,,,False,False,,,Em Alta,8.029999732971191,-5.728512784640028,-27.59979959269121,False,False,False,sem sinal (Em Alta)
JSLG3,SMALL11,SMALL11,Bens Industriais,31.21,33.51,18.181818181818183,,,0.7,P/L=-20.92<2,20.41,49.14,13.63,93.15,False,133,Não,Bandeira de alta,"Bandeira de alta (pré-confirmação) — pescoço R$6.87, preço 11.4% acima do pescoço; falta fechar acima e segurar",False,1,8,False,,True,,False,False,False,False,False,False,2,11,False,False,False,False,False,False,True,False,False,True,False,5.26,False,2185925888.0,-20.92,1.85,25.05,13.92,-8.83,13.19,9.68,-1.07,4.58,4.15,5.9,1.38,6.52,,,-44.0,4.36,4.78,0.43,89.08,10.92,3.88,8.64,97.5,-11.3,31.3,5.88,6.04,-44.7,60.3,26.4,4.78,8.64,10.33,3.8,18.3,-5.48,0.86,6882208.0,5.75,12.37,26.62,,4.4,True,2,,17.0,6.5,True,2023,2.08,0.6,0.16,7.659999847412109,False,False,False,7.754015715679102,11.372556382996017,,,,,,33.8681289880764,9.56328604933756,9.56328604933756,8.606957444403804,2,True,4.4,12.362370964166791,24.8470788490742,n/d,n/d,,,,False,False,,,Em Alta,7.070000171661377,8.345115437417139,-13.151926162682571,False,False,False,sem sinal (Em Alta)
BRAV3,BOVA11+SMALL11,BOVA11,Energia,31.17,29.61,40.0,,,0.9,,21.94,58.73,19.48,11.64,False,134,Não,Fundo duplo,"Fundo duplo (pré-confirmação) — pescoço R$18.92, preço 4.2% abaixo do pescoço; falta fechar acima e segurar",False,1,8,False,,False,,False,,False,False,False,True,4,10,False,False,False,False,False,False,True,False,False,False,False,1.17,True,8417521664.0,154.58,0.69,0.68,1.08,0.44,3.55,8.3,0.44,3.19,3.05,5.05,1.26,1.55,,167.08,-17.3,7.15,3.71,0.27,72.43,27.57,13.35,21.64,35.7,-16.3,-4.9,18.2,17.84,-26.8,37.8,9.4,15.6,21.64,-6.67,2.38,-1.3,-4.07,-0.19,61199323.0,11.09,18.01,29.26,,12.7,False,3,,89.0,33.2,True,2023,0.56,0.26,0.14,18.1200008392334,False,False,False,1.424375155208486,2.0890835609724463,,,,1.6666666666666667,,18.1200008392334,,,,3,False,12.7,,,n/d,n/d,,,,False,False,,,Lateral,18.809999465942383,-3.6682543662922673,-18.17568712983162,False,False,False,sem sinal (Lateral)
DESK3,SMALL11,SMALL11,Comunicação,31.05,31.72,27.272727272727273,,,0.4,,38.11,28.08,34.33,6.85,False,135,Não,,,False,3,8,False,,True,,False,False,False,False,False,False,3,11,False,True,True,False,False,False,True,False,False,False,True,0.9,True,2261341440.0,40.48,1.58,0.95,0.48,3.91,6.21,11.53,4.4,5.35,2.09,2.49,1.41,1.21,12.86,19.49,-50.0,11.44,6.52,0.32,62.73,36.49,10.09,19.45,92.7,0.0,6.4,17.67,16.76,-28.0,57.2,16.0,13.18,19.45,-0.07,3.6,84.7,-3.69,1.17,10568900.0,17.47,36.86,77.79,11.0,28.9,False,4,,19.7,7.9,True,2023,0.58,0.18,0.16,19.450000762939453,False,False,False,0.6808997456402455,0.9108870872462898,4.674743584928072,11.536181662787094,1.7439084107532918,0.6735793739290539,2.2749967463594083,19.450000762939453,,,,4,False,28.9,,,n/d,n/d,,,,False,False,,,Em Alta,19.450000762939453,0.0,-0.714647210607311,False,False,False,sem sinal (Em Alta)
LWSA3,SMALL11,SMALL11,Tecnologia de informação,30.65,32.85,18.181818181818183,,,0.5,P/L=-11.10<2,11.76,60.05,49.38,26.71,False,136,Não,Fundo duplo,"Fundo duplo (pré-confirmação) — pescoço R$4.11, preço 1.8% abaixo do pescoço; falta fechar acima e segurar",False,2,7,False,,False,,False,False,False,True,True,False,2,11,False,False,False,False,True,,True,False,False,False,True,,True,2284299264.0,-11.1,0.93,7.61,2.93,-8.41,-2.3,5.89,-13.29,5.8,,,1.18,0.03,,,108.1,11.22,-3.98,1.15,32.17,67.83,3.38,4.67,19.4,-13.4,4.6,3.87,3.89,-27.5,43.6,5.1,3.38,4.67,-10.97,2.75,1.8,-4.42,-0.16,12668140.0,2.25,3.94,6.89,,1.9,True,2,,9.4,8.6,True,2024,1.27,0.51,0.05,4.039999961853027,False,False,False,0.861250868070236,1.6197072776933792,,,,,,,1.2404790728818076,1.2404790728818076,1.1164311655936268,2,True,1.9,-72.36556494714537,-69.29507216349485,n/d,n/d,,,,False,False,,,Lateral,4.170000076293945,-3.1175086825527054,-14.961250795770354,False,False,False,sem sinal (Lateral)
PRNR3,SMALL11,SMALL11,Bens Industriais,30.46,31.02,27.272727272727273,,,0.7,,37.65,24.3,32.48,15.07,False,137,Não,Bandeira de alta,"Bandeira de alta (pré-confirmação) — pescoço R$19.18, preço 2.0% abaixo do pescoço; falta fechar acima e segurar",False,1,8,False,,False,,False,False,False,False,True,False,3,11,False,False,False,False,False,False,True,False,False,False,True,1.38,True,1071734464.0,24.44,2.24,0.0,1.69,9.17,4.0,10.43,2.55,6.05,2.44,3.22,1.85,1.76,4.54,41.34,27.8,5.37,6.01,0.64,70.26,25.54,14.63,21.97,28.5,-14.4,3.3,17.97,17.93,-27.0,33.6,18.0,15.76,21.97,1.93,2.11,2.0,-3.21,-0.01,9532853.0,13.25,20.33,31.21,9.3,8.1,False,7,,24.3,42.1,False,2025,1.16,0.6,0.03,18.799999237060547,False,False,False,2.3126125043310197,4.0031296684537745,9.6839094580484,12.052426196457686,5.439011670074486,5.52281172744427,4.740583176159116,18.799999237060543,,,,7,False,8.1,,,n/d,n/d,,,,False,False,,,Em Alta,19.280000686645508,-2.489633985943984,-14.893621062931107,False,False,False,sem sinal (Em Alta)
CAML3,SMALL11,SMALL11,Bens de primeira necessidade,28.35,30.15,18.181818181818183,,,0.0,,24.48,37.83,24.77,47.26,True,138,Bandeira de alta,,,False,1,8,False,,True,,False,False,False,False,False,False,2,11,False,False,False,False,False,False,True,False,False,False,False,1.5,True,1804266752.0,16.79,0.62,5.54,4.68,3.69,8.66,5.74,0.99,8.04,5.55,13.3,1.87,1.99,21.26,78.6,-58.5,5.45,3.09,0.76,72.01,27.99,4.18,7.12,26.6,-25.7,6.7,5.32,5.44,-41.3,42.7,-0.6,4.18,7.12,-16.67,2.69,3.8,-3.35,0.1,4495992.0,3.31,5.77,10.07,7.4,14.8,False,6,,2.9,-9.4,True,,1.36,0.56,0.09,5.289999961853027,False,False,False,1.8010875910923565,1.9259037929094263,2.4502027839805174,7.777244189798663,1.7237583077552558,1.9630724531005688,1.0162028806695875,0.524105570048988,,,,6,False,14.8,,,n/d,n/d,,,Bandeira de alta,False,False,,,Em Alta,5.349999904632568,-1.1214942775529257,-26.517830276664245,False,True,False,"Bandeira de alta — mastro +28%, recuo 26%, bandeira 7d (candidato)"
EQTL3,BOVA11,BOVA11,Serviços públicos,28.3,26.88,36.36363636363637,,,0.1,,33.2,20.65,18.79,30.14,True,139,Bandeira de alta,,,False,1,8,False,,True,,False,False,False,False,False,True,4,11,False,False,False,False,False,False,True,False,False,False,True,2.15,True,51068547072.0,53.42,1.96,3.88,3.15,3.67,8.85,9.18,1.75,8.34,4.81,7.2,1.57,2.27,,168.45,-54.9,24.64,4.62,0.33,74.15,23.5,33.78,45.35,20.3,-10.4,5.7,39.06,39.06,-24.5,25.5,6.1,34.23,45.35,-9.97,1.61,5.3,-2.74,0.15,323031637.0,33.82,46.94,65.14,11.7,21.3,False,5,,23.4,18.5,True,,1.19,0.82,0.02,40.650001525878906,False,False,False,9.322236530614118,13.672613578234042,8.116810488132566,18.843945858177012,,6.267048420977274,2.0697866744738045,43.98896025783271,,,,5,False,21.3,,,n/d,n/d,,,Bandeira de alta,False,False,,,Em Alta,40.540000915527344,0.2713384505855565,-12.240928770081306,False,True,False,"Bandeira de alta — mastro +20%, recuo 27%, bandeira 7d (candidato)"
MRVE3,BOVA11+SMALL11,BOVA11,Consumo discricionário,27.97,31.14,10.0,,,0.9,P/L=-5.35<2,14.42,69.17,25.51,22.6,False,140,Bandeira de alta,,,False,1,8,False,,False,,False,,False,False,True,False,1,10,False,False,False,False,False,False,True,False,False,False,False,1.18,True,3078704128.0,-5.35,0.67,0.0,2.7,-12.58,-7.71,6.84,-4.93,5.42,3.03,6.1,1.89,1.69,,,10.7,3.2,3.75,0.89,78.42,18.67,4.2,10.43,30.2,-47.6,4.2,7.14,6.9,-59.7,48.4,-29.1,4.2,10.43,-45.17,3.05,-24.2,-4.85,-0.64,61456095.0,2.2,4.09,7.61,,2.6,True,3,,18.0,21.1,False,"2024, 2025",1.57,0.57,0.09,5.46999979019165,False,False,False,1.0740278137495072,2.0198652110192343,,,,,,2.7439207903585476,1.945937938375763,2.0198652110192343,1.817878689917311,3,True,2.6,-66.76638465001443,-64.42526484434137,n/d,n/d,,,Bandeira de alta,False,False,,,Lateral,5.739999771118164,-4.703832607887315,-48.05318206168453,False,True,False,"Bandeira de alta — mastro +38%, recuo 40%, bandeira 9d (candidato)"
LJQQ3,SMALL11,SMALL11,Consumo discricionário,27.73,30.86,10.0,,,0.9,P/L=-1.49<2,6.43,84.11,12.43,44.52,False,141,Não,Bandeira de alta,"Bandeira de alta (pré-confirmação) — pescoço R$1.35, preço 11.7% acima do pescoço; falta fechar acima e segurar",False,0,8,False,,False,,False,,False,False,True,False,1,10,False,False,False,False,False,False,False,False,False,False,False,5.85,False,312445056.0,-1.49,1.01,0.0,4.18,-67.62,-9.94,2.03,-6.88,1.26,34.56,86.39,1.77,7.9,,,8.8,21.57,-0.01,0.82,89.26,10.74,0.96,2.65,57.3,-43.0,19.3,2.0,1.81,-63.8,64.0,-28.1,0.96,2.65,-44.17,4.03,-51.8,-5.99,-0.66,2726584.0,0.4,0.92,2.12,,1.9,True,2,,6.4,4.6,True,2025,2.07,0.57,-0.03,1.5099999904632568,False,False,False,0.4587907145388377,0.8628225373423947,,,,,,,0.6608066259406162,0.6608066259406162,0.5947259633465546,2,True,1.9,-60.61417436406096,-56.237971515623286,n/d,n/d,,,,False,False,,,Em Alta,1.409999966621399,7.092200440364205,-44.89051148877349,False,False,False,sem sinal (Em Alta)
ORVR3,SMALL11,SMALL11,Bens Industriais,27.12,19.55,70.0,,,0.7,,21.23,8.46,38.35,2.05,False,142,Não,,,False,2,8,False,,False,,False,,False,True,True,True,7,10,False,False,False,False,True,False,True,False,False,False,False,0.16,True,9541278720.0,189.86,1.97,0.0,0.0,1.04,-2.35,3.71,3.35,21.46,4.88,12.21,2.38,0.74,182.56,,135.8,15.46,2.86,0.49,63.86,33.58,13.27,20.97,30.8,-17.2,-3.9,17.51,17.36,-26.3,29.4,0.1,15.45,20.97,-15.97,1.85,16.8,-2.99,0.42,43205526.0,14.81,21.58,31.45,,1.0,True,1,,18.8,16.3,True,,1.09,0.65,0.02,17.3700008392334,False,False,False,,,,,,,,1.2214096880191867,1.2214096880191867,1.2214096880191867,1.099268719217268,1,True,1.0,-93.67145269944741,-92.96828077716378,n/d,n/d,,,,False,False,,,Em Alta,17.6299991607666,-1.4747494833227126,-18.16254168646281,False,False,False,sem sinal (Em Alta)
HBOR3,SMALL11,SMALL11,Imobiliário,27.01,26.96,27.272727272727273,,,0.8,,13.94,35.93,37.99,41.1,False,143,Bandeira de alta,,,False,1,8,False,,True,,False,False,False,True,False,False,3,11,False,False,False,False,False,False,False,True,False,False,False,1.25,True,287945152.0,63.74,0.2,6.14,3.93,0.31,3.0,2.16,0.41,13.51,15.28,38.21,2.55,0.72,,250.65,-64.6,2.33,1.03,0.81,57.57,22.01,1.68,4.23,29.2,-48.8,2.8,2.42,2.56,-60.3,68.8,-13.2,1.68,3.33,-29.27,4.33,-41.3,-5.91,-0.53,1253370.0,0.54,1.35,3.36,12.0,31.1,False,4,,7.6,-11.2,True,2025,1.6,0.41,0.09,2.1700000762939453,False,False,False,0.6206125902422014,0.9102317990218954,0.3631419435279063,2.882902672664888,,0.26415074528231325,0.0926011955996161,,,,,4,False,31.1,,,n/d,n/d,,,Bandeira de alta,False,False,,,Lateral,2.309999942779541,-6.060600430887408,-48.994379928147815,False,True,False,"Bandeira de alta — mastro +24%, recuo 42%, bandeira 8d (candidato)"
MGLU3,BOVA11+SMALL11,BOVA11,Consumo discricionário,26.57,29.49,10.0,,,0.9,,18.6,61.25,19.79,18.49,False,144,Não,,,False,1,8,False,,False,,False,,False,True,False,False,1,10,False,False,False,False,False,False,True,False,False,False,False,0.6,True,5786593792.0,65.4,0.52,1.09,2.36,0.79,-2.27,6.07,0.23,3.22,4.67,10.57,1.1,0.76,,154.33,-2.6,9.21,1.9,0.75,70.25,29.75,3.88,11.0,92.3,-32.2,41.9,8.12,7.48,-64.7,61.6,-14.7,3.88,11.0,-30.77,3.88,-56.2,-5.91,-0.48,180657790.0,2.4,5.26,11.55,12.0,19.6,False,3,,1.2,1.7,False,2024,2.01,0.57,0.04,7.460000038146973,False,False,False,1.2802707551141768,1.877730440834126,1.2167176412879872,6.06791575805449,,0.417266685,0.31026299852843675,,,,,3,False,19.6,,,n/d,n/d,,,,False,False,,,Em Alta,6.760000228881836,10.355026413674008,-34.11114878195192,False,False,False,sem sinal (Em Alta)
DASA3,SMALL11,SMALL11,Cuidados de saúde,25.5,30.0,0.0,,,0.2,P/L=-5.62<2,17.22,67.69,22.85,7.53,True,145,Não,,,False,2,8,False,,False,,False,,False,False,False,False,0,10,False,False,False,False,False,False,True,True,False,False,True,0.98,True,5024303104.0,-5.62,0.74,0.0,0.83,-13.13,-13.32,7.28,-9.6,4.95,4.54,8.58,1.27,1.12,,,-9.8,17.64,3.53,0.48,62.87,36.98,1.29,4.6,211.6,-12.6,41.9,3.07,3.02,-54.1,89.0,-10.3,2.11,4.52,-26.37,5.6,91.6,-7.15,1.55,3151260.0,4.01,12.39,38.31,,58.1,False,2,,-5.2,-27.1,True,2023,1.95,0.38,0.11,4.019999980926514,False,False,False,0.24157965075405385,0.35431682110594565,,,,,,14.03875892814801,,,,2,False,58.1,,,n/d,n/d,,,,False,False,,,Em Alta,3.880000114440918,3.608243875162076,-15.723270503123189,False,False,False,sem sinal (Em Alta)
CVCB3,SMALL11,SMALL11,Consumo discricionário,25.47,22.91,40.0,,,0.9,P/L=-5.94<2,10.66,55.97,19.56,2.05,False,146,Não,,,False,2,8,False,,False,,False,,False,False,False,True,4,10,False,False,False,False,False,True,True,False,False,False,True,1.13,True,775989888.0,-5.94,2.43,0.0,0.0,-40.86,-60.02,5.9,-8.94,2.52,1.33,3.11,0.68,1.67,,,-4.5,10.28,4.12,0.67,87.19,12.81,1.08,2.72,38.0,-45.2,0.2,1.86,1.84,-60.3,70.2,-32.3,1.08,2.72,-48.37,4.42,-9.6,-6.41,-0.25,21774314.0,0.46,1.13,2.75,,1.0,True,1,,6.8,4.8,True,2023,1.07,0.27,-0.05,1.4900000095367432,False,False,False,,,,,,,,3.63825100243617,3.63825100243617,3.63825100243617,3.274425902192553,1,True,1.0,119.76012625735532,144.1779180637281,n/d,n/d,,,,False,False,,,Lateral,1.649999976158142,-9.696967814141589,-46.59498100684082,False,False,False,sem sinal (Lateral)
HBSA3,SMALL11,SMALL11,Bens Industriais,25.01,25.9,20.0,,,0.7,P/L=-25.33<2,24.19,24.61,43.29,2.05,False,147,Não,Bandeira de alta,"Bandeira de alta (pré-confirmação) — pescoço R$3.38, preço 1.5% abaixo do pescoço; falta fechar acima e segurar",False,2,8,False,,False,,False,,False,False,True,False,2,10,False,False,False,False,True,False,True,False,False,False,False,1.2,True,4530074112.0,-25.33,2.17,0.0,0.0,-8.56,-15.0,11.14,-5.52,7.69,3.09,3.81,3.26,1.56,,,68.3,11.1,5.08,0.41,66.67,33.33,2.98,4.38,11.7,-24.0,-0.5,3.67,3.65,-32.0,35.6,-5.9,2.98,4.38,-21.97,2.24,5.4,-3.34,-0.22,5266322.0,2.1,3.32,5.24,,1.0,True,1,,8.2,56.5,False,"2024, 2025",0.7,0.34,0.04,3.3299999237060547,False,False,False,,,,,,,,2.143633657809871,2.143633657809871,2.143633657809871,1.9292702920288838,1,True,1.0,-42.063953866949575,-35.62661540772175,n/d,n/d,,,,False,False,,,Lateral,3.4100000858306885,-2.346045751055914,-24.145785307918967,False,False,False,sem sinal (Lateral)
KLBN11,BOVA11,BOVA11,Materiais,23.48,26.02,9.090909090909092,,,1.0,,21.9,22.57,19.73,65.75,False,148,Não,,,False,2,8,False,,True,,False,False,False,False,False,False,1,11,False,True,False,False,False,False,True,False,False,True,False,0.49,True,128690774016.0,40.27,2.38,6.41,7.1,5.92,28.81,5.45,0.86,6.25,3.99,9.97,2.0,2.3,,285.89,-51.7,10.57,2.09,0.37,77.43,12.36,16.08,21.02,12.6,-13.8,2.2,17.94,18.02,-23.4,20.8,-5.1,16.1,21.02,-21.17,1.31,12.6,-2.23,-0.23,95411537.0,14.86,19.39,25.3,11.0,11.2,False,6,,1.1,5.4,False,,0.57,0.48,0.02,18.110000610351562,False,False,False,9.350364799518765,13.713868372627523,4.796954056214303,8.774662691777202,,11.016666666666667,1.2232232843346476,8.173926313352773,,,,6,False,11.2,,,n/d,n/d,,,,False,False,,,Lateral,19.6299991607666,-7.74324307386104,-14.776467715992647,False,False,False,sem sinal (Lateral)
CSAN3,BOVA11+SMALL11,BOVA11,Consumo discricionário,20.57,22.59,9.090909090909092,,,0.9,P/L=-1.77<2,15.76,35.4,22.63,21.23,False,149,Rompimento,,,False,1,8,False,,False,,False,False,False,False,True,False,1,11,False,False,False,False,False,False,True,False,False,False,True,8.46,False,15621657600.0,-1.77,3.16,0.0,2.54,-1.79,-64.7,8.59,-22.18,4.76,2.9,4.64,1.67,1.91,,,2.8,6.66,5.56,0.41,77.05,3.93,3.13,6.8,26.5,-41.8,4.6,5.23,4.95,-54.0,46.2,-24.6,3.13,6.8,-40.67,2.91,-36.0,-4.69,-1.04,122465448.0,1.4,2.52,4.56,,3.9,True,2,,0.9,-8.0,True,2024,1.77,0.67,0.02,3.9600000381469727,False,False,False,0.7310800224143512,0.9437274992535941,,,,,,2.8342307426615236,0.8374037608339726,0.8374037608339726,0.7536633847505754,2,True,3.9,-80.96809652801818,-78.85344058668686,n/d,n/d,,,Rompimento,False,False,,,Em Alta,3.890000104904175,1.799484096531212,-42.60869589254551,False,True,False,"Rompimento (vol x0.0, +1.8% do topo, MM50>MM200)"
ENEV3,BOVA11,BOVA11,Serviços públicos,20.34,18.63,30.0,,,0.1,,26.86,7.98,21.72,2.05,True,150,Bandeira de alta,,,False,1,8,False,,True,,False,,False,False,False,False,3,10,False,False,False,False,False,False,True,False,False,False,True,1.16,True,53520625664.0,56.29,2.66,0.0,0.0,4.73,2.64,5.85,5.03,12.78,3.9,9.18,1.28,1.2,11.9,,-91.5,31.26,4.12,0.26,62.34,34.87,16.08,27.97,73.3,-0.4,7.5,24.28,23.08,-13.5,35.1,39.2,19.82,27.97,23.13,2.21,59.2,-3.01,1.25,255104049.0,29.95,46.72,72.88,11.8,6.3,True,4,,44.3,61.7,False,2025,1.13,0.56,0.03,27.8700008392334,False,False,False,,,5.748708654959751,10.803682141772825,2.341892058439758,,2.84552262965433,14.838222957099006,5.434951371206665,4.29711564230704,3.867404078076336,4,True,6.3,-86.1234159970599,-80.49891924095056,n/d,n/d,,,Bandeira de alta,False,False,,,Em Alta,27.969999313354492,-0.35752047399353337,-0.9946670802530311,False,True,False,"Bandeira de alta — mastro +16%, recuo 32%, bandeira 7d (candidato)"
AURE3,BOVA11+SMALL11,BOVA11,Serviços públicos,20.31,20.68,18.181818181818183,,,0.1,P/L=-12.55<2,12.79,23.4,11.09,68.49,True,151,Bandeira de alta,,,False,2,8,False,,False,,False,False,False,False,True,False,2,11,False,False,False,False,False,False,True,True,False,False,False,1.74,True,13601148928.0,-12.55,1.19,0.0,7.48,-9.47,2.89,2.64,-8.09,12.67,6.49,16.23,1.12,1.85,,,5.9,-89.79,2.04,0.26,71.73,25.67,10.05,14.61,29.6,-10.9,11.7,11.69,11.81,-31.2,33.0,12.0,10.05,14.61,-4.07,2.08,8.5,-2.98,0.44,36193749.0,10.73,16.36,24.94,,2.9,True,3,,33.7,63.5,False,,1.14,0.61,0.11,13.020000457763672,False,False,False,7.0830917518161955,13.13868404727816,,,,,,4.507600637401496,8.243125478831951,7.0830917518161955,6.374782576634576,3,True,2.9,-51.0385379991798,-36.68874662814107,n/d,n/d,,,Bandeira de alta,False,False,,,Em Alta,12.829999923706055,1.4809083023184844,-11.186899090847824,False,True,False,"Bandeira de alta — mastro +25%, recuo 7%, bandeira 7d (candidato)"
TUPY3,SMALL11,SMALL11,Bens Industriais,19.16,22.54,0.0,,,0.7,P/L=-2.86<2,5.99,43.18,27.12,36.3,False,152,Bandeira de alta,,,False,2,8,False,,False,,False,False,False,False,False,False,0,11,False,False,False,False,False,False,True,True,False,False,False,0.83,True,2187572992.0,-2.86,0.97,0.0,3.58,-33.8,2.01,1.49,-8.26,8.82,3.88,9.69,2.16,1.72,,,-5.8,5.84,1.31,0.87,73.24,26.66,11.34,16.68,47.1,0.0,12.5,13.06,13.55,-22.1,39.8,43.4,11.34,16.68,27.33,2.5,15.4,-3.87,0.41,7964213.0,12.58,20.87,34.63,,1.7,True,3,,-1.6,-9.1,True,2025,1.25,0.55,0.05,16.68000030517578,False,False,False,4.342137481258137,6.368468305845268,,,,,,7.334019356707737,6.014875047937046,6.368468305845268,5.7316214752607415,3,True,1.7,-65.63776156837223,-63.93959869370842,n/d,n/d,,,Bandeira de alta,False,False,,,Em Alta,16.68000030517578,0.0,-1.0676174297720165,False,True,False,"Bandeira de alta — mastro +14%, recuo 10%, bandeira 7d (candidato)"
