ticker,origem,grupo,setor,investment,investment_base,consistencia,basileia,solvencia,ciclicidade,dado_suspeito,quality,value,safety,dividend,regulado,rank_invest,oportunidade_grafica,criterios_ok,criterios_aplicaveis,passa_checklist,mais_5a_bolsa,sem_prejuizo_anual,lucro_20t,div_ge5_5a,div_sem_corte,roe_ge_10,divida_menor_patrim,cresc_receita_5a,cresc_lucro_5a,n_ok,n_aplic,roe_roic_ge_selic,roe_ge_setor,roic_ge_setor,margem_ge_15,cagr_ge_setor,divida_ok,marketcap_ok,insider_ok,margem_ok,roe_ok,alavancagem_ok,div_liq_patrim,nde_ok,market_cap,pl,pvp,dy,dy_teto,roe,roe_medio,roic,mrg_liq,ev_ebitda,div_liq_ebitda,lev_roic_adj,liq_corr,div_patrim,peg,payout,cresc_5a,pl_fut,roa,liq_geral,grau_endiv,indep_fin,min_52s,max_52s,dist_min52,dist_max52,dist_mm100,beta,corr_ibov,close,teto_bazin,teto_gordon,teto_dcf,teto_graham,teto_lynch,teto_projetivo,teto_graham_selic,teto_mult_ebitda,teto_medio,teto_mediana,teto_ajustado,teto_n_metodos,teto_confiavel,teto_dispersao,teto_upside_pct,teto_upside_media_pct,prox_resultado,ex_dividendo,ex_tipo,tese_ia,strategy,in_wishlist,in_carteira,preco_medio,var_pm_pct,trend,breakout_level,pct_to_level,dist_52w_high_pct,fund_ok,breakout,aprovado,note
JHSF3,SMALL11,SMALL11,Imobiliário,77.85,75.71,90.0,,,0.8,,86.88,82.11,44.97,70.92,False,1,Não,7,8,False,,True,,False,True,True,True,True,True,9,10,True,True,True,True,True,True,True,False,True,True,True,0.33,True,6866085376.0,3.32,0.94,6.51,7.91,28.4,16.71,13.12,52.59,4.51,1.22,1.3,1.73,0.86,0.22,26.25,90.2,6.04,7.25,0.72,61.6,36.26,5.05,13.85,106.1,-24.9,-6.4,1.37,0.61,10.399999618530273,5.874272159539541,10.896774855945848,41.50602257395364,27.92489917731335,71.75897726250233,19.57807411896471,37.90361306753504,18.197591725940203,,,,6,False,12.2,,,n/d,2026-08-31,próxima,,,False,False,,,Em Baixa,10.850000381469727,-4.1474723236691435,-26.520975805696057,True,False,False,sem sinal (Em Baixa; sem novo topo (-4.1%))
VULC3,SMALL11,SMALL11,Consumo discricionário,76.78,77.98,70.0,,,0.9,,87.8,62.75,65.69,96.45,False,2,Não,6,8,False,,True,,False,False,True,True,False,True,7,10,True,True,True,True,False,True,True,False,True,True,True,0.25,True,4227960064.0,4.6,1.61,29.3,15.44,35.06,31.82,17.83,24.89,6.19,0.76,0.6,2.96,0.37,0.45,71.04,-64.7,5.9,11.45,1.64,37.42,62.57,13.37,20.08,0.0,-33.4,-10.0,0.92,0.6,13.369999885559082,14.748895273519723,27.359200732379087,38.51141271383866,23.304018089892338,74.39711587792918,48.476871385157914,26.313188645354867,8.786862269026727,,,,6,False,8.5,,,n/d,2025-12-23,última,,,False,False,,,Em Baixa,14.039999961853027,-4.772080328449779,-33.90920208420973,True,False,False,sem sinal (Em Baixa; sem novo topo (-4.8%))
MDNE3,SMALL11,SMALL11,Imobiliário,74.67,71.96,90.0,,,0.8,,73.1,76.14,60.08,80.14,False,3,Não,7,8,False,,True,,False,True,True,True,True,True,9,10,True,True,True,True,True,True,True,False,True,True,True,0.26,True,2545028352.0,4.58,1.12,15.77,9.28,24.38,16.15,10.98,21.43,4.42,0.91,1.16,2.38,0.48,0.33,42.49,19.5,3.85,6.4,1.12,72.76,27.27,20.62,34.28,19.3,-28.2,-10.7,1.66,0.63,24.600000381469727,16.3006035638601,30.23761961096048,71.16812337433926,51.52104017548554,125.13929939056487,25.696715266423322,61.687772580111194,42.52225268423695,47.13892061525946,47.02164642986125,42.31948178687512,6,True,7.7,72.03041110012676,91.6216255458576,n/d,2026-01-02,última,,,False,False,,,Lateral,25.09000015258789,-1.9529683863617753,-28.238036005045906,True,False,False,sem sinal (Lateral)
POMO3,SMALL11,SMALL11,Bens Industriais,74.0,74.7,70.0,,,0.7,,80.49,75.3,52.52,91.49,False,4,Não,5,8,False,,True,,False,False,True,True,False,True,7,10,True,True,True,False,False,True,True,False,True,True,True,0.44,True,5114569216.0,4.29,1.21,22.43,12.72,28.32,24.74,18.39,13.19,4.56,1.29,0.98,1.94,0.81,0.33,54.55,-14.0,,8.76,1.02,59.93,39.42,3.73,6.48,10.2,-36.6,-21.8,0.91,0.45,4.110000133514404,3.7332191117160556,6.925121452233282,12.694056356425607,8.556807537165332,24.513281431171844,11.203629790931725,10.309803713280388,5.264865244152303,9.15904734903144,9.43330562522286,8.489975062700575,6,True,6.6,106.5687296083106,122.84786013375783,n/d,2026-08-26,última,,,False,False,,,Em Baixa,4.215035915374756,-2.491930886691218,-37.07647608779661,True,False,False,sem sinal (Em Baixa; sem novo topo (-2.5%))
PSSA3,BOVA11,BOVA11,Insurance,73.13,72.8,75.0,,1.8,0.3,,76.13,53.47,100.0,51.77,False,5,Não,4,6,False,,True,,False,False,True,,True,True,6,8,True,False,True,,True,,True,False,True,True,True,,True,30985568256.0,8.48,1.94,6.23,5.34,22.84,17.35,79.28,8.13,,,,,,0.68,45.24,0.3,7.76,6.06,,71.59,28.18,43.07,55.45,12.7,-12.5,-4.7,0.75,0.5,48.540000915527344,18.497672627259185,34.31318272356579,75.84375143051146,56.76651699160645,102.12790777267426,48.42458208881518,60.29039552047198,,44.269797217537906,41.36888240619048,37.231994165571436,4,True,4.1,-23.296263981607424,-8.797288045834073,2026-11-05,2026-06-23,última,,,False,False,,,Em Baixa,53.47999954223633,-9.237095491759629,-12.619259077966715,True,False,False,sem sinal (Em Baixa; sem novo topo (-9.2%))
POMO4,BOVA11+SMALL11+Carteira,BOVA11,Bens Industriais,72.71,73.19,70.0,,,0.7,,80.49,71.55,52.52,85.82,False,6,Não,5,8,False,,True,,False,False,True,True,False,True,7,10,True,True,True,False,False,True,True,False,True,True,True,0.44,True,5586301440.0,4.68,1.33,20.54,10.21,28.32,24.74,18.39,13.19,4.87,1.29,0.98,1.94,0.81,0.32,47.8,-14.0,4.6,8.76,1.02,59.93,39.42,3.93,7.69,12.1,-42.7,-20.4,0.97,0.48,4.409999847412109,3.217002918225898,5.96754041330904,12.485576491070608,8.384575630014119,23.55489275585931,11.553429032335465,11.274174878282846,5.160554614438828,11.197249116472888,11.274174878282846,10.146757390454562,7,True,7.3,130.085209558656,153.90588444223403,n/d,2026-08-26,última,"A Marcopolo (POMO4) apresenta uma sólida combinação de alta qualidade operacional e valuation atrativo no setor de bens industriais, evidenciada por um ROE de 28,3% e um ROIC de 18,4% que se posicionam significativamente acima da média dos seus pares, sugerindo uma forte capacidade de geração de valor sobre o capital empregado. Essa rentabilidade robusta convive com múltiplos de preço bastante descontados, como o P/L de 4,68 e o P/VP de 1,33, indicando que o mercado atualmente subavalia a qualidade da empresa em relação ao seu patrimônio e lucros. O endividamento é muito bem controlado, com a relação Dívida Líquida/EBITDA em 1,29, patamar confortavelmente abaixo da média setorial de 2,39, o que confere segurança financeira e permite que a companhia sustente um expressivo Dividend Yield de 20,54%. Esse provento elevado mostra-se sustentável diante da forte geração de caixa e da estrutura de capital equilibrada, embora o investidor deva monitorar o histórico de crescimento, dado que o CAGR de receita de cinco anos contraiu 14,0%, ficando bem abaixo da expansão média do setor. No checklist de critérios fundamentalistas, a empresa atende a 5 de 8 requisitos, penalizada justamente pela ausência de crescimento recente frente aos pares, pela margem líquida de 13,19% (abaixo do sarrafo de 15%) e por movimentações de insiders, refletindo um momento operacional de recuperação que contrasta com a tendência gráfica de baixa no curto prazo. Sob a ótica do valuation, as estimativas de preço-teto revelam uma dispersão acentuada entre os métodos, variando desde os conservadores R$ 3,28 pelo modelo de Bazin até os otimistas R$ 24,04 de Lynch, estabelecendo uma média de R$ 11,39 e um preço-teto ajustado com margem de segurança de R$ 10,35, o que aponta para um expressivo potencial de valorização de 130,1% frente à cotação atual de R$ 4,50. Em suma, o ativo tem como principais pontos positivos a eficiência na alocação de capital, o endividamento sob controle e o robusto retorno via dividendos com grande margem de segurança no preço, enquanto os pontos negativos concentram-se na retração histórica de receita a longo prazo e no atual sinal gráfico desfavorável.",,False,True,4.45,-0.9,Em Baixa,4.525676250457764,-2.556002609200203,-42.88872193099961,True,False,False,sem sinal (Em Baixa; sem novo topo (-2.6%))
ABCB10,SMALL11,SMALL11,Produtos financeiros,71.45,75.24,50.0,,,0.4,,75.84,74.15,,,False,7,Não,1,3,False,,,,,,True,,False,,1,2,True,False,,,False,,,,True,True,True,,True,,,0.82,,,14.9,,,40.92,,,,,,,,-2.9,,1.54,,,,,,,,,,,,,,,,,,,,,,,0,True,,,,n/d,n/d,,,,False,False,,,,,,,False,False,False,histórico insuficiente
PETR4,BOVA11,BOVA11,Energia,70.94,74.64,50.0,,,0.9,DY5a=41.0%>=20,86.35,84.19,36.34,,False,8,Não,7,8,False,,True,,True,False,True,True,True,False,5,10,True,True,True,True,True,True,True,False,True,True,True,0.61,True,583430832128.0,4.13,1.14,8.54,41.02,27.73,30.77,19.69,24.32,2.68,1.29,0.92,0.85,0.76,0.28,169.4,96.8,4.32,10.07,0.28,65.87,33.99,26.84,47.05,54.4,-11.9,0.3,0.33,0.23,41.45000076293945,121.44126937176004,225.27355468461488,132.9812373145152,90.61254959006752,301.08959391965703,56.092553333333335,121.43946954759501,55.13698373248211,138.00840143675313,121.44036945967753,109.29633251370977,8,True,5.5,163.68234137991112,232.95150517861214,n/d,2026-08-24,última,,,False,False,,,Em Alta,42.971248626708984,-3.540152805389951,-13.033350904610097,True,False,False,sem sinal (Em Alta)
MILS3,SMALL11,SMALL11,Bens Industriais,70.83,69.21,80.0,,,0.7,,84.89,55.99,57.38,55.32,False,9,Não,6,8,False,,True,,False,True,True,True,True,True,8,10,True,True,True,True,False,True,True,False,True,True,True,0.65,True,3576973824.0,8.19,1.95,5.4,5.71,23.81,18.37,20.65,23.53,4.87,1.28,0.87,2.98,0.99,0.65,46.78,21.3,8.39,11.12,0.54,61.6,38.32,10.3,15.81,52.2,-0.9,7.4,0.74,0.47,15.670000076293945,6.3926396245470904,11.858346503534852,25.351343224773476,18.599488505218396,35.17424962501191,12.298564917232415,20.3520261650362,18.330240003200128,20.28060842057248,18.599488505218396,16.739539654696557,7,True,5.5,6.82539612760209,29.423154574540213,n/d,2026-04-22,última,,,False,False,,,Em Alta,15.75,-0.5079360235305086,-1.6938488782749617,True,False,False,sem sinal (Em Alta)
LEVE3,SMALL11,SMALL11,Consumo discricionário,70.36,70.42,70.0,,,0.9,,86.26,58.03,35.47,100.0,False,10,Não,6,8,False,,True,,True,False,True,False,True,True,7,10,True,True,True,False,False,True,True,True,True,True,True,1.2,True,4402307072.0,6.32,4.57,8.78,19.55,72.29,64.73,34.45,13.0,5.18,1.2,0.49,1.43,1.7,0.24,123.56,25.8,6.37,14.14,0.81,77.23,22.71,24.65,35.6,31.2,-9.1,-1.7,0.64,0.45,32.349998474121094,45.175888664318286,83.80127347231041,67.82238604147223,28.55281190662142,153.56011933918242,98.51666666666667,61.935914800136906,25.44505149656048,77.05215155581547,67.82238604147223,61.040147437325004,7,True,6.0,88.6867088607595,138.18285993878666,n/d,2026-04-30,última,,,False,False,,,Em Alta,34.0,-4.852945664349728,-10.660040618467681,True,False,False,sem sinal (Em Alta)
PETR3,BOVA11,BOVA11,Energia,70.24,73.81,50.0,,,0.9,DY5a=38.9%>=20,86.35,81.22,36.34,,False,11,Não,7,8,False,,True,,True,False,True,True,True,False,5,10,True,True,True,True,True,True,True,False,True,True,True,0.65,True,609765949440.0,4.57,1.27,7.7,38.86,27.73,30.77,19.69,24.32,2.86,1.29,0.92,0.85,0.76,0.3,177.59,96.8,3.2,10.07,0.28,65.87,33.99,28.69,52.45,60.1,-12.4,-0.6,0.37,0.22,45.93000030517578,127.49016061353394,236.49424793810545,133.1668499001267,90.43316837423698,301.50984883047556,56.092553333333335,121.60897236162513,54.105323269878646,140.11264057766448,124.54956648757954,112.09460983882158,8,True,5.6,144.05532134557774,205.05691192402494,2026-11-10,2026-08-24,última,,,False,False,,,Lateral,48.05994415283203,-4.431848361876922,-13.536329119132262,True,False,False,sem sinal (Lateral)
RIAA3,SMALL11,SMALL11,Consumo discricionário,70.17,70.2,70.0,,,0.9,,65.63,94.5,38.75,92.91,False,12,Não,4,8,False,,False,,False,False,True,True,True,True,7,10,True,True,False,False,False,True,True,False,True,False,True,0.47,True,3474276352.0,2.27,0.64,46.79,13.15,28.35,8.06,8.96,14.35,2.55,2.11,3.3,1.61,0.68,0.15,29.85,16.6,5.18,4.35,1.05,64.01,35.99,6.1,10.43,13.3,-33.8,-19.4,1.61,0.61,6.909999847412109,6.489369018823908,12.037779529918346,40.33369954987244,27.193579723693496,85.68333214745213,51.88018214566937,36.833038834223146,35.13461293147931,,,,6,False,13.2,,,n/d,n/d,,,,False,False,,,Em Baixa,7.960000038146973,-13.19095710682051,-36.216145119505924,False,False,False,sem sinal (Em Baixa; sem novo topo (-13.2%))
CURY3,BOVA11+SMALL11,BOVA11,Consumo discricionário,69.98,68.21,80.0,,,0.9,,90.09,30.5,56.97,86.52,False,13,Não,6,8,False,,True,,False,False,True,True,True,True,8,10,True,True,True,True,False,True,True,False,True,True,True,-0.13,True,10119362560.0,9.21,6.11,14.65,10.4,66.38,57.38,37.72,17.89,5.94,-0.15,-0.06,1.92,0.66,3.29,95.78,8.2,6.85,16.3,0.91,70.61,24.44,26.99,40.16,18.5,-20.3,2.2,1.32,0.57,31.989999771118164,23.763302285438524,30.537195292964714,31.882247220176996,20.228099248292835,45.84935225231588,50.70960317710149,15.393093308666753,23.527089577418717,30.23624779529699,27.15024878920162,24.435223910281458,8,True,3.3,-23.616054751139625,-5.482188147448907,n/d,2026-08-17,última,,,False,False,,,Lateral,32.58000183105469,-1.8109331699734388,-20.518639682719495,True,False,False,sem sinal (Lateral)
VTRU3,SMALL11,SMALL11,Consumo discricionário,69.46,72.9,50.0,,,0.9,P/L=1.87<2,85.98,90.01,54.99,7.09,False,14,Não,7,8,False,,True,,,,True,True,False,True,4,8,True,True,True,True,False,True,True,True,True,False,True,0.37,True,2038073856.0,1.87,0.51,0.18,0.21,27.23,9.79,15.07,46.56,2.91,2.1,1.95,2.56,0.56,,0.39,-23.9,4.05,6.37,0.37,51.99,48.01,10.1,16.86,34.3,-19.5,1.9,1.17,0.52,13.569999694824219,0.1998710114460401,0.29101219266543443,75.46951701934324,65.91210863284074,,0.4136666666666666,19.385713849748885,37.2718288492803,,,,2,False,377.6,,,n/d,n/d,,,,False,False,,,Em Alta,13.819999694824219,-1.8089725435640136,-21.777283888375255,False,False,False,sem sinal (Em Alta)
BRSR6,SMALL11,SMALL11,Produtos financeiros,68.8,69.91,62.5,17.35,,0.4,,45.62,91.18,90.71,84.4,False,15,Não,2,6,False,,True,,False,False,True,,False,True,5,8,False,False,False,,False,,True,True,True,False,True,,True,5643847680.0,3.68,0.49,11.5,10.16,13.26,9.63,0.0,22.38,,,,,,0.44,37.4,-29.2,4.24,1.0,,93.0,6.99,10.06,18.55,37.6,-25.3,-4.9,1.08,0.64,13.850000381469727,10.05410338967794,18.650361787852578,49.86752854741137,48.92367754320717,69.49003325918984,33.94356545105342,29.691182331604217,,34.15381859543913,33.94356545105342,30.54920890594808,3,True,5.0,120.57189938291017,146.59796140608344,n/d,n/d,,,,False,False,,,Lateral,14.380000114440918,-3.6856726617056634,-25.63347359111252,False,False,False,sem sinal (Lateral)
CXSE3,BOVA11+Wishlist,BOVA11,Insurance,68.54,65.19,87.5,,1.6,0.3,,64.19,32.57,100.0,81.56,False,16,Pivô de alta,4,6,False,,True,,True,True,True,,True,True,7,8,True,False,False,,True,,True,True,True,True,True,,True,57929998336.0,12.81,4.2,7.0,9.62,32.79,28.44,-1.21,75.43,,,,,,1.0,123.28,12.8,11.23,20.76,,8.23,91.77,12.71,22.04,51.1,-12.9,2.4,0.68,0.53,19.209999084472656,13.204801473136396,24.49490673266801,19.86982731219849,12.422797132777355,33.62648000820918,22.898448930232796,16.071530403893597,,20.11699611205892,21.384138121215642,19.24572430909408,4,True,1.9,0.18597202667385293,4.721483970914853,2026-11-09,2026-11-04,próxima,"A Caixa Seguridade (CXSE3) apresenta-se como um caso de estudo interessante no setor de seguros, onde sua expressiva margem líquida de 75,43% coexiste com um ROE de 32,8% e um ROIC de -1,2%, ambos posicionados abaixo da média dos seus pares setoriais, que registram 34,3% e 19,5%, respectivamente. Essa rentabilidade ligeiramente inferior aos concorrentes diretos é precificada pelo mercado por múltiplos que exigem cautela, uma vez que o P/L de 12,81 e o P/VP de 4,2 sugerem que os indicadores de qualidade elevados não estão necessariamente acompanhados de um preço descontado. No que tange à remuneração ao acionista, o dividend yield de 7,0% mostra-se robusto e coerente com a forte geração de caixa da companhia, sendo sustentado por uma operação que historicamente dispensa alavancagem financeira sufocante, garantindo a perenidade dos proventos. O crescimento da empresa é um dos grandes destaques positivos, evidenciado por um CAGR de receita nos últimos cinco anos de 12,8%, patamar que supera com folga a média do setor, que encolheu 2,5% no mesmo período. Esse desempenho operacional robusto reflete-se no checklist de critérios fundamentalistas, no qual a companhia atende a 4 de 6 requisitos possíveis, falhando principalmente em superar seus pares nas métricas de retorno sobre o capital. Sob a ótica do valuation, a análise dos preços-teto revela uma dispersão acentuada entre os métodos de cálculo, variando desde os conservadores R$ 12,42 por Graham e R$ 13,20 por Bazin, até os otimistas R$ 24,49 por Gordon e R$ 33,63 por Lynch. A média dessas metodologias resulta em R$ 20,12 e a mediana em R$ 21,38, o que deixa o preço-teto ajustado com margem de segurança em R$ 19,25, indicando um upside extremamente limitado de apenas 0,2% em relação ao preço atual de R$ 19,21. Em balanço, os prós da Caixa Seguridade residem em seu crescimento de receita muito acima do setor, margem líquida excepcional, ótima pontuação de segurança e dividendos atrativos, enquanto os contras concentram-se no ROE e ROIC abaixo da média dos pares, na tendência gráfica de baixa e na quase total ausência de margem de segurança para novos aportes no preço atual.",Pivô de alta,True,False,,,Em Baixa,19.6200008392334,-2.0897132376308414,-13.244038277481529,True,True,True,Pivô de alta
PLPL3,SMALL11,SMALL11,Consumo discricionário,68.48,71.74,50.0,,,0.9,,77.92,80.99,52.37,59.57,False,17,Não,5,8,False,,True,,False,False,True,False,False,True,5,10,True,True,True,False,False,True,True,False,True,True,True,0.57,True,1470080384.0,4.84,1.32,6.81,6.32,27.32,38.02,24.26,8.62,2.0,1.22,0.7,3.0,1.2,0.32,30.59,-37.3,2.96,7.78,1.2,73.04,24.14,6.46,17.36,10.2,-59.0,-21.7,1.47,0.5,7.119999885559082,3.2147323422326575,5.963328494841579,19.491735223896246,13.361696389268836,31.364927907984182,10.95072400487419,17.79999971389771,28.41856741785105,,,,6,False,9.8,,,n/d,2025-12-30,última,,,False,False,,,Em Baixa,7.449999809265137,-4.429529290667267,-59.03486719285751,True,False,False,sem sinal (Em Baixa; sem novo topo (-4.4%))
VLID3,SMALL11,SMALL11,Bens Industriais,67.84,67.46,70.0,,,0.7,,62.12,75.56,66.22,73.76,False,18,Não,4,8,False,,True,,False,False,True,True,False,True,7,10,True,False,True,False,False,True,True,False,True,True,True,0.1,True,1346657024.0,6.09,0.8,11.08,8.58,13.18,13.73,15.68,11.15,3.17,0.48,0.43,2.3,0.41,0.97,52.26,-32.9,9.9,7.18,1.13,45.32,54.23,16.3,22.63,7.2,-22.7,-1.9,0.93,0.51,17.479999542236328,10.713847369138398,19.87418686975173,38.03119769041565,37.564623135528265,42.690621171840604,34.537113658400585,19.020428768978064,32.48030596047082,32.02835389362653,34.537113658400585,31.08340229256053,7,True,4.0,77.82267223437141,83.22857398386945,2026-11-04,2026-08-13,última,,,False,False,,,Lateral,18.134065628051758,-3.606836432772409,-23.44024249870541,True,False,False,sem sinal (Lateral)
LAVV3,SMALL11,SMALL11,Imobiliário,66.61,64.25,80.0,,,0.8,,66.53,55.17,55.1,95.04,False,19,Não,5,8,False,,True,,True,False,True,True,False,True,8,10,True,True,False,True,False,True,True,False,True,True,True,0.37,True,1975841280.0,5.47,1.36,24.02,14.03,24.9,19.67,8.69,19.91,6.98,1.5,2.42,4.12,0.86,0.94,76.73,-30.3,2.89,4.85,1.47,60.31,33.37,9.22,18.94,11.2,-45.9,-11.1,1.49,0.71,10.25,10.270053853088976,18.53727356356588,24.15914951397419,17.825922214460594,37.14297141680563,24.185621857298365,11.830679517090543,10.25,19.275208992035523,18.181597889013236,16.363438100111914,8,True,3.6,59.643298537677204,88.05081943449291,n/d,2026-02-03,última,,,False,False,,,Lateral,10.569999694824219,-3.027433340238528,-45.995783734395765,True,False,False,sem sinal (Lateral)
GRND3,SMALL11,SMALL11,Consumo discricionário,66.56,64.19,80.0,,,0.9,DY5a=20.2%>=20,62.69,64.01,67.77,,False,20,Não,5,8,False,,True,,True,False,True,True,False,True,8,10,True,True,False,True,False,True,True,False,True,True,True,-0.31,True,3148538368.0,5.43,0.98,42.64,20.24,18.04,16.72,7.81,24.95,8.3,-3.59,-6.43,2.05,0.02,0.36,109.88,-24.5,4.65,2.66,2.01,29.93,70.07,3.37,4.83,3.3,-28.0,-10.1,0.72,0.45,3.4800000190734863,5.0301487664351825,9.330925961737263,8.491712753724435,7.155789437166928,19.226519442394952,6.059476722895763,7.754696175099298,2.317642984236086,,,,6,False,8.3,,,2026-11-05,2026-04-24,última,,,False,False,,,Em Baixa,3.554507255554199,-2.096134038389974,-28.72157845771649,True,False,False,sem sinal (Em Baixa; sem novo topo (-2.1%))
LREN3,BOVA11+SMALL11,BOVA11,Consumo discricionário,66.42,65.79,70.0,,,0.9,,68.23,75.48,56.59,48.94,False,21,Não,6,8,False,,True,,False,False,True,True,True,True,7,10,True,True,True,False,False,True,True,True,True,True,True,0.13,True,10214543360.0,7.16,1.03,8.57,4.37,14.41,11.89,23.53,9.35,1.92,0.59,0.35,1.69,0.32,0.72,31.26,3.2,6.23,6.22,1.29,46.72,53.28,10.5,16.05,2.9,-32.7,-22.0,1.46,0.66,10.800000190734863,3.367718443138986,6.247117712022819,19.986033872519123,18.86426543709701,21.526643716782804,15.939078159682268,13.421467101414724,30.357893375542957,,,,6,False,9.0,,,2026-11-05,2026-06-24,última,,,False,False,,,Em Baixa,13.670000076293945,-20.99487834338889,-34.59225116497123,True,False,False,sem sinal (Em Baixa; sem novo topo (-21.0%))
TGMA3,SMALL11,SMALL11,Bens Industriais,66.24,65.58,70.0,,,0.7,,78.82,31.24,70.0,82.98,False,22,Não,7,8,False,,True,,False,False,True,True,True,True,7,10,True,True,True,False,True,True,True,True,True,True,True,0.03,True,2321009664.0,9.15,2.34,10.31,10.07,25.55,24.91,27.01,10.14,6.31,0.07,0.04,2.22,0.23,4.54,92.11,23.5,6.93,14.79,1.33,34.75,65.25,26.65,39.14,32.8,-9.6,14.9,0.92,0.51,35.38999938964844,25.44700642388465,30.327058116940854,32.92494130962286,36.27883550835215,46.73262352339331,48.30514445510022,15.233611489882064,30.6795704029557,33.24109890376648,31.80225585628928,28.62203027066035,8,True,3.2,-19.123959411448077,-6.072055730270831,n/d,n/d,,,,False,False,,,Em Alta,35.20000076293945,0.5397688141786317,-10.48688079255269,False,False,False,sem sinal (Em Alta)
DIRR3,BOVA11+SMALL11,BOVA11,Consumo discricionário,66.1,65.41,70.0,,,0.9,,71.96,52.2,54.48,90.78,False,23,Não,5,8,False,,True,,False,False,True,False,True,True,7,10,True,True,False,True,False,True,True,False,True,True,True,0.31,True,5704441344.0,6.67,2.45,14.13,12.12,36.78,26.14,9.99,17.73,4.9,0.6,0.83,4.18,1.16,0.95,80.84,8.6,4.77,5.44,1.01,82.45,14.5,10.3,16.95,6.9,-35.0,-13.8,1.49,0.64,11.010000228881836,9.531702597474322,17.681308318314866,21.87143973503513,12.919110947660739,31.637744508760548,25.30400973763878,11.72068216146448,9.552085438443381,17.52726043059903,15.300209632987801,13.770188669689022,8,True,3.3,25.069830912142564,59.19400605116134,n/d,2025-12-17,última,,,False,False,,,Em Baixa,11.8100004196167,-6.773921780782022,-36.203037233781686,True,False,False,sem sinal (Em Baixa; sem novo topo (-6.8%))
INTB3,SMALL11,SMALL11,Tecnologia de informação,65.25,66.18,60.0,,,0.5,,72.26,53.34,78.24,46.81,False,24,Pivô de alta,5,8,False,,True,,False,False,True,True,True,True,6,10,True,True,True,False,False,True,True,False,True,True,True,-0.17,True,4819819520.0,8.09,1.46,8.16,4.3,18.07,19.14,17.52,13.1,6.4,-1.0,-0.8,2.64,0.26,0.69,34.78,14.3,7.41,5.97,1.67,43.4,56.17,9.95,15.13,45.0,-4.6,5.2,1.05,0.48,14.430000305175781,4.431663304422236,8.220735429703248,23.63380766916923,19.9162198014465,28.68907381850942,16.69806898235872,17.97751753130918,14.322756004636869,18.494025605304735,17.97751753130918,16.17976577817826,7,True,6.5,12.125886597347257,28.16372289799094,n/d,n/d,,,Pivô de alta,False,False,,,Em Alta,15.130000114440918,-4.6265684333803625,-7.848827262453195,False,True,False,Pivô de alta
CEAB3,BOVA11+SMALL11,BOVA11,Consumo discricionário,64.78,64.45,66.66666666666667,,,0.9,,59.86,89.92,43.62,63.12,False,25,Não,5,8,False,,False,,False,,True,True,False,True,6,9,True,True,True,False,False,True,True,False,False,False,True,0.51,True,2442106880.0,4.46,0.66,6.41,6.49,14.79,7.33,14.93,7.02,2.0,1.94,1.82,1.67,0.72,0.42,28.93,-9.5,4.41,5.91,0.81,60.22,39.78,7.28,17.96,7.8,-56.3,-25.6,1.73,0.57,7.849999904632568,3.6372918520240556,6.747176385504622,23.321188057484648,21.703087102491143,29.9178576880269,9.59235712604841,16.33074501607262,,,,,6,False,8.2,,,n/d,n/d,,,,False,False,,,Em Baixa,9.4399995803833,-16.843217652835662,-56.56759959555542,False,False,False,sem sinal (Em Baixa; sem novo topo (-16.8%))
ALPA4,SMALL11,SMALL11,Consumo discricionário,64.08,63.03,70.0,,,0.9,,75.64,38.95,58.3,75.89,False,26,Não,6,8,False,,False,,False,False,True,True,True,True,7,10,True,True,True,False,True,True,True,False,True,False,True,0.19,True,9726180352.0,13.95,2.7,12.53,8.78,19.37,-7.05,17.96,14.52,8.88,0.82,0.64,1.91,0.39,0.15,122.48,92.8,11.49,7.61,0.98,45.48,54.52,8.0,16.06,70.1,-15.3,11.0,1.07,0.45,13.600000381469727,8.529225516885118,15.821713333821894,12.917563086342213,10.511415265401064,29.247312648321994,10.329989999999999,11.796416101489871,5.918154885962584,10.832068312843248,10.511415265401064,9.460273738860957,7,True,4.9,-30.439165635974764,-20.352441110206453,n/d,n/d,,,,False,False,,,Em Alta,13.529999732971191,0.5173736133043061,-16.152891755843847,False,False,False,sem sinal (Em Alta)
MULT3,BOVA11+SMALL11,BOVA11,Imobiliário,63.17,61.97,70.0,,,0.8,,86.46,41.07,43.74,40.43,False,27,Não,7,8,False,,True,,False,False,True,True,True,True,7,10,True,True,True,True,True,True,True,False,True,True,True,0.74,True,13464497152.0,10.15,2.08,4.09,3.71,20.52,17.07,18.7,43.42,7.55,2.13,1.59,1.64,0.75,0.79,37.65,62.0,10.36,10.89,0.29,52.11,47.88,25.46,35.12,7.7,-21.9,-6.9,1.27,0.8,27.420000076293945,7.264887272096271,13.476365889738581,35.79458138038372,28.307011550239878,44.58429129052473,26.462581100187272,28.942595277978906,24.53723263068715,28.87209415996289,28.307011550239878,25.47631039521589,7,True,6.1,-7.088583791648051,5.29574791987093,2026-10-29,2026-07-01,última,,,False,False,,,Em Baixa,28.700000762939453,-4.459932587522375,-22.274872361821828,True,False,False,sem sinal (Em Baixa; sem novo topo (-4.5%))
CYRE3,BOVA11+SMALL11+Wishlist,BOVA11,Consumo discricionário,62.23,59.09,80.0,,,0.9,,60.89,62.8,45.54,68.79,False,28,Não,4,8,False,,True,,False,False,True,True,True,True,8,10,True,True,False,True,False,False,True,False,True,True,False,0.53,True,8718199808.0,5.29,0.97,9.71,7.26,18.26,15.44,7.03,20.62,8.54,3.1,6.18,3.37,0.73,0.47,38.42,16.4,4.48,3.68,1.17,56.08,39.17,19.83,35.31,21.5,-31.8,5.8,1.71,0.66,24.09000015258789,12.498486214199131,23.184691927339387,60.3388472630982,50.44456236695415,84.2799113892884,33.60387847251649,44.34986415219563,5.435397185754776,,,,6,False,15.5,,,2026-11-12,2025-12-10,última,,,True,False,,,Em Alta,24.729999542236328,-2.5879474383142753,-33.111478444635424,False,False,False,sem sinal (Em Alta)
BBSE3,BOVA11,BOVA11,Insurance,62.22,59.97,75.0,,1.3,0.3,,67.92,31.94,61.0,92.2,False,29,Pivô de alta,5,6,False,,True,,True,False,True,,False,True,6,8,True,True,False,,True,,True,True,True,True,True,,True,76582256640.0,8.33,7.03,11.8,12.82,84.38,83.67,0.0,87.93,,,,,,,106.79,-0.1,8.96,28.81,,55.04,44.96,28.18,40.52,39.9,-2.7,10.2,0.55,0.51,39.40999984741211,36.08952107393383,52.546342683647666,49.203361154031924,24.428540978187634,,59.50416498381771,12.63877546126919,,49.33584747385778,50.874851918839795,45.78736672695582,4,True,1.6,16.182103284028514,25.18611434883693,2026-11-03,2026-08-07,última,"A BB Seguridade (BBSE3) apresenta-se como um caso de estudo robusto no setor de seguros, destacando-se por um ROE excepcional de 84,4%, muito acima da média setorial de 34,3%, o que reflete uma eficiência na geração de valor sobre o patrimônio líquido que compensa o ROIC nulo de 0,0%, este abaixo dos 19,5% dos pares devido às especificidades de sua estrutura de capital sem necessidade de reinvestimento típico em ativos tangíveis. Essa alta rentabilidade convive com múltiplos de valuation mistos, onde o P/L de 8,33 sugere um preço atrativo frente aos lucros, enquanto o P/VP elevado de 7,03 reflete o baixo patrimônio líquido exigido pelo seu modelo de negócios leve em ativos. A sustentabilidade do expressivo dividend yield de 11,8% é respaldada por uma margem líquida quase integral de 87,93% e pela ausência de alavancagem financeira preocupante, garantindo que a distribuição de proventos seja diretamente alimentada pela forte geração de caixa operacional. No quesito crescimento, o CAGR de receita nos últimos cinco anos, embora ligeiramente negativo em -0,1%, supera a média do setor de -2,5%, demonstrando maior resiliência que seus concorrentes diretos. O checklist de critérios fundamentalistas reforça essa solidez ao registrar 5 de 6 pontos atendidos, falhando apenas no ROIC frente ao setor, enquanto valida o porte robusto da companhia e a ausência de venda de ações por insiders. Sob a ótica do valuation, a análise dos preços-teto revela uma dispersão relevante entre os métodos, variando desde a postura conservadora de Graham a R$ 24,43 e Bazin a R$ 36,09, até o otimismo de Gordon a R$ 52,55 e do fluxo de caixa descontado a R$ 49,20. Essa divergência resulta em uma média de R$ 49,34 e uma mediana de R$ 50,87, estabelecendo um preço-teto ajustado com margem de segurança de R$ 45,79, o que confere um upside potencial de 16,2% em relação à cotação atual de R$ 39,41, em um contexto técnico de tendência lateral com pivô de alta. Como prós, o ativo entrega proventos altamente atrativos, margens operacionais formidáveis e liderança setorial resiliente; como contras, pesam o crescimento histórico de receita estagnado e a sensibilidade do modelo de negócios que limita a eficiência do capital mensurada pelo ROIC.",Pivô de alta,False,False,,,Lateral,39.6523323059082,-0.6111430132950457,-3.3255556596956004,True,True,True,Pivô de alta
VIVA3,BOVA11+SMALL11,BOVA11,Consumo discricionário,61.98,62.33,60.0,,,0.9,,76.54,51.93,66.01,17.02,False,30,Não,6,8,False,,True,,False,False,True,True,True,True,6,10,True,True,True,True,False,True,True,False,True,True,True,0.28,True,5314052608.0,9.11,1.68,3.09,1.97,18.4,21.98,17.32,18.56,6.02,1.1,0.89,4.19,0.4,0.61,17.97,0.4,7.08,10.38,1.73,37.54,62.46,20.42,35.35,11.2,-35.8,-1.7,1.13,0.51,22.700000762939453,3.1980620846417787,5.932405167010499,33.01591768484607,27.523477297187444,42.29120533798866,10.853405399094557,30.150385206538683,14.899465399396487,,,,6,False,13.2,,,n/d,2025-12-22,última,,,False,False,,,Lateral,22.290000915527344,1.839389100816513,-36.75381978348498,True,False,False,sem sinal (Lateral)
SEER3,SMALL11,SMALL11,Consumo discricionário,61.77,62.08,60.0,,,0.9,,70.01,81.78,40.03,21.28,False,31,Não,5,8,False,,False,,False,False,True,True,True,False,6,10,True,True,True,False,False,True,True,False,True,False,True,0.74,True,1526242432.0,5.65,1.01,4.01,2.42,17.83,-1.1,17.04,11.85,2.6,1.79,1.47,1.64,0.92,0.38,13.69,29.3,4.77,9.65,0.47,59.3,40.7,8.27,13.75,42.9,-14.1,-1.0,1.41,0.47,11.8100004196167,2.043704400026406,3.7910716620489837,27.696018683171896,23.45072432181918,36.41802971586198,9.158754146,25.29221328802868,37.09935714500137,,,,5,False,18.2,,,n/d,n/d,,,,False,False,,,Lateral,12.1899995803833,-3.117302492594942,-16.418964444686523,False,False,False,sem sinal (Lateral)
ABCB4,SMALL11,SMALL11,Produtos financeiros,61.41,65.63,37.5,16.87,,0.4,,51.37,70.07,83.86,82.27,False,32,Não,2,6,False,,True,,False,False,True,,False,True,3,8,True,False,False,,False,,True,False,True,True,True,,True,5939979776.0,5.89,0.83,11.31,10.05,14.05,14.98,0.0,40.92,,,,,,1.03,59.19,-2.9,4.91,1.54,,89.78,10.19,19.15,26.85,20.3,-14.2,-2.6,0.91,0.69,23.040000915527344,16.537019004463787,29.615994222643632,50.038957455197,49.4284574677156,61.73828445449345,45.76200015060281,24.54952768295038,,35.48849270822681,37.68899718662322,33.9200974679609,4,True,3.0,47.222639410144886,54.029910147746804,n/d,n/d,,,,False,False,,,Em Baixa,24.15999984741211,-4.635757197675372,-15.692060165398525,False,False,False,sem sinal (Em Baixa; sem novo topo (-4.6%))
TEND3,SMALL11,SMALL11,Consumo discricionário,61.11,63.07,50.0,,,0.9,,76.97,57.26,53.22,34.75,False,33,Não,5,8,False,,False,,False,False,True,True,False,False,5,10,True,True,True,False,False,True,True,False,True,False,True,0.24,True,4095059456.0,7.07,2.66,4.38,3.32,37.61,-8.65,14.39,12.08,4.83,0.47,0.46,1.96,0.79,0.47,23.48,-11.5,4.85,7.18,0.76,81.81,18.11,20.2,36.71,58.7,-12.7,1.0,1.62,0.56,32.060001373291016,7.605318800444294,14.107866374824166,60.08416098954822,35.06745678490467,83.07984212243073,22.514801130999526,54.8693092810214,28.382451681803772,,,,6,False,10.9,,,n/d,n/d,,,,False,False,,,Lateral,33.66999816894531,-4.7816955248285,-13.89130525334279,False,False,False,sem sinal (Lateral)
SAPR11,SMALL11,SMALL11,Serviços públicos,60.96,59.37,70.0,,,0.1,,57.7,57.98,64.41,60.28,True,34,Não,4,8,False,,True,,False,False,False,True,True,True,7,10,False,False,True,False,False,True,True,True,False,True,True,0.21,True,10082759680.0,22.15,0.83,1.66,6.34,3.76,14.91,11.83,6.04,3.95,0.89,1.05,1.86,0.6,1.93,140.51,11.5,6.28,5.91,0.51,53.34,46.66,31.45,47.9,5.8,-30.6,-12.3,0.98,0.55,33.2599983215332,15.070880889831676,27.95648405063776,19.895935790533404,36.79489522184445,26.793783889628685,15.033916666666668,14.865642590662699,78.11647120476188,22.344505585686477,19.895935790533404,17.906342211480062,7,True,5.3,-46.1625282167043,-32.81868095820021,n/d,n/d,,,,False,False,,,Em Baixa,34.83000183105469,-4.5076182227520185,-31.7323532672662,False,False,False,sem sinal (Em Baixa; sem novo topo (-4.5%))
TOTS3,BOVA11+SMALL11,BOVA11,Tecnologia de informação,60.95,57.59,80.0,,,0.5,,86.25,29.57,49.84,14.18,False,35,Não,6,8,False,,True,,False,False,True,True,True,True,8,10,True,True,True,True,True,False,True,False,True,True,True,0.55,True,19780427776.0,14.1,3.68,2.03,1.39,26.12,14.98,23.37,21.63,8.04,2.09,1.25,1.84,0.92,0.94,19.59,269.5,16.38,7.39,1.0,42.41,54.01,27.05,47.43,20.5,-31.3,4.9,0.96,0.44,32.599998474121094,3.2346104025524762,6.000202296734843,30.63475033915634,21.467198551719594,37.89251934379794,10.59424454785779,27.97588521538051,23.320257565526028,,,,6,False,11.7,,,2026-11-04,2026-06-16,última,,,False,False,,,Em Alta,32.75,-0.45801992634780797,-31.63291935983593,True,False,False,sem sinal (Em Alta)
ITSA4,BOVA11+Wishlist,BOVA11,Financial Services,60.49,59.4,66.66666666666667,,,0.4,,60.83,48.24,,80.85,False,36,Pivô de alta,5,6,False,,True,,False,False,True,,True,True,6,9,True,True,True,,True,,True,False,True,True,True,,True,143902375936.0,7.93,1.54,8.77,9.4,19.36,17.48,0.38,214.29,,,,,,1.61,74.54,28.4,6.76,0.38,0.64,16.02,79.82,9.72,14.81,32.8,-12.9,-3.0,1.23,0.88,12.899999618530273,8.66068131597035,14.02710267223854,18.81934015059113,17.50991357203713,23.309636780907837,17.348827522483493,9.386630703696245,,14.713987915320878,15.687965097361015,14.119168587624914,4,True,2.2,9.450922520519756,14.061925197151881,n/d,2026-09-01,próxima,,Pivô de alta,True,False,,,Em Baixa,13.729999542236328,-6.045156237280292,-14.287420989363586,True,True,True,Pivô de alta
ITUB4,BOVA11,BOVA11,Produtos financeiros,60.12,57.49,75.0,15.95,,0.4,,58.69,40.54,70.71,68.09,False,37,Não,4,6,False,,True,,False,False,True,,True,True,6,8,True,True,False,,True,,True,False,True,True,True,,True,430955167744.0,9.25,2.08,7.96,7.16,22.45,19.06,0.0,32.58,,,,,,1.22,66.2,8.1,7.67,1.58,,92.99,6.67,33.18,48.4,18.9,-18.5,-4.7,1.18,0.85,39.45000076293945,20.16682115736353,37.409453246909344,56.50946055231867,42.6614626476814,62.88465551657725,45.223092433631535,31.735047266379436,,39.82720684755577,41.31627284027044,37.1846455562434,4,True,2.8,-5.742345153068273,0.9561624266701596,n/d,2026-09-01,próxima,,,False,False,,,Em Baixa,42.380001068115234,-6.91363905457798,-18.99218094799967,True,False,False,sem sinal (Em Baixa; sem novo topo (-6.9%))
BBDC3,BOVA11,BOVA11,Produtos financeiros,60.09,59.66,62.5,15.65,,0.4,,49.0,67.22,66.43,75.18,False,38,Não,3,6,False,,True,,False,False,True,,True,True,5,8,True,False,False,,True,,True,False,True,True,True,,True,158414077952.0,6.4,0.9,9.45,8.7,14.13,11.35,0.0,26.07,,,,,,1.02,55.69,17.8,,1.07,,92.32,7.66,12.81,17.96,16.4,-16.9,-4.5,1.16,0.84,14.920000076293945,9.273888039470648,17.20306231321805,30.889062657952305,29.488239331859287,34.88158743510393,25.5044792318193,15.401741079639098,,20.717623060615075,21.353770772518676,19.21839369526681,4,True,3.3,28.809608558933487,38.858062698892624,2026-11-04,2026-09-02,próxima,,,False,False,,,Em Baixa,15.75,-5.269840785435265,-17.977840391859612,True,False,False,sem sinal (Em Baixa; sem novo topo (-5.3%))
CMIN3,BOVA11+Wishlist,BOVA11,Materiais,60.03,65.33,30.0,,,1.0,,82.86,45.81,34.0,97.87,False,39,Não,7,8,False,,True,,False,False,True,False,True,False,3,10,True,True,True,False,True,True,True,True,True,True,True,0.16,True,32346736640.0,13.99,4.45,18.13,16.61,31.79,32.01,20.33,13.41,5.44,0.2,0.14,1.17,1.24,0.15,232.35,90.7,14.96,8.29,0.53,80.09,19.91,4.08,6.24,46.8,-4.0,21.2,1.08,0.48,5.989999771118164,7.105835089179325,13.18132409042765,5.673159182795973,3.6010504194929664,12.844888715764469,6.133333333333334,5.180771782025004,5.487101548133832,7.400933020144069,5.903246258064653,5.312921632258188,8,True,3.7,-11.303475204199954,23.55481307076115,n/d,2026-04-17,última,"A CSN Mineração (CMIN3) apresenta uma notável eficiência operacional, evidenciada por um ROE de 31,8% e um ROIC de 20,3% que se posicionam muito acima dos pares do setor de materiais (5,6% e 9,2%, respectivamente), sugerindo uma alta capacidade de gerar valor sobre o capital empregado. Essa qualidade superior, contudo, convive com múltiplos de preço mistos, pois enquanto o P/L de 13,99 e o P/VP de 4,45 indicam um prêmio em relação ao valor patrimonial, o excelente PEG de 0,15 sinaliza que o preço atual está bastante atrativo quando ajustado ao forte ritmo de crescimento da empresa. No âmbito financeiro, a excelente rentabilidade é acompanhada por um endividamento sob controle, visto que a relação Dívida Líquida/EBITDA de 0,2 está confortavelmente abaixo da média setorial de 1,76, garantindo solidez mesmo com uma relação Dívida/Patrimônio de 1,24. Essa estrutura de capital saudável confere sustentabilidade ao expressivo dividend yield de 18,13%, o qual se mostra coerente com a forte geração de caixa e com o lucro robusto da companhia. O crescimento histórico também é um destaque, com um CAGR de receita em cinco anos de 90,7% que supera com folga a média setorial de 17,4%, o que ajuda a explicar por que a empresa atendeu a 7 dos 8 critérios do checklist fundamentalista, falhando apenas em manter a margem líquida acima de 15%. Sob a ótica do valuation, a análise dos preços-teto revela uma dispersão acentuada entre os métodos de avaliação, variando desde os conservadores R$ 3,60 de Graham até os otimistas R$ 13,18 de Gordon, resultando em uma média de R$ 7,40 e uma mediana de R$ 5,90. Frente ao preço atual de R$ 5,99, o preço-teto ajustado com margem de segurança fica em R$ 5,31, o que aponta para um upside negativo de 11,3% em relação a essa métrica mais rigorosa. Em um balanço final, os prós da CMIN3 concentram-se em sua rentabilidade excepcional, endividamento muito abaixo do setor, crescimento acelerado e proventos altamente generosos, ao passo que os contras residem em uma margem líquida ligeiramente abaixo do ideal de 15% e na ausência de margem de segurança imediata em relação ao preço-teto ajustado.",,True,False,,,Em Alta,5.96999979019165,0.33500806749393597,-6.007731926718918,True,False,False,sem sinal (Em Alta)
TFCO4,SMALL11,SMALL11,Consumo discricionário,59.68,59.62,60.0,,,0.9,,80.85,31.04,69.23,16.31,False,40,Não,5,8,False,,True,,False,False,True,True,True,True,6,10,True,True,True,False,False,True,True,False,True,True,True,0.2,True,1934908800.0,13.29,3.19,2.5,1.72,23.99,26.81,27.1,13.1,8.21,0.48,0.25,3.17,0.28,0.89,22.91,9.3,8.39,16.01,1.67,41.96,57.74,12.65,18.1,1.3,-29.2,-13.3,1.25,0.67,12.819999694824219,1.5786562942195552,2.9284074257772748,12.781414293184415,9.339453021638114,16.132519453832735,6.104046666666666,11.672083996040111,6.386845075265416,,,,6,False,10.2,,,n/d,n/d,,,,False,False,,,Em Baixa,14.989999771118164,-14.476318275034084,-29.47463883631918,False,False,False,sem sinal (Em Baixa; sem novo topo (-14.5%))
ISAE4,BOVA11,BOVA11,Serviços públicos,59.35,59.24,60.0,,,0.1,,61.05,48.01,60.54,76.6,True,41,Não,5,8,False,,True,,False,False,True,True,True,True,6,10,False,True,False,True,True,False,True,True,True,True,True,0.67,True,18805678080.0,6.65,0.85,6.51,8.95,12.71,14.91,9.63,26.39,7.45,3.41,4.96,5.28,0.79,1.29,59.53,220.0,8.97,6.2,0.28,54.58,44.81,21.0,31.63,27.4,-15.4,-4.7,0.98,0.68,26.75,17.104432699036746,28.4296053037137,47.75691462961278,53.369699795467206,56.70039618262942,42.94880666806918,23.751783846252913,30.92032208309497,37.62274515098461,36.93456437558208,33.24110793802387,8,True,3.3,24.26582406737896,40.64577626536303,n/d,2026-04-20,última,,,False,False,,,Lateral,26.709999084472656,0.14976007824198945,-16.519479775960555,True,False,False,sem sinal (Lateral)
ABEV3,BOVA11,BOVA11,Bens de primeira necessidade,59.27,59.14,60.0,,,0.0,,79.4,19.19,66.09,53.9,True,42,Não,7,8,False,,True,,False,False,True,True,True,True,6,10,True,True,True,True,True,True,True,False,True,True,True,-0.17,True,233150365696.0,14.41,2.65,5.22,5.43,18.4,17.07,20.62,18.41,8.14,-0.57,-0.39,1.02,0.03,3.6,78.27,24.6,13.62,10.3,0.81,38.81,60.59,11.06,16.9,37.7,-9.8,-3.4,0.68,0.46,15.239999771118164,5.9123761029342505,8.607654979320744,10.998051319439233,11.698260608836327,9.97369287359874,14.926466681521369,5.4838668656371015,10.990558295914745,9.823865965900314,10.482125584756742,9.433913026281068,8,True,2.7,-38.09768262490664,-35.53893626351719,2026-10-29,2026-09-22,próxima,,,False,False,,,Em Baixa,15.84000015258789,-3.787881159658324,-10.314351303632762,True,False,False,sem sinal (Em Baixa; sem novo topo (-3.8%))
BLAU3,SMALL11,SMALL11,Cuidados de saúde,58.83,63.92,30.0,,,0.2,,63.08,57.97,84.65,41.13,True,43,Não,5,8,False,,True,,False,False,True,True,False,False,3,10,False,True,True,False,False,True,True,True,True,True,True,-0.01,True,2095033472.0,9.05,0.91,8.19,3.82,10.02,13.86,12.24,13.09,4.87,-0.09,-0.1,3.23,0.37,1.38,34.54,-14.8,6.54,5.15,1.38,37.94,62.5,8.35,13.7,8.6,-33.8,-8.8,0.77,0.25,9.069999694824219,2.4727130634340764,4.586882732670211,13.27928132115148,14.99179191951746,10.39861290248382,7.310629039720126,6.809197085439299,10.112485211233237,9.641268601745091,10.112485211233237,9.101236690109912,7,True,6.1,0.3443990775823247,6.298444610167575,n/d,n/d,,,,False,False,,,Lateral,9.300000190734863,-2.4731235612208136,-36.49822149343045,False,False,False,sem sinal (Lateral)
EZTC3,SMALL11,SMALL11,Consumo discricionário,58.75,56.77,70.0,,,0.9,,50.72,59.79,67.67,54.61,False,44,Não,3,8,False,,True,,False,False,True,True,False,True,7,10,False,False,False,True,False,True,True,False,True,False,True,0.0,True,3264516096.0,6.15,0.62,8.5,5.69,10.15,7.87,5.14,36.95,10.41,0.07,0.17,3.06,0.34,0.93,35.0,-22.5,5.12,2.75,2.48,28.86,69.9,10.21,16.23,13.1,-28.8,-9.0,1.36,0.61,11.550000190734863,4.694665743130524,8.70860495350712,24.884146752396244,28.05691056696022,23.07811938385481,14.161894643652232,12.805749229198904,4.759404622880653,18.615904254928257,18.620007013753522,16.75800631237817,6,True,6.0,45.09096134752488,61.17665755418338,n/d,n/d,,,,False,False,,,Lateral,11.760000228881836,-1.785714575338404,-29.75957896167223,False,False,False,sem sinal (Lateral)
TAEE11,BOVA11+SMALL11,BOVA11,Serviços públicos,58.57,58.32,60.0,,,0.1,,73.32,26.6,48.71,89.36,True,45,Não,6,8,False,,True,,True,False,True,False,True,True,6,10,True,True,True,True,False,False,True,True,True,True,True,0.45,True,39996452864.0,8.2,1.65,7.77,11.16,20.14,22.05,11.11,36.48,9.41,4.36,5.49,3.48,1.36,4.79,91.51,13.5,8.94,6.9,0.24,66.19,33.81,31.54,43.57,23.5,-10.6,-1.5,0.89,0.69,38.939998626708984,31.038375304149508,35.96449537638559,39.30330166180715,50.21555795932631,61.11698072412884,16.782296567920806,17.792939374745934,28.69267414543679,35.11332763923762,33.50143534026755,30.151291806240796,8,True,3.6,-22.56986936419665,-9.827095845983546,n/d,2026-08-17,última,,,False,False,,,Lateral,39.42622375488281,-1.2332531038142136,-11.120199739056813,True,False,False,sem sinal (Lateral)
VBBR3,BOVA11,BOVA11,Consumo discricionário,58.36,56.3,70.0,,,0.9,,61.44,54.3,46.65,57.45,False,46,Não,6,8,False,,True,,False,False,True,True,True,True,7,10,True,True,True,False,True,True,True,False,False,True,True,0.74,True,39893700608.0,7.91,1.7,4.52,6.06,21.49,20.83,16.06,2.48,5.86,1.52,1.33,2.01,0.93,0.71,47.96,677.0,10.14,9.71,0.57,65.98,33.8,19.01,36.13,76.8,-7.0,4.5,1.05,0.64,33.61000061035156,14.555449356410708,27.00035855614186,56.29993781127157,43.47574942158834,73.28245788630336,38.505132691957186,41.221130491847155,21.7547244411691,43.07707018575409,41.221130491847155,37.09901744266244,7,True,5.0,10.380888928744314,28.16741863576986,n/d,n/d,,,,False,False,,,Lateral,35.40999984741211,-5.083307666808978,-8.24460925389502,False,False,False,sem sinal (Lateral)
BBDC4,BOVA11+Wishlist,BOVA11,Produtos financeiros,58.16,57.39,62.5,15.65,,0.4,,49.0,59.26,66.43,72.34,False,47,Não,3,6,False,,True,,False,False,True,,True,True,5,8,True,False,False,,True,,True,False,True,True,True,,True,184396054528.0,7.24,1.02,9.19,8.33,14.13,11.35,0.0,26.07,,,,,,1.29,60.32,17.8,5.63,1.07,,92.32,7.66,14.99,20.89,13.4,-18.7,-5.4,1.22,0.82,16.989999771118164,10.111133071724867,17.810595057880892,29.526051616201244,29.656183693454867,32.70873111138788,27.90617769217483,14.53900033121606,,21.33848935949546,22.858386375027862,20.572547737525078,4,True,2.9,21.086215507177354,25.59440639763533,n/d,2026-09-02,próxima,,,True,False,,,Em Baixa,18.049999237060547,-5.872573466739961,-20.005565373259504,True,False,False,sem sinal (Em Baixa; sem novo topo (-5.9%))
KEPL3,SMALL11,SMALL11,Bens Industriais,57.98,62.92,30.0,,,0.7,,64.58,43.67,65.44,98.58,False,48,Não,6,8,False,,True,,False,False,True,True,False,False,3,10,True,True,True,False,False,True,True,True,True,True,True,-0.02,True,1138302720.0,8.45,1.48,4.39,16.64,17.52,36.22,12.97,9.71,6.74,-0.07,-0.08,2.04,0.43,,140.59,-56.2,11.9,6.76,1.34,48.81,51.19,5.69,10.45,14.6,-37.6,-4.8,1.04,0.5,6.519999980926514,7.748419003738734,11.281698069443596,8.024615361140325,8.74539925837447,,8.987435936460594,2.06126795677643,5.3136066798511425,8.350195718168143,8.385007309757398,7.546506578781659,6,True,5.5,15.74396627082928,28.07048684962654,n/d,n/d,,,,False,False,,,Lateral,6.400000095367432,1.8749981839210061,-37.90476208641416,False,False,False,sem sinal (Lateral)
ALUP11,SMALL11,SMALL11,Serviços públicos,57.96,55.84,70.0,,,0.1,,61.11,51.94,51.95,49.65,True,49,Não,7,8,False,,True,,False,False,True,False,True,True,7,10,True,True,True,True,True,False,True,True,True,True,True,0.81,True,15473089536.0,7.73,1.11,3.32,4.76,14.38,12.27,10.21,27.68,6.23,3.48,4.77,3.17,1.11,0.85,36.77,176.5,11.73,5.7,0.32,60.84,28.54,28.44,36.3,15.3,-9.6,-0.3,0.83,0.67,32.79999923706055,11.145624841339018,20.67513408068388,56.22250839470273,53.114592797600274,58.76508690611446,28.370947526669553,35.58506064234548,54.85551026167197,43.94126294425548,53.114592797600274,47.803133517840244,7,True,5.3,45.741264115115385,33.967268190075075,n/d,n/d,,,,False,False,,,Lateral,32.65999984741211,0.4286570431797809,-10.446723804179292,False,False,False,sem sinal (Lateral)
CPFE3,BOVA11,BOVA11,Serviços públicos,57.73,59.09,50.0,,,0.1,,76.76,41.14,29.47,83.69,True,50,Não,6,8,False,,True,,False,False,True,False,True,True,5,10,True,True,True,False,False,True,True,True,True,True,True,1.44,True,50768334848.0,8.45,2.23,8.47,10.15,26.43,27.84,15.57,13.16,5.62,2.35,2.11,0.92,1.55,2.25,85.81,21.5,10.09,8.79,0.29,71.02,27.73,35.03,52.32,27.2,-14.8,-2.4,0.96,0.65,44.54999923706055,32.31390757042214,45.79613605531521,53.370628217294644,48.68085238728475,73.31387634655364,60.047807519146474,26.514931563142735,78.05315269931975,52.26141154480992,51.0257403022897,45.923166272060726,8,True,2.9,3.0823054063216615,17.309567766129952,2026-11-12,2026-04-30,última,,,False,False,,,Em Baixa,46.09000015258789,-3.3412907581447993,-15.930448380675422,True,False,False,sem sinal (Em Baixa; sem novo topo (-3.3%))
RECV3,BOVA11+SMALL11,BOVA11,Energia,57.39,62.22,30.0,,,0.9,,54.62,71.56,54.8,87.94,False,51,Não,3,8,False,,True,,False,False,True,True,False,False,3,10,False,False,False,True,False,True,True,False,True,True,True,0.36,True,3128519168.0,6.27,0.71,16.0,10.71,11.26,17.76,10.15,16.73,3.29,1.18,1.63,2.91,0.72,1.7,67.16,-14.8,6.5,5.06,0.52,50.04,49.96,8.89,13.47,16.6,-23.0,-4.4,0.7,0.38,10.369999885559082,7.93367393229266,11.180390060690048,16.648142447230068,23.31347787632471,23.83109704526982,21.027118393725424,8.26286144715495,9.632785695528744,15.228693362277053,13.914266253960058,12.522839628564052,8,True,3.0,20.760267760493846,46.853360948287246,n/d,n/d,,,,False,False,,,Em Alta,10.59000015258789,-2.0774340307733286,-24.791748112782653,False,False,False,sem sinal (Em Alta)
BPAC11,BOVA11,BOVA11,Produtos financeiros,56.71,53.48,75.0,15.65,,0.4,,59.81,42.05,66.43,27.66,False,52,Não,4,6,False,,True,,False,False,True,,True,True,6,8,True,True,False,,True,,True,False,True,True,True,,True,181080162304.0,11.49,2.63,2.63,2.74,22.88,20.48,0.0,39.8,,,,,,0.77,31.45,20.0,8.83,2.41,,90.46,8.68,41.91,63.41,29.0,-14.7,-1.3,1.6,0.85,54.06999969482422,10.571631444370936,19.610376329308085,62.35226248532818,46.65624013642101,83.46848003860369,11.768333333333333,56.94055668471481,,13.983447035670785,11.768333333333333,10.5915,3,True,5.9,-80.41150349587693,-74.13825205364421,n/d,2026-08-11,última,,,False,False,,,Lateral,55.99077224731445,-3.430516271513584,-16.24255661952868,True,False,False,sem sinal (Lateral)
SANB11,BOVA11,BOVA11,Produtos financeiros,56.28,57.39,50.0,14.99,,0.4,,52.15,62.3,57.0,69.5,False,53,Bandeira de alta,3,6,False,,True,,True,False,True,,True,False,4,8,True,False,False,,True,,True,False,True,True,True,,True,158356455424.0,7.13,1.12,7.83,7.32,15.69,10.65,0.0,28.66,,,,,,0.95,52.18,49.8,6.46,1.11,,90.04,9.86,25.1,36.14,18.5,-17.7,7.3,1.17,0.65,29.729999542236328,15.540950388228284,28.828462970163464,55.24859662477297,49.90365848243479,61.80061629487328,36.65853334793192,30.804195189896245,,34.06913583277416,32.74349815904769,29.469148343142923,4,True,3.6,-0.877400615909274,14.59514415522738,n/d,2026-07-22,última,"A análise fundamentalista do Santander Brasil (SANB11) revela uma instituição financeira de grande porte que apresenta uma rentabilidade ligeiramente abaixo de seus pares, com um ROE de 15,7% e um ROIC de 0,0% que se posicionam timidamente inferiores às médias setoriais de 15,9% e 0,2%, respectivamente. Essa leve desvantagem na eficiência de retorno é compensada por múltiplos de preço bastante atrativos, uma vez que o banco negocia a um P/L de 7,13 e um P/VP de 1,12, sugerindo que o mercado precifica o ativo com desconto frente à sua capacidade de gerar valor. A expressiva margem líquida de 28,66% garante uma sólida conversão de receitas em lucro, o que sustenta com segurança o pagamento de dividendos generosos, traduzidos em um Dividend Yield de 7,83% que se mostra plenamente sustentável diante da robustez operacional e da ausência de alavancagem financeira crítica típica do segmento bancário. No quesito expansão, o banco demonstra um vigor excepcional com um CAGR de receita de cinco anos de 49,8%, patamar que pulveriza a média setorial de apenas 4,2% e sinaliza um forte ganho de participação de mercado. No entanto, o checklist de critérios fundamentalistas adota uma postura mais conservadora ao aprovar apenas 3 de 6 requisitos, penalizado justamente pelo ROE e ROIC abaixo da média dos pares e pela ocorrência de vendas por parte de insiders, embora valide o porte robusto da empresa e seu crescimento acelerado. Sob a ótica do valuation, os métodos de precificação revelam uma dispersão acentuada, variando desde a visão extremamente conservadora de Bazin a R$ 15,54 até o otimismo do modelo de Lynch a R$ 61,80, estabelecendo uma média de preço-teto de R$ 34,07 e uma mediana de R$ 32,74. Quando ajustamos esses modelos para incorporar uma margem de segurança, o preço-teto de referência recua para R$ 29,47, o que coloca a cotação atual de R$ 29,73 em uma zona de leve prêmio, com um upside negativo de 0,9% em relação ao valor ajustado. Em suma, o papel destaca-se positivamente pelo crescimento formidável de suas receitas, múltiplos de valuation convidativos e proventos robustos, mas traz como contrapartida uma rentabilidade que ainda corre atrás da média de seus concorrentes diretos e um preço de tela que já consome a margem de segurança estimada.",Bandeira de alta,False,False,,,Em Alta,29.93000030517578,-0.6682284026066854,-18.456528966731923,True,True,True,"Bandeira de alta — mastro +19%, recuo 26%, bandeira 8d (candidato)"
UGPA3,BOVA11,BOVA11,Consumo discricionário,55.81,53.31,70.0,,,0.9,,63.5,43.59,43.65,51.06,False,54,Não,7,8,False,,True,,False,False,True,True,True,True,7,10,True,True,True,False,True,True,True,True,False,True,True,0.63,True,35346616320.0,10.71,2.06,6.03,4.95,19.25,16.17,21.5,2.26,5.03,1.13,0.74,1.64,0.98,1.18,52.99,44.3,12.13,9.73,0.63,64.07,31.75,16.6,33.72,101.6,-0.8,17.2,1.0,0.56,33.459999084472656,11.825292688258005,21.935917936718596,41.395423703946086,33.79005029460233,43.72925637430534,23.884912663229414,26.116599048495537,27.456027465942825,28.766685021937267,26.78631325721918,24.107681931497265,8,True,3.7,-27.950739416832203,-14.026641335783395,n/d,n/d,,,,False,False,,,Em Alta,33.720001220703125,-0.7710620605518637,-2.192341479308635,False,False,False,sem sinal (Em Alta)
CMIG4,BOVA11,BOVA11,Serviços públicos,55.72,54.97,60.0,,,0.1,,55.23,50.78,37.44,99.29,True,55,Não,5,8,False,,True,,True,False,True,True,False,True,6,10,True,True,False,False,False,True,True,True,True,True,True,0.67,True,29751091200.0,6.48,1.02,10.16,17.43,15.75,21.33,9.3,10.51,6.43,2.49,3.75,1.17,0.78,,112.97,-20.4,8.98,5.94,0.42,57.36,42.63,9.61,13.28,9.2,-20.9,-6.4,0.96,0.73,10.5,13.074847966088932,19.036978638625488,16.85185185185185,19.37282562118958,,14.127676775544375,4.328703703703704,14.900234756335042,16.227402601605878,15.876043304093447,14.288438973684102,6,True,4.5,36.080371177943825,54.546691443865505,2026-11-12,2026-06-24,última,,,False,False,,,Em Baixa,11.25,-6.666666666666665,-21.263707866382486,True,False,False,sem sinal (Em Baixa; sem novo topo (-6.7%))
IGTI11,BOVA11+SMALL11,BOVA11,Imobiliário,55.56,53.01,70.0,,,0.8,,69.97,37.22,50.07,21.99,False,56,Não,3,7,False,,True,,False,False,True,True,False,True,7,10,False,False,True,True,False,True,,False,True,False,True,0.48,True,,11.24,1.45,1.21,2.45,12.93,7.32,12.16,41.91,8.61,2.15,2.47,2.73,0.9,1.2,27.59,-35.4,11.01,5.46,0.48,51.02,48.98,21.57,30.19,13.6,-18.8,-4.8,1.32,0.79,24.5,4.295923682426775,7.968938430901668,28.88122775800711,28.786587639555464,25.758032433520768,2.971010262168736,18.650360360888588,18.318835089320245,,,,6,False,9.7,,,n/d,n/d,,,,False,False,,,Lateral,24.989999771118164,-1.960783415790479,-19.4783408861002,False,False,False,sem sinal (Lateral)
WEGE3,BOVA11+Carteira,BOVA11,Bens Industriais,55.4,54.59,60.0,,,0.7,,86.48,6.86,59.88,19.86,False,57,Bandeira de alta,6,8,False,,True,,False,False,True,True,False,True,6,10,True,True,True,True,False,True,True,False,True,True,True,-0.17,True,210840453120.0,33.72,11.18,3.99,2.33,33.16,31.31,24.33,15.58,21.94,-0.35,-0.2,1.59,0.29,4.75,78.57,-2.1,27.2,11.21,1.12,56.49,40.84,34.11,53.79,47.8,-6.3,9.7,0.72,0.43,50.41999816894531,8.391674382470786,15.566555979483306,19.81212858062056,12.317693684142382,14.109234044825257,20.62774969342945,10.673130234543766,13.18636304705481,14.335566205821289,13.647798545940034,12.283018691346031,8,True,2.5,-75.63859750611537,-71.56769788490224,2026-10-21,2026-06-22,última,,Bandeira de alta,False,True,49.82,1.2,Em Alta,49.58000183105469,1.6942240961445254,-7.120502370201887,False,True,False,"Bandeira de alta — mastro +16%, recuo 27%, bandeira 15d (candidato)"
BMOB3,SMALL11,SMALL11,Comunicação,55.3,52.7,70.0,,,0.4,,58.02,26.28,71.01,58.16,False,58,Não,7,8,False,,True,,False,False,True,True,False,True,7,10,True,True,True,False,True,True,True,True,True,True,True,-0.3,True,2033132032.0,13.06,2.22,8.06,6.18,16.97,10.68,11.27,8.49,7.25,-1.91,-2.38,1.69,0.05,4.0,80.77,-1.0,10.88,6.02,1.43,47.82,51.18,18.09,27.93,33.6,-13.5,-0.3,1.22,0.62,24.170000076293945,10.67724121329556,14.376682359338384,17.799387687425774,21.292165594923773,17.484945875287483,23.208038384404926,8.740055485289984,18.709745574494313,16.536032771807523,17.64216678135663,15.877950103220966,8,True,2.7,-34.307198787334144,-31.58447364662549,n/d,n/d,,,,False,False,,,Lateral,23.780000686645508,1.640031027700739,-14.207684300112112,False,False,False,sem sinal (Lateral)
GMAT3,SMALL11,SMALL11,Bens de primeira necessidade,55.13,53.09,66.66666666666667,,,0.0,,47.86,67.23,57.07,33.33,True,59,Não,4,8,False,,True,,False,,True,True,False,True,6,9,True,True,False,False,False,True,True,False,False,True,True,0.48,True,10962220032.0,6.75,0.98,2.5,3.24,14.52,15.23,10.1,3.99,4.73,2.21,3.06,1.74,0.56,0.59,21.86,-40.8,5.35,5.51,1.0,52.91,42.64,3.57,7.15,28.9,-35.7,11.5,1.23,0.52,4.599999904632568,1.064239854254337,1.974164929641795,9.029629442426891,8.483677630094116,9.939036420542244,4.21844444671207,6.680469944649028,6.387912831152862,,,,6,False,9.3,,,n/d,n/d,,,,False,False,,,Em Alta,4.639999866485596,-0.8620681681899223,-36.48014712648736,False,False,False,sem sinal (Em Alta)
VIVT3,BOVA11,BOVA11,Comunicação,54.52,46.5,100.0,,,0.4,,45.36,37.88,51.88,62.41,False,60,Não,5,8,False,,True,,True,True,True,True,True,True,10,10,False,True,True,False,True,False,True,True,True,False,True,0.16,True,93918863360.0,14.37,1.44,8.19,6.47,10.05,7.53,9.1,10.68,4.16,0.56,0.86,0.95,0.3,20.4,92.99,18.5,9.64,5.51,0.48,46.12,53.66,29.17,40.8,2.7,-26.6,-12.3,0.83,0.56,29.95047378540039,13.84398564960991,14.680092434527493,15.786525039193066,31.23095940405741,14.955615227729036,30.518796081236484,6.490684793616347,38.43591487100933,18.21523694713854,14.955615227729036,13.460053704956133,7,True,5.9,-55.05896233428751,-39.18214089815931,n/d,n/d,,,,False,False,,,Em Baixa,31.096282958984375,-3.684714263422717,-27.086465997724098,False,False,False,sem sinal (Em Baixa; sem novo topo (-3.7%))
EVEN3,SMALL11,SMALL11,Consumo discricionário,54.42,53.43,60.0,,,0.9,,40.36,71.3,47.85,78.72,False,61,Não,1,8,False,,True,,False,False,True,True,False,True,6,10,False,False,False,False,False,False,True,False,True,False,True,0.36,True,874958656.0,4.45,0.46,20.78,9.09,10.28,7.88,4.93,12.83,7.28,2.85,7.13,4.66,0.64,0.73,40.46,-37.5,2.94,2.92,1.27,57.92,36.05,4.15,8.43,8.7,-46.5,-18.0,1.34,0.63,4.510000228881836,2.928816046833047,5.432953766875302,13.428652366895353,14.952330971816808,15.417707947323256,9.463068010810806,6.606762677488411,1.505582475949917,,,,6,False,10.2,,,n/d,n/d,,,,False,False,,,Em Baixa,4.710000038146973,-4.246280417097859,-47.13431995733464,False,False,False,sem sinal (Em Baixa; sem novo topo (-4.2%))
PGMN3,SMALL11+Wishlist,SMALL11,Bens de primeira necessidade,53.38,57.51,30.0,,,0.0,,46.37,75.62,44.36,88.65,True,62,Não,4,8,False,,True,,False,False,False,False,True,False,3,10,False,True,True,False,True,False,True,False,False,False,True,0.99,True,2465706752.0,7.56,0.73,6.88,10.75,9.61,5.91,12.78,2.1,2.65,3.59,3.94,1.78,1.02,4.19,81.24,11.1,5.03,6.26,0.83,68.82,31.1,3.13,7.54,10.2,-54.2,-17.9,1.52,0.58,3.450000047683716,2.6482211864818463,3.0943718544123175,3.8087942811144107,6.966073177170448,5.726712457636737,8.483547088962196,1.736166647680124,,4.63769809906544,3.8087942811144107,3.4279148530029695,7,True,4.9,-0.6401505616086545,34.426029999017786,n/d,2025-12-26,última,,,True,False,,,Lateral,3.5199999809265137,-1.9886344779005638,-54.72440814307718,False,False,False,sem sinal (Lateral)
FLRY3,BOVA11+SMALL11,BOVA11,Cuidados de saúde,52.92,49.91,70.0,,,0.2,,56.4,31.57,50.91,64.54,True,63,Não,5,8,False,,True,,False,False,True,True,True,True,7,10,False,True,True,False,True,False,True,True,True,True,True,0.7,True,10187555840.0,14.56,1.89,6.24,6.57,13.0,10.93,12.7,8.01,6.01,1.78,1.96,1.86,0.98,25.61,95.63,14.4,12.39,6.47,0.55,61.45,37.83,13.07,18.68,42.7,-0.1,16.3,0.96,0.6,18.65999984741211,8.753833582359375,9.176310525827217,9.596039805174119,16.8729611029013,9.145884704926585,17.533485533007767,3.8817484910683446,16.147308944391703,11.388446586207051,9.386175165500667,8.447557648950601,8,True,4.5,-54.72905831710302,-38.96866731332543,2026-11-05,2026-08-12,última,,,False,False,,,Em Alta,18.68000030517578,-0.1070688299621203,-3.339564802748518,True,False,False,sem sinal (Em Alta)
BRBI11,SMALL11,SMALL11,Produtos financeiros,52.55,55.94,33.333333333333336,20.63,,0.4,,33.14,48.09,100.0,90.07,False,64,Não,4,5,False,,True,,False,False,True,,False,True,3,9,True,True,True,,False,,,True,True,True,True,,True,,8.47,1.67,10.72,11.84,19.7,21.77,1.85,0.0,,,,,,,100.28,-22.4,6.34,0.94,0.23,95.52,4.48,11.74,20.71,10.8,-37.2,-15.6,0.96,0.48,13.010000228881836,11.001933708064248,16.018815478941544,15.974498510079231,16.40849021939212,,7.333333333333334,4.103339589814308,,12.582145257604589,13.48821610907174,12.139394498164567,4,True,2.2,-6.691819488093087,-3.2886622886248773,n/d,n/d,,,,False,False,,,Em Baixa,14.185785293579102,-8.288473569591249,-38.562960344932065,False,False,False,sem sinal (Em Baixa; sem novo topo (-8.3%))
RDOR3,BOVA11,BOVA11,Cuidados de saúde,52.23,49.09,70.0,,,0.2,,63.49,22.97,51.9,43.97,True,65,Não,5,8,False,,True,,False,False,True,False,True,True,7,10,True,True,True,False,True,False,True,False,True,True,True,0.72,True,76862865408.0,16.4,3.82,12.3,4.01,23.26,13.61,15.63,8.35,6.94,1.12,1.01,2.9,2.51,2.06,65.74,22.9,13.12,6.35,0.64,79.71,18.16,32.33,44.66,9.2,-21.0,-0.3,1.2,0.65,35.29999923706055,10.107037363596147,18.74855430947085,28.51981645677148,21.154966872037917,25.781132879452244,22.883790876536658,16.532082166522507,26.198742940343724,21.24076548309144,22.019378874287288,19.81744098685856,8,True,2.8,-43.859939333786876,-39.82785852076927,n/d,n/d,,,,False,False,,,Lateral,36.06999969482422,-2.134739296585475,-21.47179323547218,False,False,False,sem sinal (Lateral)
COGN3,BOVA11+SMALL11,BOVA11,Consumo discricionário,52.17,51.57,55.55555555555556,,,0.9,,43.36,74.42,44.93,44.68,False,66,Não,2,8,False,,False,,False,,False,True,True,False,5,9,False,False,False,False,True,False,True,False,True,False,True,0.39,True,4464317952.0,6.56,0.34,5.32,4.02,5.11,0.79,10.24,8.96,3.34,2.9,3.97,1.88,0.5,1.74,26.36,34.0,4.55,3.98,0.45,44.22,55.77,2.03,4.57,9.9,-51.2,-9.7,1.56,0.6,2.2300000190734863,0.6400879170323638,0.9083110511732729,3.445624611015756,7.082796232577443,2.6452108199962985,2.2313182219240835,1.712172251216327,7.284655358340484,,,,4,False,11.4,,,n/d,n/d,,,,False,False,,,Lateral,2.2200000286102295,0.4504500150622537,-52.82163521208264,False,False,False,sem sinal (Lateral)
ASAI3,BOVA11+SMALL11,BOVA11,Bens de primeira necessidade,52.06,54.19,40.0,,,0.0,,70.96,65.35,24.63,9.93,True,67,Não,5,8,False,,True,,False,False,True,False,True,False,4,10,True,True,True,False,True,False,True,False,False,True,True,3.55,False,10975346688.0,11.51,1.75,1.27,0.83,15.21,29.87,21.18,1.24,2.71,3.72,2.46,1.12,4.25,0.84,9.59,123.2,8.21,6.76,0.41,88.47,11.53,7.01,10.43,19.5,-19.8,-3.2,1.69,0.62,8.369999885559082,0.497910760237458,0.9236244602404846,9.63531698381041,8.846266628235291,10.605991129728816,0.7360499270500389,8.228590167597291,,,,,4,False,21.3,,,n/d,n/d,,,,False,False,,,Lateral,8.960000038146973,-6.58482310352656,-21.16936954640104,False,False,False,sem sinal (Lateral)
SBFG3,SMALL11,SMALL11,Consumo discricionário,51.78,48.56,70.0,,,0.9,,42.43,84.46,28.26,26.95,False,68,Não,3,8,False,,True,,False,True,True,True,True,True,7,10,False,True,False,False,True,False,True,False,False,True,False,0.81,True,1921431040.0,4.59,0.6,6.51,2.7,13.07,10.92,8.98,5.0,3.97,3.49,5.45,1.62,1.0,0.4,12.38,185.0,3.67,4.63,0.8,67.87,32.13,7.96,14.95,4.4,-44.4,-19.9,1.63,0.66,8.3100004196167,1.6003486510484008,2.9686467476947835,23.988563302815088,23.752555241631978,25.61560068734603,6.709213817765828,17.86953633438815,14.59460935335831,,,,6,False,16.0,,,n/d,n/d,,,,False,False,,,Em Baixa,9.359999656677246,-11.21794097835781,-45.63135591752632,False,False,False,sem sinal (Em Baixa; sem novo topo (-11.2%))
HYPE3,BOVA11+SMALL11,BOVA11,Cuidados de saúde,51.25,53.24,40.0,,,0.2,,59.73,42.38,57.56,42.55,True,69,Não,3,8,False,,True,,False,False,True,True,True,False,4,10,False,True,False,True,False,False,True,False,True,True,True,0.42,True,14959913984.0,8.57,1.04,4.95,3.87,12.1,12.72,10.74,19.82,7.38,2.25,2.93,1.86,0.53,1.06,33.18,4.5,6.61,6.31,0.5,50.22,49.77,19.85,26.59,10.9,-17.2,1.9,1.07,0.6,22.010000228881836,6.086641377038852,11.29071975440707,34.02946359774612,34.970691943750346,30.708363935302497,25.31359639003049,19.913333601048237,13.693132902914314,24.27418601788558,25.31359639003049,22.78223675102744,7,True,5.7,3.5085711681741127,10.287077535022672,n/d,n/d,,,,False,False,,,Em Alta,21.84000015258789,0.778388622281212,-17.88710387339534,False,False,False,sem sinal (Em Alta)
MDIA3,SMALL11,SMALL11,Bens de primeira necessidade,51.18,54.92,30.0,,,0.0,,38.49,65.43,89.16,34.04,True,70,Não,3,8,False,,True,,False,False,False,True,False,True,3,10,False,False,False,False,True,True,True,False,False,False,True,-0.04,True,5755060224.0,8.96,0.69,6.16,3.26,7.65,8.74,8.32,6.23,4.32,-0.31,-0.53,2.55,0.21,1.65,29.2,-0.9,7.36,3.48,1.38,34.41,65.59,16.79,28.44,3.3,-39.0,-9.9,0.71,0.4,17.350000381469727,4.0380616335084705,6.9430355245107656,23.78153523179381,33.09879610219886,16.79804467213765,20.301389878584388,11.765729012495484,22.554221169268715,,,,6,False,8.2,,,n/d,n/d,,,,False,False,,,Lateral,17.549514770507812,-1.1368655580915155,-39.90573882269841,False,False,False,sem sinal (Lateral)
LOGG3,SMALL11,SMALL11,Imobiliário,50.84,49.22,60.0,,,0.8,,51.39,51.76,18.99,93.62,False,71,Pivô de alta,2,8,False,,True,,True,True,True,True,False,False,6,10,False,False,False,True,False,False,True,False,True,False,False,0.57,True,2100049792.0,5.64,0.6,28.62,13.45,10.63,8.83,3.04,136.74,19.29,121.08,302.7,0.52,0.64,2.2,75.86,-33.1,3.9,0.1,0.28,45.7,53.91,15.97,28.1,49.8,-14.9,-4.7,0.92,0.52,23.920000076293945,22.981450424537535,28.86063522316515,38.04367719321508,61.67899072300384,67.92842156943199,41.69912498201705,18.17017135111978,,39.90892449521292,38.04367719321508,34.23930947389358,7,True,3.7,43.140925437649315,66.84332929733094,n/d,n/d,,,Pivô de alta,False,False,,,Em Baixa,25.620685577392578,-6.6379390823144035,-16.071739126769323,False,True,False,Pivô de alta
BEEF3,BOVA11+SMALL11,BOVA11,Bens de primeira necessidade,50.65,54.3,30.0,,,0.0,,67.41,59.17,28.11,35.46,True,72,Não,5,8,False,,False,,False,False,True,False,False,True,3,10,True,True,True,False,False,True,True,False,False,True,True,9.15,False,3934837504.0,8.66,2.52,4.93,3.4,29.04,144.02,16.55,0.8,3.81,2.98,2.52,1.43,13.46,0.58,29.42,-57.5,5.34,5.34,0.65,95.87,2.86,3.04,7.18,34.9,-42.9,8.8,0.84,0.34,4.099999904632568,0.9949089138900551,1.845556035266052,6.273094542307335,4.163090857606494,8.710014245259735,3.760485277130923,5.728637280144814,13.51601113862917,,,,5,False,13.6,,,n/d,n/d,,,,False,False,,,Em Alta,4.050000190734863,1.2345607788387003,-43.949377825601275,False,False,False,sem sinal (Em Alta)
GGPS3,SMALL11,SMALL11,Bens Industriais,50.49,50.58,50.0,,,0.7,,61.08,44.75,49.95,19.15,False,73,Não,5,8,False,,True,,False,False,True,False,True,True,5,10,True,True,False,False,True,True,True,False,False,True,True,0.48,True,9344192512.0,10.21,2.08,2.35,2.32,20.36,19.43,11.88,5.1,6.49,1.03,1.22,2.87,1.38,0.68,23.65,207.7,7.56,7.28,0.78,74.55,25.29,11.0,19.55,13.6,-36.1,-3.4,1.14,0.64,12.5,2.067920589110813,3.8359926928005583,16.221841332027424,12.866390656027964,21.19989111141541,9.294207014285712,14.813907933398628,10.185729549034875,,,,6,False,10.3,,,n/d,n/d,,,,False,False,,,Lateral,12.539999961853027,-0.3189789631156903,-36.38676721289962,False,False,False,sem sinal (Lateral)
SBSP3,BOVA11,BOVA11,Serviços públicos,50.48,50.57,50.0,,,0.1,,71.47,31.34,40.45,24.82,True,74,Não,7,8,False,,True,,False,False,True,False,False,True,5,10,True,True,True,True,False,True,True,True,True,True,True,0.76,True,88198979584.0,10.99,1.96,2.7,2.57,17.8,17.28,12.72,19.67,8.08,2.25,2.48,1.47,1.14,0.86,28.22,-33.9,10.11,7.77,0.3,59.31,40.69,22.14,35.21,13.2,-28.8,-14.0,1.12,0.71,25.059999465942383,4.596834085706886,8.527127228986274,30.21337515229632,25.61211449297552,34.9890632249035,11.781548730464195,24.40384962481492,25.059999465942386,25.343325115232805,25.336056979458952,22.802451281513058,6,True,7.6,-9.008572356505551,1.1305892072163592,n/d,n/d,,,,False,False,,,Em Baixa,27.709999084472656,-9.563333475587177,-29.044682872919104,False,False,False,sem sinal (Em Baixa; sem novo topo (-9.6%))
CSMG3,BOVA11+SMALL11,BOVA11,Serviços públicos,50.0,48.24,60.0,,,0.1,,64.33,15.52,34.5,85.11,True,75,Não,5,8,False,,True,,False,False,True,False,False,True,6,10,True,True,True,False,False,True,True,False,True,True,True,0.9,True,20930816000.0,16.23,2.37,3.96,10.18,14.6,15.68,11.59,14.88,8.88,2.77,3.34,1.22,1.06,,165.25,-21.2,11.45,6.35,0.28,51.64,48.36,26.5,67.45,107.9,-18.3,-4.8,0.88,0.47,55.099998474121094,40.071817966443476,58.34456695914171,35.30745435187057,42.1414440090808,,33.8014680094549,9.069359840384337,47.88940632932187,42.92602627088556,41.10663098776214,36.99596788898592,6,True,6.4,-32.856680737728375,-22.094324029706293,n/d,n/d,,,,False,False,,,Em Baixa,63.709999084472656,-13.514363104817539,-18.75553122668898,False,False,False,sem sinal (Em Baixa; sem novo topo (-13.5%))
EGIE3,BOVA11,BOVA11,Serviços públicos,49.66,51.37,40.0,,,0.1,,78.55,23.0,19.45,63.83,True,76,Não,7,8,False,,True,,False,False,True,False,True,False,4,10,True,True,True,True,True,False,True,True,True,True,True,1.43,True,40862609408.0,10.32,2.72,3.13,6.54,26.37,32.12,11.59,28.94,8.75,3.56,4.3,1.09,2.06,1.2,67.5,270.0,11.0,6.68,0.19,74.84,23.06,26.83,37.14,7.5,-22.3,-9.5,0.92,0.62,28.84000015258789,13.472864145449389,24.992162989808616,37.02810097110363,25.820355458992413,42.230928797058056,42.15771503322825,22.5221703531357,25.11428706378544,29.167323101570183,25.467321261388925,22.920589135250033,8,True,3.1,-20.525003418929224,1.1349616756257896,n/d,n/d,,,,False,False,,,Lateral,29.324909210205078,-1.6535739433711116,-24.221214770996767,False,False,False,sem sinal (Lateral)
MOTV3,BOVA11,BOVA11,Bens Industriais,49.61,53.07,30.0,,,0.7,,73.12,53.29,25.0,18.44,False,77,Não,6,8,False,,True,,False,False,True,False,True,False,3,10,True,True,False,True,True,False,True,True,True,True,False,1.9,False,30309883904.0,7.86,1.72,1.38,2.26,21.85,19.92,11.72,19.27,6.66,3.69,4.41,1.77,2.45,0.52,17.76,58.4,9.99,6.62,0.44,77.07,22.24,13.52,17.55,11.7,-13.9,1.3,1.29,0.78,15.100000381469727,2.4366628074891734,4.520009507892417,25.45483524866079,19.480169025602486,33.156906491971284,10.38593205872702,23.24554766104118,9.095541318259263,,,,6,False,13.6,,,n/d,n/d,,,,False,False,,,Lateral,15.119999885559082,-0.13227185344397707,-14.915305324589479,False,False,False,sem sinal (Lateral)
CPLE3,BOVA11,BOVA11,Serviços públicos,49.45,44.06,80.0,,,0.1,,47.71,30.27,35.42,79.43,True,78,Não,5,8,False,,True,,False,False,True,True,True,True,8,10,False,True,True,False,True,True,True,False,True,False,True,0.9,True,43267223552.0,13.87,1.8,7.29,9.15,12.99,9.34,9.82,11.41,9.06,2.97,4.24,1.3,0.98,0.28,126.93,50.0,13.07,5.45,0.3,61.78,38.29,10.29,16.67,42.4,-12.1,-2.4,1.11,0.75,14.649999618530273,9.576132068794077,17.76372498761301,13.995133016980974,13.907670388051708,31.68709362335315,8.56043112128839,12.78046109475244,12.292109938855985,15.070344529961217,13.344065741402073,12.009659167261866,8,True,3.7,-18.022802184436458,2.8692486169027864,n/d,n/d,,,,False,False,,,Lateral,14.899999618530273,-1.6778523919496524,-13.168706797829488,False,False,False,sem sinal (Lateral)
ALOS3,BOVA11+SMALL11,BOVA11,Imobiliário,48.83,43.33,80.0,,,0.8,,50.07,39.5,24.12,60.99,False,79,Não,3,8,False,,True,,False,True,False,True,True,True,8,10,False,False,False,True,True,False,True,False,True,False,False,0.56,True,13108698112.0,14.14,1.03,11.94,6.38,7.27,9.51,6.39,31.4,4.85,3.4,7.45,0.72,0.56,19.77,90.16,60.8,13.49,3.66,0.27,46.56,50.55,20.42,32.08,29.4,-17.6,-4.0,1.2,0.81,26.43000030517578,12.037624799366228,12.776474891386599,14.17065634907961,32.850736455400195,13.255379129117014,24.81535123307447,5.833703636724303,65.32430057101406,,,,7,False,11.2,,,n/d,n/d,,,,False,False,,,Lateral,27.182300567626953,-2.7676107126382465,-18.493749236579614,False,False,False,sem sinal (Lateral)
ECOR3,SMALL11,SMALL11,Bens Industriais,48.24,44.4,70.0,,,0.7,,49.46,56.52,28.33,23.4,False,80,Não,1,8,False,,True,,False,True,True,False,False,True,7,10,False,False,False,False,False,False,True,False,False,True,False,5.91,False,4841523712.0,8.87,1.18,4.35,2.52,13.28,19.86,11.52,4.59,5.16,4.62,5.62,2.52,6.64,0.86,22.37,-89.7,8.39,6.86,0.19,88.21,11.06,5.87,11.74,18.4,-40.8,-8.4,1.8,0.73,6.949999809265137,1.2521365248674974,2.3227132536292077,10.381905013840255,10.189977807262482,10.05375368223196,1.8733946787942268,7.170418508802855,11.096541866951286,,,,5,False,8.9,,,n/d,n/d,,,,False,False,,,Lateral,7.239999771118164,-4.005524461615262,-41.75645172406745,False,False,False,sem sinal (Lateral)
GOAU4,BOVA11+SMALL11,BOVA11,Materiais,48.21,51.42,30.0,,,1.0,,30.52,73.05,59.88,74.47,False,81,Pivô de alta,4,8,False,,True,,False,False,False,True,True,False,3,10,False,False,True,False,True,True,True,False,False,True,True,0.5,True,13822089216.0,17.4,0.72,3.67,8.58,4.13,12.06,10.0,1.14,2.04,0.99,1.38,2.88,0.28,0.24,149.32,73.2,5.15,5.06,1.04,34.12,23.4,6.66,11.41,49.4,-12.9,-0.6,0.9,0.55,9.9399995803833,6.092977359204755,11.30247300132482,7.569252554027512,13.320997683014197,17.137930311005693,6.1112762116739185,6.912298558772297,37.83176990254687,9.778172239860456,7.569252554027512,6.812327298624761,7,True,6.2,-31.465517241379327,-1.6280417238871192,n/d,n/d,,,Pivô de alta,False,False,,,Em Baixa,11.407694816589355,-12.865835383952373,-13.09197081728385,False,True,False,Pivô de alta
ANIM3,SMALL11,SMALL11,Consumo discricionário,47.8,49.18,40.0,,,0.9,,45.44,70.68,24.48,61.7,False,82,Não,4,8,False,,False,,False,False,False,False,True,False,4,10,True,False,True,False,True,False,True,False,False,False,False,1.75,False,1050451328.0,7.3,0.46,2.8,6.44,6.36,-2.07,14.6,3.71,3.19,3.35,3.21,1.49,2.02,2.17,46.99,205.2,3.7,6.53,0.35,72.15,22.61,1.93,5.17,41.5,-47.2,-9.7,2.08,0.51,2.7300000190734863,1.255255211294616,1.709154907036005,3.6371494576452386,7.066649695741831,3.6681252912923146,1.3399853024236539,1.7915354930965754,,2.2335342771314006,1.7503452000662902,1.5753106800596612,6,True,5.6,-42.29631248888073,-18.185558185841234,n/d,n/d,,,,False,False,,,Lateral,2.740000009536743,-0.36496315432303916,-48.37840283752919,False,False,False,sem sinal (Lateral)
FESA4,SMALL11,SMALL11,Materiais,47.3,52.12,20.0,,,1.0,,28.42,70.95,72.16,71.63,False,83,Não,2,8,False,,True,,False,False,False,True,False,False,2,10,False,False,False,False,False,True,True,False,False,True,True,-0.12,True,1785832192.0,12.62,0.57,13.33,8.28,4.49,15.62,3.69,6.78,3.54,-3.62,-9.04,3.61,0.12,,104.48,-76.0,3.76,-1.74,1.53,26.31,73.65,4.8,8.69,8.3,-40.2,-18.6,1.13,0.55,5.199999809265137,3.0751012147950534,4.477347368741598,4.285261332516437,9.19660389477449,,5.225440763076465,1.1007470730502387,6.2609454597406895,,,,6,False,8.4,,,n/d,n/d,,,,False,False,,,Em Baixa,5.960000038146973,-12.75168161103113,-41.573033346670485,False,False,False,sem sinal (Em Baixa; sem novo topo (-12.8%))
SMTO3,SMALL11,SMALL11,Bens de primeira necessidade,46.65,51.35,20.0,,,0.0,,45.33,71.79,46.95,36.17,True,84,Não,3,8,False,,True,,False,False,True,False,False,False,2,10,False,True,False,False,False,True,True,False,True,True,True,0.99,True,6090732032.0,7.73,0.85,1.15,3.4,11.0,14.59,6.36,11.43,3.82,2.38,5.23,3.16,1.65,0.95,26.29,-39.3,9.78,3.45,0.45,68.55,31.45,12.82,21.12,45.3,-11.8,15.0,0.58,0.23,18.6299991607666,4.525590667338532,8.394970687912977,31.933698432103164,34.47504840090416,27.737997889914713,11.126653242168437,18.72166666845428,42.99925708148661,,,,6,False,9.5,,,n/d,n/d,,,,False,False,,,Em Alta,19.270000457763672,-3.321231353366272,-12.932385110954137,False,False,False,sem sinal (Em Alta)
PRIO3,BOVA11,BOVA11,Energia,46.57,44.99,55.55555555555556,,,0.9,,60.94,39.95,34.73,6.38,False,85,Não,3,8,False,,True,,False,,True,True,True,False,5,9,False,False,False,True,True,False,True,False,True,True,True,0.77,True,48718573568.0,13.78,1.89,0.0,0.18,13.71,30.11,10.92,18.11,5.81,1.73,2.21,1.34,0.9,1.03,2.45,189.4,6.72,6.59,0.25,59.83,40.17,34.2,72.1,77.7,-15.7,-0.4,0.12,0.06,60.7599983215332,0.7701325441337613,1.4285958693681273,58.42307530916654,56.47464392769465,59.75558354588494,2.037317063515116,48.847940549949485,21.04349207471383,,,,5,False,77.6,,,n/d,n/d,,,,False,False,,,Em Alta,62.849998474121094,-3.3253782073653704,-16.744319640044804,False,False,False,sem sinal (Em Alta)
QUAL3,SMALL11,SMALL11,Cuidados de saúde,46.15,50.77,20.0,,,0.2,,52.72,73.54,36.92,12.77,True,86,Não,4,8,False,,False,,False,False,False,True,True,False,2,10,True,False,True,False,True,False,False,True,False,False,True,0.61,True,441279520.0,16.99,0.33,0.58,1.25,1.96,0.44,22.61,1.9,1.46,2.45,1.52,0.58,0.89,11.0,21.21,60.1,3.18,5.32,0.47,66.78,32.76,1.39,2.71,18.0,-39.4,-5.2,1.95,0.57,1.6399999856948853,0.14623973725969314,0.1669091447821027,0.7869319230777662,3.2853484919439233,0.2695690670434199,0.5415786398183416,0.3515642570688233,,,,,6,False,22.5,,,n/d,n/d,,,,False,False,,,Lateral,1.7200000286102295,-4.651165208409025,-41.54902368371399,False,False,False,sem sinal (Lateral)
GGBR4,BOVA11,BOVA11,Materiais,45.79,48.58,30.0,,,1.0,,34.35,58.14,59.6,66.67,False,87,Não,4,8,False,,True,,False,False,False,True,True,False,3,10,False,False,True,False,True,True,True,False,False,True,True,0.18,True,47032168448.0,21.19,0.89,3.33,7.06,4.18,12.63,10.03,3.22,5.17,0.97,1.36,2.87,0.28,0.29,149.5,73.5,8.33,5.03,1.04,34.14,65.6,15.69,26.05,45.8,-12.2,0.4,0.84,0.52,22.8799991607666,11.530525648132807,21.389125077286355,14.306747941489261,24.99118109474453,32.39263684865493,11.887333533584622,13.065030195624159,21.953289455822382,18.939483724417382,17.847936509387807,16.063142858449027,8,True,2.8,-29.793953463104817,-17.222533133245054,n/d,n/d,,,,False,False,,,Em Baixa,26.04621124267578,-12.156133006866865,-12.588046634166917,False,False,False,sem sinal (Em Baixa; sem novo topo (-12.2%))
SAUD3,SMALL11,SMALL11,Cuidados de saúde,45.75,43.23,60.0,,,0.2,,49.65,8.09,65.95,56.74,True,88,Não,3,8,False,,True,,False,False,False,True,False,True,6,10,False,False,False,False,False,True,True,True,True,True,True,-0.69,True,41045483520.0,38.95,2.19,0.95,6.04,5.63,39.67,4.59,9.86,21.25,-7.41,-18.52,1.06,0.01,,235.4,-19.6,9.28,5.03,0.66,34.2,65.77,10.45,16.09,33.9,-13.0,-2.0,0.77,0.38,14.0,6.043656290440726,8.799563558881697,3.7381258023106545,7.190241979314996,,14.516166036785778,0.9602053915275996,6.276550517959487,,,,6,False,15.1,,,n/d,n/d,,,,False,False,,,Em Baixa,14.470000267028809,-3.2481013016962157,-15.045163629748359,False,False,False,sem sinal (Em Baixa; sem novo topo (-3.2%))
IRBR3,SMALL11+Carteira,SMALL11,Insurance,45.73,48.76,28.571428571428573,,2.87,0.3,,18.15,70.75,100.0,29.08,False,89,Não,1,6,False,,False,,False,,False,,False,False,2,7,False,False,False,,False,,True,False,True,False,True,,True,4482952704.0,-30.73,0.85,2.85,2.94,-2.76,2.79,0.0,4.89,,,,,,,,-23.0,6.36,2.3,,66.23,33.77,44.53,62.39,19.9,-14.4,0.4,1.09,0.61,53.400001525878906,11.213178448014494,16.326387820309105,,,,26.3277,,,17.955755422774534,16.326387820309105,14.693749038278195,3,True,2.3,-72.4836168194541,-66.37499080580972,2026-11-12,2026-07-01,última,,,False,True,57.62,-7.32,Lateral,54.20000076293945,-1.4760133317333168,-17.495777467276653,False,False,False,sem sinal (Lateral)
MOVI3,SMALL11,SMALL11,Bens Industriais,45.35,48.06,30.0,,,0.7,,48.14,72.8,12.97,56.03,False,90,Não,4,8,False,,False,,False,False,True,False,True,False,3,10,False,False,True,False,True,False,True,True,False,False,False,5.5,False,2914014720.0,6.7,0.74,9.02,5.83,11.08,3.58,13.78,2.89,3.57,3.65,3.71,0.68,6.43,0.99,39.03,97.0,3.27,6.78,0.22,91.5,8.5,6.46,14.83,11.3,-51.5,-25.4,2.34,0.65,7.190000057220459,2.9920232551308246,5.550203138267679,14.219029963906129,15.316759445456462,13.501090870795426,14.984129205791325,7.423380115671919,,11.832432123314824,13.860060417350777,12.4740543756157,6,True,5.1,73.49171455275305,64.56790026631872,n/d,n/d,,,,False,False,,,Em Baixa,7.960000038146973,-9.673366548196194,-51.970608356926206,False,False,False,sem sinal (Em Baixa; sem novo topo (-9.7%))
SYNE3,SMALL11,SMALL11,Imobiliário,44.8,45.65,40.0,,,0.8,DY5a=127.9%>=20,43.99,57.99,33.98,,False,91,Não,2,8,False,,False,,False,False,False,True,False,False,4,10,False,False,False,True,False,False,False,True,True,True,False,0.72,True,558678720.0,10.26,0.8,70.52,127.93,7.8,14.02,6.47,16.16,4.67,3.1,6.71,1.45,0.5,1.32,1312.56,-67.2,12.2,3.08,0.36,40.97,29.56,3.49,5.11,3.2,-29.5,-8.3,1.0,0.44,3.5999999046325684,32.896200172349076,61.022451319707535,4.649122683857849,5.960395448896136,10.526315510621545,6.468000000000001,2.6576440398721637,8.906885778140206,,,,5,False,23.0,,,n/d,n/d,,,,False,False,,,Em Baixa,4.079999923706055,-11.764706569834438,-30.962270848301653,False,False,False,sem sinal (Em Baixa; sem novo topo (-11.8%))
RANI3,SMALL11,SMALL11,Materiais,44.68,49.04,20.0,,,1.0,,49.25,46.8,36.9,78.01,False,92,Não,3,8,False,,True,,False,False,False,False,False,False,2,10,False,True,True,False,False,False,True,False,False,True,True,0.78,True,1778323840.0,13.78,1.24,5.2,9.01,9.03,25.63,11.69,7.65,5.0,2.42,2.89,2.1,1.38,,124.18,-70.2,5.45,4.4,0.56,63.24,36.76,7.24,9.51,6.4,-19.0,-4.0,0.64,0.46,7.699999809265137,4.956376473038496,7.216484144744052,5.81132061076614,8.835813125303098,,4.91387477971708,1.4927430689742696,7.699999809265137,6.572311490472333,6.513902377755096,5.862512139979587,6,True,5.9,-23.863476815604155,-14.645303204240301,n/d,n/d,,,,False,False,,,Em Baixa,8.35505485534668,-7.84022436025481,-20.646353565422793,False,False,False,sem sinal (Em Baixa; sem novo topo (-7.8%))
BBAS3,BOVA11+Carteira,BOVA11,Produtos financeiros,44.41,50.04,12.5,14.56,,0.4,,39.32,59.5,50.86,73.05,False,93,Não,2,6,False,,True,,False,False,False,,False,False,1,8,False,False,False,,False,,True,True,True,True,True,,True,114006196224.0,7.9,0.63,2.75,8.35,7.99,14.73,0.0,21.83,,,,,,2.9,65.94,-13.8,4.35,0.79,,92.12,7.71,17.8,27.31,9.7,-28.5,-5.7,1.2,0.73,19.520000457763672,11.637361033078204,14.83877127093641,22.504435789158816,41.503742716210645,27.347999609237526,15.769537265955394,10.827830657136706,,16.187526339782206,15.304154268445902,13.773738841601313,4,True,1.9,-29.43781496622303,-17.07210061389135,2026-11-11,2026-09-02,próxima,,,False,True,22.29,-12.43,Em Baixa,21.049999237060547,-7.268403015441283,-29.127669794783053,False,False,False,sem sinal (Em Baixa; sem novo topo (-7.3%))
VALE3,BOVA11+Wishlist,BOVA11,Materiais,44.17,48.44,20.0,,,1.0,,49.52,35.15,43.22,87.23,False,94,Não,4,8,False,,True,,False,False,False,True,False,False,2,10,True,False,True,False,False,True,True,False,False,True,True,0.41,True,336673374208.0,33.87,1.79,7.09,10.47,5.27,24.52,18.11,4.76,4.64,1.04,0.8,1.19,0.55,,354.52,-43.5,9.59,7.92,0.39,60.3,38.73,50.76,87.63,54.5,-10.5,1.4,0.85,0.57,78.44999694824219,58.65254660196752,85.3981078524647,24.08857302219424,47.791435583092785,,42.833333333333336,6.187586751580114,86.28763996041305,,,,6,False,13.9,,,2026-10-29,2026-08-12,última,,,True,False,,,Em Alta,78.69999694824219,-0.3176620199419,-11.97190105176864,False,False,False,sem sinal (Em Alta)
RENT3,BOVA11,BOVA11,Bens Industriais,44.1,43.06,50.0,,,0.7,,53.99,45.4,18.29,37.59,False,95,Não,2,8,False,,True,,False,False,True,False,True,True,5,10,False,False,False,False,True,False,True,False,False,False,False,1.34,True,38727798784.0,11.51,1.45,5.85,3.47,12.63,7.58,12.27,7.39,5.02,4.1,4.68,1.14,1.71,1.52,39.89,24.5,7.61,6.27,0.33,70.15,29.84,32.03,51.57,10.5,-31.4,-14.4,1.75,0.79,35.400001525878906,8.762922260030653,16.255220792356862,40.7515221735791,41.1029390330595,34.00869633438198,50.05001495958576,22.89339002698881,53.13813578177765,36.88570272881852,40.7515221735791,36.67636995622119,7,True,6.1,3.6055603822762627,4.19689587259906,n/d,n/d,,,,False,False,,,Em Baixa,39.20000076293945,-9.693875416076903,-32.81152101126167,False,False,False,sem sinal (Em Baixa; sem novo topo (-9.7%))
RADL3,BOVA11,BOVA11,Bens de primeira necessidade,44.01,42.95,50.0,,,0.0,,62.99,19.02,41.81,14.89,True,96,Não,6,8,False,,True,,False,False,True,False,True,True,5,10,True,True,True,False,True,True,True,False,False,True,True,1.09,True,33921601536.0,25.33,4.66,2.27,1.44,18.41,18.18,16.71,2.88,7.26,2.06,1.72,1.41,1.18,2.17,36.6,14.4,16.62,7.8,0.84,70.85,29.09,16.14,26.71,19.6,-27.7,1.0,1.22,0.58,19.309999465942383,1.9928004765642464,3.6966448840266763,10.10096695316765,8.430687033367104,9.999811986953954,7.541805308095812,7.629798241648848,13.557183301583423,8.708128244120497,8.430687033367104,7.587618330030393,7,True,6.8,-60.706273744787524,-54.903529337329715,n/d,n/d,,,,False,False,,,Em Alta,20.549999237060547,-6.034062370581051,-28.81677012279945,False,False,False,sem sinal (Em Alta)
SLCE3,BOVA11+SMALL11,BOVA11,Bens de primeira necessidade,42.9,46.94,20.0,,,0.0,,52.74,36.35,37.62,65.96,True,97,Não,2,8,False,,True,,False,False,False,False,True,False,2,10,False,False,False,False,True,False,True,False,False,True,True,1.87,True,7941221376.0,20.56,1.47,5.03,7.05,7.16,17.38,10.84,4.41,6.53,4.42,5.7,2.2,1.82,0.85,144.94,24.2,11.37,6.41,0.63,73.5,23.57,12.62,19.32,29.1,-15.7,7.4,0.51,0.36,16.290000915527344,8.20260327787233,15.215829080453169,10.498176660055316,14.055365552445215,23.76945658880449,9.032508696563744,9.587014157484479,9.969634792888211,12.541323600820869,10.233905726471765,9.210515153824588,8,True,2.9,-43.459087561835034,-23.01213691850257,n/d,n/d,,,,False,False,,,Em Alta,15.90999984741211,2.388441682964837,-16.375763355602057,False,False,False,sem sinal (Em Alta)
USIM5,BOVA11+SMALL11,BOVA11,Materiais,42.59,46.58,20.0,,,1.0,P/L=-3.87<2,10.18,87.64,71.0,58.87,False,98,Não,4,8,False,,False,,False,False,False,True,True,False,2,10,False,False,False,False,True,True,True,True,False,False,True,-0.02,True,8825859072.0,-3.87,0.43,0.0,6.27,-11.18,-0.65,4.67,-9.36,3.59,-0.18,-0.44,4.44,0.27,,,301.7,5.31,1.64,1.4,33.58,58.33,4.18,12.04,70.6,-40.8,-15.8,0.91,0.34,7.130000114440918,3.193854107674268,5.924599369735768,,,,,,9.800108271537493,6.306187249649176,5.924599369735768,5.332139432762191,3,True,3.1,-25.215436925974043,-11.554177441360935,n/d,n/d,,,,False,False,,,Em Baixa,7.460000038146973,-4.423591447970354,-41.46141267819928,False,False,False,sem sinal (Em Baixa; sem novo topo (-4.4%))
FRAS3,SMALL11,SMALL11,Consumo discricionário,42.47,41.14,50.0,,,0.9,,54.45,16.95,46.02,31.91,False,99,Não,5,8,False,,True,,False,False,True,False,True,True,5,10,True,False,True,False,True,True,True,False,False,True,True,0.6,True,6395347456.0,22.07,2.57,2.68,3.07,11.62,14.99,15.27,5.39,7.45,1.64,1.51,2.41,1.13,5.88,67.68,155.0,14.22,6.92,0.72,65.64,34.06,18.96,25.01,21.9,-7.6,8.5,0.81,0.52,23.100000381469727,5.059556809874946,7.174467307989489,10.601292140799469,14.549079529789068,7.140920855321511,8.434794412917235,5.267278465038181,10.68719129926617,8.614322602624508,7.804630860453361,7.024167774408025,8,True,2.9,-69.59234779908209,-62.70856077762357,n/d,n/d,,,,False,False,,,Em Alta,23.350000381469727,-1.0706637940717023,-8.05438532371694,False,False,False,sem sinal (Em Alta)
SUZB3,BOVA11,BOVA11,Materiais,42.04,47.7,10.0,,,1.0,,52.53,59.93,29.81,31.21,False,100,Fundo triplo,5,8,False,,False,,False,False,True,False,False,False,1,10,True,True,False,True,False,False,True,True,True,True,False,1.68,False,57144418304.0,7.18,1.18,0.01,3.06,16.44,27.73,5.54,17.08,6.38,3.68,9.21,3.38,1.99,0.56,21.99,-64.0,6.36,3.15,0.57,73.83,26.09,39.68,58.97,16.3,-21.7,7.4,0.42,0.26,46.150001525878906,10.097081393628738,18.730085985181308,85.16539278800772,75.20725766854538,102.117822728526,15.997427488653416,68.98390509999999,22.52628060019349,,,,6,False,10.1,,,n/d,n/d,,,Fundo triplo,False,False,,,Em Alta,46.34000015258789,-0.41000998291618185,-22.62416247372807,False,True,False,Fundo triplo — rompeu pescoço ~R$43.58 (candidato)
ENGI11,BOVA11,BOVA11,Serviços públicos,41.96,42.3,40.0,,,0.1,,50.77,37.65,23.96,52.48,True,101,Não,3,8,False,,True,,False,False,False,False,True,True,4,10,False,False,True,False,False,False,True,True,False,True,True,2.32,True,14548443136.0,15.77,1.23,2.39,5.38,7.78,17.19,10.25,4.13,5.83,4.32,5.9,1.56,1.99,13.39,84.86,7.9,19.7,4.83,0.34,74.62,23.0,42.0,57.51,13.3,-17.3,-3.0,1.32,0.86,47.56999969482422,18.283410424621426,20.198661983742095,23.80339002807254,51.233733548076074,19.785287271046567,23.270982425398977,10.292258585921845,118.41687988323402,,,,7,False,11.5,,,n/d,n/d,,,,False,False,,,Lateral,49.68960952758789,-4.265700320278942,-18.82377357869842,False,False,False,sem sinal (Lateral)
AXIA3,BOVA11+Carteira,BOVA11,Serviços públicos,41.8,38.59,60.0,,,0.1,,39.95,24.09,49.93,46.1,True,102,Não,3,8,False,,True,,False,False,False,True,True,True,6,10,False,False,False,True,False,True,True,False,True,False,True,0.54,True,119766515712.0,12.84,1.27,2.82,4.28,9.86,5.35,3.25,27.05,15.47,2.95,7.36,2.05,0.63,2.89,54.91,9.7,9.03,3.03,0.39,57.63,42.34,41.67,67.15,28.2,-20.5,-2.7,1.41,0.65,53.40999984741211,16.315074535300212,24.969647482281854,45.47292244001137,62.73782571843308,36.281914257085795,26.775945462839523,22.736331037387988,21.895795005336762,32.14818199233457,25.872796472560687,23.28551682530462,8,True,3.8,-56.40232748206443,-39.808683609475324,2026-11-04,2025-11-17,última,,,False,True,59.55,-10.31,Em Alta,53.709999084472656,-0.5585537929142848,-21.270632767441555,False,False,False,sem sinal (Em Alta)
PNVL3,SMALL11,SMALL11,Bens de primeira necessidade,41.79,36.81,70.0,,,0.0,,36.35,43.39,36.65,22.7,True,103,Não,4,8,False,,True,,False,False,True,False,True,True,7,10,False,True,False,False,True,False,True,True,False,False,True,0.81,True,1788026368.0,13.08,1.37,2.75,2.49,10.45,8.49,9.66,2.33,5.71,4.17,6.05,1.75,1.07,1.86,32.58,17.6,8.19,4.98,0.9,66.54,33.46,8.82,16.07,37.1,-24.8,0.7,1.41,0.7,12.09000015258789,2.1508068246696777,3.989746659762252,12.247133182094,13.547320638522072,8.814516185838457,5.737078654940589,6.562760353660073,12.090000152587889,8.998365118200763,8.814516185838457,7.933064567254611,7,True,6.3,-34.38325502786266,-25.571836189971897,n/d,n/d,,,,False,False,,,Em Alta,12.420000076293945,-2.657004200313373,-25.80673576297068,False,False,False,sem sinal (Em Alta)
VAMO3,BOVA11+SMALL11,BOVA11,Bens Industriais,40.94,44.64,20.0,,,0.7,,52.09,51.67,27.21,28.37,False,104,Não,4,8,False,,True,,False,False,False,False,False,False,2,10,True,False,True,False,False,False,True,True,False,True,False,3.87,False,3701873920.0,11.72,1.12,4.11,2.93,9.57,14.8,15.52,5.1,3.9,3.09,2.79,1.67,4.84,1.87,34.34,-1.9,5.07,7.32,0.32,88.84,11.16,2.48,4.82,23.0,-36.7,-6.7,2.06,0.65,3.049999952316284,0.638420957233777,1.1842708756686562,3.4481654751016007,3.993174365265419,2.3977488015783663,2.6349267526165225,1.7230055868174918,9.00430014677799,,,,6,False,14.1,,,n/d,n/d,,,,False,False,,,Lateral,3.319999933242798,-8.13252970950491,-38.25911099214851,False,False,False,sem sinal (Lateral)
UNIP6,SMALL11,SMALL11,Materiais,39.52,42.97,20.0,,,1.0,,51.72,11.94,34.97,97.16,False,105,Não,4,8,False,,True,,False,False,True,False,False,False,2,10,False,True,True,False,False,False,True,True,False,True,True,1.25,True,6160426496.0,23.43,3.12,11.74,15.84,13.34,34.18,11.66,5.09,8.55,2.72,3.27,2.39,1.85,,371.21,-46.1,10.43,4.48,0.47,74.89,24.93,53.05,71.62,6.0,-21.5,-7.9,0.71,0.4,56.209999084472656,63.61030004685347,92.61659686821865,24.950234335403998,31.184687471200206,,31.018850384254566,6.408920083407345,21.968849210690998,,,,5,False,14.5,,,n/d,n/d,,,,False,False,,,Em Baixa,63.5,-11.480316402405267,-22.679049747934922,False,False,False,sem sinal (Em Baixa; sem novo topo (-11.5%))
AUAU3,SMALL11,SMALL11,Consumo discricionário,39.3,34.47,66.66666666666667,,,0.9,,31.38,53.09,30.07,10.64,False,106,Não,2,8,False,,,,,,False,True,True,,2,3,False,False,False,False,False,True,True,False,False,False,True,0.51,True,2840619520.0,14.76,0.89,0.92,0.92,6.04,,7.01,3.84,3.07,2.53,5.05,1.26,0.7,2.83,13.58,22.2,9.73,5.6,,,,2.8,3.87,16.9,-15.1,-2.1,0.88,0.42,3.2799999713897705,0.21553628461977367,0.361612725923788,2.663071091965619,4.2926642042758925,1.3644029385839913,0.5291695188956793,1.3227714747949033,10.917969430216965,,,,3,False,50.7,,,n/d,n/d,,,,False,False,,,Lateral,3.619999885559082,-9.392263119279109,-18.6819027573805,False,False,False,sem sinal (Lateral)
EMBJ3,BOVA11,BOVA11,Bens Industriais,38.74,33.81,66.66666666666667,,,0.7,,44.47,12.26,49.4,8.51,False,107,Não,4,8,False,,False,,False,,True,True,True,False,6,9,False,False,False,False,True,True,True,True,False,False,True,0.14,True,69482037248.0,31.03,4.04,1.01,0.71,13.01,5.09,9.61,5.28,11.8,0.52,0.76,1.44,0.69,3.06,22.18,113.9,17.3,3.7,0.82,70.5,26.66,68.4,103.57,42.2,-6.1,18.5,0.83,0.37,97.2300033569336,4.964171966325306,9.208538997533442,41.51780678309281,41.19172595020346,33.96375995856475,17.690716662450722,28.31153328259188,42.73613856411794,,,,6,False,8.6,,,n/d,n/d,,,,False,False,,,Em Alta,101.29000091552734,-4.008290573498618,-7.495714738828607,False,False,False,sem sinal (Em Alta)
HAPV3,BOVA11+SMALL11,BOVA11,Cuidados de saúde,38.7,35.73,55.55555555555556,,,0.2,P/L=-18.96<2,12.07,80.55,47.95,5.67,True,108,Não,2,8,False,,False,,False,,False,True,True,False,5,9,False,False,False,False,True,False,True,False,False,False,True,0.16,True,3111826176.0,-18.96,0.07,0.0,0.13,-0.36,-1.11,2.12,-0.55,4.18,3.07,7.69,1.84,0.33,,,41.3,5.47,1.55,0.45,33.25,66.74,6.09,41.71,4.8,-84.7,-41.7,1.58,0.35,6.380000114440918,0.061252089667444616,0.11362262633310975,,,,,,13.65265077910677,,,,2,False,222.9,,,n/d,n/d,,,,False,False,,,Em Baixa,11.130000114440918,-42.67744789900752,-85.0445378873391,False,False,False,sem sinal (Em Baixa; sem novo topo (-42.7%))
NATU3,BOVA11+SMALL11,BOVA11,Bens de primeira necessidade,38.18,42.71,12.5,,,0.0,P/L=-4.61<2,39.45,55.22,54.51,2.48,True,109,Fundo duplo,2,8,False,,False,,,,False,True,False,False,1,8,False,False,False,False,False,True,True,False,False,True,True,0.35,True,12236113920.0,-4.61,0.97,0.0,0.0,-21.11,16.32,10.18,-12.47,5.24,2.58,3.54,1.68,0.54,,,-88.9,9.39,2.55,0.77,55.21,44.79,7.2,10.7,24.2,-16.4,-1.5,1.15,0.42,8.9399995803833,,,,,,,,10.516951024198406,10.516951024198406,10.516951024198406,9.465255921778565,1,True,1.0,5.8753508506623975,17.639278722958206,n/d,n/d,,,Fundo duplo,False,False,,,Lateral,8.760000228881836,2.054787063909025,-19.820628822929788,False,True,False,Fundo duplo — rompeu pescoço ~R$8.73 (candidato)
SMFT3,BOVA11+SMALL11,BOVA11,Consumo discricionário,38.07,37.73,40.0,,,0.9,,49.56,40.6,13.61,25.53,False,110,Não,1,8,False,,False,,False,False,True,False,False,False,4,10,False,False,False,False,False,False,True,False,True,False,False,1.82,False,10451490816.0,15.29,1.73,5.93,2.63,11.3,9.4,10.6,8.53,3.87,4.32,5.7,1.2,2.24,2.26,40.19,-6.3,8.42,5.98,0.3,73.66,26.34,16.61,26.03,4.2,-33.5,-8.3,1.29,0.61,17.299999237060547,3.2480675376811465,6.025165282398527,14.991824060892887,15.955504793118308,10.621069052466272,13.02439541779011,7.82931950841441,,11.407879685846751,11.822732235128191,10.640459011615372,6,True,4.9,-38.49445386782977,-34.058496017684966,n/d,n/d,,,,False,False,,,Em Baixa,19.940000534057617,-13.239725307368655,-34.479096585796285,False,False,False,sem sinal (Em Baixa; sem novo topo (-13.2%))
AZZA3,BOVA11+SMALL11,BOVA11,Consumo discricionário,37.93,39.33,30.0,,,0.9,,24.83,62.25,43.8,38.3,False,111,Não,1,8,False,,True,,False,False,False,True,False,True,3,10,False,False,False,False,False,False,True,False,False,True,True,0.38,True,2990181376.0,9.42,0.38,16.74,3.53,4.03,11.4,5.88,2.85,3.62,2.74,6.52,2.26,0.49,3.5,33.29,-94.3,3.1,3.33,0.93,48.36,51.64,14.54,31.78,2.4,-53.2,-20.3,1.23,0.48,14.890000343322754,3.758927177603638,4.777330939464201,14.349513736019233,37.33092207241448,9.835867412727412,48.40573947932976,6.893693127122796,26.859478624885305,,,,4,False,12.9,,,n/d,n/d,,,,False,False,,,Em Baixa,17.010000228881836,-12.463256067213123,-54.39194666779944,False,False,False,sem sinal (Em Baixa; sem novo topo (-12.5%))
RAIL3,BOVA11,BOVA11,Bens Industriais,37.12,34.85,50.0,,,0.7,,50.27,25.51,22.51,13.48,False,112,Não,2,8,False,,False,,False,False,False,False,True,True,5,10,False,False,False,False,True,False,True,False,True,False,False,1.64,False,27485323264.0,22.43,1.9,0.73,1.31,8.48,1.9,12.06,8.53,6.14,3.16,3.66,1.31,2.01,3.75,29.39,56.8,11.54,7.07,0.25,73.88,25.74,12.33,17.04,18.3,-14.4,1.5,1.14,0.58,14.59000015258789,1.3654320317374187,2.528757691242909,8.604687789232399,10.60120220492594,4.747182441821879,7.6897469010411985,4.185920127677559,11.363917236663829,,,,7,False,8.3,,,n/d,n/d,,,,False,False,,,Em Alta,14.529999732971191,0.4129416429413002,-15.804246930911681,False,False,False,sem sinal (Em Alta)
TIMS3,BOVA11,BOVA11,Comunicação,37.05,31.24,70.0,,,0.4,,31.11,8.14,37.39,77.3,False,113,Não,3,8,False,,True,,False,False,False,True,True,True,7,10,False,False,False,True,True,False,True,False,True,True,True,0.49,True,43538612224.0,3210.87,1.75,8.01,8.95,0.05,11.85,0.76,15.78,111.9,1.05,2.63,0.85,0.66,1284.35,28744.86,2.5,8.67,7.75,0.43,57.89,42.11,17.94,27.96,4.5,-33.0,-16.0,0.81,0.49,18.739999771118164,11.983371482372863,14.953163545395702,,,,30.75,,0.697835819781329,,,,3,False,44.1,,,n/d,n/d,,,,False,False,,,Em Baixa,18.899999618530273,-0.8465600563041242,-33.89685019308995,False,False,False,sem sinal (Em Baixa; sem novo topo (-0.8%))
CBAV3,SMALL11,SMALL11,Materiais,36.92,38.14,30.0,,,1.0,,39.03,38.97,38.9,30.5,False,114,Não,4,8,False,,False,,False,False,True,True,True,False,3,10,False,True,False,False,True,False,True,True,False,False,True,0.57,True,7298525184.0,12.21,1.44,0.39,3.04,11.81,-1.32,6.25,6.41,6.54,1.95,4.36,2.06,0.89,1.64,37.15,28.1,9.58,3.49,0.48,67.68,30.73,3.02,11.2,271.2,0.0,3.9,0.25,0.12,11.199999809265137,2.4339031145763883,4.5148902775392,12.15397194699124,12.669812747501055,9.599588140850038,0.792279595705617,6.730312833209079,7.443646782662403,,,,6,False,16.0,,,n/d,n/d,,,,False,False,,,Em Alta,11.180000305175781,0.17888643598780174,0.0,False,False,False,sem sinal (Em Alta)
RAPT4,SMALL11,SMALL11,Bens Industriais,36.15,40.76,10.0,,,0.7,P/L=-4.87<2,19.47,83.27,32.16,47.52,False,115,Não,1,8,False,,False,,False,False,False,False,True,False,1,10,False,False,False,False,False,False,True,False,False,False,True,1.82,False,1680675200.0,-4.87,0.56,0.0,4.31,-11.45,8.95,9.51,-2.65,3.86,2.95,4.35,2.12,2.11,,,0.5,3.78,5.22,0.76,74.66,17.25,4.35,6.9,9.4,-31.0,-4.0,1.3,0.58,4.760000228881836,1.4641991370352194,1.5260208783767064,,,,,,13.253224454113678,,,,2,False,9.1,,,n/d,n/d,,,,False,False,,,Em Baixa,5.070000171661377,-6.114397086459222,-32.19372874907612,False,False,False,sem sinal (Em Baixa; sem novo topo (-6.1%))
YDUQ3,BOVA11+SMALL11,BOVA11,Consumo discricionário,36.1,35.41,40.0,,,0.9,,34.82,42.76,25.41,39.72,False,116,Não,1,8,False,,False,,False,False,False,False,True,False,4,10,False,False,False,False,False,False,True,False,False,False,False,1.48,True,2254415872.0,21.39,0.83,6.42,3.6,3.89,5.03,11.35,2.04,3.89,3.14,3.87,1.61,1.72,23.92,77.01,1.0,4.18,7.39,0.4,70.08,29.69,7.32,14.76,17.8,-41.6,-6.2,1.61,0.59,8.619999885559082,2.2167747363493135,2.3892130069154094,3.102428253771103,9.70407357514735,1.8112879972244262,5.906255130430847,1.3030912659294145,13.672788475674244,,,,6,False,10.5,,,n/d,n/d,,,,False,False,,,Lateral,8.880000114440918,-2.927930467692408,-43.62328379944348,False,False,False,sem sinal (Lateral)
POSI3,SMALL11,SMALL11,Tecnologia de informação,35.66,36.66,30.0,,,0.5,,21.47,52.53,36.69,65.25,False,117,Não,0,8,False,,True,,False,False,False,True,True,False,3,10,False,False,False,False,False,False,False,False,False,True,False,0.5,True,462492256.0,38.0,0.3,5.38,6.9,0.8,10.68,6.93,0.36,3.72,3.07,6.21,1.82,0.81,3.3,262.06,11.5,1.98,3.74,0.97,64.77,35.23,3.28,4.72,3.4,-28.2,-13.5,1.09,0.5,3.390000104904175,1.669870099612157,3.0976090347805507,1.1820395102626398,4.762538999270556,1.6411363842360056,0.7445919647652398,0.883184237856614,17.11178183277631,,,,6,False,23.0,,,n/d,n/d,,,,False,False,,,Em Baixa,3.5299999713897705,-3.966001915588613,-29.375000620881696,False,False,False,sem sinal (Em Baixa; sem novo topo (-4.0%))
SIMH3,SMALL11,SMALL11,Industrials,34.96,37.6,20.0,,,0.7,P/L=-20.90<2,26.94,81.37,16.83,17.73,False,118,Não,5,8,False,,False,,False,False,False,False,True,False,2,10,False,True,True,False,True,False,True,True,False,False,False,7.83,False,3811948288.0,-20.9,0.65,2.62,2.25,-3.1,-1.12,11.25,-0.4,3.77,3.53,4.39,1.28,6.05,,,8.8,2.08,6.03,0.36,91.64,5.09,5.63,14.3,14.7,-54.8,-24.9,2.34,0.7,6.460000038146973,1.0381694241476889,1.9258042817939625,,,,,,45.46408906745518,,,,2,False,43.8,,,n/d,n/d,,,,False,False,,,Em Baixa,7.659999847412109,-15.665794166700287,-55.78156780683936,False,False,False,sem sinal (Em Baixa; sem novo topo (-15.7%))
ARML3,SMALL11,SMALL11,Bens Industriais,34.15,34.88,30.0,,,0.7,,33.67,36.38,27.99,50.35,False,119,Fundo duplo,2,8,False,,True,,False,False,False,False,True,False,3,10,False,False,False,False,False,False,True,True,False,True,False,1.74,False,1273404928.0,20.57,0.93,12.69,4.8,4.51,11.22,9.85,3.11,4.87,3.29,4.68,1.89,2.12,336.38,98.64,20.9,3.32,5.25,0.54,75.09,23.96,2.71,6.17,36.8,-40.0,-0.3,1.87,0.56,3.700000047683716,1.2673907863429856,1.273729346359258,1.2912371472669173,4.012678533224459,0.8735891572529346,2.294765060734361,0.48743340438645866,5.12793832390089,,,,5,False,10.5,,,n/d,n/d,,,Fundo duplo,False,False,,,Em Alta,3.700000047683716,0.0,-41.26984229103444,False,True,False,Fundo duplo — rompeu pescoço ~R$3.56 (candidato)
JSLG3,SMALL11,SMALL11,Bens Industriais,33.89,36.34,20.0,,,0.7,P/L=-14.67<2,21.05,58.35,14.24,94.33,False,120,Não,1,8,False,,True,,False,False,False,False,False,False,2,10,False,False,False,False,False,False,True,False,False,True,False,5.26,False,1532431104.0,-14.67,1.3,35.73,13.88,-8.83,13.19,9.68,-1.07,4.23,4.15,6.0,1.38,6.52,,,-44.0,3.0,4.78,0.43,89.08,10.92,3.88,8.64,39.5,-37.4,-12.7,2.09,0.61,5.409999847412109,5.362443498420543,7.8077177337003105,,,,,,,6.585080616060427,6.585080616060427,5.926572554454385,2,True,1.5,9.548479142552658,21.720532380614046,n/d,n/d,,,,False,False,,,Lateral,5.730000019073486,-5.584645211102801,-38.66213112697925,False,False,False,sem sinal (Lateral)
CSNA3,BOVA11+SMALL11,BOVA11,Materiais,33.56,37.72,10.0,,,1.0,P/L=-2.71<2,15.62,78.37,7.6,95.74,False,121,Não,2,8,False,,False,,False,False,False,False,True,False,1,10,False,False,False,False,False,False,True,True,False,False,False,3.31,False,7121124352.0,-2.71,0.59,0.0,15.41,-21.59,-7.63,8.07,-5.82,4.3,5.46,9.47,1.15,3.57,,,5.7,-52.01,2.17,0.39,84.35,12.8,4.28,10.89,23.1,-51.6,-7.0,1.66,0.53,5.269999980926514,5.801133179831912,10.342791421102724,,,,,,,8.071962300467318,8.071962300467318,7.2647660704205865,2,True,1.8,37.851349083750385,53.168165648611506,n/d,n/d,,,,False,False,,,Lateral,5.159999847412109,2.131785596264546,-53.44522859540282,False,False,False,sem sinal (Lateral)
BRAP4,BOVA11+SMALL11,BOVA11,Basic Materials,33.35,34.82,25.0,,,1.0,DY5a=24.3%>=20,14.87,38.8,74.72,,False,122,Não,4,6,False,,True,,False,False,False,True,,False,2,8,False,True,True,False,,,True,True,False,True,True,,True,8785709056.0,15.03,1.09,10.55,24.28,7.26,23.82,-0.47,0.0,-229.22,,,5.68,0.0,2.07,364.98,,2.99,-0.74,,4.4,95.6,14.28,25.49,53.7,-13.9,-2.3,0.92,0.63,21.950000762939453,38.07283613802724,70.62511103604054,19.350466407780957,25.72367769596105,43.81237677233424,15.342069641277186,10.565876234562362,,25.477883814990506,22.537072051871004,20.283364846683902,6,True,6.7,-7.592874069824685,16.072359587374407,n/d,n/d,,,,False,False,,,Lateral,22.0,-0.2272692593661252,-14.35816823381073,False,False,False,sem sinal (Lateral)
MYPK3,SMALL11,SMALL11,Consumo discricionário,33.01,35.31,20.0,,,0.9,,24.86,52.42,28.48,53.19,False,123,Não,1,8,False,,True,,False,False,False,False,True,False,2,10,False,False,False,False,False,False,True,False,False,False,True,0.95,True,1361407232.0,15.28,0.34,3.38,5.41,2.23,4.01,8.93,0.6,3.5,2.9,4.54,1.73,1.23,39.6,82.7,0.1,3.92,3.75,0.65,66.29,30.03,8.74,13.84,4.1,-34.3,-2.3,0.79,0.48,9.100000381469727,3.5177997520806827,3.6314720115225403,4.391385949203676,18.937887571169924,3.452933845398255,7.742307777694482,1.73542624064257,21.644276821810227,,,,6,False,12.5,,,n/d,n/d,,,,False,False,,,Em Baixa,9.399999618530273,-3.1914813748412985,-34.58887783067962,False,False,False,sem sinal (Em Baixa; sem novo topo (-3.2%))
TTEN3,SMALL11,SMALL11,Bens de primeira necessidade,32.83,29.8,50.0,,,0.0,,35.33,31.73,24.19,11.35,True,124,Não,2,8,False,,True,,False,True,True,False,False,True,5,10,False,True,False,False,False,False,True,False,False,True,False,0.75,True,5629955072.0,9.58,1.13,1.62,0.95,11.76,18.41,4.0,3.19,17.43,7.5,18.75,1.36,1.03,0.9,9.12,-37.7,5.6,1.74,0.97,64.13,35.82,9.93,17.74,12.4,-37.1,-23.5,0.81,0.37,11.15999984741211,0.7591834704989475,1.4082853377755475,15.435281626117996,16.089163736385103,13.559074780157136,1.664198453871198,10.937495011885698,,,,,4,False,21.2,,,n/d,n/d,,,,False,False,,,Em Baixa,11.800000190734863,-5.423731635405138,-37.6536308086892,False,False,False,sem sinal (Em Baixa; sem novo topo (-5.4%))
CASH3,SMALL11,SMALL11,Comunicação,32.5,28.43,55.55555555555556,,,0.4,P/L=-6.11<2,1.35,43.54,83.44,2.48,False,125,Não,2,8,False,,False,,False,,False,True,True,False,5,9,False,False,False,False,True,True,False,False,False,False,True,-0.29,True,615655680.0,-6.11,1.43,0.0,0.0,-23.45,-3.01,-16.62,-20.31,-9.72,-1.12,-2.8,2.68,0.0,,,18.2,6.87,9.61,1.74,18.27,80.69,3.24,5.73,76.9,0.0,30.5,0.94,0.32,5.730000019073486,,,,,,,,,,,,0,True,,,,n/d,n/d,,,,False,False,,,Em Alta,5.599999904632568,2.3214306545501273,-0.6932402423787232,False,False,False,sem sinal (Em Alta)
DESK3,SMALL11,SMALL11,Comunicação,31.86,32.19,30.0,,,0.4,,39.33,27.34,34.38,7.8,False,126,Não,3,8,False,,True,,False,False,False,False,False,True,3,10,False,True,True,False,False,False,True,False,False,False,True,0.9,True,2150890240.0,38.5,1.5,0.79,0.44,3.91,6.21,11.53,4.4,5.18,2.09,2.53,1.41,1.21,11.83,16.78,-50.0,10.88,6.52,0.32,62.73,36.49,7.85,19.0,135.5,-2.7,2.1,0.67,0.19,18.489999771118164,0.575765733173624,0.7745017416597643,4.614500794887762,11.541231982044076,1.7720107563491416,0.6742690749011941,2.2652113123634843,18.489999771118164,,,,3,False,32.1,,,n/d,n/d,,,,False,False,,,Lateral,19.0,-2.6842117309570312,-3.6477370685692345,False,False,False,sem sinal (Lateral)
DXCO3,SMALL11,SMALL11,Materiais,31.3,33.3,20.0,,,1.0,P/L=-133.54<2,14.01,71.14,27.6,36.88,False,127,Não,2,8,False,,True,,False,False,False,False,True,False,2,10,False,False,False,False,False,False,True,True,False,False,False,0.88,True,4757241856.0,-133.54,0.7,0.0,3.45,-0.52,6.92,4.35,-0.43,4.78,3.22,8.04,1.98,1.19,,,5.2,8.45,2.48,0.51,62.06,36.03,4.44,6.09,15.6,-15.8,1.3,1.18,0.61,5.130000114440918,1.2659336527601215,2.118712595210349,,,,,,5.851941370325775,1.6923231239852352,1.6923231239852352,1.5230908115867117,2,True,4.6,-70.31012129416487,-67.01124588240542,n/d,n/d,,,,False,False,,,Em Alta,5.289999961853027,-3.0245718065386007,-17.524111133726382,False,False,False,sem sinal (Em Alta)
BRAV3,BOVA11+SMALL11,BOVA11,Energia,30.24,29.7,33.333333333333336,,,0.9,,22.83,57.28,19.5,12.06,False,128,Não,1,8,False,,False,,False,,False,False,False,True,3,9,False,False,False,False,False,False,True,False,False,False,False,1.17,True,8129504256.0,149.29,0.66,0.71,1.08,0.44,3.55,8.3,0.44,3.14,3.05,5.14,1.26,1.55,,161.0,-17.3,4.97,3.71,0.27,72.43,27.57,13.35,21.64,32.7,-18.1,-9.1,0.46,0.22,17.719999313354492,1.3649993195092052,1.9874390092054028,1.2344295857652001,8.467742307505029,,1.6666666666666667,0.3170856216182588,,,,,4,False,26.7,,,n/d,n/d,,,,False,False,,,Em Baixa,19.450000762939453,-8.894608646398371,-19.981970158869554,False,False,False,sem sinal (Em Baixa; sem novo topo (-8.9%))
PRNR3,SMALL11,SMALL11,Bens Industriais,30.15,31.94,20.0,,,0.7,,39.09,25.05,32.67,15.6,False,129,Não,2,8,False,,False,,False,False,False,False,True,False,2,10,False,False,False,False,True,False,True,False,False,False,True,1.2,True,1000475520.0,22.82,2.09,0.0,1.69,9.17,4.0,10.43,2.55,5.8,2.44,3.27,1.85,1.76,4.05,38.48,27.8,5.01,6.01,0.64,70.26,25.54,14.63,21.97,19.9,-20.2,-5.7,1.17,0.6,17.540000915527344,2.1126880461739193,3.7381486724799724,9.714202018715472,12.047305061077113,5.632141298496357,5.536540612704338,4.778818561258734,15.869633802302758,6.907859370788664,5.584340955600348,5.025906860040314,6,True,7.5,-71.34602851935365,-60.616539280374504,n/d,n/d,,,,False,False,,,Em Baixa,18.950000762939453,-7.440632140604708,-20.597551858900754,False,False,False,sem sinal (Em Baixa; sem novo topo (-7.4%))
LWSA3,SMALL11,SMALL11,Tecnologia de informação,29.19,30.81,20.0,,,0.5,P/L=-11.89<2,12.22,49.6,49.66,29.79,False,130,Fundo duplo,2,7,False,,False,,False,False,False,True,True,False,2,10,False,False,False,False,True,,True,False,False,False,True,,True,2429516544.0,-11.89,1.0,7.1,2.95,-8.41,-2.3,5.89,-13.29,6.29,,,1.18,0.03,,,108.1,11.63,-3.98,1.15,32.17,67.83,3.38,4.67,23.3,-10.6,9.2,1.37,0.54,4.170000076293945,0.8773866922403346,1.6275523141058208,,,,,,,1.2524695031730777,1.2524695031730777,1.12722255285577,2,True,1.9,-72.96828459874801,-69.96476066527558,n/d,n/d,,,Fundo duplo,False,False,,,Em Alta,4.21999979019165,-1.1848274024543137,-12.224852965857558,False,True,False,Fundo duplo — rompeu pescoço ~R$4.11 (candidato)
LJQQ3,SMALL11,SMALL11,Consumo discricionário,28.99,32.14,11.11111111111111,,,0.9,P/L=-1.16<2,6.56,88.1,13.12,45.39,False,131,Não,0,8,False,,False,,False,,False,False,True,False,1,9,False,False,False,False,False,False,False,False,False,False,False,4.22,False,244162368.0,-1.16,0.79,0.0,4.11,-67.62,-9.94,2.03,-6.88,0.93,34.56,86.39,1.77,7.9,,,8.8,16.86,-0.01,0.82,89.26,10.74,0.96,2.83,27.1,-56.9,-14.7,2.16,0.59,1.2200000286102295,0.35841445308267084,0.6648588104683544,,,,,,,0.5116366317755126,0.5116366317755126,0.46047296859796133,2,True,1.9,-62.25631493447488,-58.062572149416546,n/d,n/d,,,,False,False,,,Lateral,1.2799999713897705,-4.687495634425332,-57.49128650670413,False,False,False,sem sinal (Lateral)
DASA3,SMALL11,SMALL11,Cuidados de saúde,28.16,33.13,0.0,,,0.2,P/L=-3.70<2,17.64,78.84,22.82,9.22,True,132,Não,2,8,False,,False,,False,,False,False,False,False,0,9,False,False,False,False,False,False,True,True,False,False,True,0.98,True,3312040960.0,-3.7,0.49,0.0,0.77,-13.13,-13.32,7.28,-9.6,4.12,4.54,8.74,1.27,1.12,,,-9.8,11.63,3.53,0.48,62.87,36.98,1.24,4.6,110.5,-43.3,-9.4,2.04,0.41,2.609999895095825,0.14369759718599814,0.2092237015028133,,,,,,,0.17646064934440572,0.17646064934440572,0.15881458440996515,2,True,1.5,-93.91514977803728,-93.2390553089303,n/d,n/d,,,,False,False,,,Em Baixa,2.9000000953674316,-10.000006577064035,-45.283020848380275,False,False,False,sem sinal (Em Baixa; sem novo topo (-10.0%))
EQTL3,BOVA11,BOVA11,Serviços públicos,28.06,27.72,30.0,,,0.1,,34.32,20.26,19.72,32.62,True,133,Não,1,8,False,,True,,False,False,False,False,False,True,3,10,False,False,False,False,False,False,True,False,False,False,True,2.15,True,46118727680.0,48.24,1.77,4.3,3.15,3.67,8.85,9.18,1.75,7.95,4.81,7.33,1.57,2.27,,152.11,-54.9,22.25,4.62,0.33,74.15,23.5,33.78,45.35,9.0,-18.8,-6.7,1.2,0.82,36.83000183105469,8.295373692329804,12.078064096032195,7.940133064738158,18.90613334965008,,6.267048420977274,2.0395671471236754,38.35452347755099,,,,5,False,18.8,,,n/d,n/d,,,,False,False,,,Em Baixa,39.18000030517578,-5.997954200655409,-20.48790571306921,False,False,False,sem sinal (Em Baixa; sem novo topo (-6.0%))
MRVE3,BOVA11+SMALL11,BOVA11,Consumo discricionário,28.03,31.02,11.11111111111111,,,0.9,P/L=-5.35<2,15.16,65.62,25.83,26.24,False,134,Não,1,8,False,,False,,False,,False,False,True,False,1,9,False,False,False,False,False,False,True,False,False,False,False,1.18,True,3078704128.0,-5.35,0.67,0.0,2.67,-12.58,-7.71,6.84,-4.93,5.42,3.03,6.21,1.89,1.69,,,10.7,3.06,3.75,0.89,78.42,18.67,4.2,10.43,31.2,-47.2,-3.2,1.58,0.57,5.510000228881836,1.0506928014549684,1.9490351466989662,,,,,,2.994743723083661,1.9981572237458654,1.9490351466989662,1.7541316320290696,3,True,2.9,-68.16458150338332,-63.735805068172226,n/d,n/d,,,,False,False,,,Em Alta,5.460000038146973,0.915754402665403,-47.67331083941908,False,False,False,sem sinal (Em Alta)
CAML3,SMALL11,SMALL11,Bens de primeira necessidade,27.52,30.61,10.0,,,0.0,,25.41,37.1,25.39,48.23,True,135,Não,1,8,False,,True,,False,False,False,False,False,False,1,10,False,False,False,False,False,False,True,False,False,False,False,1.5,True,1678070528.0,15.62,0.58,5.96,4.35,3.69,8.66,5.74,0.99,7.88,5.55,13.55,1.87,1.99,13.18,67.89,-58.5,4.72,3.09,0.76,72.01,27.99,4.24,7.23,15.8,-32.0,-8.4,1.39,0.57,4.909999847412109,1.5243847471650487,1.6850436917994995,2.4819268939056927,7.7378129327946965,1.7387055218975938,1.7821288487915956,1.073830709989183,0.32995897092242926,,,,6,False,23.5,,,n/d,n/d,,,,False,False,,,Lateral,4.909999847412109,0.0,-32.78430590877813,False,False,False,sem sinal (Lateral)
HBOR3,SMALL11,SMALL11,Imobiliário,26.39,27.52,20.0,,,0.8,,14.67,35.76,38.24,43.26,False,136,Não,1,8,False,,True,,False,False,False,True,False,False,2,10,False,False,False,False,False,False,False,True,False,False,False,1.25,True,294579840.0,65.21,0.21,6.0,3.93,0.31,3.0,2.16,0.41,13.55,15.28,38.21,2.55,0.72,,256.3,-64.6,2.39,1.03,0.81,57.57,22.01,1.68,4.23,22.0,-51.6,-4.9,1.63,0.41,2.049999952316284,0.5755235837164762,0.8379623378911895,0.32694371268347433,2.6277156192789435,,0.26415074528231325,0.08398142070303531,,,,,4,False,31.3,,,n/d,n/d,,,,False,False,,,Lateral,2.0,2.499997615814209,-51.814970028141275,False,False,False,sem sinal (Lateral)
SOJA3,SMALL11,SMALL11,Bens de primeira necessidade,26.17,27.26,20.0,,,0.0,,29.97,27.62,13.41,41.84,True,137,Não,2,8,False,,True,,False,False,False,False,False,False,2,10,False,False,False,False,True,False,True,False,False,True,True,0.66,True,969095296.0,42.02,0.73,4.12,3.84,1.73,13.98,5.66,0.89,9.46,4.7,11.63,0.95,1.47,,161.44,-0.4,7.07,2.47,1.35,45.47,36.89,4.98,10.46,34.5,-35.9,6.5,0.83,0.33,6.699999809265137,1.838647083195231,2.6770701531322563,1.6582579251869922,5.738212078600103,,1.0522259290281606,0.42595361539830706,1.4177471190982835,,,,5,False,13.5,,,n/d,n/d,,,,False,False,,,Em Alta,6.889999866485596,-2.7576206226745947,-35.92056566449635,False,False,False,sem sinal (Em Alta)
GFSA3,SMALL11,SMALL11,Consumo discricionário,26.15,30.76,0.0,,,0.9,P/L=-0.06<2,0.68,100.0,26.05,2.48,False,138,Não,1,7,False,,False,,False,,False,False,False,False,0,9,False,False,False,False,False,,False,True,False,False,True,,True,34620808.0,-0.06,0.02,0.0,0.0,-39.87,-13.41,-6.27,-124.06,-5.68,,,1.31,1.06,,,-55.9,0.73,-4.96,0.96,67.49,32.51,0.2,13.76,5.0,-98.5,-77.1,1.17,0.25,0.20999999344348907,,,,,,,,,,,,0,True,,,,n/d,n/d,,,,False,False,,,Em Baixa,0.25,-16.00000262260437,-98.493543760654,False,False,False,sem sinal (Em Baixa; sem novo topo (-16.0%))
ORVR3,SMALL11,SMALL11,Bens Industriais,25.44,20.12,55.55555555555556,,,0.7,,22.11,8.61,38.83,2.48,False,139,Não,2,8,False,,False,,False,,False,True,True,False,5,9,False,False,False,False,True,False,True,False,False,False,False,0.28,True,8915080192.0,177.4,1.84,0.0,0.0,1.04,-2.35,3.71,3.35,20.32,4.88,12.21,2.38,0.74,170.58,,135.8,14.45,2.86,0.49,63.86,33.58,13.27,20.97,23.7,-21.7,-12.8,1.11,0.66,16.420000076293945,,,,,,,,0.6335287972710854,0.6335287972710854,0.6335287972710854,0.5701759175439768,1,True,1.0,-96.52755228444147,-96.14172476049053,n/d,n/d,,,,False,False,,,Em Baixa,17.8799991607666,-8.165543361301019,-22.638399146370514,False,False,False,sem sinal (Em Baixa; sem novo topo (-8.2%))
RCSL4,SMALL11,SMALL11,Bens Industriais,25.09,27.31,12.5,,,0.7,P/L=-4.16<2,38.07,,15.51,2.48,False,140,Não,2,7,False,,False,,False,,True,,False,False,1,8,True,True,False,False,False,,False,False,False,True,True,,True,62371696.0,-4.16,-4.18,0.0,0.0,100.56,,-2.72,0.0,-72.61,,,1.21,,,,-99.2,,-11.18,0.2,170.21,-69.4,0.26,2.7,119.2,-78.9,-0.6,0.23,0.03,0.5699999928474426,,,,,,,,,,,,0,True,,,,n/d,n/d,,,,False,False,,,Lateral,0.7799999713897705,-26.92307515962583,-79.44093832264083,False,False,False,sem sinal (Lateral)
MGLU3,BOVA11+SMALL11,BOVA11,Consumo discricionário,24.74,27.14,11.11111111111111,,,0.9,,19.43,49.22,20.18,20.57,False,141,Não,1,8,False,,False,,False,,False,True,False,False,1,9,False,False,False,False,False,False,True,False,False,False,False,0.6,True,3754187008.0,42.43,0.34,1.68,2.35,0.79,-2.27,6.07,0.23,2.49,4.67,10.76,1.1,0.76,10913.72,99.51,-2.6,5.97,1.9,0.75,70.25,29.75,3.88,11.0,21.4,-57.2,-20.4,2.02,0.59,4.710000038146973,0.7890005500578923,0.7892503975922833,0.7931536854652366,5.882151355687325,0.2607664173381576,0.4172829073601396,0.29681684392942176,,,,,4,False,22.6,,,n/d,n/d,,,,False,False,,,Lateral,4.789999961853027,-1.670144558312403,-58.845771626618614,False,False,False,sem sinal (Lateral)
MBRF3,BOVA11,BOVA11,Bens de primeira necessidade,24.63,28.98,0.0,,,0.0,DY5a=21.3%>=20,41.61,24.17,6.59,,True,142,Não,1,8,False,,False,,False,False,False,False,False,False,0,10,False,False,False,False,False,False,True,False,False,True,True,4.51,False,26140532736.0,70.98,2.27,9.31,21.27,3.2,39.26,6.29,0.22,6.02,4.84,10.77,1.05,5.39,22.18,1509.93,-51.3,27.16,2.68,0.43,89.92,7.97,14.52,27.52,27.8,-32.6,9.2,1.02,0.31,18.559999465942383,28.201346491099695,37.72713463920448,2.498606734402562,6.935667942471704,6.3991384779714195,3.046690502845772,1.2244833202382792,13.69700128986002,,,,4,False,30.8,,,n/d,n/d,,,,False,False,,,Em Alta,19.540000915527344,-5.015360305363181,-32.89949541457112,False,False,False,sem sinal (Em Alta)
CSAN3,BOVA11+SMALL11,BOVA11,Consumo discricionário,24.46,27.01,10.0,,,0.9,P/L=-1.65<2,16.3,35.86,41.48,24.11,False,143,Não,2,8,False,,False,,False,False,False,False,True,False,1,10,False,False,False,False,False,True,True,False,False,False,True,1.47,True,14633600000.0,-1.65,2.96,0.0,2.53,-1.79,-64.7,8.59,-22.18,4.69,0.5,0.82,1.67,1.1,,,26.5,6.24,5.56,0.41,77.05,3.93,3.13,8.0,18.5,-53.6,-10.4,1.91,0.64,3.7100000381469727,0.6710889070785369,1.2448699226306859,,,,,,3.3910542358503712,0.9579794148546114,0.9579794148546114,0.8621814733691502,2,True,5.1,-76.76060742576752,-74.17845269529724,n/d,n/d,,,,False,False,,,Lateral,3.9100000858306885,-5.115090621314533,-53.79825452653869,False,False,False,sem sinal (Lateral)
KLBN11,BOVA11,BOVA11,Materiais,23.53,25.92,10.0,,,1.0,,22.8,19.53,20.19,67.38,False,144,Não,2,8,False,,True,,False,False,False,False,False,False,1,10,False,True,False,False,False,False,True,False,False,True,False,0.49,True,133522898944.0,41.78,2.47,6.18,7.1,5.92,28.81,5.45,0.86,6.36,3.99,9.97,2.0,2.3,,296.49,-51.7,10.97,2.09,0.37,77.43,12.36,16.08,21.02,16.3,-11.0,6.8,0.55,0.46,18.709999084472656,9.483961966810462,13.808648623676033,4.657347785507794,8.736396392517515,,11.016666666666667,1.196324225123568,7.973857469936353,,,,6,False,11.5,,,n/d,n/d,,,,False,False,,,Em Alta,18.739999771118164,-0.16008904488752362,-11.952945484834554,False,False,False,sem sinal (Em Alta)
CVCB3,SMALL11,SMALL11,Consumo discricionário,23.06,21.25,33.333333333333336,,,0.9,P/L=-7.09<2,10.87,49.19,19.07,2.48,False,145,Não,2,8,False,,False,,False,,False,False,False,False,3,9,False,False,False,False,False,True,True,False,False,False,True,1.13,True,927021504.0,-7.09,2.9,0.0,0.0,-40.86,-60.02,5.9,-8.94,2.91,1.33,3.17,0.68,1.67,,,-4.5,12.28,4.12,0.67,87.19,12.81,1.08,2.72,64.8,-34.6,11.0,1.14,0.29,1.7799999713897705,,,,,,,,3.3837718381189785,3.3837718381189785,3.3837718381189785,3.045394654307081,1,True,1.0,71.08959007057334,90.09954452285925,n/d,n/d,,,,False,False,,,Em Alta,1.7400000095367432,2.298848369758155,-36.200716999022745,False,False,False,sem sinal (Em Alta)
HBSA3,SMALL11,SMALL11,Bens Industriais,23.0,25.1,11.11111111111111,,,0.7,P/L=-26.39<2,24.91,20.04,43.18,2.48,False,146,Não,2,8,False,,False,,False,,False,False,True,False,1,9,False,False,False,False,True,False,True,False,False,False,False,1.26,True,4720527872.0,-26.39,2.26,0.0,0.0,-8.56,-15.0,11.14,-5.52,7.9,3.09,3.88,3.26,1.56,,,68.3,12.25,5.08,0.41,66.67,33.33,2.98,4.38,18.1,-19.6,3.5,0.75,0.35,3.5199999809265137,,,,,,,,1.7502370553701434,1.7502370553701434,1.7502370553701434,1.575213349833129,1,True,1.0,-55.249620500892426,-50.27735611210269,n/d,n/d,,,,False,False,,,Em Alta,3.4800000190734863,1.1494241848790887,-19.81776564962765,False,False,False,sem sinal (Em Alta)
AURE3,BOVA11+SMALL11,BOVA11,Serviços públicos,21.37,21.61,20.0,,,0.1,P/L=-10.47<2,13.12,26.08,10.82,70.21,True,147,Não,2,8,False,,False,,False,False,False,False,True,False,2,10,False,False,False,False,False,False,True,True,False,False,False,1.74,True,11344736256.0,-10.47,0.99,0.0,7.48,-9.47,2.89,2.64,-8.09,11.82,6.49,16.23,1.12,1.85,,,5.9,-76.5,2.04,0.26,71.73,25.67,10.05,14.61,8.0,-25.7,-10.3,1.14,0.6,10.850000381469727,5.797173306377328,10.610974251895092,,,,,,3.2357010429268422,6.547949533733086,5.797173306377328,5.217455975739595,3,True,3.3,-51.91284984053757,-39.65023683394461,n/d,n/d,,,,False,False,,,Em Baixa,11.15999984741211,-2.77777303029505,-25.989082575706522,False,False,False,sem sinal (Em Baixa; sem novo topo (-2.8%))
ENEV3,BOVA11,BOVA11,Serviços públicos,21.29,19.16,33.333333333333336,,,0.1,,27.68,8.48,21.69,2.48,True,148,Não,1,8,False,,True,,False,,False,False,False,True,3,9,False,False,False,False,False,False,True,False,False,False,True,1.16,True,50217066496.0,52.82,2.5,0.0,0.0,4.73,2.64,5.85,5.03,12.2,3.9,9.34,1.28,1.2,11.17,,-91.5,27.1,4.12,0.26,62.34,34.87,14.89,27.59,77.2,-4.4,2.1,1.11,0.54,26.3799991607666,,,5.642450397591147,10.889221542722085,2.3623134424541092,,2.819079696111349,13.27787703816601,6.998188423408939,5.642450397591147,5.078205357832032,5,True,5.6,-80.74978953985509,-73.47161241075047,n/d,n/d,,,,False,False,,,Lateral,26.979999542236328,-2.223870984617493,-6.187772498353283,False,False,False,sem sinal (Lateral)
TUPY3,SMALL11,SMALL11,Bens Industriais,19.43,22.86,0.0,,,0.7,P/L=-2.64<2,6.33,42.49,27.41,39.01,False,149,Não,2,8,False,,False,,False,False,False,False,False,False,0,10,False,False,False,False,False,False,True,True,False,False,False,0.83,True,2022278528.0,-2.64,0.89,0.0,3.58,-33.8,2.01,1.49,-8.26,8.46,3.88,9.69,2.16,1.72,,,-5.8,5.45,1.31,0.87,73.24,26.66,11.34,16.19,32.5,-7.2,3.9,1.24,0.54,15.029999732971191,3.84532291762783,5.598790168066121,,,,,,5.258520344593157,4.900877810095703,5.258520344593157,4.732668310133842,3,True,1.5,-68.51185366456245,-67.39269529496606,n/d,n/d,,,,False,False,,,Em Baixa,15.479999542236328,-2.9069755980117296,-8.909092527447326,False,False,False,sem sinal (Em Baixa; sem novo topo (-2.9%))
BBDC1,BOVA11,BOVA11,Produtos financeiros,,,,,,0.4,,,,,,False,150,Não,0,0,False,,,,,,,,,,0.0,0.0,,,,,,,,,True,True,True,,True,,,,,,,,,,,,,,,,,,,,,,,,,,,,,,,,,,,,,,,,,,0,True,,,,n/d,n/d,,,,False,False,,,,,,,False,False,False,histórico insuficiente
BBDC2,BOVA11,BOVA11,Produtos financeiros,,,,,,0.4,,,,,,False,151,Não,0,0,False,,,,,,,,,,0.0,0.0,,,,,,,,,True,True,True,,True,,,,,,,,,,,,,,,,,,,,,,,,,,,,,,,,,,,,,,,,,,0,True,,,,n/d,n/d,,,,False,False,,,,,,,False,False,False,histórico insuficiente
MOVI1,SMALL11,SMALL11,Bens Industriais,,,,,,0.7,,,,,,False,152,Não,0,0,False,,,,,,,,,,0.0,0.0,,,,,,,,,True,True,True,,True,,,,,,,,,,,,,,,,,,,,,,,,,,,,,,,,,,,,,,,,,,0,True,,,,n/d,n/d,,,,False,False,,,,,,,False,False,False,histórico insuficiente
