ticker,origem,grupo,setor,investment,investment_base,consistencia,basileia,solvencia,ciclicidade,dado_suspeito,quality,value,safety,dividend,rank_invest,oportunidade_grafica,criterios_ok,criterios_aplicaveis,passa_checklist,mais_5a_bolsa,sem_prejuizo_anual,lucro_20t,div_ge5_5a,roe_ge_10,divida_menor_patrim,cresc_receita_5a,cresc_lucro_5a,n_ok,n_aplic,roe_roic_ge_selic,roe_ge_setor,roic_ge_setor,margem_ge_15,cagr_ge_setor,divida_ok,marketcap_ok,insider_ok,alavancagem_ok,div_liq_patrim,nde_ok,market_cap,pl,pvp,dy,dy_teto,roe,roic,mrg_liq,div_liq_ebitda,liq_corr,div_patrim,peg,close,teto_bazin,teto_gordon,teto_dcf,teto_graham,teto_lynch,teto_medio,teto_mediana,teto_ajustado,teto_n_metodos,teto_confiavel,teto_dispersao,teto_upside_pct,teto_upside_media_pct,prox_resultado,ex_dividendo,ex_tipo,tese_ia,strategy,in_wishlist,in_carteira,preco_medio,var_pm_pct,trend,breakout_level,pct_to_level,dist_52w_high_pct,fund_ok,breakout,aprovado,note
VTRU3,SMALL11,SMALL11,Consumo discricionário,77.12,73.08,100.0,,,0.9,P/L=1.71<2,88.84,88.36,51.25,7.64,1,Não,7,7,True,,True,,,True,True,True,True,5,5,True,True,True,True,True,,True,True,True,,True,2041439488.0,1.71,0.51,0.2,0.21,29.95,14.79,48.63,,2.13,0.76,,12.529999732971191,0.18413068655482406,0.34156242355919864,97.08917921746682,63.64425066436024,219.82455671879285,,,,2,False,1193.9,,,n/d,2026-05-04,última,,,False,False,,,Em Baixa,13.119999885559082,-4.496952421754907,-27.77224509704489,True,False,False,sem sinal (Em Baixa; sem novo topo (-4.5%))
JHSF3,SMALL11,SMALL11,Imobiliário,76.15,74.88,83.33333333333333,,,0.8,,84.71,79.23,49.68,70.14,2,Não,5,7,False,,True,,False,True,True,True,True,5,6,True,True,True,True,False,,True,False,True,,True,7007144448.0,3.85,1.04,6.24,7.77,27.12,12.14,53.01,,1.92,0.74,0.26,10.510000228881836,5.835602771831755,10.825043141747903,36.17078000848943,24.914200211731185,62.16842655555119,,,,4,False,10.7,,,n/d,2026-07-31,última,,,False,False,,,Lateral,11.33961009979248,-7.316035239393514,-25.743784365527656,True,False,False,sem sinal (Lateral; sem novo topo (-7.3%))
VULC3,SMALL11,SMALL11,Consumo discricionário,76.02,77.67,66.66666666666667,,,0.9,,88.41,59.38,67.29,95.83,3,Não,5,7,False,,True,,False,True,True,False,True,4,6,True,True,True,True,False,,True,False,True,,True,4372451840.0,4.8,1.68,28.86,15.46,35.06,17.83,24.89,,2.96,0.37,0.53,13.920000076293945,15.369077519984064,28.509638799570435,38.42500021060307,23.25172817382101,71.06289655812743,35.3236682524212,28.509638799570435,25.658674919613393,5,True,4.6,84.32956019382974,153.76198318115067,n/d,2025-12-23,última,,,False,False,,,Em Baixa,14.5,-3.9999994738348588,-31.19043231826789,True,False,False,sem sinal (Em Baixa; sem novo topo (-4.0%))
POMO3,SMALL11,SMALL11,Bens Industriais,75.22,73.79,83.33333333333333,,,0.7,,81.42,74.08,48.36,89.58,4,Não,4,7,False,,True,,False,True,True,True,True,5,6,True,True,True,False,False,,True,False,True,,True,5176639488.0,4.38,1.24,22.43,11.85,28.32,18.39,13.81,,1.97,0.84,0.32,4.170000076293945,3.5292356159979987,6.546732067676288,12.614726258195153,8.487492902962074,24.250140690105866,7.794546711207879,7.517112485319181,6.765401236787263,4,True,6.9,62.239834844318764,86.91958198080468,n/d,2026-04-27,última,,,False,False,,,Em Baixa,4.989999771118164,-16.432860369459945,-38.138661806726226,True,False,False,sem sinal (Em Baixa; sem novo topo (-16.4%))
ABCB2,SMALL11,SMALL11,Produtos financeiros,73.94,78.17,50.0,,,0.4,,78.17,,,,5,Não,1,3,False,,,,,True,,False,,1,2,True,False,,,False,,,,True,,True,,,0.0,,,14.9,,40.92,,,,,,,,,,,,,,0,True,,,,n/d,n/d,,,,False,False,,,,,,,False,False,False,histórico insuficiente
POMO4,BOVA11+SMALL11,BOVA11,Bens Industriais,73.9,72.24,83.33333333333333,,,0.7,,81.42,71.51,48.36,80.56,6,Não,4,7,False,,True,,False,True,True,True,True,5,6,True,True,True,False,False,,True,False,True,,True,5549059072.0,4.71,1.33,20.89,9.47,28.32,18.39,13.81,,1.97,0.84,0.31,4.46999979019165,3.0238309118500553,5.609206341481853,12.574840174106022,8.471542379179985,23.223700556003298,8.885196298255954,8.471542379179985,7.624388141261987,3,True,7.7,70.56797537198749,98.77397573378863,n/d,2026-04-27,última,,,False,False,,,Em Baixa,5.380000114440918,-16.91450380840436,-43.78031869667932,True,False,False,sem sinal (Em Baixa; sem novo topo (-16.9%))
MDNE3,SMALL11,SMALL11,Imobiliário,73.85,72.18,83.33333333333333,,,0.8,,73.47,71.88,66.15,79.17,7,Não,6,7,False,,True,,False,True,True,True,True,5,6,True,True,True,True,True,,True,False,True,,True,2561720064.0,5.12,1.23,15.58,9.21,23.93,11.1,19.89,,2.78,0.43,0.4,24.700000762939453,16.245721707824917,30.13581376801522,63.920900411903844,46.68750756414352,105.4390366826266,61.545814606672295,55.30420398802369,49.77378358922132,4,True,6.5,101.51328765909695,149.17333079202692,n/d,2026-01-02,última,,,False,False,,,Em Baixa,25.399999618530273,-2.7559010476525536,-27.94631959597147,True,False,False,sem sinal (Em Baixa; sem novo topo (-2.8%))
PSSA3,BOVA11,BOVA11,Insurance,73.05,71.82,80.0,,1.8,0.3,,76.67,48.71,100.0,51.39,8,Não,4,6,False,,True,,False,True,,True,True,4,5,True,False,True,,True,,True,False,True,,True,31998334976.0,8.85,2.02,5.98,5.33,22.84,79.28,8.34,,,,0.73,49.91999816894531,19.014995597402464,35.272816833181565,74.73898030943789,56.00392943581219,98.11094912207871,43.008930913340635,35.272816833181565,31.74553514986341,3,True,3.9,-36.40717885760668,-13.844285875603212,2026-11-05,2026-06-23,última,,,False,False,,,Em Baixa,55.45000076293945,-9.972953143203867,-10.135015563347016,True,False,False,sem sinal (Em Baixa; sem novo topo (-10.0%))
MILS3,SMALL11,SMALL11,Bens Industriais,71.92,69.9,83.33333333333333,,,0.7,,86.2,56.55,57.45,54.86,9,Não,5,7,False,,True,,False,True,True,True,True,5,6,True,True,True,True,False,,True,False,True,,True,3549634048.0,8.14,1.94,6.81,5.73,23.81,20.65,23.53,,2.98,0.99,0.64,15.579999923706055,6.3782923747631095,11.831732355185567,25.36056498637656,18.597117835022043,35.28109300264827,22.76762704480811,21.978841410699303,19.780957269629372,4,True,5.5,26.963782840147953,46.133678795245544,n/d,2026-04-22,última,,,False,False,,,Em Alta,15.8100004196167,-1.4547785566486504,-2.2584671653334443,True,False,False,sem sinal (Em Alta; sem novo topo (-1.5%))
CURY3,BOVA11+SMALL11,BOVA11,Consumo discricionário,70.26,67.95,83.33333333333333,,,0.9,,90.44,36.24,49.3,83.33,10,Não,5,7,False,,True,,False,True,True,True,True,5,6,True,True,True,True,False,,True,False,True,,True,9555636224.0,9.07,6.25,13.38,9.82,68.95,37.57,18.37,,1.94,0.71,1.21,31.020000457763672,21.765104810963514,40.37426942433732,45.31587718471539,19.542917863386712,59.31053906090416,37.26174166886142,40.37426942433732,36.33684248190359,5,True,3.0,17.140044957056787,20.121667050251666,n/d,2026-05-18,última,,,False,False,,,Em Baixa,32.029998779296875,-3.1532886669544014,-24.425886447919233,True,False,False,sem sinal (Em Baixa; sem novo topo (-3.2%))
LEVE3,SMALL11,SMALL11,Consumo discricionário,70.13,67.8,83.33333333333333,,,0.9,,86.22,59.04,21.56,99.31,11,Não,5,7,False,,True,,True,True,False,True,True,5,6,True,True,True,False,False,,True,True,True,,True,4327760384.0,6.55,4.06,8.88,19.55,62.01,33.17,12.31,,1.37,1.44,0.19,31.93000030517578,44.585796960424425,82.70665336158731,64.59122199138612,29.37017369612097,146.24427620691196,73.49962444328617,64.59122199138612,58.13209979224751,5,True,5.0,82.06106870229006,130.18986451864217,n/d,2026-04-30,última,,,False,False,,,Lateral,32.47999954223633,-1.6933474286086048,-11.81993617097935,True,False,False,sem sinal (Lateral; sem novo topo (-1.7%))
BRSR6,SMALL11,SMALL11,Produtos financeiros,69.89,71.64,60.0,17.35,,0.4,,49.13,91.41,90.71,85.42,12,Não,2,6,False,,True,,False,True,,False,True,3,5,False,False,False,,False,,True,True,True,,True,5586591232.0,3.55,0.5,11.54,10.16,13.99,0.0,22.75,,,,0.4,13.65999984741211,9.908741132463767,18.380714800720288,50.98450647273534,48.63431180951858,73.50140827141793,14.144727966592027,14.144727966592027,12.730255169932825,2,True,5.1,-6.80633007221757,3.5485221419804702,n/d,2026-06-15,última,,,False,False,,,Em Baixa,14.449999809265137,-5.467127835852914,-26.6536670455909,True,False,False,sem sinal (Em Baixa; sem novo topo (-5.5%))
RIAA3,SMALL11,SMALL11,Consumo discricionário,69.85,70.41,66.66666666666667,,,0.9,,66.09,91.58,42.72,92.36,13,Não,3,7,False,,False,,False,True,True,True,True,4,6,True,True,False,False,False,,True,False,True,,True,3810658560.0,2.54,0.72,41.72,13.09,28.35,8.96,14.35,,1.61,0.68,0.17,7.590000152587891,7.09893800221497,13.168529994108768,39.593504732988,26.622567519535693,83.95084028339683,,,,3,False,11.8,,,2026-11-04,2026-07-01,última,,,False,False,,,Em Baixa,8.220000267028809,-7.664234719892981,-29.939293926771448,True,False,False,sem sinal (Em Baixa; sem novo topo (-7.7%))
CXSE3,BOVA11,BOVA11,Insurance,69.48,64.09,100.0,,1.6,0.3,,64.67,27.43,100.0,81.25,14,Não,4,6,False,,True,,True,True,,True,True,5,5,True,False,False,,True,,True,True,True,,True,57090002944.0,13.2,4.21,7.0,9.63,31.89,-1.14,75.12,,,,1.39,19.030000686645508,13.084322282671852,24.27141783435628,19.10208402257977,12.108826304663676,27.57314533943472,18.819274713202635,19.10208402257977,17.191875620321795,3,True,1.9,-9.659090909090907,-1.1073356060924966,2026-08-10,2026-08-04,última,,,False,False,,,Em Baixa,22.04433250427246,-13.673953688743978,-14.056944829081985,True,False,False,sem sinal (Em Baixa; sem novo topo (-13.7%))
PLPL3,SMALL11,SMALL11,Consumo discricionário,69.37,72.79,50.0,,,0.9,,81.55,82.62,46.61,61.11,15,Não,4,7,False,,True,,False,True,False,False,True,3,6,True,True,True,False,False,,True,False,True,,True,1380031360.0,4.26,1.34,7.02,6.32,31.56,29.38,9.85,,2.87,1.28,0.28,6.800000190734863,3.070250120420337,5.695313973379725,21.150235335032143,13.500286503685917,34.03368651335861,,,,3,False,11.1,,,n/d,2025-12-30,última,,,False,False,,,Em Baixa,7.699999809265137,-11.68830702368766,-60.875995030978245,True,False,False,sem sinal (Em Baixa; sem novo topo (-11.7%))
TGMA3,SMALL11,SMALL11,Bens Industriais,69.32,66.85,83.33333333333333,,,0.7,,79.11,35.67,69.3,84.72,16,Não,5,7,False,,True,,False,True,True,True,True,5,6,True,True,True,False,False,,True,True,True,,True,2203640320.0,8.7,2.22,10.84,10.07,25.55,27.01,10.14,,2.22,0.23,2.75,33.41999816894531,24.036322166615616,32.05017214114811,36.58655208714618,36.07128113159733,50.84845073061036,35.91855565142352,36.07128113159733,32.4641530184376,5,True,2.1,-2.860099350322254,7.476234648031577,n/d,2026-08-07,última,,,False,False,,,Em Alta,33.47999954223633,-0.17921557380943254,-15.4696713308084,True,False,False,sem sinal (Em Alta; sem novo topo (-0.2%))
PETR4,BOVA11,BOVA11,Energia,68.96,72.3,50.0,,,0.9,DY5a=39.1%>=20,86.31,85.32,24.5,,17,Não,5,7,False,,True,,False,True,True,False,False,3,6,True,True,True,True,False,,True,False,True,,True,566898065408.0,3.95,1.1,7.26,39.11,27.73,19.69,21.6,,0.74,0.83,0.26,41.4900016784668,115.90944918376951,215.01202823589244,139.1753220859962,94.41474425017223,315.11393679848203,,,,5,False,3.3,,,n/d,2026-06-02,última,,,False,False,,,Em Alta,43.04999923706055,-3.6236877729158956,-15.59855832796605,True,False,False,sem sinal (Em Alta; sem novo topo (-3.6%))
LAVV3,SMALL11,SMALL11,Imobiliário,68.85,66.29,83.33333333333333,,,0.8,,66.75,59.04,60.22,94.44,18,Não,4,7,False,,True,,True,True,True,False,True,5,6,True,True,False,True,False,,True,False,True,,True,1852717568.0,5.11,1.27,27.26,13.99,24.9,8.69,19.91,,3.93,0.85,0.72,9.479999542236328,9.474417512006095,17.575044484771308,24.581212120280103,17.651729552857535,39.12361573314085,21.68120388061118,17.651729552857535,15.886556597571783,5,True,4.1,67.5797190368234,128.70469332846181,n/d,2026-02-03,última,,,False,False,,,Em Baixa,11.0600004196167,-14.285721676628372,-50.05268824616977,True,False,False,sem sinal (Em Baixa; sem novo topo (-14.3%))
INTB3,SMALL11,SMALL11,Tecnologia de informação,68.42,65.79,83.33333333333333,,,0.5,,72.63,53.23,75.74,46.53,19,Não,5,7,False,,True,,False,True,True,True,True,5,6,True,True,True,False,False,,True,True,True,,True,4774009856.0,8.08,1.46,8.17,4.3,18.07,17.52,13.1,,2.64,0.26,0.69,14.59000015258789,4.483238278800334,8.316407007174618,23.925433418538308,20.149508045346455,29.05516502264585,20.361628373426306,22.03747073194238,19.833723658748145,4,True,6.5,35.94053085208606,39.558794794218535,n/d,2026-08-04,última,,,False,False,,,Em Alta,15.130000114440918,-3.569067797544967,-6.827055033414098,True,False,False,sem sinal (Em Alta; sem novo topo (-3.6%))
VLID3,SMALL11,SMALL11,Bens Industriais,68.09,68.34,66.66666666666667,,,0.7,,64.63,75.49,65.79,72.22,20,Não,3,7,False,,True,,False,True,True,False,True,4,6,True,False,True,False,False,,True,False,True,,True,1305094656.0,6.02,0.79,10.15,8.3,13.18,15.68,11.15,,2.3,0.41,0.91,16.68000030517578,9.88833304569672,18.342857799767415,36.71262525640849,36.2806886620653,41.26884299065366,33.151253677223714,36.496656959236894,32.84699126331321,4,True,4.2,96.92440445052529,98.74851960846142,2026-11-04,2026-08-12,próxima,,,False,False,,,Lateral,18.65999984741211,-10.610930109471184,-27.725039651104176,True,False,False,sem sinal (Lateral; sem novo topo (-10.6%))
PETR3,BOVA11,BOVA11,Energia,68.03,71.21,50.0,,,0.9,DY5a=37.2%>=20,86.31,81.38,24.5,,21,Não,5,7,False,,True,,False,True,True,False,False,3,6,True,True,True,True,False,,True,False,True,,True,597521661952.0,4.42,1.22,6.5,37.2,27.73,19.69,21.6,,0.74,0.83,0.29,46.36000061035156,123.19552297211126,228.5276951132664,138.97511495184574,94.69861820760708,314.6606376268206,180.0115177743302,138.97511495184574,125.07760345666117,5,True,3.3,169.7963800904977,288.29058542793905,2026-08-06,2026-06-02,última,,,False,False,,,Em Alta,48.70000076293945,-4.804928369464467,-15.111466468813518,True,False,False,sem sinal (Em Alta; sem novo topo (-4.8%))
ISAE4,BOVA11,BOVA11,Serviços públicos,67.67,64.9,83.33333333333333,,,0.0,,61.21,55.34,79.78,75.69,22,Não,4,7,False,,True,,False,True,True,True,True,5,6,False,False,False,True,True,,True,True,True,,True,18227042304.0,6.56,0.83,6.6,8.9,12.71,9.63,26.39,,5.28,0.79,1.24,25.829999923706055,16.427815494038857,27.788535000497976,47.574952668791475,52.50790587612483,55.873332296926776,45.93618146058527,50.04142927245815,45.03728634521234,4,True,3.4,74.3603812552797,77.84042429836137,n/d,2026-04-20,última,,,False,False,,,Em Baixa,28.530000686645508,-9.463724843873855,-19.39234607178938,True,False,False,sem sinal (Em Baixa; sem novo topo (-9.5%))
LREN3,BOVA11+SMALL11,BOVA11,Consumo discricionário,67.09,64.22,83.33333333333333,,,0.9,,69.77,67.86,55.01,48.61,23,Não,5,7,False,,True,,False,True,True,True,True,5,6,True,True,True,False,False,,True,True,True,,True,11650752512.0,8.35,1.2,7.35,4.35,14.41,23.53,9.37,,1.78,0.28,0.91,12.119999885559082,3.7699161873568077,6.993194527546878,19.232335147743452,18.16184705313942,19.631460302057718,19.008547500980196,19.232335147743452,17.309101632969107,3,True,5.2,42.81437125748502,56.83620198403454,2026-11-05,2026-06-24,última,,,False,False,,,Em Baixa,13.899999618530273,-12.805753826052268,-30.02871042054396,True,False,False,sem sinal (Em Baixa; sem novo topo (-12.8%))
VIVA3,BOVA11+SMALL11,BOVA11,Consumo discricionário,66.4,63.41,83.33333333333333,,,0.9,,76.52,53.05,69.86,17.36,24,Não,5,7,False,,True,,False,True,True,True,True,5,6,True,True,True,True,False,,True,False,True,,True,5064809472.0,8.72,1.6,3.23,1.97,18.4,17.32,18.56,,4.19,0.38,0.58,21.540000915527344,3.030120218495432,5.620873005309027,32.72993258380015,27.35386773810436,41.917625778881444,,,,3,False,13.8,,,n/d,2025-12-22,última,,,False,False,,,Em Baixa,22.84000015258789,-5.691765448229436,-39.985782644047276,True,False,False,sem sinal (Em Baixa; sem novo topo (-5.7%))
ABCB4,SMALL11,SMALL11,Produtos financeiros,65.41,66.37,60.0,16.87,,0.4,,53.24,68.97,83.86,84.03,25,Não,2,6,False,,True,,False,True,,False,True,3,5,True,False,False,,False,,True,False,True,,True,6037906432.0,6.01,0.84,11.08,10.04,14.05,0.0,40.92,,,,1.08,23.43000030517578,16.809128700403438,29.466291182701095,48.814636576611434,49.46370851902647,60.86644486017797,31.69668548657199,29.466291182701095,26.519662064430985,3,True,2.9,13.186776436245662,35.28248004149648,n/d,2026-06-30,última,,,False,False,,,Em Baixa,24.15999984741211,-3.0215213031738575,-14.26497493226153,True,False,False,sem sinal (Em Baixa; sem novo topo (-3.0%))
GRND3,SMALL11,SMALL11,Consumo discricionário,65.25,65.0,66.66666666666667,,,0.9,,63.19,55.74,63.14,100.0,26,Não,4,7,False,,True,,False,True,True,False,True,4,6,True,True,False,True,False,,True,False,True,,True,3121473536.0,5.54,1.0,43.19,19.55,18.04,7.81,24.95,,2.05,0.02,,3.4600000381469727,4.831805742822669,7.0351091615498085,6.495306930817422,6.972884640210461,,6.33377661885009,6.734095785513942,6.060686206962548,4,True,1.5,75.16433931048137,83.05712569420052,2026-11-05,2026-04-24,última,,,False,False,,,Em Baixa,3.8499999046325684,-10.12986691288804,-30.413383648246693,True,False,False,sem sinal (Em Baixa; sem novo topo (-10.1%))
MULT3,BOVA11+SMALL11,BOVA11,Imobiliário,64.83,61.57,83.33333333333333,,,0.8,,87.53,39.62,41.95,38.89,27,Não,6,7,False,,True,,False,True,True,True,True,5,6,True,True,True,True,True,,True,False,True,,True,13592169472.0,10.29,2.11,4.04,3.71,20.52,18.7,43.42,,1.64,0.75,0.81,27.68000030517578,7.327326162964009,13.592190032298236,35.64237162716998,28.177887741374914,44.11780983282739,30.38256480841763,31.910129684272448,28.719116715845203,4,True,6.0,3.7540332341510885,9.763599976321192,2026-10-29,2026-07-01,última,,,False,False,,,Em Baixa,29.06999969482422,-4.781559698110083,-21.537871963588138,True,False,False,sem sinal (Em Baixa; sem novo topo (-4.8%))
BBDC3,BOVA11,BOVA11,Produtos financeiros,63.44,60.52,80.0,15.65,,0.4,,51.13,67.19,66.43,74.31,28,Não,3,6,False,,True,,False,True,,True,True,4,5,True,False,False,,True,,True,False,True,,True,164028628992.0,6.48,0.92,9.33,8.7,14.13,0.0,26.07,,,,1.05,15.0600004196167,9.353667435075943,17.35105309206587,30.79398233949402,29.257339173736906,34.54428341639067,19.166234288878613,17.35105309206587,15.615947782859285,3,True,3.3,3.69154945386605,27.26582838545779,2026-11-04,2026-09-02,próxima,,,False,False,,,Em Baixa,16.50238800048828,-8.740477928581637,-17.208193579091912,True,False,False,sem sinal (Em Baixa; sem novo topo (-8.7%))
CYRE3,BOVA11+SMALL11,BOVA11,Consumo discricionário,63.44,62.87,66.66666666666667,,,0.9,,61.52,64.01,61.89,68.06,29,Não,4,7,False,,True,,False,True,True,False,True,4,6,True,True,False,True,False,,True,False,True,,True,7766553600.0,4.97,0.93,10.67,7.26,18.6,6.91,20.76,,3.78,0.75,0.42,21.200000762939453,10.999083256315716,20.403299440465652,56.51911672212228,46.77431832828195,81.68176341365124,51.34462447613028,51.646717525202114,46.4820457726819,4,True,7.4,119.25492499952628,142.1916161714853,2026-08-13,2025-12-10,última,,,False,False,,,Em Baixa,21.829999923706055,-2.8859329499239306,-41.13587799818726,True,False,False,sem sinal (Em Baixa; sem novo topo (-2.9%))
BBSE3,BOVA11,BOVA11,Insurance,63.35,60.41,80.0,,1.3,0.3,,68.46,32.94,61.0,91.67,30,Não,5,6,False,,True,,True,True,,False,True,4,5,True,True,False,,True,,True,True,True,,True,74563354624.0,8.11,6.84,17.34,12.84,84.38,0.0,87.93,,,,,38.40999984741211,35.230885284546886,51.296168974300265,49.25573346647177,24.462288654387482,,45.26092924177298,49.25573346647177,44.33016011982459,3,True,1.5,15.413070283600527,17.836317161095884,2026-11-03,2026-08-07,última,,,False,False,,,Em Alta,40.51827621459961,-5.2032726072088975,-5.778599169327913,True,False,False,sem sinal (Em Alta; sem novo topo (-5.2%))
DIRR3,BOVA11+SMALL11,BOVA11,Consumo discricionário,63.34,62.75,66.66666666666667,,,0.9,,73.0,43.22,50.33,90.28,31,Não,4,7,False,,True,,False,True,False,True,True,4,6,True,True,False,True,False,,True,False,True,,True,5850042368.0,7.19,2.83,13.39,12.12,39.35,10.1,18.16,,4.26,1.3,1.42,11.25,9.739477908144146,16.02106781322791,18.38448117537903,11.830037425107324,26.879317833243633,16.570876431020405,16.02106781322791,14.418961031905118,5,True,2.8,28.16854250582328,47.29667938684805,n/d,2025-12-17,última,,,False,False,,,Em Baixa,12.039999961853027,-6.561461497973642,-34.81236910084547,True,False,False,sem sinal (Em Baixa; sem novo topo (-6.6%))
KEPL3,SMALL11,SMALL11,Bens Industriais,62.88,65.15,50.0,,,0.7,,67.72,52.12,59.98,96.53,32,Não,5,7,False,,True,,False,True,True,False,False,3,6,True,True,True,False,False,,True,True,True,,True,1039545856.0,7.43,1.39,7.08,16.55,18.67,13.9,10.19,,2.02,0.42,,6.0,7.0908722726034235,10.324310028910585,8.398384925975773,8.856063103571103,,8.667407582765222,8.627224014773438,7.764501613296094,4,True,1.5,29.40836022160156,44.45679304608703,n/d,2025-12-16,última,,,False,False,,,Em Baixa,6.489999771118164,-7.550073781185073,-42.85714285714286,True,False,False,sem sinal (Em Baixa; sem novo topo (-7.6%))
ALPA4,SMALL11,SMALL11,Consumo discricionário,62.26,61.48,66.66666666666667,,,0.9,,75.3,40.35,50.05,75.0,33,Não,4,7,False,,False,,False,True,True,True,True,4,6,True,True,True,False,False,,True,False,True,,True,8863593472.0,13.18,2.55,13.27,8.77,19.37,17.96,13.17,,1.73,0.41,0.3,13.050000190734863,8.176835626991027,15.168030088068354,13.119309751687172,10.677608218439078,29.704097550989825,15.369176247235092,13.119309751687172,11.807378776518455,5,True,3.6,-9.522003034901372,17.77146377474217,n/d,2025-12-17,última,,,False,False,,,Lateral,13.529999732971191,-3.547668527048231,-19.54376853770676,True,False,False,sem sinal (Lateral; sem novo topo (-3.5%))
TOTS3,BOVA11+SMALL11+Wishlist,BOVA11,Tecnologia de informação,62.04,58.28,83.33333333333333,,,0.5,,87.32,33.0,46.38,14.58,34,Não,6,7,False,,True,,False,True,True,True,True,5,6,True,True,True,True,True,,True,False,True,,True,18485538816.0,13.09,3.42,2.18,1.39,26.12,23.37,21.63,,1.84,0.92,0.87,32.25,3.1962159668702887,5.928980618544385,32.64419404125286,22.863257187258498,40.374104166247825,,,,3,False,12.6,,,2026-11-04,2026-06-16,última,"A TOTVS (TOTS3) apresenta-se como uma empresa de alta eficiência operacional no setor de tecnologia da informação, o que é evidenciado por um ROE de 26,1% e um ROIC de 23,4%, ambos posicionados significativamente acima dos pares setoriais (8,9% e 13,4%, respectivamente). Essa forte qualidade de retorno convive com múltiplos de preço que exigem atenção, pois o P/VP de 3,42 indica um prêmio patrimonial demandado pelo mercado, embora o P/L de 13,09 e o PEG de 0,87 sugiram que o preço atual está atrativo quando confrontado com o forte ritmo de crescimento dos lucros. No âmbito financeiro, a excelente rentabilidade traduzida em uma margem líquida de 21,89% é suportada por um endividamento equilibrado, com relação dívida/patrimônio de 0,92 e uma sólida liquidez corrente de 1,84, garantindo robustez para as operações. Por outro lado, o dividend yield de 2,18% mostra-se tímido, o que é coerente com uma estratégia corporativa voltada para a reinvestimento do lucro na expansão dos negócios em detrimento de uma distribuição massiva de proventos. Esse foco na expansão é comprovado pelo impressionante CAGR de receita de cinco anos de 269,5%, superando com folga a média do setor de 83,6%, o que corrobora o sucesso da companhia em escala. O checklist de critérios fundamentalistas reforça essa solidez ao registrar o atendimento de 6 dos 7 requisitos avaliados, sendo penalizado apenas pela ocorrência de venda de ações por parte de insiders. Sob a ótica do valuation, as estimativas de preço-teto revelam uma dispersão brutal entre os métodos de avaliação, variando desde patamares extremamente baixos nos modelos focados em dividendos, como Bazin (R$ 3,19) e Gordon (R$ 5,92), até valores bem mais generosos em modelos de fluxo de caixa e crescimento, como o DCF (R$ 32,60) e o método de Lynch (R$ 40,32), que baliza o maior upside frente ao preço atual de R$ 32,21, enquanto a fórmula de Graham aponta para R$ 22,83. Em balanço, os principais prós da tese residem no crescimento exponencial de receita, na rentabilidade muito acima da média setorial e na saúde financeira confortável, ao passo que os contras concentram-se no baixo retorno em dividendos para o acionista, na pressão vendedora de insiders e na elevada divergência de valor justo a depender da metodologia de precificação adotada.",,True,False,,,Em Alta,32.5099983215332,-0.7997488002359887,-32.36692417144831,True,False,False,sem sinal (Em Alta; sem novo topo (-0.8%))
CEAB3,BOVA11+SMALL11,BOVA11,Consumo discricionário,61.91,64.01,50.0,,,0.9,,61.95,84.59,42.97,63.89,35,Não,4,7,False,,False,,False,True,True,False,True,3,6,True,True,True,False,False,,True,False,True,,True,2685117440.0,5.03,0.74,5.68,6.49,14.79,14.93,7.02,,1.67,0.72,0.5,8.949999809265137,4.146976018051192,7.692640513484962,23.576043235141757,22.004648355293234,29.271752854985042,24.95081481514001,23.576043235141757,21.218438911627583,3,True,7.1,137.07753479125248,178.78005974157293,n/d,2025-12-26,última,,,False,False,,,Em Baixa,9.779999732971191,-8.486707018077787,-50.48153120278278,True,False,False,sem sinal (Em Baixa; sem novo topo (-8.5%))
EVEN3,SMALL11,SMALL11,Consumo discricionário,61.82,60.97,66.66666666666667,,,0.9,,44.95,79.05,65.99,77.78,36,Não,1,7,False,,True,,False,True,True,False,True,4,6,False,False,False,False,False,,True,False,True,,True,880910784.0,4.22,0.47,20.09,9.08,11.22,6.52,11.31,,4.53,0.65,0.61,4.440000057220459,2.879441378245278,5.3413637566449905,13.940758473500257,14.954403007866746,16.83455166728157,,,,3,False,5.8,,,n/d,2026-06-02,última,,,False,False,,,Em Baixa,5.110000133514404,-13.111547138711177,-47.95485354717428,True,False,False,sem sinal (Em Baixa; sem novo topo (-13.1%))
BBDC4,BOVA11,BOVA11,Produtos financeiros,61.54,58.28,80.0,15.65,,0.4,,51.13,58.8,66.43,72.92,37,Não,3,6,False,,True,,False,True,,True,True,4,5,True,False,False,,True,,True,False,True,,True,186031702016.0,7.4,1.05,8.99,8.32,14.13,0.0,26.07,,,,1.36,17.110000610351562,10.173600750880595,17.51291836604581,28.429819512431624,29.115937247392615,31.79278828333718,18.705446209786007,17.51291836604581,15.761626529441228,3,True,2.8,-7.88061971251226,9.324637887325382,n/d,2026-09-02,próxima,,,False,False,,,Em Baixa,18.95059585571289,-9.712598270657846,-19.44055508317516,True,False,False,sem sinal (Em Baixa; sem novo topo (-9.7%))
SANB11,BOVA11,BOVA11,Produtos financeiros,61.39,58.11,80.0,14.99,,0.4,,53.79,62.53,57.0,68.75,38,Não,3,6,False,,True,,True,True,,True,False,4,5,True,False,False,,True,,True,False,True,,True,158463918080.0,7.08,1.11,7.88,7.32,15.69,0.0,28.66,,,,0.94,29.489999771118164,15.415703642278126,28.596130256425923,55.18961821572255,49.898548200511314,61.97373365631223,33.06715070480886,28.596130256425923,25.73651723078333,3,True,3.6,-12.72798429795482,12.130047343011775,n/d,2026-07-22,última,,,False,False,,,Lateral,29.479999542236328,0.033922079501769176,-19.114791902782933,True,False,False,sem sinal (Lateral; sem novo topo (+0.0%))
CMIG4,BOVA11,BOVA11,Serviços públicos,61.19,57.28,83.33333333333333,,,0.0,,56.54,56.86,38.82,98.61,39,Não,4,7,False,,True,,True,True,True,False,True,5,6,True,True,False,False,False,,True,True,True,,True,30523475968.0,6.46,1.08,9.68,17.43,16.75,9.62,11.15,,0.93,0.69,,10.670000076293945,13.28061548879759,19.336576151689293,17.177709101154342,19.161413582314324,,17.23907858098889,18.169561341734333,16.3526052075609,4,True,1.5,53.25777966855194,61.56587120640966,2026-08-13,2026-06-24,última,,,False,False,,,Lateral,11.279999732971191,-5.40779850281583,-19.98892923116179,True,False,False,sem sinal (Lateral; sem novo topo (-5.4%))
BLAU3,SMALL11,SMALL11,Cuidados de saúde,61.12,63.08,50.0,,,0.2,,60.49,60.68,83.3,40.28,40,Não,4,7,False,,True,,False,True,True,False,False,3,6,False,True,True,False,False,,True,True,True,,True,1974921472.0,8.35,0.89,8.51,3.81,10.63,12.15,13.82,,2.66,0.25,1.15,8.550000190734863,2.3292831252548565,4.320820197347758,13.567365572124185,14.877129465922872,11.323556754921423,13.256017264322827,13.567365572124185,12.210629014911767,3,True,6.4,42.81437125748504,55.04113413573488,n/d,2026-06-26,última,,,False,False,,,Em Baixa,9.1899995803833,-6.964085080205673,-40.13889759406889,True,False,False,sem sinal (Em Baixa; sem novo topo (-7.0%))
GMAT3,SMALL11,SMALL11,Bens de primeira necessidade,61.11,60.13,66.66666666666667,,,0.0,,53.69,81.96,60.39,34.03,41,Não,3,7,False,,True,,False,True,True,False,True,4,6,True,True,False,False,False,,True,False,True,,True,8405903872.0,4.96,0.79,3.2,3.24,15.83,10.88,4.49,,1.71,0.56,0.37,3.6500000953674316,0.8444512271466784,1.5664570263570883,9.750504287019853,8.746408375395973,12.161151926228166,,,,3,False,14.4,,,n/d,2025-11-21,última,,,False,False,,,Lateral,3.9800000190734863,-8.291455329763442,-51.87751907524265,True,False,False,sem sinal (Lateral; sem novo topo (-8.3%))
ITSA4,BOVA11,BOVA11,Financial Services,60.82,57.44,80.0,,,0.4,,61.8,40.62,,79.86,42,Não,5,6,False,,True,,False,True,,True,True,4,5,True,True,True,,True,,True,False,True,,True,146928353280.0,8.72,1.64,9.91,9.4,18.83,0.36,203.02,,,,2.56,13.109999656677246,8.799864567289047,12.017527664536896,14.66551444445914,16.444238723865602,19.23980132556573,11.827635558761694,12.017527664536896,10.815774898083207,3,True,1.7,-17.49980792276782,-9.781572322638565,n/d,2026-09-01,próxima,,,False,False,,,Em Baixa,13.880000114440918,-5.547553684546114,-12.892099640977396,True,False,False,sem sinal (Em Baixa; sem novo topo (-5.5%))
ALUP11,SMALL11,SMALL11,Serviços públicos,60.74,62.64,50.0,,,0.0,,66.56,56.58,67.68,50.0,43,Não,6,7,False,,True,,False,True,False,False,True,3,6,True,True,True,True,False,,True,True,True,,True,14854736896.0,7.62,1.1,3.37,4.6,14.38,10.21,25.17,,3.3,1.14,0.82,31.229999542236328,10.260624073658542,19.033457656636596,54.304133062287576,51.166935708449756,57.130205374566536,54.20042471510129,54.304133062287576,48.87371975605882,3,True,5.6,56.49606299212597,73.55243518911716,n/d,2026-05-15,última,,,False,False,,,Em Baixa,33.709999084472656,-7.356866240256455,-15.297586660679563,True,False,False,sem sinal (Em Baixa; sem novo topo (-7.4%))
RECV3,BOVA11+SMALL11,BOVA11,Energia,60.64,62.52,50.0,,,0.9,,56.56,74.05,51.81,81.94,44,Pivô de alta,2,7,False,,True,,False,True,True,False,False,3,6,False,False,False,True,False,,True,False,True,,True,3102966016.0,6.01,0.68,13.34,9.76,11.26,10.15,17.93,,2.18,0.77,1.29,10.59000015258789,7.380342936146904,11.57448751584219,19.73870639925239,24.84823427682678,25.398606234758574,20.390008606669983,22.293470338039583,20.064123304235626,4,True,3.4,89.46291798997315,92.54021069761036,n/d,2026-05-19,última,"A PetroRecôncavo (RECV3) apresenta um cenário de valuation bastante descontado, onde múltiplos de preço baixos, como o P/L de 6,01 e o P/VP de 0,68, convivem com indicadores de rentabilidade que, embora positivos, situam-se abaixo da média do setor, evidenciado pelo ROE de 11,3% (frente a 16,2% dos pares) e pelo ROIC de 10,2% (frente a 13,8% dos pares). Essa combinação sugere que o mercado precifica a empresa com desconto devido à sua menor eficiência operacional recente e ao severo encolhimento de sua receita, cujo CAGR de cinco anos de -45,6% ficou drasticamente abaixo da média setorial de 22,4%. Por outro lado, a saúde financeira da companhia mostra-se robusta, com um endividamento controlado de 0,77 na relação dívida/patrimônio e uma confortável liquidez corrente de 2,18, o que garante sustentabilidade para a operação. Esse balanço patrimonial sólido dá suporte a um expressivo Dividend Yield de 13,34%, o qual se mostra coerente com a forte margem líquida de 17,93% e com a baixa alavancagem, permitindo uma distribuição de proventos generosa mesmo sem um crescimento expressivo nos lucros. Sob a ótica do checklist de critérios fundamentalistas, a empresa atende a apenas 2 de 7 requisitos, penalizada justamente por não superar as médias setoriais de rentabilidade e crescimento, além de registrar vendas de papéis por parte de insiders. No campo da avaliação por preço-teto, observa-se uma enorme dispersão entre os métodos de valuation, variando desde os conservadores R$ 7,13 pelo método de Bazin até os otimistas R$ 24,53 de Lynch, resultando em uma média de R$ 19,70 e um preço-teto ajustado com margem de segurança de R$ 19,38, o que projeta um expressivo potencial de valorização de 89,5% frente ao preço atual de R$ 10,23. Como principais prós, destacam-se o valuation extremamente atrativo, o robusto retorno via dividendos e a sólida posição de liquidez, enquanto os contras residem no histórico de contração de receita, na rentabilidade abaixo dos pares setoriais e no fraco desempenho no checklist de qualidade.",Pivô de alta,False,False,,,Em Alta,10.890000343322754,-2.7548226012574006,-25.63514079301775,True,True,True,Pivô de alta
ABEV3,BOVA11,BOVA11,Bens de primeira necessidade,60.39,56.34,83.33333333333333,,,0.0,,78.76,19.82,53.67,52.08,45,Não,5,7,False,,True,,False,True,True,True,True,5,6,True,True,True,True,False,,True,False,True,,True,235964186624.0,15.02,2.76,5.01,5.43,18.4,20.62,18.41,,1.02,0.03,4.43,15.270000457763672,5.923857485920978,8.081552035929082,9.90675113878603,11.249696390567838,8.967973557395739,8.825966121719933,8.967973557395739,8.071176201656165,5,True,1.9,-47.14357590243184,-42.20061652170693,2026-10-29,2026-09-22,próxima,,,False,False,,,Em Baixa,16.1299991607666,-5.331672335698112,-10.137800707599432,True,False,False,sem sinal (Em Baixa; sem novo topo (-5.3%))
ITUB4,BOVA11,BOVA11,Produtos financeiros,60.39,56.93,80.0,15.95,,0.4,,59.13,37.79,70.71,67.36,46,Não,4,6,False,,True,,False,True,,True,True,4,5,True,True,False,,True,,True,False,True,,True,446385815552.0,9.64,2.16,8.51,7.15,22.45,0.0,32.58,,,,1.38,40.52000045776367,20.697606440644734,38.39405994739598,55.69398403167723,42.12067362455959,59.37071138504329,38.261883473239315,38.39405994739598,34.55465395265638,3,True,2.7,-14.721980349741893,-5.572845407240612,n/d,2026-09-01,próxima,,,False,False,,,Em Baixa,43.16999816894531,-6.138517080336447,-16.830287414354583,True,False,False,sem sinal (Em Baixa; sem novo topo (-6.1%))
TFCO4,SMALL11,SMALL11,Consumo discricionário,59.5,58.23,66.66666666666667,,,0.9,,81.99,25.27,66.74,16.67,47,Não,4,7,False,,True,,False,True,True,False,True,4,6,True,True,True,False,False,,True,False,True,,True,2223248128.0,15.58,3.8,2.18,1.72,24.42,25.98,13.23,,2.83,0.3,1.04,14.649999618530273,1.8011467763739974,3.3411272701737644,12.459081832190378,9.03136402141783,15.723109701360082,,,,3,False,8.7,,,n/d,2026-06-29,última,,,False,False,,,Em Baixa,15.010000228881836,-2.3984050956832093,-19.407454769290922,True,False,False,sem sinal (Em Baixa; sem novo topo (-2.4%))
EZTC3,SMALL11,SMALL11,Consumo discricionário,59.21,57.89,66.66666666666667,,,0.9,,51.6,62.75,68.16,53.47,48,Não,2,7,False,,True,,False,True,True,False,True,4,6,False,False,False,True,False,,True,False,True,,True,2959420928.0,5.62,0.57,10.68,5.5,10.15,5.14,36.95,,3.06,0.34,0.8,10.670000076293945,4.189577803087392,7.771666824727112,25.156138969910096,28.278091536698515,23.753832364874565,25.729354290494395,25.156138969910096,22.640525072919086,3,True,6.7,112.18861209964408,141.13733933009564,2026-11-05,2026-08-14,próxima,,,False,False,,,Em Baixa,12.010000228881836,-11.157369917158178,-35.689578084445714,True,False,False,sem sinal (Em Baixa; sem novo topo (-11.2%))
TEND3,SMALL11,SMALL11,Consumo discricionário,58.49,62.93,33.333333333333336,,,0.9,,78.06,57.23,46.63,41.67,49,Não,4,7,False,,False,,False,True,True,False,False,2,6,True,True,True,False,False,,True,False,True,,True,3998824448.0,7.12,2.68,2.45,3.86,37.61,14.39,12.08,,1.96,0.79,0.47,32.63999938964844,8.992969184001629,16.681957836323022,60.741571897871026,35.443288286068636,86.44684823325132,,,,4,False,9.6,,,2026-11-04,2025-12-26,última,,,False,False,,,Em Baixa,33.630001068115234,-2.943805075895234,-13.969423903271982,True,False,False,sem sinal (Em Baixa; sem novo topo (-2.9%))
TAEE11,BOVA11+SMALL11,BOVA11,Serviços públicos,58.47,59.96,50.0,,,0.0,,74.68,30.09,50.38,87.5,50,Não,6,7,False,,True,,False,True,False,False,True,3,6,True,True,True,True,False,,True,True,True,,True,40037793792.0,8.62,1.7,8.34,10.68,19.7,10.69,33.52,,2.29,1.49,5.53,38.72999954223633,29.552342919041582,33.775988872109,36.679917116176306,47.991094787887356,55.00435886137589,40.60074051131802,36.679917116176306,33.011925404558674,5,True,1.9,-14.763940628096073,4.830211699438802,n/d,2026-05-12,última,,,False,False,,,Em Baixa,41.59000015258789,-6.876654483911082,-12.998084148740318,True,False,False,sem sinal (Em Baixa; sem novo topo (-6.9%))
HYPE3,BOVA11+SMALL11,BOVA11,Cuidados de saúde,57.99,56.46,66.66666666666667,,,0.2,,61.02,48.66,63.03,42.36,51,Rompimento,3,7,False,,True,,False,True,True,True,False,4,6,False,True,False,True,False,,True,False,True,,True,15375191040.0,8.71,1.05,4.87,3.87,12.1,10.74,19.82,,1.86,0.52,1.09,21.84000015258789,6.037348362540849,11.199281212513274,33.22388082913771,34.256277581064424,29.81714966052461,32.43243602357558,33.22388082913771,29.90149274622394,3,True,5.7,36.91159586681971,48.50016390559668,2026-10-27,2026-06-29,última,"A Hypera (HYPE3) apresenta um perfil fundamentalista intrigante no setor de cuidados de saúde, onde sua rentabilidade medida pelo ROE de 12,1% supera confortavelmente a média dos pares de 6,2%, sugerindo forte capacidade de gerar valor sobre o capital próprio, embora o ROIC de 10,7% fique ligeiramente abaixo da média setorial de 10,8%. Essa qualidade operacional convive com múltiplos de preço bastante descontados, evidenciados por um P/L de 8,71 e um P/VP de 1,05, o que indica uma relação atrativa entre a eficiência da empresa e o seu valor de mercado atual. Sob a ótica financeira, a excelente margem líquida de 19,82% confere sustentabilidade ao endividamento controlado, com relação Dívida/Patrimônio de 0,52 e liquidez corrente robusta de 1,86, garantindo que o pagamento de dividendos, traduzido em um dividend yield de 4,87%, seja compatível com a saúde do balanço. No entanto, o crescimento histórico da companhia acende um alerta, dado que o CAGR de receita de 5 anos de 4,6% está drasticamente abaixo da média do setor de 142,0%, o que explica por que o checklist de critérios fundamentalistas aprovou apenas 3 de 7 itens avaliados. No campo do valuation, as estimativas de preço-teto revelam uma dispersão acentuada entre os métodos, variando desde os conservadores R$ 5,97 por Bazin e R$ 11,08 por Gordon até os otimistas R$ 32,86 por Fluxo de Caixa Descontado e R$ 33,88 por Graham. Essa divergência resulta em uma média de R$ 32,08 e uma mediana de R$ 32,86, estabelecendo um preço-teto ajustado com margem de segurança de R$ 29,57, o que projeta um upside potencial de 36,9% frente à cotação atual de R$ 21,60. Em balanço, os prós da tese concentram-se na sólida margem líquida, no endividamento sob controle, no ROE acima dos pares e no expressivo desconto patrimonial, enquanto os contras residem no fraco ritmo de crescimento frente ao setor, na reprovação da maioria dos critérios do checklist e na grande volatilidade entre as métricas de valuation por dividendos e fluxos futuros.",Rompimento,False,False,,,Em Alta,21.649999618530273,0.8776006346669751,-18.521318256315013,True,True,True,"Rompimento (vol x0.3, +0.9% do topo, MM50>MM200)"
CPFE3,BOVA11,BOVA11,Serviços públicos,57.64,56.05,66.66666666666667,,,0.0,,75.51,35.73,22.64,86.11,52,Não,5,7,False,,True,,False,True,False,True,True,4,6,True,True,True,False,False,,True,True,True,,True,50895077376.0,8.96,2.12,8.33,10.16,23.72,15.33,12.79,,1.15,1.43,4.22,44.16999816894531,32.05888185353167,38.59555412661413,42.39164264668352,48.07249965776816,60.56305068954492,44.33632579482848,42.39164264668352,38.15247838201517,5,True,1.9,-13.623545475174803,0.37656244686039564,2026-08-13,2026-04-30,última,,,False,False,,,Em Baixa,46.869998931884766,-5.760616224598836,-16.647541982435488,True,False,False,sem sinal (Em Baixa; sem novo topo (-5.8%))
AZZA3,BOVA11+SMALL11,BOVA11,Consumo discricionário,57.57,55.97,66.66666666666667,,,0.9,,40.97,87.8,59.19,37.5,53,Não,1,7,False,,True,,False,True,True,False,True,4,6,False,False,False,False,False,,True,False,True,,True,3362184960.0,4.22,0.44,14.55,3.53,10.39,7.75,7.17,,2.2,0.49,0.48,16.6299991607666,4.19426842828956,7.780367934477135,52.21504475833115,57.88964983979201,48.75812834715286,,,,3,False,13.8,,,2026-08-12,2025-12-22,última,,,False,False,,,Em Baixa,18.59000015258789,-10.543308099695958,-52.45024054780907,True,False,False,sem sinal (Em Baixa; sem novo topo (-10.5%))
SBSP3,BOVA11,BOVA11,Serviços públicos,57.41,55.78,66.66666666666667,,,0.0,,77.5,38.5,43.56,25.69,54,Não,6,7,False,,True,,False,True,False,True,True,4,6,True,True,True,True,False,,True,True,True,,True,93263036416.0,10.86,2.17,2.52,2.57,19.97,13.3,22.03,,1.74,1.18,0.75,26.520000457763672,4.861840883628099,9.018714839130121,32.35635414966561,25.913137931959604,41.441351952979254,,,,3,False,8.5,,,2026-08-12,2026-03-20,última,,,False,False,,,Em Baixa,29.290000915527344,-9.457153879074232,-24.910810742501788,True,False,False,sem sinal (Em Baixa; sem novo topo (-9.5%))
IGTI11,BOVA11+SMALL11,BOVA11,Imobiliário,57.12,55.43,66.66666666666667,,,0.8,,72.82,37.86,54.86,22.22,55,Não,2,6,False,,True,,False,True,True,False,True,4,6,False,False,True,True,False,,,False,True,,True,,11.31,1.46,1.21,2.45,12.93,12.16,41.91,,2.73,0.9,1.21,24.549999237060547,4.298985959967033,7.974618955738846,28.76105127241841,28.65728294426269,25.60588839817937,27.67474087162016,28.65728294426269,25.79155464983642,3,True,6.7,5.057252347697139,12.728072226749877,n/d,n/d,,,,False,False,,,Em Baixa,25.56999969482422,-3.989051505425467,-19.314013477016758,False,False,False,sem sinal (Em Baixa; sem novo topo (-4.0%))
BPAC11,BOVA11,BOVA11,Produtos financeiros,56.72,52.61,80.0,15.65,,0.4,,60.24,39.69,66.43,22.92,56,Não,4,6,False,,True,,False,True,,True,True,4,5,True,True,False,,True,,True,False,True,,True,180945371136.0,12.12,2.81,1.18,2.48,23.23,0.0,38.77,,,,0.81,53.70000076293945,9.528572934431574,17.67550279337057,58.70668400238842,43.647671598617244,77.46699938334439,13.60203786390107,13.60203786390107,12.241834077510964,2,True,6.2,-77.20328882013806,-74.67032091126451,n/d,2026-08-11,próxima,,,False,False,,,Lateral,57.119998931884766,-5.987391864316449,-18.015266010779463,True,False,False,sem sinal (Lateral; sem novo topo (-6.0%))
BMOB3,SMALL11,SMALL11,Comunicação,56.69,51.99,83.33333333333333,,,0.4,,56.56,30.34,66.63,56.25,57,Não,6,7,False,,True,,False,True,True,True,True,5,6,True,True,True,False,True,,True,True,True,,True,1894139648.0,12.25,2.01,9.34,5.97,16.39,10.11,8.91,,1.78,0.05,2.79,22.75,9.706974477371467,14.773004582624027,20.18841489628757,21.747362166341688,19.25863290979082,17.13487780648311,19.25863290979082,17.33276961881174,5,True,2.2,-23.812001675552796,-24.68185579567863,n/d,2026-05-18,última,,,False,False,,,Em Baixa,24.030000686645508,-5.326677694840265,-19.92697789268827,True,False,False,sem sinal (Em Baixa; sem novo topo (-5.3%))
LOGG3,SMALL11,SMALL11,Imobiliário,56.41,51.66,83.33333333333333,,,0.8,,53.26,50.09,29.31,93.06,58,Não,3,7,False,,True,,True,True,True,True,False,5,6,False,False,False,True,True,,True,False,True,,True,2157753088.0,5.93,0.63,26.6,13.22,10.63,3.04,149.65,,0.45,0.63,2.58,24.68000030517578,23.302208946403855,28.51788858733146,36.38167647029302,60.56738151303422,64.57617684388296,42.6690664721891,36.38167647029302,32.743508823263724,5,True,2.8,32.67223832406883,72.88924612873984,2026-11-05,2026-06-12,última,,,False,False,,,Em Baixa,26.3799991607666,-6.44427183348485,-14.006969863759489,True,False,False,sem sinal (Em Baixa; sem novo topo (-6.4%))
MDIA3,SMALL11,SMALL11,Bens de primeira necessidade,56.39,54.58,66.66666666666667,,,0.0,,39.53,63.35,88.08,33.33,59,Não,1,7,False,,True,,False,False,True,True,True,4,6,False,False,False,False,False,,True,False,True,,True,5812107264.0,8.51,0.71,6.04,3.22,8.33,9.09,6.67,,2.65,0.21,1.41,17.31999969482422,3.98484959231815,7.391895993750168,26.96709705715874,33.42298120140889,18.862091877863936,,,,3,False,8.4,,,2026-08-13,2026-07-24,última,,,False,False,,,Em Baixa,17.819028854370117,-2.800540723202838,-40.20968254037622,True,False,False,sem sinal (Em Baixa; sem novo topo (-2.8%))
CMIN3,BOVA11,BOVA11,Materiais,56.09,60.11,33.333333333333336,,,1.0,,82.65,34.15,23.28,97.22,60,Não,5,7,False,,True,,False,True,False,False,False,2,6,True,True,True,False,False,,True,True,True,,True,29011079168.0,13.28,4.18,19.99,16.62,31.49,21.67,12.51,,1.37,1.31,,5.369999885559082,6.374353972234045,9.28105938357277,4.205421597124583,3.4188366983230014,,5.819917912813601,5.289887784679314,4.760899006211383,4,True,2.7,-11.342660937213122,8.378361952379754,n/d,2026-04-17,última,,,False,False,,,Em Alta,5.980000019073486,-10.200671096467905,-15.736479451861896,True,False,False,sem sinal (Em Alta; sem novo topo (-10.2%))
WEGE3,BOVA11+Carteira,BOVA11,Bens Industriais,55.64,53.69,66.66666666666667,,,0.7,,86.21,9.3,52.42,20.83,61,Não,5,7,False,,True,,False,True,True,False,True,4,6,True,True,True,True,False,,True,False,True,,True,200560656384.0,32.3,10.71,4.17,2.33,33.16,24.33,15.58,,1.59,0.29,3.94,47.79999923706055,7.956299768519056,14.758936070602848,19.60835882015642,12.19054584755898,15.58491765308517,14.019811631984492,14.758936070602848,13.283042463542564,5,True,2.5,-72.21120779172756,-70.66984967415108,2026-10-21,2026-06-22,última,"A WEG (WEGE3) se consolida como uma empresa de altíssima qualidade operacional no setor de bens industriais, apresentando um ROE de 33,2% e um ROIC de 24,3% que se posicionam muito acima dos pares setoriais, os quais registram médias de 15,4% e 12,6%, respectivamente. Essa excelente rentabilidade convive com um endividamento extremamente controlado, visto que a relação dívida sobre patrimônio de apenas 0,29 e a liquidez corrente de 1,59 indicam uma estrutura de capital robusta e segura. No entanto, essa qualidade excepcional cobra o seu preço sob a ótica de valuation, uma vez que os múltiplos de preço sobre lucro de 32,3 e preço sobre valor patrimonial de 10,71 mostram-se bastante esticados, sugerindo que o mercado precifica um prêmio elevado pelo papel. No que tange aos proventos, o dividend yield de 4,17% mostra-se coerente e sustentável frente à forte geração de caixa e à saúde financeira da companhia, embora não configure um patamar de retorno altamente agressivo. Por outro lado, o crescimento recente da receita acende um sinal de alerta, dado que o CAGR de cinco anos recuou 2,1%, situando-se drasticamente abaixo da média do setor, que avançou 115,3% no mesmo período. No checklist de critérios fundamentalistas, a empresa atende a 5 de 7 requisitos, sendo penalizada justamente pelo crescimento inferior ao dos pares e por vendas recentes de insiders, muito embora cumpra com folga as exigências de margem líquida acima de 15% e rentabilidade superior à taxa Selic. Sob a perspectiva de preço-teto, há uma dispersão relevante entre as metodologias de valuation, variando desde os conservadores R$ 8,01 pelo método de Bazin até R$ 19,74 pelo fluxo de caixa descontado, o que resulta em uma média de R$ 14,11 e uma mediana de R$ 14,86. Frente ao preço atual de R$ 48,12, o preço-teto ajustado com margem de segurança fica em R$ 13,37, o que aponta para um expressivo upside negativo de 72,2% e indica que a ação negocia com ágio significativo em relação às métricas teóricas de valor. Em balanço, os prós da WEGE3 residem em sua eficiência operacional traduzida em margens e retornos formidáveis, além de um balanço patrimonial blindado contra crises, enquanto os contras concentram-se no valuation esticado que limita a margem de segurança e na recente perda de tração no crescimento de receita frente aos seus pares de mercado.",,False,True,49.82,-4.05,Em Alta,49.16999816894531,-2.786249711007771,-11.946851280583692,True,False,False,sem sinal (Em Alta; sem novo topo (-2.8%))
SAPR11,SMALL11,SMALL11,Serviços públicos,55.63,56.62,50.0,,,0.0,,58.6,61.63,43.33,61.81,62,Não,4,7,False,,True,,False,False,True,False,True,3,6,False,False,True,True,False,,True,True,True,,True,10103916544.0,8.4,0.81,1.62,6.34,9.64,11.81,16.66,,1.08,0.57,1.86,33.43000030517578,15.137506646258585,23.329528603024933,43.810748742755706,60.791867809867,43.16450388610402,42.77416226043791,43.48762631442986,39.13886368298687,4,True,4.0,17.07706648428364,27.951426473111418,n/d,2026-01-02,última,,,False,False,,,Em Baixa,37.13999938964844,-9.98922763985477,-31.383416527974127,True,False,False,sem sinal (Em Baixa; sem novo topo (-10.0%))
CPLE3,BOVA11,BOVA11,Serviços públicos,55.19,50.22,83.33333333333333,,,0.0,,53.66,42.65,37.79,78.47,63,Não,4,7,False,,True,,False,True,True,True,True,5,6,False,True,True,False,True,,True,False,True,,True,42316951552.0,13.96,1.81,7.24,9.16,12.99,9.82,11.41,,1.3,0.98,0.28,14.25,9.327883185733326,17.303223309535316,13.525250716332376,13.446960427851906,30.62320916905444,16.845305361701474,13.525250716332376,12.172725644699138,5,True,3.3,-14.57736389684815,18.212669204922616,2026-08-05,2026-04-30,última,,,False,False,,,Em Baixa,14.949999809265137,-4.682273031410455,-15.539524890781975,True,False,False,sem sinal (Em Baixa; sem novo topo (-4.7%))
SEER3,SMALL11,SMALL11,Consumo discricionário,55.0,58.82,33.333333333333336,,,0.9,,69.29,77.56,30.48,21.53,64,Não,5,7,False,,False,,False,True,False,True,False,2,6,True,True,True,False,True,,True,False,True,,True,1546728832.0,6.27,1.09,3.97,2.41,17.4,16.63,10.92,,1.56,1.16,0.42,12.079999923706055,2.0768303990900185,3.8525203903119842,25.527910524578186,21.918517233905117,33.101546771380605,,,,3,False,15.9,,,n/d,2026-04-07,última,,,False,False,,,Em Alta,12.350000381469727,-2.1862384568731463,-14.508139944314324,True,False,False,sem sinal (Em Alta; sem novo topo (-2.2%))
SMTO3,SMALL11,SMALL11,Bens de primeira necessidade,54.26,55.01,50.0,,,0.0,,46.74,80.84,51.46,34.72,65,Não,1,7,False,,True,,False,True,False,True,False,3,6,False,False,False,False,False,,True,False,True,,True,4838371328.0,5.87,0.67,1.47,3.4,11.35,6.93,11.25,,2.62,1.61,0.65,14.989999771118164,3.6414013403708188,6.754799486387869,33.836030147753945,35.853902512986004,31.88265759168103,,,,3,False,9.8,,,2026-08-10,2026-07-06,última,,,False,False,,,Em Baixa,16.049999237060547,-6.604358357194007,-29.943983572090684,True,False,False,sem sinal (Em Baixa; sem novo topo (-6.6%))
BRBI11,SMALL11,SMALL11,Produtos financeiros,53.91,52.83,60.0,20.63,,0.4,,34.81,33.12,100.0,88.89,66,Não,4,5,False,,True,,False,True,,False,True,3,5,True,True,True,,False,,,True,True,,True,,8.55,1.69,12.0,11.45,19.7,1.85,0.0,,,,20.28,12.84000015258789,10.497236084351064,10.868825751332023,11.106533734324671,16.022485169784733,17.821641380751142,10.824198523335918,10.868825751332023,9.781943176198821,3,True,1.1,-23.816642835262904,-15.699389449350509,n/d,n/d,,,,False,False,,,Em Baixa,14.720000267028809,-12.771739676200367,-40.26774568172951,False,False,False,sem sinal (Em Baixa; sem novo topo (-12.8%))
VIVT3,BOVA11,BOVA11,Comunicação,53.01,44.72,100.0,,,0.4,,46.09,35.81,43.51,63.19,67,Não,5,7,False,,True,,True,True,True,True,True,6,6,False,True,True,False,True,,True,True,True,,True,97146429440.0,14.95,1.5,8.13,6.43,10.05,9.1,10.68,,0.95,0.3,38.94,30.399999618530273,13.969805421478773,14.41879913388922,14.991430803798778,30.450793304107403,13.86269595036947,17.53870492272873,14.41879913388922,12.976919220500298,5,True,2.2,-57.31276518638428,-42.30689097759712,2026-07-27,2026-07-28,última,,,False,False,,,Em Baixa,35.95353698730469,-15.446428457749196,-26.26176325136498,True,False,False,sem sinal (Em Baixa; sem novo topo (-15.4%))
MOTV3,BOVA11,BOVA11,Bens Industriais,52.68,53.15,50.0,,,0.7,,73.48,54.18,23.32,18.75,68,Não,5,7,False,,True,,False,True,False,True,False,3,6,True,True,False,True,False,,True,True,True,,True,28842629120.0,7.55,1.65,1.44,2.26,21.85,11.72,19.27,,1.77,2.45,0.5,14.350000381469727,2.3151379999116086,4.294580989836033,25.18377550390382,19.285358822886334,32.80290565838523,,,,3,False,14.2,,,2026-10-29,2026-04-22,última,,,False,False,,,Em Baixa,14.970000267028809,-4.1416157281214065,-19.141366211638722,True,False,False,sem sinal (Em Baixa; sem novo topo (-4.1%))
GOAU4,BOVA11+SMALL11,BOVA11,Materiais,52.56,53.01,50.0,,,1.0,,32.11,72.42,66.84,70.83,69,Não,3,7,False,,True,,False,False,True,True,False,3,6,False,False,True,False,True,,True,False,True,,True,14670678016.0,18.33,0.76,3.03,8.27,4.13,10.0,1.92,,2.88,0.28,0.25,11.079999923706055,6.542121745684572,12.13563583824488,8.00927435837999,14.081307673612475,18.134206094445265,11.780509142073436,12.13563583824488,10.922072254420392,5,True,2.8,-1.4253399853168869,6.322285407860129,n/d,2026-08-20,próxima,,,False,False,,,Em Alta,11.529999732971191,-3.9028605350121315,-4.15225327410983,True,False,False,sem sinal (Em Alta; sem novo topo (-3.9%))
FLRY3,BOVA11+SMALL11,BOVA11,Cuidados de saúde,52.31,49.78,66.66666666666667,,,0.2,,57.94,27.02,55.93,57.64,70,Não,4,7,False,,True,,False,True,False,True,True,4,6,False,True,True,False,False,,True,True,True,,True,10051649536.0,14.72,1.91,5.69,6.05,13.0,12.7,7.47,,2.14,1.02,10.39,18.489999771118164,7.994094716413852,9.02056399594088,10.124310650984517,16.54084058995429,9.383310323622036,10.612624055383113,9.383310323622036,8.444979291259832,5,True,2.1,-54.326774495416174,-42.603438687109694,2026-11-05,2026-08-12,próxima,,,False,False,,,Em Alta,18.950000762939453,-2.4274457694002494,-6.2848443988236085,True,False,False,sem sinal (Em Alta; sem novo topo (-2.4%))
SUZB3,BOVA11,BOVA11,Materiais,52.14,58.4,16.666666666666668,,,1.0,,65.4,71.02,40.45,31.25,71,Não,5,7,False,,False,,False,True,False,False,False,1,6,True,True,False,True,False,,True,True,True,,True,50984304640.0,4.64,1.1,0.01,3.06,23.68,6.83,22.96,,3.52,2.02,0.31,41.29999923706055,9.03591903527865,16.761629810441892,117.93642023514057,86.71335103242261,160.77647738142443,,,,3,False,17.8,,,2026-08-12,2026-04-30,última,,,False,False,,,Em Alta,43.099998474121094,-4.176332484423028,-30.7557546014384,True,False,False,sem sinal (Em Alta; sem novo topo (-4.2%))
EGIE3,BOVA11+Wishlist,BOVA11,Serviços públicos,52.1,52.47,50.0,,,0.0,,80.14,31.79,12.78,59.03,72,Não,7,7,True,,True,,False,True,False,True,False,3,6,True,True,True,True,True,,True,True,True,,True,41046736896.0,10.64,2.8,3.27,6.07,26.37,11.59,28.94,,1.09,2.06,1.14,28.979999542236328,12.570098181625392,23.3175321269151,36.08881521942023,25.18487523273442,41.95686590070013,27.823637332279056,25.18487523273442,22.666387709460977,5,True,3.3,-21.786100526239494,-3.990207826856429,2026-08-05,2026-08-21,próxima,"A Engie Brasil (EGIE3) apresenta uma sólida eficiência operacional no setor de serviços públicos, evidenciada por um ROE de 26,4% e um ROIC de 11,6%, ambos posicionados acima da média dos seus pares setoriais de 12,8% e 9,7%, respectivamente. Essa elevada qualidade de retorno convive com múltiplos de preço que sugerem uma avaliação esticada pelo mercado, uma vez que o P/L de 10,64 e o P/VP de 2,80 indicam que o investidor paga um prêmio considerável pela rentabilidade da companhia. No âmbito financeiro, a expressiva margem líquida de 28,94% confere forte capacidade de geração de caixa, mas o endividamento é um ponto de atenção, com a relação dívida/patrimônio em 2,06 e uma liquidez corrente apertada de 1,09. Esse passivo mais alongado ajuda a explicar o atual dividend yield de 3,27%, que se mostra tímido frente ao histórico da empresa, sugerindo que a distribuição de proventos está sendo calibrada de forma conservadora para preservar a sustentabilidade financeira diante das obrigações de dívida. No quesito expansão, a empresa demonstra um desempenho formidável com um CAGR de receita de cinco anos de 270,0%, patamar vastamente superior à média setorial de 32,1%, o que chancela o seu checklist de critérios fundamentalistas ao atingir a pontuação máxima de sete requisitos atendidos. Sob a ótica do valuation, as estimativas de preço-teto revelam uma dispersão acentuada entre os métodos analíticos, variando desde os conservadores R$ 12,89 pelo modelo de Bazin até os otimistas R$ 43,04 pela fórmula de Lynch. Diante da média de R$ 28,54 e da mediana de R$ 25,84 desses modelos, o preço atual de R$ 29,73 situa-se ligeiramente acima das referências de valor justo, resultando em um upside negativo de 21,8% quando comparado ao preço-teto ajustado com margem de segurança de R$ 23,25. Em suma, o ativo destaca-se positivamente por sua rentabilidade excepcional, crescimento histórico robusto e aprovação integral nos filtros de qualidade, mas contrapõe-se negativamente pelo valuation esticado frente às métricas de preço-teto, endividamento elevado e um retorno em dividendos atualmente modesto para o setor.",,True,False,,,Em Baixa,30.34000015258789,-4.482533300961633,-25.34291335633595,True,False,False,sem sinal (Em Baixa; sem novo topo (-4.5%))
PGMN3,SMALL11,SMALL11,Bens de primeira necessidade,51.98,55.27,33.333333333333336,,,0.0,,45.05,64.75,49.97,88.19,73,Não,2,7,False,,True,,False,False,False,True,False,2,6,False,False,True,False,False,,True,False,True,,True,2426897408.0,7.65,0.73,6.8,10.75,9.61,12.78,2.02,,1.78,1.02,4.47,3.369999885559082,2.5868130488778185,2.997020922160969,3.6455675263444354,6.764395587028388,5.487163369074063,4.296192090697135,3.6455675263444354,3.281010773709992,5,True,2.6,-2.6406265540370177,27.483449156984108,n/d,2025-12-26,última,,,False,False,,,Em Baixa,3.5399999618530273,-4.802262093950926,-55.77427905286873,True,False,False,sem sinal (Em Baixa; sem novo topo (-4.8%))
SBFG3,SMALL11,SMALL11,Consumo discricionário,50.97,45.26,83.33333333333333,,,0.9,,38.52,74.82,31.88,28.47,74,Não,2,7,False,,True,,False,True,True,True,True,5,6,False,False,False,False,False,,True,True,True,,True,2126722176.0,6.32,0.69,5.91,2.68,10.84,7.5,4.2,,1.39,0.94,0.7,9.220000267028809,1.7627599233066142,3.269919657733769,19.3299056231221,20.943010389725565,17.043734562681795,,,,3,False,11.9,,,n/d,n/d,,,,False,False,,,Em Baixa,9.710000038146973,-5.046341598281545,-39.677630848841375,False,False,False,sem sinal (Em Baixa; sem novo topo (-5.0%))
BEEF3,BOVA11+SMALL11,BOVA11,Bens de primeira necessidade,50.76,53.84,33.333333333333336,,,0.0,,68.41,67.4,13.33,35.42,75,Não,4,7,False,,False,,False,True,False,False,True,2,6,True,True,True,False,False,,True,False,True,,True,3350063104.0,4.84,2.73,5.69,3.41,56.47,17.78,1.25,,1.32,13.29,0.32,3.380000114440918,0.8225829442537963,1.5258913615907919,9.253099486847553,4.410663946973004,12.854579119042752,,,,2,False,15.6,,,n/d,n/d,,,,False,False,,,Em Baixa,3.640000104904175,-7.142856675002807,-53.79241435257667,False,False,False,sem sinal (Em Baixa; sem novo topo (-7.1%))
CSMG3,BOVA11+SMALL11,BOVA11,Serviços públicos,50.61,50.72,50.0,,,0.0,,66.14,15.38,42.16,86.81,76,Não,5,7,False,,True,,False,True,False,False,True,3,6,True,True,True,True,False,,True,False,True,,True,22792597504.0,17.38,2.69,3.53,10.18,15.46,11.6,16.14,,1.6,1.08,,60.11000061035156,43.71684520005508,63.65172661128021,35.96916031919771,41.70008741496411,,46.259454886374286,42.708466307509596,38.437619676758636,4,True,1.8,-36.05453454256116,-23.041998974114254,n/d,n/d,,,,False,False,,,Em Baixa,64.38999938964844,-6.646993042191185,-11.368326628083214,False,False,False,sem sinal (Em Baixa; sem novo topo (-6.6%))
RDOR3,BOVA11,BOVA11,Cuidados de saúde,50.57,50.67,50.0,,,0.2,,70.18,23.01,44.81,43.75,77,Não,4,7,False,,True,,False,True,False,False,True,3,6,True,True,True,False,False,,True,False,True,,True,73843630080.0,16.47,3.84,12.8,4.01,23.35,15.25,8.08,,2.86,2.44,2.07,33.869998931884766,9.694232029396062,17.982800414529695,27.248177647083978,20.201984345426787,24.56843366658152,19.93912562060361,20.201984345426787,18.18178591088411,5,True,2.8,-46.318906158074846,-41.13042146619856,n/d,n/d,,,,False,False,,,Em Baixa,35.779998779296875,-5.338177508595332,-24.652964965365175,False,False,False,sem sinal (Em Baixa; sem novo topo (-5.3%))
AXIA3,BOVA11+Carteira,BOVA11,Serviços públicos,50.36,47.48,66.66666666666667,,,0.0,,48.26,29.33,69.25,45.83,78,Não,2,7,False,,True,,False,False,True,True,True,4,6,False,False,False,True,False,,True,False,True,,True,117753430016.0,12.95,1.28,5.39,4.28,9.86,3.25,27.05,,2.05,0.63,2.94,51.66999816894531,15.783558775970285,24.02879946355518,43.38781534362072,60.19907750909997,34.61670016135601,35.60319025072043,34.61670016135601,31.155030145220408,5,True,3.8,-39.70382959303994,-31.09504255388449,2026-11-04,2025-11-17,última,"A análise fundamentalista da AXIA3 revela uma empresa de serviços públicos que atualmente entrega um retorno sobre o patrimônio líquido (ROE) de 9,9% e um retorno sobre o capital investido (ROIC) de 3,2%, ambos situando-se abaixo da média do setor, que registra 12,8% e 9,7%, respectivamente. Essa rentabilidade mais tímida convive com múltiplos de valuation que não parecem descontados, visto que o preço sobre lucro (P/L) de 12,95 e o preço sobre valor patrimonial (P/VP) de 1,28 sugerem que o mercado cobra um preço relativamente alto por uma qualidade operacional que se mostra inferior à de seus pares. No que tange à relação entre rentabilidade e endividamento, a companhia adota uma postura conservadora com uma relação dívida sobre patrimônio de apenas 0,63 e excelente liquidez corrente de 2,05, indicando que a baixa eficiência não decorre de uma alavancagem financeira sufocante, mas sim de gargalos na geração de valor dos próprios ativos. O dividendo distribuído de 5,39% apresenta-se coerente com a robusta margem líquida de 27,05%, mas a sustentabilidade de pagamentos futuros pode ser pressionada caso a geração de caixa não acompanhe o mercado, especialmente porque o crescimento da receita nos últimos cinco anos, medido pelo CAGR de 9,7%, ficou severamente abaixo da média setorial de 32,1%. Esse ritmo de expansão mais lento e a eficiência abaixo dos pares refletem-se no checklist de critérios da empresa, que atendeu a apenas 2 de 7 requisitos fundamentais, falhando em superar a taxa Selic e a média do setor em termos de ROE e ROIC, além de registrar vendas de papéis por parte de insiders. Sob a ótica do valuation, os métodos de precificação expõem uma enorme dispersão, variando desde o conservadorismo do método de Bazin a R$ 16,21 até o teto de Graham a R$ 61,81, resultando em uma média de R$ 36,55 e uma mediana de R$ 35,54. Diante do preço atual de R$ 53,05, o preço-teto ajustado com margem de segurança fica estabelecido em R$ 31,99, o que aponta para um upside negativo de 39,7% em relação a essa métrica de referência e evidencia o prêmio exigido pelo mercado no momento. Em balanço, a AXIA3 destaca-se positivamente por sua sólida estrutura de capital, baixo endividamento e margem líquida robusta, mas peca pelo fraco crescimento histórico, rentabilidade abaixo da média setorial e um preço de tela desalinhado com as principais métricas de valor justo estimadas.",,False,True,59.55,-13.23,Em Baixa,53.709999084472656,-3.798177155652005,-23.835493870617874,False,False,False,sem sinal (Em Baixa; sem novo topo (-3.8%))
GGBR4,BOVA11,BOVA11,Materiais,49.7,49.65,50.0,,,1.0,,34.78,57.14,66.28,64.58,79,Não,3,7,False,,True,,False,False,True,True,False,3,6,False,False,True,False,True,,True,False,True,,True,49432891392.0,22.15,0.93,2.76,6.78,4.18,10.03,3.22,,2.87,0.28,0.3,25.18000030517578,12.18998403504115,22.612420385001332,15.062528399258648,26.315925638700993,34.103837885113926,22.05693926862321,22.612420385001332,20.3511783465012,5,True,2.8,-19.177211676530483,-12.40294280659966,n/d,n/d,,,,False,False,,,Em Alta,26.309999465942383,-4.294941785268202,-4.76550757727413,False,False,False,sem sinal (Em Alta; sem novo topo (-4.3%))
FESA4,SMALL11,SMALL11,Materiais,49.29,52.11,33.333333333333336,,,1.0,,29.82,69.96,70.24,71.53,80,Não,1,7,False,,True,,False,False,True,False,False,2,6,False,False,False,False,False,,True,False,True,,True,1901047168.0,12.41,0.61,12.37,8.28,4.93,4.41,7.06,,3.27,0.12,,5.610000133514404,3.317889253236584,4.830846752712466,4.7013699749032885,9.671711255704373,,5.630454309139177,4.766108363807877,4.2894975274270895,4,True,2.9,-23.538370314798573,0.36460205237034415,n/d,n/d,,,,False,False,,,Em Baixa,6.159999847412109,-8.928567005221055,-36.96628793293333,False,False,False,sem sinal (Em Baixa; sem novo topo (-8.9%))
PRIO3,BOVA11,BOVA11,Energia,49.26,46.19,66.66666666666667,,,0.9,,62.47,44.49,31.33,6.94,81,Pivô de alta,3,7,False,,True,,False,True,True,True,False,4,6,False,False,False,True,True,,True,False,True,,True,47533854720.0,12.96,1.78,0.0,0.18,13.71,10.92,18.11,,1.34,0.9,0.97,59.560001373291016,0.754922591397884,1.4003814070430747,60.892748317600756,58.82114257420712,62.3732650894436,,,,3,False,82.6,,,n/d,n/d,,,Pivô de alta,False,False,,,Em Alta,60.540000915527344,-1.6187636726397447,-18.388601488557743,False,True,False,Pivô de alta
UGPA3,BOVA11,BOVA11,Consumo discricionário,49.18,46.1,66.66666666666667,,,0.9,,57.28,35.22,32.93,49.31,82,Não,6,7,False,,True,,False,True,False,True,True,4,6,True,True,True,False,True,,True,True,True,,True,33176213504.0,11.65,2.12,4.16,4.42,18.19,14.05,2.06,,1.67,1.14,1.32,31.040000915527344,9.799296006846557,18.177694092700364,35.30300533311049,29.626618920493765,35.28612229534174,29.59836016041159,32.456370607917755,29.21073354712598,4,True,3.6,-5.893258100666799,-4.644461058616112,n/d,n/d,,,,False,False,,,Em Alta,33.38999938964844,-7.038030898705672,-7.038030898705672,False,False,False,sem sinal (Em Alta; sem novo topo (-7.0%))
COGN3,BOVA11+SMALL11,BOVA11,Consumo discricionário,48.6,51.29,33.333333333333336,,,0.9,,43.23,71.62,47.43,44.44,83,Não,2,7,False,,False,,False,False,True,True,False,2,6,False,False,False,False,True,,True,False,True,,True,4302642688.0,6.82,0.34,5.34,4.01,4.94,10.12,8.92,,1.65,0.49,1.9,2.1500000953674316,0.6162768294940127,0.8583791497578548,3.136385151971541,6.6972743879529935,2.3961987928203703,,,,2,False,10.9,,,n/d,n/d,,,,False,False,,,Em Baixa,2.3299999237060547,-7.725314773930059,-54.51413097501,False,False,False,sem sinal (Em Baixa; sem novo topo (-7.7%))
ALOS3,BOVA11+SMALL11,BOVA11,Imobiliário,47.82,44.5,66.66666666666667,,,0.8,,50.06,39.1,31.12,59.72,84,Não,3,7,False,,True,,False,False,True,True,True,4,6,False,False,False,True,True,,True,False,True,,True,13373773824.0,14.53,1.06,10.94,6.09,7.27,6.39,31.4,,0.72,0.56,17.33,26.739999771118164,11.628995340467748,12.473637189352978,14.099985325062157,32.31967005370372,12.748023208857166,12.737660265935013,12.610830199105072,11.349747179194566,4,True,2.8,-57.55517099348142,-52.36477047508077,n/d,n/d,,,,False,False,,,Em Baixa,27.56999969482422,-3.010518436320009,-18.460769849154225,False,False,False,sem sinal (Em Baixa; sem novo topo (-3.0%))
ECOR3,SMALL11,SMALL11,Bens Industriais,47.8,47.41,50.0,,,0.7,,51.92,59.55,33.65,24.31,85,Não,1,7,False,,True,,False,True,False,False,True,3,6,False,False,False,False,False,,True,False,True,,True,4458932224.0,8.45,1.12,4.56,2.51,13.28,11.52,4.59,,2.52,6.64,0.81,6.409999847412109,1.1478754998985494,2.1293090523118092,10.051183192687626,9.883526076218141,9.84161602114631,,,,3,False,8.8,,,n/d,n/d,,,,False,False,,,Em Baixa,7.239999771118164,-11.464087706426373,-46.281849524116325,False,False,False,sem sinal (Em Baixa; sem novo topo (-11.5%))
VALE3,BOVA11,BOVA11,Materiais,46.36,48.66,33.333333333333336,,,1.0,,50.86,37.99,35.87,90.97,86,Não,3,7,False,,True,,False,False,True,False,False,2,6,True,False,True,False,False,,True,False,True,,True,320544047104.0,32.1,1.69,7.47,12.74,5.27,18.11,4.76,,1.19,0.55,,75.31999969482422,68.53711008800225,99.79003228813129,24.402741334148654,48.50714345389968,,60.30925679104546,58.52212677095096,52.669914093855866,4,True,4.1,-30.071807876712995,-19.929292305626834,n/d,n/d,,,,False,False,,,Lateral,76.66000366210938,-1.7479831767181042,-17.79087815227761,False,False,False,sem sinal (Lateral; sem novo topo (-1.7%))
GGPS3,SMALL11,SMALL11,Bens Industriais,46.15,45.47,50.0,,,0.7,,55.93,35.29,47.67,19.44,87,Não,3,7,False,,True,,False,True,False,False,True,3,6,True,True,False,False,False,,True,False,True,,True,8531654144.0,13.24,2.12,2.51,2.31,16.03,11.82,3.74,,3.24,1.51,1.19,11.34000015258789,1.8716284210910208,3.4718707211238433,11.348565107385916,10.152953483579031,11.508377323766549,11.003298638243834,11.348565107385916,10.213708596647324,3,True,6.1,-9.932024169184306,-2.9691491165211192,n/d,n/d,,,,False,False,,,Em Baixa,12.539999961853027,-9.569376498529225,-42.290074439013814,False,False,False,sem sinal (Em Baixa; sem novo topo (-9.6%))
RENT3,BOVA11+Wishlist,BOVA11,Bens Industriais,46.14,42.52,66.66666666666667,,,0.7,,54.83,42.26,18.0,36.81,88,Não,1,7,False,,True,,False,True,False,True,True,4,6,False,False,False,False,False,,True,False,True,,True,40296349696.0,12.42,1.57,5.42,3.46,12.63,12.27,5.13,,1.23,1.66,1.72,36.47999954223633,9.007500106694513,16.708912697918322,38.917873907780304,39.18640828817804,31.32313120282167,31.534081524174585,35.12050255530099,31.60845229977089,4,True,4.4,-13.354022213802907,-13.55788947402642,2026-11-05,2026-06-29,última,"A Localiza (RENT3) apresenta um panorama desafiador sob a ótica fundamentalista, caracterizado por indicadores de rentabilidade que operam abaixo de seus pares no setor de Bens Industriais. O retorno sobre o patrimônio líquido (ROE) de 12,6% e o retorno sobre o capital investido (ROIC) de 12,3% situam-se ligeiramente aquém das médias setoriais de 15,4% e 12,6%, respectivamente, evidenciando que a reconhecida qualidade operacional da companhia hoje convive com uma eficiência interna pressionada. Essa rentabilidade mais tímida reflete-se em múltiplos de preço que não parecem excessivamente descontados para compensar tal desvio, visto que o preço sobre o lucro (P/L) de 12,42 e o preço sobre o valor patrimonial (P/VP) de 1,57 sugerem que o mercado ainda precifica o ativo com certo otimismo em relação ao seu valor de livro. No âmbito financeiro, a relação de dependência de capital de terceiros é nítida, com uma relação dívida/patrimônio de 1,66 que exige atenção diante de uma liquidez corrente de 1,23, indicando que a rentabilidade atual precisa ser rigorosamente gerida para suportar esse endividamento. O retorno em dividendos (DY) de 5,42% mostra-se razoável, contudo, sua sustentabilidade futura depende diretamente da manutenção de lucros consistentes frente ao peso da estrutura de capital e à necessidade de reinvestimento. Em termos de expansão, o crescimento composto anual (CAGR) da receita nos últimos cinco anos atingiu expressivos 39,4%, mas este patamar ainda se posiciona muito abaixo da média setorial de 115,3%, o que ajuda a explicar por que a empresa atendeu a apenas um dos sete critérios do checklist fundamentalista. No campo do valuation, as metodologias de preço-teto revelam uma dispersão acentuada entre si, variando desde os conservadores R$ 9,34 pelo método de Bazin até os R$ 40,63 pela fórmula de Graham, resultando em uma média de R$ 32,69 e uma mediana de R$ 36,41. Frente ao preço atual de R$ 37,82, o preço-teto ajustado com margem de segurança de R$ 32,77 aponta para um potencial de valorização negativo de 13,4%, sinalizando que o papel negocia acima do seu valor justo estimado por essas métricas combinadas. Como principais prós, destacam-se o robusto valor de mercado da empresa e sua capacidade de gerar receitas crescentes em ritmo de duplo dígito; em contrapartida, pesam negativamente o desempenho operacional abaixo da média dos pares, o elevado endividamento, o fraco desempenho no checklist de qualidade e a ausência de margem de segurança nos preços atuais.",,True,False,,,Em Baixa,39.20000076293945,-6.938778489195019,-30.761706861483663,False,False,False,sem sinal (Em Baixa; sem novo topo (-6.9%))
BBAS3,BOVA11+Carteira,BOVA11,Produtos financeiros,45.61,50.13,20.0,14.56,,0.4,,39.57,59.14,50.86,73.61,89,Não,2,6,False,,True,,False,False,,False,False,1,5,False,False,False,,False,,True,True,True,,True,114805440512.0,7.99,0.62,2.74,8.34,7.71,0.0,20.42,,,,3.11,20.110000610351562,11.98216868881524,15.055419278707847,22.58887977865465,42.85821788727929,27.46675579679519,16.54215591539258,15.055419278707847,13.549877350837063,3,True,1.9,-32.621198709152175,-17.74164389195714,2026-08-12,2026-06-02,última,"O Banco do Brasil (BBAS3) apresenta um cenário de valuation intrigante, onde múltiplos de preço historicamente baixos, como o P/L de 7,99 e o P/VP de 0,62, convivem com indicadores de rentabilidade que operam abaixo da média do setor de produtos financeiros. O Retorno sobre o Patrimônio Líquido (ROE) de 7,7% e o Retorno sobre o Capital Injetado (ROIC) de 0,0% situam-se abaixo de seus pares, que registram médias de 16,0% e 0,2%, respectivamente, sugerindo que o desconto no preço de tela reflete essa menor eficiência na geração de valor atual. No âmbito do crescimento, a contração na receita com um CAGR de cinco anos de -54,4% contrasta fortemente com a expansão média de 4,2% do setor, evidenciando um período recente de forte retração operacional. Essa perda de tração reflete-se no checklist de critérios fundamentalistas, no qual o papel atende a apenas 2 de 6 requisitos, falhando em superar a taxa Selic ou a média setorial em rentabilidade e crescimento, embora mantenha a solidez de um valor de mercado robusto de R$ 114,5 bilhões e a ausência de vendas por insiders. Quanto aos proventos, o Dividend Yield de 2,74% mostra-se modesto, mas guarda coerência com a necessidade de preservação de capital diante de uma rentabilidade pressionada, não havendo dados de endividamento líquido sobre EBITDA aplicáveis para este segmento financeiro que comprometam essa distribuição. No campo do valuation por preço-teto, observa-se uma dispersão acentuada entre os métodos de cálculo, variando desde os conservadores R$ 11,95 por Bazin e R$ 15,02 por Gordon, até os otimistas R$ 27,40 por Lynch e R$ 42,75 por Graham. Essa disparidade resulta em uma média de preço-teto de R$ 16,50 e uma mediana de R$ 15,02, estabelecendo um preço-teto ajustado com margem de segurança de R$ 13,52 que, frente à cotação atual de R$ 20,06, aponta para um upside negativo de -32,6%. Em um balanço final, os prós da tese residem no desconto patrimonial evidente, no elevado valor de mercado e na tendência gráfica de alta, enquanto os contras concentram-se na rentabilidade e no crescimento historicamente abaixo dos pares, além de um preço atual que supera as principais métricas de teto ajustadas.",,False,True,22.29,-9.78,Em Alta,21.270000457763672,-5.453689809342254,-26.985524064519684,False,False,False,sem sinal (Em Alta; sem novo topo (-5.5%))
ANIM3,SMALL11,SMALL11,Consumo discricionário,45.31,50.37,16.666666666666668,,,0.9,,45.06,72.72,28.31,62.5,90,Não,4,7,False,,False,,False,False,False,True,False,1,6,True,False,True,False,False,,True,True,True,,True,797284992.0,6.59,0.37,3.55,6.42,5.62,14.19,3.27,,1.9,2.02,2.03,2.109999895095825,0.9668430838014861,1.2992828192869186,3.0733829967631383,6.4095881313604774,3.0927025177589726,3.468739116292377,3.0830427572610555,2.77473848153495,4,True,6.6,31.50419997575098,64.3952269549684,n/d,n/d,,,,False,False,,,Em Baixa,2.2699999809265137,-7.0484619900914485,-60.101991268681964,False,False,False,sem sinal (Em Baixa; sem novo topo (-7.0%))
BRAP4,BOVA11+SMALL11,BOVA11,Basic Materials,44.99,41.16,66.66666666666667,,,1.0,DY5a=24.1%>=20,19.12,53.77,75.0,,91,Não,5,7,False,,True,,False,True,True,True,False,4,6,False,True,True,False,True,,True,True,True,,True,8420129280.0,10.73,1.07,11.04,24.12,10.0,-0.47,0.0,,5.99,0.0,1.07,21.420000076293945,36.900028770962585,68.44955337013559,26.450605872403983,29.986030422481942,59.88816423940525,44.33487653507787,36.900028770962585,33.21002589386633,5,True,2.6,55.04213714088966,106.9788813126308,n/d,n/d,,,,False,False,,,Lateral,22.0,-2.636363289572974,-16.426060172944357,False,False,False,sem sinal (Lateral; sem novo topo (-2.6%))
ASAI3,BOVA11+SMALL11,BOVA11,Bens de primeira necessidade,44.91,44.01,50.0,,,0.0,,58.87,57.81,10.1,10.42,92,Não,5,7,False,,True,,False,True,False,True,False,3,6,True,True,True,False,True,,True,False,True,,True,10834956288.0,11.57,1.76,1.27,0.83,15.21,21.18,0.9,,1.1,4.6,0.84,8.09000015258789,0.48036881851203606,0.8910841583398268,9.26469334674067,8.503873192438958,10.193530103723075,,,,3,False,21.2,,,n/d,n/d,,,,False,False,,,Em Baixa,8.829999923706055,-8.380518431619388,-23.80647298472254,False,False,False,sem sinal (Em Baixa; sem novo topo (-8.4%))
SYNE3,SMALL11,SMALL11,Imobiliário,44.89,46.93,33.333333333333336,,,0.8,DY5a=129.9%>=20,46.28,57.4,35.31,,93,Não,2,7,False,,False,,False,False,True,True,False,2,6,False,False,False,True,False,,False,True,True,,True,602945600.0,9.31,0.88,64.53,129.91,9.47,5.96,20.02,,0.98,0.5,0.98,3.950000047683716,36.6518258837856,67.98913701442228,5.62164346206329,6.545942458435313,12.728249348067827,,,,3,False,12.1,,,n/d,n/d,,,,False,False,,,Em Baixa,4.190000057220459,-5.727923777069188,-24.250266481877368,False,False,False,sem sinal (Em Baixa; sem novo topo (-5.7%))
RADL3,BOVA11,BOVA11,Bens de primeira necessidade,44.82,40.96,66.66666666666667,,,0.0,,61.74,18.29,35.4,15.28,94,Não,4,7,False,,True,,False,True,False,True,True,4,6,True,True,True,False,False,,True,False,True,,True,34481131520.0,26.4,4.86,2.17,1.44,18.41,16.71,2.88,,1.41,1.18,2.32,19.719999313354492,2.031834950802754,3.7690538337391075,9.897348140225265,8.258060427836234,9.592348471668208,7.879202718367203,8.925204449752222,8.032684004777,4,True,4.9,-59.2663068738688,-60.04460957038997,n/d,n/d,,,,False,False,,,Em Alta,20.549999237060547,-4.038929219078535,-27.305371148427227,False,False,False,sem sinal (Em Alta; sem novo topo (-4.0%))
USIM5,BOVA11+SMALL11,BOVA11,Materiais,44.38,46.33,33.333333333333336,,,1.0,P/L=-3.86<2,10.27,85.83,71.03,60.42,95,Não,3,7,False,,False,,False,False,True,True,False,2,6,False,False,False,False,True,,True,True,True,,True,8850478080.0,-3.86,0.43,0.0,6.2,-11.18,4.67,-9.36,,4.44,0.27,,7.190000057220459,3.1857219238638055,5.909514168767359,,,,4.547618046315582,4.547618046315582,4.092856241684024,2,True,1.9,-43.075713364232456,-36.750792626924955,n/d,n/d,,,,False,False,,,Em Baixa,8.6899995803833,-17.26121513916896,-40.96880232289376,False,False,False,sem sinal (Em Baixa; sem novo topo (-17.3%))
RANI3,SMALL11,SMALL11,Materiais,43.77,48.55,16.666666666666668,,,1.0,,50.37,43.32,36.73,77.08,96,Não,2,7,False,,True,,False,False,False,False,False,1,6,False,False,True,False,False,,True,False,True,,True,1880550272.0,14.71,1.33,4.45,9.01,9.03,11.69,7.65,,2.1,1.38,,8.180000305175781,5.262368045456004,7.662007874183941,5.783276898288792,8.772278721993208,,6.869982884980486,6.722642386236366,6.050378147612729,4,True,1.7,-26.034499732421324,-16.01488228999699,n/d,n/d,,,,False,False,,,Em Alta,8.384929656982422,-2.4440199284914588,-15.699627515497061,False,False,False,sem sinal (Em Alta; sem novo topo (-2.4%))
IRBR3,SMALL11+Carteira,SMALL11,Insurance,43.46,51.13,0.0,,2.87,0.3,,21.35,74.15,100.0,29.86,97,Não,1,6,False,,False,,False,False,,False,False,0,5,False,False,False,,False,,True,False,True,,True,4163147776.0,-105.28,0.8,3.02,2.93,-0.76,0.0,6.77,,,,,51.290000915527344,10.723030703381337,15.612732704123227,,,,13.167881703752283,13.167881703752283,11.851093533377055,2,True,1.5,-76.89394946025571,-74.32661051139524,2026-08-13,2026-07-01,última,"A análise fundamentalista do IRB Brasil (IRBR3) revela uma companhia em momento de profunda reestruturação, onde a desconexão entre qualidade e preço fica evidente pelo ROE negativo de -0,8% (setor em 34,6%) e ROIC zerado (setor em 19,5%), ambos muito abaixo de seus pares, convivendo com um P/VP descontado de 0,8 e um P/L negativo de -105,28 que reflete a ausência de lucros consistentes. Essa baixa rentabilidade operacional é acompanhada por uma severa contração histórica, visto que o CAGR de receita nos últimos cinco anos recuou 30,0%, desempenho bem mais acentuado do que a média setorial de queda de 4,2%. No que tange aos proventos, o dividend yield de 3,02% carece de sustentabilidade robusta no longo prazo, dado que a geração de valor atual é frágil e o checklist de critérios de seleção aponta que a empresa atendeu a apenas 1 de 6 requisitos possíveis, falhando em superar a taxa Selic e em demonstrar alinhamento com as movimentações de insiders. Sob a ótica de valuation, as métricas de preço-teto calculadas mostram uma dispersão relevante entre os métodos de Bazin, que aponta R$ 10,90, e Gordon, situado em R$ 15,87, resultando em uma média e mediana de R$ 13,38. Quando ajustado pela margem de segurança, o preço-teto de referência cai para R$ 12,04, o que projeta um expressivo upside negativo de -76,9% em relação à cotação atual de R$ 52,14, indicando que o papel negocia com forte prêmio sobre seus fundamentos de fluxo de caixa e dividendos projetados. Em suma, o ativo apresenta como pontos positivos uma excelente nota de segurança financeira e um valor de mercado consolidado acima de R$ 4,2 bilhões, mas contrapõe esses fatores com uma forte tendência gráfica de baixa, severa perda de receita histórica e indicadores de rentabilidade que ainda não justificam o preço atual de tela.",,False,True,57.62,-10.99,Em Baixa,57.0,-10.017542253460798,-20.755776623199196,False,False,False,sem sinal (Em Baixa; sem novo topo (-10.0%))
VAMO3,BOVA11+SMALL11,BOVA11,Bens Industriais,43.28,45.03,33.333333333333336,,,0.7,,56.51,49.07,22.06,29.17,98,Não,4,7,False,,True,,False,True,False,False,False,2,6,True,False,True,False,False,,True,True,True,,True,3628569344.0,12.24,1.44,4.04,2.92,11.81,15.28,5.09,,1.77,6.47,1.61,2.9700000286102295,0.6203922763159477,1.1508276725660829,3.215073560382805,3.355643051707495,2.549504211508336,2.56776212404118,2.88228888594557,2.5940599973510134,4,True,5.4,-12.657913388476704,-13.54336365973946,n/d,n/d,,,,False,False,,,Em Alta,3.4200000762939453,-13.157895837574207,-39.878542627359195,False,False,False,sem sinal (Em Alta; sem novo topo (-13.2%))
PNVL3,SMALL11,SMALL11,Bens de primeira necessidade,43.01,38.84,66.66666666666667,,,0.0,,38.32,39.36,46.99,23.61,99,Não,2,7,False,,True,,False,True,False,True,True,4,6,False,False,False,False,False,,True,True,True,,True,1780837504.0,13.26,1.39,2.71,2.49,10.45,9.66,2.33,,1.75,1.07,1.89,11.949999809265137,2.121864433534737,3.9360585242069366,11.94098774304397,13.20322411720805,8.553600725617034,9.408467777518997,10.247294234330502,9.222564810897453,4,True,6.2,-22.823724200004047,-21.26805081432408,n/d,n/d,,,,False,False,,,Em Alta,12.4399995803833,-3.938905045389607,-26.665882358034743,False,False,False,sem sinal (Em Alta; sem novo topo (-3.9%))
UNIP6,SMALL11,SMALL11,Materiais,42.97,44.67,33.333333333333336,,,1.0,,54.15,12.76,36.61,97.92,100,Não,4,7,False,,True,,False,True,False,False,False,2,6,False,True,True,False,False,,True,True,True,,True,6586823168.0,25.53,3.41,16.92,17.1,13.34,11.66,5.09,,2.39,1.85,,59.0099983215332,72.08139810966621,104.95051564767401,24.038542206970046,29.999517132703986,,57.76749327425356,51.0404576211851,45.93641185906659,4,True,4.4,-22.15486669094847,-2.105583939368194,n/d,n/d,,,,False,False,,,Lateral,63.689998626708984,-7.348092959784081,-18.827446737068055,False,False,False,sem sinal (Lateral; sem novo topo (-7.3%))
MOVI3,SMALL11,SMALL11,Bens Industriais,42.78,44.45,33.333333333333336,,,0.7,,51.62,60.45,2.77,55.56,101,Não,4,7,False,,False,,False,True,False,True,False,2,6,True,False,True,False,False,,True,True,True,,True,3019803392.0,8.56,1.02,8.38,5.82,11.92,14.39,2.45,,0.85,8.06,1.43,7.53000020980835,3.1315059771905096,5.792834188114252,11.62334264439583,12.08785603984425,10.381465977318525,9.971374712418214,11.002404310857177,9.902163879771459,4,True,3.9,31.50283670474805,32.42197124284012,n/d,n/d,,,,False,False,,,Em Baixa,8.609999656677246,-12.543548082854251,-49.69939829331162,False,False,False,sem sinal (Em Baixa; sem novo topo (-12.5%))
VBBR3,BOVA11,BOVA11,Consumo discricionário,42.49,38.22,66.66666666666667,,,0.9,,43.0,23.02,36.39,58.33,102,Não,3,7,False,,True,,False,True,False,True,True,4,6,False,True,False,False,True,,True,False,True,,True,40012529664.0,13.65,1.89,4.41,6.07,13.83,9.9,1.56,,1.77,1.1,5.75,33.540000915527344,14.536750031844496,17.92276708565209,21.63914621827021,31.32254929563989,20.74571844237683,21.233386214756703,20.74571844237683,18.67114659813915,5,True,2.2,-44.33170516255013,-36.692350521294394,n/d,n/d,,,,False,False,,,Em Alta,36.130001068115234,-7.168558195459251,-8.435708606292113,False,False,False,sem sinal (Em Alta; sem novo topo (-7.2%))
TTEN3,SMALL11,SMALL11,Bens de primeira necessidade,41.9,40.47,50.0,,,0.0,,43.18,50.7,35.92,11.81,103,Não,3,7,False,,True,,False,True,False,False,True,3,6,True,True,False,False,False,,True,False,True,,True,5634959360.0,8.01,1.2,1.59,0.95,14.93,6.69,4.16,,1.26,1.0,0.58,11.260000228881836,0.7613997309416328,1.4123965008967287,18.626092763131624,17.227520577526764,20.72704908018713,,,,3,False,27.2,,,n/d,n/d,,,,False,False,,,Em Baixa,15.569999694824219,-27.68143577661799,-37.0949694477906,False,False,False,sem sinal (Em Baixa; sem novo topo (-27.7%))
FRAS3,SMALL11,SMALL11,Consumo discricionário,41.57,40.08,50.0,,,0.9,,52.17,19.11,43.18,31.94,104,Não,2,7,False,,True,,False,True,False,False,True,3,6,False,False,True,False,False,,True,False,True,,True,5627129344.0,22.6,2.38,3.01,3.07,10.53,13.92,4.68,,2.29,1.23,6.99,20.290000915527344,4.44438708552768,5.9652149112913175,8.607158680681346,13.122924420530644,5.6549486663863515,7.558926752883468,5.9652149112913175,5.368693420162186,5,True,3.0,-73.54020119312226,-62.74555735924663,n/d,n/d,,,,False,False,,,Lateral,21.079999923706055,-3.7476233920204938,-19.2391093007501,False,False,False,sem sinal (Lateral; sem novo topo (-3.7%))
CBAV3,SMALL11,SMALL11,Materiais,41.12,39.55,50.0,,,1.0,,39.28,39.22,45.06,30.56,105,Não,4,7,False,,False,,False,True,True,True,False,3,6,False,True,False,False,True,,True,True,True,,True,7233417728.0,12.11,1.43,0.4,3.04,11.81,6.25,6.41,,2.06,0.89,1.62,11.109999656677246,2.415059734908093,4.4799358082545115,12.15586254756181,12.663834151536964,9.633689386579722,9.733330473483253,10.894775967070766,9.805298370363689,4,True,5.2,-11.743486288313399,-12.391262157839922,n/d,n/d,,,,False,False,,,Em Alta,11.130000114440918,-0.17969863035061096,-0.6261238514110645,False,False,False,sem sinal (Em Alta; sem novo topo (-0.2%))
ENGI11,BOVA11,BOVA11,Serviços públicos,39.28,37.39,50.0,,,0.0,,41.01,32.82,26.56,54.17,106,Não,3,7,False,,True,,False,False,False,True,True,3,6,False,False,True,False,False,,True,True,True,,True,14153337856.0,15.57,1.21,3.3,5.5,7.78,10.25,4.13,,1.56,1.86,13.91,46.209999084472656,18.148725433664374,19.94695466781501,23.299670639929325,50.49986620883289,19.641268177273734,20.259154729670612,19.794111422544372,17.814700280289934,4,True,2.8,-61.448386424495794,-56.15850436907272,n/d,n/d,,,,False,False,,,Em Baixa,50.33000183105469,-8.185977740298632,-22.00844036375923,False,False,False,sem sinal (Em Baixa; sem novo topo (-8.2%))
POSI3,SMALL11,SMALL11,Tecnologia de informação,38.92,36.97,50.0,,,0.5,,21.96,46.63,44.5,65.28,107,Não,0,7,False,,True,,False,False,True,True,False,3,6,False,False,False,False,False,,False,False,True,,True,473569920.0,50.92,0.32,5.09,6.88,0.63,6.91,0.29,,1.69,0.83,14.14,3.4200000762939453,1.6816489421761895,2.345253486281101,0.6690585683123843,4.018816606244098,0.7041454333292391,2.187466117007657,2.0134512142286454,1.8121060928057808,4,True,6.0,-47.014442912835996,-36.039003853529536,n/d,n/d,,,,False,False,,,Em Baixa,3.799999952316284,-9.999996862913395,-28.75000124176338,False,False,False,sem sinal (Em Baixa; sem novo topo (-10.0%))
SOJA3,SMALL11,SMALL11,Bens de primeira necessidade,38.61,39.54,33.333333333333336,,,0.0,,20.27,51.81,66.82,40.97,108,Não,2,7,False,,True,,False,False,False,True,False,2,6,False,False,False,False,True,,True,False,True,,True,751859968.0,30.9,0.57,5.28,3.84,1.84,5.12,0.95,,4.6,1.23,0.02,5.329999923706055,1.4626849465600578,2.713280575868907,2.28551776663771,6.024233465223509,5.174757207481607,3.5320947923543584,2.713280575868907,2.441952518282016,5,True,4.1,-54.18475509875659,-33.731804072927204,n/d,n/d,,,,False,False,,,Em Baixa,6.039999961853027,-11.754967593230747,-49.02337465039085,False,False,False,sem sinal (Em Baixa; sem novo topo (-11.8%))
SLCE3,BOVA11+SMALL11,BOVA11,Bens de primeira necessidade,37.68,41.39,16.666666666666668,,,0.0,,36.77,35.71,46.61,65.97,109,Pivô de alta,1,7,False,,True,,False,False,False,False,False,1,6,False,False,False,False,False,,True,False,True,,True,6600940544.0,20.35,1.24,6.09,7.05,6.1,9.78,3.82,,2.2,1.77,,13.300000190734863,6.697030041174346,9.75087573994985,6.79705169452789,12.55884952379992,,8.950951749863,8.27396371723887,7.446567345514983,4,True,1.9,-44.01077264117288,-32.699611868438375,n/d,n/d,,,Pivô de alta,False,False,,,Lateral,13.960000038146973,-4.7277925903194795,-31.724843412352534,False,True,False,Pivô de alta
HAPV3,BOVA11+SMALL11,BOVA11,Cuidados de saúde,37.03,37.68,33.333333333333336,,,0.2,P/L=-12.62<2,12.25,73.12,66.32,6.25,110,Não,1,7,False,,False,,False,False,True,True,False,2,6,False,False,False,False,False,,True,False,True,,True,5040683008.0,-12.62,0.11,0.0,0.13,-0.89,1.71,-1.35,,1.79,0.34,,10.609999656677246,0.09965780159114265,0.13752776619577686,,,,0.11859278389345976,0.11859278389345976,0.10673350550411378,2,True,1.4,-98.99402913329085,-98.8822545925454,n/d,n/d,,,,False,False,,,Em Alta,11.90999984741211,-10.915199054493163,-75.12892711057785,False,False,False,sem sinal (Em Alta; sem novo topo (-10.9%))
NATU3,BOVA11+SMALL11,BOVA11,Bens de primeira necessidade,36.97,39.97,20.0,,,0.0,P/L=-4.89<2,24.37,67.77,58.92,2.78,111,Não,2,7,False,,False,,,False,True,False,False,1,5,False,False,True,False,False,,True,False,True,,True,11254979584.0,-4.89,0.91,0.0,0.0,-18.67,11.65,-10.7,,1.65,0.55,,8.1899995803833,,,,,,,,,0,True,,,,n/d,n/d,,,,False,False,,,Em Baixa,8.710000038146973,-5.970154483194479,-26.547086452162073,False,False,False,sem sinal (Em Baixa; sem novo topo (-6.0%))
TIMS3,BOVA11,BOVA11,Comunicação,36.38,31.04,66.66666666666667,,,0.4,,32.03,7.99,34.96,76.39,112,Não,3,7,False,,True,,False,False,True,True,True,4,6,False,False,False,True,True,,True,False,True,,True,44978626560.0,3286.2,1.79,7.82,8.95,0.05,0.76,15.78,,0.85,0.66,1314.48,18.829999923706055,12.034062054276216,15.016416563379451,,,,13.525239308827834,13.525239308827834,12.17271537794505,2,True,1.2,-35.354671124452885,-28.171856804947648,n/d,n/d,,,,False,False,,,Em Baixa,22.670000076293945,-16.938686103505507,-33.579385217539034,False,False,False,sem sinal (Em Baixa; sem novo topo (-16.9%))
MYPK3,SMALL11,SMALL11,Consumo discricionário,35.63,36.04,33.333333333333336,,,0.9,,25.86,50.43,32.59,52.78,113,Não,1,7,False,,True,,False,False,False,True,False,2,6,False,False,False,False,False,,True,False,True,,True,1379379584.0,15.73,0.35,3.28,5.44,2.23,8.93,0.6,,1.73,1.21,48.65,9.210000038146973,3.5758555197506405,3.672218827357146,4.294884247119034,18.618835185614074,3.371874573076935,3.728708291825939,3.6240371735538934,3.261633456198504,4,True,5.5,-64.58595610543844,-59.51456811745959,n/d,n/d,,,,False,False,,,Em Alta,9.710000038146973,-5.149330566793886,-35.46790807749714,False,False,False,sem sinal (Em Alta; sem novo topo (-5.1%))
ARML3,SMALL11,SMALL11,Bens Industriais,35.5,35.88,33.333333333333336,,,0.7,,32.44,38.35,33.12,50.69,114,Não,2,7,False,,True,,False,False,False,True,False,2,6,False,False,False,False,False,,True,True,True,,True,1181506816.0,24.32,0.96,15.48,4.76,3.96,9.81,2.66,,2.16,2.35,9.73,3.4100000858306885,1.159115258005536,1.4463742567286468,1.2497318678405513,3.3475590544340648,1.0177883974775583,1.2182524450130732,1.2044235629230435,1.0839812066307393,4,True,3.3,-68.21169562033376,-64.27412274635465,n/d,n/d,,,,False,False,,,Em Alta,3.549999952316284,-3.943658263833194,-45.87301614933873,False,False,False,sem sinal (Em Alta; sem novo topo (-3.9%))
JSLG3,SMALL11,SMALL11,Bens Industriais,35.42,35.79,33.333333333333336,,,0.7,P/L=-16.20<2,20.98,59.05,11.05,93.75,115,Não,1,7,False,,True,,False,False,False,True,False,2,6,False,False,False,False,False,,True,False,True,,True,1481064704.0,-16.2,1.32,35.53,13.86,-8.15,9.49,-0.98,,1.28,6.64,,5.190000057220459,5.136882705663524,6.288071291496835,,,,5.712476998580179,5.712476998580179,5.141229298722162,2,True,1.2,-0.9397063190865751,10.0669929787927,n/d,n/d,,,,False,False,,,Em Baixa,5.760000228881836,-9.895835920340378,-41.15645990026427,False,False,False,sem sinal (Em Baixa; sem novo topo (-9.9%))
SAUD3,SMALL11,SMALL11,Cuidados de saúde,35.26,30.9,60.0,,,0.2,,34.27,31.28,9.85,56.94,116,Não,3,7,False,,True,,False,False,,True,True,3,5,False,False,False,False,True,,True,True,True,,True,41016250368.0,39.37,2.22,0.94,6.04,5.63,4.59,10.5,,1.06,,0.03,14.029999732971191,6.056963016067872,11.235666394805902,4.721805853743162,7.118520289143973,10.690881178286405,7.964767346409462,7.118520289143973,6.4066682602295755,5,True,2.4,-54.335934553344366,-43.230452615819615,n/d,n/d,,,,False,False,,,Em Baixa,16.09000015258789,-12.802985705909842,-14.863119172197015,False,False,False,sem sinal (Em Baixa; sem novo topo (-12.8%))
QUAL3,SMALL11,SMALL11,Cuidados de saúde,35.04,38.28,16.666666666666668,,,0.2,,44.88,52.64,18.03,13.19,117,Não,3,7,False,,False,,False,False,False,True,False,1,6,True,False,True,False,False,,False,True,True,,True,441279520.0,30.02,0.35,0.56,1.25,1.17,23.06,1.09,,0.92,1.37,41.01,1.559999942779541,0.13893630295068402,0.14767532945927983,0.39452821630538837,2.282845265298106,0.1028354439151736,,,,3,False,22.2,,,n/d,n/d,,,,False,False,,,Em Baixa,1.6100000143051147,-3.105594477100304,-44.40029237550325,False,False,False,sem sinal (Em Baixa; sem novo topo (-3.1%))
SMFT3,BOVA11+SMALL11,BOVA11,Consumo discricionário,34.72,37.91,16.666666666666668,,,0.9,,51.23,39.35,11.9,26.39,118,Não,1,7,False,,False,,False,True,False,False,False,1,6,False,False,False,False,False,,True,False,True,,True,11059063808.0,16.29,1.84,5.56,2.63,11.3,10.6,8.53,,1.2,2.24,2.52,18.020000457763672,3.381184106996372,6.2720965184782695,14.657151999101819,15.612649250270461,10.056895697346762,11.649698366299328,12.35702384822429,11.121321463401863,4,True,4.6,-38.283456265893754,-35.351287067918946,n/d,n/d,,,,False,False,,,Em Baixa,20.6200008392334,-12.609118698592582,-31.752210312949614,False,False,False,sem sinal (Em Baixa; sem novo topo (-12.6%))
RAIL3,BOVA11,BOVA11,Bens Industriais,34.39,34.58,33.333333333333336,,,0.7,,49.6,29.04,18.05,13.89,119,Não,1,7,False,,False,,False,False,False,True,True,2,6,False,False,False,False,False,,True,False,True,,True,24829239296.0,24.29,1.82,0.8,1.31,7.49,12.14,7.34,,1.37,2.06,4.76,13.380000114440918,1.2513976072685715,2.0708543707472065,6.5111065952908245,9.545483357954847,3.5348724623867427,4.038944476141591,3.5348724623867427,3.1813852161480685,3,True,7.6,-76.22283117386205,-69.81356919584482,n/d,n/d,,,,False,False,,,Lateral,14.279999732971191,-6.302518454900651,-22.786896921312106,False,False,False,sem sinal (Lateral; sem novo topo (-6.3%))
DXCO3,SMALL11,SMALL11,Materiais,33.13,36.04,16.666666666666668,,,1.0,P/L=-133.03<2,14.93,72.74,37.65,36.11,120,Não,2,7,False,,True,,False,False,False,False,False,1,6,False,False,False,False,False,,True,True,True,,True,4730006016.0,-133.03,0.69,0.0,3.41,-0.52,4.35,-0.11,,1.98,1.18,,5.210000038146973,1.2696291430555462,1.8485800322888752,,,,1.5591045876722107,1.5591045876722107,1.4031941289049896,2,True,1.5,-73.06729138904076,-70.07476821004528,n/d,n/d,,,,False,False,,,Em Alta,5.21999979019165,-0.19156613882373996,-16.237938683492427,False,False,False,sem sinal (Em Alta; sem novo topo (-0.2%))
RAPT4,SMALL11,SMALL11,Bens Industriais,33.09,38.93,0.0,,,0.7,P/L=-6.00<2,18.08,78.49,32.23,47.22,121,Não,1,7,False,,False,,False,False,False,False,False,0,6,False,False,False,False,False,,True,False,True,,True,1705083136.0,-6.0,0.56,0.0,4.3,-9.35,8.29,-2.23,,2.07,2.19,,4.889999866485596,1.5030619328525026,2.188458174233244,,,,1.8457600535428733,1.8457600535428733,1.661184048188586,2,True,1.5,-66.02895514223263,-62.2543946024807,n/d,n/d,,,,False,False,,,Em Alta,5.139999866485596,-4.863813355912283,-31.799165767747716,False,False,False,sem sinal (Em Alta; sem novo topo (-4.9%))
DESK3,SMALL11,SMALL11,Comunicação,33.03,32.98,33.333333333333336,,,0.4,,41.69,28.6,31.17,8.33,122,Não,3,7,False,,True,,False,False,False,False,True,2,6,False,True,True,False,False,,True,False,True,,True,2148039936.0,35.2,1.53,0.78,0.44,4.34,11.26,4.95,,1.41,1.21,9.58,18.540000915527344,0.5778591728676664,0.8121935010426046,5.28781862925241,11.983507807394467,2.1646209595637873,,,,2,False,20.7,,,n/d,n/d,,,,False,False,,,Em Alta,18.649999618530273,-0.5898053900957545,-3.3871787412234844,False,False,False,sem sinal (Em Alta; sem novo topo (-0.6%))
HBOR3,SMALL11,SMALL11,Imobiliário,32.58,32.45,33.333333333333336,,,0.8,,16.48,36.02,58.6,43.06,123,Não,1,7,False,,True,,False,False,True,False,False,2,6,False,False,False,False,False,,False,True,True,,True,250790928.0,45.74,0.18,6.94,3.93,0.39,2.33,0.48,,2.34,0.7,,1.8899999856948853,0.5301948101370152,0.7719636435594941,0.42973327178021,3.1244150943332216,,0.5772972418255731,0.5301948101370152,0.4771753291233137,3,True,7.3,-74.75262789762014,-69.45517215899228,n/d,n/d,,,,False,False,,,Lateral,2.0299999713897705,-6.896551116650462,-55.57574715573554,False,False,False,sem sinal (Lateral; sem novo topo (-6.9%))
BHIA3,SMALL11,SMALL11,Consumo discricionário,32.34,35.11,16.666666666666668,,,0.9,P/L=-0.20<2,23.23,95.4,2.64,2.78,124,Não,2,7,False,,False,,False,False,False,True,False,1,6,False,False,False,False,False,,True,True,True,,True,729901440.0,-0.2,0.41,0.0,0.0,-2.05,10.46,-12.3,,0.72,6.41,,0.7200000286102295,,,,,,,,,0,True,,,,n/d,n/d,,,,False,False,,,Em Baixa,1.0499999523162842,-31.428565589748814,-86.8613133922587,False,False,False,sem sinal (Em Baixa; sem novo topo (-31.4%))
MRVE3,BOVA11+SMALL11,BOVA11,Consumo discricionário,32.33,35.09,16.666666666666668,,,0.9,P/L=-3.30<2,14.73,73.08,37.07,27.78,125,Não,1,7,False,,False,,False,False,False,True,False,1,6,False,False,False,False,False,,True,False,True,,True,2442701568.0,-3.3,0.48,0.0,2.66,-14.6,6.58,-6.68,,2.08,1.43,,4.340000152587891,0.8254012878350987,1.531119388934108,,,,1.1782603383846033,1.1782603383846033,1.060434304546143,2,True,1.9,-75.56603070822892,-72.85114523136546,n/d,n/d,,,,False,False,,,Em Baixa,4.730000019073486,-8.245240273000864,-58.784422956834234,False,False,False,sem sinal (Em Baixa; sem novo topo (-8.2%))
LJQQ3,SMALL11,SMALL11,Consumo discricionário,32.24,34.99,16.666666666666668,,,0.9,P/L=-1.04<2,7.81,90.14,22.13,45.14,126,Não,0,7,False,,False,,False,False,False,True,False,1,6,False,False,False,False,False,,False,False,True,,True,221401488.0,-1.04,0.7,0.0,4.08,-67.62,2.03,-6.84,,1.86,7.1,,1.0700000524520874,0.312179725973683,0.4400218700665951,,,,0.37610079802013907,0.37610079802013907,0.33849071821812515,2,True,1.4,-68.36535498830902,-64.85039443145446,n/d,n/d,,,,False,False,,,Em Baixa,1.309999942779541,-18.32060311531197,-62.71776672061959,False,False,False,sem sinal (Em Baixa; sem novo topo (-18.3%))
AUAU3,SMALL11,SMALL11,Consumo discricionário,32.22,32.02,33.333333333333336,,,0.9,P/L=0.00<2,18.02,64.63,33.21,11.11,127,Não,1,7,False,,,,,False,True,False,,1,3,False,False,False,False,False,,True,False,True,,True,2952522752.0,0.0,0.98,0.86,0.92,0.0,0.0,3.33,,1.19,0.74,,3.430000066757202,0.22527643574997522,0.32800249045196395,,,,0.2766394631009696,0.2766394631009696,0.24897551679087265,2,True,1.5,-92.74123871880097,-91.93470968755663,n/d,n/d,,,,False,False,,,Em Alta,3.680000066757202,-6.793478137632181,-14.963084937902682,False,False,False,sem sinal (Em Alta; sem novo topo (-6.8%))
SIMH3,SMALL11,SMALL11,Industrials,31.47,34.08,16.666666666666668,,,0.7,P/L=-46.09<2,28.36,69.96,10.09,18.06,128,Não,5,7,False,,False,,False,False,False,True,False,1,6,False,True,True,False,True,,True,True,True,,True,3987075840.0,-46.09,0.97,1.78,2.23,-2.1,11.4,-0.2,,1.3,8.66,,6.829999923706055,1.0900017101701835,2.0219531723656905,,,,1.555977441267937,1.555977441267937,1.4003796971411433,2,True,1.9,-79.4966367088731,-77.2184852320812,n/d,n/d,,,,False,False,,,Em Baixa,7.880000114440918,-13.324875323423269,-53.24893394391999,False,False,False,sem sinal (Em Baixa; sem novo topo (-13.3%))
LWSA3,SMALL11,SMALL11,Tecnologia de informação,31.44,31.1,33.333333333333336,,,0.5,P/L=-10.09<2,10.94,53.72,50.21,27.08,129,Não,1,7,False,,False,,False,False,True,True,False,2,6,False,False,False,False,False,,True,False,True,,True,2131058176.0,-10.09,0.94,7.9,2.64,-9.34,5.67,-14.56,,1.14,0.03,,3.880000114440918,0.7317384295325133,1.357374786782812,,,,1.0445566081576627,1.0445566081576627,0.9401009473418964,2,True,1.9,-75.77059485532106,-73.07843872813451,n/d,n/d,,,,False,False,,,Em Baixa,3.9200000762939453,-1.0204071702683226,-19.23016222053626,False,False,False,sem sinal (Em Baixa; sem novo topo (-1.0%))
CSNA3,BOVA11+SMALL11,BOVA11,Materiais,30.44,35.81,0.0,,,1.0,P/L=-3.28<2,27.25,49.62,8.14,95.14,130,Não,3,7,False,,False,,False,False,False,False,False,0,6,False,False,True,False,False,,True,True,True,,True,6007205888.0,-3.28,16.94,0.0,15.41,-5.17,11.49,-4.49,,1.11,3.24,,4.53000020980835,4.986553065279763,7.260421263047335,,,,6.123487164163549,6.123487164163549,5.511138447747195,2,True,1.5,21.658679746073428,35.17631082897048,n/d,n/d,,,,False,False,,,Em Baixa,5.710000038146973,-20.665495979953796,-59.98232922321034,False,False,False,sem sinal (Em Baixa; sem novo topo (-20.7%))
YDUQ3,BOVA11+SMALL11,BOVA11,Consumo discricionário,30.37,35.73,0.0,,,0.9,,35.91,46.28,20.9,38.19,131,Não,1,7,False,,False,,False,False,False,False,False,0,6,False,False,False,False,False,,True,False,True,,True,1974522496.0,18.4,0.73,7.15,3.6,3.96,10.92,2.14,,1.47,1.78,13.77,7.760000228881836,1.995611683649114,2.2357447181984016,3.3749088736754613,10.043443749680842,2.08212008244687,2.4220963394924615,2.1589324003226356,1.943039160290372,4,True,5.0,-74.9608363018006,-68.78741922612714,n/d,n/d,,,,False,False,,,Em Baixa,8.609999656677246,-9.872235327398837,-49.247872804171124,False,False,False,sem sinal (Em Baixa; sem novo topo (-9.9%))
EQTL3,BOVA11,BOVA11,Serviços públicos,30.27,29.73,33.333333333333336,,,0.0,,37.67,17.88,25.2,32.64,132,Não,2,7,False,,True,,False,False,False,False,True,2,6,False,False,True,False,False,,True,False,True,,True,45816983552.0,30.36,1.83,4.23,3.15,6.02,10.19,2.89,,1.56,2.06,118.2,36.5099983215332,8.22329794863292,8.398496622490846,8.772786009942541,23.234142227790876,4.100905186405046,7.373871441867839,8.310897285561882,7.479807557005694,4,True,5.7,-79.51298849391021,-79.80314494421982,n/d,n/d,,,,False,False,,,Em Baixa,39.5,-7.569624502447592,-21.1787595810092,False,False,False,sem sinal (Em Baixa; sem novo topo (-7.6%))
ENEV3,BOVA11,BOVA11,Serviços públicos,29.62,26.02,50.0,,,0.0,,33.84,11.93,37.65,2.78,133,Não,2,7,False,,True,,False,False,False,True,True,3,6,False,False,False,False,True,,True,False,True,,True,48889847808.0,39.13,2.49,0.0,0.0,6.36,6.1,6.94,,1.48,1.17,6.15,25.610000610351562,,,8.67192711697312,12.306831384295721,4.1625250161470975,8.380427839138646,8.67192711697312,7.804734405275807,3,True,3.0,-69.5246613851265,-67.27673705813471,n/d,n/d,,,,False,False,,,Lateral,27.15999984741211,-5.706919167042024,-8.926031842004257,False,False,False,sem sinal (Lateral; sem novo topo (-5.7%))
CAML3,SMALL11,SMALL11,Bens de primeira necessidade,29.28,31.5,16.666666666666668,,,0.0,,22.05,37.91,36.55,47.92,134,Não,1,7,False,,True,,False,False,False,False,False,1,6,False,False,False,False,False,,True,False,True,,True,1555284736.0,14.57,0.54,6.39,4.34,3.69,5.74,0.99,,1.87,1.99,10.73,4.559999942779541,1.4131760928068693,1.5861429220866374,2.5091307083136134,7.71133269318772,1.7827099283387908,1.8227899128864777,1.6844264252127141,1.5159837826914428,4,True,5.5,-66.75474119047078,-60.02653649650269,n/d,n/d,,,,False,False,,,Em Baixa,4.809999942779541,-5.197505259335477,-37.5756475081346,False,False,False,sem sinal (Em Baixa; sem novo topo (-5.2%))
MGLU3,BOVA11+SMALL11,BOVA11,Consumo discricionário,27.74,29.7,16.666666666666668,,,0.9,,20.06,50.19,30.58,20.14,135,Pivô de alta,1,7,False,,False,,False,False,True,False,False,1,6,False,False,False,False,False,,True,False,True,,True,3505976064.0,38.57,0.31,1.85,2.33,0.79,6.07,0.35,,1.13,0.76,474.35,4.519999980926514,0.7509124672917845,0.7559133368192544,0.8426426778320463,6.200461649469566,0.28209231490070025,,,,3,False,22.0,,,n/d,n/d,,,Pivô de alta,False,False,,,Lateral,5.159999847412109,-12.403098554481051,-60.50592145304678,False,True,False,Pivô de alta
RCSL4,SMALL11,SMALL11,Bens Industriais,27.64,28.11,25.0,,,0.7,P/L=-3.89<2,38.89,,16.5,2.78,136,Não,2,6,False,,False,,False,True,,,False,1,4,True,True,False,False,,,False,False,True,,True,58553024.0,-3.89,-4.74,0.0,0.0,121.91,-4.98,0.0,,1.22,,,0.46000000834465027,,,,,,,,,0,True,,,,n/d,n/d,,,,False,False,,,Em Alta,0.7799999713897705,-41.02563779264735,-83.4084760319031,False,False,False,sem sinal (Em Alta; sem novo topo (-41.0%))
PRNR3,SMALL11,SMALL11,Bens Industriais,27.49,29.4,16.666666666666668,,,0.7,,36.1,24.9,26.67,15.97,137,Não,2,7,False,,False,,False,False,False,True,False,1,6,False,False,False,False,True,,True,False,True,,True,1049133504.0,24.31,1.94,0.0,1.68,7.98,9.65,2.67,,1.46,1.36,5.16,18.40999984741211,2.215689083206244,3.4968504253506763,8.53707365955801,12.716034559740129,4.843901837329441,4.773378751361093,4.170376131340059,3.753338518206053,4,True,5.7,-79.61250109008742,-74.07181536705941,n/d,n/d,,,,False,False,,,Em Alta,19.700000762939453,-6.548227744001678,-16.659123040995816,False,False,False,sem sinal (Em Alta; sem novo topo (-6.5%))
BRAV3,BOVA11+SMALL11,BOVA11,Energia,27.49,29.4,16.666666666666668,,,0.9,,23.64,55.81,17.79,12.5,138,Não,1,7,False,,False,,False,False,False,False,True,1,6,False,False,False,False,False,,True,False,True,,True,8570820608.0,155.86,0.69,0.68,1.08,0.44,8.3,0.44,,1.26,1.55,,18.450000762939453,1.4204719201643758,2.0682071157593316,,,,1.7443395179618537,1.7443395179618537,1.5699055661656685,2,True,1.5,-91.49102709351025,-90.54558565945584,n/d,n/d,,,,False,False,,,Em Baixa,21.0,-12.142853509812124,-16.685509659972396,False,False,False,sem sinal (Em Baixa; sem novo topo (-12.1%))
DASA3,SMALL11,SMALL11,Cuidados de saúde,27.42,32.26,0.0,,,0.2,P/L=-3.50<2,12.29,79.56,29.37,9.72,139,Não,2,7,False,,False,,False,False,False,False,False,0,6,False,False,False,False,False,,True,True,True,,True,3524504576.0,-3.5,0.53,0.0,0.74,-15.14,6.51,-10.87,,1.3,1.22,,2.819999933242798,0.14918198515883727,0.21720897039126708,,,,0.18319547777505218,0.18319547777505218,0.16487592999754697,2,True,1.5,-94.1533356772831,-93.50370630809233,n/d,n/d,,,,False,False,,,Lateral,3.069999933242798,-8.143322652646724,-40.8805043077789,False,False,False,sem sinal (Lateral; sem novo topo (-8.1%))
CASH3,SMALL11,SMALL11,Comunicação,27.1,28.35,20.0,,,0.4,P/L=-5.24<2,1.33,50.68,74.0,2.78,140,Não,1,7,False,,False,,False,False,,True,False,1,5,False,False,False,False,True,,False,False,True,,True,601628992.0,-5.24,1.23,0.0,0.0,-23.45,-16.62,-20.31,,2.68,,,5.309999942779541,,,,,,,,,0,True,,,,n/d,n/d,,,,False,False,,,Em Alta,5.070000171661377,4.733723135940626,-14.354836997827004,False,False,False,sem sinal (Em Alta; sem novo topo (+4.7%))
GFSA3,SMALL11,SMALL11,Consumo discricionário,26.57,31.26,0.0,,,0.9,P/L=-0.06<2,0.67,100.0,28.39,2.78,141,Não,1,7,False,,False,,False,False,False,False,False,0,6,False,False,False,False,False,,False,True,True,,True,34620808.0,-0.06,0.02,0.0,0.0,-39.87,-6.27,-124.06,,1.31,1.06,,0.2199999988079071,,,,,,,,,0,True,,,,n/d,n/d,,,,False,False,,,Em Baixa,0.4099999964237213,-46.3414632373449,-98.77505562348215,False,False,False,sem sinal (Em Baixa; sem novo topo (-46.3%))
EMBJ3,BOVA11,BOVA11,Bens Industriais,26.35,28.06,16.666666666666668,,,0.7,,37.76,8.77,39.87,9.03,142,Não,2,7,False,,False,,False,False,True,False,False,1,6,False,False,False,False,False,,True,True,True,,True,70115565568.0,40.45,3.99,1.06,0.72,9.85,9.09,3.93,,1.48,0.78,5.78,98.5,5.04380637722414,9.356260829750779,32.265142150803456,36.77746397417119,18.776069109173495,24.29373401597473,25.520605629988474,22.968545066989627,4,True,7.3,-76.68168013503592,-75.33631064368048,n/d,n/d,,,,False,False,,,Em Alta,93.01000213623047,5.902588686890264,-6.287444372739315,False,False,False,sem sinal (Em Alta; sem novo topo (+5.9%))
BRKM5,BOVA11+SMALL11,BOVA11,Materiais,26.12,23.67,40.0,,,1.0,P/L=-0.52<2,33.56,0.77,0.56,82.64,143,Não,5,7,False,,False,,False,True,,True,False,2,5,True,True,False,False,True,,True,True,True,,True,4670234624.0,-0.52,-0.3,0.0,9.8,58.03,-6.49,-13.68,,0.71,,,5.860000133514404,4.10229078039808,7.609749397638439,,,,5.85602008901826,5.85602008901826,5.270418080116435,2,True,1.9,-10.061126961858635,-0.0679188465095959,n/d,n/d,,,,False,False,,,Em Baixa,6.190000057220459,-5.331178039669304,-57.474599077870266,False,False,False,sem sinal (Em Baixa; sem novo topo (-5.3%))
KLBN11,BOVA11,BOVA11,Materiais,26.01,27.66,16.666666666666668,,,1.0,,23.6,19.6,27.34,66.67,144,Não,1,7,False,,True,,False,False,False,False,False,1,6,False,False,False,False,False,,True,False,True,,True,127198494720.0,40.04,2.37,6.45,7.09,5.92,5.45,0.86,,2.0,2.3,,17.90999984741211,9.076060529636962,13.214744131151418,4.6519480123148345,8.720986893360452,,8.915934891615917,8.898523711498708,8.008671340348837,4,True,2.8,-55.28380006376135,-50.21811855065863,n/d,n/d,,,,False,False,,,Em Alta,18.639999389648438,-3.91630668529811,-15.717647776884192,False,False,False,sem sinal (Em Alta; sem novo topo (-3.9%))
ORVR3,SMALL11,SMALL11,Bens Industriais,25.76,27.36,16.666666666666668,,,0.7,,39.87,3.27,41.58,2.78,145,Não,1,7,False,,False,,False,False,False,True,False,1,6,False,False,False,False,False,,True,False,True,,True,9191101440.0,109.3,6.38,0.0,0.0,5.84,9.56,7.47,,2.27,1.48,18.72,66.93000030517578,,,7.94255694919071,12.022413628723665,3.576131763789813,7.847034113901397,7.94255694919071,7.148301254271639,3,True,3.4,-89.31973521339003,-88.27575963226975,n/d,n/d,,,,False,False,,,Em Baixa,73.62000274658203,-9.087207541182618,-21.166078795918008,False,False,False,sem sinal (Em Baixa; sem novo topo (-9.1%))
CSAN3,BOVA11+SMALL11,BOVA11,Consumo discricionário,24.68,26.1,16.666666666666668,,,0.9,P/L=-1.53<2,16.08,34.26,38.98,25.0,146,Não,1,7,False,,False,,False,False,False,True,False,1,6,False,False,False,False,False,,True,False,True,,True,14239163392.0,-1.53,4.17,0.0,2.53,-2.72,8.5,-23.92,,1.87,1.1,,3.609999895095825,0.6523555053158926,1.2101194623609808,,,,0.9312374838384367,0.9312374838384367,0.8381137354545931,2,True,1.9,-76.78355235984444,-74.20394706649382,n/d,n/d,,,,False,False,,,Em Baixa,4.099999904632568,-11.951220022788167,-55.04358636186299,False,False,False,sem sinal (Em Baixa; sem novo topo (-12.0%))
AURE3,BOVA11+SMALL11,BOVA11,Serviços públicos,22.59,23.63,16.666666666666668,,,0.0,P/L=-10.42<2,9.81,35.82,16.57,69.44,147,Não,2,7,False,,False,,False,False,False,True,False,1,6,False,False,False,False,False,,True,True,True,,True,11114917888.0,-10.42,0.99,0.0,7.48,-9.47,2.64,-8.09,,1.12,1.85,,10.640000343322754,5.684969940751125,10.405600535997058,,,,8.045285238374092,8.045285238374092,7.2407567145366825,2,True,1.8,-31.947777435169943,-24.38641937241105,n/d,n/d,,,,False,False,,,Em Baixa,11.59000015258789,-8.19671955787692,-27.421552155056773,False,False,False,sem sinal (Em Baixa; sem novo topo (-8.2%))
TUPY3,SMALL11,SMALL11,Bens Industriais,22.3,26.24,0.0,,,0.7,P/L=-2.44<2,6.7,46.78,37.85,39.58,148,Pivô de alta,2,7,False,,False,,False,False,False,False,False,0,6,False,False,False,False,False,,True,True,True,,True,1962285312.0,-2.44,0.82,0.0,3.73,-33.8,1.49,-8.26,,2.16,1.72,,14.970000267028809,3.9896441908075695,5.8089219418158216,,,,4.899283066311695,4.899283066311695,4.409354759680526,2,True,1.5,-70.545392912303,-67.2726587914478,n/d,n/d,,,Pivô de alta,False,False,,,Lateral,16.190000534057617,-7.535517151234128,-11.99294494064288,False,True,False,Pivô de alta
HBSA3,SMALL11,SMALL11,Bens Industriais,22.09,25.99,0.0,,,0.7,P/L=-20.93<2,23.68,23.1,46.37,2.78,149,Não,1,7,False,,False,,False,False,False,False,False,0,6,False,False,False,False,False,,True,False,True,,True,4149166848.0,-20.93,2.07,0.0,0.0,-9.88,10.79,-7.87,,3.58,1.85,,3.049999952316284,,,,,,,,,0,True,,,,n/d,n/d,,,,False,False,,,Em Baixa,3.440000057220459,-11.337212163284017,-30.52391696863639,False,False,False,sem sinal (Em Baixa; sem novo topo (-11.3%))
CVCB3,SMALL11,SMALL11,Consumo discricionário,21.77,22.67,16.666666666666668,,,0.9,P/L=-7.55<2,11.39,58.93,12.68,2.78,150,Não,1,7,False,,False,,False,False,False,True,False,1,6,False,False,False,False,False,,True,False,True,,True,765573952.0,-7.55,1.99,0.0,0.0,-26.34,5.79,-7.1,,0.73,1.4,,1.4700000286102295,,,,,,,,,0,True,,,,n/d,n/d,,,,False,False,,,Lateral,1.5499999523162842,-5.161285559170803,-47.31182621114076,False,False,False,sem sinal (Lateral; sem novo topo (-5.2%))
MBRF3,BOVA11,BOVA11,Bens de primeira necessidade,15.62,18.38,0.0,,,0.0,DY5a=21.4%>=20,21.17,21.17,8.61,,151,Não,1,7,False,,False,,False,False,False,False,False,0,6,False,False,False,False,False,,True,False,True,,True,21844713472.0,58.14,1.94,10.87,21.44,3.34,6.28,0.23,,1.08,5.22,17.41,15.800000190734863,24.191252465779076,32.832022905619645,2.634470363169674,7.056835154556695,6.732878141691805,,,,2,False,12.5,,,n/d,n/d,,,,False,False,,,Lateral,17.959999084472656,-12.026720511390355,-42.87780087528409,False,False,False,sem sinal (Lateral; sem novo topo (-12.0%))
BBDC2,BOVA11,BOVA11,Produtos financeiros,,,,,,0.4,,,,,,152,Não,0,0,False,,,,,,,,,0.0,0.0,,,,,,,,,True,,True,,,,,,,,,,,,,,,,,,,,,,0,True,,,,n/d,n/d,,,,False,False,,,,,,,False,False,False,histórico insuficiente
BBDC1,BOVA11,BOVA11,Produtos financeiros,,,,,,0.4,,,,,,153,Não,0,0,False,,,,,,,,,0.0,0.0,,,,,,,,,True,,True,,,,,,,,,,,,,,,,,,,,,,0,True,,,,n/d,n/d,,,,False,False,,,,,,,False,False,False,histórico insuficiente
MOVI1,SMALL11,SMALL11,Bens Industriais,,,,,,0.7,,,,,,154,Não,0,0,False,,,,,,,,,0.0,0.0,,,,,,,,,True,,True,,,,,,,,,,,,,,,,,,,,,,0,True,,,,n/d,n/d,,,,False,False,,,,,,,False,False,False,histórico insuficiente
