ticker,origem,grupo,setor,investment,investment_base,consistencia,basileia,solvencia,ciclicidade,dado_suspeito,quality,value,safety,dividend,rank_invest,oportunidade_grafica,criterios_ok,criterios_aplicaveis,passa_checklist,mais_5a_bolsa,sem_prejuizo_anual,lucro_20t,div_ge5_5a,div_sem_corte,roe_ge_10,divida_menor_patrim,cresc_receita_5a,cresc_lucro_5a,n_ok,n_aplic,roe_roic_ge_selic,roe_ge_setor,roic_ge_setor,margem_ge_15,cagr_ge_setor,divida_ok,marketcap_ok,insider_ok,alavancagem_ok,div_liq_patrim,nde_ok,market_cap,pl,pvp,dy,dy_teto,roe,roic,mrg_liq,ev_ebitda,div_liq_ebitda,liq_corr,div_patrim,peg,payout,cresc_5a,liq_geral,grau_endiv,indep_fin,min_52s,max_52s,dist_min52,dist_max52,dist_mm100,beta,corr_ibov,close,teto_bazin,teto_gordon,teto_dcf,teto_graham,teto_lynch,teto_projetivo,teto_graham_selic,teto_mult_ebitda,teto_medio,teto_mediana,teto_ajustado,teto_n_metodos,teto_confiavel,teto_dispersao,teto_upside_pct,teto_upside_media_pct,prox_resultado,ex_dividendo,ex_tipo,tese_ia,strategy,in_wishlist,in_carteira,preco_medio,var_pm_pct,trend,breakout_level,pct_to_level,dist_52w_high_pct,fund_ok,breakout,aprovado,note
JHSF3,SMALL11,SMALL11,Imobiliário,79.42,77.55,90.0,,,0.8,,87.92,80.21,54.59,70.14,1,Não,6,8,False,,True,,False,True,True,True,True,True,9,10,True,True,True,True,False,True,True,False,True,0.18,True,7000477184.0,3.39,0.96,6.38,7.77,28.4,13.12,53.01,4.59,0.74,1.92,0.74,0.23,26.35,5.2,0.72,61.6,36.26,4.9,13.85,114.4,-24.2,-4.0,1.33,0.6,10.5,5.829830671128474,10.81433589494332,41.03982300884955,27.608645000453425,70.53617386306745,19.56130728414972,37.47787610619469,16.255260779323052,,,,6,False,12.1,,,n/d,2026-08-31,próxima,,,False,False,,,Em Baixa,11.149999618530273,-5.829593190748039,-25.81443889797981,True,False,False,sem sinal (Em Baixa; sem novo topo (-5.8%))
VULC3,SMALL11,SMALL11,Consumo discricionário,76.1,77.18,70.0,,,0.9,,88.59,58.65,65.35,95.83,2,Não,6,8,False,,True,,False,False,True,True,False,True,7,10,True,True,True,True,False,True,True,False,True,0.23,True,4140008448.0,4.73,1.66,29.32,15.46,35.06,17.83,24.89,6.33,0.76,2.96,0.37,0.5,73.1,-64.7,1.64,37.42,62.57,13.18,20.08,0.0,-34.4,-13.3,0.89,0.57,13.180000305175781,14.549917796453586,26.990097512421404,36.920719670946944,22.311155597648185,69.3420967753741,44.14249904466477,23.96070031816165,7.804777671210132,,,,6,False,8.9,,,n/d,2025-12-23,última,,,False,False,,,Em Baixa,14.180000305175781,-7.052186025941021,-34.84841105793311,True,False,False,sem sinal (Em Baixa; sem novo topo (-7.1%))
POMO3,SMALL11,SMALL11,Bens Industriais,75.84,75.11,80.0,,,0.7,,81.54,75.79,52.21,90.28,3,Não,5,8,False,,True,,False,False,True,True,True,True,8,10,True,True,True,False,False,True,True,False,True,0.37,True,4779390976.0,4.17,1.18,23.54,11.85,28.32,18.39,13.81,4.47,1.06,1.97,0.84,0.29,49.42,23.0,1.02,59.93,39.42,3.85,6.69,0.0,-42.4,-30.8,0.9,0.46,3.8499999046325684,3.258977100480319,6.045402521390991,12.233213126230583,8.232712448344206,24.166979463938606,10.913727832349663,10.779641933243814,4.859310277619792,8.844001356529843,9.50617719079401,8.55555947171461,6,True,7.4,122.22232944525553,129.7143266390259,n/d,2026-04-27,última,,,False,False,,,Em Baixa,4.989999771118164,-22.845689755014632,-42.88581731724682,True,False,False,sem sinal (Em Baixa; sem novo topo (-22.8%))
MDNE3,SMALL11,SMALL11,Imobiliário,75.29,72.69,90.0,,,0.8,,73.15,75.07,65.45,79.17,4,Não,7,8,False,,True,,False,True,True,True,True,True,9,10,True,True,True,True,True,True,True,False,True,0.21,True,2382295808.0,4.5,1.1,16.06,9.23,24.38,10.98,19.89,4.34,0.7,2.78,0.43,0.32,41.52,87.7,1.12,72.76,27.27,18.83,34.28,22.0,-33.0,-18.8,1.63,0.63,22.969999313354492,15.137776019458821,28.080574516096114,67.63388686709933,48.97220308295058,119.87339789749562,22.204803267073167,59.38238929306282,37.87132022144121,44.02419620795388,43.4217616521959,39.079585486976306,6,True,7.9,70.13315914317806,91.65954516314991,n/d,2026-01-02,última,,,False,False,,,Em Baixa,25.399999618530273,-9.566930479018598,-32.99299845008444,True,False,False,sem sinal (Em Baixa; sem novo topo (-9.6%))
POMO4,BOVA11+SMALL11,BOVA11,Bens Industriais,74.55,73.59,80.0,,,0.7,,81.54,73.59,52.21,80.56,5,Não,5,8,False,,True,,False,False,True,True,True,True,8,10,True,True,True,False,False,True,True,False,True,0.37,True,5064913408.0,4.46,1.26,22.06,9.47,28.32,18.39,13.81,4.69,1.06,1.97,0.84,0.3,42.25,23.0,1.02,59.93,39.42,4.08,7.92,0.0,-48.5,-30.3,0.95,0.49,4.079999923706055,2.760571795661933,5.120860680952886,12.121076006525833,8.163919469692788,22.387444841896386,11.03011985859851,11.069058088978311,4.8378498833159655,,,,7,False,8.1,,,n/d,2026-04-27,última,,,False,False,,,Em Baixa,5.380000114440918,-24.163571804495355,-48.685390113073666,True,False,False,sem sinal (Em Baixa; sem novo topo (-24.2%))
PSSA3,BOVA11,BOVA11,Insurance,73.31,73.01,75.0,,1.8,0.3,,76.73,53.35,100.0,51.39,6,Não,4,6,False,,True,,False,False,True,,True,True,6,8,True,False,True,,True,,True,False,True,,True,29530515456.0,8.21,1.87,6.44,5.33,22.84,79.28,8.34,,,,,0.64,43.79,3.6,,71.59,28.18,43.07,55.45,7.0,-16.9,-9.6,0.74,0.49,46.06999969482422,17.55038762731411,32.55596904866767,74.35170474499644,55.77211145658537,101.97396454387271,47.981515015255354,60.27688553390502,,43.109894109058395,40.26874203196151,36.24186782876536,4,True,4.2,-21.333040875107734,-6.425234654599709,2026-11-05,2026-06-23,última,,,False,False,,,Em Baixa,54.90999984741211,-16.099071530054864,-17.065705980985292,True,False,False,sem sinal (Em Baixa; sem novo topo (-16.1%))
CURY3,BOVA11+SMALL11,BOVA11,Consumo discricionário,70.87,69.26,80.0,,,0.9,,90.38,35.41,57.02,83.33,7,Não,6,8,False,,True,,False,False,True,True,True,True,8,10,True,True,True,True,False,True,True,False,True,-0.2,True,9740465152.0,9.08,6.03,12.95,9.82,66.38,37.72,18.37,5.86,-0.2,1.94,0.71,1.27,89.2,33.5,0.91,70.61,24.44,27.53,40.96,14.9,-22.8,-1.9,1.29,0.59,31.6200008392334,22.187632990908543,41.15805919813535,46.1415210484408,20.269897652724595,59.17621040838567,50.43694211158926,24.995968874913824,22.231599172286575,35.82472893217307,33.07701403652459,29.76931263287213,8,True,2.9,-5.852903723092173,13.29768495047774,n/d,2026-05-18,última,,,False,False,,,Em Baixa,32.400001525878906,-2.4074094133066493,-22.964103846651206,True,False,False,sem sinal (Em Baixa; sem novo topo (-2.4%))
RIAA3,SMALL11,SMALL11,Consumo discricionário,70.76,70.9,70.0,,,0.9,,66.67,92.96,42.11,92.36,8,Não,4,8,False,,False,,False,False,True,True,True,True,7,10,True,True,False,False,False,True,True,False,True,2.93,False,3348760576.0,2.32,0.66,45.73,13.11,28.35,8.96,14.35,2.59,2.11,1.61,0.68,0.15,30.42,16.6,1.05,64.01,35.99,5.72,10.43,16.5,-36.1,-23.9,1.7,0.61,6.670000076293945,6.247450164325908,11.589020054824559,38.093750435730506,25.568257868104602,80.82513079524652,48.74363574343005,34.78750039791239,27.277935002140076,,,,5,False,12.9,,,n/d,n/d,,,,False,False,,,Em Baixa,8.079999923706055,-17.450493325814097,-38.43150125704417,False,False,False,sem sinal (Em Baixa; sem novo topo (-17.5%))
MILS3,SMALL11,SMALL11,Bens Industriais,70.4,68.7,80.0,,,0.7,,85.68,53.51,56.41,54.86,9,Não,6,8,False,,True,,False,True,True,True,True,True,8,10,True,True,True,True,False,True,True,False,True,0.69,True,3558747392.0,8.16,1.94,6.79,5.72,23.81,20.65,23.53,4.85,1.28,2.98,0.99,0.64,46.7,21.3,0.54,61.6,38.32,10.3,15.81,51.7,-1.2,9.0,0.76,0.48,15.619999885559082,6.385606358071633,11.845299794222878,25.363357657311003,18.62200080443689,35.24739210523987,12.524344194946382,20.38275581843968,17.871304770670104,20.265207877895257,18.62200080443689,16.7598007239932,7,True,5.5,7.297060478776851,29.738847800061375,n/d,2026-04-22,última,,,False,False,,,Em Alta,15.8100004196167,-1.2017743770700307,-2.0075263691852863,True,False,False,sem sinal (Em Alta)
VTRU3,SMALL11,SMALL11,Consumo discricionário,70.12,71.47,62.5,,,0.9,P/L=1.80<2,87.25,89.17,45.75,7.64,10,Não,8,8,True,,True,,,,True,True,True,True,5,8,True,True,True,True,True,True,True,True,True,3.37,False,2026776320.0,1.8,0.49,0.19,0.21,27.23,15.07,48.63,2.85,2.49,2.13,0.76,,0.37,1514.7,0.37,51.99,48.01,8.88,16.86,40.3,-26.1,-7.1,1.11,0.48,12.460000038146973,0.18322278773670667,0.33987827125159087,91.71944472524854,62.93250371827404,207.66666730244955,0.491647813760163,83.75888914532132,54.14482392107075,,,,4,False,1133.4,,,n/d,n/d,,,,False,False,,,Em Baixa,13.15999984741211,-5.319147548491731,-28.17575035712412,False,False,False,sem sinal (Em Baixa; sem novo topo (-5.3%))
BRSR6,SMALL11,SMALL11,Produtos financeiros,69.84,71.13,62.5,17.35,,0.4,,47.99,91.14,90.71,86.11,11,Não,2,6,False,,True,,False,False,True,,False,True,5,8,False,False,False,,False,,True,True,True,,True,5341206528.0,3.56,0.47,11.91,10.16,13.26,0.0,22.75,,,,,0.42,36.16,-8.3,,93.0,6.99,9.81,18.55,33.1,-29.6,-12.0,1.05,0.61,13.0600004196167,9.476480989309973,17.578872235169996,48.60814762919136,47.89172962340433,68.31975378539359,31.10016307096819,29.31907713482115,,32.42906097844318,31.10016307096819,27.990146763871373,3,True,5.1,114.3196467423457,148.30826903905222,n/d,2026-06-15,última,,,False,False,,,Em Baixa,14.380000114440918,-9.179413660077984,-29.87531845811815,True,False,False,sem sinal (Em Baixa; sem novo topo (-9.2%))
PETR4,BOVA11,BOVA11,Energia,69.45,74.65,40.0,,,0.9,DY5a=39.1%>=20,87.58,83.53,34.46,,12,Não,7,8,False,,True,,False,False,True,True,True,False,4,10,True,True,True,True,True,True,True,False,True,1.06,True,571816869888.0,4.05,1.12,7.09,39.11,27.73,19.69,24.32,2.65,1.29,0.85,0.76,0.27,158.4,96.8,0.28,65.87,33.99,27.61,48.52,51.6,-13.8,-2.6,0.38,0.25,41.849998474121094,116.91368702074854,216.87488942348853,136.9166616745937,93.20735471855558,309.9999886971933,198.05554833431796,125.03332877453465,59.04346979200819,157.00561605443005,130.97499522456417,117.87749570210775,8,True,5.3,181.66666666666669,275.1627760548619,n/d,2026-08-24,próxima,,,False,False,,,Em Alta,43.04999923706055,-2.7874582676099213,-14.866231325764346,True,False,False,sem sinal (Em Alta)
LEVE3,SMALL11,SMALL11,Consumo discricionário,69.41,69.31,70.0,,,0.9,,86.58,55.64,32.57,99.31,13,Não,6,8,False,,True,,True,False,True,False,True,True,7,10,True,True,True,False,False,True,True,True,True,1.22,True,4413150208.0,6.61,4.78,8.39,19.55,72.29,34.45,12.31,5.37,1.09,1.37,1.44,0.19,129.22,35.0,0.81,77.23,22.71,24.26,35.6,34.2,-8.5,-1.3,0.66,0.47,32.560001373291016,45.465753660999695,84.33897304115443,65.2677788496378,27.476473728286162,147.77610305578372,94.4125102856396,59.60302823249945,22.58551620882279,74.90580297914298,65.2677788496378,58.74100096467403,7,True,6.5,80.40847201210286,130.0546677512988,n/d,2026-04-30,última,,,False,False,,,Lateral,34.0,-4.235290078555831,-10.080082307284044,True,False,False,sem sinal (Lateral)
VLID3,SMALL11,SMALL11,Bens Industriais,68.99,68.81,70.0,,,0.7,,64.88,75.16,67.32,73.61,14,Não,4,8,False,,True,,False,False,True,True,False,True,7,10,True,False,True,False,False,True,True,False,True,0.13,True,1287098752.0,5.87,0.77,11.5,8.58,13.18,15.68,11.15,3.07,0.45,2.3,0.41,0.9,50.36,-32.9,1.13,45.32,54.23,16.3,22.63,0.9,-27.3,-8.7,0.92,0.5,16.450000762939453,10.08042424293983,18.699186970653386,37.13160308499961,36.702256689348545,42.3769349955645,33.68545895744201,19.01125232337099,30.86381120472415,31.210072032300452,33.68545895744201,30.316913061697807,7,True,4.2,84.29733529252721,89.72687285592271,2026-11-04,2026-08-13,última,,,False,False,,,Em Baixa,18.46053695678711,-10.890995199944452,-27.95148763605081,True,False,False,sem sinal (Em Baixa; sem novo topo (-10.9%))
PLPL3,SMALL11,SMALL11,Consumo discricionário,68.96,72.3,50.0,,,0.9,,79.64,81.31,50.48,60.42,15,Não,5,8,False,,True,,False,False,True,False,False,True,5,10,True,True,True,False,False,True,True,False,True,1.12,True,1331324288.0,4.59,1.25,7.17,6.32,27.32,24.26,9.85,1.91,0.9,2.87,1.28,0.31,29.01,-37.9,1.2,73.04,24.14,6.46,17.36,1.5,-62.2,-32.3,1.34,0.48,6.559999942779541,2.9618882419198735,5.4943026887613655,18.9368190069344,12.990735650540573,30.471990093370664,10.296518295689891,17.293246036521232,20.566266884313148,,,,6,False,10.3,,,n/d,2025-12-30,última,,,False,False,,,Em Baixa,7.670000076293945,-14.471970306038685,-62.25684365306567,True,False,False,sem sinal (Em Baixa; sem novo topo (-14.5%))
CXSE3,BOVA11,BOVA11,Insurance,68.6,65.26,87.5,,1.6,0.3,,64.65,32.16,100.0,81.25,16,Não,4,6,False,,True,,True,True,True,,True,True,7,8,True,False,False,,True,,True,True,True,,True,53370003456.0,12.01,3.94,7.47,9.63,32.79,-1.21,75.44,,,,,1.1,115.62,10.9,,8.23,91.77,12.33,22.04,44.2,-19.3,-4.3,0.68,0.54,17.790000915527344,12.233419233452524,22.692992678054434,19.626770368920674,12.267261265280485,30.40623474168055,22.08434524307698,14.105881539539109,,19.159381880876154,20.855557805998828,18.770002025398945,4,True,1.9,5.508718715220762,7.697475519259789,2026-11-09,2026-11-04,próxima,,,False,False,,,Em Baixa,22.04433250427246,-19.298981213972233,-19.442572191021057,True,False,False,sem sinal (Em Baixa; sem novo topo (-19.3%))
PETR3,BOVA11,BOVA11,Energia,68.49,73.52,40.0,,,0.9,DY5a=37.2%>=20,87.58,79.45,34.46,,17,Pivô de alta,7,8,False,,True,,False,False,True,True,True,False,4,10,True,True,True,True,True,True,True,False,True,1.04,True,603321597952.0,4.52,1.25,6.35,37.2,27.73,19.69,24.32,2.84,1.29,0.85,0.76,0.3,168.15,96.8,0.28,65.87,33.99,29.5,53.92,58.7,-13.2,-2.1,0.42,0.25,46.810001373291016,124.38773760545375,230.7392532581167,137.21958367170487,93.41264921903453,310.685849822728,198.4937373867429,125.30995942850032,57.961874380568254,159.77633059660616,131.26477155010258,118.13829439509233,8,True,5.4,152.37831858407085,241.3294721409083,2026-08-06,2026-08-24,próxima,"A análise fundamentalista da PETR3 revela uma companhia que combina alta qualidade operacional com múltiplos de valuation bastante descontados, uma vez que seu ROE de 27,7% e seu ROIC de 19,7% situam-se confortavelmente acima das médias do setor de 16,2% e 13,8%, respectivamente, enquanto o papel é negociado a um P/L de apenas 4,52 e P/VP de 1,25. Essa forte rentabilidade convive com um endividamento sob controle, evidenciado pela relação Dívida Líquida/EBITDA de 1,29, que está abaixo da média setorial de 1,71, mitigando os riscos de uma liquidez corrente mais apertada de 0,85. O dividendo distribuído, com um dividend yield de 6,35%, mostra-se sustentável e coerente frente à robusta margem líquida de 24,32% e à sólida geração de caixa operacional da empresa. No quesito crescimento, a petroleira superou largamente seus pares, registrando um CAGR de receita de cinco anos de 96,8% contra 64,0% do setor, o que valida o excelente desempenho refletido no checklist de critérios, no qual a empresa atendeu a 7 de 8 requisitos, falhando apenas na venda de ações por insiders. Sob a ótica do valuation, as estimativas de preço-teto apresentam uma dispersão relevante entre os métodos, variando desde os conservadores R$ 93,73 de Graham e R$ 124,81 de Bazin até os R$ 311,75 de Lynch, resultando em uma média de R$ 160,32 e uma mediana de R$ 131,71. Tomando como referência o preço-teto ajustado com margem de segurança de R$ 118,54, o ativo oferece um expressivo potencial de valorização de 152,4% em relação ao preço atual de R$ 46,97, em um momento técnico favorável marcado por tendência de alta e pivô de alta gráfico. Como balanço final, os prós do investimento concentram-se no forte crescimento histórico, na rentabilidade muito acima do setor, no endividamento controlado e no elevado desconto patrimonial, ao passo que os contras residem no score de segurança baixo de 34,0 e na sinalização negativa do checklist quanto à movimentação de insiders.",Pivô de alta,False,False,,,Em Alta,49.040000915527344,-4.547307301395776,-14.287482336998913,True,True,True,Pivô de alta
LAVV3,SMALL11,SMALL11,Imobiliário,67.63,65.45,80.0,,,0.8,,66.89,57.93,57.11,94.44,18,Não,5,8,False,,True,,True,False,True,True,False,True,8,10,True,True,False,True,False,True,True,False,True,0.36,True,1805813376.0,5.19,1.29,25.33,14.01,24.9,8.69,19.91,6.7,1.46,3.93,0.85,0.76,72.69,-30.3,1.47,60.31,33.37,9.22,18.94,0.2,-51.2,-22.2,1.46,0.71,9.239999771118164,9.244299887448252,17.148176291216508,23.589594791390297,16.938879769235534,37.04145974941084,23.496119180576287,12.364929741003118,9.239999771118164,18.632932397674875,17.04352803022602,15.33917522720342,8,True,4.0,66.00839401695325,101.65511752409967,n/d,2026-02-03,última,,,False,False,,,Em Baixa,10.569999694824219,-12.582781098445173,-51.317176006478164,True,False,False,sem sinal (Em Baixa; sem novo topo (-12.6%))
TGMA3,SMALL11,SMALL11,Bens Industriais,67.26,66.78,70.0,,,0.7,,79.19,34.48,70.24,84.72,19,Fundo duplo,6,8,False,,True,,False,False,True,True,True,True,7,10,True,True,True,False,False,True,True,True,True,0.03,True,2170671360.0,8.68,2.22,10.87,10.07,25.55,27.01,10.14,5.99,0.07,2.22,0.23,2.7,87.4,23.5,1.33,34.75,65.25,26.65,39.14,23.5,-15.9,8.3,0.89,0.5,32.91999816894531,23.676302587033735,31.737872484574694,36.31415732513555,35.57252650425351,50.39905797740441,48.146810853404475,17.80751396759428,29.442074848580873,34.13703956849769,33.655199494414106,30.289679544972696,8,True,2.8,-7.990032716508155,3.696966789932743,n/d,2026-08-07,última,"A Tegma (TGMA3) apresenta-se como uma operação de alta eficiência operacional no setor de bens industriais, evidenciada por um ROE de 25,6% e um ROIC de 27,0% que se posicionam muito acima das médias de seus pares setoriais, de 14,5% e 12,6%, respectivamente. Essa expressiva rentabilidade convive com múltiplos de preço que sugerem um valuation ainda razoável, dado que o P/L de 8,68 e o P/VP de 2,22 refletem uma empresa de alta qualidade que não é negociada a patamares excessivamente esticados. A saúde financeira da companhia é outro ponto de destaque, com a relação dívida líquida sobre EBITDA em confortáveis 0,07 vezes — substancialmente abaixo da média do setor de 2,32 vezes —, o que demonstra que a alta rentabilidade não é alavancada por endividamento arriscado. Esse balanço robusto e a forte geração de caixa sustentam um expressivo dividend yield de 10,87%, o qual se mostra plenamente coerente e sustentável diante do baixo endividamento e da consistência dos lucros gerados. Por outro lado, o crescimento da receita nos últimos cinco anos, com CAGR de 23,5%, ficou bastante abaixo da média setorial de 126,9%, sinalizando uma expansão mais madura e cadenciada do que a de seus pares. No checklist de critérios fundamentalistas, a empresa atende a 6 de 8 requisitos, falhando apenas na margem líquida de 10,14% (abaixo do sarrafo de 15%) e no próprio ritmo de crescimento frente ao setor, embora passe com folga nos crivos de governança, liquidez e retorno sobre o capital. Sob a ótica do valuation, os modelos de preço-teto revelam uma dispersão relevante, variando desde os conservadores R$ 23,82 pelo método de Bazin até os otimistas R$ 50,71 pela fórmula de Lynch. A média dessas metodologias aponta para R$ 34,35 e a mediana para R$ 33,86, valores ligeiramente acima do preço atual de R$ 33,12, contudo, quando aplicada a margem de segurança, o preço-teto ajustado cai para R$ 30,48, resultando em um upside negativo de 8,0% frente à cotação de tela. Em suma, TGMA3 destaca-se positivamente pelo seu perfil de excelente pagadora de dividendos, baixo endividamento e alta rentabilidade sobre o capital investido, mas traz como contrapartidas um crescimento histórico inferior ao do seu setor e a ausência de margem de segurança em relação ao preço-teto ajustado no momento atual.",Fundo duplo,False,False,,,Em Alta,33.70000076293945,-2.314547704259773,-16.73433819646578,True,True,True,Fundo duplo — rompeu pescoço ~R$31.25 (candidato)
DIRR3,BOVA11+SMALL11,BOVA11,Consumo discricionário,66.67,66.08,70.0,,,0.9,,72.71,54.04,53.79,90.97,20,Não,5,8,False,,True,,False,False,True,False,True,True,7,10,True,True,False,True,False,True,True,False,True,0.46,True,3350897152.0,6.44,2.37,14.64,12.12,36.78,9.99,18.16,4.74,0.77,4.26,1.3,0.8,78.05,29.0,1.01,82.45,14.5,10.24,16.95,0.0,-39.6,-21.5,1.46,0.64,10.239999771118164,8.865089010968013,16.444740115345667,21.06832251045274,12.432947486380765,32.106299462126955,24.920441930172252,12.315053553751316,8.485651662810305,17.079818216501003,14.438843800863216,12.994959420776894,8,True,3.8,26.903903430047627,66.7951034986787,n/d,2025-12-17,última,,,False,False,,,Em Baixa,11.84000015258789,-13.513516561230887,-40.66477106781532,True,False,False,sem sinal (Em Baixa; sem novo topo (-13.5%))
GRND3,SMALL11,SMALL11,Consumo discricionário,66.5,65.88,70.0,,,0.9,,63.76,54.69,67.59,100.0,21,Não,5,8,False,,True,,False,False,True,True,False,True,7,10,True,True,False,True,False,True,True,False,True,-0.29,True,3139516928.0,5.45,0.98,43.94,19.55,18.04,7.81,24.95,8.33,-3.59,2.05,0.02,,106.57,-24.5,2.01,29.93,70.07,3.43,4.92,1.5,-29.3,-13.4,0.69,0.43,3.4800000190734863,4.860739820366608,7.077237178453782,6.640733981351239,7.142647480368629,,5.257025107512116,1.7057929320229146,2.232954994001927,5.535223093675717,5.948879544431678,5.35399158998851,6,True,4.2,53.85033220241058,59.05813400395936,2026-11-05,2026-04-24,última,,,False,False,,,Em Baixa,3.75,-7.199999491373699,-30.011149259682625,True,False,False,sem sinal (Em Baixa; sem novo topo (-7.2%))
LREN3,BOVA11+SMALL11,BOVA11,Consumo discricionário,66.18,65.51,70.0,,,0.9,,70.25,69.14,58.79,48.61,22,Não,6,8,False,,True,,False,False,True,True,True,True,7,10,True,True,True,False,False,True,True,True,True,0.3,True,10646955008.0,7.76,1.12,7.91,4.36,14.41,23.53,9.37,2.1,0.44,1.78,0.28,0.81,33.81,23.2,1.29,46.72,53.28,11.08,16.05,0.0,-31.0,-21.9,1.44,0.65,11.079999923706055,3.448688144074664,6.397316507258501,18.918814302719742,17.827528708844426,19.83957954299552,15.121380815543418,12.374068718968022,24.153418450986337,18.039131756676245,18.373171505782082,16.535854355203874,6,True,7.0,49.24056380022914,62.808049466506574,2026-11-05,2026-06-24,última,,,False,False,,,Em Baixa,13.899999618530273,-20.28776814543822,-32.896480384368985,True,False,False,sem sinal (Em Baixa; sem novo topo (-20.3%))
CEAB3,BOVA11+SMALL11,BOVA11,Consumo discricionário,65.51,65.31,66.66666666666667,,,0.9,,62.42,88.84,43.48,63.19,23,Não,5,8,False,,False,,False,,True,True,False,True,6,9,True,True,True,False,False,True,True,False,True,,True,2391104512.0,4.47,0.66,6.39,6.49,14.79,14.93,7.02,2.01,1.94,1.67,0.72,0.43,29.0,-9.5,0.81,60.22,39.78,7.97,17.96,0.0,-55.6,-26.9,1.64,0.56,7.96999979019165,3.6928937092917753,6.850317830736243,23.6247197360267,22.010192438943392,30.290140555567152,9.521634398654939,16.53254164369145,,,,,6,False,8.2,,,n/d,2025-12-26,última,,,False,False,,,Em Baixa,9.779999732971191,-18.50715738444768,-55.90366543741436,True,False,False,sem sinal (Em Baixa; sem novo topo (-18.5%))
INTB3,SMALL11,SMALL11,Tecnologia de informação,65.19,66.11,60.0,,,0.5,,72.71,52.52,78.04,46.53,24,Fundo duplo,5,8,False,,True,,False,False,True,True,True,True,6,10,True,True,True,False,False,True,True,False,True,-0.2,True,4525329408.0,7.96,1.44,8.29,4.3,18.07,17.52,13.1,6.29,-1.0,2.64,0.26,0.67,34.24,14.3,1.67,43.4,56.17,9.95,15.13,38.9,-8.6,0.8,0.99,0.48,13.829999923706055,4.2486730272713364,7.8812884655883275,23.021042586571006,19.37651446350999,28.119737252388763,15.86752790231211,17.619677272452495,13.090163312102073,17.85370732213211,17.619677272452495,15.857709545207246,7,True,6.6,14.661674856740149,29.094052209855793,n/d,2026-08-04,última,"A Intelbras (INTB3) apresenta-se como uma alternativa robusta no setor de tecnologia da informação, destacando-se por uma eficiência operacional que supera com folga a média de seus pares. Essa qualidade superior é evidenciada pelo retorno sobre o patrimônio líquido de 18,1% e pelo retorno sobre o capital investido de 17,5%, ambos significativamente acima das médias setoriais de 9,1% e 13,4%, respectivamente. O mais atrativo é que essa alta rentabilidade convive com múltiplos de preço bastante descontados, como o preço sobre o lucro de 7,96 e o preço sobre o valor patrimonial de 1,44, sugerindo uma clara assimetria favorável entre a qualidade entregue e o preço cobrado pelo mercado. No âmbito financeiro, a excelente rentabilidade é acompanhada por um endividamento extremamente saudável, visto que a relação entre dívida líquida e Ebitda é negativa em 1,0 vez, posicionando a empresa muito abaixo da alavancagem média do setor, que é de 1,16 vezes. Essa estrutura de capital desalavancada, somada a uma liquidez corrente confortável de 2,64, confere total sustentabilidade ao pagamento de dividendos, tornando o rendimento de 8,29% plenamente coerente com a geração de caixa e a saúde do balanço. Por outro lado, o crescimento da receita nos últimos cinco anos, de 14,3%, ficou bastante abaixo da média setorial de 85,6%, o que reflete um ritmo de expansão mais maduro e explica por que a companhia atendeu a 5 dos 8 critérios do checklist de investimentos, sendo penalizada justamente pela expansão mais lenta, pela margem líquida abaixo de 15% e por vendas de papéis por parte de iniciados. Sob a ótica do valuation, as estimativas de preço-teto revelam uma dispersão acentuada entre os métodos, variando desde os conservadores 4,29 reais por Bazin e 7,95 reais por Gordon até os otimistas 23,22 reais por fluxo de caixa descontado e 28,36 reais pelo modelo de Lynch. Diante dessa amplitude, a média de 18,01 reais e a mediana de 17,77 reais balizam o preço-teto ajustado com margem de segurança em 16,00 reais, o que descortina um potencial de valorização de 14,7% frente à cotação atual de 13,95 reais, patamar este que já exibe uma tendência gráfica de alta com a formação de um fundo duplo. Em balanço, os prós da empresa residem em sua sólida rentabilidade, endividamento negativo e valuation convidativo com bom retorno em proventos, enquanto os contras concentram-se no crescimento histórico inferior ao de seus pares e nas transações recentes de insiders.",Fundo duplo,False,False,,,Em Alta,15.130000114440918,-8.5922021209641,-11.680479211592731,True,True,True,Fundo duplo — rompeu pescoço ~R$13.81 (candidato)
ALPA4,SMALL11,SMALL11,Consumo discricionário,63.17,61.96,70.0,,,0.9,,75.17,40.04,53.11,75.0,25,Não,5,8,False,,False,,False,False,True,True,True,True,7,10,True,True,True,False,False,True,True,False,True,0.28,True,8388151808.0,12.57,2.43,13.91,8.77,19.37,17.96,13.17,8.05,0.84,1.73,0.41,0.29,110.3,43.9,0.98,45.48,54.52,7.74,16.06,59.6,-23.1,1.3,1.06,0.44,12.350000381469727,7.740431479833687,14.358500395091486,13.018099049679702,10.599550648728703,29.47494124455782,18.831212461800828,11.888226301971656,5.512821983070248,13.927972945591765,12.453162675825679,11.20784640824311,8,True,5.3,-9.248210023866354,12.777105387702425,n/d,2025-12-17,última,,,False,False,,,Em Alta,13.529999732971191,-8.721355319955626,-23.859427223886875,True,False,False,sem sinal (Em Alta)
MULT3,BOVA11+SMALL11,BOVA11,Imobiliário,62.94,61.7,70.0,,,0.8,,87.47,39.9,42.05,39.58,26,Não,7,8,False,,True,,False,False,True,True,True,True,7,10,True,True,True,True,True,True,True,False,True,0.82,True,13007823872.0,10.13,2.08,4.1,3.71,20.52,18.7,43.42,7.54,2.13,1.64,0.75,0.79,37.55,62.0,0.29,52.11,47.88,25.11,35.12,5.5,-24.6,-11.1,1.25,0.8,26.489999771118164,7.01457228256703,13.012031584161837,34.64881510042602,27.37390926828473,43.202811895632856,24.718484311429602,28.048245309912964,22.378215535191217,27.626073286434178,27.37390926828473,24.63651834145626,7,True,6.2,-6.996909949703889,4.288688279094166,2026-10-29,2026-07-01,última,,,False,False,,,Em Baixa,29.06999969482422,-8.875128829689704,-24.91105648254002,True,False,False,sem sinal (Em Baixa; sem novo topo (-8.9%))
VIVA3,BOVA11+SMALL11,BOVA11,Consumo discricionário,62.73,63.21,60.0,,,0.9,,77.07,54.13,66.31,17.36,27,Não,6,8,False,,True,,False,False,True,True,True,True,6,10,True,True,True,True,False,True,True,False,True,0.32,True,4770890752.0,8.56,1.57,3.29,1.97,18.4,17.32,18.56,5.66,0.97,4.19,0.38,0.57,16.86,9.5,1.73,37.54,62.46,20.29,35.35,0.0,-42.6,-13.6,1.14,0.52,20.290000915527344,2.855092246174524,5.296196116653741,31.406835529291737,26.253464172534724,40.22445153964409,10.33177595823565,28.680959238070194,13.368444556859385,,,,6,False,14.1,,,n/d,2025-12-22,última,,,False,False,,,Em Baixa,22.84000015258789,-11.1646200526475,-43.46850170191247,True,False,False,sem sinal (Em Baixa; sem novo topo (-11.2%))
BBSE3,BOVA11,BOVA11,Insurance,62.34,60.11,75.0,,1.3,0.3,,68.12,32.34,61.0,91.67,28,Não,5,6,False,,True,,True,False,True,,False,True,6,8,True,True,False,,True,,True,True,True,,True,71127343104.0,7.86,6.63,12.51,12.84,84.38,0.0,87.93,,,,,,100.91,-0.1,,55.04,44.96,28.02,40.52,30.8,-9.6,3.9,0.52,0.5,36.63999938964844,33.59858093421062,48.91953384021066,48.48040631709208,24.075686502379906,,58.643399251397895,12.453071402879422,,47.41048008572781,48.699970078651376,43.82997307078624,4,True,1.7,19.62329094134516,29.395417236612342,2026-11-03,2026-08-07,última,,,False,False,,,Em Baixa,40.346988677978516,-9.187771900194775,-10.120487304291292,True,False,False,sem sinal (Em Baixa; sem novo topo (-9.2%))
CYRE3,BOVA11+SMALL11,BOVA11,Consumo discricionário,62.22,60.85,70.0,,,0.9,,61.74,66.32,48.41,68.06,29,Não,4,8,False,,True,,False,False,True,True,False,True,7,10,True,True,False,True,False,False,True,False,False,0.63,True,7711600640.0,4.67,0.85,11.01,7.26,18.26,7.03,20.76,7.84,3.33,3.78,0.75,0.39,33.92,-9.4,1.17,56.08,39.17,19.83,35.31,6.2,-40.4,-9.0,1.67,0.66,21.049999237060547,10.921258757387212,20.25893499495328,59.72430190386557,50.11588919437823,87.1281336569722,29.983012198640886,46.22803110007478,3.3932259688644204,,,,6,False,25.7,,,n/d,n/d,,,,False,False,,,Em Baixa,21.829999923706055,-3.5730677479227757,-41.55237364922656,False,False,False,sem sinal (Em Baixa; sem novo topo (-3.6%))
ABCB4,SMALL11,SMALL11,Produtos financeiros,62.04,66.37,37.5,16.87,,0.4,,53.36,68.74,83.86,84.03,30,Não,2,6,False,,True,,False,False,True,,False,True,3,8,True,False,False,,False,,True,False,True,,True,5741551616.0,5.81,0.82,11.47,10.05,14.05,0.0,40.92,,,,,0.99,58.36,-2.9,,89.78,10.19,18.99,26.85,17.3,-17.0,-6.3,0.9,0.67,22.280000686645508,15.986807182897788,29.067571378868887,49.80329106689044,48.41851512194565,60.95486424851001,31.540056691237854,24.3446973204494,,31.59943157997374,30.30381403505337,27.273432631548033,4,True,3.1,22.412171413870553,41.828683151317136,n/d,2026-06-30,última,,,False,False,,,Em Baixa,24.15999984741211,-7.781453529139726,-18.473051963349008,True,False,False,sem sinal (Em Baixa; sem novo topo (-7.8%))
TOTS3,BOVA11+SMALL11+Wishlist,BOVA11,Tecnologia de informação,61.97,58.79,80.0,,,0.5,,86.8,35.45,47.07,14.58,31,Pivô de alta,6,8,False,,True,,False,False,True,True,True,True,8,10,True,True,True,True,True,False,True,False,True,1.33,True,16972304384.0,12.0,3.13,2.38,1.39,26.12,23.37,21.63,7.0,2.09,1.84,0.92,0.8,16.66,269.5,1.0,42.41,54.01,27.05,47.43,9.5,-37.6,-5.6,0.87,0.4,29.610000610351562,2.93570059033833,5.445724595077602,32.69437567392985,22.91748119179614,40.43748478500084,17.198223000454107,29.85675061543783,22.982583073242985,,,,6,False,13.8,,,2026-11-04,2026-06-16,última,"A TOTVS (TOTS3) apresenta-se como uma operação de alta eficiência operacional no setor de tecnologia da informação, o que se reflete em um retorno sobre o patrimônio líquido (ROE) de 26,1% e um retorno sobre o capital investido (ROIC) de 23,4%, ambos posicionados significativamente acima da média de seus pares setoriais (9,1% e 13,4%, respectivamente). Essa expressiva qualidade de rentabilidade convive com múltiplos de preço que sugerem uma avaliação atrativa, visto que o preço sobre lucro (P/L) de 12,0 e o preço sobre valor patrimonial (P/VP) de 3,13 indicam que o mercado não precifica com exagero o forte histórico da companhia, percepção reforçada por um indicador de crescimento PEG de apenas 0,8. Embora a empresa apresente uma alavancagem financeira com a relação dívida líquida sobre EBITDA em 2,09, patamar que se encontra acima da média do setor de 1,16, a saúde financeira de curto prazo é mitigada por uma confortável liquidez corrente de 1,84 e uma margem líquida robusta de 21,63%. Essa estrutura de endividamento mais salgada e o foco no reinvestimento para sustentar um extraordinário crescimento composto anual de receita nos últimos cinco anos de 269,5% — muito superior à média setorial de 85,6% — justificam o modesto dividendo distribuído, cujo rendimento (DY) de 2,38% mostra-se coerente com uma estratégia voltada à expansão e não à distribuição massiva de proventos. No checklist de critérios fundamentalistas, a empresa demonstra solidez ao atender 6 dos 8 requisitos avaliados, falhando apenas na relação de endividamento comparada ao setor e na ocorrência de vendas por parte de iniciados, enquanto cumpre com folga as exigências de rentabilidade, margem e escala de mercado. Sob a ótica de avaliação intrínseca, os métodos de valuation revelam uma enorme dispersão de premissas, onde abordagens focadas em dividendos como Bazin (R$ 2,92) e Gordon (R$ 5,42) apontam forte desvalorização, ao passo que modelos baseados em fluxo de caixa descontado (R$ 32,53) e múltiplos de crescimento de Lynch (R$ 40,23) indicam potencial de valorização frente ao preço atual de R$ 29,46, restando a fórmula de Graham em uma posição intermediária de R$ 22,80. Como balanço final, os principais pontos positivos residem no crescimento exponencial de receita, na rentabilidade muito acima dos pares e nas margens saudáveis, enquanto os fatores de atenção concentram-se no endividamento superior à média do setor, no baixo retorno em dividendos e na pressão vendedora de insiders.",Pivô de alta,True,False,,,Lateral,32.5099983215332,-8.920325625673165,-37.903397936019566,True,True,True,Pivô de alta
BBDC3,BOVA11,BOVA11,Produtos financeiros,61.04,60.78,62.5,15.65,,0.4,,51.34,67.83,66.43,74.31,32,Não,3,6,False,,True,,False,False,True,,True,True,5,8,True,False,False,,True,,True,False,True,,True,156186607616.0,6.24,0.88,9.69,8.7,14.13,0.0,26.07,,,,,0.97,54.27,17.8,,92.32,7.66,12.38,17.96,15.8,-20.2,-8.9,1.13,0.83,14.34000015258789,8.908677589853097,16.525596929177492,30.449519554773957,29.02730953559884,34.836098929895265,26.81369941321161,15.472605209195219,,20.674373371754037,21.669648171194552,19.5026833540751,4,True,3.4,36.0019745226817,44.172755591100895,2026-11-04,2026-09-02,próxima,,,False,False,,,Em Baixa,16.36358070373535,-12.366367653783339,-21.166351867634493,True,False,False,sem sinal (Em Baixa; sem novo topo (-12.4%))
ISAE4,BOVA11,BOVA11,Serviços públicos,60.92,61.08,60.0,,,0.0,,61.52,54.26,60.93,76.39,33,Não,5,8,False,,True,,False,False,True,True,True,True,6,10,False,True,False,True,True,False,True,True,False,0.71,True,17789536256.0,6.45,0.82,6.71,8.95,12.71,9.63,26.39,7.33,3.41,5.28,0.79,1.2,57.76,220.0,0.28,54.58,44.81,20.33,31.63,24.0,-20.3,-10.8,0.97,0.68,25.209999084472656,16.124964690791117,27.55972319566365,47.71568452501476,51.99688242647082,55.984539229938555,39.39720543079508,23.63168064834024,28.874752645408872,36.410679099052885,34.13597903810198,30.722381134291783,8,True,3.5,21.865855811213876,44.42951376971271,n/d,n/d,,,,False,False,,,Em Baixa,28.5,-11.543862861499454,-21.3254639843239,False,False,False,sem sinal (Em Baixa; sem novo topo (-11.5%))
ITSA4,BOVA11,BOVA11,Financial Services,60.86,59.83,66.66666666666667,,,0.4,,61.52,48.77,,79.86,34,Não,5,6,False,,True,,False,False,True,,True,True,6,9,True,True,True,,True,,True,False,True,,True,136841748480.0,7.68,1.49,10.52,9.4,19.36,0.38,214.29,,,,,1.43,72.18,28.4,0.64,16.02,79.82,9.45,14.81,29.2,-17.6,-8.7,1.23,0.88,12.210000038146973,8.19650581718105,14.039696869116419,19.4516026418123,17.12115977513115,23.505112791844265,17.099952187314848,9.629966775241758,,14.696939378856154,15.569824528215634,14.01284207539407,4,True,2.4,14.765291004214465,20.368053504827067,n/d,2026-09-01,próxima,,,False,False,,,Em Baixa,13.880000114440918,-12.031700738650986,-18.87204465601512,True,False,False,sem sinal (Em Baixa; sem novo topo (-12.0%))
TEND3,SMALL11,SMALL11,Consumo discricionário,60.64,62.52,50.0,,,0.9,,78.08,53.65,52.5,34.72,35,Não,5,8,False,,False,,False,False,True,True,False,False,5,10,True,True,True,False,False,True,True,False,True,0.29,True,4014434560.0,7.22,2.72,2.42,3.32,37.61,14.39,12.08,4.93,0.47,1.96,0.79,0.48,23.99,-11.5,0.76,81.81,18.11,19.56,36.71,67.5,-10.8,3.7,1.63,0.57,32.75,7.7743124022820185,14.421349506233144,60.102146814404435,35.054962961649615,83.1150101983308,21.63715834781664,54.88573407202217,26.3599435322617,,,,6,False,10.7,,,2026-11-04,2026-08-14,próxima,,,False,False,,,Em Baixa,33.46366882324219,-2.1326676014272183,-12.038065123029051,True,False,False,sem sinal (Em Baixa; sem novo topo (-2.1%))
ITUB4,BOVA11,BOVA11,Produtos financeiros,60.41,57.83,75.0,15.95,,0.4,,59.17,41.3,70.71,67.36,36,Não,4,6,False,,True,,False,False,True,,True,True,6,8,True,True,False,,True,,True,False,True,,True,418720940032.0,9.06,2.03,9.05,7.15,22.45,0.0,32.58,,,,,1.15,64.8,8.1,,92.99,6.67,32.62,48.43,16.5,-21.5,-8.8,1.17,0.86,37.9900016784668,19.407931862663318,36.001713605240454,55.55932916552814,42.019265245350226,63.12742465442026,45.28146229834936,32.030843347068405,,39.06260923294532,40.641587951794904,36.577429156615416,4,True,2.9,-3.7182744391718314,2.8233943329528444,n/d,2026-09-01,próxima,,,False,False,,,Em Baixa,43.16999816894531,-11.999065810025423,-22.02327277306343,True,False,False,sem sinal (Em Baixa; sem novo topo (-12.0%))
EZTC3,SMALL11,SMALL11,Consumo discricionário,60.01,58.25,70.0,,,0.9,,52.8,61.51,68.5,54.17,37,Não,3,8,False,,True,,False,False,True,True,False,True,7,10,False,False,False,True,False,True,True,False,True,0.0,True,2873439488.0,5.54,0.56,8.54,5.69,10.15,5.14,36.95,9.39,0.07,3.06,0.34,0.8,31.51,-22.5,2.48,28.86,69.9,9.84,16.23,5.3,-36.2,-19.8,1.3,0.61,10.359999656677246,4.209006131317984,7.8077063735948595,24.777977518226265,27.899865151725063,23.636345672546213,16.20192509707461,13.167013357520972,4.436101064117951,18.91513886178133,19.91913538481041,17.92722184632937,6,True,6.6,73.0426876488831,82.57856649242368,2026-11-05,2026-08-14,próxima,,,False,False,,,Em Baixa,11.387590408325195,-9.02377689047107,-36.99646994606932,True,False,False,sem sinal (Em Baixa; sem novo topo (-9.0%))
SEER3,SMALL11,SMALL11,Consumo discricionário,59.53,61.21,50.0,,,0.9,,70.02,81.49,35.86,21.53,38,Não,6,8,False,,False,,False,False,True,False,True,False,5,10,True,True,True,False,True,True,True,False,True,2.47,False,1422529536.0,5.47,0.98,4.14,2.41,17.83,17.04,10.92,2.54,1.82,1.56,1.16,0.36,13.2,72.6,0.47,59.3,40.7,7.9,13.75,40.6,-19.2,-7.0,1.43,0.48,11.109999656677246,1.914625478212204,3.551630262083638,26.911790758861702,22.761380744011056,35.36649936839663,5.137578366536081,24.576050428847292,34.51041821653538,,,,5,False,18.5,,,n/d,n/d,,,,False,False,,,Em Baixa,12.350000381469727,-10.040491388591466,-21.372968388565116,False,False,False,sem sinal (Em Baixa; sem novo topo (-10.0%))
KEPL3,SMALL11,SMALL11,Bens Industriais,59.5,64.71,30.0,,,0.7,,65.32,50.44,65.27,96.53,39,Não,6,8,False,,True,,False,False,True,True,False,False,3,10,True,True,True,False,False,True,True,True,True,-0.02,True,982370880.0,7.39,1.3,5.02,16.59,17.52,12.97,9.71,5.89,-0.07,2.04,0.43,,122.57,-56.2,1.34,48.81,51.19,5.67,10.45,0.0,-45.7,-19.7,0.97,0.48,5.670000076293945,6.717067202040405,9.78004984617083,7.9794317717803835,8.67721640079122,,8.513132936637517,2.049661732586445,5.170521863498349,7.806236670153118,8.246282354208951,7.421654118788056,6,True,4.8,30.893368940464573,37.676129896200486,n/d,2025-12-16,última,,,False,False,,,Em Baixa,6.489999771118164,-12.6348185476583,-45.999999273391,True,False,False,sem sinal (Em Baixa; sem novo topo (-12.6%))
ABEV3,BOVA11,BOVA11,Bens de primeira necessidade,59.4,59.29,60.0,,,0.0,,79.31,18.9,67.64,53.47,40,Não,6,8,False,,True,,False,False,True,True,True,True,6,10,True,True,True,True,False,True,True,False,True,-0.17,True,226828173312.0,14.48,2.66,5.19,5.43,18.4,20.62,18.41,8.18,-0.57,1.02,0.03,3.68,78.64,24.6,0.81,38.81,60.59,11.06,16.9,32.9,-13.0,-6.7,0.64,0.44,14.710000038146973,5.706663416550699,8.245127226142564,10.484100596980094,11.242912576667349,9.509392534380735,14.71203403049188,5.223055953081006,10.274236124853124,9.424690307393432,9.89181432961693,8.902632896655236,8,True,2.8,-39.4790423278836,-35.93004566313607,2026-10-29,2026-09-22,próxima,,,False,False,,,Em Baixa,16.100000381469727,-8.633542300549092,-13.433338874125045,True,False,False,sem sinal (Em Baixa; sem novo topo (-8.6%))
BBDC4,BOVA11,BOVA11,Produtos financeiros,59.06,58.45,62.5,15.65,,0.4,,51.34,59.34,66.43,72.22,41,Não,3,6,False,,True,,False,False,True,,True,True,5,8,True,False,False,,True,,True,False,True,,True,178296717312.0,7.13,1.01,9.34,8.33,14.13,0.0,26.07,,,,,1.24,59.37,17.8,,92.32,7.66,14.51,20.89,12.8,-21.6,-9.6,1.21,0.82,16.3700008392334,9.736266677089569,17.451943136577285,29.395609176115038,28.93573436773503,32.29874185091324,29.293312611196104,14.418776151709022,,21.469282900244497,23.372627873886692,21.035365086498025,4,True,3.0,28.499474698152216,31.150163711597557,n/d,2026-09-02,próxima,,,False,False,,,Em Baixa,18.718494415283203,-12.546380728849194,-22.9247145614507,True,False,False,sem sinal (Em Baixa; sem novo topo (-12.5%))
ALUP11,SMALL11,SMALL11,Serviços públicos,59.06,58.9,60.0,,,0.0,,66.89,54.73,50.57,50.0,42,Não,6,8,False,,True,,False,False,True,False,False,True,6,10,True,True,True,True,False,False,True,True,False,1.66,False,14678744064.0,7.54,1.08,2.74,4.76,14.38,10.21,25.17,6.15,3.73,3.3,1.14,0.82,35.87,-33.8,0.32,60.84,28.54,28.16,36.3,9.6,-15.0,-6.8,0.78,0.65,30.860000610351562,10.485109666901467,19.44987843210222,54.23010717336315,51.29672498755423,57.21476503205233,26.721575509100298,34.66002843190246,53.175354490096105,42.39263343659582,51.29672498755423,46.16705248879881,7,True,5.5,49.601592921915596,37.37081204844759,n/d,n/d,,,,False,False,,,Em Baixa,32.98027420043945,-6.428914378339645,-15.743468830956076,False,False,False,sem sinal (Em Baixa; sem novo topo (-6.4%))
GMAT3,SMALL11,SMALL11,Bens de primeira necessidade,58.8,57.41,66.66666666666667,,,0.0,,49.89,78.3,59.89,34.03,43,Não,4,8,False,,True,,False,,True,True,False,True,6,9,True,True,False,False,False,True,True,False,True,0.78,True,8751351808.0,5.37,0.78,3.15,3.24,14.52,10.1,4.49,3.85,1.92,1.71,0.56,0.45,17.39,-25.0,1.0,52.91,42.64,3.57,7.15,6.4,-46.9,-8.5,1.18,0.51,3.799999952316284,0.8791546705179136,1.6308319138107294,9.376163755715226,8.807251657937499,10.779737941615364,4.170164929412232,7.22553124471665,7.1312268163328225,,,,6,False,12.3,,,n/d,2025-11-21,última,,,False,False,,,Em Baixa,4.03000020980835,-5.707202122031729,-48.976987076874224,True,False,False,sem sinal (Em Baixa; sem novo topo (-5.7%))
BMOB3,SMALL11,SMALL11,Comunicação,58.34,54.52,80.0,,,0.4,,60.4,28.4,73.06,56.25,44,Não,7,8,False,,True,,False,False,True,True,True,True,8,10,True,True,True,False,True,True,True,True,True,-0.46,True,1878320512.0,12.26,2.08,9.33,5.97,16.97,11.27,8.91,6.73,-1.89,1.78,0.05,2.7,73.24,8.5,1.43,47.82,51.18,17.99,28.16,25.6,-19.8,-8.4,1.17,0.59,22.59000015258789,9.639067179841016,14.915194524592625,20.365338952361164,21.219277397952048,19.375135768945356,22.905797204891865,10.182227784842407,18.71171948771455,17.16421978764263,19.04342762832995,17.139084865496958,8,True,2.4,-24.12977091753795,-24.01850521600678,n/d,n/d,,,,False,False,,,Em Baixa,23.940000534057617,-5.639099212003707,-20.49012828033646,False,False,False,sem sinal (Em Baixa; sem novo topo (-5.6%))
CMIG4,BOVA11,BOVA11,Serviços públicos,58.06,57.72,60.0,,,0.0,,55.93,56.96,42.28,98.61,45,Não,5,8,False,,True,,True,False,True,True,False,True,6,10,True,True,False,False,False,True,True,True,True,0.59,True,29178955776.0,6.41,1.01,10.26,17.43,15.75,9.3,11.15,6.4,2.35,0.93,0.69,,111.71,-5.8,0.42,57.36,42.63,9.45,13.28,7.9,-23.2,-10.2,0.94,0.71,10.199999809265137,12.697438444031116,18.487470374509307,16.549141656218005,19.01523605220758,,13.877072900744603,4.250947101253802,13.97853744791286,15.767482812603914,15.263839552065432,13.73745559685889,6,True,4.5,34.68093974257251,54.58316772007752,2026-11-12,2026-06-24,última,,,False,False,,,Em Baixa,11.34000015258789,-10.05291294517836,-23.51331764331974,True,False,False,sem sinal (Em Baixa; sem novo topo (-10.1%))
CPFE3,BOVA11,BOVA11,Serviços públicos,57.8,59.18,50.0,,,0.0,,76.73,38.48,32.45,85.42,46,Não,6,8,False,,True,,False,False,True,False,True,True,5,10,True,True,True,False,False,True,True,True,True,1.24,True,46643261440.0,8.3,2.19,8.63,10.15,26.43,15.57,13.16,5.55,2.01,0.92,1.36,2.0,84.27,5.3,0.29,71.02,27.73,35.03,52.32,15.6,-22.6,-11.4,0.96,0.65,40.47999954223633,29.355061796961767,43.496424818904394,51.618446928443404,45.037124518807566,69.79693685198698,56.431942890909916,25.77776796181651,67.3608028972297,48.60931358313253,48.32778572362548,43.49500715126293,8,True,2.7,7.4481414108732436,20.082297758956692,2026-11-12,2026-04-30,última,,,False,False,,,Em Baixa,46.349998474121094,-12.664507281833458,-23.610876108943913,True,False,False,sem sinal (Em Baixa; sem novo topo (-12.7%))
TFCO4,SMALL11,SMALL11,Consumo discricionário,57.23,58.51,50.0,,,0.9,,81.88,27.05,66.15,16.67,47,Não,5,8,False,,True,,False,False,True,True,False,True,5,10,True,True,True,False,False,True,True,False,True,0.19,True,1984988800.0,14.08,3.38,2.36,1.72,23.99,27.1,13.23,8.67,0.47,2.83,0.3,0.94,24.25,-1.4,1.67,41.96,57.74,13.08,18.1,0.0,-27.7,-13.0,1.25,0.68,13.079999923706055,1.6089247137379596,2.9845553439839154,12.308948791839859,8.993719178790089,15.534442105676298,4.317281315196859,11.24062493443489,5.726380498908424,,,,7,False,9.7,,,n/d,n/d,,,,False,False,,,Em Baixa,15.010000228881836,-12.858096440679113,-28.044326006285793,False,False,False,sem sinal (Em Baixa; sem novo topo (-12.9%))
BPAC11,BOVA11,BOVA11,Produtos financeiros,57.11,53.95,75.0,15.65,,0.4,,60.29,42.73,66.43,28.47,48,Não,4,6,False,,True,,False,False,True,,True,True,6,8,True,True,False,,True,,True,False,True,,True,166051921920.0,10.74,2.46,2.81,2.74,22.88,0.0,39.8,,,,,0.72,29.39,20.0,,90.46,8.68,38.96,63.41,26.5,-22.3,-10.3,1.6,0.81,49.279998779296875,9.631747773373615,17.866892119608053,60.79701897818283,45.47704665493298,81.38216485257762,25.845189858552537,55.52029657630282,,17.781276583844733,17.866892119608053,16.080202907647248,3,True,6.3,-67.36971731743886,-63.91786318120839,n/d,2026-08-11,última,,,False,False,,,Em Baixa,56.29629898071289,-12.463164237172675,-23.662535031570197,True,False,False,sem sinal (Em Baixa; sem novo topo (-12.5%))
BLAU3,SMALL11,SMALL11,Cuidados de saúde,56.78,61.51,30.0,,,0.2,,59.73,55.14,83.75,40.97,49,Não,5,8,False,,True,,False,False,True,True,False,False,3,10,False,True,True,False,False,True,True,True,True,0.01,True,2009569152.0,8.96,0.9,8.28,3.82,10.02,12.24,13.82,4.82,0.05,2.66,0.25,1.36,34.18,-56.7,1.38,37.94,62.5,8.35,13.7,4.2,-36.5,-13.2,0.78,0.26,8.699999809265137,2.370924331833436,4.398064635551024,12.865513110799446,14.532329710387847,10.10787747392289,7.030565601718332,6.618845968180077,9.693531761646161,9.320961180315111,9.693531761646161,8.724178585481546,7,True,6.1,0.27791697409762506,7.137487180041968,n/d,n/d,,,,False,False,,,Em Baixa,9.300000190734863,-6.451616872733801,-39.088705509228774,False,False,False,sem sinal (Em Baixa; sem novo topo (-6.5%))
RECV3,BOVA11+SMALL11,BOVA11,Energia,56.78,61.5,30.0,,,0.9,,56.6,70.16,51.47,81.94,50,Não,3,8,False,,True,,False,False,True,True,False,False,3,10,False,False,False,True,False,True,True,False,True,0.39,True,3081562112.0,6.26,0.7,12.81,9.76,11.26,10.15,17.93,3.29,1.18,2.18,0.77,1.43,61.09,-45.6,0.52,50.04,49.96,9.18,13.91,14.3,-24.5,-8.2,0.69,0.39,10.5,7.319588790744404,11.119780723942485,18.2010511464591,23.792735218996537,23.717669091360246,20.88312620234031,9.099562025161372,10.101993934640161,15.529438391705575,14.660415935200792,13.194374341680714,8,True,3.3,25.660708016006794,47.89941325433882,n/d,2026-05-19,última,,,False,False,,,Em Alta,10.890000343322754,-3.581270257368574,-26.267137826008337,True,False,False,sem sinal (Em Alta)
IGTI11,BOVA11+SMALL11,BOVA11,Imobiliário,56.43,54.04,70.0,,,0.8,,72.26,37.01,50.24,22.22,51,Não,3,7,False,,True,,False,False,True,True,False,True,7,10,False,False,True,True,False,True,,False,True,0.48,True,,11.12,1.44,1.23,2.45,12.93,12.16,41.91,8.53,2.15,2.73,0.9,1.18,27.27,-35.4,0.48,51.02,48.98,21.02,30.19,10.3,-23.2,-11.0,1.27,0.78,23.18000030517578,4.060572802460283,7.532362548563825,27.620054320465748,27.477110276087156,24.7147870105014,10.365650208134143,17.890285456385488,16.533206797086777,18.876208088174934,17.890285456385488,16.10125691074694,7,True,6.8,-30.538150566151,-18.566834168849724,n/d,n/d,,,,False,False,,,Em Baixa,25.56999969482422,-9.346888612330384,-23.816649680267034,False,False,False,sem sinal (Em Baixa; sem novo topo (-9.3%))
EVEN3,SMALL11,SMALL11,Consumo discricionário,56.31,55.66,60.0,,,0.9,,41.39,70.76,57.84,77.78,52,Não,2,8,False,,True,,False,False,True,True,False,True,6,10,False,False,False,False,False,True,True,False,True,0.19,True,849166272.0,4.46,0.46,20.73,9.08,10.28,4.93,11.31,7.29,2.13,4.53,0.65,0.73,40.52,-39.4,1.27,57.92,36.05,4.25,8.43,0.7,-49.3,-25.0,1.28,0.61,4.28000020980835,2.7771464426613806,5.15160665113686,12.71524726008086,14.17387845230521,14.585743475167742,7.3826399415433634,6.252223350806115,1.601110766025734,,,,7,False,9.1,,,n/d,n/d,,,,False,False,,,Em Baixa,4.980000019073486,-14.056221015745486,-49.83035250746168,False,False,False,sem sinal (Em Baixa; sem novo topo (-14.1%))
SANB11,BOVA11,BOVA11,Produtos financeiros,56.17,57.26,50.0,14.99,,0.4,,53.8,59.09,57.0,68.75,53,Fundo duplo,3,6,False,,True,,True,False,True,,True,False,4,8,True,False,False,,True,,True,False,True,,True,160129695744.0,7.22,1.13,7.73,7.32,15.69,0.0,28.66,,,,,0.98,52.84,49.8,,90.04,9.86,24.03,36.14,24.0,-17.5,7.7,1.16,0.71,29.799999237060547,15.577631196742677,28.896505869957668,54.68836425083826,49.487975936829336,60.74738650213772,39.037413261585144,30.223602659548767,,34.549978644780936,33.966959565771404,30.570263609194264,4,True,3.5,2.584779838436324,15.939528621910547,n/d,2026-07-22,última,"A análise fundamentalista do Santander Brasil (SANB11) revela uma instituição financeira de grande porte que navega por um cenário de transição, onde sua rentabilidade medida pelo ROE de 15,7% e pelo ROIC de 0,0% se posiciona ligeiramente abaixo da média dos seus pares do setor, que registram 16,0% e 0,2%, respectivamente. Essa ligeira desvantagem em eficiência, contudo, convive com múltiplos de preço bastante atrativos, visto que o P/L de 7,22 e o P/VP de 1,13 sugerem que o mercado precifica o papel com desconto, estabelecendo uma relação de qualidade versus preço favorável ao investidor que busca valor. A robusta margem líquida de 28,66% garante que a operação permaneça altamente rentável, sustentando um dividend yield de 7,73% que se mostra coerente com a geração de lucro e com a estrutura de capital típica do setor bancário, onde os indicadores tradicionais de endividamento industrial não se aplicam diretamente. O crescimento histórico da companhia é um dos grandes destaques, com um CAGR de receita nos últimos cinco anos de expressivos 49,8%, patamar que pulveriza a média setorial de apenas 2,8% e sinaliza forte ganho de escala recente. No entanto, o checklist de critérios fundamentalistas acende um sinal de alerta ao aprovar apenas 3 dos 6 requisitos avaliados, refletindo que, apesar de possuir valor de mercado robusto e rentabilidade superior à taxa Selic, o banco peca por não superar a média dos pares em ROE e ROIC, além de registrar movimentações de venda por parte de insiders. Sob a ótica do valuation, as estimativas de preço-teto revelam uma dispersão acentuada entre os métodos analíticos, variando desde os conservadores R$ 15,76 pelo modelo de Bazin e R$ 29,23 por Gordon, até patamares mais otimistas acima de R$ 50,00 via Graham, DCF e Lynch. Essa divergência resulta em uma média de R$ 34,95 e uma mediana de R$ 34,36, culminando em um preço-teto ajustado com margem de segurança de R$ 30,92, o qual oferece um upside limitado de 2,6% frente à cotação atual de R$ 30,15. Em balanço, SANB11 destaca-se positivamente pelo seu crescimento de receita formidável, valuation descontado por múltiplos e proventos atrativos, mas traz como contrapartidas uma rentabilidade ligeiramente inferior à média de seus concorrentes diretos, um aproveitamento parcial no checklist de qualidade e uma margem de segurança estreita para novos aportes no preço atual.",Fundo duplo,False,False,,,Em Alta,29.829999923706055,-0.10057219819724628,-18.264533737161624,True,True,True,Fundo duplo — rompeu pescoço ~R$27.67 (candidato)
UGPA3,BOVA11,BOVA11,Consumo discricionário,56.14,53.7,70.0,,,0.9,,64.88,45.21,41.35,49.31,54,Não,6,8,False,,True,,False,False,True,True,True,True,7,10,True,True,True,False,False,True,True,True,True,0.6,True,34110494720.0,10.34,1.99,4.06,4.42,19.25,21.5,2.26,4.9,1.13,1.64,0.98,0.99,45.72,44.3,0.63,64.07,31.75,15.34,33.39,108.7,-4.1,11.0,1.04,0.57,32.0099983215332,10.109303040803265,18.752757140690058,41.01861487043664,33.472650494489656,46.03615463586304,22.832611938875996,28.603409679640986,24.87984780731069,30.799435223901007,28.603409679640986,25.743068711676887,7,True,4.6,-19.57803792085967,-3.7818280571975116,2026-11-11,2026-08-25,próxima,,,False,False,,,Lateral,33.38999938964844,-4.1329772187508995,-4.1329772187508995,True,False,False,sem sinal (Lateral)
TAEE11,BOVA11+SMALL11,BOVA11,Serviços públicos,55.87,58.67,40.0,,,0.0,,76.29,32.52,36.96,88.19,55,Não,6,8,False,,True,,False,False,True,False,False,True,4,10,True,True,True,True,False,False,True,True,False,1.46,True,38694240256.0,8.1,1.63,8.57,10.68,20.14,11.11,33.52,9.35,4.41,2.29,1.49,2.99,86.54,-3.2,0.24,66.19,33.81,30.57,44.27,22.5,-15.4,-7.2,0.87,0.68,37.439998626708984,28.571726847493405,36.39358029780358,42.054363323773075,48.875450286507636,61.91394271004544,68.47469568229637,20.224383045853333,26.450552511565537,41.6198368381673,39.22397181078833,35.3015746297095,8,True,3.4,-5.711602765588708,11.164098196511429,n/d,n/d,,,,False,False,,,Em Baixa,40.29999923706055,-7.09677584242101,-15.895903731164129,False,False,False,sem sinal (Em Baixa; sem novo topo (-7.1%))
SAPR11,SMALL11,SMALL11,Serviços públicos,55.84,55.1,60.0,,,0.0,,53.69,54.11,56.49,61.11,56,Não,5,8,False,,True,,False,False,False,True,False,True,6,10,False,False,True,True,False,True,True,True,True,0.18,True,9795630080.0,21.14,0.8,1.73,6.34,3.76,11.83,16.66,3.8,0.7,1.08,0.57,,134.04,-70.8,0.51,53.34,46.66,31.45,47.9,3.1,-32.3,-16.8,0.94,0.54,32.40999984741211,14.678879566752485,21.372448649191618,15.944370785860261,37.38288399541559,,25.551876259391445,4.095600737576743,75.22823786159208,,,,5,False,18.4,,,n/d,n/d,,,,False,False,,,Em Baixa,36.7400016784668,-11.78552431474843,-33.47701347421196,False,False,False,sem sinal (Em Baixa; sem novo topo (-11.8%))
WEGE3,BOVA11+Carteira,BOVA11,Bens Industriais,55.81,55.07,60.0,,,0.7,,87.02,7.14,60.54,20.14,57,Fundo duplo,6,8,False,,True,,False,False,True,True,False,True,6,10,True,True,True,True,False,True,True,False,True,-0.18,True,198085115904.0,31.88,10.57,4.22,2.33,33.16,24.33,15.58,20.72,-0.35,1.59,0.29,3.74,74.29,-2.1,1.12,56.49,40.84,34.11,53.79,38.4,-12.2,2.7,0.66,0.41,47.209999084472656,7.858024487766385,14.576635424806645,19.621470761269215,12.199122743320743,16.07624063335853,20.773057359032094,11.892001705304255,12.804103121203786,14.475082029507707,13.690369273005215,12.321332345704693,8,True,2.6,-73.90101125895345,-69.33894871803005,2026-10-21,2026-06-22,última,"A WEG (WEGE3) se consolida como uma referência de eficiência operacional no setor de bens industriais, apresentando um ROE de 33,2% e um ROIC de 24,3% que se posicionam muito acima das médias setoriais de 14,5% e 12,6%, respectivamente, o que sugere uma capacidade excepcional de gerar valor sobre o capital empregado. Essa qualidade superior, contudo, convive com múltiplos de preço bastante esticados, evidenciados pelo P/L de 31,88 e pelo P/VP de 10,57, indicando que o mercado cobra um prêmio elevado por essa excelência e que não há uma relação de pechincha entre qualidade e preço no momento. No âmbito financeiro, a excelente rentabilidade é sustentada por uma estrutura de capital extremamente robusta, onde a relação Dívida Líquida/EBITDA de -0,35 situa-se confortavelmente abaixo do par setorial de 2,32, revelando um caixa líquido que anula riscos de endividamento. Esse balanço desalavancado confere sustentabilidade ao pagamento de dividendos, permitindo que o atual dividend yield de 4,22% seja distribuído de forma segura, embora o retorno direto ao acionista seja moderado devido ao reinvestimento necessário para manter suas operações. Por outro lado, o crescimento recente acende um sinal de alerta, visto que o CAGR de receita de cinco anos contraiu 2,1%, ficando drasticamente abaixo da média do setor de 126,9%, o que reflete uma maturação do negócio ou desafios de expansão frente aos pares. No checklist de critérios fundamentalistas, a empresa atende a 6 de 8 requisitos, falhando apenas no crescimento superior ao setor e na ocorrência de vendas por insiders, o que ainda assim demonstra uma sólida governança e saúde financeira. Sob a ótica do valuation, há uma expressiva dispersão entre os métodos de preço-teto, que variam desde R$ 7,81 pelo modelo de Bazin até R$ 19,49 pelo fluxo de caixa descontado, resultando em uma média de R$ 14,38 e uma mediana de R$ 13,60. Diante do preço atual de R$ 46,90, o preço-teto ajustado com margem de segurança fica em R$ 12,24, o que aponta para um upside negativo de -73,9% e sugere que o papel está sendo negociado com considerável ágio em relação às métricas clássicas de valor. Em suma, os principais prós da WEGE3 residem em sua rentabilidade fora da curva, margem líquida saudável de 15,58% e endividamento negativo, enquanto os contras concentram-se no valuation altamente esticado, na recente perda de tração no crescimento de receita frente aos concorrentes e no expressivo prêmio em relação ao seu preço-teto calculado.",Fundo duplo,False,True,49.82,-5.24,Em Alta,49.16999816894531,-3.9861687156021675,-13.033693825682036,False,True,False,Fundo duplo — rompeu pescoço ~R$46.91 (candidato)
CMIN3,BOVA11,BOVA11,Materiais,55.72,62.02,20.0,,,1.0,,83.22,30.95,35.55,97.22,58,Fundo duplo,6,8,False,,True,,False,False,True,False,False,False,2,10,True,True,True,False,False,True,True,True,True,0.15,True,29870946304.0,12.78,4.06,19.84,16.62,31.79,20.33,13.41,4.98,0.18,1.17,1.22,,212.35,-10.5,0.53,80.09,19.91,4.08,6.24,36.0,-11.0,14.5,1.05,0.48,5.550000190734863,6.586924012257652,9.590561361847142,4.516432080097228,3.654734335917854,,7.237871923232738,1.1601274711238763,5.584656412937672,,,,6,False,8.3,,,n/d,n/d,,,Fundo duplo,False,False,,,Em Alta,5.980000019073486,-7.190632557978571,-12.911999053894164,False,True,False,Fundo duplo — rompeu pescoço ~R$4.78 (candidato)
SBSP3,BOVA11,BOVA11,Serviços públicos,55.37,54.55,60.0,,,0.0,,74.05,38.11,45.98,25.0,59,Não,7,8,False,,True,,False,False,True,False,True,True,6,10,True,True,True,True,False,True,True,True,True,0.7,True,82642583552.0,10.64,1.89,2.79,2.57,17.8,12.72,22.03,7.9,2.14,1.74,1.18,0.82,27.31,15.4,0.3,59.31,40.69,20.99,35.21,12.0,-33.3,-21.0,1.15,0.68,23.5,4.308920990895185,7.993048438110567,29.26456766917293,24.857497548819058,34.24571154788211,10.949012786572668,23.862348265124947,23.5,24.446522969595282,24.359922906972002,21.923930616274802,6,True,7.9,-6.706678228617868,4.027757317426728,n/d,n/d,,,,False,False,,,Em Baixa,28.8700008392334,-18.60062585081653,-33.46169241733077,False,False,False,sem sinal (Em Baixa; sem novo topo (-18.6%))
RDOR3,BOVA11,BOVA11,Cuidados de saúde,55.19,52.58,70.0,,,0.2,,70.92,22.99,52.74,43.75,60,Não,4,8,False,,True,,False,False,True,False,True,True,7,10,True,True,True,False,False,False,True,False,True,0.71,True,72574566400.0,16.05,3.73,12.57,4.01,23.26,15.63,8.35,6.8,1.09,2.9,2.51,1.93,64.32,22.1,0.64,79.71,18.16,32.33,44.66,3.1,-25.4,-6.9,1.15,0.64,33.34000015258789,9.543636942274276,17.703446527918782,27.52367613842925,20.439248425884905,25.563802888033756,21.67306969474994,16.385275720180168,24.958268794142032,20.47380314145164,21.056159060317423,18.950543154285683,8,True,2.9,-43.159738849567105,-38.59087268221732,n/d,n/d,,,,False,False,,,Em Baixa,34.540000915527344,-3.474234890364458,-25.831991339797355,False,False,False,sem sinal (Em Baixa; sem novo topo (-3.5%))
VIVT3,BOVA11,BOVA11,Comunicação,54.91,46.95,100.0,,,0.4,,46.76,35.43,54.03,62.5,61,Não,5,8,False,,True,,True,True,True,True,True,True,10,10,False,True,True,False,True,False,True,True,True,0.22,True,94302339072.0,14.38,1.45,8.45,6.44,10.05,9.1,10.68,4.17,0.56,0.95,0.3,19.29,92.58,18.5,0.48,46.12,53.66,29.4,40.95,0.4,-27.9,-15.9,0.79,0.54,29.510000228881836,13.570714223192466,14.441033065111819,15.598320818586522,30.654696999469444,14.742270833792745,30.41504227334304,6.444009222403824,38.33793053195013,17.980869633699978,14.742270833792745,13.26804375041347,7,True,5.9,-55.038821933224334,-39.06855474673342,n/d,n/d,,,,False,False,,,Em Baixa,35.95353698730469,-17.921843852798368,-28.42054570279746,False,False,False,sem sinal (Em Baixa; sem novo topo (-17.9%))
CPLE3,BOVA11,BOVA11,Serviços públicos,54.81,50.37,80.0,,,0.0,,53.24,43.5,38.42,78.47,62,Não,5,8,False,,True,,False,False,True,True,True,True,8,10,False,True,True,False,True,True,True,False,True,0.88,True,39970959360.0,13.13,1.71,7.7,9.16,12.99,9.82,11.41,8.73,2.97,1.3,0.98,0.26,120.29,50.0,0.3,61.78,38.29,10.16,16.67,32.5,-19.3,-10.8,1.1,0.75,13.460000038146973,8.80816958498151,16.3391545801407,13.583016032402693,13.474290363823647,30.753998563930626,8.201479327437077,12.404112754118685,11.520087401934045,14.385538576096124,12.939201558971167,11.645281403074051,8,True,3.7,-13.482307800370197,6.876214972704919,n/d,n/d,,,,False,False,,,Em Baixa,14.930000305175781,-9.84594934347861,-20.22189486372027,False,False,False,sem sinal (Em Baixa; sem novo topo (-9.8%))
LOGG3,SMALL11,SMALL11,Imobiliário,52.86,49.83,70.0,,,0.8,,53.24,50.41,19.8,93.06,63,Não,3,8,False,,True,,True,True,True,True,True,False,7,10,False,False,False,True,True,False,True,False,False,1.4,True,2022237696.0,5.65,0.6,27.91,13.22,10.63,3.04,149.65,19.31,13.51,0.45,0.63,2.1,74.71,53.8,0.28,45.7,53.91,15.68,28.3,47.5,-18.3,-8.7,0.93,0.53,23.1299991607666,21.84498559433786,27.764789354598783,37.1656518048709,59.589127555759845,65.13660914641419,40.02638769958814,17.85527117762275,,38.483260333313204,37.1656518048709,33.44908662438381,7,True,3.6,44.613436394414464,66.37813112673605,n/d,n/d,,,,False,False,,,Em Baixa,26.190000534057617,-11.68385380256779,-19.4076705717912,False,False,False,sem sinal (Em Baixa; sem novo topo (-11.7%))
HYPE3,BOVA11+SMALL11,BOVA11,Cuidados de saúde,52.71,54.95,40.0,,,0.2,,61.07,46.48,58.05,42.36,64,Não,3,8,False,,True,,False,False,True,True,True,False,4,10,False,True,False,True,False,False,True,False,True,0.43,True,15030313984.0,8.8,1.07,4.82,3.87,12.1,10.74,19.82,7.52,2.16,1.86,0.52,1.1,34.06,4.6,0.5,50.22,49.77,19.85,26.59,7.5,-19.7,-1.6,1.01,0.57,21.350000381469727,5.902348361439334,10.948856210469964,32.146307392553844,33.00319012234419,28.74777206616885,23.15234776631066,18.64892991024154,12.76023396185477,22.772519632849114,23.15234776631066,20.837112989679593,7,True,5.6,-2.4022828226049286,6.662853517389311,n/d,n/d,,,,False,False,,,Em Alta,21.84000015258789,-2.2435886799208715,-20.34936473646509,False,False,False,sem sinal (Em Alta)
FLRY3,BOVA11+SMALL11,BOVA11,Cuidados de saúde,52.69,49.63,70.0,,,0.2,,58.17,25.94,52.92,63.89,65,Fundo duplo,4,8,False,,True,,False,False,True,True,True,True,7,10,False,True,True,False,False,False,True,True,True,0.8,True,9807017984.0,14.23,1.85,6.38,6.57,13.0,12.7,8.01,5.91,1.78,1.86,0.98,16.89,93.52,14.4,0.55,61.45,37.83,12.84,18.54,40.5,-2.7,14.4,0.94,0.6,18.040000915527344,8.468421158188033,9.086631157495844,9.716370584819723,16.677828363060865,9.399694723052658,19.21424392906116,4.05809617283156,15.661142924485185,11.535303626624378,9.558032653936191,8.602229388542572,8,True,4.7,-52.315804035583604,-36.05707848553521,n/d,n/d,,,Fundo duplo,False,False,,,Em Alta,18.541507720947266,-2.704778990833334,-6.551213627393282,False,True,False,Fundo duplo — rompeu pescoço ~R$17.30 (candidato)
SBFG3,SMALL11,SMALL11,Consumo discricionário,52.18,49.03,70.0,,,0.9,,44.74,81.64,28.54,27.78,66,Não,3,8,False,,True,,False,True,True,True,True,True,7,10,False,True,False,False,True,False,True,False,False,3.61,False,1919124352.0,4.82,0.63,6.19,2.68,13.07,8.98,5.01,4.06,3.46,1.62,1.0,0.42,12.93,222.5,0.8,67.87,32.13,8.32,14.95,0.0,-44.3,-21.9,1.64,0.67,8.319999694824219,1.593801101249844,2.9565010428184606,22.871368455688977,22.647526451485604,24.27362362228788,6.429755954884487,16.959124369819317,8.319999694824219,,,,6,False,15.2,,,n/d,n/d,,,,False,False,,,Em Baixa,9.649999618530273,-13.782383173903357,-45.56593509834597,False,False,False,sem sinal (Em Baixa; sem novo topo (-13.8%))
GGPS3,SMALL11,SMALL11,Bens Industriais,52.12,52.49,50.0,,,0.7,,62.42,48.08,52.17,19.44,67,Não,5,8,False,,True,,False,False,True,False,True,True,5,10,True,True,False,False,True,True,True,False,True,0.39,True,8373660672.0,9.17,1.87,2.62,2.31,20.36,11.88,5.1,5.95,1.03,2.87,1.38,0.61,21.2,207.7,0.78,74.55,25.29,11.0,19.55,1.2,-43.1,-16.9,1.04,0.58,11.130000114440918,1.8381322180469362,3.4097352644770664,16.082061234061303,12.749141953911492,21.012415787270545,9.050653345773954,14.686259692991836,9.805799697245833,,,,6,False,11.4,,,n/d,n/d,,,,False,False,,,Em Baixa,11.800000190734863,-5.677966656475286,-43.35877694396928,False,False,False,sem sinal (Em Baixa; sem novo topo (-5.7%))
COGN3,BOVA11+SMALL11,BOVA11,Consumo discricionário,51.67,50.98,55.55555555555556,,,0.9,,44.97,72.95,40.3,44.44,68,Não,1,8,False,,False,,False,,False,True,True,False,5,9,False,False,False,False,False,False,True,False,False,4.52,False,4162556672.0,6.44,0.33,5.42,4.01,5.11,10.24,8.92,3.31,3.08,1.65,0.49,1.7,25.85,53.9,0.45,44.22,55.77,2.03,4.57,2.5,-54.5,-18.7,1.62,0.62,2.0799999237060547,0.5964293719523618,0.8487233978092631,3.2828917939083455,6.767911553222948,2.5203347405771757,1.4443976831906755,1.632035369787768,9.002414446531727,,,,5,False,15.1,,,n/d,n/d,,,,False,False,,,Em Baixa,2.3299999237060547,-10.729614085238026,-55.99506981160669,False,False,False,sem sinal (Em Baixa; sem novo topo (-10.7%))
MDIA3,SMALL11,SMALL11,Bens de primeira necessidade,51.62,53.67,40.0,,,0.0,,38.7,60.56,88.92,33.33,69,Não,2,8,False,,True,,False,False,False,True,True,True,4,10,False,False,False,False,False,True,True,False,True,-0.03,True,5651033088.0,8.8,0.67,6.27,3.22,7.65,8.32,6.67,4.24,-0.17,2.65,0.21,1.61,28.36,52.8,1.38,34.41,65.59,16.82,28.49,0.1,-40.9,-14.5,0.68,0.34,16.84000015258789,3.8760149950170324,6.718676154854733,23.69352311303202,32.89687258468968,16.65449374687492,20.246415195584845,11.70466683505424,21.804360719376092,,,,6,False,8.5,,,n/d,n/d,,,,False,False,,,Em Baixa,17.579999923706055,-4.209327499030868,-41.77334618943882,False,False,False,sem sinal (Em Baixa; sem novo topo (-4.2%))
EGIE3,BOVA11+Wishlist,BOVA11,Serviços públicos,51.18,53.15,40.0,,,0.0,,80.43,31.56,16.18,58.33,70,Não,7,8,False,,True,,False,False,True,False,True,False,4,10,True,True,True,True,True,False,True,True,False,1.87,False,39332917248.0,10.12,2.67,3.44,6.07,26.37,11.59,28.94,8.64,3.56,1.09,2.06,1.0,61.47,270.0,0.19,74.84,23.06,26.94,37.88,3.1,-26.7,-15.3,0.9,0.61,27.770000457763672,12.047548279173634,22.34820205786709,36.35894328709176,25.34085471688519,44.55058734789331,34.121495400661736,24.857687577499693,23.721844437613502,27.91839538808574,25.09927114719244,22.589344032473196,8,True,3.7,-18.655586387799705,0.5343713643352954,2026-08-05,2026-08-21,próxima,"A Engie Brasil Energia (EGIE3) apresenta uma sólida eficiência operacional no setor de serviços públicos, com um Retorno sobre o Patrimônio Líquido (ROE) de 26,4% e um Retorno sobre o Capital Investido (ROIC) de 11,6%, ambos posicionados acima da média dos seus pares setoriais de 12,1% e 9,6%, respectivamente. Essa elevada qualidade de rentabilidade convive com múltiplos de preço que exigem atenção, visto que o Preço/Lucro (P/L) de 10,12 e o Preço/Valor Patrimonial (P/VP) de 2,67 sugerem que o mercado já precifica o papel com certo prêmio, embora o indicador PEG de 1,0 aponte para um crescimento de lucros ainda em linha com a avaliação atual. No âmbito financeiro, a excelente rentabilidade traduzida em uma margem líquida de 28,94% é contraposta por um endividamento robusto, dado que a relação Dívida Líquida/EBITDA de 3,56 está acima da média do setor de 3,32, refletindo uma alavancagem que pressiona a liquidez corrente de 1,09. Esse nível de endividamento e a necessidade de serviço da dívida ajudam a explicar um Dividend Yield (DY) de 3,44%, que se mostra moderado e sugere uma postura de distribuição mais conservadora para garantir a sustentabilidade financeira frente aos compromissos de capital. O crescimento histórico da companhia é um forte destaque positivo, evidenciado por um CAGR de receita de cinco anos de 270,0%, patamar expressivamente acima da média setorial de 20,2%. Esse desempenho operacional robusto é chancelado pelo checklist de critérios fundamentalistas, no qual a empresa atende a expressivos 7 de 8 requisitos, falhando apenas no limite de endividamento saudável estabelecido. Sob a ótica de valuation, a análise dos preços-teto revela uma dispersão acentuada entre as metodologias, variando desde os conservadores R$ 12,02 pelo método de Bazin e R$ 22,30 por Gordon, até os otimistas R$ 36,28 pelo Fluxo de Caixa Descontado (DCF) e R$ 44,46 pelo modelo de Lynch. Diante da média de R$ 27,86 e da mediana de R$ 25,05 entre as fórmulas, o preço-teto ajustado com margem de segurança fica estabelecido em R$ 22,54, o que resulta em um upside negativo de 18,7% em relação ao preço atual de R$ 27,71, indicando escassa margem de segurança no momento atual de tendência de baixa gráfica. Em balanço, os prós da EGIE3 residem em sua rentabilidade muito acima dos pares, forte histórico de crescimento de receita e excelente governança, enquanto os contras concentram-se no endividamento acima da média setorial, no rendimento de dividendos atualmente tímido e na ausência de desconto em seu valuation frente às métricas de preço-teto ajustadas.",,True,False,,,Em Baixa,30.1299991607666,-7.832720772445201,-28.460063387914538,False,False,False,sem sinal (Em Baixa; sem novo topo (-7.8%))
CSMG3,BOVA11+SMALL11,BOVA11,Serviços públicos,50.91,49.31,60.0,,,0.0,,65.66,15.59,35.91,86.81,71,Não,6,8,False,,True,,False,False,True,False,False,True,6,10,True,True,True,True,False,True,True,False,True,1.09,True,20957358080.0,16.53,2.41,3.89,10.18,14.6,11.59,15.47,8.99,2.8,1.22,1.06,,168.31,-21.2,0.28,51.64,48.36,24.17,67.45,128.7,-18.1,-4.3,0.89,0.48,55.27000045776367,40.19702779247415,58.526872465842374,34.773624002464736,41.5370624207017,,33.143456442931566,8.932235835797949,45.531939307441036,42.28499707197593,40.86704510658792,36.78034059592913,6,True,6.6,-33.4533376310789,-23.493763847008907,n/d,n/d,,,,False,False,,,Em Baixa,64.38999938964844,-14.16368848941304,-18.504864779612085,False,False,False,sem sinal (Em Baixa; sem novo topo (-14.2%))
BRBI11,SMALL11,SMALL11,Produtos financeiros,50.82,53.9,33.333333333333336,20.63,,0.4,,34.34,37.97,100.0,89.58,72,Não,4,5,False,,True,,False,False,True,,False,True,3,9,True,True,True,,False,,,True,True,,True,,8.03,1.58,9.84,11.45,19.7,1.85,0.0,,,,,5.05,91.92,-22.4,0.23,95.52,4.48,12.03,21.02,0.0,-42.8,-25.6,0.91,0.46,12.029999732971191,9.836620252553223,11.274558760748521,12.26522968903778,16.020296905510502,19.533574976743093,23.317323913691144,5.500541870264539,,14.173433154007668,11.76989422489315,10.592904802403835,4,True,2.4,-11.945926537542995,17.817402066617394,n/d,n/d,,,,False,False,,,Em Baixa,14.569999694824219,-17.433081777999803,-44.035903819383336,False,False,False,sem sinal (Em Baixa; sem novo topo (-17.4%))
PGMN3,SMALL11,SMALL11,Bens de primeira necessidade,50.71,54.37,30.0,,,0.0,,46.31,64.66,42.37,88.89,73,Não,3,8,False,,True,,False,False,False,False,True,False,3,10,False,True,True,False,False,False,True,False,False,,True,2318875392.0,7.3,0.7,7.13,10.75,9.61,12.78,2.02,2.6,3.31,1.78,1.02,3.52,78.45,13.7,0.83,68.82,31.1,3.13,7.54,2.9,-57.3,-27.7,1.47,0.58,3.2200000286102295,2.4716731127563567,2.960877478762034,3.7742823236273804,6.756731863024506,5.653737549376132,7.503855328604559,1.7525829134086313,,4.410534367079943,3.7742823236273804,3.3968540912646423,7,True,4.3,5.492362145435892,36.973115773031665,n/d,n/d,,,,False,False,,,Em Baixa,3.5399999618530273,-9.039546234212182,-57.7427811421289,False,False,False,sem sinal (Em Baixa; sem novo topo (-9.0%))
ANIM3,SMALL11,SMALL11,Consumo discricionário,50.44,52.28,40.0,,,0.9,,46.98,78.89,26.17,61.81,74,Não,3,8,False,,False,,False,False,False,False,True,False,4,10,True,False,True,False,False,False,True,False,False,,True,778392000.0,5.36,0.34,3.81,6.42,6.36,14.6,3.27,3.01,3.39,1.9,2.02,1.29,34.42,12.0,0.35,72.15,22.61,1.93,5.17,6.7,-60.2,-35.6,2.05,0.52,2.059999942779541,0.9448864822805145,1.4019777531323903,4.073201257842684,7.238300583247518,4.0709884470739,2.2966927818750515,2.034306587347777,,2.4703422182587196,2.1654996846114143,1.948949716150273,6,True,7.7,-5.390787850189405,19.919528489185634,n/d,n/d,,,,False,False,,,Em Baixa,2.2699999809265137,-9.251103079800904,-61.047440857905755,False,False,False,sem sinal (Em Baixa; sem novo topo (-9.3%))
BEEF3,BOVA11+SMALL11,BOVA11,Bens de primeira necessidade,50.16,53.72,30.0,,,0.0,,64.88,64.65,23.75,36.11,75,Não,5,8,False,,False,,False,False,True,False,False,True,3,10,True,True,True,False,False,True,True,False,True,8.69,False,3141923072.0,6.63,1.93,6.43,3.41,29.04,16.55,0.8,3.62,2.96,1.43,13.46,0.44,22.59,-49.3,0.65,95.87,2.86,3.04,7.18,4.3,-55.8,-16.6,0.75,0.31,3.1700000762939453,0.7713478775453468,1.4308503128466183,6.335218855338577,4.2035393088414885,8.80073475566275,4.610255874775606,5.785369671667683,12.419323153900446,,,,6,False,16.1,,,n/d,n/d,,,,False,False,,,Em Baixa,3.6600000858306885,-13.387978088681674,-56.6632973897373,False,False,False,sem sinal (Em Baixa; sem novo topo (-13.4%))
ALOS3,BOVA11+SMALL11,BOVA11,Imobiliário,49.91,44.6,80.0,,,0.8,,51.9,39.03,27.93,59.03,76,Não,3,8,False,,True,,False,True,False,True,True,True,8,10,False,False,False,True,True,False,True,False,False,2.45,False,12633565184.0,14.06,1.02,11.3,6.09,7.27,6.39,31.4,4.82,3.4,0.72,0.56,13.47,85.64,60.8,0.27,46.56,50.55,20.2,32.44,25.1,-22.1,-10.0,1.17,0.8,25.260000228881836,10.990219130831191,11.999624627711944,14.011392615178247,31.639664011870632,12.818654932765734,23.54124300467068,5.978233840494903,58.76398656830814,,,,7,False,9.8,,,n/d,n/d,,,,False,False,,,Em Baixa,27.56999969482422,-8.378670625723817,-22.973784969965806,False,False,False,sem sinal (Em Baixa; sem novo topo (-8.4%))
ECOR3,SMALL11,SMALL11,Bens Industriais,49.49,45.87,70.0,,,0.7,,52.13,60.65,24.44,23.61,77,Não,1,8,False,,True,,False,True,True,False,False,True,7,10,False,False,False,False,False,False,True,False,False,11.28,False,4090253056.0,7.8,1.04,4.94,2.51,13.28,11.52,4.59,5.05,4.62,2.52,6.64,0.73,19.61,-89.7,0.19,88.21,11.06,5.88,11.74,0.0,-49.9,-23.9,1.75,0.72,5.880000114440918,1.055688673931249,1.9583024901424668,9.988461732864378,9.792748987233157,9.943166560351749,1.7936151301579553,7.072803226687769,10.224313071546693,,,,5,False,9.7,,,n/d,n/d,,,,False,False,,,Em Baixa,7.239999771118164,-18.784526238558207,-50.72344173716748,False,False,False,sem sinal (Em Baixa; sem novo topo (-18.8%))
SMTO3,SMALL11,SMALL11,Bens de primeira necessidade,49.31,54.48,20.0,,,0.0,,45.41,78.67,54.19,35.42,78,Não,3,8,False,,True,,False,False,True,False,False,False,2,10,False,True,False,False,False,True,True,False,True,1.51,False,4638252032.0,6.06,0.67,1.46,3.4,11.0,6.36,11.43,3.43,2.38,3.16,1.65,0.69,20.61,-39.3,0.45,68.55,31.45,12.82,21.12,12.1,-32.0,-12.4,0.58,0.24,14.369999885559082,3.491715977745948,6.477133138718733,31.419554205224063,33.827843311442244,28.773586178032495,10.831350482273363,19.350499657752543,43.11321868484787,,,,6,False,12.3,,,n/d,n/d,,,,False,False,,,Em Baixa,15.050000190734863,-4.518274395733268,-32.841563480778625,False,False,False,sem sinal (Em Baixa; sem novo topo (-4.5%))
MOTV3,BOVA11,BOVA11,Bens Industriais,49.25,52.65,30.0,,,0.7,,73.83,53.6,20.78,18.75,79,Não,5,8,False,,True,,False,False,True,False,True,False,3,10,True,True,False,True,False,False,True,True,False,2.15,False,27375374336.0,7.33,1.6,1.48,2.26,21.85,11.72,19.27,6.44,3.69,1.77,2.45,0.49,16.56,58.4,0.44,77.07,22.24,12.68,17.55,7.4,-22.4,-9.3,1.26,0.77,13.619999885559082,2.197531546974926,4.076421019638487,24.620054363391244,18.864981529961305,32.068954971491834,11.48707151394192,22.48321945637993,8.290898657996788,,,,6,False,14.6,,,n/d,n/d,,,,False,False,,,Em Baixa,14.970000267028809,-9.018038459512134,-23.25473493603143,False,False,False,sem sinal (Em Baixa; sem novo topo (-9.0%))
GOAU4,BOVA11+SMALL11,BOVA11,Materiais,49.05,52.41,30.0,,,1.0,,33.33,70.89,63.05,70.83,80,Não,4,8,False,,True,,False,False,False,True,True,False,3,10,False,False,True,False,True,True,True,False,True,0.66,True,14454941696.0,18.28,0.76,2.49,8.27,4.13,10.0,1.92,2.11,0.98,2.88,0.28,0.25,151.09,72.5,1.04,34.12,23.4,6.48,11.53,68.7,-5.2,10.4,0.91,0.58,10.930000305175781,6.452932204754394,11.970189239819401,7.922456457526207,13.90966085909813,17.93763726232349,6.0901031052707335,7.234847029137142,39.053929305722754,10.216832308275643,7.922456457526207,7.130210811773586,7,True,6.4,-34.76477024070024,-6.524867127061517,n/d,n/d,,,,False,False,,,Em Alta,11.529999732971191,-5.203811289601779,-5.44982778176929,False,False,False,sem sinal (Em Alta)
AXIA3,BOVA11+Carteira,BOVA11,Serviços públicos,48.06,45.95,60.0,,,0.0,,48.77,30.07,59.53,45.83,81,Não,3,8,False,,True,,False,False,False,True,True,True,6,10,False,False,False,True,False,True,True,False,True,0.3,True,111349579776.0,12.13,1.2,5.76,4.28,9.86,3.25,27.05,14.81,2.95,2.05,0.63,2.56,51.87,9.7,0.39,57.63,42.34,40.32,67.15,21.2,-27.2,-12.0,1.39,0.63,48.86000061035156,14.925192925131897,23.649007991046812,45.58874176339678,60.74684174008237,36.33974571169722,20.68134979509139,22.77487970027268,20.40348013265139,26.337485431326883,22.77487970027268,20.497391730245415,7,True,4.1,-58.04872805117649,-46.09601902922004,2026-11-04,2025-11-17,última,"A análise fundamentalista da AXIA3 revela uma empresa de serviços públicos que opera com rentabilidade abaixo de seus pares, evidenciada por um ROE de 9,9% frente à média setorial de 12,1% e um ROIC de 3,2% contra os 9,6% do setor, sugerindo uma eficiência na alocação de capital aquém do ideal. Essa qualidade operacional moderada reflete-se em múltiplos de preço que não se mostram excessivamente descontados, com um P/L de 12,13 e um P/VP de 1,2, indicando que a relação entre qualidade e preço não configura uma clara barganha no momento. No que tange à saúde financeira, a companhia demonstra solidez ao conciliar sua rentabilidade com um endividamento controlado, apresentando uma relação Dívida Líquida/EBITDA de 2,95 que se posiciona abaixo da média setorial de 3,32, além de uma confortável liquidez corrente de 2,05. O dividend yield de 5,76% mostra-se coerente com a robusta margem líquida de 27,05%, mas a sustentabilidade do crescimento desses proventos no longo prazo pode ser limitada pelo avanço modesto da receita, cujo CAGR de 5 anos de 9,7% ficou significativamente abaixo dos 20,2% do setor. Essa perda de tração frente aos concorrentes é corroborada pelo checklist de critérios de investimento, no qual a AXIA3 atendeu a apenas 3 dos 8 requisitos avaliados, falhando em superar a taxa Selic e a média setorial em suas taxas de retorno. Sob a ótica do valuation, o preço atual de R$ 48,91 situa-se bem acima das referências de preço-teto calculadas, as quais exibem uma dispersão acentuada entre o método conservador de Bazin, a R$ 14,94, e o limite de Graham, a R$ 60,81. Essa disparidade resulta em uma média de R$ 26,36 e uma mediana de R$ 22,80, culminando em um preço-teto ajustado com margem de segurança de R$ 20,52, o que representa um upside negativo de 58,0% em relação à cotação de mercado. Como balanço final, a AXIA3 tem como prós a sua forte margem líquida, a liquidez corrente confortável e uma alavancagem financeira mais baixa que a de seus pares, ao passo que figuram como contras o seu crescimento de receita abaixo da média do setor, o retorno sobre o capital deprimido e um preço de tela que atualmente não oferece margem de segurança perante as métricas de fluxo de caixa e dividendos descontados.",,False,True,59.55,-17.95,Em Baixa,53.709999084472656,-9.029973108905164,-27.977589552047455,False,False,False,sem sinal (Em Baixa; sem novo topo (-9.0%))
PRIO3,BOVA11,BOVA11,Energia,47.76,46.39,55.55555555555556,,,0.9,,62.86,39.82,37.25,6.94,82,Não,3,8,False,,True,,False,,True,True,True,False,5,9,False,False,False,True,True,False,True,False,True,0.8,True,46756753408.0,13.32,1.83,0.0,0.18,13.71,10.92,18.11,5.67,1.73,1.34,0.9,1.0,2.36,189.4,0.25,59.83,40.17,34.2,72.1,71.4,-18.7,-4.7,0.13,0.07,58.630001068115234,0.7431348441816966,1.378515135957047,58.32188544688639,56.32918969369708,59.70134488266051,1.9660911033042636,48.79429788132915,22.06687706264436,,,,5,False,80.3,,,n/d,n/d,,,,False,False,,,Em Alta,61.2400016784668,-4.261921193364849,-19.66292358008642,False,False,False,sem sinal (Em Alta)
IRBR3,SMALL11+Carteira,SMALL11,Insurance,47.36,50.67,28.571428571428573,,2.87,0.3,,20.69,73.47,100.0,29.86,83,Não,1,6,False,,False,,False,,False,,False,False,2,7,False,False,False,,False,,True,False,True,,True,4214284032.0,-27.53,0.76,3.18,2.93,-2.76,0.0,6.77,,,,,,,-30.0,,66.23,33.77,44.53,62.39,16.6,-16.8,-2.6,1.02,0.59,51.91999816894531,10.873445183472695,15.831736187136247,,,,,,,13.35259068530447,13.35259068530447,12.017331616774024,2,True,1.5,-76.85413705587936,-74.28237450653263,2026-11-12,2026-07-01,última,"A análise fundamentalista do IRB Brasil (IRBR3) revela uma companhia em momento de profunda reestruturação, onde a baixa qualidade operacional contrasta fortemente com múltiplos de preço aparentemente descontados. O retorno sobre o patrimônio líquido (ROE) negativo de -2,8% e o retorno sobre o capital investido (ROIC) nulo de 0,0% situam-se drasticamente abaixo das médias setoriais de 34,3% e 19,5%, respectivamente, evidenciando que a empresa atualmente destrói valor e falha em converter seus ativos em rentabilidade. Essa fragilidade operacional reflete-se em um preço por valor patrimonial (P/VP) de 0,76, abaixo do valor de livro, e em um preço sobre lucro (P/L) negativo de -27,53, confirmando que o aparente desconto patrimonial é, na verdade, reflexo da ausência de lucros consistentes e da baixa eficiência da operação. No âmbito do crescimento, a receita da companhia encolheu a uma taxa anual composta (CAGR) de -30,0% nos últimos cinco anos, um desempenho muito inferior à média de retração do setor de -3,9%, o que evidencia uma perda severa de mercado e de capacidade de geração de caixa. Diante desse cenário de contração, o rendimento de dividendos (DY) de 3,18% mostra-se frágil e pouco sustentável no longo prazo, uma vez que a distribuição carece de suporte em lucros consistentes e geração operacional robusta, embora o indicador de segurança financeira atinja a pontuação máxima de 100,0. O rigoroso checklist de critérios fundamentalistas corrobora essa fragilidade ao aprovar apenas um dos seis requisitos avaliados, reprovando a empresa em eficiência frente à taxa Selic e aos pares, além de registrar vendas recentes por parte de insiders. Sob a ótica do valuation, os métodos de precificação teórica apresentam uma dispersão estreita, com o modelo de Bazin sugerindo um preço-teto de R$ 10,79 e o de Gordon apontando R$ 15,71, o que resulta em uma média e mediana de R$ 13,25. Frente ao preço atual de R$ 51,49, o preço-teto ajustado com margem de segurança de R$ 11,93 projeta um expressivo potencial de desvalorização de -76,8%, indicando que o papel negocia com forte prêmio sobre seus fundamentos atuais. Como prós, destacam-se a excelente pontuação de segurança financeira e o desconto em relação ao valor patrimonial; como contras, pesam a rentabilidade negativa, a forte retração histórica de receita, a tendência gráfica de baixa e o elevado prêmio de preço em relação ao valor intrínseco estimado pelos modelos matemáticos.",,False,True,57.62,-9.89,Em Baixa,56.060001373291016,-7.384950237118881,-19.782411506668762,False,False,False,sem sinal (Em Baixa; sem novo topo (-7.4%))
SYNE3,SMALL11,SMALL11,Imobiliário,46.95,46.41,50.0,,,0.8,DY5a=129.4%>=20,48.55,55.43,30.33,,84,Não,2,8,False,,False,,False,False,False,True,True,False,5,10,False,False,False,True,False,False,False,True,False,2.16,False,512885344.0,10.46,0.82,69.2,129.45,7.8,6.47,20.02,4.74,3.43,0.98,0.5,1.34,1354.03,5.2,0.36,40.97,29.56,3.36,5.11,0.0,-34.2,-15.5,0.99,0.43,3.359999895095825,31.067691564890506,57.630567852871884,4.256214016254272,5.441990188307574,9.636710980198352,5.771319131474346,2.4330400770005554,8.401645587120061,,,,5,False,23.7,,,n/d,n/d,,,,False,False,,,Em Baixa,4.090000152587891,-17.848416387714995,-35.56478642989409,False,False,False,sem sinal (Em Baixa; sem novo topo (-17.8%))
GGBR4,BOVA11,BOVA11,Materiais,46.06,48.89,30.0,,,1.0,,36.02,54.69,62.77,64.58,85,Não,4,8,False,,True,,False,False,False,True,True,False,3,10,False,False,True,False,True,True,True,False,True,0.21,True,48327172096.0,21.92,0.92,2.29,6.78,4.18,10.03,3.22,5.32,0.97,2.87,0.28,0.3,148.55,73.5,1.04,34.14,65.6,15.54,26.31,58.5,-6.4,9.3,0.83,0.54,24.6299991607666,11.922482420827897,22.11620489063575,14.88811536862032,26.016056525758923,33.70894045725356,11.6147657472208,13.595939317758937,22.873633356020058,19.59201726051203,18.502160129628034,16.65194411666523,8,True,2.9,-32.39161719830549,-20.454657214441273,n/d,n/d,,,,False,False,,,Em Alta,26.309999465942383,-6.385406078591904,-6.845693406698439,False,False,False,sem sinal (Em Alta)
BBAS3,BOVA11+Carteira,BOVA11,Produtos financeiros,45.5,51.32,12.5,14.56,,0.4,,40.6,62.34,50.86,72.92,86,Não,2,6,False,,True,,False,False,False,,False,False,1,8,False,False,False,,False,,True,True,True,,True,102074646528.0,7.21,0.58,3.02,8.34,7.99,0.0,20.42,,,,,2.26,60.15,-54.4,,92.12,7.71,17.88,27.31,0.0,-34.5,-15.3,1.19,0.72,17.8799991607666,10.655293125558941,14.230731598786265,23.65734589329299,41.474114659606975,28.58519119745439,18.270989371566017,11.587607159103383,,16.70358999730105,16.25086048517614,14.625774436658526,4,True,2.2,-18.200362845926165,-6.579469903146862,2026-11-11,2026-06-02,última,"A análise fundamentalista do Banco do Brasil (BBAS3) revela um cenário de valuation descontado que contrasta diretamente com seus indicadores de rentabilidade operacional. O papel negocia a múltiplos de preço muito baixos, com um P/L de 7,21 e um P/VP de 0,58, porém essa aparente barganha convive com um ROE de 8,0% e um ROIC de 0,0%, ambos posicionados abaixo da média do setor (16,0% e 0,2%, respectivamente), o que sugere que o mercado precifica uma eficiência abaixo de seus pares. Essa fragilidade na rentabilidade é acompanhada por uma contração severa no crescimento, evidenciada pelo CAGR de receita de cinco anos em -54,4%, patamar muito inferior à média setorial de 2,8% positivos. No que tange aos proventos, o dividend yield atual de 3,02% mostra-se tímido e, embora sustentado por uma robusta margem líquida de 20,42%, reflete a necessidade de maior consistência na geração de lucro para justificar distribuições mais robustas. O checklist de critérios reforça esse tom de alerta ao aprovar apenas 2 de 6 requisitos, falhando em superar a taxa Selic ou as médias setoriais de retorno e crescimento, restando como pontos positivos apenas o elevado valor de mercado e a ausência de venda de ações por controladores. Sob a ótica do valuation, as estimativas de preço-teto apresentam uma dispersão acentuada entre os métodos, variando desde os conservadores R$ 11,86 por Bazin e R$ 15,01 por Gordon, até os otimistas R$ 22,45 por fluxo de caixa descontado e R$ 41,52 por Graham. Essa divergência resulta em uma média de R$ 17,32 e uma mediana de R$ 17,49, valores que, quando ajustados pela margem de segurança para R$ 15,74, colocam o preço atual de R$ 17,90 em uma zona de prêmio, gerando um upside negativo de -12,1% frente ao teto ajustado. Em suma, o ativo traz como pontos favoráveis o seu robusto tamanho de mercado, a sólida margem líquida e o forte desconto patrimonial, enquanto os principais fatores contrários residem no fraco desempenho operacional recente, na tendência gráfica de baixa e na ausência de margem de segurança em relação ao preço-teto ajustado.",,False,True,22.29,-19.78,Em Baixa,21.270000457763672,-15.937946516403112,-35.082111942940486,False,False,False,sem sinal (Em Baixa; sem novo topo (-15.9%))
MOVI3,SMALL11,SMALL11,Bens Industriais,45.31,48.01,30.0,,,0.7,,50.78,72.86,6.92,55.56,87,Não,3,8,False,,False,,False,False,True,False,True,False,3,10,False,False,True,False,False,False,True,True,False,,True,2711933184.0,6.43,0.71,9.41,5.82,11.08,13.78,2.89,3.56,3.65,0.68,6.43,0.93,37.45,97.0,0.22,91.5,8.5,6.1,14.83,10.1,-54.8,-33.7,2.25,0.64,6.710000038146973,2.791306020791541,5.177872668568308,13.826982971298193,14.89632438013547,13.31010817111582,12.944104316598724,7.333973121746239,,11.24822760491046,13.127106243857272,11.814395619471545,6,True,5.3,76.07146873778854,67.63379345697827,n/d,n/d,,,,False,False,,,Em Baixa,8.186177253723145,-18.032558663505526,-55.17702125279421,False,False,False,sem sinal (Em Baixa; sem novo topo (-18.0%))
VALE3,BOVA11,BOVA11,Materiais,45.08,49.5,20.0,,,1.0,,51.01,37.17,42.53,87.5,88,Não,4,8,False,,True,,False,False,False,True,False,False,2,10,True,False,True,False,False,True,True,False,True,0.52,True,303904030720.0,30.78,1.62,7.8,10.47,5.27,18.11,4.76,4.29,1.04,1.19,0.55,,322.12,-43.5,0.39,60.3,38.73,48.99,87.63,45.8,-18.5,-8.1,0.8,0.55,71.41000366210938,53.380272846814655,77.72167726496214,24.12813639005645,47.968760812156766,,38.66688524047508,6.197749319973291,87.21363468765338,,,,6,False,14.1,,,n/d,n/d,,,,False,False,,,Lateral,74.56759643554688,-4.234537418899897,-19.87141984965267,False,False,False,sem sinal (Lateral)
SUZB3,BOVA11,BOVA11,Materiais,44.99,51.17,10.0,,,1.0,,57.72,62.48,32.25,31.25,89,Pivô de alta,5,8,False,,False,,False,False,True,False,False,False,1,10,True,True,False,True,False,False,True,True,False,1.58,False,51750182912.0,6.42,1.06,0.01,3.06,16.44,5.54,22.96,6.06,3.63,3.52,2.02,0.49,19.66,-31.9,0.57,73.83,26.09,39.68,58.97,5.9,-28.7,-3.8,0.39,0.25,42.02000045776367,9.193460737174968,17.053869667459566,86.72352119398263,76.40589462724489,106.49099398321907,15.991032357263702,71.82052570512182,23.881563320826334,,,,5,False,11.6,,,n/d,n/d,,,Pivô de alta,False,False,,,Lateral,43.099998474121094,-2.505795950331402,-29.54858893231914,False,True,False,Pivô de alta
ASAI3,BOVA11+SMALL11,BOVA11,Bens de primeira necessidade,44.43,45.21,40.0,,,0.0,,60.18,57.42,13.65,10.42,90,Não,5,8,False,,True,,False,False,True,False,True,False,4,10,True,True,True,False,True,False,True,False,False,,True,10493502464.0,11.17,1.7,1.31,0.83,15.21,21.18,1.24,2.67,3.72,1.12,4.25,0.81,9.29,123.2,0.41,88.47,11.53,7.01,10.43,11.9,-24.8,-9.7,1.63,0.61,7.840000152587891,0.46592806468760817,0.8642965599955131,9.299910655486977,8.534071614153405,10.267422629232216,1.396812489272497,7.961761369102723,,,,,4,False,22.0,,,n/d,n/d,,,,False,False,,,Em Baixa,8.829999923706055,-11.211775534225033,-26.161031871563356,False,False,False,sem sinal (Em Baixa; sem novo topo (-11.2%))
RANI3,SMALL11,SMALL11,Materiais,44.34,48.64,20.0,,,1.0,,51.01,43.3,35.76,77.08,91,Não,4,8,False,,True,,False,False,False,False,False,False,2,10,False,True,True,False,False,True,True,False,True,1.16,True,1758705280.0,13.98,1.26,5.12,9.01,9.03,11.69,7.65,5.04,2.42,2.1,1.38,,125.93,-70.2,0.56,63.24,36.76,7.0,9.51,9.3,-19.6,-6.2,0.66,0.47,7.650000095367432,4.922130550053364,7.166622080877698,5.690987195409248,8.645972330942127,,4.717408645616455,1.4618332493702328,7.562508261142555,6.450938177340242,6.428804638143473,5.785924174329126,6,True,5.9,-24.367005200001557,-15.674011804957999,n/d,n/d,,,,False,False,,,Em Baixa,8.384929656982422,-8.764886429345164,-21.16162614346574,False,False,False,sem sinal (Em Baixa; sem novo topo (-8.8%))
RENT3,BOVA11+Wishlist,BOVA11,Bens Industriais,44.3,43.3,50.0,,,0.7,,56.38,44.72,14.99,37.5,92,Não,1,8,False,,True,,False,False,True,False,True,True,5,10,False,False,False,False,False,False,True,False,False,6.9,False,36706353152.0,11.18,1.41,6.02,3.46,12.63,12.27,7.39,4.94,4.1,1.14,1.71,1.44,38.67,24.5,0.33,70.15,29.84,31.14,51.57,6.7,-35.6,-21.7,1.7,0.78,33.22999954223633,8.210703244012954,15.23085451764403,39.38260231973446,39.70005754298501,33.30336758606744,47.29344375415517,22.41094978152889,50.0824768638221,35.34339319513388,39.38260231973446,35.444342087761015,7,True,6.1,6.663685152057219,6.359896725882774,2026-11-05,2026-06-29,última,"A análise fundamentalista da Localiza (RENT3) revela uma companhia que atualmente opera com indicadores de rentabilidade ligeiramente pressionados, visto que seu ROE de 12,6% e seu ROIC de 12,3% situam-se abaixo das médias do setor de bens industriais, que registram 14,5% e 12,6%, respectivamente. Essa rentabilidade mais contida convive com múltiplos de valuation moderados, como o P/L de 11,18 e o P/VP de 1,41, sugerindo que o mercado já precifica parte desse desempenho operacional menos robusto. No âmbito financeiro, a relação entre rentabilidade e endividamento exige atenção, uma vez que a alavancagem medida pela relação Dívida Líquida/EBITDA está em 4,1, patamar significativamente acima da média setorial de 2,32, o que é corroborado por uma liquidez corrente apertada de 1,14. Quanto aos proventos, o dividend yield de 6,02% mostra-se atraente, porém sua sustentabilidade futura pode ser desafiada pelo elevado endividamento e por uma margem líquida de 7,39%, que limitam a folga para distribuição de lucros. Em termos de expansão, o crescimento histórico da receita nos últimos cinco anos, com CAGR de 24,5%, fica muito abaixo da média do setor de 126,9%, refletindo-se no checklist de critérios da empresa, que atendeu a apenas 1 de 8 requisitos avaliados. Sob a ótica do valuation, as estimativas de preço-teto apresentam uma dispersão acentuada entre os métodos, variando desde os conservadores R$ 8,27 por Bazin e R$ 15,34 por Gordon, até os mais otimistas R$ 39,67 por Fluxo de Caixa Descontado e R$ 39,99 por Graham. Essa disparidade resulta em uma média de R$ 35,60 e em um preço-teto ajustado com margem de segurança de R$ 35,70, o que confere um upside de 6,7% em relação à cotação atual de R$ 33,47. Como prós, a empresa destaca-se pelo seu expressivo valor de mercado e por um retorno em dividendos ainda relevante; como contras, pesam a forte alavancagem financeira, o crescimento abaixo de seus pares e a baixa eficiência operacional frente à média do setor.",,True,False,,,Em Baixa,39.20000076293945,-15.22959465436362,-36.93014040106323,False,False,False,sem sinal (Em Baixa; sem novo topo (-15.2%))
FESA4,SMALL11,SMALL11,Materiais,44.21,48.48,20.0,,,1.0,,29.75,54.16,71.98,71.53,93,Não,2,8,False,,True,,False,False,False,True,False,False,2,10,False,False,False,False,False,True,True,False,True,-0.28,True,1609620992.0,11.9,0.53,14.13,8.28,4.49,3.69,6.78,3.28,-3.62,3.61,0.12,181.15,98.54,-76.0,1.53,26.31,73.65,4.75,8.69,0.0,-45.3,-28.3,1.11,0.55,4.75,2.809426338481323,2.8245253277977804,2.8664636339778684,8.971673354743139,3.3314289514237934,5.090622846817824,1.082808612798323,5.941653573539704,,,,6,False,8.3,,,n/d,n/d,,,,False,False,,,Em Baixa,6.159999847412109,-22.88960847952728,-46.62921119557976,False,False,False,sem sinal (Em Baixa; sem novo topo (-22.9%))
SAUD3,SMALL11,SMALL11,Cuidados de saúde,44.06,40.07,66.66666666666667,,,0.2,,35.35,31.58,52.86,56.94,94,Não,4,8,False,,True,,False,False,False,,True,True,6,9,False,False,False,False,True,True,True,True,True,-0.77,True,39408340992.0,38.06,2.14,0.97,6.04,5.63,4.59,10.5,20.53,-11.59,1.06,,0.03,230.03,1189.0,0.66,34.2,65.77,10.45,16.09,29.0,-16.2,-5.4,0.75,0.37,13.479999542236328,5.819346242286904,10.794887279442207,4.692853230021843,7.085000053400302,10.625328067973983,5.23229735677095,4.285548987416174,7.115476030627434,6.956342155992475,6.452173147843602,5.806955833059242,8,True,2.5,-56.92169117020705,-48.39508611112,n/d,n/d,,,,False,False,,,Em Baixa,16.09000015258789,-16.22125907768729,-18.20063175844613,False,False,False,sem sinal (Em Baixa; sem novo topo (-16.2%))
FRAS3,SMALL11,SMALL11,Consumo discricionário,44.06,43.01,50.0,,,0.9,,56.38,18.03,49.69,31.94,95,Não,5,8,False,,True,,False,False,True,False,True,True,5,10,True,False,True,False,True,True,True,False,True,0.52,True,5948838400.0,20.82,2.42,2.83,3.07,11.62,15.27,5.39,7.1,1.25,2.41,1.01,4.96,63.85,141.0,0.72,65.64,34.06,18.96,25.01,13.1,-14.2,1.2,0.76,0.5,21.450000762939453,4.698551778847643,6.994827799327255,10.955483806944894,14.334103152107392,7.487459067478215,8.727278149709727,5.472727974087397,10.298232566847659,8.621083036918773,8.107368608593971,7.296631747734574,8,True,3.1,-65.98306998505363,-59.8084721198986,n/d,n/d,,,,False,False,,,Em Alta,21.979999542236328,-2.411277481050167,-14.621927602335127,False,False,False,sem sinal (Em Alta)
RADL3,BOVA11,BOVA11,Bens de primeira necessidade,43.87,42.79,50.0,,,0.0,,62.19,19.32,42.24,15.28,96,Não,5,8,False,,True,,False,False,True,False,True,True,5,10,True,True,True,False,False,True,True,False,True,1.88,False,30022367232.0,23.89,4.4,2.4,1.44,18.41,16.71,2.88,6.88,2.06,1.41,1.18,1.98,34.48,14.4,0.84,70.85,29.09,16.14,26.71,6.4,-35.7,-12.3,1.15,0.56,17.170000076293945,1.7699096307881974,3.2831823651121055,9.522917581033687,7.943778811012106,9.70690114764444,6.399203924813659,7.369510190790747,12.399325423284404,8.089259920527308,7.943778811012106,7.149400929910896,7,True,7.0,-58.36108970213787,-52.88724586730851,n/d,n/d,,,,False,False,,,Em Baixa,20.549999237060547,-16.44768509125295,-36.70553618719453,False,False,False,sem sinal (Em Baixa; sem novo topo (-16.4%))
PNVL3,SMALL11,SMALL11,Bens de primeira necessidade,43.69,39.05,70.0,,,0.0,,39.15,40.81,44.69,22.92,97,Não,4,8,False,,True,,False,False,True,False,True,True,7,10,False,True,False,False,False,True,True,True,True,1.11,True,1628833024.0,12.45,1.3,2.88,2.49,10.45,9.66,2.33,5.54,2.55,1.75,1.07,1.73,30.97,19.0,0.9,66.54,33.46,8.82,16.07,24.0,-32.0,-10.9,1.33,0.68,10.930000305175781,1.9417654663389932,3.6019749400588323,11.632329642054545,12.887096520372884,8.516885453495677,5.543487042171882,6.3262563181044,10.930000305175781,8.491147174490571,8.516885453495677,7.665196908146109,7,True,6.6,-29.87011258804504,-22.313385751053627,n/d,n/d,,,,False,False,,,Lateral,12.4399995803833,-12.138258248727318,-32.92536058577832,False,False,False,sem sinal (Lateral)
USIM5,BOVA11+SMALL11,BOVA11,Materiais,43.24,47.34,20.0,,,1.0,P/L=-3.49<2,10.96,89.37,70.45,59.72,98,Não,4,8,False,,False,,False,False,False,True,True,False,2,10,False,False,False,False,True,True,True,True,True,-0.02,True,7631844864.0,-3.49,0.39,0.0,6.24,-11.18,4.67,-9.36,3.21,-0.18,4.44,0.27,,,301.7,1.4,33.58,58.33,3.97,12.04,56.2,-48.5,-26.8,0.91,0.35,6.199999809265137,2.763007700301737,5.125379284059722,,,,,,9.496772694844005,5.795053226401822,5.125379284059722,4.61284135565375,3,True,3.4,-25.599330684487654,-6.531396698725245,n/d,n/d,,,,False,False,,,Em Baixa,8.6899995803833,-28.653623605909708,-49.09688297273275,False,False,False,sem sinal (Em Baixa; sem novo topo (-28.7%))
AZZA3,BOVA11+SMALL11,BOVA11,Consumo discricionário,41.35,41.59,40.0,,,0.9,,26.85,60.67,52.6,38.19,99,Não,2,8,False,,True,,False,False,False,True,True,True,4,10,False,False,False,False,False,True,True,False,True,0.56,True,2917398016.0,9.72,0.39,16.22,3.53,4.03,5.88,2.85,3.68,2.18,2.26,0.49,3.67,34.33,21.9,0.93,48.36,51.64,14.43,31.78,0.0,-54.6,-26.8,1.31,0.5,14.430000305175781,3.6404731168000346,4.607853530212044,13.421865333237324,35.155409684048045,9.172333633865502,14.395255705239945,6.4354824598040095,18.075750969797237,,,,6,False,9.7,,,n/d,n/d,,,,False,False,,,Em Baixa,17.149999618530273,-15.860054658051304,-55.80092623723441,False,False,False,sem sinal (Em Baixa; sem novo topo (-15.9%))
VBBR3,BOVA11,BOVA11,Consumo discricionário,41.08,37.74,60.0,,,0.9,,43.62,21.34,35.03,57.64,100,Não,4,8,False,,True,,False,False,True,False,True,True,6,10,False,True,False,False,True,True,True,False,True,0.69,True,39475687424.0,13.44,1.86,4.48,6.07,13.83,9.9,1.56,9.18,2.49,1.77,1.1,5.26,81.54,161.2,0.57,65.98,33.8,18.16,36.13,82.2,-8.4,4.2,1.08,0.67,33.09000015258789,14.33978885747253,17.985619751817946,22.057288085740648,31.39293506724493,21.222781923901714,20.574713359737785,10.528087171396015,7.761638031929052,18.23285653115508,19.280166555777868,17.352149900200082,8,True,4.0,-47.56074397043177,-44.899194780665084,n/d,n/d,,,,False,False,,,Lateral,36.130001068115234,-8.414062622904673,-9.664211881797502,False,False,False,sem sinal (Lateral)
VAMO3,BOVA11+SMALL11,BOVA11,Bens Industriais,40.93,44.62,20.0,,,0.7,,52.8,53.62,22.68,29.17,101,Não,4,8,False,,True,,False,False,False,False,False,False,2,10,True,False,True,False,False,False,True,True,False,6.03,False,3335351808.0,10.87,1.04,4.43,2.93,9.57,15.52,5.09,3.83,3.27,1.77,6.47,1.67,31.81,-20.2,0.32,88.84,11.16,2.68,4.82,1.9,-43.4,-18.4,1.99,0.65,2.7300000190734863,0.5706675303867025,1.058588268867333,3.3277369137740287,3.85143406609882,2.3739150989007847,2.3688271523962467,1.701110419701407,10.167824877568892,,,,6,False,17.8,,,n/d,n/d,,,,False,False,,,Em Baixa,3.4200000762939453,-20.175439819526897,-44.73684235927826,False,False,False,sem sinal (Em Baixa; sem novo topo (-20.2%))
HAPV3,BOVA11+SMALL11,BOVA11,Cuidados de saúde,40.85,38.25,55.55555555555556,,,0.2,P/L=-18.56<2,12.98,84.77,52.97,6.25,102,Não,1,8,False,,False,,False,,False,True,True,False,5,9,False,False,False,False,False,False,True,False,False,0.29,True,2988303104.0,-18.56,0.07,0.0,0.13,-0.36,2.12,-1.35,4.14,3.32,1.79,0.34,,,3.5,0.45,33.25,66.74,6.29,41.71,0.0,-84.9,-44.0,1.51,0.34,6.289999961853027,0.05936652904967388,0.08192581008854995,,,,,,15.743774302198862,,,,2,False,265.2,,,n/d,n/d,,,,False,False,,,Em Baixa,11.90999984741211,-47.187237259119165,-85.25550870991248,False,False,False,sem sinal (Em Baixa; sem novo topo (-47.2%))
UNIP6,SMALL11,SMALL11,Materiais,40.35,43.94,20.0,,,1.0,,54.59,10.83,34.4,97.92,103,Não,5,8,False,,True,,False,False,True,False,False,False,2,10,False,True,True,False,False,True,True,True,True,1.46,True,6366927872.0,24.49,3.27,11.23,17.12,13.34,11.66,5.09,8.83,2.73,2.39,1.85,,419.17,-49.4,0.47,74.89,24.93,51.73,71.62,10.3,-20.4,-6.8,0.68,0.37,57.040000915527344,69.73535706614373,101.53467988830529,24.22278519891729,30.23448072135936,,31.092764379111927,6.2220615826889185,21.309781874386324,,,,5,False,16.3,,,n/d,n/d,,,,False,False,,,Em Baixa,63.689998626708984,-10.441196191819202,-21.537321739868997,False,False,False,sem sinal (Em Baixa; sem novo topo (-10.4%))
EMBJ3,BOVA11,BOVA11,Bens Industriais,39.92,35.2,66.66666666666667,,,0.7,,46.76,11.26,52.19,9.03,104,Rompimento,3,8,False,,False,,False,,True,True,True,False,6,9,False,False,False,False,False,True,True,True,True,0.16,True,69716942848.0,30.73,4.0,1.02,0.72,13.01,9.61,5.28,11.69,0.46,1.44,0.68,3.03,22.01,10.4,0.82,70.5,26.66,68.4,103.57,43.2,-5.4,22.4,0.83,0.38,97.94000244140625,5.010921550703712,9.295259476555383,42.22925585254256,41.90251534287598,34.620336041812735,12.878472574506478,28.84054741767715,42.801180688797785,,,,6,False,8.5,,,n/d,n/d,,,Rompimento,False,False,,,Em Alta,96.66999816894531,1.3137522463188889,-6.8202240921387824,False,True,False,"Rompimento (vol x0.8, +1.3% do topo, MM50>MM200)"
TIMS3,BOVA11,BOVA11,Comunicação,38.31,32.72,70.0,,,0.4,,31.77,7.65,44.7,75.69,105,Não,3,8,False,,True,,False,False,False,True,True,True,7,10,False,False,False,True,True,False,True,False,True,0.02,True,43354345472.0,3144.31,1.72,8.18,8.95,0.05,0.76,15.78,109.48,1.05,0.85,0.66,1257.72,28137.92,2.5,0.43,57.89,42.11,17.95,27.96,1.1,-35.1,-21.4,0.74,0.46,18.149999618530273,11.601527395409315,14.47668853253249,,,,,,0.7026676652202606,,,,2,False,20.6,,,n/d,n/d,,,,False,False,,,Em Baixa,21.5,-15.581397123115003,-35.978006487057726,False,False,False,sem sinal (Em Baixa; sem novo topo (-15.6%))
SMFT3,BOVA11+SMALL11,BOVA11,Consumo discricionário,38.24,37.93,40.0,,,0.9,,51.68,39.2,11.53,25.69,106,Não,1,8,False,,False,,False,False,True,False,False,False,4,10,False,False,False,False,False,False,True,False,False,,True,10420804608.0,15.37,1.74,5.89,2.63,11.3,10.6,8.53,3.89,4.32,1.2,2.24,2.28,40.38,-6.3,0.3,73.66,26.34,16.68,26.03,1.8,-34.8,-10.5,1.27,0.6,16.979999542236328,3.186743010463155,5.911408284409153,14.637930639858904,15.574616991589295,10.344935405446941,13.077937992001424,7.629239832650385,,11.196011524326018,11.711436698724182,10.540293028851764,6,True,4.9,-37.9252455064344,-34.063534592701984,n/d,n/d,,,,False,False,,,Em Baixa,20.1200008392334,-15.606367624369888,-35.69104282983061,False,False,False,sem sinal (Em Baixa; sem novo topo (-15.6%))
CBAV3,SMALL11,SMALL11,Materiais,38.23,39.68,30.0,,,1.0,,40.49,37.57,45.06,30.56,107,Não,5,8,False,,False,,False,False,True,True,True,False,3,10,False,True,False,False,True,True,True,True,True,0.61,True,7220396544.0,12.12,1.43,0.4,3.04,11.81,6.25,6.41,6.5,1.95,2.06,0.89,1.63,36.88,28.1,0.48,67.68,30.73,2.83,11.13,292.1,-0.4,3.6,0.23,0.1,11.09000015258789,2.410523243381836,4.471520616473306,12.123968813679005,12.635821509296862,9.605218691950945,6.04382404700637,6.731752398225277,7.459676283771582,8.438826051486192,7.459676283771582,6.7137086553944245,7,True,5.2,-39.46159997276685,-23.905987958738105,n/d,n/d,,,,False,False,,,Em Alta,11.130000114440918,-0.35938869219891423,-0.8050102873988774,False,False,False,sem sinal (Em Alta)
RAIL3,BOVA11,BOVA11,Bens Industriais,37.85,35.71,50.0,,,0.7,,51.01,27.98,21.89,13.89,108,Não,1,8,False,,False,,False,False,False,False,True,True,5,10,False,False,False,False,False,False,True,False,False,1.93,False,25054142464.0,20.53,1.74,0.8,1.31,8.48,12.06,7.34,5.82,3.06,1.37,2.06,3.31,26.89,10.6,0.25,73.88,25.74,12.33,17.04,9.5,-20.8,-7.4,1.14,0.57,13.5,1.2629533824302583,2.3427785244081294,8.712859230394542,10.71410575265352,4.938096043162218,7.676805545877102,4.319255190405856,11.271432636777192,,,,6,False,8.9,,,n/d,n/d,,,,False,False,,,Em Baixa,14.279999732971191,-5.462183106140017,-22.09440338963389,False,False,False,sem sinal (Em Baixa; sem novo topo (-5.5%))
ENGI11,BOVA11,BOVA11,Serviços públicos,37.17,36.67,40.0,,,0.0,,41.39,34.24,21.4,52.08,109,Não,3,8,False,,True,,False,False,False,False,True,True,4,10,False,False,True,False,False,False,True,True,False,3.73,False,13203860480.0,14.59,1.14,2.59,5.38,7.78,10.25,4.13,5.64,4.32,1.56,1.99,8.72,78.49,7.9,0.34,74.62,23.0,40.66,57.51,6.0,-25.0,-12.9,1.31,0.85,43.11000061035156,16.566238829419756,19.12981671822991,24.371462554689295,50.140564194576164,20.840435693754863,39.30135186293233,11.001168210296726,116.87718032371127,,,,7,False,10.6,,,n/d,n/d,,,,False,False,,,Em Baixa,49.778621673583984,-13.396556270603321,-26.434576560463885,False,False,False,sem sinal (Em Baixa; sem novo topo (-13.4%))
POSI3,SMALL11,SMALL11,Tecnologia de informação,37.13,38.39,30.0,,,0.5,,22.15,50.46,46.39,65.28,110,Não,0,8,False,,True,,False,False,False,True,True,False,3,10,False,False,False,False,False,False,False,False,True,0.54,True,459722848.0,39.02,0.31,5.24,6.89,0.8,6.93,0.27,3.76,2.39,1.82,0.78,3.39,268.8,11.5,0.97,64.77,35.23,3.28,4.72,1.2,-29.7,-16.5,1.09,0.5,3.319999933242798,1.6336207778454674,3.0303665429033417,1.127370556521452,4.5279836977763175,1.564599951874134,0.70392541526104,0.8423372460047078,8.517110806878232,,,,6,False,12.1,,,n/d,n/d,,,,False,False,,,Em Baixa,3.5999999046325684,-7.777777189089907,-30.83333747254461,False,False,False,sem sinal (Em Baixa; sem novo topo (-7.8%))
QUAL3,SMALL11,SMALL11,Cuidados de saúde,37.04,41.81,10.0,,,0.2,,45.19,56.35,30.35,13.19,111,Rompimento,3,8,False,,False,,False,False,False,False,True,False,1,10,True,False,True,False,False,False,False,True,True,,True,461080512.0,17.31,0.34,0.56,1.25,1.96,22.61,1.09,1.47,2.0,0.92,1.37,11.26,21.59,32.0,0.47,66.78,32.76,1.39,2.71,17.3,-39.8,-7.6,1.91,0.56,1.6299999952316284,0.14521926003098654,0.16563313631461984,0.767159214052816,3.1870646239487628,0.26216625625418727,0.7284875575865134,0.3425198005633953,,,,,6,False,21.9,,,n/d,n/d,,,Rompimento,False,False,,,Em Baixa,1.6100000143051147,1.2422348291186713,-41.905431739097764,False,True,False,"Rompimento (vol x0.5, +1.2% do topo, MM50>MM200)"
BRAP4,BOVA11+SMALL11,BOVA11,Basic Materials,36.25,36.77,33.333333333333336,,,1.0,DY5a=24.2%>=20,16.78,42.4,74.72,,112,Não,5,7,False,,True,,False,False,False,True,True,False,3,9,False,True,True,False,True,,True,True,True,,True,7916965376.0,13.73,1.0,11.54,24.19,7.26,-0.47,0.0,-208.84,,5.99,0.0,1.89,332.08,73.9,,4.4,95.6,13.96,25.49,44.2,-21.0,-10.9,0.88,0.62,20.139999389648438,34.79365231014688,64.54222503532246,19.435906184474998,25.78193110232003,44.00582532333963,16.07477230315609,10.612528655596249,,25.117435979838977,22.608918643397516,20.348026779057765,6,True,6.1,1.0329066321434377,24.71418441426987,n/d,n/d,,,,False,False,,,Em Baixa,22.0,-8.45454822887074,-21.42021049896108,False,False,False,sem sinal (Em Baixa; sem novo topo (-8.5%))
SLCE3,BOVA11+SMALL11,BOVA11,Bens de primeira necessidade,36.2,40.82,10.0,,,0.0,,41.39,35.66,33.43,65.97,113,Não,1,8,False,,True,,False,False,False,False,False,False,1,10,False,False,False,False,False,False,True,False,False,4.44,False,6566198784.0,17.12,1.23,6.04,7.05,7.16,10.84,3.82,5.95,4.66,2.2,1.77,,120.69,-50.4,0.63,73.5,23.57,12.62,19.32,4.8,-31.5,-14.8,0.44,0.34,13.229999542236328,6.66178217852828,9.699554851937176,8.03691560976973,13.67560827444573,,9.789824972865738,2.064427498663379,9.028609341248513,9.482049204799194,9.364082096592846,8.427673886933562,6,True,6.6,-36.29875904357747,-28.329179645637392,n/d,n/d,,,,False,False,,,Em Baixa,13.770000457763672,-3.921575145793732,-32.08418966565587,False,False,False,sem sinal (Em Baixa; sem novo topo (-3.9%))
ARML3,SMALL11,SMALL11,Bens Industriais,35.98,37.03,30.0,,,0.7,,34.45,41.39,30.54,50.69,114,Não,2,8,False,,True,,False,False,False,False,True,False,3,10,False,False,False,False,False,False,True,True,False,1.98,False,1001335680.0,16.83,0.76,18.26,4.78,4.51,9.85,2.66,4.56,3.3,2.16,2.35,19.02,80.38,2.5,0.54,75.09,23.96,2.71,6.17,6.8,-53.2,-25.1,1.78,0.54,2.890000104904175,0.9858942943182936,1.0617263028231307,1.32089388666226,3.8330127462014087,0.972064904277111,2.2071919206542936,0.5542421163163552,4.730108392176074,,,,6,False,8.5,,,n/d,n/d,,,,False,False,,,Em Baixa,3.559999942779541,-18.82022046753884,-54.12698385066126,False,False,False,sem sinal (Em Baixa; sem novo topo (-18.8%))
TTEN3,SMALL11,SMALL11,Bens de primeira necessidade,35.93,33.45,50.0,,,0.0,,34.23,42.22,31.56,11.81,115,Não,2,8,False,,True,,False,True,True,False,False,True,5,10,False,True,False,False,False,False,True,False,False,0.28,True,4889303552.0,9.41,1.11,1.64,0.95,11.76,4.0,4.16,17.24,3.5,1.26,1.0,0.88,8.93,-53.7,0.97,64.13,35.82,9.77,17.74,0.0,-44.9,-34.7,0.83,0.38,9.770000457763672,0.662249781727353,1.2284733451042398,13.756908189730991,14.339352533240175,12.104858179075427,1.4835455133222344,9.763078336909286,1.4506342419760054,,,,3,False,21.7,,,n/d,n/d,,,,False,False,,,Em Baixa,15.239999771118164,-35.89238448494515,-45.418990692884364,False,False,False,sem sinal (Em Baixa; sem novo topo (-35.9%))
YDUQ3,BOVA11+SMALL11,BOVA11,Consumo discricionário,35.52,36.49,30.0,,,0.9,,37.36,44.82,22.9,38.89,116,Não,1,8,False,,False,,False,False,False,False,False,False,3,10,False,False,False,False,False,False,True,False,False,3.92,False,1819308672.0,18.64,0.73,7.37,3.6,3.89,11.35,2.14,3.71,3.13,1.47,1.78,14.57,67.11,-46.7,0.4,70.08,29.69,7.15,14.76,0.0,-51.6,-24.9,1.62,0.61,7.150000095367432,1.8387401167908002,2.0495687206966946,3.0540365971382903,9.194178319876851,1.8717906949520882,5.414741589528915,1.3331958631686707,11.444460054998258,,,,6,False,8.6,,,n/d,n/d,,,,False,False,,,Em Baixa,8.380000114440918,-14.677804323103494,-53.23740933155039,False,False,False,sem sinal (Em Baixa; sem novo topo (-14.7%))
SIMH3,SMALL11,SMALL11,Industrials,34.79,37.4,20.0,,,0.7,P/L=-19.72<2,27.96,80.05,15.0,18.06,117,Não,5,8,False,,False,,False,False,False,False,True,False,2,10,False,True,True,False,True,False,True,True,False,6.84,False,3531743744.0,-19.72,0.61,2.78,2.24,-3.1,11.25,-0.41,3.75,3.44,1.28,6.05,,,6.0,0.36,91.64,5.09,6.05,14.3,0.0,-57.7,-33.0,2.33,0.7,6.050000190734863,0.9678722542693768,1.7954030316696938,,,,,,35.612914469781785,,,,2,False,36.8,,,n/d,n/d,,,,False,False,,,Em Baixa,7.880000114440918,-23.223348948338085,-58.587999748780796,False,False,False,sem sinal (Em Baixa; sem novo topo (-23.2%))
SOJA3,SMALL11,SMALL11,Bens de primeira necessidade,34.73,35.56,30.0,,,0.0,,20.58,51.95,45.72,41.67,118,Não,2,8,False,,True,,False,False,False,False,True,False,3,10,False,False,False,False,True,False,True,False,False,0.89,True,701077632.0,29.06,0.54,5.61,3.84,1.84,5.12,0.95,9.81,6.11,4.6,1.23,0.02,111.65,1741.4,1.35,45.47,36.89,4.97,10.46,0.0,-52.5,-21.7,0.74,0.34,4.96999979019165,1.3638919263347329,2.530019523350929,2.266087309705415,5.951178059421765,5.1307637200877325,0.7136242546312976,2.069408033768719,,,,,5,False,8.3,,,n/d,n/d,,,,False,False,,,Em Baixa,5.920000076293945,-16.047301923296875,-52.46645010905105,False,False,False,sem sinal (Em Baixa; sem novo topo (-16.0%))
JSLG3,SMALL11,SMALL11,Bens Industriais,34.14,36.64,20.0,,,0.7,P/L=-13.44<2,22.15,59.22,12.46,93.75,119,Não,1,8,False,,True,,False,False,False,False,False,False,2,10,False,False,False,False,False,False,True,False,False,,True,1404015104.0,-13.44,1.19,39.0,13.86,-8.83,9.68,-1.07,4.16,4.15,1.38,6.52,,,-44.0,0.43,89.08,10.92,3.81,8.64,29.1,-43.1,-22.5,2.11,0.62,4.920000076293945,4.872284025585656,7.094045541252716,,,,,,,5.983164783419186,5.983164783419186,5.384848305077267,2,True,1.5,9.44813458485707,21.609038427618966,n/d,n/d,,,,False,False,,,Em Baixa,5.760000228881836,-14.583335402938967,-44.21768427972717,False,False,False,sem sinal (Em Baixa; sem novo topo (-14.6%))
MYPK3,SMALL11,SMALL11,Consumo discricionário,33.75,36.18,20.0,,,0.9,,26.17,51.15,31.7,52.78,120,Não,1,8,False,,True,,False,False,False,False,True,False,2,10,False,False,False,False,False,False,True,False,True,1.34,True,1325462528.0,15.41,0.34,3.35,5.43,2.23,8.93,0.6,3.51,2.8,1.73,1.21,42.34,83.68,0.1,0.65,66.29,30.03,8.74,13.84,1.3,-36.1,-4.9,0.82,0.5,8.850000381469727,3.432715437761632,3.537153818122195,4.2269660335373,18.339765174686843,3.327625966439861,7.287627688225836,1.6655797459521247,15.690352042716292,,,,6,False,11.0,,,n/d,n/d,,,,False,False,,,Em Baixa,9.710000038146973,-8.856845039120786,-36.91527042749282,False,False,False,sem sinal (Em Baixa; sem novo topo (-8.9%))
RAPT4,SMALL11,SMALL11,Bens Industriais,33.74,39.69,0.0,,,0.7,P/L=-4.79<2,20.13,80.03,29.5,47.22,121,Não,1,8,False,,False,,False,False,False,False,False,False,0,10,False,False,False,False,False,False,True,False,False,3.98,False,1551660544.0,-4.79,0.55,0.0,4.31,-11.45,9.51,-2.23,3.85,3.38,2.07,2.19,,,-3.4,0.76,74.66,17.25,4.35,6.9,2.3,-35.5,-11.1,1.37,0.57,4.449999809265137,1.3684211853612642,1.9924212458860007,,,,,,18.879263602761455,,,,2,False,13.8,,,n/d,n/d,,,,False,False,,,Em Baixa,5.139999866485596,-13.424125975556434,-36.60968915447466,False,False,False,sem sinal (Em Baixa; sem novo topo (-13.4%))
AUAU3,SMALL11,SMALL11,Consumo discricionário,33.45,33.47,33.333333333333336,,,0.9,,32.66,49.36,26.61,11.11,122,Não,1,8,False,,,,,,False,True,False,,1,3,False,False,False,False,False,False,True,False,False,,True,2711500544.0,15.43,0.93,0.88,0.92,6.04,7.01,3.33,3.22,3.87,1.19,0.74,2.98,14.18,-18.6,,,,2.8,3.87,12.3,-18.5,-5.7,0.91,0.43,3.1500000953674316,0.20679494496699313,0.3453948817023873,2.4355249584397836,3.9443676539697856,1.2458166187457091,0.5075327292473238,1.2105121289999803,,,,,4,False,19.1,,,n/d,n/d,,,,False,False,,,Lateral,3.680000066757202,-14.402172874328334,-21.904873078149688,False,False,False,sem sinal (Lateral)
DESK3,SMALL11,SMALL11,Comunicação,32.74,33.22,30.0,,,0.4,,41.83,25.85,35.5,8.33,123,Não,3,8,False,,True,,False,False,False,False,False,True,3,10,False,True,True,False,False,False,True,False,True,1.1,True,2184146432.0,39.27,1.53,0.77,0.44,3.91,11.53,4.95,5.25,2.2,1.41,1.21,12.12,17.13,-50.8,0.32,62.73,36.49,7.65,18.87,145.5,-0.4,4.2,0.71,0.21,18.790000915527344,0.5854389986614706,0.7864226518957632,4.5910521851119555,11.498518658382368,1.7591092396491994,0.6720492485945239,2.2527663505522963,18.790000915527344,,,,3,False,32.1,,,n/d,n/d,,,,False,False,,,Em Alta,18.8700008392334,-0.42395294196131417,-2.084416922346466,False,False,False,sem sinal (Em Alta)
CASH3,SMALL11,SMALL11,Comunicação,32.37,28.28,55.55555555555556,,,0.4,P/L=-5.53<2,1.34,42.86,83.44,2.78,124,Não,2,8,False,,False,,False,,False,True,True,False,5,9,False,False,False,False,True,True,False,False,True,,True,608427072.0,-5.53,1.3,0.0,0.0,-23.45,-16.62,-20.31,-8.59,-1.12,2.68,0.0,,,18.2,1.74,18.27,80.69,3.24,5.83,65.7,-7.9,26.2,0.93,0.32,5.369999885559082,,,,,,,,,,,,0,True,,,,n/d,n/d,,,,False,False,,,Lateral,5.380000114440918,-0.1858778563032626,-11.677632352899659,False,False,False,sem sinal (Lateral)
CSNA3,BOVA11+SMALL11,BOVA11,Materiais,32.29,37.99,0.0,,,1.0,P/L=-2.30<2,16.55,78.53,6.99,95.14,125,Não,2,8,False,,False,,False,False,False,False,False,False,0,10,False,False,False,False,False,False,True,True,False,,True,5795030528.0,-2.3,0.5,0.0,15.41,-21.59,8.07,-4.49,4.2,5.14,1.11,3.24,,,-2.8,0.39,84.35,12.8,4.28,10.89,2.1,-59.9,-24.6,1.62,0.53,4.369999885559082,4.810427212467484,7.003982021352658,,,,,,,5.907204616910072,5.907204616910072,5.316484155219064,2,True,1.5,21.65867950678202,35.17631056309112,n/d,n/d,,,,False,False,,,Em Baixa,5.710000038146973,-23.46760321603696,-61.39575968754528,False,False,False,sem sinal (Em Baixa; sem novo topo (-23.5%))
NATU3,BOVA11+SMALL11,BOVA11,Bens de primeira necessidade,32.28,35.77,12.5,,,0.0,P/L=-4.12<2,19.91,62.68,54.3,2.78,126,Não,2,8,False,,False,,,,False,True,False,False,1,8,False,False,False,False,False,True,True,False,True,1.0,True,10533220352.0,-4.12,0.87,0.0,0.0,-21.11,10.18,-12.47,4.82,2.58,1.68,0.54,,,-88.9,0.77,55.1,44.9,7.2,10.7,6.5,-28.3,-17.0,1.09,0.39,7.670000076293945,,,,,,,,10.130405632132662,10.130405632132662,10.130405632132662,9.117365068919396,1,True,1.0,18.870469077293684,32.078298974770746,n/d,n/d,,,,False,False,,,Em Baixa,8.5600004196167,-10.39719976278467,-31.210759294133872,False,False,False,sem sinal (Em Baixa; sem novo topo (-10.4%))
BHIA3,SMALL11,SMALL11,Consumo discricionário,31.88,35.55,11.11111111111111,,,0.9,P/L=-0.18<2,23.94,95.79,2.74,2.78,127,Não,1,8,False,,False,,False,,False,False,True,False,1,9,False,False,False,False,False,False,False,True,False,,True,658938752.0,-0.18,0.37,0.0,0.0,-2.05,10.46,-12.3,1.94,6.49,0.72,6.41,,,6.1,0.47,91.75,8.25,0.65,5.15,0.0,-87.4,-61.0,1.56,0.36,0.6499999761581421,,,,,,,,,,,,0,True,,,,n/d,n/d,,,,False,False,,,Em Baixa,0.8199999928474426,-20.73170953318878,-88.1386866077413,False,False,False,sem sinal (Em Baixa; sem novo topo (-20.7%))
DXCO3,SMALL11,SMALL11,Materiais,30.74,34.4,10.0,,,1.0,P/L=-133.03<2,15.21,68.72,33.47,36.81,128,Não,2,8,False,,True,,False,False,False,False,False,False,1,10,False,False,False,False,False,False,True,True,False,1.44,True,4484880896.0,-133.03,0.69,0.0,3.43,-0.52,4.35,-0.11,4.77,3.22,1.98,1.18,,,-53.0,0.51,62.06,36.03,4.44,6.09,11.3,-18.9,-1.8,1.18,0.61,4.940000057220459,1.2092198372511769,1.7606240830377136,,,,,,5.70594713112376,1.4849219601444452,1.4849219601444452,1.3364297641300007,2,True,4.7,-72.94676622165959,-69.94085135739955,n/d,n/d,,,,False,False,,,Lateral,5.289999961853027,-6.6162553337706935,-20.578774536128275,False,False,False,sem sinal (Lateral)
LWSA3,SMALL11,SMALL11,Tecnologia de informação,30.73,32.62,20.0,,,0.5,P/L=-10.62<2,12.75,56.7,50.32,26.39,129,Não,1,7,False,,False,,False,False,False,True,True,False,2,10,False,False,False,False,False,,True,False,True,,True,2142043008.0,-10.62,0.89,8.19,2.64,-8.41,5.89,-14.56,5.51,,1.14,0.03,,,47.1,1.15,32.17,67.83,3.42,4.72,14.0,-17.4,1.6,1.31,0.53,3.9000000953674316,0.7361175351606832,1.3654980277230673,,,,,,,1.0508077814418753,1.0508077814418753,0.9457270032976878,2,True,1.9,-75.750590252009,-73.05621139112112,n/d,n/d,,,,False,False,,,Em Baixa,3.9200000762939453,-0.5102035851341613,-18.813823259871143,False,False,False,sem sinal (Em Baixa; sem novo topo (-0.5%))
BRAV3,BOVA11+SMALL11,BOVA11,Energia,30.53,30.03,33.333333333333336,,,0.9,,23.49,55.12,22.14,12.5,130,Não,1,8,False,,False,,False,,False,False,False,True,3,9,False,False,False,False,False,False,True,False,False,12.88,False,8431457280.0,156.54,0.69,0.67,1.08,0.44,8.3,0.44,3.21,3.05,1.26,1.55,,168.77,-17.3,0.27,72.43,27.57,13.35,21.64,36.0,-16.1,-7.2,0.51,0.24,18.149999618530273,1.397680891440724,2.0350233779376943,,,,,,18.149999618530273,,,,2,False,13.0,,,n/d,n/d,,,,False,False,,,Em Baixa,21.0,-13.571430387951079,-18.040221931750843,False,False,False,sem sinal (Em Baixa; sem novo topo (-13.6%))
PRNR3,SMALL11,SMALL11,Bens Industriais,30.17,31.96,20.0,,,0.7,,40.94,24.07,29.6,15.97,131,Não,2,8,False,,False,,False,False,False,False,True,False,2,10,False,False,False,False,True,False,True,False,True,1.77,False,934019456.0,22.01,2.02,0.0,1.69,9.17,10.43,2.67,5.68,2.65,1.46,1.36,3.82,37.1,2500.3,0.64,70.26,25.54,14.63,21.97,12.0,-25.4,-12.9,1.1,0.59,16.389999389648438,1.9731302874464176,3.549364301118897,9.56809928218802,11.65962252204716,5.5504990819706554,5.3928459829833155,4.689301590018126,14.685735337759393,6.734955460054363,5.471672532476985,4.924505279229287,6,True,7.4,-69.95420706153598,-58.90814087334248,n/d,n/d,,,,False,False,,,Em Baixa,19.700000762939453,-16.80203677716573,-25.803534285044748,False,False,False,sem sinal (Em Baixa; sem novo topo (-16.8%))
MRVE3,BOVA11+SMALL11,BOVA11,Consumo discricionário,29.94,33.26,11.11111111111111,,,0.9,P/L=-4.69<2,15.66,67.75,32.86,27.08,132,Não,2,8,False,,False,,False,,False,False,True,False,1,9,False,False,False,False,False,True,True,False,True,0.5,True,2532754944.0,-4.69,0.59,0.0,2.67,-12.58,6.84,-4.93,5.24,2.41,1.89,1.69,,,10.7,0.89,78.42,18.67,4.2,10.43,7.1,-56.9,-24.6,1.51,0.54,4.5,0.8566752254683824,1.5891325432438492,,,,,,2.622996738014311,1.6896015022421809,1.5891325432438492,1.4302192889194643,3,True,3.1,-68.21734913512302,-62.45329995017376,n/d,n/d,,,,False,False,,,Em Baixa,4.800000190734863,-6.250003725290155,-57.26495618124522,False,False,False,sem sinal (Em Baixa; sem novo topo (-6.3%))
LJQQ3,SMALL11,SMALL11,Consumo discricionário,29.75,33.04,11.11111111111111,,,0.9,P/L=-1.00<2,7.16,89.8,14.28,45.14,133,Não,0,8,False,,False,,False,,False,False,True,False,1,9,False,False,False,False,False,False,False,False,False,,True,196571392.0,-1.0,0.67,0.0,4.09,-67.62,2.03,-6.84,0.76,33.06,1.86,7.1,,,3.7,0.82,89.26,10.74,0.95,2.83,0.0,-66.4,-36.8,2.11,0.59,0.949999988079071,0.2777182566866057,0.39144792724040206,,,,,,,0.3345830919635039,0.3345830919635039,0.3011247827671535,2,True,1.4,-68.30265404781352,-64.7807267197928,n/d,n/d,,,,False,False,,,Em Baixa,1.309999942779541,-27.480913772914118,-66.89895379929574,False,False,False,sem sinal (Em Baixa; sem novo topo (-27.5%))
BRKM5,BOVA11+SMALL11,BOVA11,Materiais,28.99,29.69,25.0,,,1.0,P/L=-0.77<2,37.47,17.56,0.85,82.64,134,Não,5,8,False,,False,,False,,True,,True,False,2,8,True,True,False,False,True,False,True,True,False,,True,3777629952.0,-0.77,-0.34,0.0,9.79,44.02,1.85,-13.68,8.32,16.21,0.71,,,,107.2,0.31,120.15,-19.72,4.74,12.7,0.0,-62.7,-43.8,0.94,0.22,4.739999771118164,3.3143432370224377,6.148106704676622,,,,,,,4.73122497084953,4.73122497084953,4.258102473764577,2,True,1.9,-10.166610139728082,-0.18512237747565496,n/d,n/d,,,,False,False,,,Em Baixa,6.170000076293945,-23.1766659237178,-65.60232320050892,False,False,False,sem sinal (Em Baixa; sem novo topo (-23.2%))
CVCB3,SMALL11,SMALL11,Consumo discricionário,27.76,24.82,44.44444444444444,,,0.9,P/L=-5.10<2,11.86,56.85,24.97,2.78,135,Não,1,8,False,,False,,False,,False,False,True,False,4,9,False,False,False,False,False,True,False,False,True,2.81,False,687454144.0,-5.1,2.08,0.0,0.0,-40.86,5.9,-7.1,2.24,1.29,0.73,1.4,,,0.5,0.67,87.19,12.81,1.12,2.72,17.9,-51.5,-20.4,1.06,0.28,1.3200000524520874,,,,,,,,3.842364694551689,3.842364694551689,3.842364694551689,3.45812822509652,1,True,1.0,161.97940058203451,191.0882228689273,n/d,n/d,,,,False,False,,,Lateral,1.5499999523162842,-14.8387036735382,-52.68816951612478,False,False,False,sem sinal (Lateral)
DASA3,SMALL11,SMALL11,Cuidados de saúde,27.57,32.43,0.0,,,0.2,P/L=-3.51<2,14.77,81.63,22.03,9.72,136,Não,2,8,False,,False,,False,,False,False,False,False,0,9,False,False,False,False,False,False,True,True,False,,True,2574638080.0,-3.51,0.46,0.0,0.75,-13.13,7.28,-10.87,4.03,4.7,1.3,1.22,,,-41.9,0.48,62.87,36.98,1.24,4.6,66.1,-55.2,-29.9,2.09,0.42,2.059999942779541,0.1103763413280285,0.16070795297360949,,,,,,,0.135542147150819,0.135542147150819,0.1219879324357371,2,True,1.5,-94.07825554251522,-93.42028393612803,n/d,n/d,,,,False,False,,,Em Baixa,3.069999933242798,-32.89902320604965,-56.81341821767867,False,False,False,sem sinal (Em Baixa; sem novo topo (-32.9%))
HBOR3,SMALL11,SMALL11,Imobiliário,27.05,28.29,20.0,,,0.8,,16.11,35.73,39.04,43.06,137,Não,1,8,False,,True,,False,False,False,True,False,False,2,10,False,False,False,False,False,False,False,True,False,,True,248137056.0,53.75,0.17,7.28,3.93,0.31,2.16,0.48,13.21,13.24,2.34,0.7,,211.16,-74.5,0.81,57.57,22.01,1.68,4.23,11.3,-55.8,-15.1,1.59,0.4,1.8700000047683716,0.5247499178247933,0.764035880352899,0.36182325673657795,2.934399038701448,,0.3063329581007718,0.09294086402436826,,,,,4,False,31.6,,,n/d,n/d,,,,False,False,,,Em Baixa,2.009999990463257,-6.965173450703277,-56.04584957412821,False,False,False,sem sinal (Em Baixa; sem novo topo (-7.0%))
CAML3,SMALL11,SMALL11,Bens de primeira necessidade,26.59,29.52,10.0,,,0.0,,22.82,36.94,26.13,47.92,138,Não,1,8,False,,True,,False,False,False,False,False,False,1,10,False,False,False,False,False,False,True,False,False,1.37,True,1545052800.0,14.66,0.54,6.35,4.34,3.69,5.74,0.99,7.74,5.55,1.87,1.99,10.93,63.64,-58.5,0.76,72.01,27.99,4.05,7.23,11.9,-37.3,-17.2,1.36,0.57,4.53000020980835,1.4045427047234396,1.5742790944348075,2.4739048732794,7.637049686421361,1.75594793453257,1.8384669092081998,1.08611224791991,,1.6888756273497212,1.6651135144836888,1.49860216303532,6,True,7.0,-66.91827607887195,-62.717979047926534,n/d,n/d,,,,False,False,,,Em Baixa,4.809999942779541,-5.821200338921184,-37.986330387335244,False,False,False,sem sinal (Em Baixa; sem novo topo (-5.8%))
GFSA3,SMALL11,SMALL11,Consumo discricionário,26.47,31.14,0.0,,,0.9,P/L=-0.06<2,0.67,100.0,27.81,2.78,139,Não,1,7,False,,False,,False,,False,False,False,False,0,9,False,False,False,False,False,,False,True,True,,True,33047134.0,-0.06,0.02,0.0,0.0,-39.87,-6.27,-124.06,-5.68,,1.31,1.06,,,-55.9,0.96,67.49,32.51,0.22,14.65,0.0,-98.5,-78.7,1.07,0.23,0.2199999988079071,,,,,,,,,,,,0,True,,,,n/d,n/d,,,,False,False,,,Em Baixa,0.3499999940395355,-37.14285641300433,-98.53333334128061,False,False,False,sem sinal (Em Baixa; sem novo topo (-37.1%))
RCSL4,SMALL11,SMALL11,Bens Industriais,26.41,28.55,14.285714285714286,,,0.7,P/L=-4.67<2,38.7,,18.61,2.78,140,Pivô de alta,2,6,False,,False,,False,,True,,,False,1,7,True,True,False,False,,,False,False,True,,True,72554832.0,-4.67,-4.69,0.0,0.0,100.56,-2.72,0.0,-81.5,,1.22,,,,,0.2,170.21,-69.4,0.26,2.7,119.2,-78.9,-7.0,0.21,0.03,0.5699999928474426,,,,,,,,,,,,0,True,,,,n/d,n/d,,,Pivô de alta,False,False,,,Em Alta,0.7799999713897705,-26.92307515962583,-79.44093832264083,False,True,False,Pivô de alta
MGLU3,BOVA11+SMALL11,BOVA11,Consumo discricionário,25.7,28.28,11.11111111111111,,,0.9,,20.58,50.39,21.7,20.83,141,Não,1,8,False,,False,,False,,False,True,False,False,1,9,False,False,False,False,False,False,True,False,False,,True,2924232192.0,34.89,0.28,2.04,2.33,0.79,6.07,0.35,2.25,4.8,1.13,0.76,237.69,81.42,-2.0,0.75,70.25,29.75,3.77,11.0,0.0,-65.7,-39.7,1.94,0.59,3.7699999809265137,0.6284032993839694,0.6359940987574503,0.7811365733133522,5.721410473742572,0.2680149658622092,1.4684267003092493,0.29862810424835684,,,,,6,False,21.3,,,n/d,n/d,,,,False,False,,,Em Baixa,5.159999847412109,-26.93798270522665,-67.05914247853521,False,False,False,sem sinal (Em Baixa; sem novo topo (-26.9%))
ORVR3,SMALL11,SMALL11,Bens Industriais,25.65,22.33,44.44444444444444,,,0.7,,27.96,8.6,36.58,2.78,142,Não,1,8,False,,False,,False,,False,False,True,False,4,9,False,False,False,False,False,False,True,False,False,0.35,True,8530572800.0,174.99,1.81,0.0,0.0,1.04,3.71,7.47,20.1,3.24,2.27,1.48,168.26,,37.5,0.49,63.86,33.58,12.01,20.97,29.3,-26.0,-18.0,1.1,0.65,15.529999732971191,,,,,,,,1.9552515491496172,1.9552515491496172,1.9552515491496172,1.7597263942346555,1,True,1.0,-88.66885753707618,-87.40984170786241,n/d,n/d,,,,False,False,,,Em Baixa,17.899999618530273,-13.240223106516902,-26.83156912199869,False,False,False,sem sinal (Em Baixa; sem novo topo (-13.2%))
CSAN3,BOVA11+SMALL11,BOVA11,Consumo discricionário,25.16,27.83,10.0,,,0.9,P/L=-1.38<2,16.78,33.64,47.22,24.31,143,Não,2,8,False,,False,,False,False,False,False,True,False,1,10,False,False,False,False,False,True,True,False,True,0.47,True,12621973504.0,-1.38,3.77,0.0,2.53,-2.72,8.5,-23.92,4.7,0.52,1.87,1.1,,,26.5,0.41,77.05,3.93,3.2,8.0,0.0,-60.0,-25.8,1.87,0.64,3.200000047683716,0.5786421082276403,1.0733811107622728,,,,,,2.7102402329070987,0.8260116094949566,0.8260116094949566,0.7434104485454609,2,True,4.7,-76.7684238291318,-74.18713758792424,n/d,n/d,,,,False,False,,,Em Baixa,4.099999904632568,-21.951216533735707,-60.14943768248819,False,False,False,sem sinal (Em Baixa; sem novo topo (-22.0%))
EQTL3,BOVA11,BOVA11,Serviços públicos,24.98,24.09,30.0,,,0.0,,29.31,19.61,13.69,32.64,144,Não,1,8,False,,True,,False,False,False,False,False,True,3,10,False,False,False,False,False,False,True,False,False,1.93,False,42261889024.0,45.75,1.68,4.53,3.15,3.67,9.18,1.76,7.76,4.15,,2.06,,144.26,-55.0,0.33,74.15,23.5,33.29,45.35,1.0,-25.8,-15.7,1.21,0.82,33.630001068115234,7.574624258504426,11.028652920382447,7.644852701822917,18.195665739676055,,8.226418621834334,1.9637190319242934,34.93248448274351,,,,5,False,17.8,,,n/d,n/d,,,,False,False,,,Em Baixa,39.209999084472656,-14.231058777471706,-27.396370272703084,False,False,False,sem sinal (Em Baixa; sem novo topo (-14.2%))
KLBN11,BOVA11,BOVA11,Materiais,24.54,27.1,10.0,,,1.0,,24.83,19.22,22.26,66.67,145,Não,1,8,False,,True,,False,False,False,False,False,False,1,10,False,False,False,False,False,False,True,False,False,4.25,False,123645460480.0,38.93,2.3,6.63,7.1,5.92,5.45,0.86,6.15,3.99,2.0,2.3,,276.21,-51.7,0.37,77.43,12.36,16.08,21.02,8.2,-17.2,-1.3,0.52,0.45,17.399999618530273,8.818090558157168,12.839139852676837,4.648343078158614,8.722367441202524,,7.449267753459318,1.1940112027687648,8.21703995292498,,,,6,False,10.8,,,n/d,n/d,,,,False,False,,,Em Alta,18.639999389648438,-6.652359504940685,-18.117648853975187,False,False,False,sem sinal (Em Alta)
ENEV3,BOVA11,BOVA11,Serviços públicos,24.01,22.36,33.333333333333336,,,0.0,,30.87,9.66,28.85,2.78,146,Não,1,8,False,,True,,False,,False,False,False,True,3,9,False,False,False,False,False,False,True,False,False,1.11,True,46165139456.0,49.16,2.32,0.0,0.0,4.73,5.85,5.03,11.59,3.76,,1.17,10.39,,-91.4,0.26,62.34,34.87,13.71,27.59,75.3,-12.9,-6.6,1.09,0.54,24.040000915527344,,,5.524767103264023,10.677653153116854,2.313043212580235,,2.7602827972053836,12.71698172363563,6.798545597960425,5.524767103264023,4.97229039293762,5,True,5.5,-79.31659649095089,-71.71986131843585,n/d,n/d,,,,False,False,,,Em Baixa,27.15999984741211,-11.487477722434702,-14.509245383853564,False,False,False,sem sinal (Em Baixa; sem novo topo (-11.5%))
HBSA3,SMALL11,SMALL11,Bens Industriais,23.17,25.3,11.11111111111111,,,0.7,P/L=-25.25<2,25.95,19.95,41.76,2.78,147,Não,1,8,False,,False,,False,,False,False,True,False,1,9,False,False,False,False,False,False,True,False,False,1.43,True,4421243392.0,-25.25,2.16,0.0,0.0,-8.56,11.14,-5.52,7.67,3.06,3.26,1.56,,,5.4,0.41,66.67,33.33,2.98,4.38,9.1,-25.8,-6.2,0.78,0.37,3.25,,,,,,,,1.626638890844097,1.626638890844097,1.626638890844097,1.4639750017596873,1,True,1.0,-54.95461533047116,-49.949572589412405,n/d,n/d,,,,False,False,,,Em Baixa,3.4200000762939453,-4.9707623538466255,-25.968107087853287,False,False,False,sem sinal (Em Baixa; sem novo topo (-5.0%))
AURE3,BOVA11+SMALL11,BOVA11,Serviços públicos,22.14,22.52,20.0,,,0.0,P/L=-9.92<2,9.84,34.73,12.34,69.44,148,Não,2,8,False,,False,,False,False,False,False,True,False,2,10,False,False,False,False,False,False,True,True,False,1.19,True,10456797184.0,-9.92,0.94,0.0,7.48,-9.47,2.64,-8.09,11.6,6.49,1.12,1.85,,,5.9,0.26,71.73,25.67,9.64,14.61,3.8,-31.5,-18.1,1.08,0.57,10.010000228881836,5.3483598249269075,9.789479353625472,,,,,,2.7610834595302207,5.966307546027533,5.3483598249269075,4.813523842434217,3,True,3.5,-51.912849826458896,-40.39652937456528,n/d,n/d,,,,False,False,,,Em Baixa,11.449999809265137,-12.576415758697902,-31.71896089310755,False,False,False,sem sinal (Em Baixa; sem novo topo (-12.6%))
TUPY3,SMALL11,SMALL11,Bens Industriais,19.63,23.09,0.0,,,0.7,P/L=-2.60<2,6.49,41.18,29.26,40.28,149,Não,2,8,False,,False,,False,False,False,False,False,False,0,10,False,False,False,False,False,False,True,True,False,0.76,True,1943933952.0,-2.6,0.88,0.0,3.73,-33.8,1.49,-8.26,8.38,3.88,2.16,1.72,,,-5.8,0.87,73.24,26.66,11.34,16.35,30.8,-9.3,3.8,1.28,0.53,14.829999923706055,3.9539173453768286,5.756903654868664,,,,,,4.902033421931694,4.870951474059062,4.902033421931694,4.411830079738525,3,True,1.5,-70.25063990266025,-67.15474376859068,n/d,n/d,,,,False,False,,,Em Baixa,15.869999885559082,-6.553244923456969,-12.81599221541624,False,False,False,sem sinal (Em Baixa; sem novo topo (-6.6%))
MBRF3,BOVA11,BOVA11,Bens de primeira necessidade,15.34,18.05,0.0,,,0.0,DY5a=21.4%>=20,21.92,18.04,9.34,,150,Não,1,8,False,,False,,False,False,False,False,False,False,0,10,False,False,False,False,False,False,True,False,False,7.9,False,22782394368.0,61.86,1.98,10.68,21.38,3.2,6.29,0.23,5.76,4.61,1.08,5.22,19.33,1322.86,-21.9,0.43,89.92,7.97,14.84,27.52,10.2,-40.6,-5.4,0.88,0.28,16.350000381469727,24.9742816860952,33.41003905562069,2.5255954894679675,7.007635002479822,6.497897588523051,2.875928991948903,1.2377096034930897,13.23390389803902,,,,4,False,27.0,,,n/d,n/d,,,,False,False,,,Em Alta,17.959999084472656,-8.964358491503798,-40.889369227529315,False,False,False,sem sinal (Em Alta)
BBDC1,BOVA11,BOVA11,Produtos financeiros,,,,,,0.4,,,,,,151,Não,0,0,False,,,,,,,,,,0.0,0.0,,,,,,,,,True,,True,,,,,,,,,,,,,,,,,,,,,,,,,,,,,,,,,,,,,,0,True,,,,n/d,n/d,,,,False,False,,,,,,,False,False,False,histórico insuficiente
BBDC2,BOVA11,BOVA11,Produtos financeiros,,,,,,0.4,,,,,,152,Não,0,0,False,,,,,,,,,,0.0,0.0,,,,,,,,,True,,True,,,,,,,,,,,,,,,,,,,,,,,,,,,,,,,,,,,,,,0,True,,,,n/d,n/d,,,,False,False,,,,,,,False,False,False,histórico insuficiente
ABCB10,SMALL11,SMALL11,Produtos financeiros,,,,,,0.4,,,,,,153,Não,0,0,False,,,,,,,,,,0.0,0.0,,,,,,,,,True,,True,,,,,,,,,,,,,,,,,,,,,,,,,,,,,,,,,,,,,,0,True,,,,n/d,n/d,,,,False,False,,,,,,,False,False,False,histórico insuficiente
MOVI1,SMALL11,SMALL11,Bens Industriais,,,,,,0.7,,,,,,154,Não,0,0,False,,,,,,,,,,0.0,0.0,,,,,,,,,True,,True,,,,,,,,,,,,,,,,,,,,,,,,,,,,,,,,,,,,,,0,True,,,,n/d,n/d,,,,False,False,,,,,,,False,False,False,histórico insuficiente
