ticker,origem,grupo,setor,investment,investment_base,consistencia,basileia,solvencia,ciclicidade,dado_suspeito,quality,value,safety,dividend,regulado,rank_invest,oportunidade_grafica,candidato_padrao,candidato_nota,virada_alta,criterios_ok,criterios_aplicaveis,passa_checklist,mais_5a_bolsa,sem_prejuizo_anual,lucro_20t,div_ge5_5a,div_sem_corte,roe_ge_10,divida_menor_patrim,cresc_receita_5a,cresc_lucro_5a,n_ok,n_aplic,roe_roic_ge_selic,roe_ge_setor,roic_ge_setor,margem_ge_15,cagr_ge_setor,divida_ok,marketcap_ok,insider_ok,margem_ok,roe_ok,alavancagem_ok,div_liq_patrim,nde_ok,market_cap,pl,pvp,dy,dy_teto,roe,roe_medio,roic,mrg_liq,ev_ebitda,div_liq_ebitda,lev_roic_adj,liq_corr,div_patrim,peg,payout,cresc_5a,pl_fut,roa,liq_geral,grau_endiv,indep_fin,min_52s,max_52s,dist_min52,dist_max52,dist_mm100,mediana_1a,media_1a,max_drawdown,vol_anual,ret_ytd,min_ytd,max_ytd,rel_ibov_ytd,beta,corr_ibov,corr_usd,close,teto_bazin,teto_gordon,teto_dcf,teto_graham,teto_lynch,teto_projetivo,teto_graham_selic,teto_mult_ebitda,teto_medio,teto_mediana,teto_ajustado,teto_n_metodos,teto_confiavel,teto_dispersao,teto_upside_pct,teto_upside_media_pct,prox_resultado,ex_dividendo,ex_tipo,tese_ia,strategy,in_wishlist,in_carteira,preco_medio,var_pm_pct,trend,breakout_level,pct_to_level,dist_52w_high_pct,fund_ok,breakout,aprovado,note
JHSF3,SMALL11,SMALL11,Imobiliário,77.56,75.37,90.0,,,0.8,,86.88,80.75,44.97,70.92,False,1,Não,,,False,7,8,False,,True,,False,True,True,True,True,True,9,10,True,True,True,True,True,True,True,False,True,True,True,0.33,True,7144440320.0,3.5,0.99,6.53,8.1,28.4,16.71,13.12,52.59,4.7,1.22,1.3,1.73,0.86,0.23,28.34,90.2,6.29,7.25,0.72,61.6,36.26,5.01,13.76,115.1,-21.6,-2.0,9.13,8.84,-27.9,39.2,46.1,7.38,13.76,35.22,1.39,0.61,0.07,10.779999732971191,6.234263088403937,11.564558028989303,40.80999898910522,27.469982938035606,71.13705120920658,19.57807411896471,37.26799907684326,17.803002027229667,,,,6,False,11.4,,,n/d,2026-08-31,última,,,False,False,,,Lateral,10.899999618530273,-1.100916419804998,-23.320311080114397,True,False,False,sem sinal (Lateral)
VULC3,SMALL11,SMALL11,Consumo discricionário,76.88,78.09,70.0,,,0.9,,87.8,63.17,65.69,96.45,False,2,Não,,,False,6,8,False,,True,,False,False,True,True,False,True,7,10,True,True,True,True,False,True,True,False,True,True,True,0.25,True,4221677568.0,4.6,1.61,29.3,15.44,35.06,31.82,17.83,24.89,6.19,0.76,0.6,2.96,0.37,0.45,71.03,-64.7,5.89,11.45,1.64,37.42,62.57,13.37,20.08,0.5,-33.1,-8.6,17.03,16.79,-33.4,25.7,-32.5,13.37,19.91,-43.38,0.92,0.6,0.14,13.4399995803833,14.824195817662055,27.49888324176311,38.71304226958233,23.426028124928504,74.79020566935004,48.4782897634722,26.456872438907762,8.870020881717396,,,,6,False,8.4,,,n/d,2025-12-23,última,,,False,False,,,Em Baixa,13.819999694824219,-2.7496390942992055,-33.56317846981979,True,False,False,sem sinal (Em Baixa; sem novo topo (-2.7%))
MDNE3,SMALL11,SMALL11,Imobiliário,74.81,72.13,90.0,,,0.8,,73.1,76.82,60.08,80.14,False,3,Não,,,False,7,8,False,,True,,False,True,True,True,True,True,9,10,True,True,True,True,True,True,True,False,True,True,True,0.24,True,2514003712.0,4.55,1.11,15.87,9.29,24.38,16.15,10.98,21.43,4.39,0.91,1.16,2.38,0.48,0.32,42.28,19.5,3.8,6.4,1.12,72.76,27.27,20.62,34.28,17.9,-29.1,-10.8,25.43,26.47,-33.9,44.8,5.7,22.65,34.28,-5.18,1.65,0.63,0.13,24.309999465942383,16.136707616744918,29.933592629061817,70.7928555876344,51.31082773278017,124.83245189529639,25.707936937015592,61.52971704130203,42.313043332419724,46.93132887670229,46.811935532599946,42.13074197933995,6,True,7.7,73.30622338500632,93.05359896223668,n/d,2026-01-02,última,,,False,False,,,Lateral,24.610000610351562,-1.2190212798409816,-29.08401303495901,True,False,False,sem sinal (Lateral)
POMO3,SMALL11,SMALL11,Bens Industriais,74.15,74.88,70.0,,,0.7,,80.49,76.04,52.52,91.49,False,4,Não,,,False,5,8,False,,True,,False,False,True,True,False,True,7,10,True,True,True,False,False,True,True,False,True,True,True,0.44,True,5064913408.0,4.25,1.2,22.65,12.72,28.32,24.74,18.39,13.19,4.52,1.29,0.98,1.94,0.81,0.33,54.06,-14.0,,8.76,1.02,59.93,39.42,3.73,6.48,9.4,-37.0,-21.4,5.55,5.42,-42.4,34.9,-23.1,3.73,6.43,-33.98,0.89,0.44,0.05,4.079999923706055,3.707307935354761,6.877056220083082,12.719999762142404,8.569713954002083,24.700773482451822,11.217379836802667,10.414463659741147,5.322614371521537,9.186871300715486,9.492088806871614,8.542879926184453,6,True,6.7,109.38431583166688,125.16841844375874,n/d,2026-08-26,última,,,False,False,,,Em Baixa,4.150000095367432,-1.6867510856088175,-37.535770311866855,True,False,False,sem sinal (Em Baixa; sem novo topo (-1.7%))
POMO4,BOVA11+SMALL11+Carteira,BOVA11,Bens Industriais,73.09,73.63,70.0,,,0.7,,80.49,73.28,52.52,85.82,False,5,Não,,,False,5,8,False,,True,,False,False,True,True,False,True,7,10,True,True,True,False,False,True,True,False,True,True,True,0.44,True,5449747456.0,4.58,1.3,21.0,10.22,28.32,24.74,18.39,13.19,4.78,1.29,0.98,1.94,0.81,0.31,46.79,-14.0,4.49,8.76,1.02,59.93,39.42,3.93,7.69,11.6,-42.9,-19.8,5.81,5.91,-48.9,34.7,-22.1,3.93,6.81,-32.98,0.97,0.48,0.06,4.389999866485596,3.203695985269353,5.94285605267465,12.700327124658106,8.53397469857394,24.170685980579666,11.575137762178509,11.598034581763256,5.300879785740753,11.403127998024123,11.575137762178509,10.417623985960658,7,True,7.5,137.30351487004629,159.75235409637656,n/d,2026-08-26,última,"A análise fundamentalista da Marcopolo (POMO4) revela uma empresa com excelente eficiência operacional, evidenciada por um ROE de 28,3% e um ROIC de 18,4%, ambos significativamente acima das médias do setor de bens industriais, que são de 14,5% e 12,6%, respectivamente. Essa alta qualidade de retorno convive com múltiplos de preço bastante atrativos, visto que o P/L de 4,58 e o P/VP de 1,3 sugerem que o papel está descontado frente à sua capacidade de geração de valor. No âmbito financeiro, a excelente rentabilidade é acompanhada por um endividamento controlado, com a relação Dívida Líquida/EBITDA em 1,29, patamar confortavelmente abaixo da média setorial de 2,39, o que confere solidez ao balanço. Essa estrutura de capital saudável e a forte lucratividade sustentam um expressivo Dividend Yield de 21,0%, o qual se mostra coerente com a robustez dos lucros recentes, embora o investidor deva monitorar a sustentabilidade desse fluxo no longo prazo. Por outro lado, o crescimento histórico acende um sinal de alerta, dado que o CAGR de receita dos últimos cinco anos contraiu 14,0%, ficando muito abaixo da média de expansão de 21,6% dos seus pares setoriais. Esse descompasso no crescimento e a existência de vendas por parte de insiders explicam por que a companhia atendeu a apenas 5 dos 8 critérios do checklist de qualidade, além de refletirem uma tendência gráfica atual de baixa. No que tange ao valuation, as estimativas de preço-teto apresentam uma dispersão acentuada entre os métodos, variando desde os conservadores R$ 3,21 por Bazin até os otimistas R$ 24,22 por Lynch, estabelecendo uma média de R$ 11,43 e um preço-teto ajustado com margem de segurança de R$ 10,42, o que projeta um expressivo potencial de valorização teórica de 136,8% sobre a cotação atual de R$ 4,40. Em suma, POMO4 destaca-se positivamente por seus indicadores de rentabilidade superiores, endividamento sob controle, múltiplos de valuation convidativos e proventos robustos, mas traz como contrapartidas o histórico recente de retração na receita e a falta de momentum gráfico de curto prazo.",,False,True,4.45,-1.35,Em Baixa,4.5,-2.4444474114312054,-43.147729756757045,True,False,False,sem sinal (Em Baixa; sem novo topo (-2.4%))
PSSA3,BOVA11,BOVA11,Insurance,72.98,72.62,75.0,,1.8,0.3,,76.13,52.75,100.0,51.77,False,6,Não,,,False,4,6,False,,True,,False,False,True,,True,True,6,8,True,False,True,,True,,True,False,True,True,True,,True,31652200448.0,8.61,1.97,6.14,5.34,22.84,17.35,79.28,8.13,,,,,,0.7,45.94,0.3,7.93,6.06,,71.59,28.18,43.07,55.45,14.7,-10.9,-2.9,47.94,48.43,-16.1,25.7,6.6,44.27,55.45,-4.28,0.75,0.5,0.04,49.380001068115234,18.81886719892773,34.908998654010944,75.9912908423376,56.873200064797274,101.4163541449108,48.356138990031866,59.83442775751797,,44.51882392132704,41.632568822021405,37.469311939819264,4,True,4.0,-24.120471589027016,-9.844424952690146,2026-11-05,2026-06-23,última,,,False,False,,,Em Baixa,49.08000183105469,0.6112453664798512,-11.107107567391218,True,False,False,sem sinal (Em Baixa; sem novo topo (+0.6%))
ABCB10,SMALL11,SMALL11,Produtos financeiros,71.66,75.48,50.0,,,0.4,,75.84,74.83,,,False,7,Não,,,False,1,3,False,,,,,,True,,False,,1,2,True,False,,,False,,,,True,True,True,,True,,,0.81,,,14.9,,,40.92,,,,,,,,-2.9,,1.54,,,,,,,,,,,,,,,,,,,,,,,,,,,,,,,,0,True,,,,n/d,n/d,,,,False,False,,,,,,,False,False,False,histórico insuficiente
MILS3,SMALL11,SMALL11,Bens Industriais,70.94,69.34,80.0,,,0.7,,84.89,56.52,57.38,55.32,False,8,Não,,,False,6,8,False,,True,,False,True,True,True,True,True,8,10,True,True,True,True,False,True,True,False,True,True,True,0.65,True,3581530624.0,8.21,1.96,5.38,5.71,23.81,18.37,20.65,23.53,4.88,1.28,0.87,2.98,0.99,0.65,46.84,21.3,8.4,11.12,0.54,61.6,38.32,10.3,15.81,52.7,-0.6,6.8,12.84,13.12,-15.0,27.0,24.2,12.01,15.81,13.32,0.74,0.47,0.07,15.720000267028809,6.406679878625354,11.884391174850032,25.370280577117132,18.58849349967335,35.1587996822018,12.296804326476028,20.34781632486471,18.446764276155957,20.29904998019129,18.58849349967335,16.729644149706015,7,True,5.5,6.422670900297867,29.128814474428456,n/d,2026-04-22,última,,,False,False,,,Em Alta,15.75,-0.19047449505518177,-1.380171387364626,True,False,False,sem sinal (Em Alta)
PETR4,BOVA11,BOVA11,Energia,70.61,74.25,50.0,,,0.9,DY5a=41.0%>=20,86.35,82.81,36.34,,False,9,Não,Bandeira de alta,"Bandeira de alta (pré-confirmação) — pescoço R$43.84, preço 4.2% acima do pescoço; falta fechar acima e segurar",False,7,8,False,,True,,True,False,True,True,True,False,5,10,True,True,True,True,True,True,True,False,True,True,True,0.61,True,624148021248.0,4.35,1.21,8.1,41.01,27.73,30.77,19.69,24.32,2.77,1.29,0.92,0.85,0.76,0.29,178.41,96.8,4.62,10.07,0.28,65.87,33.99,26.84,47.05,70.2,-2.9,10.6,36.98,35.91,-22.2,25.8,58.2,27.87,47.05,47.32,0.35,0.23,-0.06,45.68000030517578,133.82179862322246,248.23943644607763,139.14023081461588,94.4452332601022,315.03448486328125,56.257693333333336,127.0639088948568,56.1522927325107,146.26938487100003,130.44285375903962,117.39856838313567,8,True,5.6,157.00211821109335,220.20443059066034,n/d,2026-08-24,última,,,False,False,,,Em Alta,45.02000045776367,1.4660147505580312,-4.1583477902015,True,False,False,sem sinal (Em Alta)
LEVE3,SMALL11,SMALL11,Consumo discricionário,70.42,70.49,70.0,,,0.9,,86.26,58.33,35.47,100.0,False,10,Não,,,False,6,8,False,,True,,True,False,True,False,True,True,7,10,True,True,True,False,False,True,True,True,True,True,True,1.2,True,4379265536.0,6.36,4.6,8.71,19.55,72.29,64.73,34.45,13.0,5.21,1.21,0.49,1.43,1.7,0.25,124.34,25.8,6.34,14.14,0.81,77.23,22.71,24.65,35.6,31.1,-9.2,-1.7,32.23,31.19,-12.3,24.5,2.4,31.18,35.6,-8.48,0.64,0.45,0.11,32.310001373291016,45.12079814365358,83.69908055647738,67.31250286102294,28.334839819865994,152.40566685514628,98.51666666666667,61.47028563157567,25.323308404035046,76.69426293348693,67.31250286102294,60.58125257492064,7,True,6.0,87.49999999999996,137.37003922533427,n/d,2026-04-30,última,,,False,False,,,Em Alta,34.0,-4.970584196202898,-10.770499336615591,True,False,False,sem sinal (Em Alta)
CURY3,BOVA11+SMALL11,BOVA11,Consumo discricionário,70.29,68.58,80.0,,,0.9,,90.09,31.97,56.97,86.52,False,11,Não,Fundo duplo,"Fundo duplo (pré-confirmação) — pescoço R$34.67, preço 6.6% abaixo do pescoço; falta fechar acima e segurar",False,6,8,False,,True,,False,False,True,True,True,True,8,10,True,True,True,True,False,True,True,False,True,True,True,-0.13,True,9971500032.0,9.14,6.07,14.77,10.4,66.38,57.38,37.72,17.89,5.9,-0.15,-0.06,1.92,0.66,2.78,95.05,8.2,6.75,16.3,0.91,70.61,24.44,26.99,40.16,19.9,-19.4,3.6,31.32,31.79,-29.9,39.5,7.9,28.13,40.16,-2.98,1.31,0.57,0.06,32.369998931884766,24.04532629869914,32.44698758443082,34.13596317757295,20.614200733161045,48.46266262126815,50.94830010810496,16.77244951552513,24.04437903572679,31.433783634311123,28.246156941564983,25.421541247408484,8,True,3.0,-21.465733437612144,-2.8922314750262856,n/d,2026-08-17,última,,,False,False,,,Em Alta,32.849998474121094,-1.4611858889870821,-19.574505564768597,True,False,False,sem sinal (Em Alta)
RIAA3,SMALL11,SMALL11,Consumo discricionário,70.17,70.2,70.0,,,0.9,,65.63,94.5,38.75,92.91,False,12,Não,,,False,4,8,False,,False,,False,False,True,True,True,True,7,10,True,True,False,False,False,True,True,False,True,False,True,0.47,True,3509420544.0,2.3,0.65,46.06,13.16,28.35,8.06,8.96,14.35,2.58,2.11,3.3,1.61,0.68,0.15,30.27,16.6,5.24,4.35,1.05,64.01,35.99,6.26,10.43,11.7,-33.0,-17.6,8.27,8.2,-37.2,45.0,-16.7,6.55,10.43,-27.58,1.61,0.61,0.07,6.989999771118164,6.571049440068111,12.189296711326344,40.26847694231116,27.117386072928205,85.58464727292437,51.88018214566937,36.773477056752085,33.47734690599922,,,,6,False,13.0,,,n/d,n/d,,,,False,False,,,Em Baixa,7.139999866485596,-2.1008417110974453,-35.47769307365984,False,False,False,sem sinal (Em Baixa; sem novo topo (-2.1%))
PETR3,BOVA11,BOVA11,Energia,69.66,73.13,50.0,,,0.9,DY5a=38.9%>=20,86.35,78.75,36.34,,False,13,Não,Bandeira de alta,"Bandeira de alta (pré-confirmação) — pescoço R$48.80, preço 4.3% acima do pescoço; falta fechar acima e segurar",False,7,8,False,,True,,True,False,True,True,True,False,5,10,True,True,True,True,True,True,True,False,True,True,True,0.65,True,656165371904.0,4.86,1.35,7.25,38.86,27.73,30.77,19.69,24.32,2.98,1.29,0.92,0.85,0.76,0.32,188.84,96.8,3.44,10.07,0.28,65.87,33.99,28.69,52.45,77.4,-2.9,10.2,40.67,39.45,-22.9,28.9,66.6,29.47,52.45,55.72,0.38,0.23,-0.06,50.90999984741211,141.30015837025482,262.1117937768227,138.79783909016675,94.2777774952076,314.2592583173587,56.257693333333336,126.75123418800135,54.81903997220161,148.57184931791835,132.77453663908403,119.49708297517563,8,True,5.7,134.7222222222222,191.83235074291724,2026-11-10,2026-08-24,última,,,False,False,,,Em Alta,50.290000915527344,1.2328473267005702,-4.161438768154557,True,False,False,sem sinal (Em Alta)
VTRU3,SMALL11,SMALL11,Consumo discricionário,69.59,73.05,50.0,,,0.9,P/L=1.93<2,85.98,90.59,54.99,7.09,False,14,Fundo duplo,,,False,7,8,False,,True,,,,True,True,False,True,4,8,True,True,True,True,False,True,True,True,True,False,True,0.37,True,2084359808.0,1.93,0.52,0.18,0.21,27.23,9.79,15.07,46.56,2.97,2.1,1.95,2.56,0.56,,0.4,-23.9,4.14,6.37,0.37,51.99,48.01,10.1,16.86,38.2,-17.2,5.0,13.41,13.29,-28.8,38.9,-0.2,12.0,16.86,-11.08,1.18,0.52,0.07,13.960000038146973,0.20562679412926615,0.29939261225221153,75.22487067188005,66.09922267249034,,0.4136666666666666,19.32287199950765,35.947599150262086,,,,2,False,365.8,,,n/d,n/d,,,Fundo duplo,False,False,,,Em Alta,14.0600004196167,-0.7112402452720046,-19.52917137361907,False,True,False,Fundo duplo — rompeu pescoço ~R$13.59 (candidato)
CXSE3,BOVA11+Wishlist,BOVA11,Insurance,68.72,65.41,87.5,,1.6,0.3,,64.19,33.48,100.0,81.56,False,15,Não,,,False,4,6,False,,True,,True,True,True,,True,True,7,8,True,False,False,,True,,True,True,True,True,True,,True,57749999616.0,12.83,4.21,6.99,9.62,32.79,28.44,-1.21,75.43,,,,,,1.0,123.44,12.8,11.2,20.76,,8.23,91.77,12.84,22.04,49.9,-12.7,2.4,17.14,16.76,-18.8,22.1,23.3,15.42,22.04,12.42,0.68,0.52,0.06,19.25,13.229668360607223,24.541034808926398,19.88016367887763,12.424176624960232,33.64110343324249,22.898448930232796,16.07989088074825,,20.13732894466101,21.389306304555213,19.250375674099693,4,True,1.9,0.001951553764634184,4.609501011226036,2026-11-09,2026-11-04,próxima,"A Caixa Seguridade (CXSE3) apresenta-se como uma alternativa robusta no setor de seguros, destacando-se por uma margem líquida expressiva de 75,43% e um crescimento de receita nos últimos cinco anos de 12,8% ao ano, patamar que supera com folga a média negativa de 2,5% de seus pares setoriais. No entanto, essa expansão de receita contrasta com indicadores de eficiência que demandam atenção, uma vez que o ROE de 32,8% e o ROIC de -1,2% situam-se abaixo das médias do setor, de 34,3% e 19,5%, respectivamente, sugerindo que a companhia ainda precisa otimizar a rentabilidade sobre o capital investido frente aos concorrentes. Sob a ótica de preço e qualidade, o papel negocia a múltiplos elevados, com um P/L de 12,83 e um P/VP de 4,21, indicando que o mercado cobra um prêmio considerável por essa operação altamente rentável, embora o PEG ratio em 1,0 sinalize um valuation justo em relação ao crescimento projetado. O retorno em dividendos de 6,99% mostra-se atraente e sustentável, sendo plenamente suportado pela alta geração de caixa e pela ausência de alavancagem financeira preocupante, o que é corroborado pela nota máxima de segurança atribuída à empresa. No checklist de critérios fundamentalistas, a companhia atende a quatro dos seis requisitos avaliados, penalizada justamente por não superar os pares em ROE e ROIC, mas validada pelo porte robusto e pela governança, sem registro de venda de ações por controladores. Quanto ao valuation, as estimativas de preço-teto revelam uma dispersão acentuada entre as metodologias, variando desde os conservadores R$ 12,48 por Graham e R$ 13,29 por Bazin até os otimistas R$ 24,66 por Gordon e R$ 33,80 por Lynch. Com uma média de preço-teto de R$ 20,21 e uma mediana de R$ 21,44, o preço-teto ajustado com margem de segurança fica em R$ 19,29, o que coloca a cotação atual de R$ 19,34 em patamar de estabilidade, com um upside ligeiramente negativo de 0,2% em relação a essa métrica ajustada. Em balanço, os prós residem na excelente margem líquida, no forte crescimento histórico de receita frente ao setor e na alta segurança financeira com dividendos consistentes, enquanto os contras ficam por conta da rentabilidade abaixo da média dos pares, dos múltiplos de valuation esticados e de uma tendência gráfica de baixa no curto prazo.",,True,False,,,Em Baixa,19.34000015258789,-0.46535755883045926,-13.063386634496233,True,False,False,sem sinal (Em Baixa; sem novo topo (-0.5%))
BRSR6,SMALL11,SMALL11,Produtos financeiros,68.7,69.8,62.5,17.35,,0.4,,45.62,90.76,90.71,84.4,False,16,Não,Fundo duplo,"Fundo duplo (pré-confirmação) — pescoço R$14.49, preço 3.0% abaixo do pescoço; falta fechar acima e segurar",False,2,6,False,,True,,False,False,True,,False,True,5,8,False,False,False,,False,,True,True,True,False,True,,True,5746091520.0,3.76,0.5,11.28,10.16,13.26,9.63,0.0,22.38,,,,,,0.46,38.22,-29.2,4.32,1.0,,93.0,6.99,10.14,18.55,38.6,-24.2,-2.5,14.13,14.35,-29.2,28.9,-5.2,13.13,18.55,-16.08,1.08,0.64,0.02,14.050000190734863,10.200911852890163,18.92269148711125,49.51130386362684,48.60586368286762,68.59381672289221,33.90952330101639,29.223971781619927,,34.114506217251495,33.90952330101639,30.518570970914755,3,True,4.9,117.21402531396356,142.80787013617248,n/d,n/d,,,,False,False,,,Lateral,14.069999694824219,-0.1421428892902754,-24.559589786936776,False,False,False,sem sinal (Lateral)
PLPL3,SMALL11,SMALL11,Consumo discricionário,68.65,71.94,50.0,,,0.9,,77.92,81.77,52.37,59.57,False,17,Não,,,False,5,8,False,,True,,False,False,True,False,False,True,5,10,True,True,True,False,False,True,True,False,True,True,True,0.52,True,1443683968.0,4.78,1.3,6.89,6.32,27.32,38.02,24.26,8.62,1.98,1.22,0.7,3.0,1.2,0.32,30.21,-37.3,2.9,7.78,1.2,73.04,24.14,6.46,17.36,10.1,-59.0,-19.7,13.8,12.36,-62.8,50.0,-45.6,6.46,16.13,-56.48,1.47,0.5,0.07,7.110000133514404,3.2102173774087515,5.9549532350932335,19.708682378465653,13.529297398992501,31.714026210552003,10.95072400487419,17.998117492787507,29.267068217871905,,,,6,False,9.9,,,n/d,2025-12-30,última,,,False,False,,,Lateral,7.449999809265137,-4.563754153763799,-59.09240106605035,True,False,False,sem sinal (Lateral)
VLID3,SMALL11,SMALL11,Bens Industriais,68.44,68.16,70.0,,,0.7,,62.12,78.05,66.22,74.47,False,18,Não,,,False,4,8,False,,True,,False,False,True,True,False,True,7,10,True,False,True,False,False,True,True,False,True,True,True,0.1,True,1338054784.0,5.92,0.78,11.39,8.58,13.18,13.73,15.68,11.15,3.1,0.48,0.43,2.3,0.41,0.91,50.8,-32.9,9.83,7.18,1.13,45.32,54.23,16.3,22.63,4.9,-24.4,-3.4,19.44,19.23,-27.9,31.3,-16.9,16.3,22.63,-27.78,0.91,0.5,0.07,17.110000610351562,10.488144608975121,19.45550824964885,38.29518717688483,37.76879503001024,43.54319323138487,34.59936144474656,19.5004922970999,32.8047646059185,32.281043147956254,34.59936144474656,31.139425300271906,7,True,4.2,81.99546574786521,88.66769138760988,2026-11-04,2026-08-13,última,,,False,False,,,Em Baixa,17.530000686645508,-2.3958930966494707,-25.060781929063513,True,False,False,sem sinal (Em Baixa; sem novo topo (-2.4%))
TGMA3,SMALL11,SMALL11,Bens Industriais,67.01,66.48,70.0,,,0.7,,78.82,34.86,70.0,82.98,False,19,Não,,,False,7,8,False,,True,,False,False,True,True,True,True,7,10,True,True,True,False,True,True,True,True,True,True,True,0.03,True,2262984192.0,8.86,2.26,10.64,10.07,25.55,24.91,27.01,10.14,6.12,0.07,0.04,2.22,0.23,3.2,89.18,23.5,6.76,14.79,1.33,34.75,65.25,26.65,39.14,28.8,-12.3,10.9,33.03,32.86,-31.9,31.1,-2.5,26.65,39.14,-13.38,0.91,0.5,0.15,34.31999969482422,24.674824036394185,31.59590591034382,35.42927500200105,36.38039866485866,49.697920642165336,48.65955241643601,17.078983746622132,30.828898666282303,34.29321988563794,33.51259045617243,30.16133141055519,8,True,2.9,-12.117331938368858,-0.07802974774011595,n/d,2026-08-07,última,,,False,False,,,Em Alta,35.38999938964844,-3.023452142633243,-13.193267113168105,True,False,False,sem sinal (Em Alta)
LAVV3,SMALL11,SMALL11,Imobiliário,66.66,64.31,80.0,,,0.8,,66.53,55.4,55.1,95.04,False,20,Não,,,False,5,8,False,,True,,True,False,True,True,False,True,8,10,True,True,False,True,False,True,True,False,True,True,True,0.37,True,1964115328.0,5.47,1.36,24.05,14.04,24.9,19.67,8.69,19.91,6.97,1.5,2.42,4.12,0.86,0.95,76.78,-30.3,2.87,4.85,1.47,60.31,33.37,9.22,18.94,9.0,-46.9,-11.5,12.97,13.33,-51.3,35.8,-32.3,9.22,18.94,-43.18,1.48,0.71,0.06,10.050000190734863,10.076225016572707,18.157723705854636,23.649080199189072,17.478099673693052,36.412150703985496,24.182775446097963,11.585457970472346,10.050000190734863,18.948939113325018,17.817911689773844,16.03612052079646,8,True,3.6,59.56338523834284,88.54665426567976,n/d,2026-02-03,última,,,False,False,,,Lateral,10.359999656677246,-2.9922729364434075,-47.04952353465275,True,False,False,sem sinal (Lateral)
GRND3,SMALL11,SMALL11,Consumo discricionário,66.62,64.26,80.0,,,0.9,DY5a=20.2%>=20,62.69,64.27,67.77,,False,21,Não,,,False,5,8,False,,True,,True,False,True,True,False,True,8,10,True,True,False,True,False,True,True,False,True,True,True,-0.31,True,3166581504.0,5.42,0.98,42.76,20.24,18.04,16.72,7.81,24.95,8.27,-3.59,-6.43,2.05,0.02,0.36,109.7,-24.5,4.68,2.66,2.01,29.93,70.07,3.37,4.83,4.2,-27.4,-8.4,3.9,4.02,-30.3,27.6,-18.4,3.37,4.83,-29.28,0.72,0.45,0.05,3.509999990463257,5.074495787907315,9.413189686568069,8.580719533881577,7.224132338999109,19.428044227656404,6.059476722895763,7.835977838488082,2.347978604481057,,,,6,False,8.3,,,n/d,n/d,,,,False,False,,,Em Baixa,3.554507255554199,-1.252136003419213,-28.10711698627999,False,False,False,sem sinal (Em Baixa; sem novo topo (-1.3%))
LREN3,BOVA11+SMALL11,BOVA11,Consumo discricionário,66.28,65.62,70.0,,,0.9,,68.23,75.1,56.59,48.23,False,22,Não,,,False,6,8,False,,True,,False,False,True,True,True,True,7,10,True,True,True,False,False,True,True,True,True,True,True,0.13,True,10570082304.0,7.35,1.06,8.36,4.37,14.41,11.89,23.53,9.35,1.97,0.59,0.35,1.69,0.32,0.75,32.11,3.2,6.45,6.22,1.29,46.72,53.28,10.5,16.05,4.8,-31.5,-19.6,14.31,14.08,-34.6,38.2,-15.3,10.5,15.66,-26.18,1.46,0.66,0.12,11.0,3.4328979987245116,6.368025787633969,19.829931972789115,18.693358806213396,21.179311302834826,15.921193899093945,13.200629947759932,29.91994163508798,,,,6,False,8.7,,,2026-11-05,2026-06-24,última,,,False,False,,,Em Baixa,12.029999732971191,-8.561926482410653,-33.38098980289115,True,False,False,sem sinal (Em Baixa; sem novo topo (-8.6%))
DIRR3,BOVA11+SMALL11,BOVA11,Consumo discricionário,65.82,65.08,70.0,,,0.9,,71.96,50.91,54.48,90.78,False,23,Não,,,False,5,8,False,,True,,False,False,True,False,True,True,7,10,True,True,False,True,False,True,True,False,True,True,True,0.31,True,5772042240.0,6.76,2.49,13.94,12.12,36.78,26.14,9.99,17.73,4.96,0.6,0.83,4.18,1.16,1.02,81.93,8.6,4.83,5.44,1.01,82.45,14.5,10.3,16.95,7.8,-34.5,-12.4,13.86,13.88,-39.2,40.0,-18.6,10.3,16.88,-29.48,1.49,0.64,0.08,11.100000381469727,9.609618531231297,17.825842375434057,21.756657552436963,12.833385236555506,30.812926440595444,25.209171608167008,11.245080085771491,9.535929672903489,17.353576437886908,15.329613805994782,13.796652425395305,8,True,3.2,24.294161722979336,56.33852109461963,n/d,2025-12-17,última,,,False,False,,,Em Baixa,11.289999961853027,-1.6829015148385862,-35.68153530242463,True,False,False,sem sinal (Em Baixa; sem novo topo (-1.7%))
INTB3,SMALL11,SMALL11,Tecnologia de informação,65.17,66.08,60.0,,,0.5,,72.26,52.95,78.24,46.81,False,24,Não,Fundo duplo,"Fundo duplo (pré-confirmação) — pescoço R$13.81, preço 7.9% acima do pescoço; falta fechar acima e segurar",False,5,8,False,,True,,False,False,True,True,True,True,6,10,True,True,True,False,False,True,True,False,True,True,True,-0.17,True,4875445248.0,8.2,1.48,8.05,4.3,18.07,19.14,17.52,13.1,6.5,-1.0,-0.8,2.64,0.26,0.7,35.25,14.3,7.5,5.97,1.67,43.4,56.17,9.95,15.13,49.7,-1.5,8.2,12.67,12.64,-17.9,37.3,31.0,10.4,15.13,20.12,1.05,0.48,0.08,14.899999618530273,4.574770149380847,8.486198627101471,24.07621889579587,20.288023182637613,29.071841012459004,16.685559936188568,18.21840026819124,14.641746505639922,18.781141204001955,18.21840026819124,16.396560241372114,7,True,6.4,10.04403128293141,26.047930770715787,n/d,n/d,,,,False,False,,,Em Alta,14.930000305175781,-0.20094230430194315,-4.847372862211552,False,False,False,sem sinal (Em Alta)
CEAB3,BOVA11+SMALL11,BOVA11,Consumo discricionário,64.56,64.19,66.66666666666667,,,0.9,,59.86,89.15,43.62,62.41,False,25,Não,,,False,5,8,False,,False,,False,,True,True,False,True,6,9,True,True,True,False,False,True,True,False,False,False,True,0.51,True,2466107904.0,4.56,0.67,6.27,6.49,14.79,7.33,14.93,7.02,2.04,1.94,1.82,1.67,0.72,0.44,29.58,-9.5,4.46,5.91,0.81,60.22,39.78,7.28,17.96,12.9,-54.2,-20.9,12.03,12.52,-59.5,51.7,-33.8,7.28,13.6,-44.68,1.73,0.57,0.14,8.220000267028809,3.808731251642537,7.065196471796906,23.884869196958707,22.307107902327385,30.468036130075195,9.584029438707407,16.61675553903782,191.92032509746156,,,,5,False,50.4,,,n/d,n/d,,,,False,False,,,Em Baixa,8.670000076293945,-5.190309173070872,-54.52046531726076,False,False,False,sem sinal (Em Baixa; sem novo topo (-5.2%))
ALPA4,SMALL11,SMALL11,Consumo discricionário,63.67,62.55,70.0,,,0.9,,75.64,37.04,58.3,75.89,False,26,Não,Fundo duplo,"Fundo duplo (pré-confirmação) — pescoço R$12.73, preço 17.8% acima do pescoço; falta fechar acima e segurar",False,6,8,False,,False,,False,False,True,True,True,True,7,10,True,True,True,False,True,True,True,False,True,False,True,0.19,True,10181245952.0,14.61,2.83,11.97,8.78,19.37,-7.05,17.96,14.52,9.28,0.82,0.64,1.91,0.39,0.16,128.31,92.8,12.03,7.61,0.98,45.48,54.52,8.0,16.06,87.5,-6.7,21.2,11.94,11.66,-31.7,41.0,27.8,10.97,16.06,16.92,1.08,0.45,0.08,14.989999771118164,9.403666459185477,17.44380128178906,13.594626760254322,11.05794841262742,30.780287004349415,10.329989999999999,12.41471575842093,6.241030818750382,11.497968498718226,11.05794841262742,9.952153571364677,7,True,4.9,-33.60804720931423,-23.29573933101837,n/d,n/d,,,,False,False,,,Em Alta,14.989999771118164,0.0,-7.583228078336768,False,False,False,sem sinal (Em Alta)
MULT3,BOVA11+SMALL11,BOVA11,Imobiliário,63.07,61.85,70.0,,,0.8,,86.46,40.6,43.74,40.43,False,27,Não,,,False,7,8,False,,True,,False,False,True,True,True,True,7,10,True,True,True,True,True,True,True,False,True,True,True,0.74,True,13734573056.0,10.34,2.12,4.02,3.71,20.52,17.07,18.7,43.42,7.65,2.13,1.59,1.64,0.75,0.82,38.36,62.0,10.57,10.89,0.29,52.11,47.88,25.88,35.12,8.1,-20.4,-4.4,28.57,29.14,-25.0,26.9,5.4,26.35,35.12,-5.48,1.27,0.8,0.07,27.969999313354492,7.412051897616654,13.749356270078891,35.841633549511315,28.337107317343328,44.249511513233585,26.428292984631092,28.732141006806007,24.52545881334807,28.837643064993188,28.337107317343328,25.503396585608996,7,True,6.0,-8.818744327132666,3.102051386981741,2026-10-29,2026-07-01,última,,,False,False,,,Lateral,27.920000076293945,0.17908036147535888,-20.715827981480672,True,False,False,sem sinal (Lateral)
SEER3,SMALL11,SMALL11,Consumo discricionário,63.02,63.55,60.0,,,0.9,,70.01,80.28,40.03,39.72,False,28,Não,Bandeira de alta,"Bandeira de alta (pré-confirmação) — pescoço R$11.70, preço 5.2% acima do pescoço; falta fechar acima e segurar",False,5,8,False,,False,,False,False,True,True,True,False,6,10,True,True,True,False,False,True,True,False,True,False,True,0.74,True,1574897792.0,5.94,1.06,3.81,3.71,17.83,-1.1,17.04,11.85,2.71,1.79,1.47,1.64,0.92,0.43,22.01,29.3,4.94,9.65,0.47,59.3,40.7,8.0,13.31,53.8,-7.6,6.9,10.63,10.62,-25.4,51.6,37.1,8.89,13.31,26.22,1.41,0.47,0.03,12.300000190734863,3.2561427166440957,6.040144739374797,27.436869112329443,23.251459674025483,36.46713463721468,9.071529260431449,23.630029896577888,34.20922212949189,,,,5,False,11.2,,,n/d,n/d,,,,False,False,,,Em Alta,12.134474754333496,1.3640923052087972,-10.04206268552893,False,False,False,sem sinal (Em Alta)
VIVA3,BOVA11+SMALL11,BOVA11,Consumo discricionário,62.24,62.64,60.0,,,0.9,,76.54,53.16,66.01,17.02,False,29,Não,Fundo duplo,"Fundo duplo (pré-confirmação) — pescoço R$23.54, preço 5.4% abaixo do pescoço; falta fechar acima e segurar",False,6,8,False,,True,,False,False,True,True,True,True,6,10,True,True,True,True,False,True,True,False,True,True,True,0.28,True,5238809088.0,8.98,1.65,3.13,1.97,18.4,21.98,17.32,18.56,5.93,1.1,0.89,4.19,0.4,0.6,17.72,0.4,6.98,10.38,1.73,37.54,62.46,20.42,35.35,9.1,-37.0,-2.7,27.41,26.9,-42.2,37.9,-30.9,20.42,32.35,-41.78,1.13,0.51,0.04,22.280000686645508,3.1411671943962376,5.82686514560502,32.874165823836634,27.455307899641717,42.11317940102783,10.853405399094557,30.020936337239494,14.965619836256653,,,,6,False,13.4,,,n/d,2025-12-22,última,,,False,False,,,Lateral,22.700000762939453,-1.8502205382285641,-37.92401359949598,True,False,False,sem sinal (Lateral)
BBSE3,BOVA11,BOVA11,Insurance,62.05,59.77,75.0,,1.3,0.3,,67.92,31.14,61.0,92.2,False,30,Não,,,False,5,6,False,,True,,True,False,True,,False,True,6,8,True,True,False,,True,,True,True,True,True,True,,True,78484676608.0,8.54,7.2,11.52,12.81,84.38,83.67,0.0,87.93,,,,,,,109.4,-0.1,9.18,28.81,,55.04,44.96,28.18,40.52,43.5,-0.2,12.3,32.73,32.97,-9.8,18.5,27.7,30.7,40.52,16.82,0.55,0.51,0.06,40.43000030517578,36.99423399335099,53.863604694319044,49.235597561338196,24.45681059058901,,59.50416498381771,12.64705596699209,,49.89940030820648,51.54960112782862,46.394641015045764,4,True,1.6,14.753006838603454,23.421716377821646,2026-11-03,2026-08-07,última,,,False,False,,,Em Alta,40.400001525878906,0.07425440139565698,-1.0039173503434196,True,False,False,sem sinal (Em Alta)
CYRE3,BOVA11+SMALL11+Wishlist,BOVA11,Consumo discricionário,62.05,58.88,80.0,,,0.9,,60.89,61.96,45.54,68.79,False,31,Fundo duplo,,,False,4,8,False,,True,,False,False,True,True,True,True,8,10,True,True,False,True,False,False,True,False,True,True,False,0.53,True,8831757312.0,5.4,0.99,9.52,7.26,18.26,15.44,7.03,20.62,8.66,3.1,6.18,3.37,0.73,0.49,39.22,16.4,4.54,3.68,1.17,56.08,39.17,19.83,35.31,21.6,-31.7,6.5,26.89,26.33,-43.8,44.6,0.6,19.83,32.0,-10.28,1.72,0.66,0.05,24.110000610351562,12.508862940786567,23.20394075515908,59.15879779391817,49.4622653773466,81.98024876262348,33.63213434052615,43.0730625624618,5.387515313485047,,,,6,False,15.2,,,2026-11-12,2025-12-10,última,"A Cyrela (CYRE3) apresenta um panorama de valuation atrativo no setor de consumo discricionário, onde a combinação de um ROE de 18,3% — significativamente acima da média setorial de 12,5% — com múltiplos de preço baixos, como o P/L de 5,4 e o P/VP de 0,99, sugere que a alta qualidade do retorno sobre o patrimônio não está precificada com ágio. Essa dinâmica de rentabilidade, contudo, mostra-se mista quando confrontada com o ROIC de 7,0%, que se posiciona abaixo da média dos pares de 13,1%, indicando que a eficiência na alocação de capital total ainda carece de otimização. No âmbito financeiro, a relação entre rentabilidade e endividamento exige atenção, dado que a alavancagem medida pela relação Dívida Líquida/EBITDA está em 3,1, patamar acima da média setorial de 2,68, embora a robusta liquidez corrente de 3,37 e a relação Dívida/Patrimônio de 0,73 mitiguem riscos de curto prazo. O expressivo dividend yield de 9,52% mostra-se coerente com a forte margem líquida de 20,62%, mas a sustentabilidade desses proventos no longo prazo demanda monitoramento frente ao endividamento mais elevado e ao ritmo de expansão dos negócios. Sob a ótica do crescimento, o CAGR de receita de cinco anos de 16,4% fica abaixo da média do setor de 33,9%, refletindo uma expansão mais conservadora que a de seus concorrentes diretos. Esse desempenho equilibrado é corroborado pelo checklist de critérios fundamentalistas, no qual a companhia atende a 4 dos 8 requisitos avaliados, penalizada justamente pelo ROIC inferior ao setor, pelo crescimento mais lento e pelas métricas de endividamento e transações de insiders. Quanto ao valuation por preço-teto, observa-se uma enorme dispersão entre os métodos de cálculo, variando desde os conservadores R$ 12,60 pelo método de Bazin e R$ 23,38 pelo modelo de Gordon, até marcas substancialmente mais elevadas como R$ 49,83 por Graham, R$ 59,60 por Fluxo de Caixa Descontado e R$ 82,59 pelo critério de Lynch, o que evidencia diferentes premissas de valor para o papel. Em termos de prós e contras, a tese se apoia no excelente ROE, na sólida margem líquida, no valuation descontado por P/L e no forte retorno em dividendos, enquanto os principais fatores de risco residem no ROIC abaixo dos pares, no endividamento acima da média setorial e no crescimento de receita inferior ao de seus concorrentes.",Fundo duplo,True,False,,,Em Alta,24.729999542236328,-2.507072152694023,-33.055944985035225,False,True,False,Fundo duplo — rompeu pescoço ~R$23.40 (candidato)
ABCB4,SMALL11,SMALL11,Produtos financeiros,61.53,65.77,37.5,16.87,,0.4,,51.37,70.64,83.86,82.27,False,32,Não,Fundo duplo,"Fundo duplo (pré-confirmação) — pescoço R$24.94, preço 6.7% abaixo do pescoço; falta fechar acima e segurar",False,2,6,False,,True,,False,False,True,,False,True,3,8,True,False,False,,False,,True,False,True,True,True,,True,6001828352.0,5.9,0.83,11.28,10.05,14.05,14.98,0.0,40.92,,,,,,1.03,59.29,-2.9,4.96,1.54,,89.78,10.19,19.15,26.85,21.6,-13.3,-1.3,23.1,22.98,-17.3,22.8,3.2,22.2,26.85,-7.68,0.91,0.68,-0.02,23.280000686645508,16.710814933839025,29.869246390577494,50.3766840226557,49.90099391041078,62.22057596092097,45.75555848609148,24.72629454869965,,35.678075958290925,37.81240243833449,34.03116219450104,4,True,3.0,46.181963877788455,53.25633550671469,n/d,n/d,,,,False,False,,,Lateral,23.100000381469727,0.7792220874601075,-14.813853331209026,False,False,False,sem sinal (Lateral)
TEND3,SMALL11,SMALL11,Consumo discricionário,61.09,63.05,50.0,,,0.9,,76.97,57.45,53.22,34.04,False,33,Não,,,False,5,8,False,,False,,False,False,True,True,False,False,5,10,True,True,True,False,False,True,True,False,True,False,True,0.24,True,4054587648.0,7.01,2.64,4.42,3.32,37.61,-8.65,14.39,12.08,4.8,0.47,0.46,1.96,0.79,0.47,23.27,-11.5,4.8,7.18,0.76,81.81,18.11,20.84,36.71,58.7,-9.9,3.9,28.62,28.07,-22.2,49.3,45.1,22.35,36.71,34.22,1.61,0.56,0.1,33.06999969482422,7.841245994785756,14.545511320327579,62.50748872416845,36.46401424885856,86.42331517109326,22.514801130999526,57.08231045754252,29.594078178857714,,,,6,False,11.0,,,n/d,n/d,,,,False,False,,,Em Alta,33.66999816894531,-1.7819973470461492,-11.178590548470924,False,False,False,sem sinal (Em Alta)
SAPR11,SMALL11,SMALL11,Serviços públicos,60.83,59.21,70.0,,,0.1,,57.7,57.35,64.41,60.28,True,34,Não,,,False,4,8,False,,True,,False,False,False,True,True,True,7,10,False,False,True,False,False,True,True,True,False,True,True,0.21,True,10037423104.0,22.25,0.84,1.65,6.34,3.76,14.91,11.83,6.04,3.96,0.89,1.05,1.86,0.6,1.93,141.17,11.5,6.25,5.91,0.51,53.34,46.66,31.45,47.9,5.6,-30.7,-11.4,37.25,38.66,-34.3,30.5,-17.4,31.45,47.9,-28.28,0.98,0.55,0.07,33.209999084472656,15.050948098757642,27.919508723195424,19.776741027832028,36.43807890835232,26.634978105799664,15.033916666666668,14.776583862304689,78.28563652966578,22.232965056129775,19.776741027832028,17.799066925048827,7,True,5.3,-46.40449438202248,-33.05340057499488,n/d,n/d,,,,False,False,,,Em Baixa,33.650001525878906,-1.3075852049155512,-31.83497895652686,False,False,False,sem sinal (Em Baixa; sem novo topo (-1.3%))
TOTS3,BOVA11+SMALL11,BOVA11,Tecnologia de informação,60.68,57.27,80.0,,,0.5,,86.25,28.3,49.84,14.18,False,35,Não,Fundo duplo,"Fundo duplo (pré-confirmação) — pescoço R$30.00, preço 17.8% acima do pescoço; falta fechar acima e segurar",False,6,8,False,,True,,False,False,True,True,True,True,8,10,True,True,True,True,True,False,True,False,True,True,True,0.55,True,20145360896.0,14.41,3.76,1.98,1.39,26.12,14.98,23.37,21.63,8.19,2.09,1.25,1.84,0.92,0.96,20.02,269.5,16.68,7.39,1.0,42.41,54.01,27.05,47.43,30.6,-25.5,13.6,36.81,37.27,-43.0,38.3,-12.8,27.05,46.82,-23.68,0.97,0.43,-0.03,35.33000183105469,3.505173349911768,6.5020965640863295,32.48594894250344,22.767167679730235,40.1819885055229,10.59424454785779,29.666413751267296,24.796834859127696,,,,6,False,11.5,,,2026-11-04,2026-06-16,última,,,False,False,,,Em Alta,35.45000076293945,-0.3385019162262415,-25.907699446121192,True,False,False,sem sinal (Em Alta)
ITSA4,BOVA11+Wishlist,BOVA11,Financial Services,60.43,59.33,66.66666666666667,,,0.4,,60.83,48.0,,80.85,False,36,Não,,,False,5,6,False,,True,,False,False,True,,True,True,6,9,True,True,True,,True,,True,False,True,True,True,,True,146480070656.0,8.09,1.57,8.42,9.45,19.36,17.48,0.38,214.29,,,,,,1.78,76.48,28.4,6.88,0.38,0.64,16.02,79.82,9.78,14.79,33.6,-11.6,-1.3,12.77,12.29,-17.7,24.0,15.2,11.35,14.79,4.32,1.23,0.88,0.07,13.069999694824219,8.825492747681016,13.675613109578489,17.881620087099495,17.39573365086163,22.62970492137401,17.286632457806448,8.940236931260666,,14.41733960054136,15.481122783692468,13.933010505323221,4,True,2.0,6.602990288062194,10.3086452729658,n/d,2026-09-01,próxima,"A Itaúsa (ITSA4) apresenta-se como uma holding financeira robusta, cujo retorno sobre o patrimônio líquido (ROE) de 19,4% e o retorno sobre o capital investido (ROIC) de 0,4% posicionam-se ligeiramente acima de seus pares do setor de serviços financeiros, sugerindo uma eficiência operacional que se destaca na média. Essa qualidade na rentabilidade convive com múltiplos de preço atraentes, uma vez que o preço sobre o lucro (P/L) de 8,09 e o preço sobre o valor patrimonial (P/VP) de 1,57 indicam que o papel é negociado a patamares razoáveis frente ao retorno gerado. O excelente dividendo distribuído, com um dividend yield de 8,42%, mostra-se sustentável e coerente com a expressiva margem líquida de 214,29%, refletindo a capacidade da companhia de converter suas receitas em proventos robustos sem comprometer sua estrutura de capital. No quesito crescimento, a empresa superou seus pares com um avanço anual composto (CAGR) de receita nos últimos cinco anos de 28,4%, o que reforça o vigor de suas investidas. Esse panorama operacional positivo é chancelado pelo checklist de critérios fundamentalistas, no qual a Itaúsa atendeu a 5 de 6 requisitos possíveis, falhando apenas na questão de vendas recentes por parte de insiders. Sob a ótica do valuation, a análise dos preços-teto revela uma dispersão relevante entre os métodos de cálculo, variando desde os conservadores R$ 8,80 pelo método de Bazin até os otimistas R$ 22,67 pela fórmula de Lynch. A média dessas metodologias situa-se em R$ 14,45 e a mediana em R$ 15,51, sendo que o preço-teto ajustado com margem de segurança de R$ 13,96 projeta um upside de 6,7% em relação ao preço atual de R$ 13,08. Em suma, os prós da tese concentram-se na rentabilidade acima da média setorial, no forte histórico de crescimento e no sólido retorno via dividendos, enquanto os contras ficam por conta do sinal gráfico de baixa no curto prazo e da pressão vendedora de insiders apontada no checklist.",,True,False,,,Em Baixa,13.075757026672363,-0.044030581452381146,-12.996866844258104,True,False,False,sem sinal (Em Baixa; sem novo topo (-0.0%))
CMIN3,BOVA11+Wishlist,BOVA11,Materiais,60.29,65.64,30.0,,,1.0,,82.86,47.05,34.0,97.87,False,37,Não,Bandeira de alta,"Bandeira de alta (pré-confirmação) — pescoço R$6.04, preço 1.8% abaixo do pescoço; falta fechar acima e segurar",False,7,8,False,,True,,False,False,True,False,True,False,3,10,True,True,True,False,True,True,True,True,True,True,True,0.16,True,31916161024.0,13.78,4.38,18.4,16.6,31.79,32.01,20.33,13.41,5.36,0.2,0.14,1.17,1.24,0.15,228.81,90.7,14.76,8.29,0.53,80.09,19.91,4.08,6.24,45.3,-4.9,18.9,5.18,5.13,-34.6,38.7,16.9,4.08,6.24,6.02,1.07,0.47,-0.07,5.929999828338623,7.033119329085648,13.046436355453878,5.70192291186406,3.6206310855920933,12.910014140069572,6.133333333333334,5.207039036494728,5.424421434650927,7.3846147033180305,5.917628122598697,5.325865310338828,8,True,3.6,-10.187766197103798,24.52976251412371,n/d,2026-04-17,última,"A CSN Mineração (CMIN3) apresenta uma sólida eficiência operacional no setor de materiais, com um retorno sobre o patrimônio líquido (ROE) de 31,8% e um retorno sobre o capital investido (ROIC) de 20,3%, ambos posicionados significativamente acima dos pares setoriais (5,6% e 9,2%, respectivamente), o que sugere uma forte capacidade de geração de valor. Essa elevada qualidade operacional, contudo, convive com múltiplos de preço que exigem atenção, pois o preço sobre o valor patrimonial (P/VP) de 4,38 indica um prêmio em relação ao valor contábil, enquanto o preço sobre o lucro (P/L) de 13,78 reflete uma avaliação mais moderada, embora o indicador preço/lucro ao crescimento (PEG) de apenas 0,15 aponte que o papel pode estar barato quando confrontado com sua expansão recente. No âmbito financeiro, a excelente rentabilidade é acompanhada por um endividamento sob controle, evidenciado pela relação dívida líquida sobre EBITDA de 0,2, que se situa confortavelmente abaixo da média do setor (1,76) e compensa a relação dívida sobre patrimônio de 1,24 e a liquidez corrente de 1,17. O expressivo dividendo distribuído (DY de 18,4%) mostra-se coerente com a forte lucratividade e a baixa alavancagem financeira, embora a sustentabilidade de longo prazo desse fluxo dependa da manutenção das margens operacionais, visto que a margem líquida atual de 13,41% não atingiu o patamar idealizado de 15%. Quanto ao crescimento, a companhia superou amplamente seus pares com um crescimento anual composto (CAGR) de receita nos últimos cinco anos de 90,7%, frente à média setorial de 17,4%, o que ajudou a empresa a atender a 7 dos 8 critérios do checklist de qualidade e segurança estabelecido. No campo do valuation, as estimativas de preço-teto revelam uma dispersão acentuada entre os métodos analíticos, variando desde os conservadores R$ 3,61 pelo modelo de Graham até os otimistas R$ 13,03 por Gordon e R$ 12,89 por Lynch. Essa disparidade resulta em uma média de R$ 7,37 e uma mediana de R$ 5,91, muito próxima do preço atual de R$ 5.92, sendo que o preço-teto ajustado com margem de segurança fica em R$ 5,32, indicando um potencial de valorização negativo de 10,1% em relação a essa métrica mais prudente. Em balanço, os principais pontos positivos residem na rentabilidade excepcional, no endividamento muito abaixo do setor, no forte crescimento histórico e no robusto retorno via dividendos, ao passo que os pontos negativos concentram-se no valuation esticado frente ao preço-teto ajustado, na margem líquida abaixo da meta do checklist e na expressiva dispersão entre as metodologias de avaliação de preço justo.",,True,False,,,Em Alta,6.010000228881836,-1.3311214225710133,-6.949222898606456,True,False,False,sem sinal (Em Alta)
ITUB4,BOVA11,BOVA11,Produtos financeiros,60.21,57.6,75.0,15.95,,0.4,,58.69,40.95,70.71,68.09,False,38,Não,,,False,4,6,False,,True,,False,False,True,,True,True,6,8,True,True,False,,True,,True,False,True,True,True,,True,435804831744.0,9.35,2.1,7.83,7.17,22.45,19.06,0.0,32.58,,,,,,1.26,67.03,8.1,7.76,1.58,,92.99,6.67,33.37,48.38,18.5,-18.3,-4.0,39.47,39.77,-22.5,23.7,3.1,37.49,48.38,-7.78,1.17,0.85,0.06,39.540000915527344,20.24838354330898,37.560751472838156,56.032621618260656,42.32651202278742,61.616056743691594,45.5743969298412,30.969933770634082,,39.85403839106225,41.56757420133968,37.41081678120572,4,True,2.8,-5.3848864062253865,0.7942272844297715,n/d,2026-09-01,próxima,,,False,False,,,Em Baixa,39.5018196105957,0.09665707885870845,-18.770005879646156,True,False,False,sem sinal (Em Baixa; sem novo topo (+0.1%))
BBDC3,BOVA11,BOVA11,Produtos financeiros,60.02,59.58,62.5,15.65,,0.4,,49.0,66.92,66.43,75.18,False,39,Não,,,False,3,6,False,,True,,False,False,True,,True,True,5,8,True,False,False,,True,,True,False,True,True,True,,True,160214253568.0,6.49,0.92,9.32,8.7,14.13,11.35,0.0,26.07,,,,,,1.06,56.48,17.8,,1.07,,92.32,7.66,12.88,17.96,17.4,-15.8,-2.8,15.24,15.4,-22.4,23.6,1.1,13.93,17.96,-9.78,1.16,0.84,-0.04,15.130000114440918,9.40571223752882,17.44759620061596,30.889445534105104,29.370675044027962,34.62426303206774,25.477654428853477,15.238159442042624,,20.80510210027584,21.462625314734716,19.316362783261244,4,True,3.3,27.669283788204524,37.50893551162824,2026-11-04,2026-09-02,próxima,,,False,False,,,Em Baixa,15.170000076293945,-0.2636780596694588,-16.823381805263814,True,False,False,sem sinal (Em Baixa; sem novo topo (-0.3%))
TFCO4,SMALL11,SMALL11,Consumo discricionário,59.77,59.73,60.0,,,0.9,,80.85,31.47,69.23,16.31,False,40,Não,,,False,5,8,False,,True,,False,False,True,True,True,True,6,10,True,True,True,False,False,True,True,False,True,True,True,0.2,True,1937944064.0,13.32,3.2,2.49,1.72,23.99,26.81,27.1,13.1,8.23,0.48,0.25,3.17,0.28,0.89,22.98,9.3,8.4,16.01,1.67,41.96,57.74,12.65,18.1,0.9,-29.4,-13.0,15.73,15.69,-30.1,31.8,-19.5,12.65,17.65,-30.38,1.23,0.67,0.13,12.770000457763672,1.5733396500342673,2.9185450508135657,12.702890845748394,9.278014999828239,16.03429143895907,6.104046666666666,11.600375791211745,6.37023177842308,,,,6,False,10.2,,,n/d,n/d,,,,False,False,,,Em Baixa,13.949999809265137,-8.458776828926895,-29.749694556720417,False,False,False,sem sinal (Em Baixa; sem novo topo (-8.5%))
ISAE4,BOVA11,BOVA11,Serviços públicos,59.56,59.48,60.0,,,0.1,,61.05,48.96,60.54,76.6,True,41,Não,,,False,5,8,False,,True,,False,False,True,True,True,True,6,10,False,True,False,True,True,False,True,True,True,True,True,0.67,True,18833903616.0,6.65,0.85,6.51,8.95,12.71,14.91,9.63,26.39,7.45,3.41,4.96,5.28,0.79,1.29,59.53,220.0,8.99,6.2,0.28,54.58,44.81,21.41,31.63,24.7,-15.6,-4.6,26.84,26.55,-19.9,24.6,2.5,25.09,31.63,-8.38,0.98,0.68,0.06,26.690000534057617,17.067335115846856,28.365993733868812,47.64652022116626,53.24999312312204,56.57363177602426,42.94857718797374,23.697092000369086,31.181204276232254,37.59129342932541,37.064890732102995,33.358401658892696,8,True,3.3,24.984642155873704,40.84410894393675,n/d,2026-04-20,última,,,False,False,,,Lateral,26.75,-0.22429706894349088,-16.70672413596185,True,False,False,sem sinal (Lateral)
ABEV3,BOVA11,BOVA11,Bens de primeira necessidade,59.53,59.45,60.0,,,0.0,,79.4,20.43,66.09,53.9,True,42,Não,,,False,7,8,False,,True,,False,False,True,True,True,True,6,10,True,True,True,True,True,True,True,False,True,True,True,-0.17,True,232841986048.0,14.32,2.64,5.25,5.43,18.4,17.07,20.62,18.41,8.09,-0.57,-0.39,1.02,0.03,3.5,77.78,24.6,13.6,10.3,0.81,38.81,60.59,11.06,16.9,36.5,-10.7,-4.1,14.91,14.37,-13.6,25.4,10.9,13.6,16.9,0.02,0.67,0.45,0.03,15.100000381469727,5.858098661921794,8.613392986347208,11.074483621971506,11.649163610491446,10.038964403170748,14.939363235827711,5.527196714625737,10.952433440190063,9.831637084318277,10.495698921680406,9.446129029512365,8,True,2.7,-37.44285568956426,-34.88982227852543,2026-10-29,2026-09-22,próxima,,,False,False,,,Em Baixa,15.3100004196167,-1.3716527262657707,-11.138231636066287,True,False,False,sem sinal (Em Baixa; sem novo topo (-1.4%))
EZTC3,SMALL11,SMALL11,Consumo discricionário,58.65,56.65,70.0,,,0.9,,50.72,59.33,67.67,54.61,False,43,Não,,,False,3,8,False,,True,,False,False,True,True,False,True,7,10,False,False,False,True,False,True,True,False,True,False,True,0.0,True,3308893440.0,6.21,0.63,8.41,5.69,10.15,7.87,5.14,36.95,10.53,0.07,0.17,3.06,0.34,0.95,35.34,-22.5,5.19,2.75,2.48,28.86,69.9,10.21,16.23,16.9,-26.5,-5.4,13.23,13.27,-37.1,37.8,-11.5,10.21,15.91,-22.38,1.36,0.61,0.07,11.930000305175781,4.849815170084062,8.996407140505934,25.454509507822713,28.609853833574608,23.541088243747108,14.243547025675356,13.056799779198412,4.876706679057431,18.98370092175402,18.892317634711233,17.00308587124011,6,True,5.9,42.523767278223715,59.12573710092883,n/d,n/d,,,,False,False,,,Lateral,11.899999618530273,0.2521066185480425,-27.44863804460159,False,False,False,sem sinal (Lateral)
TAEE11,BOVA11+SMALL11,BOVA11,Serviços públicos,58.51,58.25,60.0,,,0.1,,73.32,26.32,48.71,89.36,True,44,Não,,,False,6,8,False,,True,,True,False,True,False,True,True,6,10,True,True,True,True,False,False,True,True,True,True,True,0.45,True,40502865920.0,8.29,1.67,7.69,11.16,20.14,22.05,11.11,36.48,9.47,4.36,5.49,3.48,1.36,5.5,92.51,13.5,9.05,6.9,0.24,66.19,33.81,31.89,43.57,22.9,-10.1,-0.6,39.23,38.62,-15.3,22.2,-1.7,36.91,43.57,-12.58,0.89,0.69,0.09,39.189998626708984,31.239191730407132,35.53728386609693,38.41290257710872,49.96098665627053,59.88362717639144,16.748769759571825,17.108977229233716,28.921250591088832,34.72662369827114,33.38823779825203,30.049414018426827,8,True,3.6,-23.323768636349516,-11.38906630477894,n/d,2026-08-17,última,,,False,False,,,Lateral,39.099998474121094,0.2301794273661173,-10.549587512895863,True,False,False,sem sinal (Lateral)
BLAU3,SMALL11,SMALL11,Cuidados de saúde,58.48,63.5,30.0,,,0.2,,63.08,56.26,84.65,41.13,True,45,Não,,,False,5,8,False,,True,,False,False,True,True,False,False,3,10,False,True,True,False,False,True,True,True,True,True,True,-0.01,True,2101963264.0,9.26,0.93,8.01,3.82,10.02,13.86,12.24,13.09,4.98,-0.09,-0.1,3.23,0.37,1.43,35.35,-14.8,6.57,5.15,1.38,37.94,62.5,8.35,13.7,9.0,-33.6,-7.9,9.84,9.81,-39.1,51.7,-33.6,8.35,13.7,-44.48,0.76,0.25,0.19,9.100000381469727,2.481299659046295,4.602810867530876,13.021058861174284,14.709086500925494,10.11752647208843,7.305079183628169,6.626819603748891,10.230946903121122,9.516189770316752,10.11752647208843,9.105773824879588,7,True,5.9,0.06344443041581549,4.573509575829338,n/d,n/d,,,,False,False,,,Lateral,9.300000190734863,-2.150535539390497,-36.28817772027628,False,False,False,sem sinal (Lateral)
VBBR3,BOVA11,BOVA11,Consumo discricionário,58.1,56.0,70.0,,,0.9,,61.44,53.1,46.65,57.45,False,46,Bandeira de alta,,,False,6,8,False,,True,,False,False,True,True,True,True,7,10,True,True,True,False,True,True,True,False,False,True,True,0.74,True,41783721984.0,8.16,1.75,4.38,6.06,21.49,20.83,16.06,2.48,5.99,1.52,1.33,2.01,0.93,0.75,49.46,677.0,10.4,9.71,0.57,65.98,33.8,20.31,36.13,72.0,-3.3,8.3,29.05,27.97,-18.4,27.4,39.2,24.7,36.13,28.32,1.05,0.65,0.17,34.93000030517578,15.123886486913136,28.054809433223866,56.718444122987634,43.845572464825295,72.43701498986181,38.39310729034606,40.65718109784552,22.06850693410309,43.16780519045618,40.65718109784552,36.591462988060975,7,True,4.8,4.75654929392888,23.583752686253924,n/d,n/d,,,Bandeira de alta,False,False,,,Lateral,35.40999984741211,-1.35554799295321,-4.64100658850165,False,True,False,"Bandeira de alta — mastro +31%, recuo 32%, bandeira 7d (candidato)"
KEPL3,SMALL11,SMALL11,Bens Industriais,58.06,63.01,30.0,,,0.7,,64.58,44.03,65.44,98.58,False,47,Não,,,False,6,8,False,,True,,False,False,True,True,False,False,3,10,True,True,True,False,False,True,True,True,True,True,True,-0.02,True,1129639808.0,8.46,1.48,4.38,16.66,17.52,36.22,12.97,9.71,6.75,-0.07,-0.08,2.04,0.43,,140.98,-56.2,11.81,6.76,1.34,48.81,51.19,5.69,10.45,14.6,-37.6,-4.0,7.72,7.97,-45.6,35.4,-34.0,5.69,10.45,-44.88,1.03,0.5,-0.02,6.519999980926514,7.760988666309542,11.299999498146695,8.015130000193349,8.740229054400041,,8.87647993724503,2.0588314698298853,5.329716423495585,8.337090596631707,8.377679527296696,7.539911574567026,6,True,5.5,15.642815899143292,27.869488052467428,n/d,n/d,,,,False,False,,,Em Alta,6.579999923706055,-0.9118532443044058,-37.90476208641416,False,False,False,sem sinal (Em Alta)
BBDC4,BOVA11+Wishlist,BOVA11,Produtos financeiros,58.06,57.28,62.5,15.65,,0.4,,49.0,58.82,66.43,72.34,False,48,Não,,,False,3,6,False,,True,,False,False,True,,True,True,5,8,True,False,False,,True,,True,False,True,True,True,,True,187118977024.0,7.35,1.04,9.05,8.33,14.13,11.35,0.0,26.07,,,,,,1.34,61.25,17.8,5.71,1.07,,92.32,7.66,15.18,20.89,13.2,-17.8,-3.9,17.71,17.86,-24.6,25.5,-1.6,15.75,20.89,-12.48,1.22,0.82,-0.02,17.18000030517578,10.226028232916907,17.714071246857714,28.921392013017094,29.47501854898534,32.27669402079623,27.87155042015183,14.289036952218765,,21.183260478235887,22.792810833504774,20.513529750154298,4,True,2.8,19.403547064980152,23.301863224379883,n/d,2026-09-02,próxima,"A análise fundamentalista do Bradesco revela um cenário de transição onde a qualidade e o preço caminham em direções opostas, visto que o retorno sobre o patrimônio líquido de 14,1% e o retorno sobre o capital investido de 0,0% situam-se ligeiramente abaixo dos pares do setor de produtos financeiros, enquanto os múltiplos de valuation mostram-se bastante descontados, com um preço sobre lucro de 7,35 e preço sobre valor patrimonial de 1,04. Essa rentabilidade moderada, embora inferior à média setorial, é compensada por uma robusta margem líquida de 26,07% e por um expressivo crescimento histórico, dado que o crescimento anual composto da receita nos últimos cinco anos atingiu 17,8%, patamar amplamente superior à média dos concorrentes. O atual dividendo de 9,05% demonstra-se altamente atrativo e sustentável frente à forte geração de caixa e ao perfil de endividamento controlado típico de grandes instituições financeiras, embora o checklist de critérios de investimento acenda um alerta ao aprovar apenas três dos seis requisitos avaliados, penalizado justamente pelo retorno abaixo do setor e por transações de insiders. Sob a ótica do valuation, as estimativas de preço-teto apresentam uma dispersão acentuada entre os métodos analíticos, variando desde os conservadores R$ 10,23 pelo modelo de Bazin até os otimistas R$ 32,3 pelo critério de Lynch, estabelecendo uma média de R$ 21,19 e um preço ajustado com margem de segurança de R$ 20,52. Essa referência de preço-teto ajustado sinaliza um potencial de valorização de 19,4% em relação à cotação atual de R$ 17,19, muito embora a tendência gráfica do papel ainda aponte para baixo no curto prazo. Como principais prós, destacam-se o sólido histórico de expansão de receita, o excelente retorno via proventos e o valuation descontado com margem de segurança atrativa; em contrapartida, figuram como contras a rentabilidade operacional inferior à média de mercado, o sinal gráfico desfavorável e as ressalvas apontadas no checklist de governança e eficiência.",,True,False,,,Em Baixa,17.190000534057617,-0.058174686277778775,-19.110966353150793,True,False,False,sem sinal (Em Baixa; sem novo topo (-0.1%))
ALUP11,SMALL11,SMALL11,Serviços públicos,57.79,55.63,70.0,,,0.1,,61.11,51.1,51.95,49.65,True,49,Não,,,False,7,8,False,,True,,False,False,True,False,True,True,7,10,True,True,True,True,True,False,True,True,True,True,True,0.81,True,15553951744.0,7.78,1.12,3.3,4.76,14.38,12.27,10.21,27.68,6.26,3.48,4.77,3.17,1.11,0.86,37.01,176.5,11.79,5.7,0.32,60.84,28.54,28.64,36.3,14.2,-9.9,-0.3,32.52,32.54,-15.6,21.1,3.7,30.63,36.3,-7.18,0.83,0.67,0.06,32.70000076293945,11.111910107628976,20.61259324965175,55.690875335340316,52.54606660988762,58.0655890080662,28.276225892446583,35.15786989645878,54.68623962474753,43.57649423094268,52.54606660988762,47.291459948898854,7,True,5.2,44.62219830433958,33.26144713834411,n/d,n/d,,,,False,False,,,Lateral,32.79999923706055,-0.30487340380210837,-10.719747925533806,False,False,False,sem sinal (Lateral)
CPFE3,BOVA11,BOVA11,Serviços públicos,57.58,58.92,50.0,,,0.1,,76.76,40.44,29.47,83.69,True,50,Não,Fundo duplo,"Fundo duplo (pré-confirmação) — pescoço R$52.32, preço 14.8% abaixo do pescoço; falta fechar acima e segurar",False,6,8,False,,True,,False,False,True,False,True,True,5,10,True,True,True,False,False,True,True,True,True,True,True,1.44,True,51367505920.0,8.55,2.26,8.38,10.16,26.43,27.84,15.57,13.16,5.66,2.35,2.11,0.92,1.55,2.46,86.86,21.5,10.21,8.79,0.29,71.02,27.73,35.03,52.32,27.3,-14.8,-2.2,44.8,44.0,-21.6,25.2,-10.5,40.99,52.32,-21.38,0.96,0.65,0.04,44.58000183105469,32.34791427403244,44.518351106430394,51.255292753284586,48.10542590944653,71.08054564196543,59.88744240916201,25.31436327503867,77.83534834731864,51.29308546458484,49.68035933136556,44.712323398229,8,True,3.1,0.2968182183477053,15.058509102289408,2026-11-12,2026-04-30,última,,,False,False,,,Lateral,44.79999923706055,-0.4910656467687291,-15.873830991950399,True,False,False,sem sinal (Lateral)
RECV3,BOVA11+SMALL11,BOVA11,Energia,57.26,62.07,30.0,,,0.9,,54.62,70.96,54.8,87.94,False,51,Bandeira de alta,,,False,3,8,False,,True,,False,False,True,True,False,False,3,10,False,False,False,True,False,True,True,False,True,True,True,0.36,True,3242977280.0,6.4,0.72,15.66,10.71,11.26,17.76,10.15,16.73,3.34,1.18,1.63,2.91,0.72,1.81,68.56,-14.8,6.74,5.06,0.52,50.04,49.96,8.89,13.47,24.3,-18.0,2.8,10.53,10.7,-31.9,31.4,17.5,9.17,13.47,6.62,0.7,0.39,0.1,11.050000190734863,8.454636771848904,11.717380493680167,17.091880766359505,24.417281459316456,24.607722616851017,20.99519304746377,8.45497427034317,9.873363574846614,15.7015541250887,14.404630630019836,12.964167567017853,8,True,2.9,17.322781386809115,42.095509991520565,n/d,n/d,,,Bandeira de alta,False,False,,,Em Alta,10.890000343322754,1.469236385380035,-19.860057196733273,False,True,False,"Bandeira de alta — mastro +17%, recuo 24%, bandeira 9d (candidato)"
BPAC11,BOVA11,BOVA11,Produtos financeiros,56.44,53.16,75.0,15.65,,0.4,,59.81,41.06,66.43,26.95,False,52,Não,Fundo duplo,"Fundo duplo (pré-confirmação) — pescoço R$57.88, preço 5.0% abaixo do pescoço; falta fechar acima e segurar",False,4,6,False,,True,,False,False,True,,True,True,6,8,True,True,False,,True,,True,False,True,True,True,,True,185224724480.0,11.69,2.68,2.58,2.74,22.88,20.48,0.0,39.8,,,,,,0.78,32.0,20.0,9.03,2.41,,90.46,8.68,43.13,63.41,27.5,-13.3,0.8,53.52,53.05,-23.5,32.2,6.9,48.49,63.41,-3.98,1.59,0.85,0.06,54.970001220703125,10.74819364227809,19.937899206425858,62.30560446315795,46.584598102629904,83.40673475641063,11.768333333333333,56.89794822673292,,14.151475394012428,11.768333333333333,10.5915,3,True,5.8,-80.7322180010959,-74.25600312942578,n/d,2026-08-11,última,,,False,False,,,Lateral,54.709999084472656,0.4752369595711903,-14.848404090000255,True,False,False,sem sinal (Lateral)
SANB11,BOVA11+Wishlist,BOVA11,Produtos financeiros,56.27,57.38,50.0,14.99,,0.4,,52.15,62.22,57.0,69.5,False,53,Não,Bandeira de alta,"Bandeira de alta (pré-confirmação) — pescoço R$29.68, preço 0.7% abaixo do pescoço; falta fechar acima e segurar",False,3,6,False,,True,,True,False,True,,True,False,4,8,True,False,False,,True,,True,False,True,True,True,,True,158410178560.0,7.15,1.12,7.81,7.32,15.69,10.65,0.0,28.66,,,,,,0.96,52.32,49.8,6.54,1.11,,90.04,9.86,25.1,36.14,17.5,-18.4,6.5,29.09,29.19,-30.6,30.8,-7.4,25.1,36.14,-18.28,1.16,0.64,-0.02,29.479999542236328,15.409767648334661,28.585118987660795,54.63076838246591,49.41476100808192,61.01495192134265,36.65079292542511,30.40089294201487,,33.81911198597162,32.61795595654295,29.356160360888655,4,True,3.5,-0.4200786406738155,14.7188348409524,n/d,2026-07-22,última,"A análise fundamentalista do Santander Brasil (SANB11) revela uma instituição financeira de grande porte que apresenta uma rentabilidade ligeiramente abaixo de seus pares, com um ROE de 15,7% e um ROIC de 0,0% situando-se timidamente inferiores às médias setoriais de 15,9% e 0,2%, respectivamente. Essa rentabilidade moderada convive com múltiplos de preço atrativos, uma vez que o P/L de 7,15 e o P/VP de 1,12 sugerem um papel descontado frente à qualidade de sua operação, que é sustentada por uma robusta margem líquida de 28,66%. No que tange aos proventos, o expressivo dividendo de 7,81% mostra-se coerente e sustentável, beneficiado pela ausência de endividamento líquido sobre o resultado operacional mensurável, o que é típico do setor bancário, garantindo um fluxo de caixa saudável para a distribuição de lucros. O crescimento da companhia é um dos grandes destaques, evidenciado por um CAGR de receita nos últimos cinco anos de impressionantes 49,8%, patamar muito acima da média setorial de 4,2%, o que sinaliza uma forte expansão de mercado. No entanto, o checklist de critérios fundamentalistas acende um alerta ao atender apenas 3 de 6 requisitos, penalizado pelo ROE e ROIC abaixo de seus pares e pela ocorrência de venda de ações por parte de insiders, embora o banco cumpra os critérios de valor de mercado e crescimento. Sob a ótica de valuation, a faixa de preço-teto calculada apresenta uma dispersão acentuada entre os métodos, variando desde os conservadores R$ 15,45 por Bazin e R$ 28,66 por Gordon, até os otimistas R$ 49,55 por Graham, R$ 54,78 por fluxo de caixa descontado e R$ 61,18 por Lynch. Essa divergência resulta em uma média de R$ 33,89 e uma mediana de R$ 32,66, mas quando aplicado o preço-teto ajustado com margem de segurança de R$ 29,39, o papel exibe um upside negativo de -0,6% em relação à cotação atual de R$ 29,56. Em balanço, os prós da tese concentram-se no crescimento histórico formidável de receita, na margem líquida robusta e no atraente retorno via dividendos, enquanto os contras residem na rentabilidade ligeiramente abaixo da média do setor, no sinal gráfico que não confirma a tendência de alta e na escassa margem de segurança para entrada no preço atual.",,True,False,,,Em Alta,30.010000228881836,-1.7660802485947036,-19.14222054301369,True,False,False,sem sinal (Em Alta)
GMAT3,SMALL11,SMALL11,Bens de primeira necessidade,55.54,53.58,66.66666666666667,,,0.0,,47.86,69.48,57.07,32.62,True,54,Não,Fundo duplo,"Fundo duplo (pré-confirmação) — pescoço R$4.03, preço 12.7% acima do pescoço; falta fechar acima e segurar",False,4,8,False,,True,,False,,True,True,False,True,6,9,True,True,False,False,False,True,True,False,False,True,True,0.48,True,10455562240.0,6.57,0.95,2.57,3.24,14.52,15.23,10.1,3.99,4.61,2.21,3.06,1.74,0.56,0.57,21.28,-40.8,5.1,5.51,1.0,52.91,42.64,3.57,7.15,27.2,-36.5,10.0,4.66,4.97,-50.1,41.0,1.1,3.57,5.86,-9.78,1.22,0.51,0.1,4.539999961853027,1.0503584757917914,1.948414972593773,9.156012099627489,8.619907805506642,10.136645309769813,4.221651666216066,6.810742765659991,6.619641355371622,,,,6,False,9.7,,,n/d,n/d,,,,False,False,,,Em Alta,4.78000020980835,-5.020925469058602,-37.308661983342375,False,False,False,sem sinal (Em Alta)
IGTI11,BOVA11+SMALL11,BOVA11,Imobiliário,55.5,52.94,70.0,,,0.8,,69.97,37.22,50.07,21.28,False,55,Não,Fundo duplo,"Fundo duplo (pré-confirmação) — pescoço R$26.54, preço 6.7% abaixo do pescoço; falta fechar acima e segurar",False,3,7,False,,True,,False,False,True,True,False,True,7,10,False,False,True,True,False,True,,False,True,False,True,0.48,True,,11.4,1.47,1.2,2.46,12.93,7.32,12.16,41.91,8.7,2.15,2.47,2.73,0.9,1.22,27.99,-35.4,11.28,5.46,0.48,51.02,48.98,22.47,30.19,10.2,-18.0,-3.3,25.3,25.61,-25.2,28.4,-0.4,22.57,30.19,-11.28,1.32,0.79,0.11,24.760000228881836,4.342715771157556,8.055737755497267,28.778070441463534,28.69001731662298,25.555028521195144,2.9696033674000244,18.513044403507937,18.22109104339336,,,,6,False,9.7,,,n/d,n/d,,,,False,False,,,Lateral,24.530000686645508,0.9376255026423364,-18.623824567750844,False,False,False,sem sinal (Lateral)
CMIG4,BOVA11,BOVA11,Serviços públicos,55.44,54.63,60.0,,,0.1,,55.23,49.45,37.44,99.29,True,56,Não,,,False,5,8,False,,True,,True,False,True,True,False,True,6,10,True,True,False,False,False,True,True,True,True,True,True,0.67,True,30752331776.0,6.66,1.05,9.88,17.43,15.75,21.33,9.3,10.51,6.55,2.49,3.75,1.17,0.78,,116.11,-20.4,9.28,5.94,0.42,57.36,42.63,9.61,13.28,11.8,-19.0,-3.5,10.71,10.8,-25.1,22.7,2.1,9.95,13.28,-8.78,0.96,0.73,0.08,10.75,13.387298918358693,19.49190722513026,16.786786786786784,19.282705089605958,,14.127676775544375,4.311990561990561,14.936291906420506,16.335444450307765,15.861539346603646,14.275385411943281,6,True,4.5,32.794282901797956,51.957622793560596,2026-11-12,2026-06-24,última,,,False,False,,,Lateral,10.699999809265137,0.467291510524781,-19.389034244153503,True,False,False,sem sinal (Lateral)
WEGE3,BOVA11+Carteira,BOVA11,Bens Industriais,55.41,54.6,60.0,,,0.7,,86.48,6.88,59.88,19.86,False,57,Não,Fundo duplo,"Fundo duplo (pré-confirmação) — pescoço R$46.91, preço 6.8% acima do pescoço; falta fechar acima e segurar",False,6,8,False,,True,,False,False,True,True,False,True,6,10,True,True,True,True,False,True,True,False,True,True,True,-0.17,True,210127159296.0,33.66,11.16,4.0,2.33,33.16,31.31,24.33,15.58,21.89,-0.35,-0.2,1.59,0.29,4.71,78.43,-2.1,27.11,11.21,1.12,56.49,40.84,34.11,53.79,46.8,-6.9,9.1,45.97,44.82,-22.5,28.9,4.3,41.68,53.79,-6.58,0.72,0.43,0.1,50.08000183105469,8.334613036483088,15.460707182676126,19.71360737556371,12.256499222827324,14.110049695180669,20.636962973210277,10.664793613650803,13.183186864230994,14.295052495477874,13.64661827970583,12.281956451735248,8,True,2.5,-75.47532747069671,-71.45556714693751,2026-10-21,2026-06-22,última,"A WEG (WEGE3) consolida-se como uma empresa de altíssima eficiência operacional no setor de bens industriais, apresentando um ROE de 33,2% e um ROIC de 24,3% que se posicionam muito acima das médias setoriais de 14,5% e 12,6%, respectivamente. Essa excepcional qualidade técnica e rentabilidade, contudo, convive com múltiplos de preço extremamente esticados, evidenciados pelo P/L de 33,66 e pelo P/VP de 11,16, o que sugere que o mercado cobra um prêmio elevado pelo papel. No âmbito financeiro, a excelente rentabilidade é sustentada por uma estrutura de capital altamente conservadora, com endividamento líquido sobre EBITDA negativo em -0,35 — bem abaixo dos pares que registram 2,39 —, indicando caixa líquido e risco de crédito mínimo. Essa solidez financeira confere sustentabilidade ao dividendo distribuído, cujo rendimento de 4,0% mostra-se coerente com a geração de lucro e a baixa alavancagem, embora o retorno em proventos seja moderado pelo alto valor de mercado da ação. Por outro lado, o crescimento recente acende um sinal de alerta, visto que o CAGR de receita de cinco anos recuou 2,1%, situando-se abaixo da média setorial de expansão de 21,6%. No checklist de critérios fundamentalistas, a companhia atende a robustos 6 dos 8 requisitos avaliados, falhando apenas na expansão de receita frente aos pares e na movimentação de insiders, o que reforça seu perfil de governança e resiliência. Sob a ótica do valuation, as estimativas de preço-teto revelam uma dispersão relevante entre os métodos, variando desde os conservadores R$ 8,35 pelo modelo de Bazin até R$ 19,74 pelo fluxo de caixa descontado. Essa disparidade resulta em uma média de R$ 14,31 e uma mediana de R$ 13,67, gerando um preço-teto ajustado com margem de segurança de R$ 12,30, o que representa um expressivo potencial de desvalorização de 75,5% frente à cotação atual de R$ 50,15. Em suma, o investimento em WEGE3 traz como prós uma rentabilidade formidável, saúde financeira impecável com caixa líquido e forte aderência a critérios de qualidade, enquanto os contras residem no valuation severamente esticado perante os modelos teóricos e no crescimento de receita abaixo da média do seu setor.",,False,True,49.82,0.52,Em Alta,50.41999816894531,-0.6743283423997326,-7.7468217681571305,False,False,False,sem sinal (Em Alta)
UGPA3,BOVA11,BOVA11,Consumo discricionário,55.22,52.61,70.0,,,0.9,,63.5,40.8,43.65,51.06,False,58,Não,Bandeira de alta,"Bandeira de alta (pré-confirmação) — pescoço R$34.06, preço 3.6% acima do pescoço; falta fechar acima e segurar",False,7,8,False,,True,,False,False,True,True,True,True,7,10,True,True,True,False,True,True,True,True,False,True,True,0.63,True,37595074560.0,11.24,2.16,5.74,4.94,19.25,16.17,21.5,2.26,5.23,1.13,0.74,1.64,0.98,1.31,55.56,44.3,13.1,9.73,0.63,64.07,31.75,18.22,35.28,93.6,0.0,22.6,25.01,24.78,-22.2,29.8,73.2,20.23,35.28,62.32,1.0,0.56,0.05,35.279998779296875,12.45690666659642,23.107561866536358,41.58896653253412,33.96329280642168,42.3660626753211,24.573912205447275,25.262411313945,27.66669539140887,28.873226182276355,26.464553352676937,23.818098017409245,8,True,3.4,-32.488381968464644,-18.15978690107032,n/d,n/d,,,,False,False,,,Em Alta,34.81999969482422,1.3210772214367061,-0.2544533652975578,False,False,False,sem sinal (Em Alta)
EVEN3,SMALL11,SMALL11,Consumo discricionário,54.79,53.87,60.0,,,0.9,,40.36,73.06,47.85,78.72,False,59,Não,,,False,1,8,False,,True,,False,False,True,True,False,True,6,10,False,False,False,False,False,False,True,False,True,False,True,0.36,True,843214144.0,4.31,0.44,21.46,9.1,10.28,7.88,4.93,12.83,7.15,2.85,7.13,4.66,0.64,0.69,39.2,-37.5,2.83,2.92,1.27,57.92,36.05,4.15,8.43,2.4,-49.6,-21.2,6.75,6.51,-50.8,36.8,-41.8,4.15,8.31,-52.68,1.34,0.63,0.1,4.25,2.7610747881845836,5.121793732082402,13.06554524361949,14.63912825766184,15.131840523216948,9.474592285906555,6.508220640706524,1.4765278492081257,,,,6,False,10.2,,,n/d,n/d,,,,False,False,,,Em Baixa,4.519999980926514,-5.973450930660595,-50.18201135722947,False,False,False,sem sinal (Em Baixa; sem novo topo (-6.0%))
BMOB3,SMALL11,SMALL11,Comunicação,54.57,51.85,70.0,,,0.4,,58.02,22.9,71.01,58.16,False,60,Não,,,False,7,8,False,,True,,False,False,True,True,False,True,7,10,True,True,True,False,True,True,True,True,True,True,True,-0.3,True,2113222528.0,13.65,2.32,7.72,6.18,16.97,10.68,11.27,8.49,7.63,-1.91,-2.38,1.69,0.05,5.16,84.42,-1.0,11.31,6.02,1.43,47.82,51.18,18.16,27.93,39.5,-9.3,4.8,23.25,23.15,-20.5,33.5,17.0,20.89,27.93,6.12,1.22,0.63,0.07,25.329999923706055,11.189108943763797,14.159981687279307,16.774195128245434,21.35089719447652,16.38377386649644,23.069034880371962,8.042190958233695,19.01271224660446,16.247736863183952,16.57898449737094,14.921086047633846,8,True,2.9,-41.093225058917696,-35.85575636746101,n/d,n/d,,,,False,False,,,Em Alta,25.469999313354492,-0.5496638925114983,-10.090221627093332,False,False,False,sem sinal (Em Alta)
VIVT3,BOVA11,BOVA11,Comunicação,54.33,46.27,100.0,,,0.4,,45.36,36.66,51.88,63.12,False,61,Não,,,False,5,8,False,,True,,True,True,True,True,True,True,10,10,False,True,True,False,True,False,True,True,True,False,True,0.16,True,95900147712.0,14.6,1.47,8.43,6.54,10.05,7.53,9.1,10.68,4.22,0.56,0.86,0.95,0.3,31.96,95.45,18.5,9.84,5.51,0.48,46.12,53.66,29.17,40.8,2.9,-26.5,-11.1,32.92,33.76,-28.5,25.6,-2.8,29.17,40.8,-13.68,0.83,0.56,0.0,30.010000228881836,14.014616199468371,14.553530682679066,15.246573941845453,30.727141652602594,14.377676726034279,30.443776323423368,6.0812974488579306,38.45492206861538,17.920658996415863,14.553530682679066,13.09817761441116,7,True,6.3,-56.353956965967036,-40.2843756756493,n/d,n/d,,,,False,False,,,Em Baixa,30.030181884765625,-0.06720457425543058,-26.941550648741043,False,False,False,sem sinal (Em Baixa; sem novo topo (-0.1%))
FLRY3,BOVA11+SMALL11,BOVA11,Cuidados de saúde,53.55,50.65,70.0,,,0.2,,56.4,34.54,50.91,64.54,True,62,Não,Fundo duplo,"Fundo duplo (pré-confirmação) — pescoço R$17.30, preço 13.1% acima do pescoço; falta fechar acima e segurar",False,5,8,False,,True,,False,False,True,True,True,True,7,10,False,True,True,False,True,False,True,True,True,True,True,0.7,True,10633328640.0,15.29,1.99,5.94,6.57,13.0,10.93,12.7,8.01,6.24,1.78,1.96,1.86,0.98,1.06,100.38,14.4,12.93,6.47,0.55,61.45,37.83,13.12,19.68,49.1,-0.6,20.9,15.22,15.48,-18.6,27.6,34.8,14.3,19.68,23.92,0.97,0.6,0.06,19.559999465942383,9.17267611094339,17.01531418579999,16.950293847203174,16.82014815162978,26.820239232359565,19.944897181175023,14.99666968303496,16.798892052213173,17.314891305544883,16.885220999416475,15.196698899474828,8,True,2.9,-22.307263218820005,-11.478058393133661,2026-11-05,2026-08-12,última,,,False,False,,,Em Alta,19.68000030517578,-0.6097603525028306,-2.7349633402102835,True,False,False,sem sinal (Em Alta)
PGMN3,SMALL11+Wishlist,SMALL11,Bens de primeira necessidade,53.36,57.48,30.0,,,0.0,,46.37,75.49,44.36,88.65,True,63,Não,Fundo duplo,"Fundo duplo (pré-confirmação) — pescoço R$3.54, preço 1.7% abaixo do pescoço; falta fechar acima e segurar",False,4,8,False,,True,,False,False,False,False,True,False,3,10,False,True,True,False,True,False,True,False,False,False,True,0.99,True,2501649920.0,7.78,0.75,6.68,10.75,9.61,5.91,12.78,2.1,2.7,3.59,3.94,1.78,1.02,4.94,83.61,11.1,5.07,6.26,0.83,68.82,31.1,3.13,7.54,11.2,-53.8,-15.3,4.51,4.8,-58.5,44.5,-44.3,3.13,7.54,-55.18,1.52,0.58,0.17,3.4800000190734863,2.671249193162318,3.0573641816399206,3.6568267313926794,6.833608199628797,5.511536925181199,8.464613710335,1.6378623224509394,,4.5475801805415506,3.6568267313926794,3.2911440582534115,7,True,5.2,-5.426895396120024,30.677590678643043,n/d,2025-12-26,última,"A Pague Menos (PGMN3) apresenta-se como um caso de estudo interessante no setor de bens de primeira necessidade, onde sua eficiência operacional, medida pelo ROE de 9,6% e ROIC de 12,8%, posiciona-se ligeiramente acima dos pares setoriais de 9,4% e 11,0%, respectivamente. Essa qualidade operacional superior convive com múltiplos de preço bastante descontados, evidenciados pelo P/L de 7,78 e pelo P/VP de 0,75, sugerindo que o mercado pode estar subavaliando a capacidade de geração de valor da companhia frente ao seu patrimônio. No entanto, essa rentabilidade acima da média é acompanhada por um endividamento que requer atenção, visto que a relação Dívida Líquida/EBITDA de 3,59 supera a média do setor de 3,32, embora a liquidez corrente de 1,78 indique fôlego no curto prazo. O dividend yield de 6,68% mostra-se atraente e coerente com a geração de caixa atual, mas a sustentabilidade desse fluxo de proventos no longo prazo pode ser pressionada caso o serviço da dívida consuma uma parcela excessiva do lucro líquido, cuja margem é de apenas 2,1%. No quesito expansão, a empresa demonstra forte vigor com um CAGR de receita de 11,1% nos últimos cinco anos, superando amplamente a retração de 12,1% do setor, o que reflete um ganho consistente de participação de mercado. Por outro lado, o checklist de critérios fundamentalistas revela um perfil equilibrado e de alerta, com apenas 4 dos 8 critérios atendidos, penalizado principalmente pela alavancagem financeira elevada e por margens operacionais historicamente estreitas. Sob a ótica do valuation, as estimativas de preço-teto mostram uma dispersão significativa entre os métodos, variando desde os conservadores R$ 2,71 por Bazin e R$ 3,10 por Gordon, até os otimistas R$ 5,59 por Lynch e R$ 6,93 por Graham. Essa disparidade resulta em uma média de R$ 4,60 e uma mediana de R$ 3,71, mas, quando aplicado o preço-teto ajustado com margem de segurança de R$ 3,34, o papel apresenta um upside negativo de -5,4% em relação ao preço atual de R$ 3,53. Em balanço, os prós de PGMN3 residem em seu forte crescimento de receita, rentabilidade acima dos pares e múltiplos de valuation descontados, enquanto os contras concentram-se na alavancagem acima da média setorial, margem líquida apertada e a ausência de desconto frente ao preço-teto ajustado.",,True,False,,,Em Alta,3.5299999713897705,-1.416429255567364,-54.330707725225146,False,False,False,sem sinal (Em Alta)
RDOR3,BOVA11,BOVA11,Cuidados de saúde,52.2,49.06,70.0,,,0.2,,63.49,22.85,51.9,43.97,True,64,Não,Fundo duplo,"Fundo duplo (pré-confirmação) — pescoço R$36.05, preço 1.6% abaixo do pescoço; falta fechar acima e segurar",False,5,8,False,,True,,False,False,True,False,True,True,7,10,True,True,True,False,True,False,True,False,True,True,True,0.72,True,77232914432.0,16.34,3.8,12.35,4.01,23.26,13.61,15.63,8.35,6.92,1.12,1.01,2.9,2.51,2.04,65.5,22.9,13.18,6.35,0.64,79.71,18.16,32.33,44.66,9.8,-20.6,0.7,37.85,37.85,-27.6,31.7,-11.5,32.33,44.66,-22.38,1.19,0.64,0.06,35.47999954223633,10.15915508192453,18.84523267697,28.770501464787717,21.357825811549375,26.127822893017804,22.89546318229206,16.752561576409132,27.463480509815234,21.54650539959573,22.12664449692072,19.913980047228648,8,True,2.8,-43.872659796620006,-39.27140451637774,n/d,n/d,,,,False,False,,,Lateral,36.06999969482422,-1.635708781756795,-21.071358690191524,False,False,False,sem sinal (Lateral)
BRBI11,SMALL11,SMALL11,Produtos financeiros,52.15,55.47,33.333333333333336,20.63,,0.4,,33.14,46.21,100.0,90.07,False,65,Não,,,False,4,5,False,,True,,False,False,True,,False,True,3,9,True,True,True,,False,,,True,True,True,True,,True,,8.82,1.74,10.3,11.84,19.7,21.77,1.85,0.0,,,,,,,104.44,-22.4,6.64,0.94,0.23,95.52,4.48,11.74,20.71,14.8,-34.9,-11.3,17.68,16.95,-43.3,34.7,-28.1,11.74,20.71,-38.98,0.96,0.48,-0.0,13.479999542236328,11.401459558239608,16.60052511679687,15.894784040732176,16.321956640028006,,7.333333333333334,4.0828634829902715,,12.807525512275499,13.648121799485892,12.283309619537304,4,True,2.3,-8.877521983212866,-4.988679916893135,n/d,n/d,,,,False,False,,,Lateral,13.399999618530273,0.5970143730110733,-36.343485637444196,False,False,False,sem sinal (Lateral)
SBFG3,SMALL11,SMALL11,Consumo discricionário,51.97,48.79,70.0,,,0.9,,42.43,85.66,28.26,26.24,False,66,Não,,,False,3,8,False,,True,,False,True,True,True,True,True,7,10,False,True,False,False,True,False,True,False,False,True,False,0.87,True,1923737856.0,4.53,0.59,6.58,2.7,13.07,10.92,8.98,5.0,3.95,3.49,5.45,1.62,1.0,0.39,12.24,185.0,3.68,4.63,0.8,67.87,32.13,7.96,14.95,4.8,-44.2,-18.5,11.52,11.44,-46.8,41.9,-30.7,7.96,14.81,-41.58,1.62,0.66,0.06,8.34000015258789,1.609639045407493,2.985880429230899,24.39404018141049,24.19815257966773,26.09193382792057,6.710276405254759,18.19201080777057,15.564024018213725,,,,5,False,16.2,,,n/d,n/d,,,,False,False,,,Em Baixa,8.760000228881836,-4.794521293609099,-45.435080981049815,False,False,False,sem sinal (Em Baixa; sem novo topo (-4.8%))
ASAI3,BOVA11+SMALL11,BOVA11,Bens de primeira necessidade,51.95,54.06,40.0,,,0.0,,70.96,64.84,24.63,9.93,True,67,Não,,,False,5,8,False,,True,,False,False,True,False,True,False,4,10,True,True,True,False,True,False,True,False,False,True,True,3.55,False,11403654144.0,11.85,1.8,1.24,0.83,15.21,29.87,21.18,1.24,2.74,3.72,2.46,1.12,4.25,0.86,9.87,123.2,8.89,6.76,0.41,88.47,11.53,7.01,10.43,21.6,-18.3,-1.0,8.6,8.64,-32.8,46.8,18.6,7.04,10.16,7.72,1.7,0.62,-0.02,8.520000457763672,0.507004938389537,0.9404941607125911,9.526582790326467,8.750551989839929,10.455174916264118,0.735767966791233,8.116037667141608,,,,,4,False,20.6,,,n/d,n/d,,,,False,False,,,Lateral,8.960000038146973,-4.910709581584971,-19.756628825138943,False,False,False,sem sinal (Lateral)
COGN3,BOVA11+SMALL11,BOVA11,Consumo discricionário,51.94,51.3,55.55555555555556,,,0.9,,43.36,73.33,44.93,44.68,False,68,Não,Fundo duplo,"Fundo duplo (pré-confirmação) — pescoço R$2.33, preço 2.1% abaixo do pescoço; falta fechar acima e segurar",False,2,8,False,,False,,False,,False,True,True,False,5,9,False,False,False,False,True,False,True,False,True,False,True,0.39,True,4564414464.0,6.76,0.35,5.16,4.02,5.11,0.79,10.24,8.96,3.39,2.9,3.97,1.88,0.5,1.82,27.17,34.0,4.65,3.98,0.45,44.22,55.77,2.03,4.57,12.3,-50.1,-6.3,2.87,2.9,-55.6,44.4,-26.8,2.03,4.57,-37.68,1.57,0.61,0.04,2.2799999713897705,0.6546474531694282,0.9248498760492915,3.403485227860903,7.031026429776024,2.6109350638034377,2.230425596704163,1.6899697567100884,6.753199345469806,,,,4,False,10.7,,,n/d,n/d,,,,False,False,,,Em Alta,2.299999952316284,-0.8695644061371466,-51.76382536025304,False,False,False,sem sinal (Em Alta)
HYPE3,BOVA11+SMALL11,BOVA11,Cuidados de saúde,51.19,53.17,40.0,,,0.2,,59.73,42.08,57.56,42.55,True,69,Não,Fundo triplo,"Fundo triplo (pré-confirmação) — pescoço R$21.84, preço 0.1% abaixo do pescoço; falta fechar acima e segurar",False,3,8,False,,True,,False,False,True,True,True,False,4,10,False,True,False,True,False,False,True,False,True,True,True,0.42,True,15354151936.0,8.75,1.06,4.85,3.87,12.1,12.72,10.74,19.82,7.49,2.25,2.93,1.86,0.53,1.09,33.88,4.5,6.79,6.31,0.5,50.22,49.77,19.85,26.59,9.8,-18.0,1.3,22.29,22.36,-25.3,30.9,-4.3,19.85,25.56,-15.18,1.07,0.59,0.04,21.809999465942383,6.0317722787122285,11.188937577011183,33.026570619855605,33.96956260212903,29.593126952989945,25.293778156584054,19.193880903421423,13.991114732094687,23.750995934869415,25.293778156584054,22.76440034092565,7,True,5.6,4.375978442702944,8.899571373020954,n/d,n/d,,,,False,False,,,Em Alta,22.010000228881836,-0.9086813305754005,-18.633242083338974,False,False,False,sem sinal (Em Alta)
MDIA3,SMALL11,SMALL11,Bens de primeira necessidade,51.07,54.79,30.0,,,0.0,,38.49,65.21,89.16,33.33,True,70,Não,,,False,2,8,False,,True,,False,False,False,True,False,True,3,10,False,False,False,False,False,True,True,False,False,False,True,-0.04,True,5798685184.0,9.02,0.69,6.11,3.26,7.65,8.74,8.32,6.23,4.36,-0.32,-0.55,2.55,0.21,1.67,29.4,-22.6,7.42,3.52,1.38,34.41,65.59,16.79,28.44,2.9,-39.2,-9.1,23.48,22.66,-41.0,30.6,-26.7,16.79,25.92,-37.58,0.71,0.4,0.0,17.280000686645508,4.022990538815578,6.903518432278042,23.481760798818414,32.85543339401257,16.590919571537853,20.298378195199945,11.621479436243678,22.259543026284533,,,,6,False,8.2,,,n/d,n/d,,,,False,False,,,Lateral,17.350000381469727,-0.40345644544758086,-40.148197006589,False,False,False,sem sinal (Lateral)
BEEF3,BOVA11+SMALL11,BOVA11,Bens de primeira necessidade,50.88,54.56,30.0,,,0.0,,67.41,60.53,28.11,34.75,True,71,Não,Bandeira de alta,"Bandeira de alta (pré-confirmação) — pescoço R$4.11, preço 8.1% abaixo do pescoço; falta fechar acima e segurar",False,5,8,False,,False,,False,False,True,False,False,True,3,10,True,True,True,False,False,True,True,False,False,True,True,9.15,False,3746520064.0,8.33,2.42,5.12,3.39,29.04,144.02,16.55,0.8,3.78,2.98,2.52,1.43,13.46,0.56,28.27,-57.5,5.55,5.34,0.65,95.87,2.86,3.04,7.18,24.3,-47.4,0.6,4.81,4.93,-57.7,42.9,-29.1,3.04,6.25,-39.98,0.83,0.33,0.01,3.7799999713897705,0.9163770203167242,1.6998793726875232,6.012604996508338,3.9934924887082315,8.34685208346707,3.760485277130923,5.490756260962331,12.929968613264393,,,,5,False,14.1,,,n/d,n/d,,,,False,False,,,Em Alta,4.099999904632568,-7.804876602100197,-48.32405972102251,False,False,False,sem sinal (Em Alta)
GGPS3,SMALL11,SMALL11,Bens Industriais,50.74,50.87,50.0,,,0.7,,61.08,45.91,49.95,19.15,False,72,Não,Bandeira de alta,"Bandeira de alta (pré-confirmação) — pescoço R$12.66, preço 1.8% abaixo do pescoço; falta fechar acima e segurar",False,5,8,False,,True,,False,False,True,False,True,True,5,10,True,True,False,False,True,True,True,False,False,True,True,0.48,True,9344192512.0,10.21,2.08,2.35,2.32,20.36,19.43,11.88,5.1,6.49,1.03,1.22,2.87,1.38,0.68,23.66,207.7,7.56,7.28,0.78,74.55,25.29,11.0,19.55,13.0,-36.4,-2.8,16.21,15.31,-43.7,30.2,-22.6,11.0,19.55,-33.48,1.12,0.63,0.13,12.430000305175781,2.057175976891139,3.816061437133063,16.130999416609114,12.794339182475072,21.082318144379297,9.294207014285712,14.73095041063927,10.185652845723942,,,,6,False,10.2,,,n/d,n/d,,,,False,False,,,Em Alta,12.579999923706055,-1.1923658143082383,-36.74299976344994,False,False,False,sem sinal (Em Alta)
LOGG3,SMALL11,SMALL11,Imobiliário,50.73,49.09,60.0,,,0.8,,51.39,51.22,18.99,93.62,False,73,Não,,,False,2,8,False,,True,,True,True,True,True,False,False,6,10,False,False,False,True,False,False,True,False,True,False,False,0.57,True,2140267136.0,5.78,0.61,27.95,13.45,10.63,8.83,3.04,136.74,19.55,121.08,302.7,0.52,0.64,2.44,77.75,-33.1,3.94,0.1,0.28,45.7,53.91,15.97,28.1,53.3,-12.9,-2.4,23.6,22.54,-19.2,30.7,9.1,22.17,28.1,-1.78,0.93,0.52,0.17,24.479999542236328,23.521295085629912,28.97193151547919,37.26247956013527,61.84061894950931,66.98877929937716,41.61748304831085,17.61054990871914,,39.687591052451545,37.26247956013527,33.536231604121745,7,True,3.8,36.99441270928268,62.12251550077421,n/d,n/d,,,,False,False,,,Em Baixa,24.600000381469727,-0.48780828200226667,-14.106865334270402,False,False,False,sem sinal (Em Baixa; sem novo topo (-0.5%))
SBSP3,BOVA11,BOVA11,Serviços públicos,50.5,50.59,50.0,,,0.1,,71.47,31.73,40.45,24.11,True,74,Não,,,False,7,8,False,,True,,False,False,True,False,False,True,5,10,True,True,True,True,False,True,True,True,True,True,True,0.76,True,89148489728.0,11.08,1.97,2.68,2.57,17.8,17.28,12.72,19.67,8.13,2.25,2.48,1.47,1.14,0.87,28.46,-33.9,10.22,7.77,0.3,59.31,40.69,22.84,35.21,11.0,-28.0,-12.2,27.4,27.59,-33.8,27.0,-4.1,23.31,35.21,-14.98,1.11,0.7,0.07,25.350000381469727,4.650674331365274,8.627000884682584,30.314756773869476,25.737492672588054,35.01155272772465,11.777177531977506,24.42556326590272,25.35000038146973,25.43609055892202,25.543746527028894,22.989371874326004,6,True,7.5,-9.312143872271061,0.3396062175810677,n/d,n/d,,,,False,False,,,Em Baixa,26.1200008392334,-2.9479342765069805,-28.223569250935533,False,False,False,sem sinal (Em Baixa; sem novo topo (-2.9%))
CSMG3,BOVA11+SMALL11,BOVA11,Serviços públicos,50.05,48.29,60.0,,,0.1,,64.33,15.72,34.5,85.11,True,75,Não,,,False,5,8,False,,True,,False,False,True,False,False,True,6,10,True,True,True,False,False,True,True,False,True,True,True,0.9,True,20934606848.0,16.24,2.37,3.96,10.18,14.6,15.68,11.59,14.88,8.88,2.77,3.34,1.22,1.06,,165.35,-21.2,11.45,6.35,0.28,51.64,48.36,27.98,67.45,97.3,-18.1,-4.4,52.64,48.78,-20.9,31.8,28.9,41.91,67.45,18.02,0.87,0.47,0.1,55.209999084472656,40.15197108947365,58.46126990627363,35.35615704916968,42.21257191608475,,33.8014680094549,9.0818700112565,48.43657355014883,43.07000192010091,41.1822715027792,37.064044352501284,6,True,6.4,-32.867152749283,-21.98876537888953,n/d,n/d,,,,False,False,,,Em Baixa,58.43000030517578,-5.51086976533508,-18.593336282945916,False,False,False,sem sinal (Em Baixa; sem novo topo (-5.5%))
EGIE3,BOVA11,BOVA11,Serviços públicos,49.67,51.38,40.0,,,0.1,,78.55,23.05,19.45,63.83,True,76,Não,,,False,6,8,False,,True,,False,False,True,False,True,False,4,10,True,True,True,True,True,False,True,False,True,True,True,1.43,True,41570799616.0,10.51,2.77,3.07,6.54,26.37,32.12,11.59,28.94,8.85,3.56,4.3,1.09,2.06,1.28,68.75,270.0,11.19,6.68,0.19,74.84,23.06,26.83,37.14,9.4,-21.0,-7.5,30.18,30.59,-26.9,25.6,-2.5,27.15,37.14,-13.38,0.92,0.62,0.06,29.350000381469727,13.713785757006434,25.439072579246936,37.0016655617958,25.802282611616413,41.27939157077525,42.029106022963994,21.924697407921958,25.352524610515616,29.0678157652303,25.620677595431673,23.058609835888507,8,True,3.1,-21.435742636491828,-0.9614467208579169,n/d,n/d,,,,False,False,,,Lateral,29.3799991607666,-0.10210612714017797,-22.88115937548002,False,False,False,sem sinal (Lateral)
MOTV3,BOVA11,BOVA11,Bens Industriais,49.6,53.06,30.0,,,0.7,,73.12,53.23,25.0,18.44,False,77,Fundo triplo,,,False,6,8,False,,True,,False,False,True,False,True,False,3,10,True,True,False,True,True,False,True,True,True,True,False,1.9,False,31314853888.0,8.05,1.76,1.35,2.26,21.85,19.92,11.72,19.27,6.74,3.69,4.41,1.77,2.45,0.54,18.19,58.4,10.32,6.62,0.44,77.07,22.24,13.6,17.55,14.5,-11.2,4.8,15.07,15.22,-22.1,28.4,4.6,13.67,17.55,-6.28,1.29,0.78,0.06,15.579999923706055,2.5141208056480995,4.663694094477224,25.644099253304994,19.633803320144324,33.40343976828126,10.38593205872702,23.418384978489847,9.266121770544112,,,,6,False,13.3,,,n/d,n/d,,,Fundo triplo,False,False,,,Em Alta,15.460000038146973,0.7761958943272029,-12.210628936260836,False,True,False,Fundo triplo — rompeu pescoço ~R$15.15 (candidato)
CPLE3,BOVA11,BOVA11,Serviços públicos,49.52,44.14,80.0,,,0.1,,47.71,30.59,35.42,79.43,True,78,Não,,,False,5,8,False,,True,,False,False,True,True,True,True,8,10,False,True,True,False,True,True,True,False,True,False,True,0.9,True,44484763648.0,14.23,1.85,7.11,9.15,12.99,9.34,9.82,11.41,9.22,2.97,4.24,1.3,0.98,0.28,130.15,50.0,13.76,5.45,0.3,61.78,38.29,10.29,16.67,45.6,-10.2,0.1,13.99,13.55,-17.9,25.4,25.3,11.94,16.67,14.42,1.11,0.75,0.06,14.979999542236328,9.786384398192974,18.153743058647965,13.948348133143451,13.84888295815503,31.581165584475745,8.56043112128839,12.737736785738552,12.36703574691865,15.122965973320095,13.293309871946791,11.963978884752112,8,True,3.7,-20.133649864143866,0.9543820791227065,n/d,n/d,,,,False,False,,,Lateral,14.949999809265137,0.2006671127353421,-11.21278045802464,False,False,False,sem sinal (Lateral)
ALOS3,BOVA11+SMALL11,BOVA11,Imobiliário,48.59,43.05,80.0,,,0.8,,50.07,38.39,24.12,60.99,False,79,Não,Fundo duplo,"Fundo duplo (pré-confirmação) — pescoço R$28.07, preço 4.5% abaixo do pescoço; falta fechar acima e segurar",False,3,8,False,,True,,False,True,False,True,True,True,8,10,False,False,False,True,True,False,True,False,True,False,False,0.56,True,13408783360.0,14.4,1.05,11.72,6.38,7.27,9.51,6.39,31.4,4.97,3.4,7.45,0.72,0.56,24.29,91.85,60.8,13.8,3.66,0.27,46.56,50.55,21.3,32.08,25.9,-16.4,-2.2,26.64,26.37,-21.8,25.4,1.9,25.09,32.08,-8.98,1.2,0.81,0.09,26.809999465942383,12.214319423009185,12.829933706045386,13.968874534085783,32.70485054320413,12.978624582895259,24.6547185534834,5.667366737380955,61.01935474966688,,,,7,False,10.8,,,n/d,n/d,,,,False,False,,,Lateral,26.690000534057617,0.44960258330322134,-17.32188746852408,False,False,False,sem sinal (Lateral)
GOAU4,BOVA11+SMALL11,BOVA11,Materiais,48.22,51.44,30.0,,,1.0,,30.52,73.41,59.88,73.76,False,80,Não,,,False,4,8,False,,True,,False,False,False,True,True,False,3,10,False,False,True,False,True,True,True,False,False,True,True,0.5,True,13650140160.0,17.3,0.71,3.69,8.58,4.13,12.06,10.0,1.14,2.03,0.99,1.38,2.88,0.28,0.24,148.45,73.2,5.08,5.06,1.04,34.12,23.4,6.66,11.41,55.1,-9.5,2.6,9.25,8.97,-25.3,28.4,18.7,7.68,11.41,7.82,0.89,0.54,0.06,10.319999694824219,6.325196778939677,11.7332400249331,7.90404600904167,13.967501207597438,17.895953228018875,6.1112762116739185,7.21803446863428,38.863825511080606,10.165035418405566,7.90404600904167,7.113641408137503,7,True,6.4,-31.069364161849723,-1.5015918701661635,n/d,n/d,,,,False,False,,,Lateral,10.952573776245117,-5.775574712793807,-9.769529929012366,False,False,False,sem sinal (Lateral)
ECOR3,SMALL11,SMALL11,Bens Industriais,47.74,43.81,70.0,,,0.7,,49.46,54.45,28.33,22.7,False,81,Não,,,False,1,8,False,,True,,False,True,True,False,False,True,7,10,False,False,False,False,False,False,True,False,False,True,False,5.91,False,5022385152.0,9.3,1.23,4.15,2.53,13.28,19.86,11.52,4.59,5.2,4.62,5.62,2.52,6.64,0.92,23.48,-89.7,8.7,6.86,0.19,88.21,11.06,5.87,11.74,23.0,-38.5,-3.9,7.92,8.46,-50.0,42.4,-28.7,5.87,11.74,-39.58,1.8,0.73,0.07,7.21999979019165,1.3022175564339094,2.4156135671849013,10.286558840864446,10.125918183578131,9.849093786155477,1.8708901050637408,7.032600803836209,11.040764941868462,,,,5,False,8.5,,,n/d,n/d,,,,False,False,,,Lateral,7.289999961853027,-0.9602218385140304,-39.493752824043014,False,False,False,sem sinal (Lateral)
ANIM3,SMALL11,SMALL11,Consumo discricionário,47.74,49.1,40.0,,,0.9,,45.44,70.33,24.48,61.7,False,82,Não,,,False,4,8,False,,False,,False,False,False,False,True,False,4,10,True,False,True,False,True,False,True,False,False,False,False,1.75,False,1020222528.0,7.38,0.47,2.77,6.44,6.36,-2.07,14.6,3.71,3.19,3.35,3.21,1.49,2.02,2.21,47.54,205.2,3.5,6.53,0.35,72.15,22.61,1.93,5.17,39.9,-47.8,-8.7,3.39,3.48,-62.7,69.4,-16.4,1.93,5.17,-27.28,2.07,0.51,0.09,2.700000047683716,1.2422162091675077,1.6853502204017001,3.545457996697349,6.876665839361639,3.577267710611119,1.3395369181886112,1.7446867887326998,,2.1890859739664976,1.7150185045672,1.54351665411048,6,True,5.5,-42.832717524037214,-18.922743136820408,n/d,n/d,,,,False,False,,,Em Alta,2.809999942779541,-3.9145870937996374,-48.94567259106346,False,False,False,sem sinal (Em Alta)
FESA4,SMALL11,SMALL11,Materiais,47.51,52.37,20.0,,,1.0,,28.42,71.96,72.16,71.63,False,83,Não,,,False,2,8,False,,True,,False,False,False,True,False,False,2,10,False,False,False,False,False,True,True,False,False,True,True,-0.12,True,1731613440.0,12.11,0.54,13.88,8.28,4.49,15.62,3.69,6.78,3.36,-3.62,-9.04,3.61,0.12,,100.27,-76.0,3.65,-1.74,1.53,26.31,73.65,4.8,8.69,6.5,-41.2,-18.4,6.78,6.73,-44.8,34.9,-24.9,4.8,8.69,-35.78,1.11,0.55,-0.0,5.110000133514404,3.022252718599026,4.400399958280182,4.388439421019803,9.478578671675436,,5.225440763076465,1.127250235893823,6.252737716607651,,,,6,False,8.4,,,n/d,n/d,,,,False,False,,,Em Baixa,5.269999980926514,-3.0360502465121453,-42.58426570181968,False,False,False,sem sinal (Em Baixa; sem novo topo (-3.0%))
PRIO3,BOVA11,BOVA11,Energia,46.43,44.82,55.55555555555556,,,0.9,,60.94,39.26,34.73,6.38,False,84,Bandeira de alta,,,False,3,8,False,,True,,False,,True,True,True,False,5,9,False,False,False,True,True,False,True,False,True,True,True,0.77,True,50560774144.0,14.14,1.94,0.0,0.18,13.71,30.11,10.92,18.11,5.92,1.73,2.21,1.34,0.9,1.06,2.51,189.4,6.97,6.59,0.25,59.83,40.17,34.2,72.1,85.4,-12.1,4.2,53.7,51.57,-27.7,35.0,51.8,40.82,72.1,40.92,0.13,0.06,-0.04,63.400001525878906,0.8035945658659689,1.4906679196813724,59.40947809178891,57.41891182385787,60.725214596070586,2.1256736408394232,49.6479950958347,20.928578409938325,,,,5,False,75.6,,,n/d,n/d,,,Bandeira de alta,False,False,,,Em Alta,62.849998474121094,0.8751043199854314,-13.126885983000601,False,True,False,"Bandeira de alta — mastro +21%, recuo 22%, bandeira 7d (candidato)"
QUAL3,SMALL11,SMALL11,Cuidados de saúde,46.11,50.72,20.0,,,0.2,,52.72,73.34,36.92,12.77,True,85,Não,,,False,4,8,False,,False,,False,False,False,True,True,False,2,10,True,False,True,False,True,False,False,True,False,False,True,0.61,True,421478528.0,16.77,0.33,0.58,1.25,1.96,0.44,22.61,1.9,1.46,2.45,1.52,0.58,0.89,10.82,20.94,60.1,3.04,5.32,0.47,66.78,32.76,1.39,2.71,7.2,-44.9,-12.6,2.0,2.02,-48.6,59.1,-35.2,1.39,2.62,-46.08,1.93,0.56,0.1,1.4900000095367432,0.13292250562344718,0.15178083929827457,0.7246755414284235,3.0043742358079104,0.2486372807610571,0.541606388743252,0.32388978196379276,,,,,6,False,22.6,,,n/d,n/d,,,,False,False,,,Lateral,1.7200000286102295,-13.372093909749971,-46.89514876318959,False,False,False,sem sinal (Lateral)
SMTO3,SMALL11,SMALL11,Bens de primeira necessidade,46.08,50.68,20.0,,,0.0,,45.33,69.38,46.95,35.46,True,86,Não,Fundo duplo,"Fundo duplo (pré-confirmação) — pescoço R$16.37, preço 19.2% acima do pescoço; falta fechar acima e segurar",False,3,8,False,,True,,False,False,True,False,False,False,2,10,False,True,False,False,False,True,True,False,True,True,True,0.99,True,6297306624.0,8.09,0.89,1.1,3.4,11.0,14.59,6.36,11.43,3.9,2.38,5.23,3.16,1.65,1.01,27.5,-39.3,10.11,3.45,0.45,68.55,31.45,12.82,21.12,52.2,-7.6,20.3,15.88,16.07,-34.0,43.0,33.7,13.89,21.12,22.82,0.59,0.24,0.03,19.510000228881836,4.737891712272663,8.78878912626579,31.95395587548631,34.48889415160583,27.430530136340824,11.112888850256324,18.530814507103695,42.667925851363115,,,,6,False,9.0,,,n/d,n/d,,,,False,False,,,Em Alta,19.75,-1.2151887145223528,-8.819685296025458,False,False,False,sem sinal (Em Alta)
GGBR4,BOVA11,BOVA11,Materiais,45.89,48.69,30.0,,,1.0,,34.12,59.01,59.6,66.67,False,87,Não,,,False,4,8,False,,True,,False,False,False,True,True,False,3,10,False,False,True,False,True,True,True,False,False,True,True,0.18,True,46404288512.0,20.99,0.88,3.36,7.05,4.18,12.63,10.03,3.22,5.12,0.97,1.36,2.87,0.28,0.29,148.07,73.5,8.22,5.03,1.04,34.14,65.6,15.69,26.05,50.7,-9.2,3.0,20.92,20.47,-26.3,27.9,18.0,17.08,26.05,7.12,0.84,0.51,0.03,23.649999618530273,11.916862793816584,22.105780482529763,14.929132679634401,26.102063493366238,33.80180984068167,11.887333533584622,13.633396635741606,22.509475207687316,19.610731833380274,18.517456581082083,16.665710922973876,8,True,2.8,-29.531876567490766,-17.07935666089884,n/d,n/d,,,,False,False,,,Em Baixa,24.63054847717285,-3.9810272984839634,-9.646296346818861,False,False,False,sem sinal (Em Baixa; sem novo topo (-4.0%))
SAUD3,SMALL11,SMALL11,Cuidados de saúde,45.78,43.27,60.0,,,0.2,,49.65,8.25,65.95,56.74,True,88,Não,,,False,3,8,False,,True,,False,False,False,True,False,True,6,10,False,False,False,False,False,True,True,True,True,True,True,-0.69,True,40753135616.0,38.48,2.17,0.96,6.04,5.63,39.67,4.59,9.86,20.87,-7.41,-18.52,1.06,0.01,,232.56,-19.6,9.21,5.03,0.66,34.2,65.77,10.45,16.09,33.4,-13.4,-2.4,13.0,13.06,-21.2,34.9,25.1,10.45,16.09,14.22,0.76,0.38,0.02,13.9399995803833,6.0176622890990705,8.761716292928247,3.767567454157649,7.23613434213092,,14.516166036785778,0.9677680136366489,6.417436284887944,,,,6,False,15.0,,,n/d,n/d,,,,False,False,,,Em Baixa,14.039999961853027,-0.7122534312067663,-15.409258331940013,False,False,False,sem sinal (Em Baixa; sem novo topo (-0.7%))
IRBR3,SMALL11+Carteira,SMALL11,Insurance,45.67,48.69,28.571428571428573,,2.87,0.3,,18.15,70.75,100.0,28.37,False,89,Não,Fundo duplo,"Fundo duplo (pré-confirmação) — pescoço R$57.45, preço 1.4% abaixo do pescoço; falta fechar acima e segurar",False,1,6,False,,False,,False,,False,,False,False,2,7,False,False,False,,False,,True,False,True,False,True,,True,4598212608.0,-31.65,0.87,2.77,2.94,-2.76,2.79,0.0,4.89,,,,,,,,-23.0,6.52,2.3,,66.23,33.77,44.53,62.39,27.2,-9.2,6.4,51.86,51.77,-21.4,31.1,11.4,49.05,62.39,0.52,1.09,0.6,0.06,56.650001525878906,11.88241041387393,17.300789562600446,,,,26.3277,,,18.50363332549146,17.300789562600446,15.570710606340402,3,True,2.2,-72.51419207954059,-67.33692351793033,2026-11-12,2026-07-01,última,"A análise fundamentalista do IRB Brasil (IRBR3) revela uma companhia em momento de profunda reestruturação, onde a baixa qualidade operacional contrasta com múltiplos de preço aparentemente descontados. O retorno sobre o patrimônio líquido (ROE) negativo de -2,8% e o retorno sobre o capital investido (ROIC) nulo de 0,0% situam-se drasticamente abaixo das médias de seus pares do setor de seguros, que registram 34,3% e 19,5%, respectivamente, sugerindo uma severa incapacidade atual de gerar valor sobre o capital empregado. Essa fragilidade na rentabilidade reflete-se em um indicador Preço/Lucro (P/L) negativo de -31,65, o qual, embora conviva com um Preço/Valor Patrimonial (P/VP) de 0,87 — indicando que o papel é negociado abaixo do seu valor contábil —, evidencia que o desconto patrimonial é um reflexo direto da ausência de lucros consistentes, e não uma oportunidade clássica de barganha. No que tange ao crescimento, a contração histórica da receita nos últimos cinco anos, com uma taxa anual composta (CAGR) negativa de -23,0%, mostra-se muito mais severa do que a retração média de -2,5% observada no setor, evidenciando uma perda de tração de mercado. Quanto aos proventos, o rendimento de dividendos (DY) de 2,77% mostra-se tímido e pouco sustentável no longo prazo, dado que a distribuição de lucros fica comprometida pela falta de rentabilidade operacional robusta, ainda que a empresa apresente uma pontuação máxima de segurança financeira no indicador de saúde patrimonial. O checklist de critérios fundamentalistas reforça esse cenário de alerta ao aprovar apenas um dos seis requisitos avaliados, falhando em superar a taxa Selic ou as médias setoriais de rentabilidade, além de registrar transações desfavoráveis de insiders. Sob a ótica de valuation, os modelos matemáticos projetam uma expressiva dispersão e apontam para uma severa sobrevalorização do preço atual de R$ 56,89, uma vez que o preço-teto pelo método de Bazin situa-se em R$ 11,93 e pelo modelo de Gordon em R$ 17,37, resultando em uma média de R$ 18,55 e um valor ajustado com margem de segurança de R$ 15,64, o que representa um potencial de desvalorização de -72,5%. Em balanço, os principais prós residem na excelente pontuação de segurança financeira e no desconto em relação ao valor patrimonial, enquanto os contras pesam significativamente na rentabilidade destrutiva de valor, no encolhimento acelerado das receitas frente aos pares e no elevado prêmio implícito na cotação de mercado atual frente aos limites teóricos de preço-teto.",,False,True,57.62,-1.68,Lateral,56.88999938964844,-0.42186300992156367,-12.474458622709639,False,False,False,sem sinal (Lateral)
MOVI3,SMALL11,SMALL11,Bens Industriais,45.38,48.09,30.0,,,0.7,,48.14,72.91,12.97,56.03,False,90,Não,,,False,4,8,False,,False,,False,False,True,False,True,False,3,10,False,False,True,False,True,False,True,True,False,False,False,5.5,False,2893806336.0,6.79,0.75,8.91,5.83,11.08,3.58,13.78,2.89,3.58,3.65,3.71,0.68,6.43,1.01,39.56,97.0,3.24,6.78,0.22,91.5,8.5,6.5,14.83,10.2,-51.7,-24.1,9.57,9.93,-56.2,61.5,-27.7,6.5,14.83,-38.58,2.34,0.65,0.14,7.159999847412109,2.9799836320191244,5.527869637395476,13.972017375288722,15.050078087312494,13.205515539878489,14.975883063663622,7.255480489872463,,11.664474032235212,13.588766457583606,12.229889811825245,6,True,5.1,70.80852056506095,62.91165196674113,n/d,n/d,,,,False,False,,,Em Baixa,7.420000076293945,-3.504046175316189,-52.1710105564801,False,False,False,sem sinal (Em Baixa; sem novo topo (-3.5%))
RANI3,SMALL11,SMALL11,Materiais,45.03,49.45,20.0,,,1.0,,49.25,48.43,36.9,78.01,False,91,Não,,,False,3,8,False,,True,,False,False,False,False,False,False,2,10,False,True,True,False,False,False,True,False,False,True,True,0.8,True,1764538496.0,13.46,1.22,5.32,9.01,9.03,25.63,11.69,7.65,4.92,2.42,2.89,2.1,1.38,,121.32,-70.2,5.41,4.4,0.56,63.24,36.76,7.56,9.51,1.6,-19.3,-3.6,8.17,8.29,-20.5,23.5,-7.8,7.56,9.51,-18.68,0.61,0.45,0.03,7.679999828338623,4.944430734275559,7.199091149105215,5.934026613277985,8.989799879870526,,4.91387477971708,1.5242623306084937,7.679999828338623,6.610203830764164,6.5665588811916,5.90990299307244,6,True,5.9,-23.04813639102775,-13.929635696435716,n/d,n/d,,,,False,False,,,Em Baixa,7.960000038146973,-3.5175905586243172,-20.85245880567561,False,False,False,sem sinal (Em Baixa; sem novo topo (-3.5%))
SYNE3,SMALL11,SMALL11,Imobiliário,44.74,45.58,40.0,,,0.8,DY5a=127.5%>=20,43.99,57.73,33.98,,False,92,Não,,,False,2,8,False,,False,,False,False,False,True,False,False,4,10,False,False,False,True,False,False,False,True,True,True,False,0.72,True,558678720.0,10.34,0.81,69.95,127.45,7.8,14.02,6.47,16.16,4.7,3.1,6.71,1.45,0.5,1.33,1317.85,-67.2,12.2,3.08,0.36,40.97,29.56,3.49,5.11,4.9,-28.4,-6.3,4.5,4.36,-31.7,38.9,-24.2,3.49,5.11,-35.08,1.0,0.44,0.11,3.6600000858306885,33.31950352646986,61.80767904160158,4.690038794705669,5.998871730250616,10.618955761597743,6.468000000000001,2.681033497523393,8.862312383220297,,,,5,False,23.1,,,n/d,n/d,,,,False,False,,,Em Baixa,3.7699999809265137,-2.9177691154468333,-29.81163852376235,False,False,False,sem sinal (Em Baixa; sem novo topo (-2.9%))
VALE3,BOVA11+Wishlist,BOVA11,Materiais,44.45,48.77,20.0,,,1.0,,49.52,36.47,43.22,87.23,False,93,Não,,,False,4,8,False,,True,,False,False,False,True,False,False,2,10,True,False,True,False,False,True,True,False,False,True,True,0.41,True,330928128000.0,33.33,1.76,7.21,10.47,5.27,24.52,18.11,4.76,4.58,1.04,0.8,1.19,0.55,,348.86,-43.5,9.36,7.92,0.39,60.3,38.73,51.2,87.63,51.9,-11.3,0.7,74.39,71.69,-20.2,25.6,10.4,69.97,87.63,-0.48,0.84,0.57,-0.1,77.76000213623047,58.136635850843895,84.64694179882872,24.263547021206026,48.15856439799882,,43.333333333333336,6.23253199583177,85.2213547311063,,,,6,False,13.7,,,2026-10-29,2026-08-12,última,"A Vale (VALE3) apresenta um quadro operacional misto, onde a eficiência na alocação de capital medida pelo ROIC de 18,1% se destaca muito acima da média do setor (9,2%), sugerindo forte rentabilidade operacional, embora o ROE de 5,3% fique ligeiramente abaixo dos pares (5,6%). Essa divergência de rentabilidade convive com múltiplos de preço elevados, visto que o P/L de 33,33 indica que o mercado cobra caro pelos lucros atuais, enquanto o P/VP de 1,76 mostra um prêmio patrimonial que não é totalmente respaldado pelo ROE recente. No campo financeiro, a excelente relação entre rentabilidade e endividamento é evidenciada pela alavancagem de 1,04 vezes a Dívida Líquida/EBITDA, patamar confortavelmente abaixo da média setorial (1,76) que, somado à relação Dívida/Patrimônio de 0,55, garante solidez ao balanço. Essa estrutura de capital robusta confere sustentabilidade ao atraente dividend yield de 7,21%, o qual se mostra coerente com a geração de caixa operacional, mesmo diante de uma margem líquida mais pressionada de 4,76%. Por outro lado, o crescimento histórico é o ponto fraco da tese, com o CAGR de receita de 5 anos despencando 43,5%, performance severamente abaixo da média do setor (17,4%), o que explica por que o checklist de critérios fundamentalistas aprovou apenas 4 de 8 filtros possíveis. No que tange ao valuation, as estimativas de preço-teto revelam uma dispersão brutal entre os métodos analíticos, variando desde os pessimistas R$ 24,29 pelo Fluxo de Caixa Descontado e R$ 48,21 pelo modelo de Graham, passando por R$ 58,20 na metodologia de Bazin, até atingir R$ 84,74 através do modelo de Gordon, o único a apresentar upside frente à cotação atual de R$ 77,85. Em suma, os principais prós da companhia residem em seu ROIC elevado, no endividamento sob controle e no robusto retorno via proventos, ao passo que os contras se concentram na forte retração histórica de receita, na margem líquida estreita e no valuation esticado pela ótica da maioria dos métodos de preço-teto.",,True,False,,,Em Alta,79.11000061035156,-1.7064826996657234,-12.746138578197186,False,False,False,sem sinal (Em Alta)
RENT3,BOVA11,BOVA11,Bens Industriais,44.11,43.07,50.0,,,0.7,,53.99,45.73,18.29,36.88,False,94,Não,,,False,2,8,False,,True,,False,False,True,False,True,True,5,10,False,False,False,False,True,False,True,False,False,False,False,1.34,True,38374322176.0,11.51,1.45,5.85,3.47,12.63,7.58,12.27,7.39,5.02,4.1,4.68,1.14,1.71,1.52,39.91,24.5,7.54,6.27,0.33,70.15,29.84,32.03,51.57,8.5,-32.6,-14.9,41.52,41.71,-37.9,38.2,-18.1,32.03,51.57,-28.98,1.74,0.78,0.12,34.7400016784668,8.605095915166656,15.962452922634142,39.991748239764114,40.33661326128865,33.371573139671895,50.048502430415766,22.460395595117372,53.09348066530466,36.46639517917094,39.991748239764114,35.9925734157877,7,True,6.2,3.6055603822762627,4.96946867384358,n/d,n/d,,,,False,False,,,Em Baixa,35.650001525878906,-2.5525941331349666,-34.06418722507528,False,False,False,sem sinal (Em Baixa; sem novo topo (-2.6%))
RADL3,BOVA11,BOVA11,Bens de primeira necessidade,44.01,42.95,50.0,,,0.0,,62.99,19.02,41.81,14.89,True,95,Não,,,False,6,8,False,,True,,False,False,True,False,True,True,5,10,True,True,True,False,True,True,True,False,False,True,True,1.09,True,34323763200.0,25.59,4.71,2.24,1.45,18.41,18.18,16.71,2.88,7.33,2.06,1.72,1.41,1.18,2.21,36.98,14.4,16.82,7.8,0.84,70.85,29.09,16.14,26.71,21.6,-26.5,3.3,20.15,20.66,-39.6,35.5,-16.2,16.14,26.71,-27.08,1.22,0.58,0.16,19.6299991607666,2.0263208404443085,3.758825159024192,10.164028483007325,8.48136870813672,10.008184281154723,7.537022175217419,7.643282185317162,13.598884072752774,8.741656437801472,8.48136870813672,7.6332318373230486,7,True,6.7,-61.114456629324934,-55.46787156632722,n/d,n/d,,,,False,False,,,Em Alta,19.600000381469727,0.1530549934337655,-27.63714234096125,False,False,False,sem sinal (Em Alta)
BBAS3,BOVA11+Carteira,BOVA11,Produtos financeiros,43.75,49.26,12.5,14.56,,0.4,,39.32,56.37,50.86,73.05,False,96,Não,,,False,2,6,False,,True,,False,False,False,,False,False,1,8,False,False,False,,False,,True,True,True,True,True,,True,119372537856.0,8.21,0.66,2.65,8.35,7.99,14.73,0.0,21.83,,,,,,3.27,68.53,-13.8,4.55,0.79,,92.12,7.71,17.8,27.31,17.5,-23.4,1.6,21.29,21.65,-34.8,28.2,-1.8,17.8,27.31,-12.68,1.21,0.73,-0.02,20.90999984741211,12.466991859741325,15.578445898897384,22.732400107544972,42.60903930383496,27.66328829146696,15.737736295612471,10.829283536236177,,16.628893540449038,15.658091097254928,14.092281987529436,4,True,1.8,-32.60505934784336,-20.473966227660757,2026-11-11,2026-09-02,próxima,"O Banco do Brasil (BBAS3) apresenta um cenário de valuation descontado que contrasta diretamente com seus indicadores de rentabilidade atuais, uma vez que o múltiplo preço sobre lucro de 8,21 e a relação preço sobre valor patrimonial de 0,66, ambos abaixo do que seria esperado para uma instituição de grande porte, convivem com um ROE de 8,0% e um ROIC de 0,0%, posicionando a eficiência da empresa abaixo da média de seus pares do setor de produtos financeiros, que registram 15,9% e 0,2%, respectivamente. Essa rentabilidade pressionada reflete-se em um histórico de crescimento negativo, com o CAGR de receita de cinco anos em queda de 13,8%, significativamente abaixo da média setorial de crescimento de 4,2%, o que acende um alerta sobre a capacidade de expansão da companhia no longo prazo. No que tange aos proventos, o dividend yield de 2,65% mostra-se tímido e condizente com o momento de retração operacional, embora a robusta margem líquida de 21,83% garanta uma sustentabilidade saudável para esses pagamentos, mesmo sem o suporte de um crescimento vigoroso dos lucros. O checklist de critérios fundamentalistas reforça essa postura de cautela ao validar apenas dois dos seis requisitos avaliados, apontando que a empresa falha em superar a taxa Selic ou a média do setor em termos de ROE e ROIC, além de não acompanhar o crescimento de receita dos concorrentes, restando como pontos positivos apenas o valor de mercado robusto de R$ 118,4 bilhões e a ausência de venda de ações por insiders. Sob a ótica do valuation, as estimativas de preço-teto revelam uma dispersão acentuada entre os métodos de cálculo, variando desde os conservadores R$ 12,37 pelo método de Bazin e R$ 15,45 por Gordon, até os otimistas R$ 42,26 pela fórmula de Graham e R$ 27,44 por Lynch. Diante dessa disparidade, a média dos preços-teto situa-se em R$ 16,53 e a mediana em R$ 15,59, o que resulta em um preço-teto ajustado com margem de segurança de R$ 14,04, indicando que o preço atual de R$ 20,74 carrega um upside negativo de 32,3% em relação a essa métrica de referência. Como prós, o ativo destaca-se pelo seu forte apelo de valor com múltiplos de preço muito baixos, excelente margem líquida e alta liquidez corporativa, enquanto os contras concentram-se na rentabilidade abaixo da média do setor, na contração histórica de suas receitas e no prêmio salgado que o preço atual exige frente ao preço-teto ajustado de segurança.",,False,True,22.29,-6.19,Lateral,20.739999771118164,0.8196725080521938,-24.08092320574632,False,False,False,sem sinal (Lateral)
SLCE3,BOVA11+SMALL11,BOVA11,Bens de primeira necessidade,42.97,47.02,20.0,,,0.0,,52.74,36.67,37.62,65.96,True,97,Não,Bandeira de alta,"Bandeira de alta (pré-confirmação) — pescoço R$16.41, preço 1.2% abaixo do pescoço; falta fechar acima e segurar",False,2,8,False,,True,,False,False,False,False,True,False,2,10,False,False,False,False,True,False,True,False,False,True,True,1.87,True,8040423936.0,20.64,1.48,5.01,7.05,7.16,17.38,10.84,4.41,6.54,4.42,5.7,2.2,1.82,0.85,145.5,24.2,11.51,6.41,0.63,73.5,23.57,12.62,19.32,28.4,-16.1,7.5,14.43,15.08,-34.7,24.1,9.6,12.62,19.32,-1.28,0.51,0.36,-0.0,16.209999084472656,8.162319467966139,15.141102613077187,10.40612828823947,13.911967204264446,23.56104518091956,9.032508696563744,9.502954889637556,9.873953397364199,12.448997467254038,10.140040842801834,9.126036758521652,8,True,2.9,-43.70118893304959,-23.20173861589685,n/d,n/d,,,,False,False,,,Em Alta,16.290000915527344,-0.4911100463992679,-16.786450382987393,False,False,False,sem sinal (Em Alta)
FRAS3,SMALL11,SMALL11,Consumo discricionário,42.46,41.13,50.0,,,0.9,,54.45,17.2,46.02,31.21,False,98,Bandeira de alta,,,False,5,8,False,,True,,False,False,True,False,True,True,5,10,True,False,True,False,True,True,True,False,False,True,True,0.6,True,6439720960.0,22.03,2.56,2.68,3.07,11.62,14.99,15.27,5.39,7.44,1.64,1.51,2.41,1.13,5.84,67.55,155.0,14.32,6.92,0.72,65.64,34.06,18.96,25.01,22.5,-7.1,8.8,21.91,22.23,-24.2,26.5,-2.5,18.96,24.94,-13.38,0.8,0.52,0.07,23.219999313354492,5.085411686903632,7.222681336295867,10.692813872804198,14.666491348256976,7.206496463742901,8.436006811147422,5.314134897023488,10.821333009356113,8.680671178191325,7.829344073721645,7.04640966634948,8,True,2.9,-69.65370424323447,-62.61554076274748,n/d,n/d,,,Bandeira de alta,False,False,,,Em Alta,23.350000381469727,-0.5567497472865224,-7.576750026295354,False,True,False,"Bandeira de alta — mastro +23%, recuo 7%, bandeira 7d (candidato)"
USIM5,BOVA11+SMALL11,BOVA11,Materiais,42.36,46.3,20.0,,,1.0,P/L=-4.03<2,10.18,86.52,71.0,58.87,False,99,Não,,,False,4,8,False,,False,,False,False,False,True,True,False,2,10,False,False,False,False,True,True,True,True,False,False,True,-0.02,True,9084357632.0,-4.03,0.45,0.0,6.29,-11.18,-0.65,4.67,-9.36,3.75,-0.18,-0.44,4.44,0.27,,,301.7,5.47,1.64,1.4,33.58,58.33,4.23,12.04,74.5,-38.7,-12.9,6.55,6.82,-49.6,46.1,23.4,5.98,12.04,12.52,0.92,0.34,0.02,7.380000114440918,3.314377730966792,6.148170690943399,,,,,,9.579826251316602,6.347458224408931,6.148170690943399,5.533353621849059,3,True,2.9,-25.022309809703223,-13.99108230380033,n/d,n/d,,,,False,False,,,Lateral,7.46999979019165,-1.204814970261514,-39.408867573633366,False,False,False,sem sinal (Lateral)
SUZB3,BOVA11,BOVA11,Materiais,42.21,47.89,10.0,,,1.0,,52.53,60.96,29.81,30.5,False,100,Fundo triplo,,,False,5,8,False,,False,,False,False,True,False,False,False,1,10,True,True,False,True,False,False,True,True,True,True,False,1.68,False,56085274624.0,7.01,1.15,0.01,3.06,16.44,27.73,5.54,17.08,6.31,3.68,9.21,3.38,1.99,0.54,21.47,-64.0,6.24,3.15,0.57,73.83,26.09,39.68,58.97,14.8,-22.8,6.2,47.56,47.39,-32.7,27.6,-12.2,39.68,58.97,-23.08,0.41,0.26,-0.01,45.540000915527344,9.963623756128579,18.48252206761851,86.07774780752314,76.08102673670321,103.7679158078402,16.009565398331397,70.07247582881321,21.433678422894126,,,,6,False,10.4,,,n/d,n/d,,,Fundo triplo,False,False,,,Em Alta,46.400001525878906,-1.8534495303236365,-23.646899343867112,False,True,False,Fundo triplo — rompeu pescoço ~R$43.58 (candidato)
ENGI11,BOVA11,BOVA11,Serviços públicos,42.02,42.38,40.0,,,0.1,,50.77,37.98,23.96,52.48,True,101,Não,Fundo duplo,"Fundo duplo (pré-confirmação) — pescoço R$51.55, preço 6.3% abaixo do pescoço; falta fechar acima e segurar",False,3,8,False,,True,,False,False,False,False,True,True,4,10,False,False,True,False,False,False,True,True,False,True,True,2.32,True,14796532736.0,15.94,1.24,2.37,5.38,7.78,17.19,10.25,4.13,5.85,4.32,5.9,1.56,1.99,14.4,85.77,7.9,20.03,4.83,0.34,74.62,23.0,42.1,57.51,14.8,-16.0,-1.0,47.8,48.28,-24.1,26.4,3.7,43.67,57.51,-7.18,1.32,0.86,0.04,48.310001373291016,18.568430829249213,20.385572254472926,23.766673510884512,51.543429064309194,19.66295913662198,23.254564130964816,10.204902210117487,120.26572181220077,,,,7,False,11.8,,,n/d,n/d,,,,False,False,,,Lateral,48.0,0.6458361943562752,-17.56099148517868,False,False,False,sem sinal (Lateral)
AXIA3,BOVA11+Carteira,BOVA11,Serviços públicos,41.78,38.56,60.0,,,0.1,,39.95,23.93,49.93,46.1,True,102,Não,Fundo duplo,"Fundo duplo (pré-confirmação) — pescoço R$55.62, preço 4.4% abaixo do pescoço; falta fechar acima e segurar",False,3,8,False,,True,,False,False,False,True,True,True,6,10,False,False,False,True,False,True,True,False,True,False,True,0.54,True,121087139840.0,12.97,1.28,2.79,4.28,9.86,5.35,3.25,27.05,15.59,2.95,7.36,2.05,0.63,2.95,55.47,9.7,9.13,3.03,0.39,57.63,42.34,43.16,67.15,23.2,-20.8,-2.6,53.89,55.03,-27.0,37.1,6.4,49.43,67.15,-4.48,1.4,0.65,0.03,53.18000030517578,16.24481689915774,24.70731502030943,44.54418893367855,61.910544222093776,35.5388189464845,26.761892473988823,22.270234655321595,21.804891521945354,31.722837834122473,25.734603747149126,23.161143372434214,8,True,3.8,-56.44764340067137,-40.348180421061365,2026-11-04,2025-11-17,última,"A análise fundamentalista da AXIA3 revela uma empresa de serviços públicos que opera com métricas de rentabilidade abaixo de seus pares, com um ROE de 9,9% e um ROIC de 3,2% que não superam as médias setoriais de 12,1% e 9,6%, respectivamente, sugerindo uma eficiência operacional aquém do potencial do setor. Essa qualidade moderada convive com múltiplos de preço que não parecem descontados, visto que o P/L de 12,97 e o P/VP de 1,28 não configuram uma clara assimetria favorável quando confrontados com o retorno sobre o capital investido. No âmbito financeiro, a companhia demonstra solidez ao manter o endividamento sob controle, com uma relação Dívida Líquida/EBITDA de 2,95 que se posiciona abaixo da média setorial de 3,4, garantindo uma estrutura de capital equilibrada e boa liquidez corrente de 2,05. Contudo, essa desalavancagem relativa não se traduz em proventos robustos, pois o dividend yield de 2,79% mostra-se tímido, refletindo a necessidade de reter caixa ou a própria limitação na geração de lucro frente ao valor de mercado. O crescimento também se mostra tímido, com um CAGR de receita de cinco anos de 9,7% que fica muito abaixo da média setorial de 37,6%, o que ajuda a explicar por que a empresa atendeu a apenas 3 dos 8 critérios do checklist fundamentalista. Sob a ótica do valuation, os métodos de preço-teto apresentam uma dispersão acentuada, variando desde os conservadores R$ 16,23 pelo método de Bazin até R$ 61,84 pela fórmula de Graham, resultando em uma média de R$ 31,69 e uma mediana de R$ 25,72. Frente ao preço atual de R$ 53,12, o preço-teto ajustado com margem de segurança de R$ 23,15 indica um expressivo prêmio de mercado, resultando em um upside negativo de 56,4% em relação a essa referência métrica. Como prós, destacam-se a excelente margem líquida de 27,05%, o endividamento controlado abaixo do setor e a tendência gráfica de alta; como contras, pesam o crescimento muito abaixo dos pares, a rentabilidade inferior à média setorial e o valuation esticado perante os modelos teóricos de preço-teto.",,False,True,59.55,-10.7,Em Alta,53.650001525878906,-0.8760507126480022,-21.609665129841417,False,False,False,sem sinal (Em Alta)
PNVL3,SMALL11,SMALL11,Bens de primeira necessidade,41.69,36.69,70.0,,,0.0,,36.35,43.21,36.65,21.99,True,103,Não,Fundo duplo,"Fundo duplo (pré-confirmação) — pescoço R$11.32, preço 5.6% acima do pescoço; falta fechar acima e segurar",False,4,8,False,,True,,False,False,True,False,True,True,7,10,False,True,False,False,True,False,True,True,False,False,True,0.81,True,1785038720.0,13.1,1.37,2.74,2.49,10.45,8.49,9.66,2.33,5.71,4.17,6.05,1.75,1.07,1.86,32.64,17.6,8.26,4.98,0.9,66.54,33.46,8.82,16.07,35.6,-25.6,0.4,11.41,11.65,-35.3,34.7,1.5,10.4,16.07,-9.38,1.4,0.69,0.14,11.949999809265137,2.1265934302938048,3.944830813195008,12.08683186814985,13.380219130041322,8.694122516131609,5.73674014255655,6.473239508800279,11.949999809265137,8.89514054116282,8.694122516131609,7.824710264518448,7,True,6.3,-34.521251971470726,-25.56367629172518,n/d,n/d,,,,False,False,,,Em Alta,12.180000305175781,-1.8883455677165095,-26.665882358034743,False,False,False,sem sinal (Em Alta)
VAMO3,BOVA11+SMALL11,BOVA11,Bens Industriais,41.06,44.78,20.0,,,0.7,,52.09,52.52,27.21,27.66,False,104,Não,,,False,4,8,False,,True,,False,False,False,False,False,False,2,10,True,False,True,False,False,False,True,True,False,True,False,3.87,False,3628569344.0,11.57,1.11,4.16,2.93,9.57,14.8,15.52,5.1,3.89,3.09,2.79,1.67,4.84,1.83,33.93,-1.9,4.97,7.32,0.32,88.84,11.16,2.48,4.82,19.8,-38.4,-8.3,3.41,3.48,-48.5,53.6,-8.6,2.48,4.82,-19.48,2.04,0.65,0.08,2.9700000286102295,0.6220608979095613,1.1539229656222363,3.4012532739054047,3.931149350757975,2.3758759329681296,2.635919783964206,1.7060271789026282,8.97070543190112,,,,6,False,14.4,,,n/d,n/d,,,,False,False,,,Em Baixa,3.049999952316284,-2.622948359238486,-39.878542627359195,False,False,False,sem sinal (Em Baixa; sem novo topo (-2.6%))
UNIP6,SMALL11,SMALL11,Materiais,39.58,43.03,20.0,,,1.0,,51.72,12.2,34.97,97.16,False,105,Não,,,False,4,8,False,,True,,False,False,True,False,False,False,2,10,False,True,True,False,False,False,True,True,False,True,True,1.25,True,6222935040.0,23.77,3.17,11.57,15.85,13.34,34.18,11.66,5.09,8.63,2.72,3.27,2.39,1.85,,376.67,-46.1,10.54,4.48,0.47,74.89,24.93,53.05,71.62,5.1,-22.2,-8.2,61.26,61.73,-25.5,30.5,-4.2,55.19,71.62,-15.08,0.71,0.4,0.11,55.75,63.10300505801009,91.8779753644627,24.392090870845607,30.46434947605048,,31.018850384254566,6.265550814351825,20.739049965692292,,,,5,False,14.7,,,n/d,n/d,,,,False,False,,,Em Baixa,59.08000183105469,-5.636428110779635,-23.31181201275998,False,False,False,sem sinal (Em Baixa; sem novo topo (-5.6%))
HAPV3,BOVA11+SMALL11,BOVA11,Cuidados de saúde,38.81,35.85,55.55555555555556,,,0.2,P/L=-19.14<2,12.07,81.06,47.95,5.67,True,106,Não,,,False,2,8,False,,False,,False,,False,True,True,False,5,9,False,False,False,False,True,False,True,False,False,False,True,0.16,True,3145082112.0,-19.14,0.07,0.0,0.14,-0.36,-1.11,2.12,-0.55,4.19,3.07,7.69,1.84,0.33,,,41.3,5.53,1.55,0.45,33.25,66.74,6.09,41.71,8.7,-84.1,-38.6,12.42,16.84,-85.4,77.1,-54.5,6.09,16.49,-65.38,1.58,0.35,0.03,6.619999885559082,0.06392750337924263,0.11858551876849506,,,,,,15.048231347903636,,,,2,False,235.4,,,n/d,n/d,,,,False,False,,,Em Baixa,9.789999961853027,-32.37998047646504,-84.4819505174924,False,False,False,sem sinal (Em Baixa; sem novo topo (-32.4%))
EMBJ3,BOVA11,BOVA11,Bens Industriais,38.79,33.87,66.66666666666667,,,0.7,,44.47,12.49,49.4,8.51,False,107,Não,Bandeira de alta,"Bandeira de alta (pré-confirmação) — pescoço R$97.61, preço 4.4% abaixo do pescoço; falta fechar acima e segurar",False,4,8,False,,False,,False,,True,True,True,False,6,9,False,False,False,False,True,True,True,True,False,False,True,0.14,True,66421149696.0,29.72,3.87,1.05,0.71,13.01,5.09,9.61,5.28,11.31,0.52,0.76,1.44,0.69,2.9,21.23,113.9,16.4,3.7,0.82,70.5,26.66,68.4,103.57,36.4,-9.9,13.1,83.21,84.08,-34.0,38.2,5.7,68.4,103.57,-5.18,0.82,0.37,0.0,93.30999755859375,4.760804743702869,8.831292799568823,41.60018397211868,41.270483046573595,34.417981634474536,17.710587184113464,28.61181505725136,43.092552125357194,,,,6,False,9.1,,,n/d,n/d,,,,False,False,,,Em Alta,101.29000091552734,-7.8783722823624664,-11.225194550362694,False,False,False,sem sinal (Em Alta)
AUAU3,SMALL11,SMALL11,Consumo discricionário,38.73,33.8,66.66666666666667,,,0.9,,31.38,50.4,30.07,10.64,False,108,Não,,,False,2,8,False,,,,,,False,True,True,,2,3,False,False,False,False,False,True,True,False,False,False,True,0.51,True,2969738496.0,15.39,0.93,0.88,0.92,6.04,,7.01,3.84,3.21,2.53,5.05,1.26,0.7,2.97,14.15,22.2,10.17,5.6,,,,2.8,3.87,23.0,-10.7,3.2,3.25,3.29,-27.2,38.6,-10.0,2.8,3.87,-20.88,0.89,0.43,0.08,3.450000047683716,0.22655158558876057,0.37848544388606425,2.675066121126882,4.325632065256087,1.3685139107565074,0.5560315642836466,1.3295248417358718,9.199272288917008,,,,4,False,40.6,,,n/d,n/d,,,,False,False,,,Lateral,3.450000047683716,0.0,-14.46724335009204,False,False,False,sem sinal (Lateral)
NATU3,BOVA11+SMALL11,BOVA11,Bens de primeira necessidade,38.65,43.27,12.5,,,0.0,P/L=-4.52<2,39.45,57.48,54.51,2.48,True,109,Fundo duplo,,,False,2,8,False,,False,,,,False,True,False,False,1,8,False,False,False,False,False,True,True,False,False,True,True,0.35,True,12002652160.0,-4.52,0.95,0.0,0.0,-21.11,16.32,10.18,-12.47,5.16,2.58,3.54,1.68,0.54,,,-88.9,9.21,2.55,0.77,55.21,44.79,7.2,10.7,21.4,-18.3,-3.1,8.69,8.79,-30.6,47.1,21.4,7.2,10.7,10.52,1.15,0.42,0.03,8.739999771118164,,,,,,,,10.599928158767055,10.599928158767055,10.599928158767055,9.539935342890349,1,True,1.0,9.152581152411688,21.28064572490187,n/d,n/d,,,Fundo duplo,False,False,,,Em Alta,8.9399995803833,-2.237134436829158,-21.61434914676509,False,True,False,Fundo duplo — rompeu pescoço ~R$8.73 (candidato)
SMFT3,BOVA11+SMALL11,BOVA11,Consumo discricionário,38.38,38.09,40.0,,,0.9,,49.56,42.33,13.61,24.82,False,110,Não,,,False,1,8,False,,False,,False,False,True,False,False,False,4,10,False,False,False,False,False,False,True,False,True,False,False,1.82,False,10420804608.0,15.09,1.7,6.0,2.63,11.3,9.4,10.6,8.53,3.84,4.32,5.7,1.2,2.24,2.21,39.67,-6.3,8.4,5.98,0.3,73.66,26.34,16.61,26.03,2.2,-34.8,-9.6,20.6,21.02,-36.2,35.9,-25.6,16.61,23.41,-36.48,1.28,0.61,0.07,16.979999542236328,3.188640734371066,5.914928562258328,14.909542341592532,15.902296720239864,10.629192963159728,13.031530615582593,7.827715783248272,,11.369201164346885,11.83036178937116,10.647325610434045,6,True,5.0,-37.29490048601172,-33.043572020912315,n/d,n/d,,,,False,False,,,Em Baixa,17.600000381469727,-3.5227319647456956,-35.69104282983061,False,False,False,sem sinal (Em Baixa; sem novo topo (-3.5%))
AZZA3,BOVA11+SMALL11,BOVA11,Consumo discricionário,37.76,39.13,30.0,,,0.9,,24.83,61.76,43.8,37.59,False,111,Não,,,False,1,8,False,,True,,False,False,False,True,False,True,3,10,False,False,False,False,False,False,True,False,False,True,True,0.38,True,2982094336.0,9.47,0.38,16.66,3.54,4.03,11.4,5.88,2.85,3.63,2.74,6.52,2.26,0.49,3.53,33.48,-94.3,3.09,3.33,0.93,48.36,51.64,14.54,31.57,1.4,-53.3,-19.5,23.71,22.9,-53.9,43.7,-41.9,14.54,28.04,-52.78,1.23,0.48,0.01,14.75,3.7246030237466,4.7302297883450946,14.129157061664603,36.882172230857364,9.681783021779612,48.402208604435835,6.785487836607669,26.55676129362992,,,,4,False,13.0,,,n/d,n/d,,,,False,False,,,Em Baixa,16.31999969482422,-9.620096349157004,-53.89690908374847,False,False,False,sem sinal (Em Baixa; sem novo topo (-9.6%))
RAIL3,BOVA11,BOVA11,Bens Industriais,37.04,34.75,50.0,,,0.7,,50.27,25.12,22.51,13.48,False,112,Não,,,False,2,8,False,,False,,False,False,False,False,True,True,5,10,False,False,False,False,True,False,True,False,True,False,False,1.64,False,28153432064.0,22.84,1.94,0.72,1.31,8.48,1.9,12.06,8.53,6.21,3.16,3.66,1.31,2.01,3.84,29.92,56.8,11.82,7.07,0.25,73.88,25.74,12.33,17.04,23.0,-11.0,5.9,15.04,14.97,-27.6,33.7,3.6,12.33,17.04,-7.28,1.15,0.58,-0.01,15.170000076293945,1.4196608575055851,2.6132331231930066,8.732829755663625,10.810055589619385,4.817067800374398,7.686448531966862,4.2552160262120236,11.669068349299373,,,,7,False,8.2,,,n/d,n/d,,,,False,False,,,Em Alta,15.079999923706055,0.5968179910028182,-12.457192109408943,False,False,False,sem sinal (Em Alta)
TIMS3,BOVA11,BOVA11,Comunicação,37.0,31.18,70.0,,,0.4,,31.11,7.88,37.39,77.3,False,113,Não,,,False,3,8,False,,True,,False,False,False,True,True,True,7,10,False,False,False,True,True,False,True,False,True,True,True,0.49,True,44251189248.0,3259.92,1.78,7.89,8.95,0.05,11.85,0.76,15.78,113.69,1.05,2.63,0.85,0.66,1303.97,29188.68,2.5,8.82,7.75,0.43,57.89,42.11,17.94,27.96,3.8,-33.4,-15.1,22.48,22.98,-35.8,28.4,-12.7,17.94,27.96,-23.58,0.81,0.49,0.1,18.6299991607666,11.914953405636613,14.867789684424816,,,,30.75,,0.6942927960236163,,,,3,False,44.3,,,n/d,n/d,,,,False,False,,,Em Baixa,18.75,-0.6400044759114598,-34.28486443608516,False,False,False,sem sinal (Em Baixa; sem novo topo (-0.6%))
CBAV3,SMALL11,SMALL11,Materiais,36.85,38.06,30.0,,,1.0,,39.03,38.96,38.9,29.79,False,114,Não,,,False,4,8,False,,False,,False,False,True,True,True,False,3,10,False,True,False,False,True,False,True,True,False,False,True,0.57,True,7272482304.0,12.23,1.44,0.39,3.04,11.81,-1.32,6.25,6.41,6.55,1.95,4.36,2.06,0.89,1.65,37.2,28.1,9.55,3.49,0.48,67.68,30.73,3.38,11.23,230.9,-0.5,3.3,10.18,8.56,-15.2,34.4,59.3,7.01,11.23,48.42,0.24,0.12,0.01,11.170000076293945,2.4271684225527403,4.502397423835333,12.101594522558852,12.625539953905577,9.55176509538187,0.792229471315355,6.697406960753851,7.213386414250052,,,,6,False,15.9,,,n/d,n/d,,,,False,False,,,Em Alta,11.229999542236328,-0.5342784362254216,-0.7992908593113635,False,False,False,sem sinal (Em Alta)
YDUQ3,BOVA11+SMALL11,BOVA11,Consumo discricionário,36.17,35.49,40.0,,,0.9,,34.82,43.35,25.41,39.01,False,115,Fundo duplo,,,False,1,8,False,,False,,False,False,False,False,True,False,4,10,False,False,False,False,False,False,True,False,False,False,False,1.48,True,2203526400.0,21.08,0.82,6.52,3.6,3.89,5.03,11.35,2.04,3.87,3.14,3.87,1.61,1.72,22.48,75.89,1.0,4.09,7.39,0.4,70.08,29.69,7.32,14.76,18.3,-41.3,-4.5,11.8,11.1,-50.4,47.3,-29.0,7.32,14.76,-39.88,1.6,0.58,0.02,8.65999984741211,2.2270613892247186,2.4093142467817117,3.1745377969462782,9.880226801216548,1.8642893719623346,5.908796684025586,1.339601405520563,14.29003391747503,,,,6,False,10.7,,,n/d,n/d,,,Fundo duplo,False,False,,,Em Alta,8.880000114440918,-2.477480452630154,-43.36167515357805,False,True,False,Fundo duplo — rompeu pescoço ~R$8.38 (candidato)
RAPT4,SMALL11,SMALL11,Bens Industriais,36.08,40.68,10.0,,,0.7,P/L=-4.86<2,19.47,82.93,32.16,47.52,False,116,Não,Fundo duplo,"Fundo duplo (pré-confirmação) — pescoço R$5.14, preço 6.6% abaixo do pescoço; falta fechar acima e segurar",False,1,8,False,,False,,False,False,False,False,True,False,1,10,False,False,False,False,False,False,True,False,False,False,True,1.82,False,1673701376.0,-4.86,0.56,0.0,4.31,-11.45,8.95,9.51,-2.65,3.86,2.95,4.35,2.12,2.11,,,0.5,3.76,5.22,0.76,74.66,17.25,4.35,6.9,10.3,-30.4,-2.8,5.57,5.62,-37.0,38.5,-12.1,4.35,6.84,-22.98,1.29,0.58,-0.01,4.800000190734863,1.4766933470632846,1.5390426217170678,,,,,,13.49676566466805,,,,2,False,9.1,,,n/d,n/d,,,,False,False,,,Lateral,4.829999923706055,-0.621112493686593,-31.623928721131566,False,False,False,sem sinal (Lateral)
POSI3,SMALL11,SMALL11,Tecnologia de informação,35.65,36.65,30.0,,,0.5,,21.47,52.5,36.69,65.25,False,117,Não,,,False,0,8,False,,True,,False,False,False,True,True,False,3,10,False,False,False,False,False,False,False,False,False,True,False,0.5,True,455568704.0,37.54,0.3,5.44,6.9,0.8,10.68,6.93,0.36,3.71,3.07,6.21,1.82,0.81,3.26,259.03,11.5,1.95,3.74,0.97,64.77,35.23,3.28,4.72,0.3,-30.3,-15.1,4.07,4.04,-30.5,37.7,-16.5,3.28,4.72,-27.38,1.07,0.49,-0.15,3.2899999618530273,1.6214987498383384,3.0078801809501177,1.1612280099774268,4.650283076306582,1.612572777278811,0.7445919647652398,0.8676345131152097,16.99591268834099,,,,6,False,22.8,,,n/d,n/d,,,,False,False,,,Em Baixa,3.430000066757202,-4.08163563205216,-31.458336851662917,False,False,False,sem sinal (Em Baixa; sem novo topo (-4.1%))
SIMH3,SMALL11,SMALL11,Industrials,35.04,37.69,20.0,,,0.7,P/L=-21.13<2,26.94,81.71,16.83,17.73,False,118,Não,,,False,5,8,False,,False,,False,False,False,False,True,False,2,10,False,True,True,False,True,False,True,True,False,False,False,7.83,False,3858649088.0,-21.13,0.65,2.6,2.25,-3.1,-1.12,11.25,-0.4,3.77,3.53,4.39,1.28,6.05,,,8.8,2.11,6.03,0.36,91.64,5.09,5.63,14.3,17.4,-53.8,-21.4,10.26,9.98,-60.6,56.5,-35.4,5.63,13.96,-46.28,2.33,0.7,0.03,6.610000133514404,1.0643159845120893,1.9743061512699256,,,,,,46.791252382832,,,,2,False,44.0,,,n/d,n/d,,,,False,False,,,Em Baixa,6.599999904632568,0.15151862161113527,-54.75482337854134,False,False,False,sem sinal (Em Baixa; sem novo topo (+0.2%))
ARML3,SMALL11,SMALL11,Bens Industriais,34.41,35.19,30.0,,,0.7,,33.67,37.61,27.99,50.35,False,119,Fundo duplo,,,False,2,8,False,,True,,False,False,False,False,True,False,3,10,False,False,False,False,False,False,True,True,False,True,False,1.74,False,1235341184.0,20.01,0.9,13.05,4.8,4.51,11.22,9.85,3.11,4.82,3.29,4.68,1.89,2.12,113.26,96.08,20.9,3.22,5.25,0.54,75.09,23.96,2.71,6.17,32.0,-42.1,-2.1,3.69,3.96,-54.6,57.6,-14.7,2.8,6.17,-25.58,1.85,0.55,0.05,3.569999933242798,1.2244407647315154,1.2422812151746434,1.292930623390251,3.990383793920152,0.8882009649749197,2.2974144551885933,0.4964247405185321,5.167706107740197,,,,5,False,10.4,,,n/d,n/d,,,Fundo duplo,False,False,,,Em Alta,3.700000047683716,-3.5135165612308894,-43.33333610857597,False,True,False,Fundo duplo — rompeu pescoço ~R$3.56 (candidato)
JSLG3,SMALL11,SMALL11,Bens Industriais,33.82,36.26,20.0,,,0.7,P/L=-14.97<2,21.05,58.01,14.24,94.33,False,120,Não,,,False,1,8,False,,True,,False,False,False,False,False,False,2,10,False,False,False,False,False,False,True,False,False,True,False,5.26,False,1569529088.0,-14.97,1.32,35.01,13.88,-8.83,13.19,9.68,-1.07,4.25,4.15,6.0,1.38,6.52,,,-44.0,3.07,4.78,0.43,89.08,10.92,3.88,8.64,41.8,-36.3,-9.6,5.66,5.91,-44.7,58.5,-9.2,4.78,8.64,-20.08,2.08,0.61,0.15,5.5,5.454263556854775,7.941407738780553,,,,,,,6.697835647817664,6.697835647817664,6.028052083035898,2,True,1.5,9.600946964289058,21.77882996032117,n/d,n/d,,,,False,False,,,Lateral,5.510000228881836,-0.18149234966302608,-37.641721198385895,False,False,False,sem sinal (Lateral)
CSNA3,BOVA11+SMALL11,BOVA11,Materiais,33.63,37.8,10.0,,,1.0,P/L=-2.69<2,15.62,78.71,7.6,95.74,False,121,Não,,,False,2,8,False,,False,,False,False,False,False,True,False,1,10,False,False,False,False,False,False,True,True,False,False,False,3.31,False,7001776128.0,-2.69,0.58,0.0,15.41,-21.59,-7.63,8.07,-5.82,4.29,5.46,9.47,1.15,3.57,,,5.7,-51.14,2.17,0.39,84.35,12.8,4.28,10.89,23.4,-51.5,-6.0,7.48,7.31,-60.7,53.7,-39.3,4.28,10.89,-50.18,1.66,0.53,-0.04,5.28000020980835,5.812141277904362,10.362417666316716,,,,,,,8.08727947211054,8.08727947211054,7.278551524899486,2,True,1.8,37.85134916052737,53.168165733919295,n/d,n/d,,,,False,False,,,Em Alta,5.369999885559082,-1.6759716511867695,-53.35688734848204,False,False,False,sem sinal (Em Alta)
BRAP4,BOVA11+SMALL11,BOVA11,Basic Materials,33.4,34.88,25.0,,,1.0,DY5a=24.3%>=20,14.87,39.03,74.72,,False,122,Não,Fundo triplo,"Fundo triplo (pré-confirmação) — pescoço R$22.00, preço 0.0% abaixo do pescoço; falta fechar acima e segurar",False,4,6,False,,True,,False,False,False,True,,False,2,8,False,True,True,False,,,True,True,False,True,True,,True,8644194304.0,14.8,1.07,10.71,24.31,7.26,23.82,-0.47,0.0,-225.53,,,5.68,0.0,2.04,359.81,,2.94,-0.74,,4.4,95.6,14.53,25.49,51.3,-13.7,-1.8,21.78,20.66,-20.8,25.2,9.5,20.08,25.49,-1.38,0.92,0.62,-0.12,21.989999771118164,38.186176805563626,70.83535797432052,19.686993038332137,26.211612405083656,44.574323860374655,15.342069641277186,10.74962884564197,,25.79180076604554,22.949302721707895,20.654372449537107,6,True,6.6,-6.073794158630596,17.288772326049283,n/d,n/d,,,,False,False,,,Em Alta,22.350000381469727,-1.6107409584209087,-14.202104989610786,False,False,False,sem sinal (Em Alta)
MYPK3,SMALL11,SMALL11,Consumo discricionário,32.97,35.26,20.0,,,0.9,,24.86,52.23,28.48,53.19,False,123,Rompimento,,,False,1,8,False,,True,,False,False,False,False,True,False,2,10,False,False,False,False,False,False,True,False,False,False,True,0.95,True,1412329088.0,15.33,0.34,3.37,5.41,2.23,4.01,8.93,0.6,3.5,2.9,4.54,1.73,1.23,40.23,82.91,0.1,4.18,3.75,0.65,66.29,30.03,8.74,13.71,7.9,-31.2,1.2,9.9,10.09,-36.2,27.9,-4.0,8.74,11.05,-14.88,0.78,0.48,0.01,9.430000305175781,3.643027698580667,3.7592267031029905,4.533958701622279,19.59261614296008,3.5613609378045727,7.741933992279126,1.79061986255719,22.664103869063506,,,,6,False,12.7,,,n/d,n/d,,,Rompimento,False,False,,,Lateral,9.210000038146973,2.3887108156089853,-32.216826795455724,False,True,False,"Rompimento (vol x0.3, +2.4% do topo, MM50>MM200)"
TTEN3,SMALL11,SMALL11,Bens de primeira necessidade,32.86,29.84,50.0,,,0.0,,35.53,31.53,24.19,11.35,True,124,Não,,,False,2,8,False,,True,,False,True,True,False,False,True,5,10,False,True,False,False,False,False,True,False,False,True,False,0.75,True,5780087296.0,9.8,1.15,1.58,0.95,11.76,18.41,4.0,3.22,17.67,7.48,18.7,1.36,1.03,0.92,9.35,-37.8,5.75,1.74,0.97,64.13,35.82,9.93,17.74,16.3,-34.9,-19.8,15.41,15.01,-44.0,37.5,-29.7,9.93,17.74,-40.58,0.81,0.37,0.0,11.550000190734863,0.7868847971760895,1.459671298761646,15.616071686452745,16.31966698604611,13.688594237634105,1.6832911622819484,11.046138244715413,,,,,4,False,20.7,,,n/d,n/d,,,,False,False,,,Em Baixa,11.510000228881836,0.34752355393230516,-35.47485789453214,False,False,False,sem sinal (Em Baixa; sem novo topo (+0.3%))
CASH3,SMALL11,SMALL11,Comunicação,32.57,28.51,55.55555555555556,,,0.4,P/L=-5.83<2,1.35,43.88,83.44,2.48,False,125,Não,Bandeira de alta,"Bandeira de alta (pré-confirmação) — pescoço R$5.94, preço 6.4% abaixo do pescoço; falta fechar acima e segurar",False,2,8,False,,False,,False,,False,True,True,False,5,9,False,False,False,False,True,True,False,False,False,False,True,-0.29,True,577112064.0,-5.83,1.37,0.0,0.0,-23.45,-3.01,-16.62,-20.31,-9.17,-1.12,-2.8,2.68,0.0,,,18.2,6.44,9.61,1.74,18.27,80.69,3.24,5.91,71.6,-5.9,24.6,4.12,4.19,-33.2,50.3,45.2,3.24,5.91,34.32,0.95,0.33,0.04,5.559999942779541,,,,,,,,,,,,0,True,,,,n/d,n/d,,,,False,False,,,Em Alta,5.909999847412109,-5.922164359882808,-7.333334287007654,False,False,False,sem sinal (Em Alta)
DESK3,SMALL11,SMALL11,Comunicação,31.71,32.01,30.0,,,0.4,,39.33,26.62,34.38,7.8,False,126,Não,,,False,3,8,False,,True,,False,False,False,False,False,True,3,10,False,True,True,False,False,False,True,False,False,False,True,0.9,True,2190420224.0,39.34,1.54,0.98,0.48,3.91,6.21,11.53,4.4,5.25,2.09,2.53,1.41,1.21,12.42,18.98,-50.0,11.08,6.52,0.32,62.73,36.49,7.91,18.96,138.0,-0.6,4.1,17.1,15.92,-28.0,58.8,12.4,13.18,18.96,1.52,0.67,0.2,0.16,18.84000015258789,0.6493579486999584,0.8658408496450194,4.561129692603688,11.481394058191459,1.7481360668739676,0.6737076139682668,2.232925099299486,18.84000015258789,,,,4,False,29.0,,,n/d,n/d,,,,False,False,,,Em Alta,18.959476470947266,-0.6301667587839566,-1.6140235670685898,False,False,False,sem sinal (Em Alta)
DXCO3,SMALL11,SMALL11,Materiais,31.28,33.27,20.0,,,1.0,P/L=-132.52<2,14.01,71.31,27.6,36.17,False,127,Não,Fundo duplo,"Fundo duplo (pré-confirmação) — pescoço R$5.93, preço 12.3% abaixo do pescoço; falta fechar acima e segurar",False,2,8,False,,True,,False,False,False,False,True,False,2,10,False,False,False,False,False,False,True,True,False,False,False,0.88,True,4720927232.0,-132.52,0.69,0.0,3.47,-0.52,6.92,4.35,-0.43,4.76,3.22,8.04,1.98,1.19,,,5.2,8.39,2.48,0.51,62.06,36.03,4.44,6.09,17.2,-14.6,2.6,4.99,5.05,-26.8,33.5,3.6,4.46,6.09,-7.28,1.18,0.6,-0.07,5.199999809265137,1.2870302096088166,2.154020559899847,,,,,,5.7391095025773184,1.7205253847543318,1.7205253847543318,1.5484728462788986,2,True,4.5,-70.22167494083564,-66.91297215648406,n/d,n/d,,,,False,False,,,Em Alta,5.239999771118164,-0.7633580839735754,-16.398714072867925,False,False,False,sem sinal (Em Alta)
BRAV3,BOVA11+SMALL11,BOVA11,Energia,30.36,29.84,33.333333333333336,,,0.9,,22.83,57.85,19.5,12.06,False,128,Não,,,False,1,8,False,,False,,False,,False,False,False,True,3,9,False,False,False,False,False,False,True,False,False,False,False,1.17,True,8101632000.0,146.13,0.65,0.72,1.08,0.44,3.55,8.3,0.44,3.11,3.05,5.14,1.26,1.55,,157.7,-17.3,6.88,3.71,0.27,72.43,27.57,13.35,21.64,30.7,-19.4,-9.9,18.35,17.89,-33.3,36.8,5.3,15.6,21.64,-5.58,0.46,0.22,0.15,17.440000534057617,1.344305847212772,1.9573093135417963,1.2411962331773025,8.488117493405548,,1.6666666666666667,0.31882375769801596,,,,,4,False,26.6,,,n/d,n/d,,,,False,False,,,Em Baixa,18.799999237060547,-7.234035947841722,-21.246357943601136,False,False,False,sem sinal (Em Baixa; sem novo topo (-7.2%))
PRNR3,SMALL11,SMALL11,Bens Industriais,30.19,31.99,20.0,,,0.7,,39.09,25.24,32.67,15.6,False,129,Não,,,False,2,8,False,,False,,False,False,False,False,True,False,2,10,False,False,False,False,True,False,True,False,False,False,True,1.2,True,1006746368.0,22.88,2.1,0.0,1.69,9.17,4.0,10.43,2.55,5.81,2.44,3.27,1.85,1.76,4.06,38.6,27.8,5.05,6.01,0.64,70.26,25.54,14.63,21.97,20.7,-19.6,-4.5,17.59,17.76,-27.0,33.3,10.9,15.76,21.97,0.02,1.16,0.6,0.03,17.65999984741211,2.1280425413370105,3.760085045820673,9.741458888023534,12.084934395121156,5.648036213555986,5.53597585259101,4.793666822498468,16.061795394302596,6.9273595362684715,5.592006033073497,5.032805429766148,6,True,7.5,-71.50166776188476,-60.773728221274006,n/d,n/d,,,,False,False,,,Em Baixa,17.65999984741211,0.0,-20.054324466162566,False,False,False,sem sinal (Em Baixa; sem novo topo (+0.0%))
LWSA3,SMALL11,SMALL11,Tecnologia de informação,29.32,30.96,20.0,,,0.5,P/L=-11.81<2,12.22,50.48,49.66,29.08,False,130,Fundo duplo,,,False,2,7,False,,False,,False,False,False,True,True,False,2,10,False,False,False,False,True,,True,False,False,False,True,,True,2367796736.0,-11.81,0.99,7.15,2.94,-8.41,-2.3,5.89,-13.29,6.24,,,1.18,0.03,,,108.1,11.33,-3.98,1.15,32.17,67.83,3.38,4.67,24.8,-9.6,9.9,3.85,3.88,-27.5,43.6,9.7,3.38,4.67,-1.18,1.37,0.54,0.04,4.21999979019165,0.8863492036909528,1.6441777728467173,,,,,,,1.2652634882688352,1.2652634882688352,1.1387371394419517,2,True,1.9,-73.01570625456746,-70.01745139396385,n/d,n/d,,,Fundo duplo,False,False,,,Em Alta,4.329999923706055,-2.5404188326233257,-11.172399210763972,False,True,False,Fundo duplo — rompeu pescoço ~R$4.11 (candidato)
LJQQ3,SMALL11,SMALL11,Consumo discricionário,28.99,32.14,11.11111111111111,,,0.9,P/L=-1.14<2,6.56,88.1,13.12,45.39,False,131,Não,,,False,0,8,False,,False,,False,,False,False,True,False,1,9,False,False,False,False,False,False,False,False,False,False,False,4.22,False,235885680.0,-1.14,0.77,0.0,4.12,-67.62,-9.94,2.03,-6.88,0.91,34.56,86.39,1.77,7.9,,,8.8,16.29,-0.01,0.82,89.26,10.74,0.96,2.83,18.8,-59.7,-18.2,2.06,1.91,-66.1,62.7,-45.7,0.96,2.65,-56.58,2.12,0.58,-0.04,1.1399999856948853,0.33553415931230646,0.6224158655243284,,,,,,,0.4789750124183174,0.4789750124183174,0.4310775111764857,2,True,1.9,-62.18618275563197,-57.98464750625774,n/d,n/d,,,,False,False,,,Lateral,1.2200000286102295,-6.5573804130543145,-60.278744559154894,False,False,False,sem sinal (Lateral)
DASA3,SMALL11,SMALL11,Cuidados de saúde,28.19,33.16,0.0,,,0.2,P/L=-3.65<2,17.64,78.96,22.82,9.22,True,132,Não,,,False,2,8,False,,False,,False,,False,False,False,False,0,9,False,False,False,False,False,False,True,True,False,False,True,0.98,True,3237051136.0,-3.65,0.48,0.0,0.78,-13.13,-13.32,7.28,-9.6,4.09,4.54,8.74,1.27,1.12,,,-9.8,11.36,3.53,0.48,62.87,36.98,1.28,4.6,102.3,-43.7,-9.4,2.91,2.88,-54.1,85.8,-42.2,2.11,4.52,-53.08,2.03,0.41,0.09,2.5899999141693115,0.14412703738868057,0.20984896643791892,,,,,,,0.17698800191329975,0.17698800191329975,0.15928920172196978,2,True,1.5,-93.84983756754067,-93.1664861861563,n/d,n/d,,,,False,False,,,Em Baixa,2.7300000190734863,-5.128208935020018,-45.70230766193345,False,False,False,sem sinal (Em Baixa; sem novo topo (-5.1%))
EQTL3,BOVA11,BOVA11,Serviços públicos,28.04,27.69,30.0,,,0.1,,34.32,20.45,19.72,31.91,True,133,Não,,,False,1,8,False,,True,,False,False,False,False,False,True,3,10,False,False,False,False,False,False,True,False,False,False,True,2.15,True,46294605824.0,48.19,1.77,4.3,3.15,3.67,8.85,9.18,1.75,7.95,4.81,7.33,1.57,2.27,,151.96,-54.9,22.33,4.62,0.33,74.15,23.5,33.78,45.35,9.1,-18.7,-6.1,38.8,38.69,-24.5,25.0,-3.8,34.23,45.35,-14.68,1.19,0.82,0.03,36.849998474121094,8.299877601792103,12.0846217882093,7.95268695021497,18.926209230502653,,6.267048420977274,2.0427918402337903,38.96202068840042,,,,5,False,19.1,,,n/d,n/d,,,,False,False,,,Em Baixa,37.150001525878906,-0.8075451936356726,-20.444735067131916,False,False,False,sem sinal (Em Baixa; sem novo topo (-0.8%))
MRVE3,BOVA11+SMALL11,BOVA11,Consumo discricionário,27.89,30.85,11.11111111111111,,,0.9,P/L=-5.39<2,15.16,65.23,25.83,25.53,False,134,Não,,,False,1,8,False,,False,,False,,False,False,True,False,1,9,False,False,False,False,False,False,True,False,False,False,False,1.18,True,3084332800.0,-5.39,0.68,0.0,2.67,-12.58,-7.71,6.84,-4.93,5.43,3.03,6.21,1.89,1.69,,,10.7,3.07,3.75,0.89,78.42,18.67,4.2,10.43,30.5,-47.5,-2.2,7.58,7.08,-59.7,48.2,-29.0,4.2,10.43,-39.88,1.59,0.57,0.06,5.480000019073486,1.0461816502264871,1.9406669611701333,,,,,,3.0002982747653446,1.995715628720655,1.9406669611701333,1.74660026505312,3,True,2.9,-68.12773250047505,-63.581831719444516,n/d,n/d,,,,False,False,,,Em Alta,5.510000228881836,-0.5444683949575424,-47.958213124026116,False,False,False,sem sinal (Em Alta)
CAML3,SMALL11,SMALL11,Bens de primeira necessidade,27.37,30.44,10.0,,,0.0,,25.41,36.13,25.39,48.94,True,135,Não,Bandeira de alta,"Bandeira de alta (pré-confirmação) — pescoço R$4.91, preço 0.3% acima do pescoço; falta fechar acima e segurar",False,1,8,False,,True,,False,False,False,False,False,False,1,10,False,False,False,False,False,False,True,False,False,False,False,1.5,True,1678070528.0,16.06,0.59,5.79,4.67,3.69,8.66,5.74,0.99,7.94,5.55,13.55,1.87,1.99,17.46,75.07,-58.5,4.72,3.09,0.76,72.01,27.99,4.18,7.12,17.7,-30.9,-5.6,5.31,5.42,-41.3,41.9,-7.6,4.18,7.12,-18.48,1.39,0.57,0.08,4.920000076293945,1.6427566317011482,1.7744509302079248,2.363645262467191,7.581542821489221,1.7138297027269935,2.001947206015515,0.9955190804786188,0.3223178853556541,,,,6,False,23.5,,,n/d,n/d,,,,False,False,,,Em Alta,4.986701965332031,-1.3375952583852602,-31.657413373890485,False,False,False,sem sinal (Em Alta)
HBOR3,SMALL11,SMALL11,Imobiliário,26.39,27.52,20.0,,,0.8,,14.67,35.76,38.24,43.26,False,136,Não,,,False,1,8,False,,True,,False,False,False,True,False,False,2,10,False,False,False,False,False,False,False,True,False,False,False,1.25,True,282637408.0,63.44,0.2,6.17,3.93,0.31,3.0,2.16,0.41,13.5,15.28,38.21,2.55,0.72,,249.37,-64.6,2.29,1.03,0.81,57.57,22.01,1.68,4.23,26.8,-49.7,-0.7,2.5,2.66,-60.3,68.5,-14.8,1.68,3.33,-25.68,1.63,0.41,0.09,2.130000114440918,0.5980391486836667,0.8707450004834189,0.3491803466296587,2.836444569159168,,0.26415074528231325,0.08969330332382716,,,,,4,False,31.6,,,n/d,n/d,,,,False,False,,,Em Alta,2.2200000286102295,-4.054050135560294,-49.93457476014456,False,False,False,sem sinal (Em Alta)
GFSA3,SMALL11,SMALL11,Consumo discricionário,26.15,30.76,0.0,,,0.9,P/L=-0.05<2,0.68,100.0,26.05,2.48,False,137,Não,,,False,1,7,False,,False,,False,,False,False,False,False,0,9,False,False,False,False,False,,False,True,False,False,True,,True,33047134.0,-0.05,0.02,0.0,0.0,-39.87,-13.41,-6.27,-124.06,-5.67,,,1.31,1.06,,,-55.9,0.7,-4.96,0.96,67.49,32.51,0.2,13.38,5.0,-98.4,-75.6,2.06,3.65,-98.5,80.5,-95.8,0.2,5.06,-106.68,1.18,0.25,0.01,0.20999999344348907,,,,,,,,,,,,0,True,,,,n/d,n/d,,,,False,False,,,Em Baixa,0.23000000417232513,-8.695656680880425,-98.472727320411,False,False,False,sem sinal (Em Baixa; sem novo topo (-8.7%))
SOJA3,SMALL11,SMALL11,Bens de primeira necessidade,26.15,27.24,20.0,,,0.0,,29.97,27.55,13.41,41.84,True,138,Não,,,False,2,8,False,,True,,False,False,False,False,False,False,2,10,False,False,False,False,True,False,True,False,False,True,True,0.66,True,1015645696.0,42.21,0.73,4.11,3.84,1.73,13.98,5.66,0.89,9.48,4.7,11.63,0.95,1.47,,162.17,-0.4,7.41,2.47,1.35,45.47,36.89,4.98,10.46,44.6,-31.1,14.8,8.04,7.75,-52.4,43.6,-19.5,4.98,9.02,-30.38,0.83,0.32,0.04,7.199999809265137,1.9758595584215604,2.8768515170617923,1.7739871598284154,6.152542719268014,,1.0522259290281606,0.45568076770317817,1.5171697832194737,,,,5,False,13.5,,,n/d,n/d,,,,False,False,,,Em Alta,6.909999847412109,4.1968157490138935,-31.13851818989113,False,False,False,sem sinal (Em Alta)
ORVR3,SMALL11,SMALL11,Bens Industriais,25.38,20.06,55.55555555555556,,,0.7,,22.11,8.38,38.83,2.48,False,139,Não,,,False,2,8,False,,False,,False,,False,True,True,False,5,9,False,False,False,False,True,False,True,False,False,False,False,0.16,True,9013953536.0,181.0,1.87,0.0,0.0,1.04,-2.35,3.71,3.35,20.65,4.88,12.21,2.38,0.74,174.04,,135.8,14.61,2.86,0.49,63.86,33.58,13.27,20.97,23.6,-21.8,-12.4,17.48,17.13,-26.3,28.6,-5.4,15.45,20.97,-16.28,1.1,0.66,0.04,16.40999984741211,,,,,,,,0.6459121235626324,0.6459121235626324,0.6459121235626324,0.5813209112063692,1,True,1.0,-96.45752031315196,-96.06391145905772,n/d,n/d,,,,False,False,,,Em Baixa,16.559999465942383,-0.9057948270998817,-22.685514475944622,False,False,False,sem sinal (Em Baixa; sem novo topo (-0.9%))
RCSL4,SMALL11,SMALL11,Bens Industriais,25.09,27.31,12.5,,,0.7,P/L=-3.31<2,38.07,,15.51,2.48,False,140,Não,,,False,2,7,False,,False,,False,,True,,False,False,1,8,True,True,False,False,False,,False,False,False,True,True,,True,52188560.0,-3.31,-3.33,0.0,0.0,100.56,,-2.72,0.0,-57.79,,,1.21,,,,-99.2,,-11.18,0.2,170.21,-69.4,0.26,2.7,57.7,-84.8,-26.1,0.6,0.85,-85.6,146.4,-77.5,0.39,2.7,-88.38,0.21,0.02,0.01,0.4099999964237213,,,,,,,,,,,,0,True,,,,n/d,n/d,,,,False,False,,,Em Baixa,0.75,-45.333333810170494,-85.21190294742975,False,False,False,sem sinal (Em Baixa; sem novo topo (-45.3%))
MBRF3,BOVA11,BOVA11,Bens de primeira necessidade,24.9,29.3,0.0,,,0.0,DY5a=21.2%>=20,41.61,25.3,6.59,,True,141,Não,Bandeira de alta,"Bandeira de alta (pré-confirmação) — pescoço R$18.96, preço 4.8% abaixo do pescoço; falta fechar acima e segurar",False,1,8,False,,False,,False,False,False,False,False,False,0,10,False,False,False,False,False,False,True,False,False,True,True,4.46,False,25151205376.0,69.09,2.21,9.57,21.24,3.2,39.26,6.29,0.22,5.96,4.84,10.77,1.05,5.39,21.59,1467.2,-51.3,26.13,2.68,0.43,89.92,7.97,14.52,27.52,24.2,-34.4,6.5,18.4,18.54,-47.2,56.3,-8.1,14.52,22.33,-18.98,1.02,0.31,0.02,18.040000915527344,27.364121309051818,36.607113395664875,2.495038804032343,6.925068619478922,6.380455945236835,3.046690502845772,1.2227347972850864,14.02446706187665,,,,4,False,29.9,,,n/d,n/d,,,,False,False,,,Em Alta,19.540000915527344,-7.676560541038835,-34.779461261583556,False,False,False,sem sinal (Em Alta)
MGLU3,BOVA11+SMALL11,BOVA11,Consumo discricionário,24.84,27.26,11.11111111111111,,,0.9,,19.43,49.67,20.18,20.57,False,142,Não,,,False,1,8,False,,False,,False,,False,True,False,False,1,9,False,False,False,False,False,False,True,False,False,False,False,0.6,True,3692134400.0,42.17,0.33,1.69,2.35,0.79,-2.27,6.07,0.23,2.48,4.67,10.76,1.1,0.76,5888.71,99.09,-2.6,5.88,1.9,0.75,70.25,29.75,3.88,11.0,22.7,-56.7,-17.3,8.43,7.73,-64.7,58.0,-45.6,3.88,11.0,-56.48,2.02,0.59,0.03,4.760000228881836,0.7989518590147454,0.7994179845236947,0.8067308029175625,6.052565001078544,0.26605200708263205,0.41729656612549765,0.3020494853313128,,,,,4,False,22.7,,,n/d,n/d,,,,False,False,,,Lateral,4.840000152587891,-1.6528909335525421,-58.408888558349105,False,False,False,sem sinal (Lateral)
CSAN3,BOVA11+SMALL11,BOVA11,Consumo discricionário,24.31,26.84,10.0,,,0.9,P/L=-1.74<2,16.3,35.48,41.48,23.4,False,143,Não,,,False,2,8,False,,False,,False,False,False,False,True,False,1,10,False,False,False,False,False,True,True,False,False,False,True,1.47,True,15461917696.0,-1.74,3.11,0.0,2.53,-1.79,-64.7,8.59,-22.18,4.74,0.5,0.82,1.67,1.1,,,26.5,6.59,5.56,0.41,77.05,3.93,3.13,8.0,25.2,-51.0,-3.9,5.33,5.21,-60.9,50.9,-25.3,3.13,6.8,-36.18,1.91,0.64,-0.01,3.9200000762939453,0.70911170804959,1.3154022184319893,,,,,,3.5545998505808862,1.0122569632407896,1.0122569632407896,0.9110312669167107,2,True,5.0,-76.759406908532,-74.1771187872578,n/d,n/d,,,,False,False,,,Lateral,3.9000000953674316,0.5128200112166859,-51.18306093836568,False,False,False,sem sinal (Lateral)
KLBN11,BOVA11,BOVA11,Materiais,23.46,25.83,10.0,,,1.0,,22.8,19.16,20.19,67.38,False,144,Não,,,False,2,8,False,,True,,False,False,False,False,False,False,1,10,False,True,False,False,False,False,True,False,False,True,False,0.49,True,134659866624.0,42.02,2.49,6.14,7.1,5.92,28.81,5.45,0.86,6.38,3.99,9.97,2.0,2.3,,298.25,-51.7,11.06,2.09,0.37,77.43,12.36,16.08,21.02,17.8,-9.8,8.1,17.52,17.87,-23.4,20.2,-0.7,16.1,21.02,-11.58,0.54,0.46,0.02,18.950000762939453,9.607456735267611,13.988457006549643,4.690147737614714,8.787650850250573,,11.016666666666667,1.204749487546637,7.374275143165869,,,,6,False,11.6,,,n/d,n/d,,,,False,False,,,Em Alta,18.899999618530273,0.2645563249649818,-10.823525821461399,False,False,False,sem sinal (Em Alta)
HBSA3,SMALL11,SMALL11,Bens Industriais,23.15,25.28,11.11111111111111,,,0.7,P/L=-26.24<2,24.91,20.76,43.18,2.48,False,145,Não,Bandeira de alta,"Bandeira de alta (pré-confirmação) — pescoço R$3.52, preço 2.1% abaixo do pescoço; falta fechar acima e segurar",False,2,8,False,,False,,False,,False,False,True,False,1,9,False,False,False,False,True,False,True,False,False,False,False,1.2,True,4693320192.0,-26.24,2.25,0.0,0.0,-8.56,-15.0,11.14,-5.52,7.87,3.09,3.88,3.26,1.56,,,68.3,12.18,5.08,0.41,66.67,33.33,2.98,4.38,15.8,-21.2,2.0,3.67,3.65,-32.0,36.1,-2.5,2.98,4.38,-13.38,0.74,0.35,0.03,3.450000047683716,,,,,,,,1.744221599576,1.744221599576,1.744221599576,1.5697994396184,1,True,1.0,-54.4985675964746,-49.44285288497178,n/d,n/d,,,,False,False,,,Em Alta,3.5199999809265137,-1.9886344779005638,-21.412297207070186,False,False,False,sem sinal (Em Alta)
CVCB3,SMALL11,SMALL11,Consumo discricionário,23.02,21.2,33.333333333333336,,,0.9,P/L=-7.41<2,10.87,49.0,19.07,2.48,False,146,Não,,,False,2,8,False,,False,,False,,False,False,False,False,3,9,False,False,False,False,False,True,True,False,False,False,True,1.13,True,942645440.0,-7.41,3.03,0.0,0.0,-40.86,-60.02,5.9,-8.94,3.02,1.33,3.17,0.68,1.67,,,-4.5,12.48,4.12,0.67,87.19,12.81,1.08,2.72,67.6,-33.5,13.3,1.92,1.88,-60.3,68.8,-17.7,1.08,2.72,-28.58,1.16,0.29,-0.07,1.809999942779541,,,,,,,,3.232420288163714,3.232420288163714,3.232420288163714,2.9091782593473425,1,True,1.0,60.72808570810446,78.58676189789387,n/d,n/d,,,,False,False,,,Em Alta,1.8600000143051147,-2.68817586779716,-35.12544919257282,False,False,False,sem sinal (Em Alta)
AURE3,BOVA11+SMALL11,BOVA11,Serviços públicos,21.32,21.55,20.0,,,0.1,P/L=-10.79<2,13.12,25.85,10.82,70.21,True,147,Não,,,False,2,8,False,,False,,False,False,False,False,True,False,2,10,False,False,False,False,False,False,True,True,False,False,False,1.74,True,11637234688.0,-10.79,1.02,0.0,7.48,-9.47,2.89,2.64,-8.09,11.95,6.49,16.23,1.12,1.85,,,5.9,-78.47,2.04,0.26,71.73,25.67,10.05,14.61,10.8,-23.8,-7.3,11.62,11.69,-31.2,32.7,-4.2,10.05,14.61,-15.08,1.16,0.61,0.09,11.140000343322754,5.9521207692146305,10.894585496836555,,,,,,3.34510308556429,6.730603117205159,5.9521207692146305,5.3569086922931675,3,True,3.3,-51.91284984561007,-39.58166149214313,n/d,n/d,,,,False,False,,,Lateral,11.1899995803833,-0.4468207232840138,-24.010910919011586,False,False,False,sem sinal (Lateral)
ENEV3,BOVA11,BOVA11,Serviços públicos,21.23,19.09,33.333333333333336,,,0.1,,27.68,8.19,21.69,2.48,True,148,Não,Bandeira de alta,"Bandeira de alta (pré-confirmação) — pescoço R$26.66, preço 1.2% abaixo do pescoço; falta fechar acima e segurar",False,1,8,False,,True,,False,,False,False,False,True,3,9,False,False,False,False,False,False,True,False,False,False,True,1.16,True,50581934080.0,52.94,2.5,0.0,0.0,4.73,2.64,5.85,5.03,12.22,3.9,9.34,1.28,1.2,11.19,,-91.5,27.3,4.12,0.26,62.34,34.87,14.89,27.59,76.9,-4.5,1.9,21.59,22.15,-13.5,34.6,31.6,19.82,27.59,20.72,1.1,0.55,0.03,26.34000015258789,,,5.621124514941157,10.86038095236039,2.3533849777434974,,2.8084248638055294,13.384239946396928,7.005511051049501,5.621124514941157,5.0590120634470415,5,True,5.7,-80.79342431989319,-73.40352691546505,n/d,n/d,,,,False,False,,,Em Alta,26.690000534057617,-1.3113539695254417,-6.330016477673883,False,False,False,sem sinal (Em Alta)
TUPY3,SMALL11,SMALL11,Bens Industriais,19.47,22.91,0.0,,,0.7,P/L=-2.61<2,6.33,43.0,27.41,38.3,False,149,Não,,,False,2,8,False,,False,,False,False,False,False,False,False,0,10,False,False,False,False,False,False,True,True,False,False,False,0.83,True,1988180352.0,-2.61,0.88,0.0,3.58,-33.8,2.01,1.49,-8.26,8.41,3.88,9.69,2.16,1.72,,,-5.8,5.36,1.31,0.87,73.24,26.66,11.34,16.19,33.7,-6.4,4.2,13.06,13.42,-23.6,39.4,30.4,11.34,16.19,19.52,1.24,0.54,0.02,15.15999984741211,3.879478095996334,5.648520107770662,,,,,,5.446095166049147,4.991364456605381,5.446095166049147,4.901485649444232,3,True,1.5,-67.66830013998357,-67.07543201290049,n/d,n/d,,,,False,False,,,Em Baixa,15.420000076293945,-1.6861233955604793,-8.121213045987218,False,False,False,sem sinal (Em Baixa; sem novo topo (-1.7%))
BBDC1,BOVA11,BOVA11,Produtos financeiros,,,,,,0.4,,,,,,False,150,Não,,,False,0,0,False,,,,,,,,,,0.0,0.0,,,,,,,,,True,True,True,,True,,,,,,,,,,,,,,,,,,,,,,,,,,,,,,,,,,,,,,,,,,,,,,,,,,,0,True,,,,n/d,n/d,,,,False,False,,,,,,,False,False,False,histórico insuficiente
BBDC2,BOVA11,BOVA11,Produtos financeiros,,,,,,0.4,,,,,,False,151,Não,,,False,0,0,False,,,,,,,,,,0.0,0.0,,,,,,,,,True,True,True,,True,,,,,,,,,,,,,,,,,,,,,,,,,,,,,,,,,,,,,,,,,,,,,,,,,,,0,True,,,,n/d,n/d,,,,False,False,,,,,,,False,False,False,histórico insuficiente
MOVI1,SMALL11,SMALL11,Bens Industriais,,,,,,0.7,,,,,,False,152,Não,,,False,0,0,False,,,,,,,,,,0.0,0.0,,,,,,,,,True,True,True,,True,,,,,,,,,,,,,,,,,,,,,,,,,,,,,,,,,,,,,,,,,,,,,,,,,,,0,True,,,,n/d,n/d,,,,False,False,,,,,,,False,False,False,histórico insuficiente
