ticker,origem,grupo,setor,investment,investment_base,consistencia,basileia,solvencia,ciclicidade,dado_suspeito,quality,value,safety,dividend,rank_invest,oportunidade_grafica,criterios_ok,criterios_aplicaveis,passa_checklist,mais_5a_bolsa,sem_prejuizo_anual,lucro_20t,div_ge5_5a,div_sem_corte,roe_ge_10,divida_menor_patrim,cresc_receita_5a,cresc_lucro_5a,n_ok,n_aplic,roe_roic_ge_selic,roe_ge_setor,roic_ge_setor,margem_ge_15,cagr_ge_setor,divida_ok,marketcap_ok,insider_ok,margem_ok,roe_ok,alavancagem_ok,div_liq_patrim,nde_ok,market_cap,pl,pvp,dy,dy_teto,roe,roe_medio,roic,mrg_liq,ev_ebitda,div_liq_ebitda,liq_corr,div_patrim,peg,payout,cresc_5a,pl_fut,roa,liq_geral,grau_endiv,indep_fin,min_52s,max_52s,dist_min52,dist_max52,dist_mm100,beta,corr_ibov,close,teto_bazin,teto_gordon,teto_dcf,teto_graham,teto_lynch,teto_projetivo,teto_graham_selic,teto_mult_ebitda,teto_medio,teto_mediana,teto_ajustado,teto_n_metodos,teto_confiavel,teto_dispersao,teto_upside_pct,teto_upside_media_pct,prox_resultado,ex_dividendo,ex_tipo,tese_ia,strategy,in_wishlist,in_carteira,preco_medio,var_pm_pct,trend,breakout_level,pct_to_level,dist_52w_high_pct,fund_ok,breakout,aprovado,note
JHSF3,SMALL11,SMALL11,Imobiliário,77.86,75.72,90.0,,,0.8,,87.64,81.55,44.53,69.93,1,Não,7,8,False,,True,,False,True,True,True,True,True,9,10,True,True,True,True,True,True,True,False,True,True,True,0.36,True,6733535744.0,3.2,0.91,6.75,7.91,28.4,16.71,13.12,52.59,4.39,1.22,1.73,0.86,0.21,25.31,90.2,5.92,7.25,0.72,61.6,36.26,4.95,13.85,105.1,-26.6,-8.1,1.38,0.61,10.15999984741211,5.739092615548469,10.646016801842409,42.06874936819076,28.24159854064169,72.73352947776883,19.57807411896471,38.41749942302704,17.553512921415752,,,,6,False,12.7,,,n/d,2026-08-31,próxima,,,False,False,,,Em Baixa,11.149999618530273,-8.878922017834656,-28.216639097456486,True,False,False,sem sinal (Em Baixa; sem novo topo (-8.9%))
VULC3,SMALL11,SMALL11,Consumo discricionário,76.61,77.78,70.0,,,0.9,,88.33,61.07,65.93,95.8,2,Não,6,8,False,,True,,False,False,True,True,False,True,7,10,True,True,True,True,False,True,True,False,True,True,True,0.25,True,4293923840.0,4.62,1.62,29.19,15.45,35.06,31.82,17.83,24.89,6.21,0.76,2.96,0.37,0.46,71.37,-64.7,5.99,11.45,1.64,37.42,62.57,13.47,20.08,1.5,-31.9,-8.7,0.92,0.6,13.670000076293945,15.08411226491652,27.981028251420142,39.20508679889497,23.70179737215861,75.40871357180518,48.42609100336703,26.57254222002149,8.62471996500076,,,,6,False,8.7,,,n/d,2025-12-23,última,,,False,False,,,Em Baixa,14.180000305175781,-3.596616487347204,-32.426236328767075,True,False,False,sem sinal (Em Baixa; sem novo topo (-3.6%))
MDNE3,SMALL11,SMALL11,Imobiliário,76.01,73.54,90.0,,,0.8,,73.73,78.7,64.28,78.32,3,Não,7,8,False,,True,,False,True,True,True,True,True,9,10,True,True,True,True,True,True,True,False,True,True,True,0.1,True,2431272448.0,4.23,1.03,17.09,9.26,24.38,16.15,10.98,21.43,4.1,0.36,2.38,0.48,0.29,39.18,10.0,3.68,6.3,1.12,72.76,27.27,19.63,34.28,19.7,-31.4,-15.4,1.67,0.63,23.510000228881836,15.556165030825108,28.85668613218057,73.6424357051263,53.4262997412187,133.89190461175008,25.878182088930647,66.64550378301776,39.83247675664421,,,,6,False,8.6,,,n/d,2026-01-02,última,,,False,False,,,Em Baixa,25.110000610351562,-6.371964725521073,-31.417733179499095,True,False,False,sem sinal (Em Baixa; sem novo topo (-6.4%))
POMO3,SMALL11,SMALL11,Bens Industriais,73.88,74.56,70.0,,,0.7,,81.07,74.46,52.23,90.21,4,Não,5,8,False,,True,,False,False,True,True,False,True,7,10,True,True,True,False,False,True,True,False,True,True,True,0.46,True,5189052928.0,4.28,1.21,22.97,11.85,28.32,24.74,18.39,13.19,4.55,1.29,1.94,0.81,0.31,50.73,-14.0,,8.72,1.02,59.93,39.42,3.85,6.69,8.6,-37.5,-23.8,0.94,0.46,4.179999828338623,3.539168778164285,6.565158083494749,12.940420029319332,8.712703869541969,25.202940551897278,11.311021670034703,11.174064637127563,5.123190746981987,9.304426506083383,9.943384253334766,8.94904582800129,6,True,7.1,114.09201424676053,122.59394469356968,n/d,2026-08-26,próxima,,,False,False,,,Em Baixa,4.989999771118164,-16.2324645277095,-37.99031695498357,True,False,False,sem sinal (Em Baixa; sem novo topo (-16.2%))
PSSA3,BOVA11,BOVA11,Insurance,73.29,72.99,75.0,,1.8,0.3,,76.51,53.84,100.0,51.05,5,Não,4,6,False,,True,,False,False,True,,True,True,6,8,True,False,True,,True,,True,False,True,True,True,,True,29851013120.0,8.17,1.87,6.47,5.33,22.84,17.35,79.28,8.13,,,,,0.63,43.58,0.3,7.48,6.06,,71.59,28.18,43.07,55.45,8.1,-16.0,-8.6,0.74,0.49,46.56999969482422,17.74536434631083,32.91765086240659,75.52662129209557,56.51525123994185,103.85643078485789,48.587551893870064,61.394920867538694,,43.69429709867076,40.75260137813832,36.677341240324495,4,True,4.3,-21.242556408260384,-6.175010983461671,2026-11-05,2026-06-23,última,,,False,False,,,Em Baixa,54.70000076293945,-14.862890228008007,-16.165615959622304,True,False,False,sem sinal (Em Baixa; sem novo topo (-14.9%))
CURY3,BOVA11+SMALL11,BOVA11,Consumo discricionário,72.17,70.79,80.0,,,0.9,,90.6,40.17,56.88,86.01,6,Não,6,8,False,,True,,False,False,True,True,True,True,8,10,True,True,True,True,False,True,True,False,True,True,True,-0.21,True,9210622976.0,8.4,5.57,16.07,10.4,66.38,57.38,37.72,18.37,5.4,-0.2,1.94,0.71,1.0,87.35,33.5,6.22,16.14,0.91,70.61,24.44,26.99,40.16,10.8,-25.6,-4.9,1.27,0.57,29.899999618530273,22.209165710791492,41.198002393518216,47.16368987446739,20.73457801907385,66.90224486279635,53.46995560933222,28.295108081814845,23.495571783086064,37.93353954186006,34.74655523766653,31.271899713899874,8,True,3.2,4.588294691881467,26.86802684221796,n/d,2026-05-18,última,,,False,False,,,Lateral,32.31999969482422,-7.48762406913478,-25.711389178797507,True,False,False,sem sinal (Lateral)
POMO4,BOVA11+SMALL11,BOVA11,Bens Industriais,72.13,72.51,70.0,,,0.7,,81.07,70.15,52.23,80.42,7,Não,5,8,False,,True,,False,False,True,True,False,True,7,10,True,True,True,False,False,True,True,False,True,True,True,0.44,True,5549059072.0,4.63,1.31,21.22,9.48,28.32,24.74,18.39,13.19,4.83,1.29,1.94,0.81,0.31,43.87,-14.0,4.57,8.72,1.02,59.93,39.42,4.05,7.92,10.4,-43.6,-22.5,0.98,0.49,4.46999979019165,3.0252751333729315,5.611885372406788,12.792116030246081,8.609394696936603,23.629340976262593,11.575137762178509,11.681856903092651,5.044964600842438,11.277813763137951,11.575137762178509,10.417623985960658,7,True,7.8,133.05647594927527,152.30009602873866,n/d,2026-08-26,próxima,,,False,False,,,Em Baixa,5.369999885559082,-16.75977866941296,-43.78031869667932,True,False,False,sem sinal (Em Baixa; sem novo topo (-16.8%))
VTRU3,SMALL11,SMALL11,Consumo discricionário,70.75,72.21,62.5,,,0.9,P/L=1.74<2,86.97,90.24,49.07,6.99,8,Rompimento,8,8,True,,True,,,,True,True,True,True,5,8,True,True,True,True,True,True,True,True,True,False,True,0.44,True,2018663680.0,1.74,0.47,0.2,0.21,27.23,9.79,15.07,48.63,2.78,2.49,2.13,0.76,,0.36,1514.7,4.01,6.01,0.37,51.99,48.01,10.08,16.86,34.1,-19.8,1.4,1.16,0.52,13.520000457763672,0.1990986372966361,0.36932797218526,102.95402647434977,70.91602954133734,233.10345616833916,0.39176666666666665,94.01839398789681,79.33990114175259,,,,4,False,1170.8,,,n/d,n/d,,,Rompimento,False,False,,,Em Alta,13.15999984741211,2.7355669796786275,-22.065498789947924,False,True,False,"Rompimento (vol x1.1, +2.7% do topo, MM50>MM200)"
LEVE3,SMALL11,SMALL11,Consumo discricionário,70.5,70.59,70.0,,,0.9,,86.35,57.74,36.82,99.3,9,Pivô de alta,6,8,False,,True,,True,False,True,False,True,True,7,10,True,True,True,False,False,True,True,True,True,True,True,0.96,True,4367067136.0,6.2,4.48,8.94,19.55,72.29,64.73,34.45,12.31,5.1,1.09,1.37,1.44,0.18,121.21,35.0,6.32,13.84,0.81,77.23,22.71,24.26,35.6,32.8,-9.5,-2.2,0.65,0.46,32.220001220703125,44.9939175324955,83.46371702277915,68.85726067327683,28.998929079211273,155.90323171307963,98.51666666666667,62.88097012427546,24.981848587096945,77.65924183025493,68.85726067327683,61.971534605949145,7,True,6.2,92.33870967741933,141.02805365616993,n/d,2026-04-30,última,"A Metal Leve (LEVE3) apresenta uma notável eficiência operacional no setor de consumo discricionário, evidenciada por um ROE de 72,3% e um ROIC de 34,4% que se posicionam muito acima das médias setoriais de 12,5% e 13,1%, respectivamente. Essa alta rentabilidade convive com múltiplos de preço atrativos, uma vez que o P/L de 6,2 indica um papel descontado, embora o P/VP de 4,48 reflita o forte prêmio sobre o valor patrimonial demandado pelo mercado diante de tamanha geração de valor. A saúde financeira da companhia é robusta, visto que a relação Dívida Líquida/EBITDA de 1,09 está confortavelmente abaixo do limite prudencial e da média dos pares de 2,7, sugerindo que o endividamento é controlado e não ameaça a operação. Esse balanço equilibrado sustenta um expressivo Dividend Yield de 8,94%, o qual se mostra coerente com a forte conversão de lucro em caixa e com a estrutura de capital desalavancada da empresa. Por outro lado, o crescimento da receita nos últimos cinco anos, com CAGR de 35,0%, ficou abaixo da média do setor de 75,2%, sinalizando que a empresa prioriza a rentabilidade em detrimento de uma expansão acelerada. No checklist de critérios fundamentalistas, a companhia atende a 6 de 8 requisitos, falhando apenas na margem líquida de 12,31% (abaixo do sarrafo de 15%) e no avanço de receita frente aos pares, mas validando sua solidez pelo tamanho de mercado e governança. Sob a ótica do valuation, as estimativas de preço-teto revelam uma dispersão acentuada entre os métodos, variando desde os conservadores R$ 29,0 por Graham até os otimistas R$ 155,9 por Lynch. Tomando a média de R$ 77,66 e o preço-teto ajustado com margem de segurança de R$ 61,97 como referências, o papel demonstra um potencial de valorização expressivo de 92,3% frente à cotação atual de R$ 32,22. Como prós, destacam-se o excepcional retorno sobre o capital, o endividamento sob controle e o consistente retorno em proventos; como contras, pesam o crescimento inferior ao do setor e a margem líquida que não atinge patamares mais elevados.",Pivô de alta,False,False,,,Em Alta,34.0,-5.23529052734375,-11.019049888572063,True,True,True,Pivô de alta
MILS3,SMALL11,SMALL11,Bens Industriais,70.45,68.76,80.0,,,0.7,,85.44,53.13,57.86,54.55,10,Não,6,8,False,,True,,False,True,True,True,True,True,8,10,True,True,True,True,False,True,True,False,True,True,True,0.65,True,3565582336.0,8.17,1.94,5.41,5.72,23.81,18.37,20.65,23.53,4.86,1.28,2.98,0.99,0.64,46.7,21.3,8.36,11.12,0.54,61.6,38.32,10.3,15.81,52.0,-1.0,7.9,0.75,0.48,15.649999618530273,6.389485057614434,11.852494781874773,25.380966333601723,18.646344215202816,35.25934212752917,12.30058298085038,20.398068615455255,17.506245854909462,20.19200641563194,18.646344215202816,16.781709793682534,7,True,5.5,7.231375097365933,29.022408356634944,n/d,2026-04-22,última,,,False,False,,,Em Alta,15.8100004196167,-1.0120227504099244,-1.8193222677992948,True,False,False,sem sinal (Em Alta)
RIAA3,SMALL11,SMALL11,Consumo discricionário,70.39,70.46,70.0,,,0.9,,66.53,93.81,39.18,92.31,11,Não,4,8,False,,False,,False,False,True,True,True,True,7,10,True,True,False,False,False,True,True,False,True,False,True,0.47,True,3424070144.0,2.15,0.61,49.43,13.13,28.35,8.06,8.96,14.35,2.45,2.11,1.61,0.68,0.14,28.24,16.6,5.11,4.35,1.05,64.01,35.99,5.72,10.43,19.2,-34.6,-21.0,1.63,0.61,6.820000171661377,6.3976397676328585,11.867621768958951,42.03023361605267,28.248246686408304,89.24044619617707,51.88018214566937,38.38232654748962,42.36381539797177,,,,6,False,13.9,,,n/d,n/d,,,,False,False,,,Em Baixa,8.079999923706055,-15.594056484430673,-37.04690147032207,False,False,False,sem sinal (Em Baixa; sem novo topo (-15.6%))
BRSR6,SMALL11,SMALL11,Produtos financeiros,69.75,71.03,62.5,17.35,,0.4,,47.78,91.71,90.71,84.62,12,Não,2,6,False,,True,,False,False,True,,False,True,5,8,False,False,False,,False,,True,True,True,False,True,,True,5463898624.0,3.51,0.46,12.09,10.16,13.26,9.63,0.0,22.38,,,,,0.41,35.67,-29.2,4.11,1.0,,93.0,6.99,10.04,18.55,33.1,-28.0,-9.1,1.08,0.64,13.359999656677246,9.696598453261945,17.987190130800908,50.43304713702948,49.872970019908486,71.14623571205043,34.01564310750613,30.578103101173607,,34.14529345844551,34.01564310750613,30.614078796755518,3,True,5.2,129.14730227148462,155.5785504184493,n/d,n/d,,,,False,False,,,Em Baixa,14.380000114440918,-7.093188106023385,-28.26449531219547,False,False,False,sem sinal (Em Baixa; sem novo topo (-7.1%))
PETR4,BOVA11,BOVA11,Energia,69.35,74.53,40.0,,,0.9,DY5a=39.1%>=20,87.34,82.18,36.18,,13,Não,7,8,False,,True,,False,False,True,True,True,False,4,10,True,True,True,True,True,True,True,False,True,True,True,0.66,True,605292396544.0,4.28,1.19,6.7,39.11,27.73,30.77,19.69,24.32,2.74,1.29,0.85,0.76,0.29,167.39,96.8,4.48,10.07,0.28,65.87,33.99,27.61,48.52,60.4,-8.7,3.5,0.34,0.24,44.29999923706055,123.7530404705617,229.56189007289197,137.14368922688132,93.11070448923404,310.5140133438823,56.42283333333334,125.2406520486992,59.54352921514344,141.9112940250784,124.49684625963044,112.0471616336674,8,True,5.5,152.92813445452805,220.34152701826252,n/d,2026-08-24,próxima,,,False,False,,,Em Alta,44.31999969482422,-0.045127386961618665,-9.882293313609647,True,False,False,sem sinal (Em Alta)
PLPL3,SMALL11,SMALL11,Consumo discricionário,69.24,72.64,50.0,,,0.9,,79.63,82.59,51.08,59.44,14,Não,5,8,False,,True,,False,False,True,False,False,True,5,10,True,True,True,False,False,True,True,False,True,True,True,0.44,True,1401043456.0,4.49,1.23,7.32,6.32,27.32,38.02,24.26,9.85,1.88,0.9,2.87,1.28,0.3,28.38,-37.9,2.72,8.79,1.2,73.04,24.14,6.46,17.36,6.8,-60.3,-26.2,1.47,0.51,6.900000095367432,3.115400815124412,5.779068512055784,20.3619156489128,13.927226209596606,32.765169898051944,10.95072400487419,18.594655045422257,23.285224216385696,,,,6,False,10.5,,,n/d,2025-12-30,última,,,False,False,,,Em Baixa,7.5,-7.999998728434243,-60.30064258156551,True,False,False,sem sinal (Em Baixa; sem novo topo (-8.0%))
ABCB10,SMALL11,SMALL11,Produtos financeiros,69.08,72.45,50.0,,,0.4,,78.69,61.22,,,15,Não,1,3,False,,,,,,True,,False,,1,2,True,False,,,False,,,,True,True,True,,True,,,0.92,,,14.9,,,40.92,,,,,,,-2.9,,1.54,,,,,,,,,,,,,,,,,,,,,,,0,True,,,,n/d,n/d,,,,False,False,,,,,,,False,False,False,histórico insuficiente
CXSE3,BOVA11,BOVA11,Insurance,68.94,65.67,87.5,,1.6,0.3,,64.66,33.84,100.0,81.12,16,Não,4,6,False,,True,,True,True,True,,True,True,7,8,True,False,False,,True,,True,True,True,True,True,,True,54749999104.0,12.06,3.95,7.44,9.63,32.79,28.44,-1.21,75.43,,,,,0.94,116.08,12.8,10.62,20.76,,8.23,91.77,12.48,22.04,46.2,-17.2,-2.4,0.69,0.54,18.25,12.546896510235,23.274493026485924,20.05078772802653,12.542436938367238,33.935037408233,22.898448930232796,16.21789860222696,,19.692656548745063,21.47461832912966,19.327156496216695,4,True,1.9,5.902227376529834,7.90496739038391,2026-11-09,2026-11-04,próxima,,,False,False,,,Em Baixa,19.892946243286133,-8.258938737345789,-17.579574341795134,True,False,False,sem sinal (Em Baixa; sem novo topo (-8.3%))
VLID3,SMALL11,SMALL11,Bens Industriais,68.29,67.99,70.0,,,0.7,,64.39,73.89,66.71,72.03,17,Não,4,8,False,,True,,False,False,True,True,False,True,7,10,True,False,True,False,False,True,True,False,True,True,True,0.1,True,1355259392.0,6.02,0.79,11.21,8.58,13.18,13.73,15.68,11.15,3.14,0.46,2.3,0.41,0.94,51.65,-32.9,9.96,7.53,1.13,45.32,54.23,16.3,22.63,6.3,-23.4,-3.1,0.94,0.52,17.329999923706055,10.621208270999878,19.702341342704774,38.143272257326444,37.694503611639405,43.04399147982015,34.56298315938568,19.22054616509698,31.18239325432511,31.935718752899792,34.56298315938568,31.106684843447113,7,True,4.1,79.4961626104548,84.27997053372331,2026-11-04,2026-08-13,última,,,False,False,,,Em Baixa,18.46053695678711,-6.124074482380681,-24.097224567711105,True,False,False,sem sinal (Em Baixa; sem novo topo (-6.1%))
PETR3,BOVA11,BOVA11,Energia,68.29,73.28,40.0,,,0.9,DY5a=37.2%>=20,87.34,77.65,36.18,,18,Não,7,8,False,,True,,False,False,True,True,True,False,4,10,True,True,True,True,True,True,True,False,True,True,True,0.7,True,635930083328.0,4.77,1.32,6.01,37.2,27.73,30.77,19.69,24.32,2.95,1.29,0.85,0.76,0.32,177.45,96.8,3.34,10.07,0.28,65.87,33.99,29.5,53.92,67.3,-8.5,3.5,0.38,0.23,49.34000015258789,131.10612535333445,243.2018625304354,137.0555559794108,93.27048829872966,310.3144663684773,56.42283333333334,125.16016810195254,57.94369867879904,144.30939983055907,128.1331467276435,115.31983205487914,8,True,5.5,133.72483116790303,192.47952854533997,2026-08-06,2026-08-24,próxima,,,False,False,,,Em Alta,49.40999984741211,-0.14167110916897263,-9.654870529779725,True,False,False,sem sinal (Em Alta)
LAVV3,SMALL11,SMALL11,Imobiliário,67.25,65.0,80.0,,,0.8,,67.2,57.12,55.2,94.41,19,Não,5,8,False,,True,,True,False,True,True,False,True,8,10,True,True,False,True,False,True,True,False,True,True,True,0.37,True,1903530496.0,5.2,1.29,25.3,14.02,24.9,19.67,8.69,19.91,6.7,1.5,4.12,0.86,0.77,72.89,-30.3,2.78,4.85,1.47,60.31,33.37,9.22,18.94,5.6,-48.6,-16.7,1.45,0.71,9.739999771118164,9.75233354820212,18.09057873191493,24.818268647560703,17.83830884152823,38.899262169365855,24.404075191027886,12.95080680180632,9.739999771118164,19.561704212815528,17.96444378672158,16.167999408049425,8,True,4.0,65.99589104706229,100.83885700717855,n/d,2026-02-03,última,,,False,False,,,Em Baixa,10.569999694824219,-7.852411993090957,-48.68282399352185,True,False,False,sem sinal (Em Baixa; sem novo topo (-7.9%))
TGMA3,SMALL11,SMALL11,Bens Industriais,67.03,66.51,70.0,,,0.7,,79.41,33.59,70.28,83.22,20,Rompimento,6,8,False,,True,,False,False,True,True,True,True,7,10,True,True,True,False,False,True,True,True,True,True,True,0.03,True,2266940672.0,8.78,2.24,10.74,10.07,25.55,24.91,27.01,10.14,6.07,0.07,2.22,0.23,2.96,88.4,23.5,6.77,14.79,1.33,34.75,65.25,26.65,39.14,29.0,-12.2,12.3,0.9,0.5,34.380001068115234,24.723934511669995,32.29620111562688,36.53567964061546,36.772730404684545,51.03220270434461,48.754387767311925,17.757691326539604,29.87886485974148,34.718961541316816,34.41594037812117,30.974346340309054,8,True,2.9,-9.905918039556605,0.9859233934577771,n/d,2026-08-07,última,"A Tegma (TGMA3) apresenta-se como um ativo de alta qualidade operacional no setor de Bens Industriais, evidenciado por um ROE de 25,6% e um ROIC de 27,0% que se posicionam significativamente acima das médias setoriais de 14,5% e 12,6%, respectivamente. Essa sólida rentabilidade convive com múltiplos de preço que sugerem um valuation misto, onde o P/L de 8,78 indica atratividade, enquanto o P/VP de 2,24 reflete um prêmio patrimonial exigido pelo mercado diante da eficiência da empresa. No âmbito financeiro, a excelente rentabilidade é acompanhada por um endividamento extremamente controlado, visto que a relação Dívida Líquida/EBITDA de 0,07 está muito abaixo dos pares do setor, que registram 2,39, garantindo robustez ao balanço. Essa estrutura de capital desalavancada e a forte geração de caixa sustentam um expressivo Dividend Yield de 10,74%, patamar plenamente coerente com o lucro reportado e com a saúde financeira da companhia. Por outro lado, o crescimento da receita nos últimos cinco anos, com CAGR de 23,5%, ficou ligeiramente abaixo da média setorial de 26,9%, sugerindo que a empresa prioriza a rentabilidade em detrimento de uma expansão agressiva. No checklist de critérios fundamentalistas, a TGMA3 atende a 6 dos 8 requisitos avaliados, falhando apenas na margem líquida de 10,14% (abaixo do sarrafo de 15%) e no crescimento frente aos pares, mas validando sua solidez em governança, liquidez e retorno sobre o capital. Sob a ótica de valuation, a análise dos preços-teto revela uma dispersão relevante entre os métodos, variando desde os conservadores R$ 24,72 por Bazin até os otimistas R$ 51,03 por Lynch, resultando em uma média de R$ 34,72 e mediana de R$ 34,42, valores muito próximos ao preço atual de R$ 34,38. Contudo, ao aplicar uma margem de segurança, o preço-teto ajustado recua para R$ 30,97, o que gera um upside negativo de 9,9% em relação à cotação de tela atual. Em suma, os principais prós do ativo residem em sua excepcional eficiência operacional, endividamento quase nulo e proventos robustos, enquanto os contras concentram-se no crescimento abaixo da média do setor e na escassa margem de segurança para novos aportes no preço atual.",Rompimento,False,False,,,Em Alta,34.06999969482422,0.9098954390014624,-13.041503615777927,True,True,True,"Rompimento (vol x0.9, +0.9% do topo, MM50>MM200)"
DIRR3,BOVA11+SMALL11,BOVA11,Consumo discricionário,67.03,66.5,70.0,,,0.9,,72.59,55.52,54.33,90.91,21,Não,5,8,False,,True,,False,False,True,False,True,True,7,10,True,True,False,True,False,True,True,False,True,True,True,0.31,True,5449639424.0,6.33,2.33,14.89,12.12,36.78,26.14,9.99,17.73,4.67,0.6,4.18,1.16,0.74,76.72,8.6,4.56,5.44,1.01,82.45,14.5,10.3,16.95,1.7,-38.2,-18.5,1.47,0.64,10.479999542236328,9.072864373541757,16.83016341291996,21.936807888567348,12.944125267918244,34.24164095307264,25.662287178543483,13.333011280853677,9.271136623344685,17.911504622345227,15.081587346886817,13.573428612198136,8,True,3.8,29.517454246965546,70.91131111369388,n/d,2025-12-17,última,,,False,False,,,Em Baixa,11.8100004196167,-11.261649704696087,-39.274102934879096,True,False,False,sem sinal (Em Baixa; sem novo topo (-11.3%))
INTB3,SMALL11,SMALL11,Tecnologia de informação,66.74,67.93,60.0,,,0.5,,72.67,59.65,78.51,46.15,22,Fundo duplo,5,8,False,,True,,False,False,True,True,True,True,6,10,True,True,True,False,False,True,True,False,True,True,True,-0.17,True,4600588288.0,7.15,1.29,9.23,4.3,18.07,19.14,17.52,13.1,5.56,-1.0,2.64,0.26,0.57,30.75,14.3,7.08,5.97,1.67,43.4,56.17,9.95,15.13,41.3,-7.1,2.4,1.03,0.48,14.0600004196167,4.318536249938639,8.010884743636174,26.055245532856116,21.959817000425986,33.06429777555064,16.807065372868355,20.72133831906964,14.317180125246278,20.133689838521885,20.72133831906964,18.649204487162677,7,True,7.7,32.64014175378729,43.198358731420036,n/d,n/d,,,Fundo duplo,False,False,,,Lateral,15.130000114440918,-7.07204022954997,-10.211677064666846,False,True,False,Fundo duplo — rompeu pescoço ~R$13.81 (candidato)
LREN3,BOVA11+SMALL11,BOVA11,Consumo discricionário,66.67,66.08,70.0,,,0.9,,69.79,74.19,56.53,48.25,23,Não,6,8,False,,True,,False,False,True,True,True,True,7,10,True,True,True,False,False,True,True,True,True,True,True,0.13,True,10560473088.0,7.08,1.02,8.68,4.36,14.41,11.89,23.53,9.35,1.89,0.59,1.69,0.32,0.71,30.88,3.2,6.42,6.22,1.29,46.72,53.28,10.5,16.05,4.7,-31.5,-21.4,1.46,0.67,10.989999771118164,3.4243623077596954,6.352192080894234,20.56744307447961,19.398682176069965,22.231093882931308,15.94686731002279,13.86431223169872,30.50610064990111,,,,6,False,8.9,,,2026-11-05,2026-06-24,última,,,False,False,,,Em Baixa,13.850000381469727,-20.649823332698467,-33.44154600225495,True,False,False,sem sinal (Em Baixa; sem novo topo (-20.6%))
CEAB3,BOVA11+SMALL11,BOVA11,Consumo discricionário,65.96,65.83,66.66666666666667,,,0.9,,61.92,91.78,44.01,62.24,24,Não,5,8,False,,False,,False,,True,True,False,True,6,9,True,True,True,False,False,True,True,False,False,False,True,0.51,True,2292100096.0,3.99,0.59,7.16,6.49,14.79,7.33,14.93,7.02,1.8,1.94,1.67,0.72,0.36,25.88,-9.5,4.11,5.91,0.81,60.22,39.78,7.28,17.96,4.9,-57.5,-28.7,1.72,0.58,7.639999866485596,3.5399884803831614,6.566678631110765,25.37092687492083,23.619579216494916,33.41081081760289,9.631497258868983,18.308804218600585,,,,,5,False,9.4,,,n/d,n/d,,,,False,False,,,Em Baixa,9.779999732971191,-21.881389825308894,-57.72948569142218,False,False,False,sem sinal (Em Baixa; sem novo topo (-21.9%))
GRND3,SMALL11,SMALL11,Consumo discricionário,65.92,65.2,70.0,,,0.9,,63.39,52.42,67.84,100.0,25,Não,5,8,False,,True,,False,False,True,True,False,True,7,10,True,True,False,True,False,True,True,False,True,True,True,-0.31,True,3238754304.0,5.53,1.0,43.32,19.56,18.04,16.72,7.81,24.95,8.46,-3.59,2.05,0.02,,108.15,-24.5,4.79,2.66,2.01,29.93,70.07,3.43,4.92,4.7,-27.1,-9.9,0.76,0.47,3.5899999141693115,5.015081655761661,7.30195889078898,6.751536909106843,7.2414099030572965,,5.269110193822403,1.7342546730810162,2.3204007543022014,5.64991638447323,6.010323551464623,5.4092911963181605,6,True,4.2,50.676638597352564,57.379290238243975,n/d,n/d,,,,False,False,,,Em Baixa,3.75,-4.266668955485031,-27.798860122580273,False,False,False,sem sinal (Em Baixa; sem novo topo (-4.3%))
ALPA4,SMALL11,SMALL11,Consumo discricionário,64.92,64.02,70.0,,,0.9,,76.25,42.78,58.01,74.13,26,Pivô de alta,6,8,False,,False,,False,False,True,True,True,True,7,10,True,True,True,False,True,True,True,False,True,False,True,0.19,True,8720960512.0,12.38,2.4,14.12,8.78,19.37,-7.05,17.96,14.52,7.94,0.82,1.91,0.39,0.13,108.66,92.8,10.45,7.61,0.98,45.48,54.52,7.74,16.06,65.9,-20.0,5.2,1.11,0.47,12.84000015258789,8.050127617618244,14.93298673068184,13.742326496105777,11.173528594624427,31.11470150061686,10.329989999999999,12.549596271915467,6.090991498013061,10.981363886994115,11.173528594624427,10.056175735161984,7,True,5.1,-21.680875267472864,-14.475360151916883,n/d,n/d,,,Pivô de alta,False,False,,,Em Alta,13.529999732971191,-5.099775269779528,-20.838466731522796,False,True,False,Pivô de alta
MULT3,BOVA11+SMALL11,BOVA11,Imobiliário,63.51,62.37,70.0,,,0.8,,87.22,41.36,43.94,39.86,27,Não,7,8,False,,True,,False,False,True,True,True,True,7,10,True,True,True,True,True,True,True,False,True,True,True,0.74,True,13189512192.0,9.75,2.0,4.26,3.71,20.52,17.07,18.7,43.42,7.33,2.13,1.64,0.75,0.74,36.16,62.0,10.15,10.89,0.29,52.11,47.88,25.22,35.12,6.5,-23.5,-9.2,1.26,0.8,26.860000610351562,7.115263313508855,13.198813446558924,36.5020521115034,28.8522689306715,46.306030415878745,26.534316135765106,30.04410983359161,23.60685001019035,29.29206298345138,28.8522689306715,25.96704203760435,7,True,6.5,-3.3244920046765603,9.054587929393154,2026-10-29,2026-07-01,última,,,False,False,,,Em Baixa,29.06999969482422,-7.60233611170672,-23.86225492369548,True,False,False,sem sinal (Em Baixa; sem novo topo (-7.6%))
SEER3,SMALL11,SMALL11,Consumo discricionário,62.49,62.93,60.0,,,0.9,,70.66,84.45,39.63,20.98,28,Não,5,8,False,,False,,False,False,True,True,True,False,6,10,True,True,True,False,False,True,True,False,True,False,True,0.8,True,1421249280.0,4.86,0.87,4.65,2.42,17.83,-1.1,17.04,11.85,2.31,1.79,1.64,0.92,0.32,11.76,29.3,4.44,9.65,0.47,59.3,40.7,7.9,13.75,40.5,-19.3,-7.2,1.44,0.48,11.100000381469727,1.917937792372778,3.5577746048515033,30.262346719027537,25.605690501551393,39.784184118367236,9.158754146,27.635803418885533,51.60773080220005,,,,5,False,26.9,,,n/d,n/d,,,,False,False,,,Em Baixa,12.350000381469727,-10.121457177244576,-21.443734666884527,False,False,False,sem sinal (Em Baixa; sem novo topo (-10.1%))
VIVA3,BOVA11+SMALL11,BOVA11,Consumo discricionário,62.39,62.81,60.0,,,0.9,,77.03,53.17,65.87,16.78,29,Não,6,8,False,,True,,False,False,True,True,True,True,6,10,True,True,True,True,False,True,True,False,True,True,True,0.28,True,5060106752.0,8.58,1.58,3.28,1.97,18.4,21.98,17.32,18.56,5.67,1.1,4.19,0.4,0.57,16.91,0.4,6.74,10.38,1.73,37.54,62.46,20.42,35.35,5.4,-39.1,-7.3,1.13,0.52,21.520000457763672,3.029635325442645,5.619973528696106,33.23310094001965,27.72434840540565,42.56583932664943,10.853405399094557,30.348718594282108,14.594775249278088,,,,6,False,14.0,,,n/d,2025-12-22,última,,,False,False,,,Em Baixa,22.84000015258789,-5.779333126119335,-40.04150742438293,True,False,False,sem sinal (Em Baixa; sem novo topo (-5.8%))
ABCB4,SMALL11,SMALL11,Produtos financeiros,62.02,66.35,37.5,16.87,,0.4,,52.81,70.24,83.86,82.52,30,Não,2,6,False,,True,,False,False,True,,False,True,3,8,True,False,False,,False,,True,False,True,True,True,,True,5860093440.0,5.7,0.8,11.69,10.05,14.05,14.98,0.0,40.92,,,,,0.95,57.27,-2.9,4.76,1.54,,89.78,10.19,18.99,26.85,19.7,-15.3,-4.1,0.91,0.69,22.739999771118164,16.32028063824361,30.274120583941894,52.86052578373959,50.51255004248949,64.03501249678898,45.878398534805285,25.71195042164339,,36.333331385182596,38.07625955937359,34.26863360343623,4,True,3.2,50.69759871748312,59.77718448057849,n/d,n/d,,,,False,False,,,Em Baixa,24.15999984741211,-5.877483796615368,-16.78982394266102,False,False,False,sem sinal (Em Baixa; sem novo topo (-5.9%))
TOTS3,BOVA11+SMALL11+Wishlist,BOVA11,Tecnologia de informação,61.58,58.33,80.0,,,0.5,,86.79,32.03,49.34,13.99,31,Pivô de alta,6,8,False,,True,,False,False,True,True,True,True,8,10,True,True,True,True,True,False,True,False,True,True,True,0.55,True,18349213696.0,12.72,3.32,2.25,1.39,26.12,14.98,23.37,21.63,7.35,2.09,1.84,0.92,0.85,17.67,269.5,15.21,7.39,1.0,42.41,54.01,27.05,47.43,19.0,-32.1,3.2,0.97,0.44,32.18000030517578,3.1922744860281504,5.921669171582219,33.52083365122477,23.48900960171649,41.461623221857764,10.59424454785779,30.611478277722245,21.97205229504999,,,,6,False,13.0,,,2026-11-04,2026-06-16,última,"A TOTVS (TOTS3) apresenta uma sólida combinação de eficiência operacional e dominância de mercado, evidenciada por um ROE de 26,1% e um ROIC de 23,4% que se posicionam muito acima dos pares do setor (9,1% e 13,4%, respectivamente), sugerindo uma alta capacidade de gerar valor sobre o capital empregado. Essa qualidade superior convive com múltiplos de preço que demandam atenção, pois o P/L de 12,72 e o P/VP de 3,32 indicam que o mercado cobra um prêmio pelo papel, embora o PEG de 0,85 sinalize que esse preço está atrativo quando ajustado ao forte ritmo de crescimento. No âmbito financeiro, a excelente rentabilidade traduzida em uma margem líquida de 21,63% suporta uma estrutura de capital cuja relação Dívida Líquida/EBITDA de 2,09 está acima da média setorial de 1,16, mas ainda em patamar controlado e respaldado por uma confortável liquidez corrente de 1,84. Essa alavancagem moderada e o foco na reinvestimento explicam o modesto dividend yield de 2,25%, demonstrando que a companhia prioriza a retenção de lucros para sustentar sua expansão em vez de focar em proventos imediatos. O impressionante crescimento histórico, com um CAGR de receita de cinco anos de 269,5% — patamar que pulveriza a média setorial de 85,6% —, valida o sucesso da estratégia de escala da empresa. No checklist de critérios fundamentalistas, a TOTS3 atende a robustos 6 de 8 requisitos, falhando apenas no nível de endividamento comparado aos pares e nas transações de insiders, o que reforça a solidez do modelo de negócios. Sob a ótica do valuation, os métodos de preço-teto revelam uma enorme dispersão: enquanto os modelos focados em dividendos, como Bazin (R$ 3,19) e Gordon (R$ 5,92), mostram-se severos devido ao baixo payout atual, as metodologias de fluxo de caixa descontado (DCF a R$ 33,52) e de crescimento de Lynch (R$ 41,46) situam-se acima do preço atual de R$ 32,18, indicando potencial de valorização para quem foca em expansão. Em suma, os principais prós do ativo residem em sua rentabilidade excepcional, crescimento exponencial de receita acima dos pares e forte sinalização gráfica de alta, ao passo que os contras concentram-se no endividamento superior à média do setor, na baixa distribuição de dividendos e no prêmio implícito em seus múltiplos patrimoniais.",Pivô de alta,True,False,,,Em Alta,32.5099983215332,-1.0150662362195417,-32.51372400611565,True,True,True,Pivô de alta
TEND3,SMALL11,SMALL11,Consumo discricionário,61.53,63.56,50.0,,,0.9,,77.57,58.71,52.73,34.27,32,Não,5,8,False,,False,,False,False,True,True,False,False,5,10,True,True,True,False,False,True,True,False,True,False,True,0.24,True,3819112192.0,6.54,2.46,4.73,3.32,37.61,-8.65,14.39,12.08,4.5,0.47,1.96,0.79,0.44,21.73,-11.5,4.57,7.18,0.76,81.81,18.11,19.56,36.71,59.2,-15.2,-1.8,1.58,0.56,31.139999389648438,7.388909086559378,13.706426355567647,63.08944830471585,36.825905219538804,87.23925352546755,22.514801130999526,57.613760338646195,28.82124132380147,,,,6,False,11.8,,,n/d,n/d,,,,False,False,,,Em Alta,33.66999816894531,-7.5141042972504675,-16.36230233950623,False,False,False,sem sinal (Em Alta)
BBSE3,BOVA11,BOVA11,Insurance,61.06,58.6,75.0,,1.3,0.3,,68.14,26.33,61.0,91.61,33,Não,5,6,False,,True,,True,False,True,,False,True,6,8,True,True,False,,True,,True,True,True,True,True,,True,72195031040.0,7.72,6.52,12.73,12.83,84.38,83.67,0.0,87.93,,,,,9.49,99.04,-0.1,8.44,28.81,,55.04,44.96,28.02,40.52,32.7,-8.2,4.6,0.54,0.51,37.189998626708984,34.07781573769075,36.47552988465859,36.83076043052749,24.86480017227288,65.71970677121298,59.988433799542065,15.33357743305459,,41.843134963104724,36.653145157593045,32.98783064183374,4,True,1.8,-11.299188330319932,12.511794859422132,2026-11-03,2026-08-07,última,,,False,False,,,Em Baixa,40.03296661376953,-7.101567102155992,-8.771315245517197,True,False,False,sem sinal (Em Baixa; sem novo topo (-7.1%))
BBDC3,BOVA11,BOVA11,Produtos financeiros,61.05,60.79,62.5,15.65,,0.4,,50.46,69.81,66.43,73.43,34,Não,3,6,False,,True,,False,False,True,,True,True,5,8,True,False,False,,True,,True,False,True,True,True,,True,156077703168.0,5.96,0.84,10.15,8.7,14.13,11.35,0.0,26.07,,,,,0.88,51.85,17.8,,1.07,,92.32,7.66,12.38,17.96,15.7,-20.2,-8.6,1.16,0.84,14.329999923706055,8.905449496177322,16.51960881540893,31.857801843809597,30.379083965285727,37.27572166378435,25.63467230218718,16.704550204215266,,20.72938311439576,21.077140558798057,18.969426502918253,4,True,3.6,32.37562179981046,44.657245113471575,2026-11-04,2026-09-02,próxima,,,False,False,,,Em Baixa,16.13422966003418,-11.182620889532469,-21.221336310040428,True,False,False,sem sinal (Em Baixa; sem novo topo (-11.2%))
CYRE3,BOVA11+SMALL11,BOVA11,Consumo discricionário,60.94,59.34,70.0,,,0.9,,61.37,62.86,46.1,67.83,35,Rompimento,4,8,False,,True,,False,False,True,True,False,True,7,10,True,True,False,True,False,False,True,False,True,True,False,0.53,True,8465445888.0,5.02,0.92,10.24,7.26,18.26,15.44,7.03,20.56,8.23,3.08,3.37,0.73,0.43,36.46,-2.0,4.31,3.68,1.17,56.08,39.17,19.83,35.31,16.5,-34.5,0.8,1.71,0.67,23.110000610351562,11.99003828092908,22.24152101112344,60.997511571147044,51.0088395859471,86.84849623385733,30.736563983662293,45.8702401286791,5.03396114748904,,,,6,False,17.3,,,n/d,n/d,,,Rompimento,False,False,,,Lateral,22.56999969482422,2.3925605796582206,-35.832554413498805,False,True,False,"Rompimento (vol x1.4, +2.4% do topo, MM50>MM200)"
ITSA4,BOVA11,BOVA11,Financial Services,60.8,59.76,66.66666666666667,,,0.4,,61.32,48.98,,79.72,36,Não,5,6,False,,True,,False,False,True,,True,True,6,9,True,True,True,,True,,True,False,True,True,True,,True,140091883520.0,7.53,1.46,9.24,9.4,19.36,17.48,0.38,214.29,,,,,1.33,70.77,28.4,6.58,0.38,0.64,16.02,79.82,9.45,14.81,32.3,-15.6,-6.3,1.24,0.88,12.5,8.391835685847672,14.881013782675026,21.02628507895262,17.88246386213305,24.995233311642533,17.469252451777415,10.3387401220475,,15.442096749813183,16.17513311722622,14.557619805503599,4,True,2.5,16.460958444028794,23.536773998505467,n/d,2026-09-01,próxima,,,False,False,,,Em Baixa,13.880000114440918,-9.9423638549192,-16.945172921251373,True,False,False,sem sinal (Em Baixa; sem novo topo (-9.9%))
ITUB4,BOVA11,BOVA11,Produtos financeiros,60.43,57.86,75.0,15.95,,0.4,,58.96,41.9,70.71,67.13,37,Não,4,6,False,,True,,False,False,True,,True,True,6,8,True,True,False,,True,,True,False,True,True,True,,True,425444245504.0,8.87,1.99,8.3,7.16,22.45,19.06,0.0,32.58,,,,,1.08,63.48,8.1,7.57,1.58,,92.99,6.67,32.61,48.4,18.4,-20.3,-7.0,1.19,0.85,38.599998474121094,19.730618227369902,36.600296811771166,57.66065161015833,43.58029828433131,66.82529384792625,45.48023743158125,34.054943742260335,,39.86795102022016,41.04026712167621,36.93624040950859,4,True,2.9,-4.310254223786947,3.2848512855490064,n/d,2026-09-01,próxima,,,False,False,,,Em Baixa,43.16999816894531,-10.586054872968898,-20.737607480318754,True,False,False,sem sinal (Em Baixa; sem novo topo (-10.6%))
ABEV3,BOVA11,BOVA11,Bens de primeira necessidade,59.91,59.89,60.0,,,0.0,,81.47,18.59,66.34,53.15,38,Não,7,8,False,,True,,False,False,True,True,True,True,6,10,True,True,True,True,True,True,True,False,True,True,True,-0.17,True,231299973120.0,14.2,2.61,5.3,5.43,18.4,17.07,20.62,18.41,8.02,-0.57,1.02,0.03,3.37,77.12,24.6,13.51,10.3,0.81,38.81,60.59,11.06,16.9,35.6,-11.3,-4.9,0.67,0.46,15.0,5.819252144055765,8.67117510511481,11.243089300452024,11.687404959058608,10.18351704147437,14.956593192447151,5.616702340819755,10.514750329956534,9.836560551672378,10.349133685715453,9.314220317143908,8,True,2.7,-37.905197885707274,-34.422929655517486,2026-10-29,2026-09-22,próxima,,,False,False,,,Em Baixa,15.989999771118164,-6.191368263221275,-11.72672239831638,True,False,False,sem sinal (Em Baixa; sem novo topo (-6.2%))
EZTC3,SMALL11,SMALL11,Consumo discricionário,59.75,57.94,70.0,,,0.9,,52.18,61.84,68.1,53.85,39,Não,3,8,False,,True,,False,False,True,True,False,True,7,10,False,False,False,True,False,True,True,False,True,False,True,0.0,True,3125836544.0,5.49,0.56,9.52,5.69,10.15,7.87,5.14,36.95,9.3,0.07,3.06,0.34,0.79,31.24,-22.5,4.72,2.75,2.48,28.86,69.9,9.84,16.23,14.5,-30.5,-11.8,1.34,0.62,11.270000457763672,4.580215096963746,8.49629900486775,27.199910030121792,30.48842621207752,26.00763748087458,14.212598219320016,14.489936236669791,5.043724459114023,20.149134530655243,20.248786858772185,18.223908172894966,6,True,6.7,61.70281661648816,78.78556976255415,n/d,n/d,,,,False,False,,,Em Baixa,11.318214416503906,-0.4259855571381532,-31.462371034840398,False,False,False,sem sinal (Em Baixa; sem novo topo (-0.4%))
KEPL3,SMALL11,SMALL11,Bens Industriais,59.27,64.44,30.0,,,0.7,,64.82,49.98,65.31,97.2,40,Não,6,8,False,,True,,False,False,True,True,False,False,3,10,True,True,True,False,False,True,True,True,True,True,True,-0.02,True,1062069376.0,7.46,1.31,4.97,16.6,17.52,36.22,12.97,9.71,5.94,-0.07,2.04,0.43,,123.84,-56.2,11.1,6.76,1.34,48.81,51.19,5.69,10.45,7.7,-41.3,-11.2,1.03,0.5,6.130000114440918,7.268850450816938,10.583446256389463,8.545844663563747,9.301364850484774,,8.987435936460594,2.1951551539648637,5.461890715812575,8.358138812254682,8.76664030001217,7.889976270010954,6,True,4.8,28.71086660217057,36.34810205899939,n/d,n/d,,,,False,False,,,Em Baixa,6.380000114440918,-3.9184952275178375,-41.61904652913412,False,False,False,sem sinal (Em Baixa; sem novo topo (-3.9%))
ALUP11,SMALL11,SMALL11,Serviços públicos,59.09,57.17,70.0,,,0.1,,65.23,49.78,52.4,48.95,41,Não,7,8,False,,True,,False,False,True,False,True,True,7,10,True,True,True,True,True,False,True,True,True,True,True,0.85,True,15282828288.0,7.38,1.06,3.48,4.76,14.38,12.27,10.21,27.68,6.08,3.48,3.17,1.11,0.79,35.11,176.5,11.59,5.7,0.32,60.84,28.54,28.18,36.3,14.0,-11.5,-2.5,0.82,0.67,32.130001068115234,10.917683621088528,20.252303117119222,57.68597752744265,54.49051160973742,61.33718411108914,27.851754922074868,37.16691349922547,53.128066264667396,44.55895872162231,53.128066264667396,47.81525963820066,7,True,5.6,48.818107838941096,38.68334030602063,n/d,n/d,,,,False,False,,,Em Baixa,32.741859436035156,-1.8687343310945903,-12.27600833070024,False,False,False,sem sinal (Em Baixa; sem novo topo (-1.9%))
BBDC4,BOVA11,BOVA11,Produtos financeiros,59.05,58.44,62.5,15.65,,0.4,,50.46,61.27,66.43,71.33,42,Não,3,6,False,,True,,False,False,True,,True,True,5,8,True,False,False,,True,,True,False,True,True,True,,True,176572465152.0,6.74,0.95,9.88,8.33,14.13,11.35,0.0,26.07,,,,,1.09,56.14,17.8,5.4,1.07,,92.32,7.66,14.51,20.89,11.9,-22.3,-9.9,1.23,0.83,16.239999771118164,9.662593999273842,17.924111868652975,31.925815573785705,30.44286536022011,35.00229820578981,28.062199378914364,15.822390016014069,,21.89368020515672,22.99315562378367,20.693840061405304,4,True,3.3,27.425125326713484,34.81330365591062,n/d,2026-09-02,próxima,,,False,False,,,Em Baixa,18.49909782409668,-12.211936357436004,-23.536794844232702,True,False,False,sem sinal (Em Baixa; sem novo topo (-12.2%))
BLAU3,SMALL11,SMALL11,Cuidados de saúde,59.01,62.37,40.0,,,0.2,,60.31,56.77,84.93,40.56,43,Não,6,8,False,,True,,False,False,True,True,True,False,4,10,False,True,True,False,True,True,True,True,True,True,True,-0.01,True,2069625216.0,8.85,0.89,8.38,3.82,10.02,13.86,12.24,13.09,4.76,-0.09,3.23,0.37,1.33,33.77,4.7,6.47,5.15,1.38,37.94,62.5,8.35,13.7,7.3,-34.6,-10.2,0.76,0.25,8.960000038146973,2.442398971517735,4.530650092165398,13.414689322649421,15.143722118638246,10.582027127668026,7.315907526794059,6.927592581424518,9.98622499196332,9.700116251614713,9.98622499196332,8.987602492766989,7,True,6.2,0.3080631082868157,8.260225561570467,n/d,n/d,,,,False,False,,,Em Baixa,9.300000190734863,-3.655915544245003,-37.26836196411902,False,False,False,sem sinal (Em Baixa; sem novo topo (-3.7%))
ISAE4,BOVA11,BOVA11,Serviços públicos,58.56,58.3,60.0,,,0.1,,59.13,48.17,60.47,75.52,44,Não,5,8,False,,True,,False,False,True,True,True,True,6,10,False,True,False,True,True,False,True,True,True,True,True,0.67,True,18361116672.0,6.37,0.81,6.8,8.95,12.71,14.91,9.63,26.39,7.28,3.41,5.28,0.79,1.17,57.02,220.0,8.76,6.2,0.28,54.58,44.81,20.47,31.63,27.1,-17.7,-7.6,0.98,0.69,26.020000457763672,16.63763596166038,28.77256878929264,50.45763041478869,54.33583348536714,58.87868119484847,43.17983001055491,24.937145320724692,29.38084161311298,38.32252084879374,36.28033581183394,32.65230223065055,8,True,3.5,25.48924541201525,47.28101527515278,n/d,2026-04-20,última,,,False,False,,,Em Baixa,26.889999389648438,-3.2353995969954585,-18.79763833854744,True,False,False,sem sinal (Em Baixa; sem novo topo (-3.2%))
TFCO4,SMALL11,SMALL11,Consumo discricionário,57.9,59.29,50.0,,,0.9,,82.32,29.15,66.76,16.08,45,Não,5,8,False,,True,,False,False,True,True,False,True,5,10,True,True,True,False,False,True,True,False,True,True,True,0.2,True,1957672320.0,13.31,3.19,2.5,1.72,23.99,26.81,27.1,13.23,8.22,0.47,2.83,0.3,0.89,22.94,-1.4,8.49,15.28,1.67,41.96,57.74,12.77,18.1,1.0,-28.7,-13.4,1.25,0.68,12.899999618530273,1.5878502699957415,2.9454622508421004,12.841847854660111,9.390670174875543,16.208106540788464,6.080625000000001,11.727272380482065,6.208541696694198,,,,6,False,10.2,,,n/d,n/d,,,,False,False,,,Em Baixa,15.010000228881836,-14.057298988520706,-29.03455086664154,False,False,False,sem sinal (Em Baixa; sem novo topo (-14.1%))
CPFE3,BOVA11,BOVA11,Serviços públicos,57.79,59.17,50.0,,,0.1,,76.55,41.51,29.8,83.92,46,Não,6,8,False,,True,,False,False,True,False,True,True,5,10,True,True,True,False,False,True,True,True,True,True,True,1.44,True,48763408384.0,8.11,2.14,8.83,10.15,26.43,27.84,15.57,13.16,5.47,2.35,0.92,1.55,1.74,82.33,21.5,9.69,8.79,0.29,71.02,27.73,35.03,52.32,20.8,-19.1,-7.4,0.95,0.66,42.31999969482422,30.68716218782184,48.19809004827322,58.542311478778295,48.1858585226983,77.34382394780164,60.57974035289297,29.258266994481968,73.64178390151075,53.30462967928237,53.37020076352576,48.033180687173186,8,True,2.6,13.49995518324092,25.956120188256016,n/d,n/d,,,,False,False,,,Em Baixa,46.349998474121094,-8.694711784180475,-20.138642877593593,False,False,False,sem sinal (Em Baixa; sem novo topo (-8.7%))
RECV3,BOVA11+SMALL11,BOVA11,Energia,57.51,62.37,30.0,,,0.9,,56.27,68.54,55.87,87.41,47,Não,3,8,False,,True,,False,False,True,True,False,False,3,10,False,False,False,True,False,True,True,False,True,True,True,0.36,True,3079525120.0,6.21,0.7,16.13,10.71,11.26,17.76,10.15,16.73,3.27,1.18,2.91,0.72,1.65,66.5,-14.8,6.41,5.06,0.52,50.04,49.96,8.89,13.47,18.2,-22.0,-3.8,0.7,0.39,10.510000228881836,8.038973483829285,11.41894793503367,17.17151391973778,23.9110784561316,24.507431660770976,21.042133194768624,8.534099387511217,10.35913683157332,15.622914358669558,14.295230927385724,12.865707834647152,8,True,3.0,22.413963410692904,48.64808771114257,n/d,n/d,,,,False,False,,,Lateral,10.569999694824219,-0.5676392400632002,-23.77639794874098,False,False,False,sem sinal (Lateral)
VBBR3,BOVA11,BOVA11,Consumo discricionário,57.48,55.27,70.0,,,0.9,,62.37,49.05,46.39,56.64,48,Não,6,8,False,,True,,False,False,True,True,True,True,7,10,True,True,True,False,True,True,True,False,False,True,True,0.74,True,41400934400.0,8.17,1.76,4.38,6.06,21.49,20.83,16.06,2.48,6.0,1.52,2.01,0.93,0.75,49.54,677.0,10.61,9.71,0.57,65.98,33.8,18.16,36.13,90.5,-4.2,8.0,1.08,0.66,34.61000061035156,14.99159683432309,27.80941212766933,56.13004994946855,43.29377979207602,71.62226325715373,38.38705553994942,40.188875082836766,20.69670526381339,42.58973443042389,40.188875082836766,36.16998757455309,7,True,4.8,4.507330068451232,23.056150474859137,n/d,n/d,,,,False,False,,,Lateral,36.130001068115234,-4.2070313114523366,-5.514606603498007,False,False,False,sem sinal (Lateral)
GMAT3,SMALL11,SMALL11,Bens de primeira necessidade,57.1,55.41,66.66666666666667,,,0.0,,48.54,74.77,57.59,33.57,49,Rompimento,4,8,False,,True,,False,,True,True,False,True,6,9,True,True,False,False,False,True,True,False,False,True,True,0.48,True,9557397504.0,5.64,0.82,3.0,3.24,14.52,15.23,10.1,4.11,4.03,2.06,1.74,0.56,0.48,18.27,-35.4,4.66,5.7,1.0,52.91,42.64,3.57,7.15,16.2,-42.0,0.3,1.22,0.53,4.150000095367432,0.9601294754889214,1.7810401770319493,9.749556961634479,9.15362017366604,11.11559171739988,4.238222298960737,7.454547876196779,7.144821659494282,,,,6,False,11.6,,,n/d,n/d,,,Rompimento,False,False,,,Lateral,4.03000020980835,2.9776644990494594,-42.69403944187445,False,True,False,"Rompimento (vol x1.4, +3.0% do topo, MM50>MM200)"
BPAC11,BOVA11,BOVA11,Produtos financeiros,57.0,53.82,75.0,15.65,,0.4,,60.08,43.07,66.43,27.27,50,Não,4,6,False,,True,,False,False,True,,True,True,6,8,True,True,False,,True,,True,False,True,True,True,,True,174711685120.0,10.66,2.44,2.83,2.74,22.88,20.48,0.0,39.8,,,,,0.71,29.18,20.0,8.52,2.41,,90.46,8.68,41.48,63.41,25.0,-18.2,-5.5,1.57,0.84,51.849998474121094,10.136923427127801,18.80399295732207,64.44769979194224,48.22436208579079,86.27269278532886,11.768333333333333,58.85412584773595,,13.569749905927734,11.768333333333333,10.5915,3,True,6.4,-79.5728055705029,-73.82883258386103,n/d,n/d,,,,False,False,,,Em Baixa,56.29629898071289,-7.898033417996264,-19.681462252912997,False,False,False,sem sinal (Em Baixa; sem novo topo (-7.9%))
SAPR11,SMALL11,SMALL11,Serviços públicos,56.96,54.66,70.0,,,0.1,,48.76,55.36,64.35,60.14,51,Não,4,8,False,,True,,False,False,False,True,True,True,7,10,False,False,True,False,False,True,True,True,False,True,True,0.21,True,10043467776.0,22.01,0.83,1.67,6.34,3.76,14.91,11.83,6.04,3.93,0.89,1.86,0.6,1.91,139.61,11.5,6.25,5.91,0.51,53.34,46.66,31.45,47.9,5.7,-30.6,-13.2,0.97,0.55,33.22999954223633,15.055184938584501,27.927368061074247,20.00442952906094,36.87843874901428,26.938554469600216,15.033916666666668,14.946705836807798,75.28228583456364,22.397799750115524,20.00442952906094,18.003986576154844,7,True,5.0,-45.820081781008646,-32.59765254691849,n/d,n/d,,,,False,False,,,Em Baixa,36.22999954223633,-8.280430687012984,-31.79392711485496,False,False,False,sem sinal (Em Baixa; sem novo topo (-8.3%))
BMOB3,SMALL11,SMALL11,Comunicação,56.62,54.26,70.0,,,0.4,,59.42,30.15,70.92,58.04,52,Não,6,8,False,,True,,False,False,True,True,False,True,7,10,True,True,True,False,False,True,True,True,True,True,True,-0.3,True,1902150528.0,11.9,2.02,10.46,6.18,16.97,10.68,11.27,8.49,6.5,-1.91,1.69,0.05,2.66,73.6,-1.0,10.18,6.02,1.43,47.82,51.18,17.95,27.93,27.0,-18.4,-6.3,1.2,0.62,22.799999237060547,10.071917124730167,15.476647449542442,21.02928861536064,22.05854822430251,20.434402051296303,23.48168826815538,10.514708070294459,19.43945573005887,17.813331941717596,19.936928890677585,17.943236001609826,8,True,2.3,-21.301593850741163,-21.871348518456568,n/d,n/d,,,,False,False,,,Em Baixa,23.73871612548828,-3.9543709249710957,-19.070553316976646,False,False,False,sem sinal (Em Baixa; sem novo topo (-4.0%))
IGTI11,BOVA11+SMALL11,BOVA11,Imobiliário,56.43,54.03,70.0,,,0.8,,71.74,38.0,50.4,21.68,53,Não,3,7,False,,True,,False,False,True,True,False,True,7,10,False,False,True,True,False,True,,False,True,False,True,0.49,True,,10.49,1.36,1.3,2.45,12.93,7.32,12.16,41.91,8.16,2.15,2.73,0.9,1.09,25.74,-35.4,10.67,5.46,0.48,51.02,48.98,21.57,30.19,9.3,-21.9,-8.8,1.3,0.78,23.579999923706055,4.133603328928328,7.667834175162047,29.784079979895626,29.61268999191874,27.098842733336745,2.977499403076307,19.570886813444222,17.852467763319627,,,,6,False,10.0,,,n/d,n/d,,,,False,False,,,Em Baixa,25.56999969482422,-7.782556882552372,-22.502011601532967,False,False,False,sem sinal (Em Baixa; sem novo topo (-7.8%))
SANB11,BOVA11,BOVA11,Produtos financeiros,56.38,57.51,50.0,14.99,,0.4,,53.37,60.95,57.0,68.53,54,Pivô de alta,3,6,False,,True,,True,False,True,,True,False,4,8,True,False,False,,True,,True,False,True,True,True,,True,158786322432.0,7.01,1.1,7.96,7.32,15.69,10.65,0.0,28.66,,,,,0.92,51.3,49.8,6.31,1.11,,90.04,9.86,24.53,36.14,20.5,-18.2,6.6,1.17,0.65,29.549999237060547,15.447346546287175,28.654827843362707,55.85413550514298,50.47698209194235,63.05870660459969,36.705432569560514,31.506239759405243,,34.165435616088345,32.68013020646161,29.41211718581545,4,True,3.6,-0.4666059384264565,15.619074443965753,n/d,n/d,,,Pivô de alta,False,False,,,Em Alta,29.93000030517578,-1.2696326904130362,-18.9502252928766,False,True,False,Pivô de alta
WEGE3,BOVA11+Carteira,BOVA11,Bens Industriais,55.66,54.89,60.0,,,0.7,,87.02,7.07,60.03,19.58,55,Rompimento,6,8,False,,True,,False,False,True,True,False,True,6,10,True,True,True,True,False,True,True,False,True,True,True,-0.16,True,206728527872.0,32.48,10.77,4.15,2.33,33.16,31.31,24.33,15.58,21.12,-0.35,1.59,0.29,4.03,75.68,-2.1,26.67,11.21,1.12,56.49,40.84,34.11,53.79,44.5,-8.4,7.1,0.76,0.45,49.27000045776367,8.200611436521614,15.212134214747595,20.099369029106178,12.495624427414645,15.765743021610104,20.812072944375924,11.740434600522487,12.930250820915534,14.65703006190176,14.071192517831564,12.664073266048408,8,True,2.5,-74.29658382710065,-70.25161370869807,2026-10-21,2026-06-22,última,"A WEG (WEGE3) se consolida como uma referência de eficiência operacional no setor de bens industriais, apresentando um ROE de 33,2% e um ROIC de 24,3% que se posicionam significativamente acima das médias setoriais de 14,5% e 12,6%, respectivamente. Essa excepcional qualidade técnica, contudo, convive com múltiplos de preço bastante esticados, uma vez que o P/L de 32,48 e o P/VP de 10,77 revelam que o mercado cobra um prêmio elevado pela resiliência da companhia, distanciando-se de uma abordagem de valor tradicional. No âmbito financeiro, a excelente rentabilidade é sustentada por uma estrutura de capital extremamente robusta, evidenciada por uma relação de dívida líquida sobre EBITDA negativa de -0,35, muito abaixo da média dos pares de 2,39, o que confere uma folga de liquidez notável. Esse endividamento sob controle e a margem líquida saudável de 15,58% garantem a sustentabilidade do dividend yield de 4,15%, o qual se mostra coerente com a geração de caixa, mesmo que o foco da empresa não seja puramente a distribuição massiva de proventos. Por outro lado, o crescimento recente acende um sinal de alerta, visto que o CAGR de receita de cinco anos contraiu 2,1%, ficando bem abaixo da média do setor de 26,9%, o que ajuda a explicar o porquê de a companhia ter atendido a 6 dos 8 critérios do checklist de qualidade e segurança, falhando justamente na expansão de receita e na movimentação de insiders. Sob a ótica do valuation, as métricas de preço-teto calculadas por diferentes metodologias — que variam de R$ 8,20 pelo método Bazin a R$ 20,10 pelo fluxo de caixa descontado (DCF) — evidenciam uma dispersão relevante e convergem para uma média de R$ 14,66 e mediana de R$ 14,07. Frente ao preço atual de R$ 49,27, o valor ajustado com margem de segurança de R$ 12,66 aponta para um expressivo upside negativo de -74,3%, sugerindo que a cotação atual já precifica um cenário de perfeição operacional em uma tendência gráfica de alta. Como balanço final, os prós da WEGE3 residem em sua rentabilidade espetacular, saúde financeira impecável com caixa líquido e forte governança, enquanto os contras concentram-se no valuation severamente esticado, no crescimento de receita abaixo dos pares e na expressiva distância em relação aos preços-teto teóricos de segurança.",Rompimento,False,True,49.82,-1.1,Em Alta,49.16999816894531,0.20338070478416181,-9.23893834815127,False,True,False,"Rompimento (vol x1.1, +0.2% do topo, MM50>MM200)"
CMIN3,BOVA11,BOVA11,Materiais,55.63,61.92,20.0,,,1.0,,83.65,30.17,34.74,97.9,56,Fundo duplo,6,8,False,,True,,False,False,True,False,False,False,2,10,True,True,True,False,False,True,True,True,True,True,True,0.15,True,31754698752.0,13.11,4.17,19.35,16.61,31.79,32.01,20.33,13.41,5.1,0.18,1.17,1.22,,217.77,-10.5,14.33,8.04,0.53,80.09,19.91,4.08,6.24,44.6,-5.4,20.4,1.1,0.49,5.900000095367432,7.000436742232403,10.19263589669038,4.680396719437169,3.7850699020188907,,5.333333333333334,1.2022447617235588,5.66037369303828,,,,6,False,8.5,,,n/d,n/d,,,Fundo duplo,False,False,,,Em Alta,5.909999847412109,-0.1692005465796509,-7.419964643397659,False,True,False,Fundo duplo — rompeu pescoço ~R$4.78 (candidato)
TAEE11,BOVA11+SMALL11,BOVA11,Serviços públicos,55.58,56.56,50.0,,,0.1,,73.0,26.43,41.12,88.81,57,Não,6,8,False,,True,,True,False,True,False,False,True,5,10,True,True,True,True,False,False,True,True,True,True,True,0.43,True,38828597248.0,7.94,1.6,8.03,11.16,20.14,22.05,11.11,33.52,9.24,4.41,2.29,1.49,3.46,88.6,-3.2,8.68,6.46,0.24,66.19,33.81,30.9,43.57,21.6,-13.8,-5.1,0.88,0.69,37.56999969482422,29.94470165064148,36.64220155725475,41.35749465768629,49.999102427439986,63.6643445360201,16.196901870053154,19.470005637353292,26.21346535284713,35.43602721116203,33.293451603948114,29.9641064435533,8,True,3.9,-20.244592262583204,-5.679990686707869,n/d,n/d,,,,False,False,,,Em Baixa,39.42622375488281,-4.708094976579402,-14.247203684461663,False,False,False,sem sinal (Em Baixa; sem novo topo (-4.7%))
UGPA3,BOVA11,BOVA11,Consumo discricionário,55.22,52.61,70.0,,,0.9,,64.41,39.63,43.41,50.35,58,Rompimento,6,8,False,,True,,False,False,True,True,True,True,7,10,True,True,True,False,False,True,True,True,False,True,True,0.63,True,36793753600.0,11.08,2.13,3.79,5.11,19.25,16.17,21.5,2.26,5.17,1.13,1.64,0.98,1.33,56.63,44.3,12.65,9.73,0.63,64.07,31.75,16.19,34.58,113.5,0.0,18.4,1.03,0.57,34.58000183105469,12.624617147983711,23.41866480950978,41.35243901276846,33.76420971459126,42.00641087639822,23.731409002583494,24.714623014067715,26.27960536111076,28.486497367376675,25.49711418758924,22.947402768830315,8,True,3.3,-33.63967162019546,-17.6214694650644,n/d,n/d,,,Rompimento,False,False,,,Em Alta,34.31999969482422,0.7575819887599922,-1.5936185780319412,False,True,False,"Rompimento (vol x1.3, +0.8% do topo, MM50>MM200)"
RDOR3,BOVA11,BOVA11,Cuidados de saúde,55.16,52.54,70.0,,,0.2,,71.28,22.55,52.47,43.36,59,Não,5,8,False,,True,,False,False,True,False,True,True,7,10,True,True,True,False,True,False,True,False,True,True,True,0.72,True,74555449344.0,15.68,3.65,12.87,4.01,23.26,13.61,15.63,8.35,6.66,1.12,2.9,2.51,1.81,62.85,22.9,12.64,6.35,0.64,79.71,18.16,32.33,44.66,5.9,-23.3,-3.7,1.17,0.65,34.25,9.805699225439717,18.189572063190674,28.942123724489786,21.474960490004314,27.630888718053356,23.026294573226995,17.700020063309502,25.93160621598148,21.587645634211977,22.250627531615656,20.02556477845409,8,True,3.0,-41.53119772714135,-36.97037771032999,n/d,n/d,,,,False,False,,,Em Baixa,34.63999938964844,-1.1258643086609954,-23.807616435828514,False,False,False,sem sinal (Em Baixa; sem novo topo (-1.1%))
EVEN3,SMALL11,SMALL11,Consumo discricionário,55.01,54.13,60.0,,,0.9,,42.11,72.36,47.02,76.92,60,Não,1,8,False,,True,,False,False,True,True,False,True,6,10,False,False,False,False,False,False,True,False,True,False,False,0.36,True,849166272.0,4.19,0.43,22.08,9.09,10.28,7.88,4.93,12.83,7.04,3.58,4.66,0.64,0.66,38.08,-35.3,2.78,2.32,1.27,57.92,36.05,4.15,8.43,3.1,-49.3,-23.2,1.34,0.63,4.28000020980835,2.77866080996125,5.154415802478119,13.534606868725682,15.124945209527647,15.786071528482127,9.484836634337722,6.815632892222967,0.7639287906466043,,,,6,False,20.7,,,n/d,n/d,,,,False,False,,,Em Baixa,4.949999809265137,-13.535345965119404,-49.83035250746168,False,False,False,sem sinal (Em Baixa; sem novo topo (-13.5%))
PGMN3,SMALL11,SMALL11,Bens de primeira necessidade,54.85,59.23,30.0,,,0.0,,50.12,76.35,43.88,88.11,61,Não,4,8,False,,True,,False,False,False,False,True,False,3,10,False,True,True,False,True,False,True,False,False,False,True,0.99,True,2422574592.0,7.1,0.68,7.33,10.75,9.61,5.91,12.78,2.1,2.55,3.59,1.78,1.02,3.12,76.3,11.1,4.94,6.26,0.83,68.82,31.1,3.13,7.54,7.7,-55.3,-21.7,1.53,0.6,3.369999885559082,2.58681304922463,3.1597878226681493,4.141297018352532,7.275075662834432,6.181825891089747,8.523135049412597,1.9475161944740706,,4.830778669722308,4.141297018352532,3.7271673165172787,7,True,4.4,10.598440447689894,43.34655293084331,n/d,n/d,,,,False,False,,,Em Baixa,3.5399999618530273,-4.802262093950926,-55.77427905286873,False,False,False,sem sinal (Em Baixa; sem novo topo (-4.8%))
CMIG4,BOVA11,BOVA11,Serviços públicos,54.67,53.73,60.0,,,0.1,,52.85,50.14,37.79,98.6,62,Não,5,8,False,,True,,True,False,True,True,False,True,6,10,True,True,False,False,False,True,True,True,True,True,True,0.67,True,28721246208.0,6.2,0.98,10.62,17.43,15.75,21.33,9.3,10.51,6.26,2.49,1.17,0.78,,108.07,-20.4,8.67,5.94,0.42,57.36,42.63,9.45,13.28,6.2,-24.4,-11.0,0.97,0.72,10.039999961853027,12.500696279705194,18.201013783250765,16.841290258592174,19.32039884461523,,14.127676775544375,4.32599076697354,14.090869478579524,15.84699090338121,15.484483517068274,13.936035165361446,6,True,4.5,38.805131656488065,57.83855541426135,n/d,n/d,,,,False,False,,,Em Baixa,11.34000015258789,-11.463846324889083,-24.713107617336316,False,False,False,sem sinal (Em Baixa; sem novo topo (-11.5%))
VIVT3,BOVA11,BOVA11,Comunicação,54.55,46.53,100.0,,,0.4,,46.85,35.46,52.13,61.54,63,Não,5,8,False,,True,,True,True,True,True,True,True,10,10,False,True,True,False,True,False,True,True,True,False,True,0.16,True,93727129600.0,14.32,1.44,8.49,6.44,10.05,7.53,9.1,10.68,4.15,0.56,0.95,0.3,18.44,92.27,18.5,9.62,5.51,0.48,46.12,53.66,29.28,40.95,0.2,-28.4,-15.3,0.81,0.55,29.329999923706055,13.49922390562027,14.40314987440882,15.609524984340874,30.637305408953587,14.78840997540189,30.54071708946573,6.471537726628261,38.39804294023938,17.99283842354563,14.78840997540189,13.309568977861701,7,True,5.9,-54.62131260660452,-38.6538067836718,n/d,n/d,,,,False,False,,,Em Baixa,32.630001068115234,-10.113395759688814,-28.85714780225045,False,False,False,sem sinal (Em Baixa; sem novo topo (-10.1%))
FLRY3,BOVA11+SMALL11,BOVA11,Cuidados de saúde,54.13,51.33,70.0,,,0.2,,59.71,31.5,51.12,63.64,64,Rompimento,5,8,False,,True,,False,False,True,True,True,True,7,10,False,True,True,False,True,False,True,True,True,True,True,0.7,True,10154938368.0,14.09,1.83,6.45,6.57,13.0,10.93,12.7,8.01,5.87,1.78,1.86,0.98,14.58,92.57,14.4,12.4,6.47,0.55,61.45,37.83,12.84,18.68,45.5,0.0,17.3,0.96,0.61,18.68000030517578,8.765946770116912,9.506709344705515,10.269971471371854,17.449665115246944,9.99084974914108,17.60279393024115,4.3468154285241365,16.147036460641342,11.759973533748617,10.130410610256467,9.11736954923082,8,True,4.0,-51.191812632333765,-37.04511059086969,n/d,n/d,,,Rompimento,False,False,,,Em Alta,18.541507720947266,0.7469326999338444,-3.235960678022387,False,True,False,"Rompimento (vol x2.3, +0.7% do topo, MM50>MM200)"
COGN3,BOVA11+SMALL11,BOVA11,Consumo discricionário,53.09,52.66,55.55555555555556,,,0.9,,44.64,75.61,46.33,44.06,65,Não,2,8,False,,False,,False,,False,True,True,False,5,9,False,False,False,False,False,True,True,False,True,False,True,0.39,True,4222593280.0,6.0,0.31,5.81,4.02,5.11,0.79,10.24,8.96,3.21,2.52,1.88,0.5,1.55,24.1,30.7,4.3,4.35,0.45,44.22,55.77,2.03,4.57,3.9,-53.8,-15.9,1.64,0.63,2.109999895095825,0.605413026472383,0.8698730995775029,3.609169570034606,7.338667660543567,2.776534493287162,2.2338011237503976,1.7967634816755769,5.131418664453109,,,,5,False,12.1,,,n/d,n/d,,,,False,False,,,Em Baixa,2.3299999237060547,-9.442061622916341,-55.36038390050892,False,False,False,sem sinal (Em Baixa; sem novo topo (-9.4%))
SBFG3,SMALL11,SMALL11,Consumo discricionário,52.68,49.62,70.0,,,0.9,,44.83,84.65,28.14,26.57,66,Não,3,8,False,,True,,False,True,True,True,True,True,7,10,False,True,False,False,True,False,True,False,False,True,False,0.81,True,1891444736.0,4.38,0.57,6.81,2.69,13.07,10.92,8.98,5.01,3.9,3.46,1.62,1.0,0.38,11.78,222.5,3.62,4.64,0.8,67.87,32.13,7.96,14.95,3.0,-45.2,-21.9,1.62,0.67,8.199999809265137,1.57586773426616,2.923234647063727,24.80593549606462,24.616744509326523,26.6224465775616,6.713862490414408,18.56928683774396,13.741972568820161,,,,6,False,16.9,,,n/d,n/d,,,,False,False,,,Em Baixa,9.649999618530273,-15.025905353206392,-46.3510410837197,False,False,False,sem sinal (Em Baixa; sem novo topo (-15.0%))
HYPE3,BOVA11+SMALL11,BOVA11,Cuidados de saúde,51.59,53.64,40.0,,,0.2,,60.84,42.6,57.07,41.96,67,Pivô de alta,4,8,False,,True,,False,False,True,True,True,False,4,10,False,True,False,True,True,False,True,False,True,True,True,0.42,True,14903595008.0,8.36,1.01,5.08,3.87,12.1,12.72,10.74,19.8,7.25,2.25,1.86,0.53,1.02,32.36,4.5,6.58,6.31,0.5,50.22,49.77,19.85,26.59,6.6,-20.4,-2.1,1.04,0.59,21.170000076293945,5.854056729472322,10.859275233171157,33.552930742929995,34.557975549878506,30.52746176818887,25.33668174459816,19.791374924338022,12.983877765368732,23.944225389781916,25.33668174459816,22.803013570138344,7,True,5.9,7.713809579401176,13.104512534199442,n/d,n/d,,,Pivô de alta,False,False,,,Lateral,21.84000015258789,-3.067765895663488,-21.020899627984736,False,True,False,Pivô de alta
LOGG3,SMALL11,SMALL11,Imobiliário,51.59,50.11,60.0,,,0.8,,53.06,52.39,19.19,93.01,68,Não,2,8,False,,True,,True,True,True,True,False,False,6,10,False,False,False,True,False,False,True,False,True,False,False,0.57,True,2040597888.0,5.33,0.57,29.58,13.45,10.63,8.83,3.04,136.74,18.71,121.08,0.52,0.64,1.77,71.68,-33.1,3.79,0.1,0.28,45.7,53.91,15.57,28.1,49.9,-16.9,-7.1,0.93,0.52,23.34000015258789,22.421034845664153,29.42214513202293,41.04538083963758,63.51716142133725,72.07367062585473,41.87976692596119,19.983757166390426,,41.4775595652669,41.04538083963758,36.94084275567382,7,True,3.6,58.27267572480241,77.71019406213652,n/d,n/d,,,,False,False,,,Em Baixa,25.680269241333008,-9.113101839985383,-18.106788656367723,False,False,False,sem sinal (Em Baixa; sem novo topo (-9.1%))
GGPS3,SMALL11,SMALL11,Bens Industriais,51.55,51.82,50.0,,,0.7,,62.01,47.57,50.66,18.88,69,Rompimento,5,8,False,,True,,False,False,True,False,True,True,5,10,True,True,False,False,True,True,True,False,False,True,True,0.48,True,9103440896.0,9.37,1.91,2.57,2.31,20.36,19.43,11.88,5.1,6.06,1.03,2.87,1.38,0.62,21.68,207.7,7.2,7.28,0.78,74.55,25.29,11.0,19.55,10.0,-38.1,-7.4,1.12,0.64,12.100000381469727,2.0001936938105045,3.7103593020184857,17.110459450850996,13.567198026417786,22.35888126311558,9.395602678571429,15.62540070606016,10.233936222286232,,,,6,False,11.2,,,n/d,n/d,,,Rompimento,False,False,,,Em Baixa,11.720000267028809,3.2423217216978273,-38.422388720765035,False,True,False,"Rompimento (vol x1.3, +3.2% do topo, MM50>MM200)"
SBSP3,BOVA11,BOVA11,Serviços públicos,51.31,51.54,50.0,,,0.1,,72.33,33.59,40.73,24.48,70,Não,7,8,False,,True,,False,False,True,False,False,True,5,10,True,True,True,True,False,True,True,True,True,True,True,0.76,True,83521765376.0,10.22,1.82,2.9,2.57,17.8,17.28,12.72,19.67,7.67,2.25,1.47,1.14,0.78,26.24,-33.9,9.61,7.77,0.3,59.31,40.69,21.8,35.21,9.0,-32.5,-19.2,1.12,0.71,23.75,4.355873338123757,8.08014504221957,30.791340508806254,26.12123649117795,36.477084065439875,11.818393683830962,25.385864112751985,24.231917794449487,,,,6,False,8.4,,,n/d,n/d,,,,False,False,,,Em Baixa,28.010000228881836,-15.208854673586325,-32.753838081344924,False,False,False,sem sinal (Em Baixa; sem novo topo (-15.2%))
CPLE3,BOVA11,BOVA11,Serviços públicos,51.03,45.92,80.0,,,0.1,,51.92,30.54,35.77,77.62,71,Não,5,8,False,,True,,False,False,True,True,True,True,8,10,False,True,True,False,True,True,True,False,True,False,True,0.9,True,42019987456.0,13.35,1.73,7.57,9.16,12.99,9.34,9.82,11.41,8.83,2.97,1.3,0.98,0.27,122.24,50.0,12.7,5.45,0.3,61.78,38.29,10.16,16.67,39.3,-15.1,-5.9,1.12,0.76,14.149999618530273,9.254465012803626,17.167032598750726,14.04400711202443,13.966384777449624,31.797751951753426,8.56043112128839,12.825093287207215,11.614122400067203,14.903661032668081,13.39573903232842,12.056165129095579,8,True,3.7,-14.797417285387715,5.326229218768619,n/d,n/d,,,,False,False,,,Em Baixa,14.930000305175781,-5.2243849343734166,-16.132232240258194,False,False,False,sem sinal (Em Baixa; sem novo topo (-5.2%))
MDIA3,SMALL11,SMALL11,Bens de primeira necessidade,50.94,54.63,30.0,,,0.0,,38.91,63.57,89.72,32.87,72,Não,3,8,False,,True,,False,False,False,True,False,True,3,10,False,False,False,False,True,True,True,False,False,False,True,-0.04,True,5805395968.0,8.86,0.68,6.22,3.22,7.65,8.74,8.32,6.23,4.27,-0.31,2.55,0.21,1.62,28.56,-0.9,7.43,3.48,1.38,34.41,65.59,16.82,28.49,2.9,-39.3,-11.1,0.71,0.4,17.299999237060547,3.9833514918868405,6.891100913551818,24.12816565191403,33.43228233310344,16.96542367294867,20.310740155693857,11.92382473877836,21.753288526564965,,,,6,False,8.4,,,n/d,n/d,,,,False,False,,,Em Baixa,17.579999923706055,-1.5927229116078467,-40.18283907747332,False,False,False,sem sinal (Em Baixa; sem novo topo (-1.6%))
BRBI11,SMALL11,SMALL11,Produtos financeiros,50.92,54.02,33.333333333333336,20.63,,0.4,,33.92,39.21,100.0,89.51,73,Não,4,5,False,,True,,False,False,True,,False,True,3,9,True,True,True,,False,,,True,True,True,True,,True,,7.78,1.53,11.67,11.84,19.7,21.77,1.85,0.0,,,,,5.0,92.09,-22.4,5.98,0.94,0.23,95.52,4.48,11.74,20.71,3.5,-41.3,-22.1,0.96,0.48,12.149999618530273,10.273028971370723,11.739039858375703,12.74684473822648,16.70444340517134,20.918579681051643,7.447553138024154,5.7009039271362365,,10.551616676499265,11.006034414873213,9.905430973385892,4,True,1.7,-18.473816589435387,-13.15541557378549,n/d,n/d,,,,False,False,,,Em Baixa,14.185785293579102,-14.35088458564422,-42.6241356463942,False,False,False,sem sinal (Em Baixa; sem novo topo (-14.4%))
ANIM3,SMALL11,SMALL11,Consumo discricionário,50.4,52.23,40.0,,,0.9,,46.48,76.22,30.87,60.84,74,Não,3,8,False,,False,,False,False,False,False,True,False,4,10,True,False,True,False,False,False,True,False,False,False,False,1.82,False,895528640.0,5.85,0.37,3.49,6.43,6.36,-2.07,14.6,3.27,3.05,3.39,1.9,2.02,1.47,37.63,12.0,3.16,6.28,0.35,72.15,22.61,1.93,5.17,22.8,-54.2,-23.4,2.11,0.53,2.369999885559082,1.0888266148643446,1.5796074847224915,4.198120287441467,7.641186311624731,4.212862949690016,1.0564255265038158,2.0924632651851582,,2.371384354734549,1.8360353749538247,1.6524318374584424,6,True,7.2,-30.277134293251905,0.05841642372654832,n/d,n/d,,,,False,False,,,Lateral,2.259999990463257,4.867252015929324,-55.185648896458986,False,False,False,sem sinal (Lateral)
CSMG3,BOVA11+SMALL11,BOVA11,Serviços públicos,50.27,48.55,60.0,,,0.1,,64.91,15.59,34.59,85.31,75,Não,6,8,False,,True,,False,False,True,False,False,True,6,10,True,True,True,True,False,True,True,False,True,True,True,0.9,True,20665389056.0,15.68,2.29,4.1,10.18,14.6,15.68,11.59,15.47,8.66,2.76,1.22,1.06,,159.65,-21.2,11.3,6.32,0.28,51.64,48.36,24.75,67.45,120.2,-19.2,-5.8,0.91,0.48,54.5,39.636031098400224,57.71006127927073,36.14795918367347,43.141673824315205,,33.8014680094549,9.285258746355685,46.36558018543,42.800462263424095,41.388852461357715,37.24996721522194,6,True,6.2,-31.65143630234506,-21.4670417184879,n/d,n/d,,,,False,False,,,Em Baixa,64.25,-15.175097276264593,-19.640223761075525,False,False,False,sem sinal (Em Baixa; sem novo topo (-15.2%))
MOTV3,BOVA11,BOVA11,Bens Industriais,50.07,53.61,30.0,,,0.7,,73.75,54.37,25.04,18.18,76,Não,6,8,False,,True,,False,False,True,False,True,False,3,10,True,True,False,True,True,False,True,True,True,True,False,1.9,False,29144119296.0,7.18,1.57,1.51,2.26,21.85,19.92,11.72,19.27,6.38,3.69,1.77,2.45,0.48,16.22,58.4,9.61,6.62,0.44,77.07,22.24,12.73,17.55,13.9,-17.4,-3.0,1.3,0.79,14.5,2.3397678114964044,4.34026929032583,26.758356545961,20.485530400854643,34.85470046809884,10.38593205872702,24.435933147632316,8.592008150496742,,,,6,False,14.9,,,n/d,n/d,,,,False,False,,,Em Baixa,14.970000267028809,-3.139614286206638,-18.296156183714597,False,False,False,sem sinal (Em Baixa; sem novo topo (-3.1%))
ECOR3,SMALL11,SMALL11,Bens Industriais,49.86,46.3,70.0,,,0.7,,51.82,59.73,28.73,23.08,77,Não,1,8,False,,True,,False,True,True,False,False,True,7,10,False,False,False,False,False,False,True,False,False,True,False,5.91,False,4653706240.0,7.96,1.06,4.85,2.52,13.28,19.86,11.52,4.59,5.07,4.62,2.52,6.64,0.75,20.05,-89.7,8.06,6.86,0.19,88.21,11.06,5.87,11.74,14.0,-43.0,-12.6,1.85,0.74,6.690000057220459,1.203512483032843,2.2325156560259236,11.13599255755918,10.924659607721809,11.040366214955828,1.878638312129432,7.8543506537654775,9.912467572356519,,,,5,False,9.3,,,n/d,n/d,,,,False,False,,,Em Baixa,7.239999771118164,-7.596681371341562,-43.935345037094166,False,False,False,sem sinal (Em Baixa; sem novo topo (-7.6%))
BEEF3,BOVA11+SMALL11,BOVA11,Bens de primeira necessidade,49.83,53.33,30.0,,,0.0,,65.78,58.19,28.4,34.97,78,Não,5,8,False,,False,,False,False,True,False,False,True,3,10,True,True,True,False,False,True,True,False,False,True,True,9.15,False,3954660352.0,8.33,2.42,5.12,3.4,29.04,144.02,16.55,0.8,3.78,2.98,1.43,13.46,0.56,28.33,-57.5,4.83,5.34,0.65,95.87,2.86,3.04,7.18,31.3,-44.4,5.5,0.87,0.35,3.990000009536743,0.9693269152225977,1.7981014277379186,6.346638670631672,4.215353224506078,8.81399483267317,3.760485277130923,5.795798333180623,12.347182159740106,,,,6,False,12.7,,,n/d,n/d,,,,False,False,,,Lateral,3.819999933242798,4.450263855099923,-45.45317360673609,False,False,False,sem sinal (Lateral)
ASAI3,BOVA11+SMALL11,BOVA11,Bens de primeira necessidade,49.54,51.22,40.0,,,0.0,,64.64,64.65,24.97,9.79,79,Não,5,8,False,,True,,False,False,True,False,True,False,4,10,True,True,True,False,True,False,True,False,False,True,True,3.55,False,11243037696.0,11.17,1.7,1.31,0.83,15.21,29.87,21.18,1.24,2.67,3.72,1.12,4.25,0.81,9.3,123.2,8.94,6.76,0.41,88.47,11.53,7.01,10.43,19.9,-19.5,-3.2,1.67,0.63,8.399999618530273,0.4994953414095558,0.9265638583147261,9.96418934158694,9.143647564819993,11.00055805577503,0.7363322750405742,8.530074269867232,,,,,4,False,22.0,,,n/d,n/d,,,,False,False,,,Em Baixa,8.829999923706055,-4.869765672606086,-20.88682499492036,False,False,False,sem sinal (Em Baixa; sem novo topo (-4.9%))
ALOS3,BOVA11+SMALL11,BOVA11,Imobiliário,49.22,43.79,80.0,,,0.8,,51.52,39.74,24.7,57.34,80,Não,3,8,False,,True,,False,True,False,True,True,True,8,10,False,False,False,True,True,False,True,False,True,False,False,0.56,True,13043680256.0,13.73,1.0,11.58,6.1,7.27,9.51,6.39,31.4,4.66,3.4,0.72,0.56,11.59,83.7,60.8,13.43,3.66,0.27,46.56,50.55,20.35,32.44,28.2,-19.6,-6.6,1.2,0.81,26.079999923706055,11.356204110443139,12.553355218096693,14.998079152190206,33.38593751532573,13.830472425913692,24.93109798827477,6.489234476790178,68.39182104553838,,,,7,False,10.5,,,n/d,n/d,,,,False,False,,,Em Baixa,27.56999969482422,-5.404424329383961,-20.473330803466027,False,False,False,sem sinal (Em Baixa; sem novo topo (-5.4%))
EGIE3,BOVA11+Wishlist,BOVA11,Serviços públicos,49.17,50.79,40.0,,,0.1,,77.19,23.18,19.82,62.94,81,Não,7,8,False,,True,,False,False,True,False,True,False,4,10,True,True,True,True,True,False,True,True,True,True,True,1.43,True,39134621696.0,9.95,2.62,3.49,6.54,26.37,32.12,11.59,28.94,8.56,3.56,1.09,2.06,1.08,65.06,270.0,10.54,6.68,0.19,74.84,23.06,26.61,37.14,3.8,-25.6,-13.6,0.89,0.61,27.6299991607666,12.904469718028958,23.937791326943717,36.79371747539271,25.669058796202073,43.74276150119383,42.40711132710442,23.50069990234053,23.316558444960293,29.034021061520814,24.803425061572895,22.323082555415606,8,True,3.4,-19.20708203598712,5.081512643503316,2026-08-05,2026-08-21,próxima,"A Engie Brasil (EGIE3) apresenta uma sólida eficiência operacional no setor de serviços públicos, com um ROE de 26,4% e um ROIC de 11,6% que se posicionam bem acima das médias setoriais de 12,1% e 9,6%, respectivamente, evidenciando uma alta qualidade no emprego do capital. Essa rentabilidade robusta, contudo, convive com múltiplos de preço que exigem cautela, pois o P/L de 9,95 e o P/VP de 2,62 sugerem que o mercado já precifica parte desse prêmio, não configurando uma barganha óbvia apesar da forte geração de valor. No âmbito financeiro, a expressiva rentabilidade é contrabalançada por uma alavancagem financeira elevada, visto que a relação Dívida Líquida/EBITDA de 3,56 está acima da média dos pares de 3,4, indicando um endividamento que demanda monitoramento constante. Esse passivo mais alongado e a liquidez corrente de 1,09 acabam por pressionar a distribuição de proventos, resultando em um dividend yield de 3,49% que se mostra tímido frente ao histórico da empresa, sugerindo que o payout atual prioriza a sustentabilidade do balanço e o serviço da dívida em detrimento de distribuições agressivas. Em termos de expansão, o crescimento da companhia é formidável, com um CAGR de receita de cinco anos de 270,0% que supera com folga a média setorial de 36,5%, o que se reflete no checklist de critérios fundamentalistas, no qual o papel atende a expressivos 7 de 8 requisitos, falhando apenas no limite de endividamento. Sob a ótica do valuation, as estimativas de preço-teto revelam uma dispersão acentuada entre os métodos, variando desde conservadores R$ 12,90 por Bazin até otimistas R$ 43,74 por Lynch, resultando em uma média de R$ 29,03 e uma mediana de R$ 24,80. Quando confrontamos o preço atual de R$ 27,63 com o preço-teto ajustado pela margem de segurança de R$ 22,32, observa-se um upside negativo de -19,2%, indicando que a ação é negociada com prêmio em relação ao seu valor justo conservador. Como balanço final, os prós residem no crescimento histórico avassalador, nas margens robustas e no forte retorno sobre o capital, enquanto os contras concentram-se no endividamento acima da média do setor, no dividend yield atualmente modesto e na ausência de margem de segurança no preço atual.",,True,False,,,Em Baixa,29.540605545043945,-6.4677292459832,-27.400555429279617,False,False,False,sem sinal (Em Baixa; sem novo topo (-6.5%))
GOAU4,BOVA11+SMALL11,BOVA11,Materiais,48.75,52.06,30.0,,,1.0,,32.1,73.1,60.34,72.73,82,Não,4,8,False,,True,,False,False,False,True,True,False,3,10,False,False,True,False,True,True,True,False,False,True,True,0.5,True,13028476928.0,16.53,0.68,2.75,8.58,4.13,12.06,10.0,1.14,1.98,0.99,2.88,0.28,0.23,141.87,73.2,4.85,5.06,1.04,34.12,23.4,6.41,11.41,53.7,-13.7,-0.8,0.9,0.56,9.850000381469727,6.038291437268129,11.20103061613238,7.8954933487279995,13.93595140380971,17.876588714101135,6.1112762116739185,7.210224114687458,38.76009572882135,10.038407978057247,7.8954933487279995,7.1059440138552,7,True,6.4,-27.858439201451933,1.9127674039684406,n/d,n/d,,,,False,False,,,Em Baixa,11.407694816589355,-13.654769523237864,-13.878857470784123,False,False,False,sem sinal (Em Baixa; sem novo topo (-13.7%))
IRBR3,SMALL11+Carteira,SMALL11,Insurance,46.78,49.99,28.571428571428573,,2.87,0.3,,18.69,74.83,100.0,28.67,83,Não,1,6,False,,False,,False,,False,,False,False,2,7,False,False,False,,False,,True,False,True,False,True,,True,4058439936.0,-27.54,0.76,3.18,2.94,-2.76,2.79,0.0,4.79,,,,,,,-28.5,5.75,2.72,,66.23,33.77,44.53,62.39,12.3,-19.9,-6.0,1.09,0.61,50.0,10.491470690898021,15.27558132594752,,,,26.3277,,,17.364917338948512,15.27558132594752,13.748023193352768,3,True,2.5,-72.50395361329447,-65.27016532210297,2026-11-12,2026-07-01,última,"A análise fundamentalista do IRB Brasil (IRBR3) revela uma companhia em momento de profunda reestruturação, onde a baixa qualidade operacional contrasta fortemente com múltiplos de preço aparentemente descontados. O retorno sobre o patrimônio líquido (ROE) negativo de -2,8% e o retorno sobre o capital investido (ROIC) nulo de 0,0% situam-se drasticamente abaixo das médias setoriais de 34,3% e 19,5%, respectivamente, evidenciando que a empresa atualmente destrói valor e opera com rentabilidade deficitária. Essa fragilidade na geração de caixa faz com que o indicador de preço sobre lucro (P/L) de -27,54 reflita o prejuízo recente, enquanto o preço sobre valor patrimonial (P/VP) de 0,76, abaixo da unidade, sugere uma aparente barganha que, na verdade, decorre da desconfiança do mercado sobre a capacidade de recuperação dos ativos. No que tange ao crescimento, a severa contração na receita nos últimos cinco anos, com uma taxa composta anual (CAGR) negativa de -28,5% — muito pior que a média setorial de -3,9% —, corrobora o encolhimento da operação e a perda de espaço no mercado de resseguros. Sob a ótica dos proventos, o rendimento de dividendos (DY) de 3,18% mostra-se incoerente com a realidade de prejuízo e com a necessidade de retenção de capital para saneamento financeiro, indicando que a distribuição atual carece de sustentabilidade no longo prazo. O rigoroso checklist de critérios fundamentalistas confirma esse cenário desafiador ao aprovar apenas um dos seis requisitos analisados, falhando em exigências básicas como rentabilidade mínima frente à taxa Selic e ausência de vendas por parte de pessoas de dentro da empresa. No campo do valuation, as estimativas de preço-teto calculadas pelos métodos de Bazin, a R$ 10,49, e de Gordon, a R$ 15,28, exibem uma dispersão relevante que reflete a dificuldade de precificar um ativo sem lucros consistentes, resultando em uma média de R$ 17,36 e uma mediana de R$ 15,28. Frente ao preço atual de R$ 50,00, o preço-teto ajustado com margem de segurança de R$ 13,75 aponta para um expressivo potencial de queda de -72,5%, evidenciando que a cotação de mercado está fortemente desalinhada com os fundamentos de fluxo de caixa e dividendos projetados. Como principais pontos positivos, destacam-se a nota máxima de segurança financeira e o valor de mercado robusto acima de R$ 4 bilhões; em contrapartida, pesam negativamente a tendência gráfica de baixa, a destruição de valor expressa no ROE e ROIC negativos, o encolhimento acelerado da receita e o severo prêmio implícito no preço atual frente às métricas conservadoras de valuation.",,False,True,57.62,-13.22,Em Baixa,56.060001373291016,-10.809848777810082,-22.74885751385246,False,False,False,sem sinal (Em Baixa; sem novo topo (-10.8%))
PRIO3,BOVA11,BOVA11,Energia,46.74,45.18,55.55555555555556,,,0.9,,62.77,37.1,35.16,6.29,84,Rompimento,3,8,False,,True,,False,,True,True,True,False,5,9,False,False,False,True,True,False,True,False,True,True,True,0.77,True,50122149888.0,13.99,1.92,0.0,0.18,13.71,30.11,10.92,18.11,5.87,1.73,1.34,0.9,1.05,2.48,189.4,6.91,6.59,0.25,59.83,40.17,34.2,72.1,83.8,-12.8,2.5,0.1,0.05,62.849998474121094,0.7966232811188878,1.4777361864755367,59.52555252195171,57.52240810173899,60.86025398443232,2.1073009844320145,49.75530247743139,22.968627825221628,,,,5,False,76.4,,,n/d,n/d,,,Rompimento,False,False,,,Em Alta,62.040000915527344,1.3056053298526438,-13.880521261787637,False,True,False,"Rompimento (vol x0.8, +1.3% do topo, MM50>MM200)"
GGBR4,BOVA11,BOVA11,Materiais,46.6,49.53,30.0,,,1.0,,35.68,59.56,60.06,65.73,85,Não,4,8,False,,True,,False,False,False,True,True,False,3,10,False,False,True,False,True,True,True,False,False,True,True,0.18,True,43461099520.0,19.58,0.82,2.56,7.06,4.18,12.63,10.03,3.22,4.83,0.97,2.87,0.28,0.27,138.16,73.5,7.78,5.03,1.04,34.14,65.6,15.39,26.05,44.0,-15.0,-2.1,0.82,0.52,22.149999618530273,11.16375025778744,20.7087567281957,14.989146830721456,26.22114862763982,33.93769093748255,11.887333533584622,13.688202011451295,22.55197357658831,19.3935003129314,17.848951779458577,16.06405660151272,8,True,3.0,-27.476041182078248,-12.444692338923725,n/d,n/d,,,,False,False,,,Em Baixa,26.04621124267578,-14.95884214346579,-15.376975317890839,False,False,False,sem sinal (Em Baixa; sem novo topo (-15.0%))
MOVI3,SMALL11,SMALL11,Bens Industriais,46.59,49.52,30.0,,,0.7,,49.83,76.13,12.67,55.24,86,Não,4,8,False,,False,,False,False,True,False,True,False,3,10,False,False,True,False,True,False,True,True,False,False,False,5.54,False,2855378432.0,6.04,0.67,10.01,5.82,11.08,3.58,13.78,2.89,3.53,3.65,0.68,6.43,0.84,35.18,97.0,3.22,6.78,0.22,91.5,8.5,6.1,14.83,16.8,-52.0,-27.9,2.37,0.66,7.119999885559082,2.96233253747981,5.495126857025047,15.619205046963216,16.788634528045513,15.33235530705204,15.044031404486207,8.470600477564181,,14.25096535282223,15.33235530705204,13.799119776346837,5,True,5.7,93.80786514244855,100.15401098146515,n/d,n/d,,,,False,False,,,Em Baixa,7.960000038146973,-10.55276568545641,-52.43821136569535,False,False,False,sem sinal (Em Baixa; sem novo topo (-10.6%))
BBAS3,BOVA11+Carteira,BOVA11,Produtos financeiros,46.0,51.91,12.5,14.56,,0.4,,41.07,61.42,50.86,79.02,87,Não,2,6,False,,True,,False,False,False,,False,False,1,8,False,False,False,,False,,True,True,True,True,True,,True,105214533632.0,7.14,0.57,3.05,9.28,7.99,14.73,0.0,21.83,,,,,2.65,66.23,-13.8,4.01,0.79,,92.12,7.71,17.8,27.31,3.5,-32.5,-11.6,1.22,0.74,18.43000030517578,12.211932653658407,15.535053470380966,23.454568459187712,43.33412859219215,30.908746081737064,17.30419299239825,11.272811547524626,,17.126436893906334,16.419623231389608,14.777660908250647,4,True,1.9,-19.817359394722477,-7.073051490418925,2026-11-11,2026-09-02,próxima,"O Banco do Brasil (BBAS3) apresenta um cenário de valuation intrigante, onde múltiplos de preço historicamente baixos, como o P/L de 7,14 e o P/VP de 0,57, convivem com indicadores de rentabilidade que se posicionam abaixo dos pares do setor de produtos financeiros. O ROE de 8,0% e o ROIC de 0,0% situam-se abaixo das médias setoriais de 15,9% e 0,2%, respectivamente, sugerindo que o desconto no preço atual reflete uma eficiência operacional e de retorno sobre o capital mais tímida no momento. Essa compressão de rentabilidade é acompanhada por uma retração histórica, evidenciada pelo CAGR de receita de 5 anos em -13,8%, consideravelmente abaixo da média positiva de 4,2% do setor, o que acende um alerta sobre a capacidade de expansão da companhia. No que tange aos proventos, o dividend yield de 3,05% mostra-se moderado e coerente com a atual geração de caixa, embora o checklist de critérios revele fragilidades estruturais ao atender apenas 2 de 6 requisitos, falhando em superar a taxa Selic ou as médias setoriais de rentabilidade e crescimento. Sob a ótica do valuation por preço-teto, observa-se uma dispersão acentuada entre os métodos de cálculo, variando desde os conservadores R$ 12,21 por Bazin e R$ 15,54 por Gordon, até estimativas mais otimistas de R$ 23,45 por DCF e R$ 43,33 por Graham. Essa disparidade resulta em uma média de preço-teto de R$ 17,13 e uma mediana de R$ 16,42, as quais, quando ajustadas pela margem de segurança, estabelecem uma referência de R$ 14,78. Frente ao preço atual de R$ 18,43, essa métrica ajustada indica um upside negativo de -19,8%, alinhando-se à tendência gráfica de baixa do papel no mercado. Em um balanço final, os principais prós da tese residem no robusto valor de mercado superior a R$ 105 bilhões, na sólida margem líquida de 21,83% e na ausência de venda de ações por insiders, enquanto os contras concentram-se no fraco desempenho operacional frente ao setor, na contração histórica de receita e no prêmio de preço atual em relação às principais métricas de preço-teto ajustado.",,False,True,22.29,-17.32,Em Baixa,21.350000381469727,-13.67681510126949,-33.08519279305844,False,False,False,sem sinal (Em Baixa; sem novo topo (-13.7%))
SMTO3,SMALL11,SMALL11,Bens de primeira necessidade,45.74,50.28,20.0,,,0.0,,42.68,72.33,47.15,35.66,88,Fundo duplo,3,8,False,,True,,False,False,True,False,False,False,2,10,False,True,False,False,False,True,True,False,True,True,True,0.99,True,5942256128.0,7.29,0.8,1.22,3.4,11.0,14.59,6.36,11.43,3.72,2.38,3.16,1.65,0.88,24.8,-39.3,9.54,3.45,0.45,68.55,31.45,12.82,21.12,43.6,-12.8,12.9,0.61,0.25,18.40999984741211,4.4728943339940335,8.297218989558932,33.46124800798496,36.160654815967796,29.48081254697287,11.143547533842366,19.87778266567266,42.09185694755401,,,,6,False,9.4,,,n/d,n/d,,,Fundo duplo,False,False,,,Lateral,17.799999237060547,3.426969867962182,-13.960555607673331,False,True,False,Fundo duplo — rompeu pescoço ~R$16.37 (candidato)
SYNE3,SMALL11,SMALL11,Imobiliário,45.73,46.74,40.0,,,0.8,DY5a=128.6%>=20,45.93,57.99,34.49,,89,Não,2,8,False,,False,,False,False,False,True,False,False,4,10,False,False,False,True,False,False,False,True,True,True,False,0.72,True,552572864.0,9.84,0.77,73.54,128.58,7.8,14.02,6.47,16.16,4.54,3.1,1.45,0.5,1.26,1265.22,-67.2,12.07,3.08,0.36,40.97,29.56,3.49,5.11,3.7,-29.2,-8.0,1.0,0.45,3.619999885559082,33.24704475477754,61.67326802011234,4.874491715818885,6.238165665881556,11.036585016948422,6.468000000000001,2.78647494094574,9.06125761790893,,,,5,False,22.1,,,n/d,n/d,,,,False,False,,,Em Baixa,4.090000152587891,-11.49144864289119,-30.57872826418464,False,False,False,sem sinal (Em Baixa; sem novo topo (-11.5%))
QUAL3,SMALL11,SMALL11,Cuidados de saúde,45.46,51.52,11.11111111111111,,,0.2,,53.44,72.74,40.12,12.59,90,Não,3,7,False,,False,,False,False,False,True,,False,1,9,True,False,True,False,,False,False,True,False,False,True,0.61,True,455423104.0,17.42,0.34,0.56,1.25,1.96,0.44,22.61,1.09,1.48,2.0,0.92,0.89,11.36,21.74,,3.29,4.68,0.47,66.78,32.76,1.39,2.71,15.8,-40.5,-7.7,1.95,0.57,1.6100000143051147,0.14351690393024485,0.1636483514947742,0.7527630123764409,3.1380048110273493,0.25710786414830616,1.0830465605575215,0.3360108459622924,,,,,5,False,21.9,,,n/d,n/d,,,,False,False,,,Lateral,1.7200000286102295,-6.395349562522712,-42.618247849865284,False,False,False,sem sinal (Lateral)
RENT3,BOVA11+Wishlist,BOVA11,Bens Industriais,45.26,44.42,50.0,,,0.7,,55.86,47.07,19.03,37.06,91,Não,1,8,False,,True,,False,False,True,False,True,True,5,10,False,False,False,False,False,False,True,False,False,False,False,1.37,True,37468536832.0,10.52,1.33,6.4,3.46,12.63,7.58,12.27,7.39,4.79,4.1,1.14,1.71,1.31,36.43,24.5,7.36,6.27,0.33,70.15,29.84,31.14,51.57,8.9,-34.2,-18.8,1.78,0.79,33.91999816894531,8.391158565652898,15.565599139286123,42.72243115385222,43.01435240124858,37.05303829045968,50.25296817829916,24.884840229547212,58.32386122718121,42.708581913431345,42.8683917775504,38.58155259979536,6,True,7.0,13.742790927146409,25.909741211402014,2026-11-05,2026-06-29,última,"A Localiza (RENT3) apresenta um perfil de investimento que exige cautela, refletido em um score de qualidade moderado de 56,0 e uma eficiência operacional que atualmente se posiciona abaixo de seus pares. O retorno sobre o patrimônio líquido de 12,6% (setor 14,5%) e o retorno sobre o capital investido de 12,3% (setor 12,6%) mostram-se abaixo da média setorial e aquém da taxa Selic, revelando uma compressão de rentabilidade que convive com múltiplos de preço descontados, como o preço sobre lucro de 10,52 e o preço sobre valor patrimonial de 1.33. Essa rentabilidade pressionada é acompanhada por um endividamento elevado, visto que a relação entre dívida líquida e EBITDA de 4,1 vezes supera significativamente a média do setor de 2,39 vezes, limitando a flexibilidade financeira da companhia. Apesar dessa alavancagem expressiva, o rendimento de dividendos de 6,4% mostra-se atrativo, embora sua sustentabilidade futura possa ser testada diante de uma margem líquida de 7,39% e da necessidade de amortização de obrigações. No quesito expansão, o crescimento anual composto da receita nos últimos cinco anos foi de 24,5%, o que, embora robusto em termos absolutos, ainda fica ligeiramente abaixo da média setorial de 26,9%. Essa perda de tração frente aos concorrentes e a estrutura de capital pesada justificam o fato de a empresa atender a apenas um dos oito critérios do checklist fundamentalista, evidenciando fragilidades estruturais no momento. Sob a ótica do valuation, as estimativas de preço-teto revelam uma enorme dispersão entre os métodos de fluxo de caixa descontado e Graham, que superam os 43,00 reais, e os modelos de Bazin e Gordon, que ficam abaixo de 16,00 reais devido ao peso dos dividendos e do crescimento projetado. Tomando a média ajustada com margem de segurança de 38,58 reais como referência, há um potencial de valorização de 13,7% em relação à cotação atual de 33,92 reais, embora o papel enfrente uma tendência gráfica de baixa. Em balanço, a RENT3 destaca-se positivamente por sua escala de mercado consolidada e um potencial de valorização interessante perante os modelos de fluxo de caixa, mas traz como contrapartidas de peso uma alavancagem financeira muito superior à do setor, rentabilidade abaixo dos pares e um fraco desempenho no checklist de qualidade.",,True,False,,,Em Baixa,39.20000076293945,-13.469394110282707,-35.62053711759998,False,False,False,sem sinal (Em Baixa; sem novo topo (-13.5%))
VALE3,BOVA11,BOVA11,Materiais,45.03,49.45,20.0,,,1.0,,50.98,36.77,43.22,86.71,92,Rompimento,4,8,False,,True,,False,False,False,True,False,False,2,10,True,False,True,False,False,True,True,False,False,True,True,0.41,True,319309873152.0,31.69,1.67,7.58,10.47,5.27,24.52,18.11,4.76,4.39,1.04,1.19,0.55,,331.69,-43.5,9.05,7.92,0.39,60.3,38.73,48.99,87.63,53.2,-14.4,-3.1,0.82,0.56,75.02999877929688,56.09450009504767,81.67359213838942,24.62328770289326,48.92229738648273,,43.166666666666664,6.324937912693737,86.4409661688745,,,,6,False,13.7,,,n/d,n/d,,,Rompimento,False,False,,,Lateral,74.56759643554688,0.6201116381023164,-15.809452982042282,False,True,False,"Rompimento (vol x1.5, +0.6% do topo, MM50>MM200)"
RADL3,BOVA11,BOVA11,Bens de primeira necessidade,44.81,43.89,50.0,,,0.0,,64.07,20.47,42.33,14.69,93,Não,6,8,False,,True,,False,False,True,False,True,True,5,10,True,True,True,False,True,True,True,False,False,True,True,1.08,True,32225521664.0,22.94,4.22,2.5,1.44,18.41,18.18,16.71,2.88,6.62,2.06,1.41,1.18,1.86,33.13,14.4,15.79,7.8,0.84,70.85,29.09,16.14,26.71,14.2,-31.0,-4.3,1.21,0.57,18.43000030517578,1.9013931692515535,3.527084328961631,10.645052486642504,8.885127601638729,11.050343578082286,7.584866267438297,8.36276414172503,13.704106554897628,9.10847785134087,8.885127601638729,7.996614841474856,7,True,7.2,-56.61088058023998,-50.57798317679412,n/d,n/d,,,,False,False,,,Em Baixa,20.549999237060547,-10.316296888524889,-32.06074652285449,False,False,False,sem sinal (Em Baixa; sem novo topo (-10.3%))
RANI3,SMALL11,SMALL11,Materiais,44.5,48.82,20.0,,,1.0,,50.26,44.53,37.24,76.22,94,Não,3,8,False,,True,,False,False,False,False,False,False,2,10,False,True,True,False,False,False,True,False,False,True,True,0.78,True,1778323840.0,13.67,1.24,5.24,9.01,9.03,25.63,11.69,7.65,4.97,2.42,2.1,1.38,,123.17,-70.2,5.45,4.4,0.56,63.24,36.76,7.02,9.51,10.2,-18.6,-4.1,0.65,0.47,7.739999771118164,4.981494641573064,7.253056198130381,5.888514822211331,8.917376575593401,,4.91387477971708,1.5125718018592296,7.527787336993525,6.580350725703131,6.570785510170856,5.91370695915377,6,True,5.9,-23.59551506421501,-14.982546249449102,n/d,n/d,,,,False,False,,,Em Baixa,8.384929656982422,-7.691536032472291,-20.234119215969127,False,False,False,sem sinal (Em Baixa; sem novo topo (-7.7%))
FESA4,SMALL11,SMALL11,Materiais,44.32,48.61,20.0,,,1.0,,29.79,54.8,72.18,70.63,95,Não,2,8,False,,True,,False,False,False,True,False,False,2,10,False,False,False,False,False,True,True,False,False,True,True,-0.12,True,1704504064.0,11.52,0.52,14.6,8.28,4.49,15.62,3.69,6.78,3.14,-3.62,3.61,0.12,55.47,95.37,-76.0,3.59,-1.74,1.53,26.31,73.65,4.8,8.69,4.8,-42.1,-22.7,1.14,0.56,5.03000020980835,2.9745332709695473,3.0255968248713523,3.172339896974077,9.748355328238148,3.7055700816682955,5.23629369711726,1.2234336648226016,6.34038470722652,4.075786413137842,3.438954989321186,3.0950594903890676,6,True,8.0,-38.468004745729544,-18.970452422841245,n/d,n/d,,,,False,False,,,Em Baixa,6.159999847412109,-18.34415041549857,-43.48314128760611,False,False,False,sem sinal (Em Baixa; sem novo topo (-18.3%))
FRAS3,SMALL11,SMALL11,Consumo discricionário,43.44,42.28,50.0,,,0.9,,56.1,15.95,49.48,31.47,96,Rompimento,5,8,False,,True,,False,False,True,False,True,True,5,10,True,False,True,False,True,True,True,False,False,True,True,0.48,True,6461907456.0,21.75,2.53,2.71,3.07,11.62,14.99,15.27,5.39,7.36,1.25,2.41,1.01,5.62,66.7,141.0,14.37,6.9,0.72,65.64,34.06,18.96,25.01,22.9,-6.8,9.6,0.82,0.53,23.299999237060547,5.103749872098282,7.326169224858906,10.983889972887399,14.899005299432151,7.430483585956468,8.444015827145885,5.467430363138339,11.244310518994158,8.862381833063948,7.937249706551176,7.143524735896059,8,True,2.9,-69.34109455019338,-61.9640252220798,n/d,n/d,,,Rompimento,False,False,,,Em Alta,22.729999542236328,2.507697784001528,-7.258323964055569,False,True,False,"Rompimento (vol x0.8, +2.5% do topo, MM50>MM200)"
USIM5,BOVA11+SMALL11,BOVA11,Materiais,43.43,47.57,20.0,,,1.0,P/L=-3.28<2,10.56,90.95,71.01,58.74,97,Não,4,8,False,,False,,False,False,False,True,True,False,2,10,False,False,False,False,True,True,True,True,False,False,True,-0.02,True,8062674944.0,-3.28,0.37,0.0,6.26,-11.18,-0.65,4.67,-9.36,3.0,-0.18,4.44,0.27,,,301.7,5.73,1.64,1.4,33.58,58.33,3.97,12.04,65.0,-45.6,-22.5,0.93,0.36,6.550000190734863,2.928359230191064,5.432106372004423,,,,,,10.469526784951219,6.276664129048901,5.432106372004423,4.888895734803981,3,True,3.6,-25.360372634500916,-4.173069522541439,n/d,n/d,,,,False,False,,,Em Baixa,7.559999942779541,-13.35978518107418,-46.22331669440517,False,False,False,sem sinal (Em Baixa; sem novo topo (-13.4%))
AXIA3,BOVA11+Carteira,BOVA11,Serviços públicos,43.35,40.41,60.0,,,0.1,,43.88,23.72,50.96,45.45,98,Pivô de alta,3,8,False,,True,,False,False,False,True,True,True,6,10,False,False,False,True,False,True,True,False,True,False,True,0.54,True,118058819584.0,12.48,1.23,2.9,4.28,9.86,5.35,3.25,27.05,15.14,2.95,2.05,0.63,2.71,53.37,9.7,8.9,3.03,0.39,57.63,42.34,40.32,67.15,28.6,-22.8,-6.0,1.39,0.65,51.849998474121094,15.838543207940468,24.66748909932537,46.2184991091708,62.7740513918921,36.86889401553466,26.81486143403115,23.105373374976775,20.555910965789746,32.10545282483263,25.741175266678262,23.167057740010435,8,True,4.0,-55.31907729645668,-38.080127734513205,2026-11-04,2025-11-17,última,"A análise fundamentalista da AXIA3 revela uma empresa de serviços públicos que opera com métricas de rentabilidade abaixo de seus pares, evidenciada pelo ROE de 9,9% frente à média setorial de 12,1% e pelo ROIC de 3,2% contra os 9,6% do setor, sugerindo uma eficiência na alocação de capital aquém do ideal. Essa qualidade operacional moderada convive com múltiplos de preço que não se mostram descontados, uma vez que o P/L de 12,48 e o P/VP de 1,23 não parecem compensar o baixo retorno sobre o capital investido. No que tange à relação entre rentabilidade e endividamento, a companhia demonstra solidez financeira ao manter uma relação Dívida Líquida/EBITDA de 2,95, patamar que se posiciona abaixo do limite de segurança e da média setorial de 3,4, além de apresentar uma confortável liquidez corrente de 2,05. Essa estrutura de capital controlada, contudo, não se traduz em proventos robustos, visto que o dividend yield de 2,9% é tímido e reflete a necessidade de sustentabilidade frente a um crescimento de receita de longo prazo modesto, cujo CAGR de 5 anos de 9,7% ficou muito abaixo dos 36,5% da média do setor. O checklist de critérios reforça esse cenário de cautela ao registrar apenas 3 de 8 requisitos atendidos, penalizado principalmente pela rentabilidade inferior à taxa Selic e ao setor, além da ocorrência de venda de ações por iniciados. Sob a ótica do valuation, os métodos de preço-teto apresentam uma dispersão acentuada, variando desde os conservadores R$ 15,84 pelo modelo de Bazin até os otimistas R$ 62,77 pela fórmula de Graham. Diante do preço atual de R$ 51,85, a média dos modelos de R$ 32,11 e o preço-teto ajustado com margem de segurança de R$ 23,17 indicam um prêmio elevado sobre o valor intrínseco, resultando em um upside negativo de 55,3% em relação ao valor ajustado. Em balanço, a AXIA3 destaca-se positivamente por sua robusta margem líquida de 27,05% e pelo endividamento sob controle, mas traz como contrapartidas o fraco crescimento histórico frente aos pares, a baixa rentabilidade sobre o capital e um preço de tela desalinhado com as principais métricas de fluxo de caixa e dividendos descontados.",Pivô de alta,False,True,59.55,-12.93,Lateral,53.709999084472656,-3.4630434594240755,-23.57016321776929,False,True,False,Pivô de alta
PNVL3,SMALL11,SMALL11,Bens de primeira necessidade,43.15,38.41,70.0,,,0.0,,39.67,44.3,36.23,22.38,99,Não,4,8,False,,True,,False,False,True,False,True,True,7,10,False,True,False,False,True,False,True,True,False,False,True,0.81,True,1719313536.0,12.12,1.27,2.96,2.49,10.45,8.49,9.66,2.33,5.45,4.17,1.75,1.07,1.66,30.18,17.6,7.87,4.98,0.9,66.54,33.46,8.82,16.07,30.6,-28.4,-4.8,1.37,0.69,11.510000228881836,2.046903830704178,3.7970066059562497,12.583127312927747,13.91596798459395,9.293841413639662,5.750529176687009,6.892617906828016,11.510000228881836,9.106155804216353,9.293841413639662,8.364457272275695,7,True,6.8,-27.32878274592112,-20.884833856332683,n/d,n/d,,,,False,False,,,Em Baixa,12.4399995803833,-7.475879283532983,-29.36604817437449,False,False,False,sem sinal (Em Baixa; sem novo topo (-7.5%))
SUZB3,BOVA11,BOVA11,Materiais,42.64,48.4,10.0,,,1.0,,53.97,60.02,30.18,30.77,100,Rompimento,5,8,False,,False,,False,False,True,False,False,False,1,10,True,True,False,True,False,False,True,True,True,True,False,1.68,False,55383285760.0,6.83,1.12,0.01,3.06,16.44,27.73,5.54,17.08,6.23,3.68,3.38,1.99,0.53,20.92,-64.0,6.17,3.15,0.57,73.83,26.09,39.68,58.97,13.3,-23.7,4.1,0.43,0.27,44.970001220703125,9.838905057320682,18.25116888132986,87.2404855306466,77.1249321965295,105.76641460774991,16.022417951336188,71.39415944547783,21.47721370973472,,,,5,False,10.7,,,n/d,n/d,,,Rompimento,False,False,,,Lateral,44.15999984741211,1.8342422465802644,-24.60257003332552,False,True,False,"Rompimento (vol x2.0, +1.8% do topo, MM50>MM200)"
VAMO3,BOVA11+SMALL11,BOVA11,Bens Industriais,42.53,46.51,20.0,,,0.7,,52.86,57.93,27.23,27.97,101,Não,4,8,False,,True,,False,False,False,False,False,False,2,10,True,False,True,False,False,False,True,True,False,True,False,3.87,False,3347569152.0,9.59,0.92,5.02,2.93,9.57,14.8,15.52,5.1,3.72,3.09,1.67,4.84,1.39,28.08,-1.9,4.58,7.32,0.32,88.84,11.16,2.48,4.82,10.5,-43.2,-17.0,2.07,0.66,2.740000009536743,0.5730592398113289,1.063024889850015,3.785714298890703,4.375609999325433,2.803083786144706,2.6497909206608576,1.999351622912576,9.553743163696806,,,,5,False,16.7,,,n/d,n/d,,,,False,False,,,Em Baixa,3.4200000762939453,-19.883042444083177,-44.53441340487693,False,False,False,sem sinal (Em Baixa; sem novo topo (-19.9%))
AZZA3,BOVA11+SMALL11,BOVA11,Consumo discricionário,40.04,40.05,40.0,,,0.9,,26.23,60.6,46.6,37.76,102,Não,2,8,False,,True,,False,False,False,True,True,True,4,10,False,False,False,False,False,True,True,False,False,True,True,0.02,True,3060943104.0,9.56,0.39,16.49,3.53,4.03,11.4,5.88,2.85,3.65,2.18,2.26,0.49,3.58,33.78,21.9,3.17,3.32,0.93,48.36,51.64,14.87,31.78,1.8,-52.4,-20.7,1.29,0.51,15.140000343322754,3.8207288541980757,4.8466119979299345,14.349342176059874,37.19254476638278,9.821793038030878,48.39655993066635,6.887403038751716,20.789053298532387,,,,5,False,12.7,,,n/d,n/d,,,,False,False,,,Em Baixa,17.010000228881836,-10.993532395043404,-53.626196965304416,False,False,False,sem sinal (Em Baixa; sem novo topo (-11.0%))
UNIP6,SMALL11,SMALL11,Materiais,39.98,43.5,20.0,,,1.0,,54.06,9.87,35.3,96.5,103,Não,4,8,False,,True,,False,False,True,False,False,False,2,10,False,True,True,False,False,False,True,True,False,True,True,1.25,True,6594636800.0,24.65,3.29,11.16,15.84,13.34,34.18,11.66,5.09,8.87,2.72,2.39,1.85,,390.38,-46.1,11.17,4.48,0.47,74.89,24.93,52.32,71.62,12.9,-17.5,-3.4,0.73,0.42,59.08000183105469,66.83145622421841,97.30660026246203,24.926248237037274,31.118979632944068,,30.036623802606314,6.4027588191290805,20.92761176925541,,,,5,False,15.2,,,n/d,n/d,,,,False,False,,,Em Baixa,63.689998626708984,-7.2381800833028365,-18.731151807956834,False,False,False,sem sinal (Em Baixa; sem novo topo (-7.2%))
EMBJ3,BOVA11,BOVA11,Bens Industriais,39.57,34.79,66.66666666666667,,,0.7,,46.86,11.64,49.78,8.39,104,Não,4,8,False,,False,,False,,True,True,True,False,6,9,False,False,False,False,True,True,True,True,False,False,True,0.14,True,69240004608.0,31.24,4.06,1.0,0.72,13.01,5.09,9.61,5.28,11.87,0.52,1.44,0.69,3.09,22.35,113.9,16.71,3.7,0.82,70.5,26.66,68.4,103.57,42.2,-6.1,19.7,0.81,0.37,97.2699966430664,4.970373420402488,9.220042694846615,41.25568039438636,40.968647853500855,33.68280961814577,17.742808736689362,28.089803426926988,40.8182622247961,,,,6,False,8.3,,,n/d,n/d,,,,False,False,,,Em Alta,101.29000091552734,-3.9688066305908043,-7.4576652662251774,False,False,False,sem sinal (Em Alta)
ENGI11,BOVA11,BOVA11,Serviços públicos,39.38,39.27,40.0,,,0.1,,43.55,38.95,23.82,51.75,105,Não,3,8,False,,True,,False,False,False,False,True,True,4,10,False,False,True,False,False,False,True,True,False,True,True,2.32,True,13709227008.0,14.51,1.13,2.6,5.38,7.78,17.19,10.25,4.13,5.63,4.32,1.56,1.99,8.51,78.07,7.9,18.56,4.83,0.34,74.62,23.0,41.02,57.51,9.1,-22.2,-9.0,1.31,0.86,44.7599983215332,17.202701118211145,19.923895593589805,25.519503861887753,52.43344498202225,21.860378424228042,23.392357997611626,11.548484590403461,118.17857581376931,,,,7,False,10.2,,,n/d,n/d,,,,False,False,,,Em Baixa,49.778621673583984,-10.08188492031714,-23.61892407661316,False,False,False,sem sinal (Em Baixa; sem novo topo (-10.1%))
SAUD3,SMALL11,SMALL11,Cuidados de saúde,39.24,35.58,60.0,,,0.2,,33.05,7.54,66.16,55.94,106,Não,3,8,False,,True,,False,False,False,True,False,True,6,10,False,False,False,False,False,True,True,True,True,True,True,-0.69,True,40694669312.0,38.29,2.16,0.97,6.04,5.63,39.67,4.59,9.86,20.71,-7.41,1.06,0.01,,231.41,-19.6,9.24,5.03,0.66,34.2,65.77,10.45,16.09,33.2,-13.5,-2.5,0.77,0.38,13.920000076293945,6.00918913384553,8.749379378879093,3.7808305247703586,7.260406517388281,,14.516166036785778,0.9711748738077708,6.298653083730371,,,,6,False,14.9,,,n/d,n/d,,,,False,False,,,Em Baixa,16.09000015258789,-13.486638009415596,-15.530619374611254,False,False,False,sem sinal (Em Baixa; sem novo topo (-13.5%))
SLCE3,BOVA11+SMALL11,BOVA11,Bens de primeira necessidade,39.07,42.44,20.0,,,0.0,,44.3,33.69,37.89,65.03,107,Não,2,8,False,,True,,False,False,False,False,True,False,2,10,False,False,False,False,True,False,True,False,False,True,True,1.91,True,7886387200.0,19.45,1.39,5.31,7.05,7.16,17.38,10.84,4.41,6.34,4.47,2.2,1.82,1.16,137.11,16.8,11.28,6.41,0.63,73.5,23.57,12.62,19.32,25.9,-17.8,3.9,0.5,0.37,15.890000343322754,8.001188573769976,14.842204804343304,10.824807431826553,14.495992735416587,19.484249141419124,9.032508696563744,9.885295843403872,8.319645496716781,11.860736590432493,10.355051637615212,9.319546473853691,8,True,2.4,-41.34961439588689,-25.35722885986862,n/d,n/d,,,,False,False,,,Lateral,15.149999618530273,4.884493355942854,-18.429154431599326,False,False,False,sem sinal (Lateral)
SMFT3,BOVA11+SMALL11,BOVA11,Consumo discricionário,38.7,38.47,40.0,,,0.9,,51.24,40.46,13.91,25.17,108,Não,1,8,False,,False,,False,False,True,False,False,False,4,10,False,False,False,False,False,False,True,False,True,False,False,1.82,False,10623329280.0,14.99,1.69,6.04,2.63,11.3,9.4,10.6,8.53,3.82,4.32,1.2,2.24,2.19,39.39,-6.3,8.53,5.98,0.3,73.66,26.34,16.61,26.03,4.2,-33.5,-8.5,1.3,0.63,17.309999465942383,3.2494240361319404,6.027681587024749,15.300699994912378,16.313387217497667,10.94312901813454,13.035353302387822,8.055822804798217,,11.612678987459228,11.98924116026118,10.790317044235062,6,True,5.0,-37.66425547577208,-32.91346420716359,n/d,n/d,,,,False,False,,,Em Baixa,20.040000915527344,-13.622761102120052,-34.44122236269903,False,False,False,sem sinal (Em Baixa; sem novo topo (-13.6%))
HAPV3,BOVA11+SMALL11,BOVA11,Cuidados de saúde,38.14,36.05,50.0,,,0.2,P/L=-17.63<2,12.79,80.7,47.8,5.59,109,Não,1,7,False,,False,,False,,False,True,,False,4,8,False,False,False,False,,False,True,False,False,False,True,0.16,True,3107075072.0,-17.63,0.06,0.0,0.13,-0.36,-1.11,2.12,-1.35,4.06,3.36,1.79,0.33,,,,5.59,1.21,0.45,33.25,66.74,6.09,41.71,7.4,-84.3,-40.9,1.62,0.36,6.539999961853027,0.06225926237945428,0.09064948602448543,,,,,,18.247104389308415,,,,2,False,293.1,,,n/d,n/d,,,,False,False,,,Em Baixa,11.90999984741211,-45.08816082584514,-84.66947964077463,False,False,False,sem sinal (Em Baixa; sem novo topo (-45.1%))
RAIL3,BOVA11,BOVA11,Bens Industriais,38.06,35.95,50.0,,,0.7,,52.17,26.52,22.57,13.29,110,Pivô de alta,2,8,False,,False,,False,False,False,False,True,True,5,10,False,False,False,False,True,False,True,False,True,False,False,1.64,False,26444003328.0,21.04,1.78,0.78,1.31,8.48,1.9,12.06,8.53,5.91,3.16,1.31,2.01,3.43,27.57,56.8,11.43,7.07,0.25,73.88,25.74,12.33,17.04,15.6,-16.4,-1.2,1.14,0.58,14.25,1.3335497916593015,2.4737348635280045,8.973978136882128,11.0451916143095,5.047498712210434,7.700959808846805,4.424263807817628,11.01707500057509,,,,6,False,8.3,,,n/d,n/d,,,Pivô de alta,False,False,,,Lateral,14.4399995803833,-1.315786605987268,-17.76631468905798,False,True,False,Pivô de alta
YDUQ3,BOVA11+SMALL11,BOVA11,Consumo discricionário,37.22,36.73,40.0,,,0.9,,36.16,45.96,25.26,39.16,111,Não,1,8,False,,False,,False,False,False,False,True,False,4,10,False,False,False,False,False,False,True,False,False,False,False,1.48,True,2002511744.0,17.96,0.7,7.65,3.6,3.89,5.03,11.35,2.04,3.66,3.14,1.61,1.72,13.07,64.66,1.0,3.72,7.39,0.4,70.08,29.69,7.32,14.76,7.5,-46.7,-15.6,1.66,0.62,7.869999885559082,2.0238999056968803,2.275113360664431,3.5184741830725557,10.528434483127423,2.180016752481151,5.934376195040268,1.5492396398114658,16.032724174794698,,,,6,False,10.3,,,n/d,n/d,,,,False,False,,,Em Baixa,8.380000114440918,-6.085921502590108,-48.528450587351735,False,False,False,sem sinal (Em Baixa; sem novo topo (-6.1%))
CBAV3,SMALL11,SMALL11,Materiais,37.11,38.36,30.0,,,1.0,,41.0,36.34,39.08,30.07,112,Rompimento,5,8,False,,False,,False,False,True,True,True,False,3,10,False,True,False,False,True,True,True,True,False,False,True,0.57,True,7278992896.0,12.16,1.44,0.4,3.04,11.81,-1.32,6.25,6.41,6.52,1.95,2.06,0.89,1.63,37.0,28.1,9.56,3.49,0.48,67.68,30.73,2.83,11.18,295.3,0.0,4.0,0.34,0.16,11.180000305175781,2.429769116868315,4.5072217117907245,12.182154937794332,12.6731635900433,9.638258824429993,0.7924092815859846,6.756081158952081,7.218312197589811,,,,6,False,16.0,,,n/d,n/d,,,Rompimento,False,False,,,Em Alta,11.170000076293945,0.08952756323663547,-0.08935903112140542,False,True,False,"Rompimento (vol x0.7, +0.1% do topo, MM50>MM200)"
TIMS3,BOVA11,BOVA11,Comunicação,36.98,31.15,70.0,,,0.4,,31.57,7.48,37.95,74.83,113,Não,3,8,False,,True,,False,False,False,True,True,True,7,10,False,False,False,True,True,False,True,False,True,True,True,0.49,True,43975397376.0,3193.35,1.74,8.05,8.95,0.05,11.85,0.76,15.78,111.26,1.05,0.85,0.66,1277.34,28583.46,2.5,8.71,7.75,0.43,57.89,42.11,17.94,27.96,2.6,-34.2,-18.7,0.79,0.49,18.40999984741211,11.770474400895099,14.687505013290838,,,,30.75,,0.7028923342180815,,,,3,False,43.7,,,n/d,n/d,,,,False,False,,,Em Baixa,19.43000030517578,-5.249616272481283,-35.060886194127136,False,False,False,sem sinal (Em Baixa; sem novo topo (-5.2%))
POSI3,SMALL11,SMALL11,Tecnologia de informação,36.35,37.47,30.0,,,0.5,,22.0,51.76,41.01,64.34,114,Não,0,8,False,,True,,False,False,False,True,True,False,3,10,False,False,False,False,False,False,False,False,False,True,True,0.47,True,470800512.0,37.54,0.3,5.44,6.89,0.8,10.68,6.93,0.27,3.71,2.39,1.82,0.78,3.26,258.79,11.5,2.02,3.74,0.97,64.77,35.23,3.28,4.72,3.7,-28.0,-13.7,1.1,0.5,3.4000000953674316,1.6741741824628713,3.105593108468626,1.200053310165649,4.8057638560040346,1.6659147483006305,0.5791270837062977,0.8966436053313155,8.485541776045682,,,,5,False,14.7,,,n/d,n/d,,,,False,False,,,Em Baixa,3.549999952316284,-4.225348139821284,-29.166667494508925,False,False,False,sem sinal (Em Baixa; sem novo topo (-4.2%))
BRAP4,BOVA11+SMALL11,BOVA11,Basic Materials,35.57,35.97,33.333333333333336,,,1.0,DY5a=24.3%>=20,16.34,40.32,74.72,,115,Não,5,7,False,,True,,False,False,False,True,True,False,3,9,False,True,True,False,True,,True,True,False,True,True,,True,8266822144.0,13.73,1.0,11.54,24.25,7.26,23.82,-0.47,0.0,-208.84,,5.99,0.0,1.89,332.96,73.9,2.81,-0.76,,4.4,95.6,13.96,25.49,50.6,-17.5,-6.6,0.89,0.62,21.030000686645508,36.427417050625735,67.57285862891074,20.294793087986374,26.921253486408467,45.950474916195574,15.342069641277186,11.081504055503851,,26.002918706332864,23.60802328719742,21.247220958477676,6,True,6.1,1.0329066321434155,23.64678011087875,n/d,n/d,,,,False,False,,,Em Baixa,22.0,-4.409087787974963,-17.9477121527284,False,False,False,sem sinal (Em Baixa; sem novo topo (-4.4%))
ARML3,SMALL11,SMALL11,Bens Industriais,35.54,36.52,30.0,,,0.7,,35.01,39.79,29.28,49.65,116,Não,2,8,False,,True,,False,False,False,False,True,False,3,10,False,False,False,False,False,False,True,True,False,True,False,1.76,False,1141912064.0,17.5,0.79,14.93,4.79,4.51,11.22,9.85,3.11,4.61,3.06,1.89,2.12,23.94,83.79,20.9,2.97,5.81,0.54,75.09,23.96,2.71,6.17,22.0,-46.5,-12.6,1.83,0.55,3.299999952316284,1.1286671806630417,1.1995357049433144,1.4315124581736411,4.20990816923783,1.0407504172281568,2.1817834003970837,0.5903827176003201,4.738055887769033,,,,6,False,8.0,,,n/d,n/d,,,,False,False,,,Em Baixa,3.559999942779541,-7.303370636019069,-47.61904996178491,False,False,False,sem sinal (Em Baixa; sem novo topo (-7.3%))
SIMH3,SMALL11,SMALL11,Industrials,35.27,37.97,20.0,,,0.7,P/L=-18.02<2,27.43,81.83,17.13,17.48,117,Não,5,8,False,,False,,False,False,False,False,True,False,2,10,False,True,True,False,True,False,True,True,False,False,False,7.83,False,3566769408.0,-18.02,0.56,3.04,2.25,-3.1,-1.12,11.25,-0.4,3.73,3.53,1.28,6.05,,,8.8,1.95,6.03,0.36,91.64,5.09,5.63,14.3,8.5,-57.3,-30.5,2.34,0.69,6.110000133514404,0.9798900305514253,1.8176960066728938,,,,,,50.70376670132609,,,,2,False,51.7,,,n/d,n/d,,,,False,False,,,Em Baixa,7.730000019073486,-20.95730765280457,-58.177302630247695,False,False,False,sem sinal (Em Baixa; sem novo topo (-21.0%))
JSLG3,SMALL11,SMALL11,Bens Industriais,34.42,36.96,20.0,,,0.7,P/L=-13.60<2,22.03,59.06,14.55,93.71,118,Não,1,8,False,,True,,False,False,False,False,False,False,2,10,False,False,False,False,False,False,True,False,False,True,False,5.26,False,1495333120.0,-13.6,1.2,38.53,13.87,-8.83,13.19,9.68,-1.07,4.17,4.15,1.38,6.52,,,-44.0,2.93,4.78,0.43,89.08,10.92,3.81,8.64,37.5,-39.4,-16.4,2.09,0.62,5.239999771118164,5.191433399160125,7.558727029177144,,,,,,,6.3750802141686345,6.3750802141686345,5.737572192751771,2,True,1.5,9.495657316172545,21.661841462413946,n/d,n/d,,,,False,False,,,Em Baixa,5.760000228881836,-9.027785366331786,-40.58956970040353,False,False,False,sem sinal (Em Baixa; sem novo topo (-9.0%))
NATU3,BOVA11+SMALL11,BOVA11,Bens de primeira necessidade,34.23,38.06,12.5,,,0.0,P/L=-3.94<2,25.22,62.42,54.29,2.45,119,Não,2,8,False,,False,,,,False,True,False,False,1,8,False,False,False,False,False,True,True,False,False,True,True,0.35,True,11302268928.0,-3.94,0.83,0.0,0.0,-21.11,16.34,10.18,-12.47,4.66,2.58,1.68,0.54,,,-88.9,8.61,2.55,0.77,55.1,44.9,7.2,10.7,14.3,-23.1,-10.0,1.22,0.44,8.229999542236328,,,,,,,,11.349056657660793,11.349056657660793,11.349056657660793,10.214150991894714,1,True,1.0,24.10876743644672,37.898630484940796,n/d,n/d,,,,False,False,,,Em Baixa,8.5,-3.1764759736902626,-26.188342387395004,False,False,False,sem sinal (Em Baixa; sem novo topo (-3.2%))
RAPT4,SMALL11,SMALL11,Bens Industriais,34.11,40.13,0.0,,,0.7,P/L=-4.64<2,20.01,81.72,30.04,46.85,120,Não,1,8,False,,False,,False,False,False,False,False,False,0,10,False,False,False,False,False,False,True,False,False,False,False,1.92,False,1642319488.0,-4.64,0.53,0.0,4.31,-11.45,8.95,9.51,-2.23,3.82,3.38,2.07,2.19,,,-3.4,3.69,4.72,0.76,74.66,17.25,4.35,6.9,8.3,-31.7,-5.5,1.35,0.59,4.710000038146973,1.4485427913366642,2.109078304186183,,,,,,20.49159912132447,,,,2,False,14.1,,,n/d,n/d,,,,False,False,,,Em Baixa,5.139999866485596,-8.365755632453542,-32.90598218028289,False,False,False,sem sinal (Em Baixa; sem novo topo (-8.4%))
CSNA3,BOVA11+SMALL11,BOVA11,Materiais,33.8,38.0,10.0,,,1.0,P/L=-2.25<2,15.97,78.74,8.12,95.1,121,Não,2,8,False,,False,,False,False,False,False,True,False,1,10,False,False,False,False,False,False,True,True,False,False,False,3.31,False,6351989760.0,-2.25,0.49,0.0,15.41,-21.59,-7.63,8.07,-5.82,4.18,5.46,1.15,3.57,,,5.7,-5.43,2.17,0.39,84.35,12.8,4.28,10.89,11.9,-56.0,-16.3,1.69,0.55,4.789999961853027,5.272756694333563,9.400753441294947,,,,,,,7.336755067814256,7.336755067814256,6.60307956103283,2,True,1.8,37.85134892732665,53.16816547480738,n/d,n/d,,,,False,False,,,Em Baixa,4.949999809265137,-3.232320274288303,-57.685511563722635,False,False,False,sem sinal (Em Baixa; sem novo topo (-3.2%))
AUAU3,SMALL11,SMALL11,Consumo discricionário,33.76,33.83,33.333333333333336,,,0.9,,32.51,52.24,25.43,10.49,122,Não,1,8,False,,,,,,False,True,False,,1,3,False,False,False,False,False,False,True,False,False,False,False,0.77,True,2771756032.0,14.27,0.86,0.95,0.92,6.04,,7.01,3.33,2.95,3.87,1.19,0.74,2.72,13.13,-18.6,9.5,4.03,,,,2.8,3.87,14.8,-16.7,-4.1,0.86,0.42,3.2200000286102295,0.2115801130738232,0.35617389219749107,2.7132580741551475,4.359994309369405,1.3915799205641242,0.5195912720849694,1.3470335931729307,,,,,3,False,20.6,,,n/d,n/d,,,,False,False,,,Em Baixa,3.680000066757202,-12.500000809845702,-20.169427520812434,False,False,False,sem sinal (Em Baixa; sem novo topo (-12.5%))
MYPK3,SMALL11,SMALL11,Consumo discricionário,33.1,35.41,20.0,,,0.9,,25.82,51.37,28.52,52.45,123,Não,1,8,False,,True,,False,False,False,False,True,False,2,10,False,False,False,False,False,False,True,False,False,False,True,0.95,True,1361407232.0,15.16,0.34,3.41,5.42,2.23,4.01,8.93,0.6,3.49,2.9,1.73,1.23,38.08,82.15,0.1,3.92,3.75,0.65,66.29,30.03,8.74,13.84,4.0,-34.3,-2.4,0.82,0.5,9.09000015258789,3.5181874363860315,3.6355921334453236,4.425810707865365,18.991798349568953,3.487725078249162,7.743253938796204,1.7518645909493602,19.989882988658085,,,,6,False,11.4,,,n/d,n/d,,,,False,False,,,Em Baixa,9.710000038146973,-6.385168724236179,-34.660759826909306,False,False,False,sem sinal (Em Baixa; sem novo topo (-6.4%))
CASH3,SMALL11,SMALL11,Comunicação,32.54,28.48,55.55555555555556,,,0.4,P/L=-5.59<2,1.34,43.54,83.71,2.45,124,Não,2,8,False,,False,,False,,False,True,True,False,5,9,False,False,False,False,True,True,False,False,False,False,True,-0.29,True,583348608.0,-5.59,1.31,0.0,0.0,-23.45,-3.01,-16.62,-20.31,-8.69,-1.12,2.68,0.0,,,18.2,6.51,9.61,1.74,18.27,80.69,3.24,5.6,72.8,0.0,29.7,0.97,0.33,5.599999904632568,,,,,,,,,,,,0,True,,,,n/d,n/d,,,,False,False,,,Em Alta,5.460000038146973,2.564100100869404,-2.777783296726144,False,False,False,sem sinal (Em Alta)
DESK3,SMALL11,SMALL11,Comunicação,32.18,32.56,30.0,,,0.4,,40.86,25.54,35.1,7.69,125,Não,3,8,False,,True,,False,False,False,False,False,True,3,10,False,True,True,False,False,False,True,False,False,False,True,0.9,True,2196932608.0,39.44,1.54,0.77,0.44,3.91,6.21,11.53,4.54,5.26,2.09,1.41,1.21,12.18,17.2,-30.5,11.12,6.45,0.32,62.73,36.49,7.85,18.95,140.7,-0.3,4.5,0.68,0.2,18.899999618530273,0.5886462652680234,0.7905161455749169,4.596774558140896,11.503347539560892,1.7604334071662622,0.6741635957577874,2.2553895779194812,18.899999618530273,,,,3,False,32.1,,,n/d,n/d,,,,False,False,,,Em Alta,18.950000762939453,-0.2638582712195303,-1.511208480753623,False,False,False,sem sinal (Em Alta)
TTEN3,SMALL11,SMALL11,Bens de primeira necessidade,30.74,27.34,50.0,,,0.0,,29.89,31.79,24.11,11.19,126,Não,2,8,False,,True,,False,True,True,False,False,True,5,10,False,True,False,False,False,False,True,False,False,True,False,0.75,True,5649972736.0,9.24,1.09,1.67,0.95,11.76,18.41,4.0,3.19,17.07,7.5,1.36,1.03,0.86,8.79,-37.7,5.62,1.74,0.97,64.13,35.82,9.93,17.74,13.7,-36.4,-23.6,0.82,0.38,11.289999961853027,0.7667711041691059,1.4223603982336912,16.189664447462402,16.8746962811172,14.26845331489242,1.7461615755402042,11.502599524429513,,,,,4,False,22.0,,,n/d,n/d,,,,False,False,,,Em Baixa,12.069999694824219,-6.462301182208529,-36.92737317063685,False,False,False,sem sinal (Em Baixa; sem novo topo (-6.5%))
PRNR3,SMALL11,SMALL11,Bens Industriais,30.62,32.5,20.0,,,0.7,,39.27,26.68,33.1,15.38,127,Não,3,8,False,,False,,False,False,False,False,True,False,2,10,False,False,False,False,True,True,True,False,False,False,True,1.18,True,955439936.0,20.84,1.91,0.0,1.69,9.17,4.0,10.43,2.06,5.5,2.34,1.85,1.75,3.5,35.13,27.8,4.79,6.02,0.64,70.26,25.54,14.63,21.97,14.6,-23.7,-10.3,1.16,0.6,16.760000228881836,2.0181078659606926,3.717810768004918,10.582570629889803,12.600846999034319,6.139609562288882,5.55263950021165,5.155430478205053,15.62145641770931,7.291484656272438,5.8461245312502665,5.26151207812524,6,True,7.7,-68.6067302728416,-56.49472221541313,n/d,n/d,,,,False,False,,,Em Baixa,19.739999771118164,-15.096249122537486,-24.12856444947391,False,False,False,sem sinal (Em Baixa; sem novo topo (-15.1%))
DXCO3,SMALL11,SMALL11,Materiais,30.11,33.66,10.0,,,1.0,P/L=-125.38<2,14.81,70.86,28.22,36.36,128,Não,2,8,False,,True,,False,False,False,False,False,False,1,10,False,False,False,False,False,False,True,True,False,False,False,0.88,True,4530274304.0,-125.38,0.65,0.0,3.44,-0.52,6.92,4.35,-0.11,4.63,3.16,1.98,1.18,,,-53.0,8.05,2.49,0.51,62.06,36.03,4.44,6.09,12.5,-18.1,-1.3,1.17,0.6,4.989999771118164,1.226814112692406,1.7862413480801433,,,,,,5.905821694757895,1.5065277303862747,1.5065277303862747,1.3558749573476474,2,True,4.8,-72.82815592106087,-69.80906213451208,n/d,n/d,,,,False,False,,,Em Baixa,5.289999961853027,-5.671081151194879,-19.774920587828305,False,False,False,sem sinal (Em Baixa; sem novo topo (-5.7%))
BRAV3,BOVA11+SMALL11,BOVA11,Energia,29.71,29.07,33.333333333333336,,,0.9,,23.35,53.65,19.79,11.89,129,Não,1,8,False,,False,,False,,False,False,False,True,3,9,False,False,False,False,False,False,True,False,False,False,False,1.17,True,8733410304.0,160.38,0.71,0.66,1.08,0.44,3.55,8.3,0.44,3.24,3.05,1.26,1.55,,172.9,-17.3,4.92,3.71,0.27,72.43,27.57,13.35,21.64,40.8,-13.1,-4.0,0.51,0.24,18.799999237060547,1.4477125867424576,2.1078695262970184,,,,1.6666666666666667,,18.799999237060547,,,,3,False,13.0,,,n/d,n/d,,,,False,False,,,Em Baixa,20.389999389648438,-7.79794114851764,-15.105024929057919,False,False,False,sem sinal (Em Baixa; sem novo topo (-7.8%))
LWSA3,SMALL11,SMALL11,Tecnologia de informação,29.67,31.38,20.0,,,0.5,P/L=-11.10<2,12.81,51.81,48.63,29.37,130,Rompimento,1,7,False,,False,,False,False,False,True,True,False,2,10,False,False,False,False,False,,True,False,False,False,True,,True,2278022400.0,-11.1,0.93,6.51,2.95,-8.41,-2.3,5.89,-14.56,5.8,,1.14,0.03,,,47.1,10.9,-4.0,1.15,32.17,67.83,3.38,4.67,20.0,-13.0,6.7,1.36,0.54,4.059999942779541,0.8550990096674784,1.5862086629331724,,,,,,,1.2206538363003254,1.2206538363003254,1.098588452670293,2,True,1.9,-72.94117073513597,-69.93463415015108,n/d,n/d,,,Rompimento,False,False,,,Lateral,3.985538959503174,1.8682788961031482,-14.540267286325193,False,True,False,"Rompimento (vol x0.7, +1.9% do topo, MM50>MM200)"
LJQQ3,SMALL11,SMALL11,Consumo discricionário,29.47,32.71,11.11111111111111,,,0.9,P/L=-1.00<2,6.97,89.97,13.02,44.76,131,Não,0,8,False,,False,,False,,False,False,True,False,1,9,False,False,False,False,False,False,False,False,False,False,False,4.22,False,215193952.0,-1.0,0.67,0.0,4.1,-67.62,-9.94,2.03,-6.88,0.76,34.56,1.77,7.9,,,8.8,14.86,-0.01,0.82,89.26,10.74,0.96,2.83,8.3,-63.3,-28.6,2.12,0.59,1.0399999618530273,0.30481802616674925,0.5654374385393198,,,,,,,0.43512773235303454,0.43512773235303454,0.3916149591177311,2,True,1.9,-62.34471408826128,-58.160793431401416,n/d,n/d,,,,False,False,,,Em Baixa,1.309999942779541,-20.610686467178862,-63.76306608630986,False,False,False,sem sinal (Em Baixa; sem novo topo (-20.6%))
BRKM5,BOVA11+SMALL11,BOVA11,Materiais,29.05,29.77,25.0,,,1.0,P/L=-0.73<2,38.84,14.62,2.27,81.82,132,Não,5,8,False,,False,,False,,True,,True,False,2,8,True,True,False,False,True,False,True,True,False,False,False,,True,4040629760.0,-0.73,-0.32,0.0,9.77,44.02,-59.65,1.85,-7.85,8.28,7.47,0.77,,,,21.6,-6.01,3.46,0.31,120.15,-19.72,4.93,12.7,2.8,-60.1,-37.4,0.93,0.22,5.070000171661377,3.5367180978762267,6.5606120715604,,,,,,,5.048665084718314,5.048665084718314,4.543798576246482,2,True,1.9,-10.378729341195758,-0.4208103791063955,n/d,n/d,,,,False,False,,,Em Baixa,6.050000190734863,-16.198346912026306,-63.2075452111188,False,False,False,sem sinal (Em Baixa; sem novo topo (-16.2%))
DASA3,SMALL11,SMALL11,Cuidados de saúde,28.62,33.67,0.0,,,0.2,P/L=-3.20<2,17.99,80.09,23.23,9.09,133,Não,2,8,False,,False,,False,,False,False,False,False,0,9,False,False,False,False,False,False,True,True,False,False,True,0.98,True,3224552704.0,-3.2,0.42,0.0,0.76,-13.13,-13.32,7.28,-9.6,3.9,4.54,1.27,1.12,,,-9.8,11.32,3.53,0.48,62.87,36.98,1.24,4.6,108.1,-43.9,-10.8,2.03,0.41,2.5799999237060547,0.140101484807027,0.2039877618790313,,,,,,,0.17204462334302917,0.17204462334302917,0.15484016100872625,2,True,1.5,-93.99844319428098,-93.33160354920109,n/d,n/d,,,,False,False,,,Em Baixa,2.9000000953674316,-11.034488315105817,-45.91195106871003,False,False,False,sem sinal (Em Baixa; sem novo topo (-11.0%))
MRVE3,BOVA11+SMALL11,BOVA11,Consumo discricionário,28.3,31.33,11.11111111111111,,,0.9,P/L=-4.80<2,15.73,66.11,25.68,25.87,134,Rompimento,1,8,False,,False,,False,,False,False,True,False,1,9,False,False,False,False,False,False,True,False,False,False,False,1.18,True,2864827392.0,-4.8,0.6,0.0,2.67,-12.58,-7.71,6.84,-4.93,5.27,3.03,1.89,1.69,,,10.7,2.85,3.75,0.89,78.42,18.67,4.2,10.43,21.2,-51.2,-12.3,1.59,0.58,5.090000152587891,0.969699709441614,1.7987929610141937,,,,,,2.656213196021412,1.80823528882574,1.7987929610141937,1.6189136649127744,3,True,2.7,-68.1942315052844,-64.47474981103123,n/d,n/d,,,Rompimento,False,False,,,Lateral,4.909999847412109,3.6659941093613924,-51.661915653708434,False,True,False,"Rompimento (vol x1.1, +3.7% do topo, MM50>MM200)"
EQTL3,BOVA11,BOVA11,Serviços públicos,27.02,26.5,30.0,,,0.1,,31.44,20.25,20.35,32.17,135,Não,1,8,False,,True,,False,False,False,False,False,True,3,10,False,False,False,False,False,False,True,False,False,False,True,2.15,True,44937805824.0,45.95,1.69,4.51,3.15,3.67,8.85,9.18,1.75,7.78,4.81,1.57,2.27,,144.89,-54.9,21.68,4.62,0.33,74.15,23.5,33.29,45.35,7.5,-21.1,-9.7,1.21,0.83,35.77000045776367,8.056625202922385,11.730446295454993,8.095930462692973,19.25413863795223,,6.267048420977274,2.079586533686245,35.77000045776367,,,,5,False,17.2,,,n/d,n/d,,,,False,False,,,Em Baixa,39.209999084472656,-8.773268826908087,-22.77633701763474,False,False,False,sem sinal (Em Baixa; sem novo topo (-8.8%))
HBOR3,SMALL11,SMALL11,Imobiliário,26.78,27.98,20.0,,,0.8,,15.47,35.74,39.08,42.66,136,Não,1,8,False,,True,,False,False,False,True,False,False,2,10,False,False,False,False,False,False,False,True,False,False,False,1.25,True,242829328.0,52.87,0.17,7.4,3.93,0.31,3.0,2.16,0.41,13.19,15.28,2.55,0.72,,207.77,-64.6,1.97,1.03,0.81,57.57,22.01,1.68,4.23,8.9,-56.8,-15.6,1.66,0.42,1.8300000429153442,0.5136933472934075,0.7479375136592015,0.35997731126006394,2.8954311547120795,,0.26415074528231325,0.09246669945828567,,,,,4,False,31.3,,,n/d,n/d,,,,False,False,,,Em Baixa,2.009999990463257,-8.955221313529805,-56.986039562536675,False,False,False,sem sinal (Em Baixa; sem novo topo (-9.0%))
CAML3,SMALL11,SMALL11,Bens de primeira necessidade,26.44,29.34,10.0,,,0.0,,22.89,36.71,25.5,47.55,137,Rompimento,1,8,False,,True,,False,False,False,False,False,False,1,10,False,False,False,False,False,False,True,False,False,False,False,1.5,True,1674659712.0,14.82,0.55,6.28,4.34,3.69,8.66,5.74,0.99,7.76,5.55,1.87,1.99,11.28,64.38,-58.5,4.71,3.09,0.76,72.01,27.99,4.05,7.23,21.3,-32.0,-9.3,1.42,0.58,4.909999847412109,1.5236428770138934,1.703589103153301,2.645982131853225,8.157691754840114,1.8747551663301147,1.7844090823492786,1.1587587315269396,,1.781856182037792,1.7439990927512898,1.569599183476161,6,True,7.0,-68.03260219440858,-63.70964893253619,n/d,n/d,,,Rompimento,False,False,,,Lateral,4.809999942779541,2.079000121043273,-32.78430590877813,False,True,False,"Rompimento (vol x1.4, +2.1% do topo, MM50>MM200)"
GFSA3,SMALL11,SMALL11,Consumo discricionário,26.13,30.74,0.0,,,0.9,P/L=-0.05<2,0.67,100.0,25.97,2.45,138,Não,1,7,False,,False,,False,,False,False,False,False,0,9,False,False,False,False,False,,False,True,False,False,True,,True,34620808.0,-0.05,0.02,0.0,0.0,-39.87,-13.41,-6.27,-124.06,-5.67,,1.31,1.06,,,-55.9,0.73,-4.96,0.96,67.49,32.51,0.2,13.83,10.0,-98.4,-77.0,1.24,0.27,0.2199999988079071,,,,,,,,,,,,0,True,,,,n/d,n/d,,,,False,False,,,Em Baixa,0.27000001072883606,-18.518522197817433,-98.42744816006295,False,False,False,sem sinal (Em Baixa; sem novo topo (-18.5%))
RCSL4,SMALL11,SMALL11,Bens Industriais,25.95,28.01,14.285714285714286,,,0.7,P/L=-5.60<2,38.48,,17.24,2.45,139,Não,2,6,False,,False,,False,,True,,,False,1,7,True,True,False,False,,,False,False,False,True,True,,True,89102424.0,-5.6,-5.63,0.0,0.0,100.56,,-2.72,0.0,-97.8,,1.22,,,,,,-14.18,0.2,170.21,-69.4,0.26,2.7,169.2,-74.1,19.5,0.22,0.03,0.699999988079071,,,,,,,,,,,,0,True,,,,n/d,n/d,,,,False,False,,,Em Alta,0.7799999713897705,-10.256408492959167,-74.7520296321827,False,False,False,sem sinal (Em Alta)
ORVR3,SMALL11,SMALL11,Bens Industriais,25.86,20.62,55.55555555555556,,,0.7,,23.08,8.2,39.71,2.45,140,Não,2,8,False,,False,,False,,False,True,True,False,5,9,False,False,False,False,True,False,True,False,False,False,False,0.28,True,8761277440.0,172.81,1.79,0.0,0.0,1.04,-2.35,3.71,3.35,19.9,4.88,2.38,0.74,166.16,,135.8,14.2,2.86,0.49,63.86,33.58,12.9,20.97,23.6,-23.9,-15.6,1.1,0.66,15.949999809265137,,,,,,,,0.42547278612442735,0.42547278612442735,0.42547278612442735,0.3829255075119846,1,True,1.0,-97.59921309033778,-97.33245898926421,n/d,n/d,,,,False,False,,,Em Baixa,17.8799991607666,-10.794180324887204,-24.85277021153731,False,False,False,sem sinal (Em Baixa; sem novo topo (-10.8%))
MGLU3,BOVA11+SMALL11,BOVA11,Consumo discricionário,25.35,27.86,11.11111111111111,,,0.9,,19.97,50.96,20.53,20.28,141,Não,1,8,False,,False,,False,,False,True,False,False,1,9,False,False,False,False,False,False,True,False,False,False,False,0.6,True,3226738944.0,34.02,0.27,2.1,2.34,0.79,-2.27,6.07,0.23,2.22,4.67,1.1,0.76,211.1,79.6,-2.6,5.14,1.9,0.75,70.25,29.75,3.88,11.0,7.2,-62.2,-31.6,1.96,0.59,4.159999847412109,0.6952579235814946,0.7044879050909334,0.8850311652064236,6.510817723537636,0.30582084077700405,0.41793914045220576,0.33905189832961513,,,,,6,False,21.3,,,n/d,n/d,,,,False,False,,,Em Baixa,5.159999847412109,-19.379845534327465,-63.65146871188043,False,False,False,sem sinal (Em Baixa; sem novo topo (-19.4%))
CSAN3,BOVA11+SMALL11,BOVA11,Consumo discricionário,24.44,26.99,10.0,,,0.9,P/L=-1.50<2,16.86,35.24,41.05,23.78,142,Não,2,8,False,,False,,False,False,False,False,True,False,1,10,False,False,False,False,False,True,True,False,False,False,True,1.38,True,14357494784.0,-1.5,2.69,0.0,2.53,-1.79,-64.7,8.59,-22.18,4.59,0.5,1.67,1.1,,,26.5,6.12,5.56,0.41,77.05,3.93,3.13,8.0,16.3,-54.5,-13.5,1.95,0.66,3.640000104904175,0.6583625640046209,1.2212625562285717,,,,,,3.2927011964594275,0.9398125601165963,0.9398125601165963,0.8458313041049367,2,True,5.0,-76.76287693054329,-74.18097436727031,n/d,n/d,,,,False,False,,,Em Baixa,4.099999904632568,-11.219507571418285,-54.66998473289695,False,False,False,sem sinal (Em Baixa; sem novo topo (-11.2%))
CVCB3,SMALL11,SMALL11,Consumo discricionário,23.69,21.99,33.333333333333336,,,0.9,P/L=-6.02<2,11.02,51.96,18.98,2.45,143,Bandeira de alta,2,8,False,,False,,False,,False,False,False,False,3,9,False,False,False,False,False,True,True,False,False,False,True,0.73,True,812445760.0,-6.02,2.46,0.0,0.0,-40.86,-60.02,5.9,-8.94,2.55,1.23,0.68,1.67,,,-4.5,10.76,4.12,0.67,87.19,12.81,1.08,2.72,44.4,-42.6,-3.5,1.17,0.3,1.559999942779541,,,,,,,,3.514629001157053,3.514629001157053,3.514629001157053,3.1631661010413477,1,True,1.0,102.76706519651238,125.29673910723598,n/d,n/d,,,Bandeira de alta,False,False,,,Lateral,1.5499999523162842,0.6451606948963517,-44.08602279179101,False,True,False,"Bandeira de alta — mastro +28%, recuo 33% (candidato)"
KLBN11,BOVA11,BOVA11,Materiais,23.58,25.98,10.0,,,1.0,,24.21,17.43,20.43,66.43,144,Pivô de alta,1,8,False,,True,,False,False,False,False,False,False,1,10,False,False,False,False,False,False,True,False,False,True,False,0.49,True,131391070208.0,40.76,2.41,6.33,7.1,5.92,28.81,5.45,0.86,6.29,3.99,2.0,2.3,,289.2,-51.7,10.7,2.09,0.37,77.43,12.36,16.08,21.02,15.0,-12.0,5.4,0.56,0.47,18.489999771118164,9.3707979494793,13.643881814441862,4.717762453867245,8.849170357382658,,11.016666666666667,1.2118428281224929,7.3160353831231,,,,6,False,11.3,,,n/d,n/d,,,Pivô de alta,False,False,,,Lateral,18.639999389648438,-0.8047190098813717,-12.98823637120864,False,True,False,Pivô de alta
SOJA3,SMALL11,SMALL11,Bens de primeira necessidade,23.55,24.18,20.0,,,0.0,,21.55,30.31,13.88,41.26,145,Não,2,8,False,,True,,False,False,False,False,False,False,2,10,False,False,False,False,True,False,True,False,False,True,True,0.66,True,899974976.0,36.52,0.63,4.75,3.84,1.73,13.98,5.66,0.89,8.79,4.7,0.95,1.47,,140.31,-0.4,6.57,2.47,1.35,45.47,36.89,4.98,10.46,28.1,-39.0,1.2,0.81,0.32,6.380000114440918,1.7508311836581687,2.549210203406294,1.8168675024694838,6.3092289353386155,,0.2902692218008719,0.46669536121125477,1.1654557460372463,,,,4,False,21.7,,,n/d,n/d,,,,False,False,,,Lateral,6.320000171661377,0.9493661574342616,-38.98107312951355,False,False,False,sem sinal (Lateral)
HBSA3,SMALL11,SMALL11,Bens Industriais,23.21,25.34,11.11111111111111,,,0.7,P/L=-25.71<2,25.64,19.76,43.11,2.45,146,Rompimento,2,8,False,,False,,False,,False,False,True,False,1,9,False,False,False,False,True,False,True,False,False,False,False,1.26,True,4734131200.0,-25.71,2.2,0.0,0.0,-8.56,-15.0,11.14,-5.52,7.76,3.09,3.26,1.56,,,68.3,12.28,5.08,0.41,66.67,33.33,2.98,4.38,16.8,-20.5,1.8,0.77,0.36,3.4800000190734863,,,,,,,,1.6369768918860494,1.6369768918860494,1.6369768918860494,1.4732792026974446,1,True,1.0,-57.66439095912161,-52.96043439902402,n/d,n/d,,,Rompimento,False,False,,,Lateral,3.380000114440918,2.9585769599628886,-20.728926539594806,False,True,False,"Rompimento (vol x1.4, +3.0% do topo, MM50>MM200)"
ENEV3,BOVA11,BOVA11,Serviços públicos,22.5,20.59,33.333333333333336,,,0.1,,30.35,9.07,22.1,2.45,147,Não,1,8,False,,True,,False,,False,False,False,True,3,9,False,False,False,False,False,False,True,False,False,False,True,1.17,True,48513810432.0,50.33,2.38,0.0,0.0,4.73,2.64,5.85,5.03,11.79,3.9,1.28,1.2,10.64,,-91.5,26.28,4.12,0.26,62.34,34.87,13.71,27.59,85.0,-8.1,-1.6,1.13,0.56,25.360000610351562,,,5.692639719002628,10.991034598833433,2.383326105443332,,2.844155272675232,12.46334066154616,6.874899271500157,5.692639719002628,5.123375747102365,5,True,5.2,-79.7974147326673,-72.8907763957469,n/d,n/d,,,,False,False,,,Em Baixa,27.15999984741211,-6.6273904535093635,-9.81507875714942,False,False,False,sem sinal (Em Baixa; sem novo topo (-6.6%))
AURE3,BOVA11+SMALL11,BOVA11,Serviços públicos,20.57,20.67,20.0,,,0.1,P/L=-9.74<2,10.65,26.79,11.28,69.23,148,Não,2,8,False,,False,,False,False,False,False,True,False,2,10,False,False,False,False,False,False,True,True,False,False,False,1.74,True,10686616576.0,-9.74,0.92,0.0,7.48,-9.47,2.89,2.64,-8.09,11.52,6.49,1.12,1.85,,,5.9,-72.06,2.04,0.26,71.73,25.67,10.05,14.61,1.8,-30.0,-15.8,1.1,0.59,10.229999542236328,5.465905818596698,10.0046320575944,,,,,,2.622562636369718,6.031033504186939,5.465905818596698,4.919315236737028,3,True,3.8,-51.91284988404172,-41.045613156806404,n/d,n/d,,,,False,False,,,Em Baixa,11.279999732971191,-9.308512549568027,-30.21828343305063,False,False,False,sem sinal (Em Baixa; sem novo topo (-9.3%))
TUPY3,SMALL11,SMALL11,Bens Industriais,19.67,23.14,0.0,,,0.7,P/L=-2.43<2,6.29,43.54,27.87,38.46,149,Não,2,8,False,,False,,False,False,False,False,False,False,0,10,False,False,False,False,False,False,True,True,False,False,False,0.83,True,1938344704.0,-2.43,0.82,0.0,3.58,-33.8,2.01,1.49,-8.26,8.11,3.88,2.16,1.72,,,-5.8,5.22,1.31,0.87,73.24,26.66,11.34,16.19,30.3,-8.7,2.7,1.23,0.53,14.779999732971191,3.780435868102764,5.504314623957625,,,,,,4.917791421324293,4.734180637794894,4.917791421324293,4.4260122791918635,3,True,1.5,-70.05404357810423,-67.96900728466258,n/d,n/d,,,,False,False,,,Em Baixa,15.8100004196167,-6.514868180316469,-10.42424404259884,False,False,False,sem sinal (Em Baixa; sem novo topo (-6.5%))
MBRF3,BOVA11,BOVA11,Bens de primeira necessidade,16.49,19.4,0.0,,,0.0,DY5a=21.3%>=20,22.88,23.03,7.06,,150,Não,1,8,False,,False,,False,False,False,False,False,False,0,10,False,False,False,False,False,False,True,False,False,True,True,4.51,False,27227400192.0,69.13,2.22,9.56,21.32,3.2,39.26,6.29,0.22,5.96,4.84,1.05,5.39,21.6,1473.67,-51.3,28.29,2.68,0.43,89.92,7.97,14.52,27.52,34.6,-29.0,14.0,1.02,0.32,19.540000915527344,29.7528726603012,39.802731870002944,2.700933954924461,7.481799628940945,6.929961234976195,3.046690502845772,1.323637101963147,10.667184749391422,,,,4,False,30.1,,,n/d,n/d,,,,False,False,,,Em Alta,18.270000457763672,6.951288593011484,-29.356467739259507,False,False,False,sem sinal (Em Alta)
BBDC1,BOVA11,BOVA11,Produtos financeiros,,,,,,0.4,,,,,,151,Não,0,0,False,,,,,,,,,,0.0,0.0,,,,,,,,,True,True,True,,True,,,,,,,,,,,,,,,,,,,,,,,,,,,,,,,,,,,,,,,,,0,True,,,,n/d,n/d,,,,False,False,,,,,,,False,False,False,histórico insuficiente
BBDC2,BOVA11,BOVA11,Produtos financeiros,,,,,,0.4,,,,,,152,Não,0,0,False,,,,,,,,,,0.0,0.0,,,,,,,,,True,True,True,,True,,,,,,,,,,,,,,,,,,,,,,,,,,,,,,,,,,,,,,,,,0,True,,,,n/d,n/d,,,,False,False,,,,,,,False,False,False,histórico insuficiente
MOVI1,SMALL11,SMALL11,Bens Industriais,,,,,,0.7,,,,,,153,Não,0,0,False,,,,,,,,,,0.0,0.0,,,,,,,,,True,True,True,,True,,,,,,,,,,,,,,,,,,,,,,,,,,,,,,,,,,,,,,,,,0,True,,,,n/d,n/d,,,,False,False,,,,,,,False,False,False,histórico insuficiente
