ticker,origem,grupo,setor,investment,investment_base,consistencia,basileia,solvencia,ciclicidade,dado_suspeito,quality,value,safety,dividend,regulado,rank_invest,oportunidade_grafica,candidato_padrao,candidato_nota,virada_alta,criterios_ok,criterios_aplicaveis,passa_checklist,mais_5a_bolsa,sem_prejuizo_anual,lucro_20t,div_ge5_5a,div_sem_corte,roe_ge_10,divida_menor_patrim,cresc_receita_5a,cresc_lucro_5a,n_ok,n_aplic,roe_roic_ge_selic,roe_ge_setor,roic_ge_setor,margem_ge_15,cagr_ge_setor,divida_ok,marketcap_ok,insider_ok,margem_ok,roe_ok,alavancagem_ok,div_liq_patrim,nde_ok,market_cap,pl,pvp,dy,dy_teto,roe,roe_medio,roic,mrg_liq,ev_ebitda,div_liq_ebitda,lev_roic_adj,liq_corr,div_patrim,peg,payout,cresc_5a,pl_fut,roa,liq_geral,grau_endiv,indep_fin,min_52s,max_52s,dist_min52,dist_max52,dist_mm100,mediana_1a,media_1a,max_drawdown,vol_anual,ret_ytd,min_ytd,max_ytd,rel_ibov_ytd,desvio_padrao,momentum_12_1,var_95,sharpe,liquidez_media,preco_p10_1a,preco_p50_1a,preco_p90_1a,g_implicito,teto_dispersao,teto_confiavel,teto_n_metodos,cagr_5a,cagr_3a,cagr_1a,desacelerando,anos_atipicos,beta,corr_ibov,corr_usd,close,div_ge5_5a,divo_qualidade_ok,auvp_ok,teto_bazin,teto_gordon,teto_dcf,teto_graham,teto_lynch,teto_projetivo,teto_graham_selic,teto_mult_ebitda,teto_medio,teto_mediana,teto_ajustado,teto_n_metodos,teto_confiavel,teto_dispersao,teto_upside_pct,teto_upside_media_pct,prox_resultado,ex_dividendo,ex_tipo,tese_ia,strategy,in_wishlist,in_carteira,preco_medio,var_pm_pct,trend,breakout_level,pct_to_level,dist_52w_high_pct,fund_ok,breakout,aprovado,note
JHSF3,SMALL11+DIVO11+AUVP11,SMALL11,Imobiliário,77.35,74.96,90.9090909090909,,,0.8,,86.69,80.08,44.72,69.86,False,1,Não,Bandeira de alta,"Bandeira de alta (pré-confirmação) — pescoço R$12.25, preço 7.5% abaixo do pescoço; falta fechar acima e segurar",False,7,8,False,,True,,False,True,True,True,True,True,10,11,True,True,True,True,True,True,True,False,True,True,True,0.34,True,7450385408.0,3.63,1.03,6.29,8.09,28.4,16.71,13.12,52.59,4.84,1.22,1.27,1.73,0.86,0.24,29.35,90.2,8.93,7.25,0.72,61.6,36.26,5.11,13.76,121.9,-17.6,4.1,9.33,9.1,-27.9,39.6,53.6,7.38,13.76,37.75,2.5,94.6,-3.79,1.87,43835738.0,15.2,25.18,41.71,-10.8,10.8,False,6,,21.6,116.4,False,2025,1.37,0.6,0.05,11.329999923706055,False,False,True,6.662213283888161,12.529259175828381,42.6901267897571,27.793884032216155,72.05383788128184,19.57807411896471,38.453333074396305,19.739148647891668,,,,6,False,10.8,,,n/d,2026-10-01,próxima,,,False,False,,,Em Alta,12.15999984741211,-6.825657352970238,-19.408086186442887,True,False,False,sem sinal (Em Alta)
VULC3,SMALL11+DIVO11,SMALL11,Consumo discricionário,77.28,78.08,72.72727272727273,,,0.9,,87.38,64.13,65.7,95.89,False,2,Não,,,False,6,8,False,,True,,False,False,True,True,False,True,8,11,True,True,True,True,False,True,True,False,True,True,True,0.25,True,4209113088.0,4.58,1.61,21.48,15.43,35.06,31.82,17.83,24.89,6.16,0.76,0.59,2.96,0.37,0.45,70.66,-64.7,6.1,11.45,1.64,37.42,62.57,12.98,20.08,3.2,-33.3,-6.3,16.8,16.6,-35.4,26.2,-32.7,12.98,19.91,-48.55,1.65,-20.7,-3.0,-1.33,38509121.0,7.47,10.46,14.66,-6.6,8.8,False,6,,12.0,16.8,False,2025,0.85,0.56,0.15,13.399999618530273,False,False,False,15.035368237829976,28.276192524693148,40.01690265006927,23.407248621232412,75.23447125216096,48.53568504649913,27.219222839264788,8.545125908917736,,,,6,False,8.8,,,n/d,2025-12-23,última,,,False,False,,,Em Baixa,13.949999809265137,-3.9426537509310244,-33.76090692293092,True,False,False,sem sinal (Em Baixa; sem novo topo (-3.9%))
MDNE3,SMALL11+DIVO11,SMALL11,Imobiliário,75.29,72.53,90.9090909090909,,,0.8,,72.31,79.68,60.29,80.14,False,3,Não,,,False,7,8,False,,True,,False,True,True,True,True,True,10,11,True,True,True,True,True,True,True,False,True,True,True,0.24,True,2440579584.0,4.39,1.07,16.44,9.32,24.38,16.15,10.98,21.43,4.25,0.91,1.13,2.38,0.48,0.3,40.93,19.5,3.69,6.4,1.12,72.76,27.27,20.62,34.28,14.4,-31.2,-10.9,25.8,26.64,-33.9,45.6,2.6,22.65,34.28,-13.25,2.87,6.2,-5.07,0.1,29117925.0,14.22,25.54,45.87,-7.4,8.0,True,6,,43.4,50.1,False,,1.68,0.64,0.13,23.600000381469727,False,False,False,16.002143045435016,30.094352888672947,73.5278136655387,51.6510458949209,127.54075132331255,25.784927261188052,64.17121575301788,46.74940517943434,48.66312677379546,49.200225537177616,44.28020298345986,6,True,8.0,87.62797571066072,106.19968638646644,n/d,2026-01-02,última,,,False,False,,,Lateral,26.299999237060547,-10.266155642263774,-31.15518896773487,True,False,False,sem sinal (Lateral)
POMO3,SMALL11+DIVO11,SMALL11,Bens Industriais,74.12,74.37,72.72727272727273,,,0.7,,79.77,75.54,52.71,90.41,False,4,Não,Bandeira de alta,"Bandeira de alta (pré-confirmação) — pescoço R$4.24, preço 3.8% abaixo do pescoço; falta fechar acima e segurar",False,5,8,False,,True,,False,False,True,True,False,True,8,11,True,True,True,False,False,True,True,False,True,True,True,0.44,True,5064888320.0,4.25,1.2,22.65,12.73,28.32,24.74,18.39,13.19,4.52,1.29,0.96,1.94,0.81,0.33,54.1,-14.0,,8.76,1.02,59.93,39.42,3.73,6.48,9.4,-37.0,-18.4,5.48,5.36,-42.4,35.7,-23.1,3.73,6.43,-38.95,2.25,-38.0,-3.6,-1.33,8244063.0,1.72,2.73,4.32,-7.9,6.5,True,6,,18.7,5.4,True,,0.94,0.46,0.04,4.079999923706055,False,False,False,3.777470966275974,7.104082494641589,13.13032233511474,8.569713954002083,24.698957145709617,11.216269617835968,10.596945582489896,5.745229437529847,9.393760570269022,9.583329768245989,8.62499679142139,6,True,6.5,111.39698413491396,130.23923396881415,n/d,2026-08-26,última,,,False,False,,,Lateral,4.340000152587891,-5.990788473286135,-37.535770311866855,True,False,False,sem sinal (Lateral)
CURY3,BOVA11+SMALL11+DIVO11+AUVP11,BOVA11,Consumo discricionário,73.57,72.12,81.81818181818181,,,0.9,,89.4,47.88,57.11,84.93,False,5,Não,Fundo duplo,"Fundo duplo (pré-confirmação) — pescoço R$34.67, preço 16.7% abaixo do pescoço; falta fechar acima e segurar",False,6,8,False,,True,,False,False,True,True,True,True,9,11,True,True,True,True,False,True,True,False,True,True,True,-0.13,True,8902575104.0,8.1,5.38,16.66,10.4,66.38,57.38,37.72,17.89,5.21,-0.15,-0.06,1.92,0.66,0.77,84.24,8.2,6.05,16.3,0.91,70.61,24.44,26.99,40.16,7.1,-28.0,-7.0,31.65,31.9,-29.9,40.4,-3.7,28.13,40.16,-19.55,2.54,8.6,-3.95,-0.15,110861223.0,17.19,28.83,48.34,1.3,3.6,True,8,,33.7,37.5,False,,1.32,0.57,0.07,28.899999618530273,False,False,True,21.85981675121537,41.11055859986632,48.79968075769349,20.766124278997296,74.42498200280912,54.40912399195541,33.58774299435427,23.47703870383368,39.80438351009062,37.3491507971103,33.61423571739927,8,True,3.6,16.312235851540603,37.73143264876933,n/d,2026-08-17,última,,,False,False,,,Lateral,33.65999984741211,-14.141414885501845,-28.19595813428213,True,False,False,sem sinal (Lateral)
POMO4,BOVA11+SMALL11+DIVO11+AUVP11+Carteira,BOVA11,Bens Industriais,73.49,73.62,72.72727272727273,,,0.7,,79.77,75.02,52.71,84.25,False,6,Não,Bandeira de alta,"Bandeira de alta (pré-confirmação) — pescoço R$4.52, preço 5.0% abaixo do pescoço; falta fechar acima e segurar",False,5,8,False,,True,,False,False,True,True,False,True,8,11,True,True,True,False,False,True,True,False,True,True,True,0.44,True,5337995264.0,4.48,1.27,21.49,10.23,28.32,24.74,18.39,13.19,4.7,1.29,0.96,1.94,0.81,0.3,45.81,-14.0,4.54,8.76,1.02,59.93,39.42,3.93,7.69,9.3,-44.1,-18.4,5.77,5.8,-48.9,35.6,-23.7,3.93,6.81,-39.55,2.24,-45.0,-3.6,-1.73,65744045.0,1.57,2.5,3.96,-7.0,7.6,True,7,,18.7,5.4,True,,1.0,0.49,0.05,4.300000190734863,False,False,True,3.197809998531246,6.013945900463601,13.127880766644454,8.551038591084707,24.21202909393473,11.575137762178509,11.825000524520874,5.7357900817503715,11.577260388653892,11.575137762178509,10.417623985960658,7,True,7.6,142.270314508528,169.23860174702355,n/d,2026-08-26,última,"A Marcopolo (POMO4) apresenta uma sólida combinação de qualidade e preço atrativo, evidenciada por um ROE de 28,3% e um ROIC de 18,4% que se posicionam bem acima das médias setoriais de 10,8% e 13,3%, respectivamente, enquanto múltiplos como o P/L de 4,48 e o P/VP de 1,27 sugerem que essa alta rentabilidade não está sendo negociada a preços excessivos. Essa forte eficiência operacional convive com um endividamento controlado, visto que a relação Dívida Líquida/EBITDA de 1,29 está abaixo do par setorial de 2,38, garantindo uma estrutura de capital saudável que suporta um expressivo Dividend Yield de 21,49%, patamar este coerente com a geração de caixa atual, embora a sustentabilidade de longo prazo demande atenção devido à volatilidade histórica dos lucros. No entanto, a trajetória de crescimento acende um sinal de alerta, pois o CAGR de receita de 5 anos de -14,0% ficou muito abaixo do setor e a análise por janelas temporais — sem dados consolidados para 5 anos, mas registrando 18,7% em 3 anos e apenas 5,4% no último ano — aponta que a receita está explicitamente desacelerando, indicando que o ano de forte contração na média de 5 anos merece uma checagem manual para identificar possíveis eventos contábeis não recorrentes. O checklist de critérios do analista reforça esse cenário misto ao aprovar 5 dos 8 requisitos, penalizado justamente pela margem líquida de 13,19% (abaixo do sarrafo de 15%), pelas vendas de insiders e pelo crescimento inferior aos pares. Sob a ótica do valuation, o preço atual de R$ 4,30 embutiu um crescimento implícito de -7,0% ao ano pelo fluxo de caixa descontado reverso, o que se mostra um patamar bastante conservador frente ao histórico recente da companhia, enquanto as estimativas de preço-teto revelam uma enorme dispersão entre os métodos, variando desde os conservadores R$ 3,20 de Bazin até os otimistas R$ 24,21 de Lynch, resultando em uma média e mediana de R$ 11,58 e um upside de 142,3% contra o preço ajustado de R$ 10,42. Como prós, destacam-se os excelentes indicadores de retorno sobre o capital, a desalavancagem frente aos pares e o valuation descontado com margem de segurança; como contras, pesam a clara desaceleração recente da receita, o histórico de crescimento de longo prazo negativo e o não atendimento completo aos critérios qualitativos do checklist.

Gatilho de falseamento: margem líquida abaixo de 10,8% no próximo resultado trimestral.",,False,True,4.45,-3.37,Lateral,4.599999904632568,-6.521733046028578,-44.31326188504866,True,False,False,sem sinal (Lateral)
PSSA3,BOVA11+AUVP11,BOVA11,Insurance,73.37,72.59,77.77777777777777,,1.8,0.3,,75.94,53.41,100.0,50.68,False,7,Não,,,False,4,6,False,,True,,False,False,True,,True,True,7,9,True,False,True,,True,,True,False,True,True,True,,True,31677839360.0,8.67,1.98,6.1,5.33,22.84,17.35,79.28,8.13,,,,,,0.71,46.25,0.3,7.98,6.06,,71.59,28.18,43.07,55.45,14.8,-10.9,-2.4,48.1,48.56,-16.1,25.9,6.7,44.27,55.45,-9.15,1.63,-1.8,-2.69,-0.24,79277931.0,36.95,51.59,72.02,2.0,4.1,True,4,,20.5,17.0,True,2023,0.75,0.51,0.03,49.41999816894531,False,False,True,19.17314523470294,36.05788281236069,77.96286499100647,56.57855352204165,100.38460419040116,48.12787695106152,60.28982799144675,,45.3304424972829,42.092879881711106,37.88359189353999,4,True,4.1,-23.343599155887063,-8.275102839304061,2026-11-05,2026-06-23,última,,,False,False,,,Lateral,51.65999984741211,-4.336046622305611,-11.035105584710003,True,False,False,sem sinal (Lateral)
MILS3,SMALL11,SMALL11,Bens Industriais,70.84,68.9,81.81818181818181,,,0.7,,84.31,56.38,57.62,53.42,False,8,Não,,,False,6,8,False,,True,,False,True,True,True,True,True,9,11,True,True,True,True,False,True,True,False,True,True,True,0.65,True,3625585152.0,8.3,1.98,5.32,5.69,23.81,18.37,20.65,23.53,4.92,1.28,0.85,2.98,0.99,0.66,47.23,21.3,8.55,11.12,0.54,61.6,38.32,10.3,15.91,54.5,0.0,5.9,12.99,13.33,-15.0,26.7,25.7,12.01,15.91,9.85,1.68,46.7,-1.9,1.12,11448483.0,17.02,23.8,33.27,1.5,5.3,True,7,,18.9,16.7,True,,0.69,0.45,0.07,15.90999984741211,False,False,False,6.584830545010748,12.38372970239118,26.217799981744005,18.616146724624446,34.99130673810114,11.99602214360942,20.626808696585492,19.92770727746849,20.67993160921774,19.92770727746849,17.93493654972164,7,True,5.3,12.727446396794928,29.980715320883533,n/d,2026-04-22,última,,,False,False,,,Em Alta,15.869999885559082,0.2520476505448732,-0.18820410138599142,True,False,False,sem sinal (Em Alta)
PETR4,BOVA11+DIVO11+AUVP11,BOVA11,Energia,70.66,73.5,54.54545454545455,,,0.9,DY5a=41.0%>=20,85.74,80.85,36.8,,False,9,Não,,,False,7,8,False,,True,,True,False,True,True,True,False,6,11,True,True,True,True,True,True,True,False,True,True,True,0.61,True,664182063104.0,4.7,1.3,7.5,40.99,27.73,30.77,19.69,24.32,2.92,1.29,0.9,0.85,0.76,0.31,192.68,96.8,4.92,10.07,0.28,65.87,33.99,26.84,50.43,81.1,-3.6,16.4,37.51,36.74,-22.2,26.4,68.3,27.87,50.43,52.45,1.67,47.1,-2.6,1.65,2183062805.0,59.38,83.32,116.91,-6.2,5.6,True,8,,-10.5,-2.4,False,,0.38,0.25,-0.04,48.61000061035156,True,True,True,144.9282916166071,272.55869036284497,141.45943897590294,93.28166310625046,310.27659964054186,56.092553333333335,127.4202569190492,55.15850389411494,150.1469997310806,134.43984794747607,120.99586315272846,8,True,5.6,148.91146190803016,208.88088427447292,n/d,2026-08-24,última,,,False,False,,,Em Alta,50.43000030517578,-3.6089622919106445,-4.122288207371449,True,False,False,sem sinal (Em Alta)
ABCB10,SMALL11,SMALL11,Produtos financeiros,70.64,74.28,50.0,,,0.4,,74.34,74.17,,,False,10,Não,,,False,1,3,False,,,,,,True,,False,,1,2,True,False,,,False,,,,True,True,True,,True,,,0.88,,,14.9,,,40.92,,,,,,,,-2.9,,1.54,,,,,,,,,,,,,,,,,,,,,,,,,,,True,0,,,,,,,,,,,False,False,,,,,,,,,,,,0,True,,,,n/d,n/d,,,,False,False,,,,,,,False,False,False,histórico insuficiente
PLPL3,SMALL11,SMALL11,Consumo discricionário,69.95,72.67,54.54545454545455,,,0.9,,77.7,85.59,52.77,57.53,False,11,Não,,,False,5,8,False,,True,,False,False,True,False,False,True,6,11,True,True,True,False,False,True,True,False,True,True,True,0.52,True,1317793024.0,4.33,1.18,7.59,6.32,27.32,38.02,24.26,8.62,1.82,1.22,0.69,3.0,1.2,0.29,27.37,-37.3,3.04,7.78,1.2,73.04,24.14,6.46,17.36,0.5,-62.6,-21.2,13.62,12.06,-62.8,50.8,-50.3,6.46,16.13,-66.15,3.2,-57.2,-5.96,-1.81,14575611.0,1.35,2.61,5.03,-7.6,10.8,False,6,,30.0,26.7,True,,1.55,0.53,0.08,6.489999771118164,False,False,False,2.9835605171165804,5.6110186499321495,20.500334522492,13.619180905395549,31.957033181784166,10.95072400487419,18.465773020825818,32.33483683543704,,,,6,False,10.8,,,n/d,2025-12-30,última,,,False,False,,,Lateral,7.610000133514404,-14.717481507835517,-62.65959173940302,True,False,False,sem sinal (Lateral)
PETR3,BOVA11+DIVO11+AUVP11,BOVA11,Energia,69.89,72.6,54.54545454545455,,,0.9,DY5a=38.8%>=20,85.74,77.6,36.8,,False,12,Não,,,False,7,8,False,,True,,True,False,True,True,True,False,6,11,True,True,True,True,True,True,True,False,True,True,True,0.65,True,695991533568.0,5.22,1.45,6.75,38.84,27.73,30.77,19.69,24.32,3.13,1.29,0.9,0.85,0.76,0.35,202.74,96.8,3.65,10.07,0.28,65.87,33.99,28.69,56.23,88.2,-4.0,15.7,41.84,40.39,-22.9,29.5,76.7,29.47,56.23,60.85,1.86,51.0,-2.95,1.57,567887232.0,64.56,94.25,137.59,-4.5,5.7,True,8,,-10.5,-2.4,False,,0.41,0.24,-0.04,54.0,True,True,True,152.53454596296862,286.8633557948732,141.4905450500556,93.10344827586206,310.3448275862069,56.037506666666665,127.44827586206897,54.29298854347993,152.76443671777275,134.4694104560623,121.02246941045607,8,True,5.7,124.11568409343717,182.8971050329125,2026-11-10,2026-08-24,última,,,False,False,,,Em Alta,56.22999954223633,-3.965853744247849,-4.677848992940148,True,False,False,sem sinal (Em Alta)
LEVE3,SMALL11+DIVO11+AUVP11,SMALL11,Consumo discricionário,69.47,70.5,63.63636363636363,,,0.9,,86.09,58.42,35.76,100.0,False,13,Não,,,False,6,8,False,,True,,True,False,True,False,True,True,7,11,True,True,True,False,False,True,True,True,True,True,True,1.2,True,4466010624.0,6.41,4.63,8.65,19.55,72.29,64.73,34.45,13.0,5.24,1.21,0.48,1.43,1.7,0.25,125.32,25.8,6.47,14.14,0.81,77.23,22.71,24.65,35.6,33.7,-7.4,0.9,32.36,31.49,-12.3,24.5,4.4,31.18,35.6,-11.45,1.54,24.6,-2.25,0.59,7113909.0,31.06,42.37,57.79,-1.6,6.3,True,7,,8.6,18.6,False,,0.63,0.45,0.11,32.95000076293945,True,True,True,46.85133649816926,88.1107392852667,70.30748489500441,28.68977734349848,154.21217205743892,98.51666666666667,63.32979865825493,24.488070182841717,78.57399648632848,70.30748489500441,63.27673640550397,7,True,6.3,92.03864928790696,138.46432372379388,n/d,2026-04-30,última,,,False,False,,,Lateral,33.06999969482422,-0.36286341999436367,-9.003033427115259,True,False,False,sem sinal (Lateral)
RIAA3,SMALL11,SMALL11,Consumo discricionário,68.88,69.8,63.63636363636363,,,0.9,,64.99,94.66,38.54,91.78,False,14,Não,,,False,4,8,False,,False,,False,False,True,True,True,True,7,11,True,True,False,False,False,True,True,False,True,False,True,0.47,True,3414028800.0,2.23,0.63,47.61,13.2,28.35,8.06,8.96,14.35,2.52,2.11,3.24,1.61,0.68,0.15,29.43,16.6,5.09,4.35,1.05,64.01,35.99,6.26,10.43,8.7,-34.8,-16.7,8.27,8.23,-37.2,45.0,-19.0,6.55,10.43,-34.85,2.84,-7.2,-4.33,-0.18,12206271.0,3.65,6.51,11.61,-21.5,13.2,False,6,,7.5,9.0,False,2025,1.58,0.6,0.07,6.800000190734863,False,False,False,6.526913981275008,12.274809197043,41.70693014424391,27.21306617115251,85.98433636930687,51.88018214566937,37.56771405823029,35.03678477647735,,,,6,False,13.2,,,n/d,n/d,,,,False,False,,,Lateral,7.440000057220459,-8.602148676927513,-37.23151448178359,False,False,False,sem sinal (Lateral)
BRSR6,SMALL11+DIVO11,SMALL11,Produtos financeiros,68.68,69.04,66.66666666666667,17.35,,0.4,,43.94,89.97,90.71,86.3,False,15,Fundo duplo,,,False,2,6,False,,True,,False,False,True,,False,True,6,9,False,False,False,,False,,True,True,True,False,True,,True,6179603968.0,4.03,0.53,10.18,10.6,13.26,9.63,0.0,22.38,,,,,,0.53,42.72,-29.2,4.67,1.0,,93.0,6.99,10.43,18.28,44.9,-17.3,7.3,14.11,14.34,-29.2,29.3,3.4,12.94,18.28,-12.45,1.85,26.7,-2.79,0.95,30439434.0,15.0,21.92,32.02,-8.9,4.4,True,4,,7.1,5.1,True,,1.09,0.65,0.01,15.109999656677246,False,False,False,11.650337896972015,21.910151593337694,51.28183666398103,49.041670565216165,68.22520667274664,33.72225482889802,28.422500899046273,,29.64114524579719,27.81620321111786,25.034582890006075,4,True,4.4,65.68222011138872,96.16906630900219,n/d,n/d,,,Fundo duplo,False,False,,,Em Alta,15.217777252197266,-0.7082348081054901,-17.68325088908994,False,True,False,Fundo duplo — rompeu pescoço ~R$14.28 (candidato)
CXSE3,BOVA11+DIVO11+Wishlist+Carteira,BOVA11,Insurance,68.61,65.03,88.88888888888889,,1.6,0.3,,63.8,32.68,100.0,81.51,False,16,Não,Bandeira de alta,"Bandeira de alta (pré-confirmação) — pescoço R$20.55, preço 0.1% abaixo do pescoço; falta fechar acima e segurar",False,4,6,False,,True,,True,True,True,,True,True,8,9,True,False,False,,True,,True,True,True,True,True,,True,61620002816.0,13.62,4.47,6.58,9.61,32.79,28.44,-1.21,75.43,,,,,,1.06,130.94,12.8,11.98,20.76,,8.23,91.77,12.87,22.04,59.6,-6.8,8.2,17.23,17.05,-18.8,22.7,31.6,15.42,22.04,15.75,1.43,40.1,-2.14,1.57,111439489.0,24.51,32.82,43.94,6.0,1.9,True,4,,13.4,5.7,True,,0.71,0.55,0.06,20.540000915527344,True,True,False,14.361552284346333,27.00898381217391,20.626593690927937,12.486749586615426,33.80200848961175,22.898448930232796,16.456129955230136,,21.22389467942024,21.762521310580368,19.586269179522333,4,True,1.9,-4.643289647003046,3.329570269765192,2026-11-09,2026-11-04,próxima,"A Caixa Seguridade (CXSE3) apresenta-se como um caso de estudo peculiar no setor de seguros, onde a alta eficiência operacional se choca com avaliações de mercado esticadas. O retorno sobre o patrimônio líquido de 32,8% e o retorno sobre o capital investido de -1,2% situam-se abaixo das médias setoriais de 34,3% e 19,5%, respectivamente, o que sugere que, apesar de a empresa ser altamente rentável em termos patrimoniais, a alocação de capital medida pelo ROIC negativo destoa dos seus pares e exige uma checagem manual detalhada para entender se há um evento contábil pontual ou estrutural por trás desse número. Essa rentabilidade robusta, mas abaixo da média, convive com múltiplos de preço elevados, visto que o P/L de 13,62 e o P/VP de 4,47 indicam que o mercado cobra caro pela qualidade do ativo, não configurando uma barganha óbvia. No âmbito dos proventos, o dividend yield de 6,58% mostra-se coerente com a forte geração de caixa traduzida na margem líquida de 75,43%, sustentada por uma estrutura de endividamento historicamente confortável que caracteriza o modelo de negócios leve em capital das seguradoras. Embora o crescimento da receita nos últimos cinco anos, de 12,8% ao ano, supere com folga a média negativa do setor de -2,5%, a análise das janelas temporais revela que a expansão desacelerou de 13,4% em três anos para 5,7% no último ano, um sinal de alerta explícito de perda de fôlego operacional que a média de longo prazo costuma mascarar. Diante disso, o crescimento implícito de 6,0% ao ano embutido no preço atual pelo fluxo de caixa descontado reverso parece exigente, dado que se posiciona muito próximo do ritmo de crescimento mais recente e desacelerado da companhia. Sob a ótica do valuation, a ampla dispersão entre os métodos de preço-teto — variando desde os conservadores R$ 12,49 de Graham e R$ 14,36 de Bazin até os otimistas R$ 27,01 de Gordon e R$ 33,80 de Lynch — resulta em uma média de R$ 21,22 e uma mediana de R$ 21,76, deixando o preço atual de R$ 20,54 sem margem de segurança, com um upside negativo de -4,6% frente ao preço-teto ajustado de R$ 19,59. O checklist de critérios reforça essa dualidade ao aprovar a empresa em 4 de 6 requisitos, validando o porte e o crescimento histórico, mas falhando na comparação de rentabilidade contra os pares. Em balanço, os prós residem na margem líquida espetacular, no bom histórico de dividendos e na liderança setorial, enquanto os contras concentram-se no ROIC negativo, na clara desaceleração do crescimento recente e na ausência de desconto em relação ao preço-teto ajustado.

Gatilho de falseamento: o ROIC anualizado da companhia permanecer abaixo de 0% no fechamento do próximo ano fiscal, o que invalidaria a premissa de que o indicador negativo atual é apenas um ruído contábil passageiro.",,True,True,19.51,5.28,Em Alta,20.559999465942383,-0.09726921660755394,-7.237500357387317,True,False,False,sem sinal (Em Alta)
DIRR3,BOVA11+SMALL11+DIVO11+AUVP11,BOVA11,Consumo discricionário,68.16,67.35,72.72727272727273,,,0.9,,71.19,61.11,55.31,89.73,False,17,Não,,,False,5,8,False,,True,,False,False,True,False,True,True,8,11,True,True,False,True,False,True,True,False,True,True,True,0.31,True,5225309696.0,6.12,2.25,15.39,12.12,36.78,26.14,9.99,17.73,4.53,0.6,0.82,4.18,1.16,0.64,74.18,8.6,4.52,5.44,1.01,82.45,14.5,10.07,16.95,0.0,-40.6,-18.2,13.81,13.75,-40.6,40.6,-26.1,10.07,16.88,-41.95,2.56,-25.4,-4.34,-0.97,110250776.0,4.27,7.18,12.09,-2.2,4.0,True,8,,26.2,29.7,False,,1.5,0.65,0.08,10.069999694824219,False,False,True,8.876422165551823,16.6934003952152,22.505164825034093,12.872228672723134,35.57137961633042,25.883576197168892,14.477755521945888,9.238206716687685,18.264766763832142,15.585577958580544,14.02702016272249,8,True,4.0,39.29513989888302,81.378026984647,n/d,2025-12-17,última,,,False,False,,,Em Baixa,11.470000267028809,-12.205758845786374,-41.64982904348445,True,False,False,sem sinal (Em Baixa; sem novo topo (-12.2%))
VLID3,SMALL11+DIVO11,SMALL11,Bens Industriais,68.05,67.22,72.72727272727273,,,0.7,,60.88,76.32,66.4,74.66,False,18,Não,Bandeira de alta,"Bandeira de alta (pré-confirmação) — pescoço R$17.87, preço 1.1% abaixo do pescoço; falta fechar acima e segurar",False,6,8,False,,True,,False,False,True,True,False,True,8,11,True,True,True,False,False,True,True,True,True,True,True,0.1,True,1380964992.0,6.25,0.82,10.8,8.58,13.18,13.73,15.68,11.15,3.25,0.48,0.42,2.3,0.41,1.02,53.64,-32.9,10.16,7.18,1.13,45.32,54.23,16.3,22.63,8.4,-21.9,1.1,19.43,19.18,-27.9,31.6,-14.2,16.3,22.63,-30.05,1.99,-11.6,-3.08,-0.56,3849993.0,10.73,16.13,24.24,-1.9,3.8,True,7,,3.1,-5.0,True,2023,0.92,0.51,0.07,17.670000076293945,False,False,False,11.030010297521038,20.743535495015372,38.668800166960686,37.02379013860335,41.539382653752455,34.55846532168459,18.74493443269507,34.18065307763653,32.208508755192575,34.55846532168459,31.10261878951613,7,True,3.8,76.01934722820613,82.27792086092562,2026-11-04,2026-08-13,última,,,False,False,,,Lateral,18.059999465942383,-2.159465122819637,-22.608068860632958,True,False,False,sem sinal (Lateral)
VTRU3,SMALL11,SMALL11,Consumo discricionário,68.04,74.16,33.333333333333336,,,0.9,,85.82,95.35,55.43,6.16,False,19,Não,Bandeira de alta,"Bandeira de alta (pré-confirmação) — pescoço R$14.99, preço 2.3% abaixo do pescoço; falta fechar acima e segurar",False,7,8,False,,True,,,,True,True,False,False,3,9,True,True,True,True,False,True,True,True,True,False,True,0.37,True,2187383296.0,2.01,0.55,0.17,0.21,27.23,9.79,15.07,46.56,3.05,2.1,1.91,2.56,0.56,0.13,0.41,-23.9,4.61,6.37,0.37,51.99,48.01,10.28,16.86,42.5,-13.1,9.8,13.53,13.46,-28.8,38.7,4.7,12.0,16.86,-11.15,2.44,13.9,-3.52,0.48,10055323.0,11.45,18.81,30.91,-24.0,505.2,False,5,,,5.5,,,1.17,0.53,0.08,14.649999618530273,,False,False,0.21937110087357045,0.4125591993848115,99.68865091087844,66.09209203865626,110.82902831590334,0.4757166666666666,89.79502253745919,32.4053931603535,,,,5,False,505.2,,,n/d,n/d,,,,False,False,,,Em Alta,15.0,-2.333335876464848,-15.551747460039367,False,False,False,sem sinal (Em Alta)
LAVV3,SMALL11+DIVO11+Carteira,SMALL11,Imobiliário,66.6,63.92,81.81818181818181,,,0.8,,65.65,55.84,55.18,93.84,False,20,Não,Bandeira de alta,"Bandeira de alta (pré-confirmação) — pescoço R$10.94, preço 6.3% abaixo do pescoço; falta fechar acima e segurar",False,5,8,False,,True,,True,False,True,True,False,True,9,11,True,True,False,True,False,True,True,False,True,True,True,0.37,True,2000639616.0,5.55,1.38,23.7,14.05,24.9,19.67,8.69,19.91,7.05,1.5,2.38,4.12,0.86,1.01,77.99,-30.3,2.93,4.85,1.47,60.31,33.37,9.22,18.94,11.2,-45.9,-6.4,12.97,13.28,-51.3,36.5,-30.9,9.22,18.94,-46.75,2.3,-26.3,-3.58,-0.83,5944637.0,5.08,8.12,12.98,-3.6,3.4,True,8,,46.9,13.7,True,,1.5,0.72,0.07,10.25,True,True,False,10.475580610121002,18.37152931825788,23.555666185412726,17.568273736145937,36.073732397659256,24.113775480407604,11.500682541877636,11.13685324598302,19.099511689483133,17.96990152720191,16.172911374481718,8,True,3.4,57.78450121445577,86.33669940959155,n/d,2026-02-03,última,"A Lavvi Empreendimentos Imobiliários (LAVV3) apresenta um perfil de investimento intrigante, onde a alta rentabilidade sobre o patrimônio líquido (ROE) de 24,9% supera com folga a média setorial de 16,2%, sugerindo forte eficiência na alocação do capital dos acionistas, embora o retorno sobre o capital investido (ROIC) de 8,7% fique ligeiramente abaixo dos pares de 9,4%. Essa qualidade operacional convive com múltiplos de valuation bastante atrativos, evidenciados pelo preço sobre o lucro (P/L) de 5,55 e preço sobre valor patrimonial (P/VP) de 1,38, indicando que o mercado pode estar subavaliando a capacidade de geração de caixa da companhia. A saúde financeira é um dos pilares da tese, com uma relação dívida líquida sobre EBITDA de apenas 1,5 vez, patamar muito inferior à alavancagem média do setor de 18,46 vezes, o que confere segurança e robustez ao balanço. Essa estrutura de capital desalavancada, somada a uma sólida margem líquida de 19,91%, sustenta um expressivo dividend yield de 23,7%, mostrando-se coerente com a forte geração de lucros recente, mesmo diante de um endividamento sob controle. Por outro lado, o crescimento histórico da receita acende um sinal de alerta, pois o indicador composto anualizado (CAGR) de cinco anos recuou 30,3%, ficando abaixo da média setorial de 8,6%, com a análise das janelas temporais mais recentes revelando uma clara desaceleração de 46,9% em três anos para 13,7% no último ano. Essa variação atípica de longo prazo e a desaceleração recente exigem uma checagem manual minuciosa por parte do investidor para identificar possíveis eventos contábeis não recorrentes ou atrasos em entregas de projetos. Apesar disso, o crescimento implícito no preço atual, calculado via fluxo de caixa descontado reverso, é de negativos 3,6% ao ano, o que se mostra um patamar extremamente conservador e fácil de ser superado frente ao histórico operacional da construtora. No checklist de critérios fundamentais, a empresa atende a cinco dos oito requisitos avaliados, sendo penalizada principalmente pela venda de ações por parte de insiders e pelo ROIC inferior ao do setor. Sob a ótica do valuation, a média dos preços-teto calculados por diferentes metodologias atinge R$ 19,10 e a mediana fica em R$ 17,97, revelando uma dispersão relevante entre o conservadorismo do método de Bazin, em R$ 10,48, e o otimismo de Lynch, em R$ 36,07, mas ainda garantindo um expressivo potencial de valorização de 57,8% contra o preço-teto ajustado de R$ 16,17. Em suma, os prós residem na excelente rentabilidade patrimonial, endividamento muito abaixo dos pares, valuation descontado e proventos excepcionais, enquanto os contras concentram-se na desaceleração recente da receita, ROIC abaixo da média setorial e desalinhamento pontual de insiders.

Gatilho de falseamento: margem líquida abaixo de 15% no fechamento do próximo ano fiscal.",,False,True,10.43,-1.73,Em Alta,11.020000457763672,-6.987299689458737,-45.995783734395765,True,False,False,sem sinal (Em Alta)
TGMA3,SMALL11+DIVO11,SMALL11,Bens Industriais,66.52,65.43,72.72727272727273,,,0.7,,78.58,31.33,69.75,82.88,False,21,Não,Bandeira de alta,"Bandeira de alta (pré-confirmação) — pescoço R$35.37, preço 1.6% acima do pescoço; falta fechar acima e segurar",False,6,8,False,,True,,False,False,True,True,True,True,8,11,True,True,True,False,False,True,True,True,True,True,True,0.03,True,2370462976.0,9.34,2.39,10.1,10.06,25.55,24.91,27.01,10.14,6.45,0.07,0.04,2.22,0.23,6.08,93.98,23.5,7.08,14.79,1.33,34.75,65.25,26.65,39.14,34.9,-8.1,15.4,33.15,32.92,-31.9,31.3,2.2,26.65,39.14,-13.65,1.97,0.4,-2.58,-0.1,10467210.0,25.54,38.11,56.85,2.7,3.4,True,8,,17.5,6.5,True,,0.88,0.49,0.16,35.95000076293945,False,False,False,26.30871136255664,30.075707497889884,32.00115148970198,36.09256725412562,44.647795196158754,48.07848421693553,14.256317200134418,32.5105572878501,32.99641143816912,32.255854388776044,29.03026894989844,8,True,3.4,-19.24821047618588,-8.215825485642725,n/d,2026-08-07,última,,,False,False,,,Em Alta,36.369998931884766,-1.1547929097603271,-9.070450429505117,True,False,False,sem sinal (Em Alta)
PINE4,SMALL11+DIVO11,SMALL11,Produtos financeiros,65.45,63.28,77.77777777777777,14.09,,0.4,,64.03,72.95,44.14,73.97,False,22,Não,Bandeira de alta,"Bandeira de alta (pré-confirmação) — pescoço R$12.06, preço 5.1% abaixo do pescoço; falta fechar acima e segurar",False,4,6,False,,True,,False,False,True,,True,True,7,9,True,True,False,,True,,True,False,True,True,True,,True,2888802304.0,4.82,1.61,8.23,8.58,33.43,18.92,0.0,39.51,,,,,,0.32,41.35,76.3,3.71,1.87,,95.52,4.47,7.24,15.72,58.2,-27.2,-7.8,11.94,11.65,-36.3,47.4,-8.8,10.01,15.72,-24.65,2.99,39.5,-4.77,0.92,11891210.0,9.85,18.14,33.42,-5.8,4.5,True,4,,84.0,124.9,False,2023,1.15,0.42,-0.06,11.449999809265137,False,False,False,7.144478564603927,13.436229042464804,32.49096452368101,19.496662838128135,56.013812739062445,12.77531889407378,29.2663895539723,,16.46174775620588,13.105773968269293,11.795196571442364,4,True,4.5,3.014818933864971,43.770725156565746,n/d,2026-07-15,última,,,False,False,,,Lateral,11.979999542236328,-4.424038006868369,-27.600655076092938,True,False,False,sem sinal (Lateral)
LREN3,BOVA11+SMALL11,BOVA11,Consumo discricionário,64.52,64.68,63.63636363636363,,,0.9,,66.88,74.38,56.32,47.26,False,23,Não,,,False,6,8,False,,True,,False,False,True,True,True,True,7,11,True,True,True,False,False,True,True,True,True,True,True,0.13,True,10559145984.0,7.51,1.08,8.18,4.38,14.41,11.89,23.53,9.35,2.02,0.59,0.34,1.69,0.32,0.78,32.87,3.2,6.53,6.22,1.29,46.72,53.28,10.5,16.05,6.1,-30.6,-16.3,14.16,13.92,-34.6,38.5,-14.2,10.5,15.66,-30.05,2.42,-28.1,-3.97,-0.93,202654254.0,5.07,8.31,13.62,0.4,7.9,True,6,,6.1,9.6,False,,1.45,0.66,0.11,11.140000343322754,False,False,False,3.545588343206302,6.667993561578304,20.288476206214714,18.554301824753107,20.841603527154387,15.774317773580446,13.218735912987656,28.151875456297162,19.47155178349791,19.42138901548391,17.47925011393552,6,True,7.9,56.90529241691158,74.78950793003374,2026-11-05,2026-06-24,última,,,False,False,,,Lateral,11.619999885559082,-4.130805051322373,-32.53311744352756,True,False,False,sem sinal (Lateral)
INTB3,SMALL11+AUVP11,SMALL11,Tecnologia de informação,64.47,66.22,54.54545454545455,,,0.5,,71.27,55.84,77.98,45.89,False,24,Não,Bandeira de alta,"Bandeira de alta (pré-confirmação) — pescoço R$15.30, preço 3.7% abaixo do pescoço; falta fechar acima e segurar",False,5,8,False,,True,,False,False,True,True,True,False,6,11,True,True,True,False,False,True,True,False,True,True,True,-0.17,True,4819819520.0,8.09,1.46,8.16,4.3,18.07,19.14,17.52,13.1,6.4,-1.0,-0.79,2.64,0.26,0.69,34.75,14.3,7.38,5.97,1.67,43.4,56.17,9.95,15.41,48.0,-4.4,6.4,12.92,12.8,-17.9,37.2,29.5,10.4,15.41,13.65,2.34,20.6,-3.7,0.38,17426604.0,11.31,18.19,29.26,1.2,6.4,True,7,,1.8,-6.2,True,,1.02,0.48,0.08,14.729999542236328,False,False,True,4.601197323954961,8.653219483437878,24.90338452852268,20.330277363414883,29.289326728460516,16.69905780961947,18.692642815000784,13.943777853264427,18.930240940245806,18.692642815000784,16.823378533500705,7,True,6.4,14.211670443450375,28.514877994163147,n/d,n/d,,,,False,False,,,Em Alta,15.40999984741211,-4.412721037696688,-5.93300737812632,False,False,False,sem sinal (Em Alta)
ALPA4,SMALL11,SMALL11,Consumo discricionário,64.23,64.33,63.63636363636363,,,0.9,,74.8,45.51,58.45,76.03,False,25,Não,Fundo duplo,"Fundo duplo (pré-confirmação) — pescoço R$12.73, preço 0.6% acima do pescoço; falta fechar acima e segurar",False,6,8,False,,False,,False,False,True,True,True,True,7,11,True,True,True,False,True,True,True,False,True,False,True,0.19,True,8702236672.0,12.48,2.42,14.01,8.79,19.37,-7.05,17.96,14.52,8.0,0.82,0.63,1.91,0.39,0.13,109.73,92.8,10.19,7.61,0.98,45.48,54.52,8.0,16.06,60.2,-20.2,2.8,12.11,11.84,-31.7,41.7,9.2,10.97,16.06,-6.65,2.63,49.5,-4.03,0.85,35482415.0,11.28,19.22,32.75,5.3,5.1,True,7,,3.0,11.1,False,,1.03,0.43,0.07,12.8100004196167,False,False,False,8.191086125519336,15.404526487670235,14.039082345733766,11.056697486338738,30.79327023946322,10.329989999999999,12.64576964500623,6.034873131028169,11.100289317328066,11.056697486338738,9.951027737704864,7,True,5.1,-22.318287183923303,-13.346690447179476,n/d,n/d,,,,False,False,,,Lateral,14.989999771118164,-14.543024581639807,-21.02342193646224,False,False,False,sem sinal (Lateral)
GRND3,SMALL11+DIVO11,SMALL11,Consumo discricionário,64.18,64.28,63.63636363636363,,,0.9,DY5a=20.2%>=20,60.78,62.83,73.97,,False,26,Não,Bandeira de alta,"Bandeira de alta (pré-confirmação) — pescoço R$3.77, preço 3.1% abaixo do pescoço; falta fechar acima e segurar",False,5,8,False,,True,,True,False,True,True,False,False,7,11,True,True,False,True,False,True,True,False,True,True,True,-0.11,True,3292883968.0,5.68,1.03,40.77,20.25,18.04,16.72,7.81,22.7,8.73,-1.39,-2.45,3.36,0.03,0.38,114.99,-37.8,4.87,2.74,2.01,29.93,70.07,3.37,4.83,8.4,-24.5,-2.8,3.86,4.01,-30.3,28.2,-15.2,3.37,4.83,-31.05,1.78,-9.5,-2.47,-0.51,12083030.0,2.42,3.49,5.02,-3.3,9.6,False,6,,0.8,-1.3,True,,0.77,0.48,0.04,3.6500000953674316,True,True,False,5.374235524530719,10.107030034843255,8.789186962947472,7.157994406000235,19.27816951778573,6.059476722895763,7.916901615304008,2.0183908072853463,,,,6,False,9.6,,,n/d,n/d,,,,False,False,,,Em Alta,3.7699999809265137,-3.183020853214724,-25.23958505717441,False,False,False,sem sinal (Em Alta)
CEAB3,BOVA11+SMALL11,BOVA11,Consumo discricionário,64.17,63.14,70.0,,,0.9,,58.56,87.92,43.59,60.96,False,27,Não,Bandeira de alta,"Bandeira de alta (pré-confirmação) — pescoço R$9.39, preço 5.4% abaixo do pescoço; falta fechar acima e segurar",True,5,8,False,,False,,False,,True,True,False,True,7,10,True,True,True,False,False,True,True,False,False,False,True,0.52,True,2632001280.0,4.87,0.72,5.87,6.49,14.79,7.33,14.93,7.02,2.18,1.94,1.78,1.67,0.72,0.48,31.59,-9.5,4.82,5.91,0.81,60.22,39.78,7.28,17.96,22.1,-50.5,-11.4,11.85,12.24,-59.5,52.3,-28.4,7.28,13.6,-44.25,3.29,-56.0,-4.87,-1.23,89300360.0,2.38,4.67,9.15,-5.6,19.8,False,6,,8.9,4.5,True,2024,1.78,0.6,0.13,8.890000343322754,False,False,False,4.1940694048841305,7.887556332411123,24.96761042305655,22.519684821682283,30.310991539736932,9.55821360668971,16.785685544539962,82.93026640667087,,,,6,False,19.8,,,n/d,n/d,,,,False,False,,,Lateral,9.390000343322754,-5.324813436833908,-50.81349564361348,False,False,False,sem sinal (Lateral) · ⚡ cruzamento de médias (MM21>MM30) hoje
TEND3,BOVA11+SMALL11,BOVA11,Consumo discricionário,64.11,64.19,63.63636363636363,,,0.9,,76.54,63.58,53.18,32.19,False,28,Não,,,False,5,8,False,,False,,False,False,True,True,False,True,7,11,True,True,True,False,False,True,True,False,True,False,True,0.24,True,3587316480.0,6.19,2.33,5.0,3.32,37.61,-8.65,14.39,12.08,4.28,0.47,0.45,1.96,0.79,0.41,20.53,-11.5,4.25,7.18,0.76,81.81,18.11,20.84,36.71,40.4,-20.3,-8.3,29.12,28.47,-22.2,49.7,28.4,22.35,36.71,12.55,3.13,27.0,-4.87,0.27,100947828.0,17.99,33.93,64.0,-2.1,12.3,False,6,,20.0,27.1,False,2023,1.57,0.55,0.11,29.25,False,False,False,7.054765724782464,13.267511024348954,64.63077804992443,36.53371566763423,86.55137782160887,22.47972026024363,58.216478190630056,28.674043407041005,,,,6,False,12.3,,,n/d,n/d,,,,False,False,,,Lateral,35.15999984741211,-16.808873359102428,-21.438577247285483,False,False,False,sem sinal (Lateral)
B3SA3,BOVA11+AUVP11,BOVA11,Produtos financeiros,63.98,64.68,60.0,,,0.4,,93.58,23.73,,36.99,False,29,Não,Bandeira de alta,"Bandeira de alta (pré-confirmação) — pescoço R$17.63, preço 0.2% abaixo do pescoço; falta fechar acima e segurar",False,5,6,False,,True,,False,False,True,,True,True,6,10,True,True,True,,True,,True,False,True,True,True,,True,87659462656.0,16.66,4.75,4.4,3.56,28.49,23.11,22.2,49.45,,,,,,1.44,59.25,33.0,13.63,9.25,0.57,63.98,35.97,11.68,19.55,50.7,-10.0,11.2,15.21,15.24,-27.8,35.2,33.5,13.18,19.55,17.65,2.22,17.4,-3.36,0.81,616033826.0,16.1,25.25,39.59,7.3,3.2,True,4,,3.5,6.8,False,,1.62,0.8,0.08,17.600000381469727,False,False,True,4.552273160030294,8.561210491282779,14.449134805683233,9.384683551512392,16.021646781976568,9.194370925074768,10.722761337183554,,9.189247345517767,8.877790708178773,7.9900116373608965,4,True,3.2,-54.60220758987464,-47.78836848666932,2026-11-12,2026-06-25,última,,,False,False,,,Em Alta,17.65999984741211,-0.3397478282038291,-12.135436682646795,True,False,False,sem sinal (Em Alta)
VIVA3,BOVA11+SMALL11,BOVA11,Consumo discricionário,62.54,62.35,63.63636363636363,,,0.9,,75.46,53.67,66.65,16.44,False,30,Não,Bandeira de alta,"Bandeira de alta (pré-confirmação) — pescoço R$22.44, preço 0.2% abaixo do pescoço; falta fechar acima e segurar",False,6,8,False,,True,,False,False,True,True,True,True,7,11,True,True,True,True,False,True,True,False,True,True,True,0.27,True,5260195840.0,9.03,1.66,3.12,1.98,18.4,21.98,17.32,18.56,5.96,1.1,0.87,4.19,0.4,0.6,17.87,0.4,7.01,10.38,1.73,37.54,62.46,20.42,35.35,9.6,-36.7,-0.2,26.89,26.67,-42.2,37.9,-30.6,20.42,32.35,-46.45,2.39,-25.9,-3.8,-0.77,49461353.0,10.96,17.86,29.12,2.4,13.1,False,6,,13.5,16.8,False,2024,1.12,0.52,0.05,22.389999389648438,False,False,False,3.22176942125692,6.059005072879949,33.91333455224855,27.431365173163826,42.09848509269206,10.853405399094557,30.547596066497103,14.301386436699282,,,,6,False,13.1,,,n/d,2025-12-22,última,,,False,False,,,Em Alta,23.760000228881836,-5.765996742576096,-37.61753793606497,True,False,False,sem sinal (Em Alta)
BBSE3,BOVA11+DIVO11+AUVP11,BOVA11,Insurance,62.51,59.82,77.77777777777777,,1.3,0.3,,68.0,31.63,61.0,91.1,False,31,Não,Bandeira de alta,"Bandeira de alta (pré-confirmação) — pescoço R$40.60, preço 0.5% abaixo do pescoço; falta fechar acima e segurar",False,5,6,False,,True,,True,False,True,,False,True,7,9,True,True,False,,True,,True,True,True,True,True,,True,78445854720.0,8.54,7.2,11.52,12.78,84.38,83.67,0.0,87.93,,,,,,,109.16,-0.1,9.21,28.81,,55.04,44.96,28.18,42.35,43.4,-4.6,9.9,32.85,33.47,-9.8,19.5,27.6,30.7,42.35,11.75,1.23,28.9,-1.92,1.2,259878321.0,44.74,57.49,73.86,1.8,1.6,True,4,,9.7,10.8,False,,0.58,0.52,0.07,40.40999984741211,True,True,True,37.565749002626724,55.096431870519204,50.473067725104904,24.444711965717406,,59.50416498381771,12.870632269901751,,50.65985339551713,52.784749797812054,47.50627481803085,4,True,1.6,17.56069041676376,25.36464634201534,2026-11-03,2026-08-07,última,,,False,False,,,Em Alta,42.349998474121094,-4.580870594114572,-5.9795247142771295,True,False,False,sem sinal (Em Alta)
SEER3,SMALL11,SMALL11,Consumo discricionário,62.4,62.18,63.63636363636363,,,0.9,,69.28,76.57,39.79,39.04,False,32,Não,Bandeira de alta,"Bandeira de alta (pré-confirmação) — pescoço R$14.16, preço 1.5% abaixo do pescoço; falta fechar acima e segurar",False,6,8,False,,False,,False,False,True,True,True,True,7,11,True,True,True,False,False,True,True,True,True,False,True,0.74,True,1784884096.0,6.61,1.18,6.34,3.67,17.83,-1.1,17.04,11.85,2.95,1.79,1.45,1.64,0.92,0.49,24.29,29.3,5.6,9.65,0.47,59.3,40.7,8.0,14.1,74.3,-1.1,19.7,10.78,10.83,-25.4,52.0,55.4,8.89,14.1,39.55,3.28,4.4,-4.92,0.65,20447514.0,10.0,19.61,38.47,-1.2,9.7,False,5,,9.8,11.9,False,2025,1.47,0.49,0.04,13.9399995803833,False,False,False,3.7255953069395082,7.00652278692172,28.844662642538278,23.676215614451596,36.21829912856732,9.039212308004041,23.956044295168848,29.04897435549183,,,,5,False,9.7,,,n/d,n/d,,,,False,False,,,Em Alta,14.100000381469727,-1.1347574238132596,-2.0379477946733116,False,False,False,sem sinal (Em Alta)
MULT3,BOVA11+SMALL11,BOVA11,Imobiliário,61.63,61.28,63.63636363636363,,,0.8,,86.07,39.54,43.49,39.73,False,33,Não,Bandeira de alta,"Bandeira de alta (pré-confirmação) — pescoço R$30.23, preço 2.0% abaixo do pescoço; falta fechar acima e segurar",False,7,8,False,,True,,False,False,True,True,True,True,7,11,True,True,True,True,True,True,True,False,True,True,True,0.74,True,14490157056.0,10.96,2.25,3.79,3.71,20.52,17.07,18.7,43.42,8.01,2.13,1.56,1.64,0.75,0.9,40.66,62.0,11.39,10.89,0.29,52.11,47.88,25.88,35.12,14.5,-15.7,2.5,28.86,29.28,-25.0,27.3,11.7,26.35,35.12,-4.15,1.72,-3.1,-2.81,-0.07,126588155.0,22.57,32.1,45.63,4.2,5.4,True,7,,15.1,7.6,True,,1.25,0.8,0.06,29.6200008392334,False,False,False,7.991904882308253,15.029937246405519,36.9639756175976,28.29305145596621,42.93360582646578,26.317584716515928,28.41159890762444,27.202726167484194,29.307497134008525,28.29305145596621,25.46374631036959,7,True,5.4,-14.031919011152116,-1.0550428641816434,2026-10-29,2026-07-01,última,,,False,False,,,Em Alta,30.389999389648438,-2.533723481012373,-16.038709353660686,True,False,False,sem sinal (Em Alta)
TOTS3,BOVA11+SMALL11+AUVP11,BOVA11,Tecnologia de informação,61.45,57.86,81.81818181818181,,,0.5,,85.64,32.13,49.58,13.7,False,34,Bandeira de alta,,,False,6,8,False,,True,,False,False,True,True,True,True,9,11,True,True,True,True,True,False,True,False,True,True,True,0.56,True,19641862144.0,14.08,3.68,2.03,1.39,26.12,14.98,23.37,21.63,8.03,2.09,1.23,1.84,0.92,0.94,19.56,269.5,16.36,7.39,1.0,42.41,54.01,27.05,47.43,28.1,-26.9,11.4,35.29,36.97,-43.0,38.7,-14.5,27.05,46.82,-30.35,2.44,-23.9,-3.47,-0.67,148755109.0,17.3,28.49,46.9,6.2,11.5,False,6,,15.0,17.4,False,,0.9,0.41,-0.02,34.650001525878906,False,False,True,3.50014174181369,6.582524630572197,33.65927567579879,22.833331420415426,40.33217129532115,10.59424454785779,30.318751335144047,22.84661003017105,,,,6,False,11.5,,,2026-11-04,2026-06-16,última,"A TOTVS (TOTS3) apresenta uma sólida eficiência operacional no setor de tecnologia de informação, com um ROE de 26,1% e um ROIC de 23,4% que se posicionam significativamente acima dos pares setoriais (9,1% e 13,4%, respectivamente), sugerindo forte capacidade de geração de valor. Essa elevada qualidade convive com múltiplos de preço que exigem atenção, pois o P/L de 14,08 e o P/VP de 3,68 indicam que o mercado cobra um prêmio pelo papel, embora o PEG de 0,94 aponte que esse preço está condizente com o crescimento projetado. No âmbito financeiro, a alta rentabilidade suporta um endividamento cuja relação Dívida Líquida/EBITDA de 2,09 está acima da média do setor (1,39), mas ainda em patamar controlado pela liquidez corrente de 1,84. O dividendo de 2,03% mostra-se modesto, o que é coerente com uma estratégia de reinvestimento e com o perfil de crescimento da companhia, embora a alavancagem superior à dos pares acenda um sinal de alerta. O crescimento histórico de receita em cinco anos impressiona com um CAGR de 269,5%, superando com folga a média setorial de 100,8%, contudo, a variação atípica desse período sugere a necessidade de uma checagem manual para identificar possíveis eventos contábeis não recorrentes. Além disso, a análise das janelas temporais de crescimento de receita, que passaram de 15,0% em três anos para 17,4% no último ano, indica que o crescimento implícito de 6,2% ao ano embutido no preço atual via fluxo de caixa descontado reverso parece bastante conservador frente ao histórico recente da empresa. O checklist de critérios fundamentalistas reforça essa solidez ao aprovar 6 de 8 requisitos, falhando apenas na relação de endividamento frente ao setor e na existência de vendas de insiders. Quanto ao valuation, os métodos de preço-teto exibem uma dispersão extremamente alta, variando desde os conservadores R$ 3,50 por Bazin até R$ 40,33 por Lynch, o que exige cautela extra do analista ao adotar uma faixa de referência. Como prós, destacam-se a rentabilidade muito acima da média setorial, as margens robustas e o crescimento implícito conservador; como contras, pesam a elevada dispersão nos modelos de valuation, o endividamento acima dos pares e o baixo retorno em dividendos.

Gatilho de falseamento: ROIC abaixo de 13,4% no fechamento anual.",Bandeira de alta,False,False,,,Em Alta,35.45000076293945,-2.256697376144745,-27.333755847194464,True,True,True,"Bandeira de alta — mastro +31%, recuo 30%, bandeira 7d (candidato)"
SAPR4,AUVP11,SMALL11,Utilities,61.45,59.46,72.72727272727273,,,0.1,,56.46,60.32,64.74,60.27,True,35,Não,,,False,6,8,False,,True,,False,False,False,True,True,True,8,11,False,True,True,False,True,True,True,True,False,True,True,0.04,True,10200637440.0,22.41,0.84,1.67,6.48,3.76,14.91,11.83,6.04,3.98,0.89,1.03,1.86,0.6,1.95,145.11,11.5,8.65,5.91,0.51,53.34,46.66,6.24,9.08,8.2,-25.7,-5.3,7.23,7.49,-31.3,29.4,-13.5,6.24,9.08,-29.35,1.85,-11.6,-3.06,-0.47,8694726.0,4.41,6.46,9.44,8.9,5.7,True,7,,8.3,5.2,True,,0.9,0.53,0.03,6.75,False,False,False,3.178808411767568,5.978210658259652,4.119704624951417,7.379627839992923,5.414262189281752,1.7543033594410482,3.0361445783132535,10.013351995185376,5.588587185393135,5.414262189281752,4.872835970353577,7,True,5.7,-27.809837476243302,-17.206115771953556,n/d,n/d,,,,False,False,,,Lateral,7.039999961853027,-4.119317662278721,-26.868902115193947,False,False,False,sem sinal (Lateral)
CYRE3,BOVA11+SMALL11+AUVP11+Wishlist,BOVA11,Consumo discricionário,61.31,57.69,81.81818181818181,,,0.9,,59.79,60.0,45.38,67.12,False,36,Não,Bandeira de alta,"Bandeira de alta (pré-confirmação) — pescoço R$26.23, preço 2.1% abaixo do pescoço; falta fechar acima e segurar",False,4,8,False,,True,,False,False,True,True,True,True,9,11,True,True,False,True,False,False,True,False,True,True,False,0.54,True,9267214336.0,5.71,1.04,9.0,7.26,18.26,15.44,7.03,20.62,9.01,3.1,6.07,3.37,0.73,0.53,41.47,16.4,4.8,3.68,1.17,56.08,39.17,19.83,35.31,29.5,-27.3,14.1,26.83,26.32,-43.8,45.0,7.2,19.83,32.0,-8.65,2.83,-22.4,-4.55,-0.27,223826207.0,13.07,23.57,42.48,-3.2,16.9,False,6,,20.3,18.3,True,2024,1.68,0.65,0.05,25.68000030517578,False,False,False,13.565661476807316,25.512195616060207,61.5124576543389,49.986365432951885,80.72892103005006,30.550215861682293,42.99256547222219,4.789646943124314,,,,6,False,16.9,,,2026-11-12,2025-12-10,última,"A Cyrela (CYRE3) apresenta um panorama de investimento intrigante no setor de consumo discricionário, onde seu retorno sobre o patrimônio líquido (ROE) de 18,3% supera a média setorial de 14,1%, sugerindo forte eficiência na alocação do capital dos acionistas, embora o retorno sobre o capital investido (ROIC) de 7,0% fique bem abaixo dos pares (13,7%). Essa divergência entre ROE e ROIC convive com múltiplos de preço atraentes, como o preço sobre lucro (P/L) de 5,71 e o preço sobre valor patrimonial (P/VP) de 1,04, indicando que a alta rentabilidade do acionista não está sendo precificada com ágio. No entanto, essa rentabilidade é acompanhada por um endividamento que exige atenção, dado que a relação dívida líquida sobre EBITDA de 3,1 está acima da média do setor de 2,82, embora a liquidez corrente robusta de 3,37 garanta fôlego financeiro no curto prazo. O generoso retorno em dividendos (DY) de 9,0% mostra-se coerente com a margem líquida saudável de 20,62%, mas a sustentabilidade desse fluxo no longo prazo depende do gerenciamento dessa alavancagem financeira mais esticada. Sob a ótica do crescimento, o indicador de receita acumulado de cinco anos de 16,4% decepciona frente à média setorial de 35,4%, e a análise das janelas temporais revela uma desaceleração recente, com a taxa caindo de 20,3% em três anos para 18,3% no último ano, o que serve como um claro sinal de alerta. Adicionalmente, o ano de 2024 registrou uma variação atípica nos resultados que demanda uma checagem manual detalhada para identificar possíveis eventos contábeis não recorrentes. No campo do valuation, o crescimento implícito no preço atual de -3,2% ao ano mostra-se um patamar bastante conservador frente ao histórico de expansão da empresa, mas a enorme dispersão entre as métricas de preço-teto — que variam desde os conservadores R$ 13,57 de Bazin até os otimistas R$ 80,73 de Lynch — exige cautela extra na definição de uma margem de segurança. O checklist de critérios reforça essa postura de prudência ao registrar apenas 4 de 8 critérios atendidos, penalizado principalmente pelo ROIC fraco, endividamento acima do setor e vendas de papéis por insiders. Em balanço, a Cyrela destaca-se positivamente por seu ROE elevado, margem líquida robusta, múltiplos de valuation descontados e dividendos atraentes, mas traz como contrapartidas uma clara desaceleração no crescimento recente, alavancagem financeira acima da média dos seus pares e uma grande divergência nos modelos de preço-teto.

Gatilho de falseamento: a leitura de rentabilidade resiliente e valuation atrativo será provada errada se o retorno sobre o patrimônio líquido (ROE) recuar para um patamar abaixo de 14,1% no fechamento anual, perdendo assim sua vantagem competitiva frente à média do setor.",,True,False,,,Em Alta,26.6200008392334,-3.5311814591388546,-28.69666902970136,False,False,False,sem sinal (Em Alta)
ABCB4,SMALL11+DIVO11+AUVP11,SMALL11,Produtos financeiros,61.17,64.12,44.44444444444444,16.87,,0.4,,50.01,66.49,83.86,82.19,False,37,Fundo duplo,,,False,2,6,False,,True,,False,False,True,,False,True,4,9,True,False,False,,False,,True,False,True,True,True,,True,6438877696.0,6.38,0.9,10.44,10.05,14.05,14.98,0.0,40.92,,,,,,1.27,64.1,-2.9,5.61,1.54,,89.78,10.19,19.15,26.85,30.4,-7.0,6.1,23.32,23.18,-17.3,23.2,10.7,22.2,26.85,-5.15,1.46,7.8,-2.12,0.35,13178213.0,22.5,30.29,40.77,-1.7,2.6,True,4,,7.9,13.6,False,,0.93,0.7,-0.04,24.969999313354492,False,False,True,18.24640000417446,30.269335201245607,47.21944137295048,49.42858697614332,59.06316552328804,45.804895794400316,23.278494601924553,,35.38501809319272,38.03711549782296,34.23340394804067,4,True,2.6,37.098137322462435,41.71012841905868,n/d,n/d,,,Fundo duplo,False,False,,,Em Alta,25.100000381469727,-0.517932534420229,-8.629812668037074,False,True,False,Fundo duplo — rompeu pescoço ~R$24.94 (candidato)
SAPR11,SMALL11+AUVP11,SMALL11,Serviços públicos,60.95,58.87,72.72727272727273,,,0.1,,56.46,58.77,64.74,58.22,True,38,Não,Bandeira de alta,"Bandeira de alta (pré-confirmação) — pescoço R$35.12, preço 2.9% abaixo do pescoço; falta fechar acima e segurar",False,4,8,False,,True,,False,False,False,True,True,True,8,11,False,False,True,False,False,True,True,True,False,True,True,0.21,True,10309440512.0,22.65,0.85,1.62,6.35,3.76,14.91,11.83,6.04,4.02,0.89,1.03,1.86,0.6,1.97,143.76,11.5,6.42,5.91,0.51,53.34,46.66,31.45,47.9,8.5,-28.8,-6.9,37.25,38.66,-34.3,31.0,-15.1,31.45,47.9,-30.95,1.95,-12.1,-3.23,-0.51,51125899.0,21.4,31.88,47.48,8.9,5.5,True,7,,8.3,5.2,True,,1.01,0.57,0.07,34.11000061035156,False,False,False,15.745404732658645,29.61151922303223,20.59765044333698,36.874778494522275,26.87701201294037,15.033916666666668,15.180079741825335,83.33178795263261,22.845765902140354,20.59765044333698,18.537885399003283,7,True,5.5,-45.6526383251442,-33.023261526394656,n/d,n/d,,,,False,False,,,Lateral,36.209999084472656,-5.799498832413952,-29.987685230482253,False,False,False,sem sinal (Lateral)
CMIN3,BOVA11+DIVO11+AUVP11+Wishlist,BOVA11,Materiais,60.2,66.01,27.272727272727273,,,1.0,,82.1,49.68,34.62,97.26,False,39,Não,Bandeira de alta,"Bandeira de alta (pré-confirmação) — pescoço R$6.52, preço 11.9% abaixo do pescoço; falta fechar acima e segurar",False,7,8,False,,True,,False,False,True,False,True,False,3,11,True,True,True,False,True,True,True,True,True,True,True,0.16,True,30832361472.0,13.36,4.25,18.98,16.59,31.79,32.01,20.33,13.41,5.2,0.2,0.13,1.17,1.24,0.15,221.64,90.7,13.63,8.29,0.53,80.09,19.91,4.08,6.99,40.7,-17.9,11.3,5.22,5.2,-34.6,40.7,13.1,4.08,6.99,-2.75,2.56,24.6,-4.18,0.34,50793154.0,4.13,6.95,11.72,5.8,3.6,True,8,,10.7,9.3,True,2025,1.1,0.47,-0.09,5.739999771118164,False,False,True,6.9256364480566175,13.024664674893575,5.8763760453788425,3.6133118058655813,12.889221042930009,6.133333333333334,5.293173441629924,5.636696751209372,7.424051692912157,6.004854689356089,5.40436922042048,8,True,3.6,-5.8472223707476285,29.338884824832267,n/d,2026-04-17,última,"A CSN Mineração (CMIN3) apresenta uma notável eficiência operacional, com um ROE de 31,8% e um ROIC de 20,3% que se posicionam muito acima da média de seus pares do setor de materiais, de 5,6% e 9,2% respectivamente, o que sugere uma forte capacidade de geração de valor sobre o capital empregado. Essa elevada qualidade operacional convive com múltiplos de preço que exigem cautela, pois o P/L de 13,36 e o P/VP de 4,25 indicam que o mercado cobra um prêmio pelo papel, embora o PEG de 0,15 sinalize que esse preço está atrativo quando ajustado ao crescimento histórico. No âmbito financeiro, a excelente rentabilidade é acompanhada por um endividamento sob controle, visto que a relação dívida líquida sobre EBITDA de 0,2 está bem abaixo da média setorial de 1,76, garantindo robustez mesmo com uma relação dívida sobre patrimônio de 1,24 e liquidez corrente de 1,17. Essa estrutura de capital saudável confere sustentabilidade ao expressivo dividend yield de 18,98%, o qual se mostra coerente com a forte geração de caixa, embora o investidor deva monitorar a manutenção desse patamar frente ao lucro e à política de distribuição. Quanto à expansão, o CAGR de receita de cinco anos de 90,7% supera com folga a média setorial de 17,4%, mas a análise das janelas temporais de três anos em 10,7% e de um ano em 9,3% revela que a empresa vem desacelerando, um sinal de alerta importante que a média de longo prazo costuma ocultar. Adicionalmente, o ano de 2025 apresenta uma variação atípica que merece checagem manual por parte do analista para identificar possíveis eventos contábeis não recorrentes. Sob a ótica do valuation, o crescimento implícito de 5,8% ao ano embutido no preço atual de R$ 5,74 parece um patamar conservador diante do histórico da companhia, enquanto as estimativas de preço-teto mostram alta dispersão entre os métodos, variando desde R$ 3,61 pelo modelo de Graham até R$ 13,02 por Gordon, resultando em uma média de R$ 7,42 e uma mediana de R$ 6,00. O preço-teto ajustado com margem de segurança fica em R$ 5,40, o que representa um upside negativo de 5,8% em relação à cotação atual, refletindo que o mercado já precifica boa parte do otimismo. O checklist de critérios confirma a solidez da tese ao atender 7 de 8 requisitos, penalizado apenas pela margem líquida de 13,41% que se situa abaixo do sarrafo de 15%. Em balanço, os prós residem na rentabilidade excepcional, no endividamento muito abaixo dos pares e no provento robusto, ao passo que os contras concentram-se na clara desaceleração do crescimento de receita, na margem líquida abaixo do ideal e na ausência de margem de segurança no preço atual frente ao teto ajustado.

Gatilho de falseamento: ROIC abaixo de 9,2% no fechamento anual, o que igualaria a empresa à média do setor e invalidaria a tese de rentabilidade superior que justifica seus múltiplos atuais.",,True,False,,,Lateral,6.989999771118164,-17.882690142063375,-18.811886396753465,True,False,False,sem sinal (Lateral)
TFCO4,SMALL11,SMALL11,Consumo discricionário,60.17,59.56,63.63636363636363,,,0.9,,80.35,31.93,69.24,15.75,False,40,Não,,,False,5,8,False,,True,,False,False,True,True,True,True,7,11,True,True,True,False,False,True,True,False,True,True,True,0.2,True,2009270016.0,13.8,3.31,2.41,1.73,23.99,26.81,27.1,13.1,8.51,0.48,0.24,3.17,0.28,0.92,23.83,9.3,8.71,16.01,1.67,41.96,57.74,12.64,18.1,4.7,-26.8,-8.0,15.68,15.59,-30.2,31.9,-16.5,12.64,17.65,-32.35,2.01,-17.6,-3.07,-0.79,10385035.0,7.45,11.21,16.88,6.1,9.7,False,7,,22.6,25.8,False,,1.22,0.66,0.15,13.239999771118164,False,False,False,1.662873761433274,3.1272754932761253,13.122393415039973,9.292352936772327,16.048152955542026,6.104046666666666,11.820057766679405,6.143671881836377,,,,7,False,9.7,,,n/d,n/d,,,,False,False,,,Lateral,13.40999984741211,-1.2677112470419027,-27.164150461149163,False,False,False,sem sinal (Lateral)
ISAE4,BOVA11+DIVO11,BOVA11,Serviços públicos,59.85,59.18,63.63636363636363,,,0.1,,59.77,50.08,60.47,76.71,True,41,Não,Bandeira de alta,"Bandeira de alta (pré-confirmação) — pescoço R$27.76, preço 1.7% abaixo do pescoço; falta fechar acima e segurar",False,5,8,False,,True,,False,False,True,True,True,True,7,11,False,True,False,True,True,False,True,True,True,True,True,0.67,True,19250239488.0,6.81,0.87,6.36,8.95,12.71,14.91,9.63,26.39,7.55,3.41,4.87,5.28,0.79,1.37,60.95,220.0,9.19,6.2,0.28,54.58,44.81,21.76,31.63,25.4,-13.7,-1.4,27.15,26.8,-19.9,25.0,4.7,25.09,31.63,-11.15,1.57,17.3,-2.32,0.48,89624603.0,24.82,34.24,47.22,-0.8,3.1,True,8,,20.0,18.1,True,,0.99,0.69,0.06,27.280000686645508,False,False,False,17.757904308410417,29.16629647912129,47.85024233609388,53.1621398655279,55.73529813175253,42.45874483325793,23.619495937018257,33.80181749319844,37.943992423047575,38.13028116322819,34.31725304690537,8,True,3.1,25.796378970418576,39.090877815199086,n/d,2026-04-20,última,,,False,False,,,Em Alta,28.079999923706055,-2.8490001397228015,-14.86547106417494,True,False,False,sem sinal (Em Alta)
KEPL3,SMALL11+DIVO11+Wishlist,SMALL11,Bens Industriais,59.72,63.84,36.36363636363637,,,0.7,,63.51,49.4,65.59,97.95,False,42,Não,Bandeira de alta,"Bandeira de alta (pré-confirmação) — pescoço R$6.59, preço 2.7% abaixo do pescoço; falta fechar acima e segurar",False,5,8,False,,True,,False,False,True,True,False,False,4,11,True,True,False,False,False,True,True,True,True,True,True,-0.02,True,1110581504.0,8.24,1.44,4.5,16.71,17.52,36.22,12.97,9.71,6.57,-0.07,-0.07,2.04,0.43,,137.72,-56.2,13.12,6.76,1.34,48.81,51.19,5.69,10.45,12.7,-38.7,-3.2,7.7,7.92,-45.6,35.3,-35.1,5.69,10.45,-50.95,2.23,-24.6,-3.12,-0.68,8075174.0,3.45,5.44,8.57,1.4,5.4,True,6,,-6.4,-7.3,True,,0.97,0.48,-0.03,6.409999847412109,False,False,False,7.791504739930424,11.427540285231292,8.297734430306939,8.826823169953803,,8.987435936460594,2.1159222797282693,5.705256236622955,8.506049133084336,8.562278800130372,7.706050920117335,6,True,5.4,20.21920598373299,32.699677621965286,n/d,2025-12-16,última,"A Kepler Weber (KEPL3) apresenta-se como um ativo de contrastes interessantes sob a ótica fundamentalista, onde uma rentabilidade sólida convive com múltiplos de preço bastante atrativos. O Retorno sobre o Patrimônio Líquido (ROE) de 17,5% posiciona-se confortavelmente acima da média do setor de bens industriais (10,8%), sugerindo forte eficiência na alocação do capital próprio, embora o Retorno sobre o Capital Investido (ROIC) de 13,0% fique ligeiramente abaixo dos pares (13,3%). Essa elevada qualidade do negócio é negociada a patamares de preço descontados, visto que o Preço/Lucro (P/L) de 8,24 e o Preço/Valor Patrimonial (P/VP) de 1,44 indicam que o mercado não está cobrando um prêmio excessivo pela sua capacidade de gerar caixa. No âmbito financeiro, a excelente relação entre rentabilidade e endividamento é coroada por uma relação Dívida Líquida/EBITDA de -0,07, substancialmente abaixo da média setorial (2,38), o que revela uma posição de caixa líquido altamente saudável e uma liquidez corrente robusta de 2,04. Essa estrutura de capital desalavancada confere sustentabilidade ao Dividend Yield (DY) de 4,5%, o qual se mostra plenamente coerente com a geração de lucro e com a folga financeira da companhia. O grande ponto de atenção reside no crescimento, dado que a taxa de crescimento anual composta (CAGR) da receita em 5 anos de -56,2% situa-se muito abaixo do setor (47,1%), com a análise das janelas temporais de 3 anos (-6,4%) e 1 ano (-7,3%) confirmando que a receita está explicitamente DESACELERANDO. Essa variação atípica e acentuada na janela de 5 anos merece uma checagem manual detalhada por parte do investidor para identificar possíveis eventos contábeis não recorrentes ou reestruturações societárias. No checklist de critérios, a empresa atende a 5 de 8 requisitos, penalizada justamente pelas métricas de crescimento e margem líquida de 9,71%, que ficou abaixo do sarrafo de 15%. Por outro lado, o crescimento implícito no preço atual de apenas 1,4% ao ano, obtido via fluxo de caixa descontado reverso, configura um patamar bastante conservador e fácil de ser superado frente ao histórico da empresa. Sob a ótica do valuation, as estimativas de preço-teto mostram uma dispersão relevante entre o método de Bazin (R$ 7,79) e o modelo de Gordon (R$ 11,43), mas a média de R$ 8,51 e o preço ajustado com margem de segurança de R$ 7,71 sinalizam um upside promissor de 20,2% contra a cotação atual de R$ 6,41. Em balanço, os prós concentram-se na robustez do balanço com caixa líquido, rentabilidade do acionista acima da média e valuation descontado, enquanto os contras residem na clara trajetória de desaceleração das receitas e margens abaixo do ideal para o setor.

Gatilho de falseamento: ROIC abaixo de 10% no fechamento anual.",,True,False,,,Em Alta,6.769999980926514,-5.317579535135186,-38.95238240559896,False,False,False,sem sinal (Em Alta)
ITUB4,BOVA11+DIVO11+AUVP11,BOVA11,Produtos financeiros,59.58,56.37,77.77777777777777,15.95,,0.4,,58.07,37.82,70.71,66.44,False,43,Não,Bandeira de alta,"Bandeira de alta (pré-confirmação) — pescoço R$42.83, preço 0.6% abaixo do pescoço; falta fechar acima e segurar",False,3,6,False,,True,,False,False,True,,True,True,7,9,True,True,False,,False,,True,False,True,True,True,,True,469311324160.0,10.07,2.26,7.31,7.17,22.45,19.06,0.0,32.58,,,,,,1.61,72.19,8.1,8.41,1.58,,92.99,6.67,33.37,48.38,27.6,-12.0,4.1,39.93,40.1,-22.5,24.2,11.0,37.49,48.38,-4.85,1.52,14.3,-2.45,0.54,1065484086.0,39.66,54.06,73.69,3.5,2.6,True,4,,6.6,4.2,True,,1.18,0.85,0.05,42.58000183105469,False,False,True,22.20071648468218,41.75167003409584,57.83361878581282,42.337770068471144,56.71056278213693,44.6576177196097,28.39518718307663,,41.61090575605013,43.20464387685277,38.884179489167494,4,True,2.6,-8.67971391018526,-2.2759418349713956,n/d,2026-10-01,próxima,,,False,False,,,Em Alta,42.72999954223633,-0.3510360701814985,-12.524703634415712,True,False,False,sem sinal (Em Alta)
CYRE4,AUVP11,SMALL11,Consumer Cyclical,59.44,52.28,100.0,,,0.9,,59.79,64.39,45.38,2.05,False,44,Não,,,False,5,7,False,,True,,,,True,True,True,True,9,9,True,True,True,True,True,False,,False,True,True,False,0.55,True,,5.42,0.99,0.0,0.0,18.26,15.44,7.03,20.62,8.69,3.1,6.07,3.37,0.73,0.36,,16.4,,3.68,1.17,56.08,39.17,18.14,30.16,34.5,-19.1,16.1,21.51,22.86,-39.9,48.5,-16.9,18.14,30.16,-32.75,3.06,,-4.92,-0.68,9683555.0,9.59,17.88,33.35,-4.0,6.5,True,4,,20.3,18.3,True,2024,1.73,0.65,0.18,24.399999618530273,,False,False,,,61.573621225192454,49.964763723946085,67.52767422102475,,55.46272976020166,10.35835878794716,58.63219723259123,58.518175492697054,52.66635794342735,4,True,6.5,115.84573265087492,140.2958940542923,n/d,n/d,,,,False,False,,,Em Alta,25.3799991607666,-3.8613064406686437,-20.2614401491771,False,False,False,sem sinal (Em Alta)
BBDC3,BOVA11+DIVO11+AUVP11,BOVA11,Produtos financeiros,59.28,57.98,66.66666666666667,15.65,,0.4,,47.03,63.97,66.43,75.34,False,45,Não,Bandeira de alta,"Bandeira de alta (pré-confirmação) — pescoço R$16.39, preço 2.2% abaixo do pescoço; falta fechar acima e segurar",False,3,6,False,,True,,False,False,True,,True,True,6,9,True,False,False,,True,,True,False,True,True,True,,True,169448521728.0,6.86,0.97,8.82,8.73,14.13,11.35,0.0,26.07,,,,,,1.21,59.92,17.8,,1.07,,92.32,7.66,13.18,17.94,21.6,-10.6,4.0,15.41,15.5,-22.4,23.7,7.3,13.91,17.94,-8.55,1.49,7.2,-2.18,0.37,109850597.0,14.41,19.51,26.42,-0.7,3.0,True,4,,2.7,11.9,False,,1.13,0.84,-0.03,16.030000686645508,False,False,True,10.182418820499404,18.295227096878282,30.53469423364138,29.47656517913787,33.64426284230995,25.381919494188494,14.826251870285516,,21.09856491130189,21.838573295533386,19.65471596598005,4,True,3.0,22.612071890641072,31.619238974075458,2026-11-04,2026-10-02,próxima,,,False,False,,,Em Alta,16.31999969482422,-1.7769547402055497,-11.7760868673079,True,False,False,sem sinal (Em Alta)
ITSA4,BOVA11+DIVO11+AUVP11+Wishlist,BOVA11,Financial Services,58.97,57.02,70.0,,,0.4,,60.95,40.43,,80.82,False,46,Fundo duplo,,,False,5,6,False,,True,,False,False,True,,True,True,7,10,True,True,True,,True,,True,False,True,True,True,,True,158808162304.0,8.75,1.69,7.96,9.45,19.36,17.48,0.38,214.29,,,,,,2.61,82.7,28.4,7.48,0.38,0.64,16.02,79.82,9.78,14.79,44.9,-4.2,7.3,12.87,12.46,-17.7,24.5,24.9,11.35,14.79,9.05,1.54,25.8,-2.3,1.06,313975426.0,14.96,20.46,28.0,2.1,1.8,True,4,,-0.9,0.2,False,,1.23,0.88,0.07,14.170000076293945,False,False,True,9.74027471099245,13.3078158000159,16.091431344477513,17.47888531518216,20.729672005417754,17.087449678561686,7.875902397842902,,14.056742883511887,14.699623572246708,13.229661215022038,4,True,1.8,-6.636124602744853,-0.7992744683998576,n/d,2026-12-01,próxima,"A Itaúsa (ITSA4) apresenta-se como uma holding financeira robusta, cujo retorno sobre o patrimônio líquido de 19,4% supera a média setorial de 18,8%, sugerindo uma eficiente alocação de capital que se reflete em um indicador de qualidade de 61 pontos. Essa rentabilidade consistente convive com múltiplos de preço moderados, evidenciados pelo preço sobre lucro de 8,75 e preço sobre valor patrimonial de 1,69, indicando que a alta qualidade do papel não está sendo negociada a patamares excessivamente esticados. Embora o retorno sobre o capital investido de 0,4% pareça baixo em termos absolutos, ele ainda se posiciona acima dos pares do setor, que registram 0,1%, enquanto a margem líquida atípica de 214,29% demanda uma checagem manual detalhada por parte do investidor para identificar possíveis eventos contábeis não recorrentes. O dividendo de 7,96% mostra-se coerente e sustentável frente à forte geração de lucros da holding, justificando o elevado score de dividendos de 81 pontos e o cumprimento de quase todos os requisitos do checklist de critérios, que atendeu a cinco de seis pontos possíveis. No entanto, a análise do crescimento acende um sinal de alerta importante: apesar de o crescimento anual composto da receita nos últimos cinco anos, de 28,4%, situar-se acima da média setorial de 20,8%, a abertura por janelas temporais revela que a receita está DESACELERANDO, registrando contração de 0,9% na janela de três anos e tímida recuperação de 0,2% no último ano. Diante desse cenário de desaceleração, o crescimento implícito de 2,1% ao ano embutido no preço atual pelo fluxo de caixa descontado reverso parece um patamar conservador e perfeitamente alcançável frente ao histórico de longo prazo da companhia. Sob a ótica do valuation, as estimativas de preço-teto revelam uma dispersão relevante entre os métodos, variando desde os conservadores R$ 9,74 pelo método de Bazin até R$ 20,73 pelo modelo de Lynch, resultando em uma média de R$ 14,06 e mediana de R$ 14,70. Frente ao preço atual de R$ 14,17, o valor teto ajustado com margem de segurança fica em R$ 13,23, o que aponta para um upside negativo de 6,6% e sugere que o papel está negociado ligeiramente acima do seu ponto ideal de entrada. Em balanço, a Itaúsa destaca-se positivamente por sua rentabilidade superior ao setor, robustez no pagamento de proventos e múltiplos de valuation razoáveis, mas traz como contrapartida a clara desaceleração recente em suas receitas e a ausência de margem de segurança no preço atual.

Gatilho de falseamento: o retorno sobre o patrimônio líquido recuar para patamar abaixo de 18,8% no fechamento anual de 2025, perdendo a liderança histórica frente à média do setor.",Fundo duplo,True,False,,,Em Alta,14.199999809265137,-0.21126572798696452,-5.674488734465443,True,True,True,Fundo duplo — rompeu pescoço ~R$14.14 (candidato)
ALUP11,SMALL11,SMALL11,Serviços públicos,58.0,55.4,72.72727272727273,,,0.1,,59.66,53.07,52.1,48.63,True,47,Não,,,False,7,8,False,,True,,False,False,True,False,True,True,8,11,True,True,True,True,True,False,True,True,True,True,True,0.81,True,15886911488.0,7.94,1.14,3.23,4.76,14.38,12.27,10.21,27.68,6.32,3.48,4.68,3.17,1.11,0.89,37.77,176.5,12.04,5.7,0.32,60.84,28.54,29.52,36.3,13.2,-8.0,2.5,32.7,32.73,-15.6,21.4,5.9,30.63,36.3,-9.95,1.35,5.3,-1.99,-0.0,32895002.0,28.46,37.43,49.23,1.0,5.1,True,7,,4.7,9.9,False,,0.83,0.68,0.06,33.400001525878906,False,False,False,11.555799414401024,21.73235825353483,57.534738957392754,52.65929843508027,57.65309206759255,28.851733336985593,35.53235792875818,59.49706124965836,44.78009146128608,52.65929843508027,47.39336859157224,7,True,5.1,41.89630666588751,34.07212399852639,n/d,n/d,,,,False,False,,,Em Alta,33.9900016784668,-1.7358050116298318,-8.808547830444413,False,False,False,sem sinal (Em Alta)
ABEV3,BOVA11+AUVP11,BOVA11,Bens de primeira necessidade,57.89,58.48,54.54545454545455,,,0.0,,78.02,19.48,66.13,52.74,True,48,Não,,,False,7,8,False,,True,,False,False,True,True,True,True,6,11,True,True,True,True,True,True,True,False,True,True,True,-0.17,True,239726379008.0,14.82,2.73,5.07,5.43,18.4,17.07,20.62,18.41,8.39,-0.57,-0.38,1.02,0.03,4.13,80.49,24.6,13.97,10.3,0.81,38.81,60.59,11.06,16.9,40.5,-8.0,-1.6,15.04,14.55,-13.6,25.4,14.2,13.6,16.9,-1.65,1.6,23.8,-2.01,0.63,432635111.0,14.77,20.28,27.85,6.6,2.9,True,8,,3.4,-1.4,True,,0.67,0.46,0.03,15.550000190734863,False,False,True,6.142301510821282,8.610629590680533,10.697524087880744,11.596214294952933,9.465149194040112,15.146553399912072,5.264426066073091,11.040159101776451,9.745369655767153,10.081336640960428,9.073202976864385,8,True,2.9,-41.6514285172134,-37.32881327182411,2026-10-29,2026-09-22,próxima,,,False,False,,,Lateral,15.869999885559082,-2.0163812043590634,-8.49003443046854,True,False,False,sem sinal (Lateral)
CPFE3,BOVA11+DIVO11+AUVP11,BOVA11,Serviços públicos,57.82,58.4,54.54545454545455,,,0.1,,76.13,44.01,30.08,71.23,True,49,Não,Bandeira de alta,"Bandeira de alta (pré-confirmação) — pescoço R$45.31, preço 0.3% abaixo do pescoço; falta fechar acima e segurar",False,6,8,False,,True,,False,False,True,False,True,True,6,11,True,True,True,False,False,True,True,True,True,True,True,1.44,True,52047331328.0,8.67,2.29,8.26,8.31,26.43,27.84,15.57,13.16,5.71,2.35,2.07,0.92,1.55,1.17,72.01,21.5,10.91,8.79,0.29,71.02,27.73,35.09,52.32,28.7,-13.7,0.2,45.11,44.43,-21.6,25.6,-9.3,40.99,52.32,-25.15,1.61,19.5,-2.56,0.55,82530574.0,41.58,57.69,80.03,2.0,3.0,True,8,,4.1,4.1,False,,0.97,0.66,0.04,45.16999816894531,False,False,True,27.28641829130653,51.31607052848937,71.25824766020318,48.08548957467803,81.81021376732357,62.157783362409646,38.83395942423978,83.20223446059462,57.99380213365559,56.73692694544951,51.063234250904564,8,True,3.0,13.046792828986419,28.390091840930687,2026-11-12,2026-04-30,última,,,False,False,,,Lateral,47.31999969482422,-4.5435366435855435,-14.76045886102012,True,False,False,sem sinal (Lateral)
EZTC3,SMALL11+DIVO11+AUVP11,SMALL11,Consumo discricionário,57.79,55.15,72.72727272727273,,,0.9,,49.72,55.33,67.67,54.11,False,50,Não,Bandeira de alta,"Bandeira de alta (pré-confirmação) — pescoço R$13.07, preço 0.9% abaixo do pescoço; falta fechar acima e segurar",False,3,8,False,,True,,False,False,True,True,False,True,8,11,False,False,False,True,False,True,True,False,True,False,True,0.0,True,3591799552.0,6.76,0.69,7.73,5.69,10.15,7.87,5.14,36.95,11.46,0.07,0.17,3.06,0.34,1.08,38.47,-22.5,5.77,2.75,2.48,28.86,69.9,10.21,16.23,26.9,-20.2,4.6,13.25,13.35,-37.1,39.2,-3.9,10.21,15.91,-19.75,2.47,-14.5,-3.84,-0.04,48225099.0,8.22,13.57,22.41,-0.9,6.0,True,6,,10.2,-4.0,True,,1.35,0.6,0.07,12.949999809265137,False,False,False,5.360381810070132,10.080976113777053,26.201564798284107,28.44219618618769,22.866217129295052,14.114993602509529,12.867017949817473,4.702324450996479,19.095494296645153,18.49060536590229,16.64154482931206,6,True,6.0,28.50613957079591,47.455556586056424,n/d,n/d,,,,False,False,,,Em Alta,13.350000381469727,-2.996258882208014,-21.24558598266265,False,False,False,sem sinal (Em Alta)
BBDC4,BOVA11+DIVO11+AUVP11+Wishlist,BOVA11,Produtos financeiros,57.52,55.9,66.66666666666667,15.65,,0.4,,47.03,57.02,66.43,71.92,False,51,Não,Bandeira de alta,"Bandeira de alta (pré-confirmação) — pescoço R$18.69, preço 2.9% abaixo do pescoço; falta fechar acima e segurar",False,3,6,False,,True,,False,False,True,,True,True,6,9,True,False,False,,True,,True,False,True,True,True,,True,191858425856.0,7.76,1.1,8.57,8.36,14.13,11.35,0.0,26.07,,,,,,1.56,64.9,17.8,6.13,1.07,,92.32,7.66,15.46,20.87,17.4,-13.0,2.7,17.77,17.95,-24.6,25.9,4.1,15.73,20.87,-11.75,1.63,3.5,-2.49,0.22,711076218.0,15.29,21.32,29.72,0.8,2.5,True,4,,2.7,11.9,False,,1.21,0.82,-0.02,18.149999618530273,False,False,False,11.039532436839588,18.124896836248674,27.927821772052045,29.467322493622245,31.161499552906356,27.735264902368726,13.786157847650527,,21.206878986877257,22.9300808693087,20.63707278237783,4,True,2.5,13.702882733443023,16.84231092339008,n/d,2026-10-02,próxima,"O Bradesco (BBDC4) apresenta-se atualmente em uma tendência lateral de preços, refletindo um momento de transição em que seus indicadores de rentabilidade, como o ROE de 14,1% e o ROIC de 0,0%, situam-se abaixo das médias do setor de produtos financeiros, que registram 18,4% e 2,2%, respectivamente. Essa compressão de rentabilidade convive com múltiplos de valuation descontados, evidenciados pelo P/L de 7,76 e pelo P/VP de 1,1, sugerindo que o mercado já precifica parte desses desafios operacionais. O dividend yield de 8,57% mostra-se atraente e coerente com a robusta margem líquida de 26,07%, embora a sustentabilidade de longo prazo desses proventos dependa da recuperação dos indicadores de retorno sobre o capital. No campo do crescimento, a receita expandiu a uma taxa média anual de 17,8% nos últimos cinco anos, superando a média setorial de 12,7%, mas a análise das janelas temporais revela uma forte desaceleração, com o indicador caindo para 2,7% na janela de três anos antes de recuperar para 11,9% no último ano. Essa oscilação expressiva nas janelas de crescimento aponta para a necessidade de uma checagem manual detalhada dos resultados recentes para identificar possíveis eventos não recorrentes ou mudanças estruturais na operação. O checklist fundamentalista reforça essa postura de cautela ao registrar o atendimento de apenas 3 dos 6 critérios avaliados, penalizado principalmente pelo ROE e ROIC abaixo de seus pares e pela presença de vendas de ações por parte de insiders. Sob a ótica do valuation, a média dos preços-teto calculados posiciona-se em R$ 21,21 e a mediana em R$ 22,93, revelando uma dispersão relevante entre a abordagem conservadora do método de Bazin, que estipula R$ 11,04, e o otimismo do modelo de Lynch, que alcança R$ 31,16. Frente ao preço atual de R$ 18,15, o preço-teto ajustado com margem de segurança de R$ 20,64 projeta um upside de 13,7%, enquanto o modelo de fluxo de caixa descontado reverso indica que o mercado embutiu um crescimento implícito de apenas 0,8% ao ano, patamar bastante conservador diante do histórico da companhia. Como prós, destacam-se o valuation atrativo com baixo crescimento implícito exigido, o dividendo robusto e o forte market cap; como contras, pesam a rentabilidade abaixo dos pares setoriais, a desaceleração do crescimento nas janelas intermediárias e o fraco desempenho no checklist de qualidade.

Gatilho de falseamento: ROE abaixo de 14,1% no fechamento do próximo ano fiscal.",,True,False,,,Lateral,18.59000015258789,-2.3668667587200876,-14.450606483302664,True,False,False,sem sinal (Lateral)
ITUB3,DIVO11+AUVP11,SMALL11,Financial Services,57.39,53.79,77.77777777777777,15.95,,0.4,,58.07,25.86,70.71,70.55,False,52,Bandeira de alta,,,False,3,6,False,,True,,False,False,True,,True,True,7,9,True,True,False,,False,,True,False,True,True,True,,True,515603169280.0,11.07,2.48,6.66,8.3,22.45,19.06,0.0,32.58,,,,,,6.06,91.86,8.1,,1.58,,92.99,6.67,29.38,46.78,59.2,0.0,8.9,40.79,39.18,-15.9,24.2,31.5,35.58,46.78,15.65,1.52,37.9,-2.59,1.4,85422607.0,53.66,73.13,99.68,4.3,1.5,True,4,,6.6,4.2,True,,1.11,0.8,0.07,46.779998779296875,False,False,False,28.23141374250893,33.154110360084985,36.092306687435105,42.34984394561472,42.789280408625494,42.80178258070697,16.437095716769537,,35.069903342684,34.62320852376004,31.16088767138404,4,True,1.5,-33.38843846833379,-25.03226964981311,n/d,n/d,,,Bandeira de alta,False,False,,,Em Alta,46.70000076293945,0.17130195942289816,-1.09936673604899,False,True,False,"Bandeira de alta — mastro +15%, recuo 13%, bandeira 8d (candidato)"
RECV3,SMALL11+DIVO11,SMALL11,Energia,57.25,60.94,36.36363636363637,,,0.9,,52.87,69.78,55.04,86.99,False,53,Não,Bandeira de alta,"Bandeira de alta (pré-confirmação) — pescoço R$11.61, preço 3.4% abaixo do pescoço; falta fechar acima e segurar",False,3,8,False,,True,,False,False,True,True,False,False,4,11,False,False,False,True,False,True,True,False,True,True,True,0.36,True,3287561728.0,6.6,0.74,15.2,10.7,11.26,17.76,10.15,16.73,3.41,1.18,1.6,2.91,0.72,2.0,70.65,-14.8,6.84,5.06,0.52,50.04,49.96,8.89,13.47,26.2,-16.7,5.8,10.53,10.71,-31.9,32.0,19.3,9.17,13.47,3.45,2.01,-6.6,-3.18,-0.25,24598604.0,7.49,11.28,17.01,-1.2,2.9,True,8,,2.0,-3.3,True,,0.74,0.4,0.09,11.220000267028809,False,False,False,8.734497871658352,11.878510762282556,16.813970678056926,24.08220775401849,23.815684691727185,20.947441185230037,8.220041150542501,9.861506753483619,15.544232605874958,14.34624072016974,12.911616648152767,8,True,2.9,15.076794481858947,38.54039425964522,n/d,n/d,,,,False,False,,,Em Alta,11.710000038146973,-4.184455760221361,-18.62713446772093,False,False,False,sem sinal (Em Alta)
TAEE11,BOVA11+SMALL11+DIVO11,BOVA11,Serviços públicos,57.04,57.48,54.54545454545455,,,0.1,,72.69,24.44,49.12,88.36,True,54,Bandeira de alta,,,False,6,8,False,,True,,True,False,True,False,True,False,6,11,True,True,True,True,False,False,True,True,True,True,True,0.45,True,42890252288.0,8.8,1.77,7.24,11.16,20.14,22.05,11.11,36.48,9.79,4.36,5.39,3.48,1.36,24.08,98.19,13.5,9.59,6.9,0.24,66.19,33.81,32.57,43.57,27.4,-4.8,5.7,39.42,39.01,-15.3,22.6,4.1,36.91,43.57,-11.75,1.43,14.1,-2.32,0.58,69372335.0,39.64,52.93,70.67,2.1,3.9,True,8,,20.9,24.4,False,,0.9,0.7,0.09,41.5,True,False,False,33.6751430077154,34.7210870051001,35.3627955985937,49.87827054049629,54.34093026634852,17.396681320430893,13.930325090020386,31.953663080398737,33.907361988638,34.19811500640775,30.778303505766974,8,True,3.9,-25.835413239115724,-18.295513280390363,n/d,2026-08-17,última,"A transmissora Taesa (TAEE11) apresenta uma sólida eficiência operacional, com um ROE de 20,1% e um ROIC de 11,1% que se posicionam acima das médias do setor de serviços públicos, de 12,1% e 9,6%, respectivamente. Essa elevada rentabilidade, contudo, convive com múltiplos de valuation mistos, onde o P/L de 8,8 sugere um preço razoável, mas o P/VP de 1,77 indica um prêmio patrimonial, enquanto a margem líquida robusta de 36,48% ajuda a sustentar o retorno aos acionistas. O endividamento da companhia é elevado, com uma relação Dívida Líquida/EBITDA de 4,36 que supera a média setorial de 3,4, mas a excelente liquidez corrente de 3,48 mitiga o risco de curto prazo e garante a sustentabilidade de um atraente dividend yield de 7,24%. No campo do crescimento, a receita expandiu 13,5% nos últimos cinco anos, desempenho abaixo da média do setor de 37,6%, sendo que a ausência de dados para a janela de cinco anos no indicador de CAGR por janela impede uma comparação histórica completa e atua como um sinal de alerta de dados que merece checagem manual. O mercado atualmente precifica um crescimento implícito de 2,1% ao ano para a empresa, patamar que se mostra bastante conservador diante do histórico recente de expansão de receita de 20,9% em três anos e de 24,4% no último ano. No checklist de critérios fundamentalistas, a Taesa atende a 6 de 8 requisitos, falhando justamente na alavancagem acima do teto ideal e no crescimento inferior aos pares setoriais. Quanto ao valuation, a análise dos preços-teto revela uma dispersão relevante entre os métodos, variando desde os mais conservadores Bazin (R$ 33,68) e Gordon (R$ 34,72) até os mais otimistas Graham (R$ 49,88) e Lynch (R$ 54,34), resultando em uma média de R$ 33,91 e um preço-teto ajustado com margem de segurança de R$ 30,78, o que aponta para um upside negativo de 25,8% frente à cotação atual de R$ 41,50. Como prós, destacam-se a alta rentabilidade frente aos pares, as margens robustas e o histórico de dividendos generosos; como contras, pesam o endividamento acima da média setorial, o crescimento de longo prazo inferior ao setor e o preço atual negociado com prêmio em relação às métricas de valor justo ajustadas.

Gatilho de falseamento: ROIC abaixo de 9,6% no fechamento anual.",Bandeira de alta,False,False,,,Em Alta,41.83000183105469,-0.7889118255062888,-5.277054138887671,True,True,True,"Bandeira de alta — mastro +13%, recuo 27%, bandeira 7d (candidato)"
SANB11,BOVA11+Wishlist,BOVA11,Produtos financeiros,56.24,56.36,55.55555555555556,14.99,,0.4,,50.57,61.68,57.0,67.81,False,55,Não,Bandeira de alta,"Bandeira de alta (pré-confirmação) — pescoço R$30.63, preço 0.3% abaixo do pescoço; falta fechar acima e segurar",False,3,6,False,,True,,True,False,True,,True,False,5,9,True,False,False,,True,,True,False,True,True,True,,True,164052353024.0,7.39,1.16,7.56,7.32,15.69,10.65,0.0,28.66,,,,,,1.03,54.07,49.8,6.83,1.11,,90.04,9.86,25.1,36.14,21.6,-15.5,10.2,29.43,29.36,-30.6,30.9,-4.1,25.1,36.14,-19.95,1.95,7.6,-2.67,0.15,108693462.0,23.6,34.96,51.78,0.2,3.5,True,4,,2.6,-3.8,True,,1.11,0.63,-0.02,30.530000686645508,True,False,False,16.244211352679496,30.54959747939402,56.504955655583814,49.461451756899926,59.998935720132295,36.55763741755566,30.29276161651339,,34.96410047630325,33.55361744847484,30.198255703627357,4,True,3.5,-1.086619638247388,14.523746118346192,n/d,2026-07-22,última,"A análise fundamentalista do Santander Brasil (SANB11) revela uma instituição financeira de grande porte que navega por um cenário de transição, refletido em seus scores intermediários de qualidade e valor. O retorno sobre o patrimônio líquido de 15,7% posiciona-se abaixo da média setorial de 18,4%, enquanto o retorno sobre o capital investido nulo, também inferior aos pares de 2,2%, convive com múltiplos de preço convidativos, como o preço sobre lucro de 7,39 e o preço sobre valor patrimonial de 1,16, sugerindo que o mercado já precifica essa rentabilidade mais tímida. Essa rentabilidade moderada é compensada por uma robusta margem líquida de 28,66% e por um endividamento controlado, métrica historicamente menos pressionada em grandes bancos, o que garante a sustentabilidade de um dividendo atraente de 7,56%, patamar coerente com a geração de lucro atual. No entanto, a trajetória de crescimento acende um sinal de alerta importante: embora a média de cinco anos do crescimento anual composto da receita seja de expressivos 49,8%, muito acima do setor, a análise das janelas temporais mostra que o indicador está DESACELERANDO, despencando para 2,6% em três anos e registrando retração de 3,8% no último ano. Essa forte variação atípica recente, especialmente a queda no último ano, merece uma checagem manual detalhada por parte do investidor para identificar possíveis eventos contábeis não recorrentes ou pressões conjunturais na carteira de crédito. Diante disso, o crescimento implícito no preço atual de apenas 0,2% ao ano, calculado via fluxo de caixa descontado reverso, configura-se como um patamar bastante conservador e de fácil superação, mesmo diante do ritmo atual de desaceleração da receita. Sob a ótica do valuation, a ampla dispersão entre os métodos de preço-teto — que variam desde os pessimistas R$ 16,24 de Bazin até os otimistas R$ 56,5 do fluxo de caixa descontado — resulta em uma média de R$ 34,96 e uma mediana de R$ 33,55, deixando o preço atual ligeiramente acima do preço-teto ajustado com margem de segurança, o que gera um upside negativo de 1,1%. O checklist de critérios confirma esse momento de cautela ao aprovar apenas 3 de 6 requisitos, penalizado pelo retorno abaixo dos pares e por transações de insiders. Em balanço, o ativo traz como prós o valuation implícito conservador, a margem líquida elevada e o bom fluxo de proventos, enquanto os contras residem na clara perda de tração operacional recente, rentabilidade abaixo da média do setor e um preço atual sem margem de segurança contra o teto ajustado.

Gatilho de falseamento: retorno sobre o patrimônio líquido abaixo de 15,0% no fechamento do próximo resultado anual.",,True,False,,,Em Alta,30.6200008392334,-0.29392602913509425,-16.262276096522697,True,False,False,sem sinal (Em Alta)
VBBR3,BOVA11+DIVO11,BOVA11,Consumo discricionário,56.22,53.31,72.72727272727273,,,0.9,,60.66,44.26,46.65,56.16,False,56,Não,,,False,6,8,False,,True,,False,False,True,True,True,True,8,11,True,True,True,False,True,True,True,False,False,True,True,0.68,True,47166676992.0,9.35,2.01,3.83,6.05,21.49,20.83,16.06,2.48,6.62,1.52,1.3,2.01,0.93,1.0,56.61,677.0,11.45,9.71,0.57,65.98,33.8,20.31,39.43,94.1,0.0,20.2,29.46,28.64,-18.4,27.8,57.2,24.7,39.43,41.35,1.75,63.9,-2.4,1.82,406532829.0,50.5,72.12,102.99,2.8,3.7,True,8,,1.4,9.9,False,,1.04,0.66,0.15,39.43000030517578,False,False,False,17.36292878860504,32.653508012118515,57.6792138326532,43.14338388709794,64.85417861946553,37.86105169963624,36.635639823447654,20.749900027583067,38.867475586325895,37.24834576154195,33.523511185387754,8,True,3.7,-14.979683170361813,-1.4266414265689087,n/d,n/d,,,,False,False,,,Em Alta,39.060001373291016,0.9472578568258117,0.0,False,False,False,sem sinal (Em Alta)
BPAC11,BOVA11+AUVP11,BOVA11,Produtos financeiros,56.15,52.33,77.77777777777777,15.65,,0.4,,59.62,38.72,66.43,25.34,False,57,Fundo duplo,,,False,4,6,False,,True,,False,False,True,,True,True,7,9,True,True,False,,True,,True,False,True,True,True,,True,206014906368.0,13.07,2.99,2.31,2.74,22.88,20.48,0.0,39.8,,,,,,0.89,35.76,20.8,10.15,2.41,,90.46,8.68,44.56,63.41,37.2,-3.6,12.5,53.75,53.75,-23.5,32.4,18.9,48.49,63.41,3.05,2.04,13.1,-3.31,0.71,582166236.0,55.26,83.81,127.12,5.7,5.5,True,3,,20.9,37.5,False,,1.57,0.85,0.06,61.13999938964844,False,False,False,12.165687253728038,22.879340867494985,63.98143925071189,46.392021943027856,81.55546907604679,11.737455563991263,56.72822786796889,,15.594161228404763,12.165687253728038,10.949118528355234,3,True,5.5,-82.09172614056483,-74.49433859326307,n/d,2026-08-11,última,"O BTG Pactual (BPAC11) apresenta uma sólida eficiência operacional refletida em seu Retorno sobre o Patrimônio Líquido (ROE) de 22,9%, patamar que se posiciona acima dos pares do setor de produtos financeiros (18,4%) e sugere forte capacidade de rentabilizar o capital dos acionistas, embora o Retorno sobre o Capital Injetado (ROIC) registrado em 0,0% fique abaixo da média setorial (2,2%) e demande uma checagem manual detalhada para entender se reflete uma distorção contábil pontual ou a própria dinâmica de alocação de um banco de investimento. Essa elevada rentabilidade sobre o patrimônio convive com múltiplos de preço esticados, uma vez que o Preço sobre o Lucro (P/L) de 13,07 e o Preço sobre o Valor Patrimonial (P/VP) de 2,99 indicam que o mercado cobra um prêmio considerável pela qualidade do ativo, não configurando uma relação clássica de barganha. No âmbito dos proventos, o Dividend Yield (DY) de 2,31% mostra-se tímido, o que é coerente com uma estratégia de reinvestimento do lucro para suportar a expansão, mantendo a sustentabilidade financeira em detrimento de uma distribuição massiva imediata. O crescimento histórico é um dos grandes destaques do papel, com uma taxa anual média de receita nos últimos cinco anos de 20,8%, superando com folga a média do setor de 12,7%, sendo que a análise das janelas temporais de um ano (37,5%) e três anos (20,9%) revela uma aceleração recente que afasta o risco de perda de fôlego operacional. Diante desse histórico robusto, o crescimento implícito de 5,7% ao ano embutido no preço atual pelo fluxo de caixa descontado reverso parece bastante conservador e perfeitamente atingível para a instituição. No checklist de critérios fundamentalistas, a companhia atende a 4 de 6 requisitos possíveis, penalizada pela ausência de ROIC superior ao setor e por vendas recentes de papéis por parte de insiders. Sob a ótica do valuation, os métodos de preço-teto revelam uma enorme dispersão, variando desde os conservadores R$ 12,17 pelo método de Bazin até R$ 81,56 pelo modelo de Lynch, resultando em uma média de R$ 15,59 e um preço-teto ajustado com margem de segurança de R$ 10,95, o que gera um upside negativo de 82,1% frente à cotação atual de R$ 61,14. Como prós, destacam-se a rentabilidade superior à média setorial, o forte ritmo de crescimento de receita e as premissas embutidas de crescimento conservadoras; como contras, pesam o valuation esticado pelas métricas tradicionais de dividendos e patrimônio, além da pressão vendedora de insiders.

Gatilho de falseamento: ROE abaixo de 18,4% (média do setor) no fechamento do próximo ano fiscal.",Fundo duplo,False,False,,,Em Alta,60.83000183105469,0.5096129364827506,-5.290733011586745,True,True,True,Fundo duplo — rompeu pescoço ~R$57.88 (candidato)
CMIG4,BOVA11+DIVO11+AUVP11,BOVA11,Serviços públicos,55.63,54.22,63.63636363636363,,,0.1,,54.76,48.75,37.63,98.63,True,58,Não,Bandeira de alta,"Bandeira de alta (pré-confirmação) — pescoço R$11.37, preço 0.8% abaixo do pescoço; falta fechar acima e segurar",False,5,8,False,,True,,True,False,True,True,False,True,7,11,True,True,False,False,False,True,True,True,True,True,True,0.67,True,32268492800.0,7.03,1.11,9.37,17.43,15.75,21.33,9.3,10.51,6.76,2.49,3.69,1.17,0.78,,122.56,-20.4,9.68,5.94,0.42,57.36,42.63,9.61,13.28,17.3,-15.0,2.8,10.81,10.86,-25.1,23.7,7.1,9.95,13.28,-8.75,1.49,3.9,-2.42,0.14,180871570.0,9.59,13.0,17.62,-0.4,4.8,True,6,,10.4,7.4,True,,0.98,0.72,0.06,11.279999732971191,True,False,False,14.301574207948216,20.975642171657384,17.115220078476916,19.15407556899026,,14.127676775544375,4.364381120011613,15.985187299204457,16.9432293503036,16.550203688840686,14.895183319956617,6,True,4.8,32.04950064332293,50.20593751238231,2026-11-12,2026-06-24,última,,,False,False,,,Em Alta,11.699999809265137,-3.5897443003490515,-15.414728167395497,True,False,False,sem sinal (Em Alta)
WEGE3,BOVA11+AUVP11+Carteira,BOVA11,Bens Industriais,55.5,54.06,63.63636363636363,,,0.7,,85.86,6.81,59.35,18.49,False,59,Não,Bandeira de alta,"Bandeira de alta (pré-confirmação) — pescoço R$51.37, preço 0.6% abaixo do pescoço; falta fechar acima e segurar",False,6,8,False,,True,,False,False,True,True,False,True,7,11,True,True,True,True,False,True,True,False,True,True,True,-0.16,True,214322987008.0,34.28,11.37,3.93,2.33,33.16,31.31,24.33,15.58,22.31,-0.35,-0.2,1.59,0.29,5.13,79.85,-2.1,27.57,11.21,1.12,56.49,40.84,34.11,53.79,49.7,-5.0,10.6,46.26,45.45,-22.5,29.1,6.3,41.68,53.79,-9.55,1.84,37.0,-2.4,0.94,393045644.0,50.9,73.81,107.03,10.5,2.4,True,8,,10.9,7.4,True,,0.74,0.44,0.08,51.08000183105469,False,False,False,8.65380865567108,16.27474337502013,20.380472744727655,12.272739732377662,13.425186089463347,20.545764792007933,10.423626938871573,13.952370884463196,14.491089151575324,13.688778486963272,12.319900638266946,8,True,2.4,-75.88116641222022,-71.63060173822215,2026-10-21,2026-09-21,próxima,"A WEGE3 se destaca no setor de bens industriais por sua excepcional eficiência operacional, apresentando um ROE de 33,2% e um ROIC de 24,3% que se posicionam muito acima dos pares setoriais, cujas médias são de 10,8% e 13,3%, respectivamente. Essa alta qualidade, contudo, convive com múltiplos de preço bastante esticados, evidenciados pelo P/L de 34,28 e pelo P/VP de 11,37, o que sugere que o mercado cobra um prêmio elevado por essa excelência. No âmbito financeiro, a excelente rentabilidade é acompanhada por um endividamento extremamente saudável, com a relação dívida líquida sobre EBITDA em -0,35, patamar muito abaixo da média do setor de 2,38 que indica uma sólida posição de caixa líquido. O dividend yield de 3,93% mostra-se coerente com a forte geração de lucro e a baixa alavancagem, embora o foco da companhia pareça ser o reinvestimento, dado o payout moderado implícito. Sob a ótica do crescimento, o CAGR de receita de 5 anos de -2,1% ficou abaixo da média setorial de 47,1%, sendo que a análise por janelas temporais revela uma desaceleração explícita, caindo de 10,9% no período de 3 anos para 7,4% no último ano, um sinal de alerta importante que exige checagem manual para identificar se o recuo de longo prazo decorre de algum evento contábil pontual ou de perda de tração. Diante disso, o crescimento implícito de 10,5% ao ano embutido no preço atual via fluxo de caixa descontado reverso configura-se como um patamar exigente frente ao histórico recente de desaceleração da receita. Essa desconexão entre fundamentos e valuation fica nítida nas estimativas de preço-teto, que variam de R$ 8,65 pelo método de Bazin a R$ 20,38 pelo fluxo de caixa descontado, gerando uma média de R$ 14,49 e um preço ajustado com margem de segurança de R$ 12,32, o que resulta em um expressivo upside negativo de -75,9% e aponta forte dispersão entre os modelos. O checklist de critérios reforça essa dualidade ao aprovar 6 dos 8 requisitos, validando a robustez operacional e a segurança financeira, mas falhando no crescimento frente ao setor e nas transações de insiders. Em balanço, a WEGE3 entrega como prós uma rentabilidade formidável, margem líquida resiliente de 15,58% e estrutura de capital impecável, tendo como contras o valuation esticado com severo prêmio sobre os preços-teto calculados e a recente desaceleração em sua trajetória de crescimento de receita.

Gatilho de falseamento: margem líquida abaixo de 15,0% no próximo resultado trimestral.",,False,True,49.82,2.53,Em Alta,52.650001525878906,-2.9819556492368227,-5.904705656758824,False,False,False,sem sinal (Em Alta)
IGTI11,BOVA11+SMALL11,BOVA11,Imobiliário,55.21,52.12,72.72727272727273,,,0.8,,69.03,36.36,49.92,19.86,False,60,Não,Bandeira de alta,"Bandeira de alta (pré-confirmação) — pescoço R$26.28, preço 2.7% abaixo do pescoço; falta fechar acima e segurar",False,3,7,False,,True,,False,False,True,True,False,True,8,11,False,False,True,True,False,True,,False,True,False,True,0.48,True,,11.88,1.54,1.15,2.46,12.93,7.32,12.16,41.91,8.99,2.15,2.43,2.73,0.9,1.3,29.17,-35.4,11.65,5.46,0.48,51.02,48.98,22.47,30.19,13.8,-15.3,1.2,25.57,25.74,-25.2,28.7,2.9,22.57,30.19,-12.95,1.81,-1.7,-2.55,-0.03,60176466.0,19.29,27.9,40.35,4.9,9.9,False,6,,13.5,20.3,False,2023,1.3,0.79,0.1,25.56999969482422,False,False,False,4.566611917431145,8.588176606007606,29.43868760346874,28.3565506448556,24.996539712613213,2.9654567908792764,18.469520626217893,20.112679182427872,,,,6,False,9.9,,,n/d,n/d,,,,False,False,,,Em Alta,26.56999969482422,-3.763643249852189,-15.961681674728256,False,False,False,sem sinal (Em Alta)
GMAT3,SMALL11,SMALL11,Bens de primeira necessidade,54.69,51.99,70.0,,,0.0,,46.64,66.03,57.07,30.82,True,61,Não,Bandeira de alta,"Bandeira de alta (pré-confirmação) — pescoço R$4.93, preço 0.0% abaixo do pescoço; falta fechar acima e segurar",False,4,8,False,,True,,False,,True,True,False,True,7,10,True,True,False,False,False,True,True,False,False,True,True,0.47,True,11341401088.0,6.99,1.02,2.42,3.24,14.52,15.23,10.1,3.99,4.88,2.21,3.01,1.74,0.56,0.62,22.64,-40.8,5.54,5.51,1.0,52.91,42.64,3.57,6.99,38.1,-29.4,18.6,4.67,4.89,-48.9,41.0,9.8,3.57,5.86,-6.05,2.58,-43.0,-3.7,-0.95,26106076.0,2.07,3.52,5.98,-0.5,8.8,False,6,,20.9,19.8,True,,1.17,0.5,0.09,4.929999828338623,False,False,False,1.161325434311312,2.184041058720951,9.646591569595163,8.757890067557902,10.206710226657458,4.214168154314393,6.988651585281304,6.609396749437288,,,,6,False,8.8,,,n/d,n/d,,,,False,False,,,Em Alta,4.900000095367432,0.6122394364758144,-29.984447190758555,False,False,False,sem sinal (Em Alta)
UGPA3,BOVA11,BOVA11,Consumo discricionário,54.16,50.88,72.72727272727273,,,0.9,,62.68,36.0,43.38,50.0,False,62,Não,,,False,7,8,False,,True,,False,False,True,True,True,True,8,11,True,True,True,False,True,True,True,True,False,True,True,0.63,True,41369034752.0,12.55,2.42,5.14,4.93,19.25,16.17,21.5,2.26,5.71,1.13,0.72,1.64,0.98,1.71,61.82,44.3,13.0,9.73,0.63,64.07,31.75,18.91,38.93,105.6,-0.1,30.7,25.3,25.58,-22.2,29.4,90.9,20.23,38.93,75.05,1.85,71.7,-2.77,2.09,360107378.0,54.17,78.98,115.15,5.4,3.0,True,8,,-0.3,6.6,False,,0.95,0.57,0.05,38.880001068115234,False,False,False,13.929308223610205,26.196086110854033,42.37275530877999,33.46478054540583,38.02871158932564,23.51253795636179,22.997792989877862,26.106954797339025,28.3261159401943,26.151520454096527,23.536368408686876,8,True,3.0,-39.46407468597367,-27.1447655297931,n/d,n/d,,,,False,False,,,Em Alta,38.93000030517578,-0.12843369295812979,-0.3587887955049496,False,False,False,sem sinal (Em Alta)
COGN3,BOVA11+SMALL11,BOVA11,Consumo discricionário,53.94,51.11,70.0,,,0.9,,42.5,74.69,44.97,43.15,False,63,Não,Fundo duplo,"Fundo duplo (pré-confirmação) — pescoço R$2.33, preço 1.7% abaixo do pescoço; falta fechar acima e segurar",False,1,8,False,,False,,False,,False,True,True,True,7,10,False,False,False,False,False,False,True,False,True,False,True,0.39,True,4589667328.0,6.73,0.34,5.18,4.02,5.11,0.79,10.24,8.96,3.38,2.9,3.9,1.88,0.5,1.81,27.07,34.0,4.8,3.98,0.45,44.22,55.77,2.03,4.57,12.8,-49.9,-2.9,2.87,2.89,-55.6,44.5,-26.5,2.03,4.57,-42.35,2.8,-19.2,-4.32,-0.33,67314788.0,1.16,2.06,3.63,-1.0,10.7,False,4,,11.9,9.8,True,2024,1.57,0.61,0.03,2.2899999618530273,False,False,False,0.6698491391163305,0.9531582479008253,3.521321832880293,7.180914297019502,2.636676441484037,2.230541435211168,1.7371203923887921,6.252638244122386,,,,4,False,10.7,,,n/d,n/d,,,,False,False,,,Em Alta,2.450000047683716,-6.530615621087687,-51.55226338988712,False,False,False,sem sinal (Em Alta)
EVEN3,SMALL11+DIVO11,SMALL11,Consumo discricionário,53.75,53.61,54.54545454545455,,,0.9,,39.34,73.72,48.01,78.77,False,64,Não,,,False,1,8,False,,True,,False,False,True,True,False,True,6,11,False,False,False,False,False,False,True,False,True,False,True,0.36,True,817421696.0,4.16,0.43,22.24,9.11,10.28,7.88,4.93,12.83,7.01,2.85,7.13,4.66,0.64,0.65,37.88,-37.5,2.4,2.92,1.27,57.92,36.05,4.07,8.43,1.2,-51.1,-19.5,6.66,6.39,-51.7,37.0,-43.6,4.07,8.31,-59.45,2.33,-39.2,-3.86,-1.61,5269642.0,1.51,2.44,3.91,-8.3,11.4,False,6,,-6.1,-11.0,True,,1.31,0.62,0.11,4.119999885559082,False,False,False,2.7282523639573606,5.130874607055294,13.545905330932465,14.611929559624196,15.342429905652297,9.486720924890246,6.741698141034762,1.34084375114811,,,,6,False,11.4,,,n/d,n/d,,,,False,False,,,Em Baixa,4.510000228881836,-8.647457284485471,-51.7058570571769,False,False,False,sem sinal (Em Baixa; sem novo topo (-8.6%))
VIVT3,BOVA11,BOVA11,Comunicação,53.68,45.5,100.0,,,0.4,,44.24,35.51,52.41,62.33,False,65,Não,,,True,5,8,False,,True,,True,True,True,True,True,True,11,11,False,True,True,False,True,False,True,True,True,False,True,0.16,True,98744229888.0,15.11,1.52,8.14,6.55,10.05,7.53,9.1,10.68,4.36,0.56,0.85,0.95,0.3,139.27,98.92,18.5,10.13,5.51,0.48,46.12,53.66,29.17,40.8,5.9,-24.3,-6.1,32.92,33.72,-28.5,25.6,0.1,29.17,40.8,-15.75,1.61,-4.8,-2.34,-0.44,142691743.0,22.02,30.62,42.57,6.7,6.8,True,6,,7.4,6.7,True,,0.81,0.55,0.0,30.899999618530273,True,False,False,14.712192392990639,14.845291538686297,15.007302853406246,30.584100138237407,13.60986984969917,30.190939446224434,5.70440710116582,38.86847849870152,19.82494936987403,14.92629719604627,13.433667476441643,6,True,6.8,-56.525347435973195,-35.841587007705655,n/d,n/d,,,,False,False,,,Lateral,30.770000457763672,0.42248670403839395,-24.774873713207267,False,False,False,sem sinal (Lateral) · ⚡ cruzamento de médias (MM21>MM30) hoje
PGMN3,SMALL11+DIVO11+Wishlist,SMALL11,Bens de primeira necessidade,53.51,56.53,36.36363636363637,,,0.0,,45.18,74.6,43.89,87.67,True,66,Fundo duplo,,,False,4,8,False,,True,,False,False,False,False,True,False,4,11,False,True,True,False,True,False,True,False,False,False,True,0.99,True,2688554752.0,8.24,0.79,6.31,10.75,9.61,5.91,12.78,2.1,2.8,3.59,3.87,1.78,1.02,7.49,88.55,11.1,5.45,6.26,0.83,68.82,31.1,3.13,7.54,19.5,-50.4,-4.5,4.51,4.81,-58.5,45.0,-40.2,3.13,7.54,-56.05,2.83,-9.8,-4.36,-0.03,15993931.0,2.14,3.82,6.82,1.4,5.4,True,7,,17.5,17.9,False,2024,1.57,0.61,0.17,3.740000009536743,False,False,False,2.9230220923083188,3.212235377419621,3.6275796462670695,6.953215840215296,5.377027830942051,8.425025747487293,1.5541868425828564,,4.581756196746072,3.6275796462670695,3.264821681640363,7,True,5.4,-12.705302852532308,22.50684986799221,n/d,2025-12-26,última,"A Pague Menos (PGMN3) apresenta-se como uma tese de valor no setor de bens de primeira necessidade, onde sua rentabilidade medida pelo ROE de 9,6% e pelo ROIC de 12,8% situa-se ligeiramente acima dos pares setoriais (9,4% e 11,0%, respectivamente), sugerindo eficiência na alocação de capital. Essa qualidade operacional convive com múltiplos de preço descontados, evidenciados pelo P/L de 8,24 e pelo P/VP de 0,79, o que indica uma relação favorável de qualidade versus preço, embora o endividamento represente um ponto de atenção, dado que a relação Dívida Líquida/EBITDA de 3,59 está acima da média do setor de 3,32. O dividend yield de 6,31% mostra-se coerente com a geração de lucro atual, mas a sustentabilidade desses proventos no longo prazo exige cautela diante dessa alavancagem financeira elevada e de uma liquidez corrente de 1,78. No campo do crescimento, a companhia supera amplamente os pares com um CAGR de receita em 5 anos de 11,1% contra uma retração setorial de 12,1%, contudo, a ausência de dados para a janela de 5 anos na série histórica impede a verificação de uma eventual desaceleração recente, tornando o ano de 2024, marcado por variação atípica, um ponto que merece checagem manual detalhada para descartar efeitos contábeis não recorrentes. O checklist de critérios reforça essa dualidade ao aprovar apenas 4 dos 8 filtros aplicados, falhando em quesitos de segurança financeira e margem líquida, que é de modestos 2,1%. Sob a ótica do valuation, o preço atual de R$ 3,74 situa-se acima do preço-teto ajustado com margem de segurança de R$ 3,26, gerando um upside negativo de 12,7%, além de revelar uma dispersão relevante entre os métodos de avaliação, que variam desde R$ 2,92 pelo modelo de Bazin até R$ 6,95 pelo método de Graham. Apesar disso, o crescimento implícito no preço atual pelo fluxo de caixa descontado reverso é de apenas 1,4% ao ano, um patamar bastante conservador e de fácil entrega quando comparado ao histórico recente de expansão da receita da empresa. Como prós, destacam-se o forte crescimento histórico frente ao setor, os múltiplos de valuation descontados e o retorno sobre o capital acima da média; como contras, pesam a baixa margem líquida, o endividamento acima dos pares e a necessidade de desembolso acima do preço-teto ajustado no momento.

Gatilho de falseamento: margem líquida abaixo de 1,5% ou relação Dívida Líquida/EBITDA acima de 4,0 vezes no fechamento do próximo ano fiscal.",Fundo duplo,True,False,,,Em Alta,3.9000000953674316,-4.102566203030166,-50.91863430832141,False,True,False,Fundo duplo — rompeu pescoço ~R$3.54 (candidato)
FLRY3,BOVA11+SMALL11+DIVO11,BOVA11,Cuidados de saúde,52.93,49.44,72.72727272727273,,,0.2,,55.24,32.4,50.91,63.01,True,67,Não,,,False,4,8,False,,True,,False,False,True,True,True,True,8,11,False,True,True,False,False,True,True,False,True,True,True,0.7,True,11660783616.0,16.66,2.17,5.45,6.56,13.0,10.93,12.7,8.01,6.66,1.78,1.92,1.86,0.98,1.16,109.24,14.4,13.93,6.47,0.55,61.45,37.83,13.12,21.45,63.5,0.0,28.9,15.32,15.75,-18.6,28.0,47.8,14.3,21.45,31.95,1.77,25.2,-2.57,1.03,88215384.0,22.09,31.57,45.13,7.3,2.6,True,8,,22.9,7.9,True,2023,0.96,0.6,0.04,21.450000762939453,False,False,False,10.228657610625353,19.236475441918003,17.609883289095624,16.921981096438333,26.982236082378556,19.944897181175023,15.367779658250019,16.156678116325153,17.806073559525757,17.26593219276698,15.539338973490281,8,True,2.6,-27.555531837842185,-16.98800500608626,2026-11-05,2026-08-12,última,,,False,False,,,Em Alta,21.399999618530273,0.23365021168451072,-0.8321701563152928,True,False,False,sem sinal (Em Alta)
BMGB4,DIVO11,SMALL11,Financial Services,52.68,50.21,66.66666666666667,12.81,,0.4,,49.02,53.84,25.86,95.21,False,68,Não,Bandeira de alta,"Bandeira de alta (pré-confirmação) — pescoço R$6.14, preço 1.5% abaixo do pescoço; falta fechar acima e segurar",False,3,6,False,,True,,False,False,True,,True,True,6,9,True,False,False,,True,,True,False,True,False,True,,True,3886833664.0,6.27,0.91,8.47,15.42,14.47,7.04,0.0,30.16,,,,,,12.99,96.66,26.0,5.73,1.27,,91.8,7.94,3.39,6.16,78.7,-1.8,15.9,4.83,4.68,-15.1,32.8,26.7,4.53,6.16,10.85,2.07,45.3,-2.61,1.52,7541006.0,7.11,10.83,16.51,-1.9,2.4,True,4,,8.1,-1.8,True,,0.95,0.5,0.0,6.050000190734863,False,False,False,6.783493424999596,7.06417406017592,7.307909031008939,12.014125957353674,15.341755108587877,16.3861054748736,2.9225922294328246,,9.385420497764514,7.186041545592429,6.467437391033187,4,True,2.4,6.899788217157377,55.13091242769885,n/d,n/d,,,,False,False,,,Em Alta,6.159999847412109,-1.7857087565263163,-2.1035540649635864,False,False,False,sem sinal (Em Alta)
BMOB3,SMALL11+DIVO11,SMALL11,Comunicação,52.32,50.32,63.63636363636363,,,0.4,,57.09,19.44,70.44,56.85,False,69,Não,Fundo duplo,"Fundo duplo (pré-confirmação) — pescoço R$24.54, preço 12.6% acima do pescoço; falta fechar acima e segurar",False,7,8,False,,True,,False,False,True,True,False,True,7,11,True,True,True,False,True,True,True,True,True,True,True,-0.3,True,2305940480.0,14.82,2.51,7.11,6.18,16.97,10.68,11.27,8.49,8.38,-1.91,-2.33,1.69,0.05,10.42,91.62,-1.0,11.35,6.02,1.43,47.82,51.18,19.48,27.93,41.9,-1.0,14.7,23.43,23.48,-20.5,33.8,27.6,20.89,27.93,11.75,2.13,11.3,-3.58,0.69,13559779.0,24.51,37.83,58.38,6.6,3.4,True,8,,4.8,13.2,False,,1.18,0.61,0.09,27.639999389648438,False,False,False,12.427650263552833,14.057828603685802,15.343214210189345,21.496528240670457,14.18185968815727,22.79415682461046,6.769877111390882,19.47656658337353,15.818460190703822,14.762536949173306,13.286283254255975,8,True,3.4,-51.93095677407334,-42.76967966711296,n/d,n/d,,,,False,False,,,Em Alta,27.649999618530273,-0.03616719356167586,-1.8907924660203301,False,False,False,sem sinal (Em Alta)
MDIA3,SMALL11,SMALL11,Bens de primeira necessidade,51.88,54.62,36.36363636363637,,,0.0,,37.5,67.29,88.87,31.51,True,70,Não,,,False,2,8,False,,True,,False,False,False,True,False,True,4,11,False,False,False,False,False,True,True,False,False,False,True,-0.04,True,5691301376.0,8.86,0.68,6.23,3.26,7.65,8.74,8.32,6.23,4.27,-0.32,-0.54,2.55,0.21,1.63,28.9,-22.6,7.46,3.52,1.38,34.41,65.59,16.79,28.4,1.0,-40.3,-7.5,23.13,22.2,-40.9,30.8,-28.1,16.79,25.92,-43.95,1.94,-37.1,-2.59,-1.82,12342044.0,7.04,10.57,15.87,2.2,8.1,False,6,,1.0,8.0,False,2023,0.68,0.39,-0.01,16.959999084472656,False,False,False,4.023373847965789,7.018570029008075,24.28553377200288,32.77523137380247,16.655654424387176,20.30573391533612,11.870172742179651,22.570554013103415,,,,6,False,8.1,,,n/d,n/d,,,,False,False,,,Lateral,17.780000686645508,-4.611932342549075,-41.101388774552895,False,False,False,sem sinal (Lateral)
LOGG3,SMALL11+DIVO11,SMALL11,Imobiliário,51.2,49.01,63.63636363636363,,,0.8,,50.81,52.25,19.19,92.47,False,71,Não,,,True,2,8,False,,True,,True,True,True,True,False,False,7,11,False,False,False,True,False,False,True,False,True,False,False,0.58,True,2083958272.0,5.62,0.6,28.72,13.45,10.63,8.83,3.04,136.74,19.26,121.08,302.7,0.52,0.64,2.17,75.62,-33.1,3.64,0.1,0.28,45.7,53.91,16.32,28.1,46.7,-14.8,-4.5,23.76,22.88,-19.2,31.6,6.7,22.17,28.1,-9.15,1.99,35.9,-2.9,0.84,11106129.0,22.8,34.12,51.06,-3.4,3.7,True,7,,4.6,13.2,False,,0.94,0.52,0.17,23.940000534057617,True,False,False,23.4262392631934,29.61626308119851,39.16632529893927,61.84030627536865,68.35624146147973,41.709721620405446,18.65295822512191,,40.395436460815276,39.16632529893927,35.249692769045346,7,True,3.7,47.24182114740678,68.73615521999577,n/d,n/d,,,,False,False,,,Lateral,25.5,-6.117644964479929,-16.001563389669847,False,False,False,sem sinal (Lateral) · ⚡ cruzamento de médias (MM21>MM30) hoje
MOTV3,BOVA11,BOVA11,Bens Industriais,50.96,53.54,36.36363636363637,,,0.7,,71.89,51.74,24.83,32.88,False,72,Não,Bandeira de alta,"Bandeira de alta (pré-confirmação) — pescoço R$16.64, preço 3.3% abaixo do pescoço; falta fechar acima e segurar",False,6,8,False,,True,,False,False,True,False,True,False,4,11,True,True,False,True,True,False,True,True,True,True,False,1.9,False,32360024064.0,8.39,1.83,5.78,3.34,21.85,19.92,11.72,19.27,6.87,3.69,4.33,1.77,2.45,0.56,28.03,58.4,10.8,6.62,0.44,77.07,22.24,13.02,16.79,23.7,-4.1,13.1,14.5,14.66,-22.1,28.6,12.9,13.08,16.79,-2.95,1.8,-3.3,-2.86,0.2,256468479.0,13.01,18.78,27.11,1.6,9.0,False,7,,-0.6,4.1,False,2025,1.28,0.78,0.04,16.100000381469727,False,False,False,3.9124174239006795,7.357868897206762,26.24629997978839,19.489945293667585,35.196155578150204,10.38593205872702,23.64147851009619,10.881054075944036,,,,7,False,9.0,,,n/d,n/d,,,,False,False,,,Em Alta,16.670000076293945,-3.4193142904348495,-5.193864842449203,False,False,False,sem sinal (Em Alta)
HYPE3,BOVA11+SMALL11,BOVA11,Cuidados de saúde,50.86,51.81,45.45454545454545,,,0.2,,58.11,39.94,57.82,41.1,True,73,Bandeira de alta,,,False,4,8,False,,True,,False,False,True,True,True,False,5,11,False,True,False,True,False,True,True,False,True,True,True,0.42,True,16607264768.0,9.51,1.15,4.46,3.87,12.1,12.72,10.74,19.82,7.96,2.25,2.88,1.86,0.53,1.24,36.81,4.5,7.33,6.31,0.5,50.22,49.77,19.85,26.59,18.8,-11.3,9.4,22.37,22.39,-25.3,30.9,3.5,19.85,25.56,-12.35,1.95,-4.7,-2.95,-0.04,68038262.0,17.1,25.51,38.05,2.9,5.1,True,7,,0.7,3.4,False,,1.04,0.58,0.05,23.59000015258789,False,False,False,6.640298122045209,12.488044532749537,33.92747893455875,33.836078519408666,28.56767203566549,25.11392266973763,18.88585236791963,13.24834809763977,23.723913879668494,25.11392266973763,22.60253040276387,7,True,5.1,-4.185967543182468,0.5676715820873479,n/d,n/d,,,Bandeira de alta,False,False,,,Em Alta,23.549999237060547,0.1698552731347558,-11.99258464276516,False,True,False,"Bandeira de alta — mastro +15%, recuo 19%, bandeira 8d (candidato)"
GGPS3,SMALL11,SMALL11,Bens Industriais,50.85,50.2,54.54545454545455,,,0.7,,60.3,44.81,50.4,17.81,False,74,Não,Fundo duplo,"Fundo duplo (pré-confirmação) — pescoço R$12.96, preço 0.8% abaixo do pescoço; falta fechar acima e segurar",False,5,8,False,,True,,False,False,True,False,True,True,6,11,True,True,False,False,True,True,True,False,False,True,True,0.48,True,9667703808.0,10.56,2.15,2.28,2.32,20.36,19.43,11.88,5.1,6.68,1.03,1.2,2.87,1.38,0.7,24.48,207.7,8.05,7.28,0.78,74.55,25.29,11.0,19.55,16.8,-34.3,3.2,16.21,15.2,-43.7,30.6,-20.0,11.0,19.55,-35.85,1.93,-28.2,-2.93,-1.01,37366086.0,6.99,10.34,15.3,3.9,9.7,False,6,,23.3,17.0,True,,1.12,0.64,0.13,12.850000381469727,False,False,False,2.166075241023762,4.073618921022107,16.643451129469586,12.792140199710321,21.073251921034338,9.395602678571429,14.991667111714682,10.937961511888286,,,,6,False,9.7,,,n/d,n/d,,,,False,False,,,Em Alta,13.180000305175781,-2.503792989871656,-34.605594753539,False,False,False,sem sinal (Em Alta)
RDOR3,BOVA11+AUVP11,BOVA11,Cuidados de saúde,50.66,48.37,63.63636363636363,,,0.2,,62.49,22.29,52.17,42.47,True,75,Não,Bandeira de alta,"Bandeira de alta (pré-confirmação) — pescoço R$38.03, preço 2.4% abaixo do pescoço; falta fechar acima e segurar",False,6,8,False,,True,,False,False,True,False,True,True,7,11,True,True,True,False,True,True,True,False,True,True,True,0.68,True,80669704192.0,17.25,4.01,11.7,4.01,23.26,13.61,15.63,8.35,7.27,1.12,0.99,2.9,2.51,2.4,69.15,22.9,13.84,6.35,0.64,79.71,18.16,32.33,44.66,14.9,-16.9,6.1,37.89,37.94,-27.6,32.2,-7.4,32.33,44.66,-23.25,2.03,-5.3,-3.02,-0.13,274975182.0,25.69,38.82,58.67,7.5,2.7,True,8,,34.3,10.2,True,2023,1.2,0.65,0.05,37.130001068115234,False,False,False,10.824616424660624,20.35726250186175,29.44015044952007,21.176270932524663,24.074796646405616,22.71571762529393,15.740448309830606,26.168340500220502,21.31220042378972,21.945994278909296,19.751394851018368,8,True,2.7,-46.80475550004887,-42.6011316706069,n/d,n/d,,,,False,False,,,Em Alta,38.060001373291016,-2.4435109606391614,-17.400780054892472,False,False,False,sem sinal (Em Alta)
SBFG3,SMALL11,SMALL11,Consumo discricionário,50.29,47.94,63.63636363636363,,,0.9,,40.93,86.36,27.7,23.97,False,76,Não,,,False,2,8,False,,True,,False,True,True,True,True,False,7,11,False,False,False,False,True,False,True,False,False,True,False,0.87,True,1863765120.0,4.45,0.58,6.71,2.71,13.07,10.92,8.98,5.0,3.92,3.49,5.35,1.62,1.0,0.39,12.07,185.0,3.67,4.63,0.8,67.87,32.13,7.96,14.95,1.5,-46.0,-18.2,11.52,11.35,-46.8,42.5,-32.9,7.96,14.81,-48.75,2.68,-28.2,-4.22,-0.94,22496665.0,3.29,5.68,9.81,-7.1,16.2,False,6,,7.3,8.2,False,2024,1.6,0.66,0.06,8.079999923706055,False,False,False,1.594495824724404,2.9986808574655726,24.834505021032015,23.856603547860686,25.79289991409298,6.711578926326031,18.29308213263877,13.485378677458636,,,,6,False,16.2,,,n/d,n/d,,,,False,False,,,Lateral,9.109999656677246,-11.306254355522894,-47.13614706909344,False,False,False,sem sinal (Lateral)
CSMG3,BOVA11+SMALL11+DIVO11,BOVA11,Serviços públicos,50.28,47.92,63.63636363636363,,,0.1,,62.99,17.35,34.44,83.56,True,77,Não,,,False,5,8,False,,True,,False,False,True,False,False,True,7,11,True,True,True,False,False,True,True,False,True,True,True,0.9,True,21260703744.0,16.49,2.41,3.9,10.18,14.6,15.68,11.59,14.88,8.98,2.77,3.28,1.22,1.06,,167.89,-21.2,11.63,6.35,0.28,51.64,48.36,31.17,67.45,79.9,-16.9,-2.7,53.1,49.84,-20.9,32.2,30.9,41.91,67.45,15.05,2.03,75.2,-2.83,1.56,226217146.0,67.01,100.87,151.84,7.2,6.6,True,6,,10.5,5.7,True,,0.89,0.48,0.1,56.06999969482422,False,False,False,41.517876600354356,60.892885680519726,36.269253895984946,42.1893625613675,,33.8014680094549,9.248659743476162,52.09931052622458,44.46169287898434,41.85361958086093,37.66825762277484,6,True,6.6,-32.81922984163674,-20.70324037635305,n/d,n/d,,,,False,False,,,Lateral,57.25,-2.061135904237177,-17.325272858850692,False,False,False,sem sinal (Lateral)
SBSP3,BOVA11+AUVP11,BOVA11,Serviços públicos,50.23,49.47,54.54545454545455,,,0.1,,69.95,30.63,40.4,22.6,True,78,Não,Bandeira de alta,"Bandeira de alta (pré-confirmação) — pescoço R$27.32, preço 1.1% abaixo do pescoço; falta fechar acima e segurar",True,7,8,False,,True,,False,False,True,False,False,True,6,11,True,True,True,True,False,True,True,True,True,True,True,0.76,True,95053512704.0,11.85,2.11,2.5,2.57,17.8,17.28,12.72,19.67,8.54,2.25,2.43,1.47,1.14,0.96,30.44,-33.9,11.22,7.77,0.3,59.31,40.69,23.12,35.21,16.9,-23.2,-3.7,27.4,27.74,-33.8,27.3,2.3,23.31,35.21,-13.55,1.72,-0.6,-2.39,0.06,581762372.0,21.42,30.41,43.18,4.9,6.8,True,6,,20.0,5.4,True,2024,1.11,0.71,0.07,27.030000686645508,False,False,False,5.0500757910949226,9.497400600672064,31.19836747281256,25.64111538245408,34.10175843377157,11.74028640625452,24.279212731456884,27.030000686645508,25.665123518899183,26.33555803454979,23.702002231094813,6,True,6.8,-12.312239626375343,-5.049489948480312,n/d,n/d,,,,False,False,,,Lateral,27.290000915527344,-0.9527307444460398,-23.466787249030663,False,False,False,sem sinal (Lateral) · ⚡ cruzamento de médias (MM21>MM30) hoje
EGIE3,BOVA11,BOVA11,Serviços públicos,49.75,50.51,45.45454545454545,,,0.1,,77.59,22.0,19.63,61.64,True,79,Bandeira de alta,,,False,6,8,False,,True,,False,False,True,False,True,False,5,11,True,True,True,True,True,False,True,False,True,True,True,1.43,True,43737862144.0,11.05,2.91,2.93,6.54,26.37,32.12,11.59,28.94,9.13,3.56,4.23,1.09,2.06,1.51,72.29,270.0,12.03,6.68,0.19,74.84,23.06,27.05,37.14,14.2,-16.9,-1.0,30.51,30.73,-26.9,26.0,2.6,27.15,37.14,-13.25,1.63,-2.4,-2.48,0.0,98780173.0,24.58,34.29,47.86,4.3,2.8,True,8,,2.6,14.6,False,,0.94,0.64,0.05,30.8799991607666,False,False,False,14.693300882552974,27.632885208156075,38.222506624332325,25.830981323669818,38.7002593370903,41.66621997175674,20.66794425183001,27.60689467280333,29.377624034023945,27.619889940479702,24.857900946431734,8,True,2.8,-19.501613918390305,-4.865204558202974,n/d,n/d,,,Bandeira de alta,False,False,,,Em Alta,31.0,-0.3870994813980566,-18.860998200599745,False,True,False,"Bandeira de alta — mastro +21%, recuo 43%, bandeira 7d (candidato)"
BRBI11,SMALL11+DIVO11,SMALL11,Produtos financeiros,49.66,54.9,20.0,20.63,,0.4,,32.81,44.92,100.0,89.04,False,80,Não,Bandeira de alta,"Bandeira de alta (pré-confirmação) — pescoço R$14.53, preço 3.0% abaixo do pescoço; falta fechar acima e segurar",False,3,5,False,,True,,False,False,True,,False,False,2,10,True,True,False,,False,,,True,True,True,True,,True,,9.27,1.83,9.79,11.84,19.7,21.77,1.85,0.0,,,,,,,109.8,-22.4,6.94,0.94,0.23,95.52,4.48,11.74,20.71,20.0,-32.0,-3.9,17.68,16.89,-43.3,35.0,-24.9,11.74,20.71,-40.75,2.2,-25.9,-3.31,-0.61,4193500.0,7.87,12.3,19.24,2.7,2.4,True,4,,50.1,67.6,False,,0.99,0.49,0.0,14.09000015258789,False,False,False,12.137882774276331,17.802228068938618,16.21287324281958,16.226948018062725,,7.333333333333334,4.1342826769189935,,13.371579354841966,14.175378008547955,12.75784020769316,4,True,2.4,-9.454648193527904,-5.098799077116922,n/d,n/d,,,,False,False,,,Em Alta,14.520000457763672,-2.9614345152851884,-33.462883713657334,False,False,False,sem sinal (Em Alta)
BEEF3,BOVA11+SMALL11,BOVA11,Bens de primeira necessidade,49.04,54.48,18.181818181818183,,,0.0,,66.77,62.09,27.8,33.56,True,81,Não,Bandeira de alta,"Bandeira de alta (pré-confirmação) — pescoço R$4.19, preço 9.0% abaixo do pescoço; falta fechar acima e segurar",False,5,8,False,,False,,False,False,True,False,False,False,2,11,True,True,True,False,False,True,True,False,False,True,True,9.15,False,3778443008.0,8.31,2.41,5.13,3.38,29.04,144.02,16.55,0.8,3.78,2.98,2.48,1.43,13.46,0.55,28.11,-57.5,6.28,5.34,0.65,95.87,2.86,3.04,7.18,25.3,-46.9,1.6,4.32,4.86,-57.7,43.3,-28.5,3.04,6.25,-44.35,2.73,-44.3,-4.87,-1.3,87795451.0,1.29,2.26,3.96,1.5,14.3,False,5,,21.0,60.9,False,2023,0.83,0.33,0.01,3.809999942779541,False,False,False,0.9373984069589135,1.7629137782485373,6.27087448367115,4.038380117453549,8.42830652676031,3.760485277130923,5.648519770763412,13.414870729074035,,,,5,False,14.3,,,n/d,n/d,,,,False,False,,,Em Alta,4.130000114440918,-7.748187961120568,-47.91393706748912,False,False,False,sem sinal (Em Alta)
CPLE3,BOVA11+DIVO11,BOVA11,Serviços públicos,49.03,43.24,81.81818181818181,,,0.1,,46.73,28.76,35.39,79.45,True,82,Não,,,False,5,8,False,,True,,False,False,True,True,True,True,9,11,False,True,True,False,True,True,True,False,True,False,True,0.9,True,47840428032.0,15.33,1.99,6.6,9.12,12.99,9.34,9.82,11.41,9.72,2.97,4.16,1.3,0.98,0.31,139.85,50.0,15.16,5.45,0.3,61.78,38.29,10.61,16.67,51.8,-3.4,7.9,14.29,13.78,-17.9,25.8,34.7,11.94,16.67,18.85,1.63,29.1,-2.68,1.19,282908368.0,17.44,24.28,33.81,6.8,3.8,True,8,,8.3,15.3,False,2023,1.12,0.76,0.04,16.110000610351562,False,False,False,10.688120894947707,20.100562844369396,14.373335561284136,13.835319739283156,31.526419981118515,8.309775831960696,12.946849805579339,13.293282807794768,15.634208433292216,13.564301273538963,12.207871146185067,8,True,3.8,-24.22178346572602,-2.9533963937507512,n/d,n/d,,,,False,False,,,Em Alta,16.139999389648438,-0.18586604976029708,-4.5152066273624225,False,False,False,sem sinal (Em Alta)
ASAI3,BOVA11+SMALL11,BOVA11,Bens de primeira necessidade,48.88,49.48,45.45454545454545,,,0.0,,63.95,59.43,24.78,8.9,True,83,Não,Fundo duplo,"Fundo duplo (pré-confirmação) — pescoço R$9.00, preço 13.4% acima do pescoço; falta fechar acima e segurar",False,5,8,False,,True,,False,False,True,False,True,False,5,11,True,True,True,False,True,False,True,False,False,True,True,3.56,False,13637160960.0,14.33,2.18,1.02,0.83,15.21,17.56,21.18,1.24,3.03,3.72,2.41,1.12,4.25,1.07,11.93,123.2,10.65,6.76,0.42,88.39,11.61,7.01,10.43,45.7,-2.1,18.6,8.61,8.63,-32.8,47.8,42.1,7.04,10.21,26.25,3.01,-17.1,-4.48,0.05,112616931.0,5.8,10.69,19.73,6.3,16.4,False,4,,12.3,4.7,True,,1.71,0.62,-0.03,10.210000038146973,False,False,False,0.618180573407186,1.1625783041819016,9.745042019166458,8.66494201427301,10.137304973462511,2.5706971610492464,8.046229060041586,,,,,4,False,16.4,,,n/d,n/d,,,,False,False,,,Em Alta,10.100000381469727,1.0891054705211678,-3.660739199593377,False,False,False,sem sinal (Em Alta)
GOAU4,BOVA11+SMALL11,BOVA11,Materiais,48.62,50.78,36.36363636363637,,,1.0,,29.47,72.85,59.91,73.29,False,84,Bandeira de alta,,,False,4,8,False,,True,,False,False,False,True,True,False,4,11,False,False,True,False,True,True,True,False,False,True,True,0.5,True,15475449856.0,19.48,0.8,3.27,8.58,4.13,12.06,10.0,1.14,2.19,0.99,1.35,2.88,0.28,0.27,167.05,73.2,5.76,5.06,1.04,34.12,23.4,6.66,11.7,75.8,0.0,13.9,9.35,9.14,-25.3,28.9,34.6,7.68,11.7,18.75,1.82,54.2,-2.64,1.63,113457211.0,14.25,20.62,29.82,8.2,6.6,True,7,,-5.4,4.2,False,,0.93,0.56,0.07,11.699999809265137,False,False,False,7.297016543507536,13.723098854402883,8.214876993986252,14.05845658177431,18.01848019907362,6.1112762116739185,7.3995892017528995,40.054750951594,10.688970655167347,8.214876993986252,7.393389294587627,7,True,6.6,-36.80863747764457,-8.64127496221977,n/d,n/d,,,Bandeira de alta,False,False,,,Em Alta,11.630000114440918,0.6018890295392154,-0.6791165154455991,False,True,False,"Bandeira de alta — mastro +25%, recuo 9%, bandeira 7d (candidato)"
IRBR3,SMALL11+Carteira,SMALL11,Insurance,47.99,47.64,50.0,,2.87,0.3,,17.01,69.54,100.0,26.03,False,85,Fundo duplo,,,False,1,6,False,,False,,False,,False,,False,True,4,8,False,False,False,,False,,True,False,True,False,True,,True,4949673472.0,-33.93,0.94,2.59,2.91,-2.76,2.79,0.0,4.89,,,,,,,,-23.0,6.97,2.3,,66.23,33.77,44.77,62.39,36.2,-2.3,13.2,52.25,52.42,-21.4,31.8,19.9,49.05,62.39,4.05,2.01,11.1,-2.79,0.7,48307218.0,55.42,83.17,124.81,,2.0,True,3,,,-14.5,,2024,1.05,0.57,0.05,60.97999954223633,False,False,False,12.915605554000551,18.942888145867478,,,,26.3277,,,19.39539789995601,18.942888145867478,17.04859933128073,3,True,2.0,-72.04230984050363,-68.19383724901104,2026-11-12,2026-07-01,última,"A análise fundamentalista do IRB Brasil (IRBR3) revela uma empresa em profundo processo de reestruturação, onde a baixa qualidade atual contrasta com múltiplos de preço aparentemente descontados. O retorno sobre o patrimônio líquido (ROE) negativo de -2,8% e o retorno sobre o capital investido (ROIC) nulo de 0,0% situam-se drasticamente abaixo das médias setoriais de 34,3% e 19,5%, respectivamente, sugerindo uma severa incapacidade temporária de gerar valor sobre o capital empregado. Essa fragilidade operacional convive com um indicador Preço/Valor Patrimonial (P/VP) de 0,94, abaixo da unidade, e um Preço/Lucro (P/L) negativo de -33,93, confirmando que o mercado precifica o papel com forte desconto devido à ausência de lucros consistentes. No âmbito da rentabilidade versus endividamento, a margem líquida de 4,89% mostra-se tímida para sustentar uma estrutura robusta, enquanto o rendimento de dividendos (DY) de 2,59% carece de sustentabilidade no longo prazo por não estar ancorado em uma geração de lucro sólida e recorrente. O crescimento da companhia é outro ponto de atenção, com o CAGR de receita de 5 anos em -23,0%, bem abaixo da média setorial de -2,5%, sendo que a análise por janelas temporais aponta uma contração de -14,5% no último ano, o que configura um sinal explícito de que a receita segue desacelerando e que a recuperação ainda não se materializou. Diante desse cenário, o checklist de critérios fundamentalistas mostra-se altamente restritivo, com a empresa atendendo a apenas 1 de 6 critérios possíveis, falhando em superar a taxa Selic ou os pares setoriais em termos de ROE e ROIC. Adicionalmente, o ano de 2024 apresentou variações atípicas nos resultados, o que demanda uma checagem manual detalhada por parte do investidor para isolar possíveis eventos contábeis não recorrentes de problemas estruturais. Sob a ótica do valuation, os métodos de preço-teto calculados revelam uma dispersão relevante, variando de R$ 12,92 pelo método de Bazin a R$ 18,94 pelo modelo de Gordon, resultando em uma média de R$ 19,40 e um preço-teto ajustado com margem de segurança de R$ 17,05. Como a cotação atual de R$ 60,98 está muito acima dessas referências métricas, há um expressivo upside negativo de -72,0% frente ao valor ajustado, indicando que o preço atual embute uma exigente premissa de crescimento implícito que destoa completamente do histórico recente de contração da empresa. Em balanço, o ativo traz como pontos positivos o seu elevado score de segurança, o valor de mercado consolidado e uma tendência gráfica de alta com padrão de fundo duplo, enquanto os pontos negativos concentram-se na destruição de valor operacional, na receita em franca desaceleração, no valuation severamente esticado e no fraco histórico de dividendos.

Gatilho de falseamento: margem líquida abaixo de 4,0% no próximo resultado trimestral divulgado pela companhia.",Fundo duplo,False,True,57.62,5.83,Em Alta,62.31999969482422,-2.1501928099322165,-5.784513162228966,False,True,False,Fundo duplo — rompeu pescoço ~R$57.45 (candidato)
ANIM3,SMALL11,SMALL11,Consumo discricionário,47.75,48.15,45.45454545454545,,,0.9,,44.09,70.13,24.06,59.59,False,86,Não,Bandeira de alta,"Bandeira de alta (pré-confirmação) — pescoço R$2.93, preço 2.4% abaixo do pescoço; falta fechar acima e segurar",False,4,8,False,,False,,False,False,False,False,True,True,5,11,True,False,True,False,True,False,True,False,False,False,False,1.75,False,1080680064.0,7.51,0.48,2.72,6.45,6.36,-2.07,14.6,3.71,3.21,3.35,3.15,1.49,2.02,2.29,48.42,205.2,3.81,6.53,0.35,72.15,22.61,1.93,5.17,48.2,-44.7,0.9,3.38,3.46,-62.7,68.5,-11.4,1.93,5.17,-27.25,4.32,-36.0,-5.79,-0.1,22621280.0,0.95,2.39,5.98,0.4,5.3,True,6,,4.1,5.8,False,,2.01,0.51,0.08,2.859999895095825,False,False,False,1.3410402299737483,1.8190239094069793,3.756816503352127,7.145237832624105,3.7046108508384887,1.3388082666043726,1.835404432005562,,2.299284032030213,1.8272141707062706,1.6444927536356435,6,True,5.3,-42.50025126030488,-19.605450476662533,n/d,n/d,,,,False,False,,,Em Alta,3.049999952316284,-6.22951017019413,-45.92023390554733,False,False,False,sem sinal (Em Alta)
SMTO3,SMALL11,SMALL11,Bens de primeira necessidade,47.47,51.04,27.272727272727273,,,0.0,,44.39,72.88,47.11,34.25,True,87,Não,Bandeira de alta,"Bandeira de alta (pré-confirmação) — pescoço R$20.58, preço 4.8% abaixo do pescoço; falta fechar acima e segurar",False,3,8,False,,True,,False,False,True,False,False,False,3,11,False,True,False,False,False,True,True,False,True,True,True,0.99,True,6326356480.0,8.03,0.88,1.11,3.4,11.0,14.59,6.36,11.43,3.89,2.38,5.13,3.16,1.65,1.0,27.27,-39.3,10.16,3.45,0.45,68.55,31.45,12.82,21.21,52.9,-7.6,17.9,15.9,16.19,-34.0,44.4,34.3,13.89,21.21,18.45,2.79,-3.9,-4.2,0.19,44829081.0,12.69,22.25,39.01,1.2,9.1,False,6,,3.9,3.8,True,2025,0.62,0.24,0.04,19.600000381469727,False,False,False,4.840641980410313,9.103529917997458,33.384486248114584,34.974235508313306,27.81661511008505,11.035559432408357,19.136924032843833,44.182776113472706,,,,6,False,9.1,,,n/d,n/d,,,,False,False,,,Em Alta,21.209999084472656,-7.5907532885353675,-8.399068066907168,False,False,False,sem sinal (Em Alta)
FESA4,SMALL11,SMALL11,Materiais,47.19,50.71,27.272727272727273,,,1.0,,27.63,67.72,72.16,69.18,False,88,Não,Bandeira de alta,"Bandeira de alta (pré-confirmação) — pescoço R$5.75, preço 0.2% abaixo do pescoço; falta fechar acima e segurar",False,2,8,False,,True,,False,False,False,True,False,False,3,11,False,False,False,False,False,True,True,False,False,True,True,-0.12,True,1945099904.0,13.74,0.62,11.31,8.07,4.49,15.62,3.69,6.78,3.96,-3.62,-9.04,3.61,0.12,,110.9,-76.0,4.1,-1.74,1.53,26.31,73.65,4.8,8.69,19.6,-33.9,-4.7,6.78,6.73,-44.8,36.6,-15.6,4.8,8.69,-31.45,2.31,-19.0,-3.42,-0.32,9561956.0,3.42,5.48,8.78,6.0,8.2,False,6,,-9.4,4.4,False,,1.18,0.56,-0.02,5.739999771118164,False,False,False,3.369308620412654,4.941652643271893,4.456089099363932,9.328545261117336,,5.225440763076465,1.1363027203378027,6.611317660191186,,,,6,False,8.2,,,n/d,n/d,,,,False,False,,,Lateral,5.889999866485596,-2.546690980774724,-35.50561778489093,False,False,False,sem sinal (Lateral)
PRIO3,BOVA11,BOVA11,Energia,46.67,44.32,60.0,,,0.9,,59.07,41.21,34.47,5.48,False,89,Não,Bandeira de alta,"Bandeira de alta (pré-confirmação) — pescoço R$65.02, preço 2.7% abaixo do pescoço; falta fechar acima e segurar",False,3,8,False,,True,,False,,True,True,True,False,6,10,False,False,False,True,True,False,True,False,True,True,True,0.77,True,50473050112.0,14.27,1.96,0.0,0.18,13.71,30.11,10.92,18.11,5.96,1.73,2.17,1.34,0.9,1.07,2.53,189.4,6.96,6.59,0.25,59.83,40.17,34.2,72.1,85.1,-12.2,4.1,55.57,52.6,-27.7,35.3,51.6,40.82,72.1,35.75,2.22,61.3,-3.3,1.23,494018929.0,66.86,105.21,165.54,6.3,74.3,False,5,,34.8,8.5,True,2023,0.13,0.06,-0.0,63.290000915527344,False,False,False,0.8167857690786718,1.536084204428599,60.66179982409203,56.7657445843444,60.05357956355553,2.1219263439234233,49.99428305258459,21.14329154900674,,,,5,False,74.3,,,n/d,n/d,,,,False,False,,,Em Alta,65.68000030517578,-3.6388541086229242,-13.277613038758007,False,False,False,sem sinal (Em Alta)
ECOR3,SMALL11,SMALL11,Bens Industriais,46.55,41.93,72.72727272727273,,,0.7,,47.82,50.75,28.02,21.23,False,90,Não,Bandeira de alta,"Bandeira de alta (pré-confirmação) — pescoço R$8.17, preço 0.4% acima do pescoço; falta fechar acima e segurar",False,2,8,False,,True,,False,True,True,False,False,True,8,11,False,True,False,False,False,False,True,False,False,True,False,5.91,False,5704094208.0,10.46,1.39,3.69,2.53,13.28,19.86,11.52,4.59,5.31,4.62,5.52,2.52,6.64,1.07,26.43,-89.7,13.23,6.86,0.19,88.21,11.06,5.87,11.74,39.7,-30.2,11.1,8.01,8.48,-50.0,43.9,-19.1,5.87,11.74,-34.95,2.77,-21.5,-3.96,0.03,51173122.0,4.92,8.66,15.22,3.8,9.6,False,5,,23.9,16.7,True,2023,1.85,0.74,0.06,8.199999809265137,False,False,False,1.5066004805405866,2.833380903726329,10.722259665479607,10.200744243988934,9.640128600398478,1.8642547810928252,7.03449255783476,14.532041307646985,,,,5,False,9.6,,,n/d,n/d,,,,False,False,,,Em Alta,8.220000267028809,-0.24331456343007485,-31.280993113570933,False,False,False,sem sinal (Em Alta)
ALOS3,BOVA11+SMALL11+DIVO11,BOVA11,Imobiliário,46.46,41.83,72.72727272727273,,,0.8,,49.07,35.64,24.71,58.9,False,91,Fundo duplo,,,False,3,8,False,,True,,False,True,False,True,True,True,8,11,False,False,False,True,True,False,True,False,True,False,False,0.56,True,14148993024.0,15.26,1.11,11.06,6.37,7.27,9.51,6.39,31.4,5.36,3.4,7.32,0.72,0.56,77.15,97.28,60.8,14.56,3.66,0.27,46.56,50.55,21.37,32.08,32.4,-11.8,4.2,26.79,26.68,-21.8,26.0,7.5,25.09,32.08,-8.35,1.64,16.0,-2.22,0.59,136909273.0,26.19,36.6,51.14,6.8,11.3,False,6,,37.0,4.4,True,2023,1.21,0.81,0.08,28.290000915527344,False,False,False,13.115846214277578,13.333590821467679,13.706498955925632,32.605094582202916,12.184694253098678,24.68785187500277,5.2771922515107885,59.6525572581969,,,,6,False,11.3,,,n/d,n/d,,,Fundo duplo,False,False,,,Em Alta,29.219999313354492,-3.18274613169518,-12.757779716452855,False,True,False,Fundo duplo — rompeu pescoço ~R$28.07 (candidato)
SAUD3,DIVO11+AUVP11,SMALL11,Healthcare,46.04,42.94,63.63636363636363,,,0.2,,49.63,7.46,65.97,55.48,True,92,Pivô de alta,,,False,6,8,False,,True,,False,False,False,True,False,True,7,11,False,True,True,False,True,True,True,True,True,True,True,-0.69,True,43091910656.0,40.89,2.3,0.9,6.04,5.63,39.67,4.59,9.86,22.81,-7.41,-18.52,1.06,0.01,,247.09,-19.6,9.16,5.03,0.66,34.2,65.77,10.45,16.09,41.0,-8.4,3.7,13.11,13.15,-21.2,35.9,32.3,10.45,16.09,16.45,2.26,8.2,-2.81,0.18,97553478.0,10.67,16.9,26.77,11.0,14.8,False,6,,9.3,6.1,True,2023,0.81,0.39,0.01,14.739999771118164,False,False,False,6.477954075652221,9.500999310956592,3.845112844833955,7.209684539737668,,14.516166036785778,0.9805037754326585,6.284232348033992,,,,6,False,14.8,,,n/d,n/d,,,Pivô de alta,False,False,,,Lateral,15.5,-4.903227283108624,-10.554695096222122,False,True,False,Pivô de alta
GGBR4,BOVA11,BOVA11,Materiais,45.75,47.41,36.36363636363637,,,1.0,,33.0,56.5,59.63,65.07,False,93,Não,Bandeira de alta,"Bandeira de alta (pré-confirmação) — pescoço R$26.00, preço 0.1% abaixo do pescoço; falta fechar acima e segurar",False,4,8,False,,True,,False,False,False,True,True,False,4,11,False,False,True,False,True,True,True,False,False,True,True,0.18,True,50967621632.0,22.97,0.96,3.07,7.05,4.18,12.63,10.03,3.22,5.54,0.97,1.33,2.87,0.28,0.31,161.93,73.5,9.21,5.03,1.04,34.14,65.6,15.69,26.1,65.5,-0.5,11.0,21.15,20.84,-26.3,28.4,29.6,17.08,26.1,13.75,1.79,44.7,-2.53,1.44,261590018.0,29.97,43.09,61.96,9.0,2.9,True,8,,-5.4,4.2,False,2025,0.88,0.54,0.03,25.979999542236328,False,False,False,13.320246002481074,25.050656191762794,15.46971478352999,26.243048558211225,33.93121402991249,11.693289039877385,13.934418561617397,23.53400130309343,20.397073558810725,19.50185804331171,17.55167223898054,8,True,2.9,-32.44159912148439,-21.489322870654025,n/d,n/d,,,,False,False,,,Em Alta,26.100000381469727,-0.4597733236762491,-1.1415568362661,False,False,False,sem sinal (Em Alta)
QUAL3,SMALL11,SMALL11,Cuidados de saúde,45.56,50.39,18.181818181818183,,,0.2,,52.0,73.24,37.25,12.33,True,94,Não,,,False,5,8,False,,False,,False,False,False,True,True,False,2,11,True,False,True,False,True,True,False,True,False,False,True,0.59,True,472395360.0,18.18,0.36,0.54,1.25,1.96,0.44,22.61,1.9,1.5,2.45,1.49,0.58,0.89,12.0,22.73,60.1,3.41,5.32,0.47,66.78,32.76,1.39,2.71,20.1,-38.3,0.8,2.0,2.01,-48.6,59.5,-27.3,1.39,2.62,-43.15,3.75,-16.1,-5.67,-0.18,5680158.0,0.67,1.44,3.1,7.8,20.4,False,6,,-9.9,-7.5,False,,1.91,0.56,0.1,1.6699999570846558,False,False,False,0.15184003703096005,0.17321934281152346,0.7621315991250602,3.0964176135466546,0.2539636218497287,0.5414199388497305,0.3388957695458624,,,,,6,False,20.4,,,n/d,n/d,,,,False,False,,,Lateral,1.649999976158142,1.2121200736670001,-40.47979951756271,False,False,False,sem sinal (Lateral)
RANI3,SMALL11+DIVO11,SMALL11,Materiais,45.51,48.73,27.272727272727273,,,1.0,,48.05,47.68,36.93,78.08,False,95,Não,,,False,3,8,False,,True,,False,False,False,False,False,False,3,11,False,True,True,False,False,False,True,False,False,True,True,0.8,True,1841029248.0,14.3,1.29,5.01,9.02,9.03,25.63,11.69,7.65,5.11,2.42,2.84,2.1,1.38,,128.93,-70.2,5.65,4.4,0.56,63.24,36.76,7.56,9.51,6.2,-15.6,2.0,8.17,8.29,-20.5,23.3,-3.6,7.56,9.51,-19.45,1.47,-1.4,-2.17,-0.37,5086135.0,6.1,8.22,11.08,6.3,5.8,True,6,,-0.0,8.4,False,,0.62,0.46,0.04,8.029999732971191,False,False,False,5.26559649495308,7.722874859264517,5.989743390561261,8.86837228411451,,4.907844434247283,1.5273845645931217,8.029999732971191,6.797405199351974,6.856309124912889,6.170678212421601,6,True,5.8,-23.154689693390818,-15.349870169461921,n/d,n/d,,,,False,False,,,Lateral,8.010000228881836,0.24968169185866085,-17.245475408657963,False,False,False,sem sinal (Lateral)
OPCT3,SMALL11,SMALL11,Bens Industriais,45.41,41.07,70.0,,,0.7,,60.1,19.36,40.46,10.96,False,96,Não,,,False,6,8,False,,False,,False,,True,False,True,True,7,10,True,True,True,False,True,True,True,False,False,False,True,1.57,False,1841585024.0,26.04,4.22,0.44,0.98,16.21,1.49,14.93,6.99,7.41,2.17,2.0,2.22,1.92,2.15,25.42,486.7,20.93,8.23,0.53,70.86,29.16,7.24,11.4,27.2,-19.2,-11.7,9.41,9.29,-19.2,33.4,12.3,8.2,11.4,-3.55,2.1,32.0,-2.89,0.48,12744704.0,7.62,11.72,18.03,9.5,9.9,False,6,,21.1,24.0,False,2025,0.91,0.48,0.02,9.210000038146973,False,False,False,0.6539570632353064,1.2298611866651086,4.837520460054402,4.167486250095557,4.620983272411356,1.8077693766817375,3.698457633332864,6.452178831539651,,,,6,False,9.9,,,n/d,n/d,,,,False,False,,,Lateral,11.359999656677246,-18.926053552004596,-21.349274055131495,False,False,False,sem sinal (Lateral)
RENT3,BOVA11,BOVA11,Bens Industriais,44.21,42.39,54.54545454545455,,,0.7,,52.69,45.65,18.88,34.93,False,97,Bandeira de alta,,,True,2,8,False,,True,,False,False,True,False,True,True,6,11,False,True,False,False,False,False,True,False,False,False,False,1.34,True,40539369472.0,12.05,1.52,5.59,3.47,12.63,7.58,12.27,7.39,5.14,4.1,4.6,1.14,1.71,1.64,41.84,24.5,8.16,6.27,0.33,70.15,29.84,32.03,51.57,14.6,-28.8,-7.1,41.52,41.75,-37.9,39.0,-13.5,32.03,51.57,-29.35,2.45,-9.9,-3.51,-0.11,342605721.0,22.67,37.35,61.54,5.0,6.6,True,7,,32.9,12.1,True,,1.75,0.79,0.11,36.70000076293945,False,False,False,9.267395287131933,17.42868210450941,41.65653948196044,40.67635368456163,32.94731213533424,50.39961082116923,22.60253898225162,61.448990713932396,38.165718274816996,40.67635368456163,36.608718316105474,7,True,6.6,-0.24872600800095457,3.9937806032899648,n/d,n/d,,,Bandeira de alta,False,False,,,Lateral,36.849998474121094,-0.40704943661525883,-30.344149043473312,False,True,False,"Bandeira de alta — mastro +15%, recuo 26%, bandeira 7d (candidato) · ⚡ cruzamento de médias (MM21>MM30) hoje"
RADL3,BOVA11,BOVA11,Bens de primeira necessidade,44.14,42.3,54.54545454545455,,,0.0,,62.1,17.87,42.23,14.38,True,98,Bandeira de alta,,,False,6,8,False,,True,,False,False,True,False,True,True,6,11,True,True,True,False,True,True,True,False,False,True,True,1.09,True,35565228032.0,26.55,4.89,2.16,1.45,18.41,18.18,16.71,2.88,7.58,2.06,1.69,1.41,1.18,2.34,38.38,14.4,17.43,7.8,0.84,70.85,29.09,16.14,26.71,26.0,-23.9,8.9,20.29,20.8,-39.6,36.4,-13.2,16.14,26.71,-29.05,2.3,2.3,-3.52,0.25,156590509.0,14.98,23.9,38.15,9.6,6.4,True,7,,15.0,13.8,True,,1.23,0.59,0.15,20.34000015258789,False,False,False,2.138613087279404,4.02197235446417,10.478294228415363,8.467506108713353,9.797868588438,7.657928341125799,7.645589013247413,13.74753076503054,8.830955628490662,8.467506108713353,7.620755497842018,7,True,6.4,-62.533159092073966,-56.583305987010604,n/d,n/d,,,Bandeira de alta,False,False,,,Em Alta,20.420000076293945,-0.3917723967049813,-25.01983704776358,False,True,False,"Bandeira de alta — mastro +24%, recuo 28%, bandeira 7d (candidato)"
VALE3,BOVA11+DIVO11+Wishlist,BOVA11,Materiais,43.96,48.51,18.181818181818183,,,1.0,,48.31,37.72,43.87,85.62,False,99,Não,,,False,4,8,False,,True,,False,False,False,True,False,False,2,11,True,False,True,False,False,True,True,False,False,True,True,0.41,True,317096886272.0,31.9,1.68,7.53,10.47,5.27,24.52,18.11,4.76,4.42,1.04,0.79,1.19,0.55,,333.9,-43.5,9.1,7.92,0.39,60.3,38.73,52.69,87.63,41.4,-15.0,-2.5,75.64,72.72,-20.2,26.3,5.8,69.97,87.63,-10.05,1.66,36.9,-2.69,0.93,1673089635.0,75.3,105.52,147.86,10.3,14.1,False,6,,-4.3,0.9,False,,0.84,0.56,-0.09,74.51000213623047,False,False,False,56.720888370716736,83.19063627705121,24.914525270212906,48.278731701488624,,42.833333333333336,6.353203943904291,89.705432559748,,,,6,False,14.1,,,2026-10-29,2026-08-12,última,"A mineradora VALE3 apresenta um quadro de eficiência operacional robusto, evidenciado por um ROIC de 18,1% que se posiciona significativamente acima da média setorial de 9,2%, sugerindo excelente alocação de capital, embora o ROE de 5,3% fique ligeiramente abaixo dos 5,6% dos seus pares. Essa forte rentabilidade operacional convive com múltiplos de valuation que exigem cautela, pois o P/L de 31,9 indica que o mercado cobra um prêmio elevado, enquanto o P/VP de 1,68 sinaliza uma valorização patrimonial moderada. No âmbito financeiro, a excelente relação entre rentabilidade e endividamento é comprovada pelo indicador Dívida Líquida/EBITDA de 1,04, que está confortavelmente abaixo da média setorial de 1,76, garantindo que o endividamento permaneça sob controle mesmo diante de uma margem líquida mais estreita de 4,76%. O dividend yield de 7,53% mostra-se atraente e coerente com a estrutura de capital desalavancada, mas a sustentabilidade desses proventos no longo prazo demanda atenção devido à forte retração histórica de resultados. O crescimento da receita no período de cinco anos, com uma taxa de -43,5%, ficou severamente abaixo da média setorial de 17,4%, e a análise das janelas temporais revela que o indicador está desacelerando, passando de uma ausência de dados consolidados para uma queda de 4,3% em três anos, o que representa um claro sinal de alerta que a média isolada poderia ocultar. Diante desse cenário de contração, o crescimento implícito de 10,3% ao ano embutido no preço atual pelo fluxo de caixa descontado reverso mostra-se um patamar bastante exigente e otimista frente ao histórico recente da companhia. O checklist de critérios fundamentalistas reforça essa postura seletiva ao aprovar apenas 4 dos 8 requisitos avaliados, apontando que a ausência de vendas de insiders e a margem líquida abaixo de 15% são pontos que merecem checagem manual detalhada para descartar eventos contábeis não recorrentes. Quanto ao valuation, os métodos de preço-teto apresentam uma dispersão extremamente alta, variando desde os conservadores R$ 24,91 no fluxo de caixa descontado e R$ 48,28 pelo método de Graham, até patamares mais generosos de R$ 56,72 em Bazin e R$ 83,19 no modelo de Gordon, o que exige do analista uma aplicação cautelosa dessas referências. Como balanço final, o ativo destaca-se positivamente pelo seu ROIC elevado, endividamento muito bem controlado e excelente retorno via dividendos, mas traz como contrapartidas preocupantes a severa desaceleração histórica de suas receitas, múltiplos de preço esticados e uma projeção de crescimento embutida no preço atual que destoa da realidade operacional recente.

Gatilho de falseamento: ROIC abaixo de 9,2% no fechamento anual.",,True,False,,,Lateral,80.80000305175781,-7.784654304404148,-16.392936955646487,False,False,False,sem sinal (Lateral)
BBAS3,BOVA11+DIVO11+Carteira,BOVA11,Produtos financeiros,43.72,47.51,22.22222222222222,14.56,,0.4,,37.76,52.34,50.86,72.6,False,100,Bandeira de alta,,,False,2,6,False,,True,,False,False,False,,False,False,2,9,False,False,False,,False,,True,True,True,True,True,,True,130048139264.0,9.01,0.72,3.02,8.48,7.99,14.73,0.0,21.83,,,,,,4.79,76.44,-13.8,5.21,0.79,,92.12,7.71,17.71,27.18,28.6,-16.2,11.9,21.26,21.63,-34.8,28.6,7.5,17.71,27.18,-8.35,1.8,-17.1,-2.81,-0.17,717549862.0,16.59,23.93,34.52,2.4,1.5,True,4,,6.1,1.6,True,,1.21,0.74,-0.03,22.780000686645508,False,False,False,14.056027590017264,16.5918325043338,21.70491041038994,42.42446244990413,26.209481910785765,15.640674524503503,9.922632138277347,,16.998361257311124,16.116253514418652,14.504628162976788,4,True,1.5,-36.327358534804844,-25.380330355844972,2026-11-11,2026-09-02,última,"O Banco do Brasil (BBAS3) apresenta um cenário fundamentalista complexo, onde sua aparente atratividade de preço contrasta com indicadores de rentabilidade e crescimento que demandam cautela. O retorno sobre o patrimônio líquido (ROE) de 8,0% situa-se abaixo da média do setor de 18,4%, enquanto o retorno sobre o capital investido (ROIC) nulo de 0,0% também fica aquém dos pares de 2,2%, evidenciando uma relação de qualidade e preço em que múltiplos baixos, como o preço sobre lucro (P/L) de 9,01 e o preço sobre valor patrimonial (P/VP) de 0,72, refletem de forma justa a rentabilidade deprimida. No âmbito de dividendos e sustentabilidade, o dividend yield de 3,02% mostra-se modesto, mas é condizente com a atual geração de resultados e com a necessidade de preservação de capital em um setor financeiro que dispensa a análise tradicional de endividamento líquido sobre EBITDA. O crescimento histórico de receita em cinco anos, com taxa anual composta (CAGR) negativa de -13,8% frente à média setorial positiva de 12,7%, acende um sinal de alerta quando analisado pelas janelas temporais de três anos (6,1%) e de um ano (1,6%), o que caracteriza uma trajetória explicitamente desacelerando que a média de longo prazo costuma ocultar. Diante disso, o crescimento implícito de 2,4% ao ano embutido no preço atual via fluxo de caixa descontado reverso revela-se um patamar exigente para uma instituição que vem perdendo tração operacional recente. No checklist de critérios de qualidade e segurança, o papel atendeu a apenas 2 de 6 requisitos aplicáveis, falhando em superar a taxa Selic ou a média setorial em suas métricas de retorno e expansão, embora se beneficie do elevado valor de mercado e da ausência de venda de ações por controladores e diretores. A avaliação por múltiplos métodos de preço-teto expõe uma dispersão acentuada, variando desde os conservadores R$ 14,06 pelo método de Bazin e R$ 16,59 por Gordon, até os otimistas R$ 42,42 por Graham, resultando em uma média de R$ 17,00 e uma mediana de R$ 16,12. Frente ao preço-teto ajustado com margem de segurança de R$ 14,50, o preço atual de R$ 22,78 implica um potencial de valorização negativo de -36,3%, sugerindo que o mercado já precifica um cenário mais otimista do que o suportado pelas fórmulas clássicas de valuation. Como prós, destacam-se o valuation patrimonial descontado com P/VP abaixo da unidade, a robusta margem líquida de 21,83% e a tendência gráfica de alta; como contras, pesam a rentabilidade muito abaixo da média do setor, a clara desaceleração no crescimento das receitas e a ausência de margem de segurança em relação aos preços-teto calculados.

Gatilho de falseamento: ROE abaixo de 8,0% no fechamento anual de 2026.",Bandeira de alta,False,True,22.29,2.2,Em Alta,22.799999237060547,-0.08771294335191415,-16.878861387752597,False,True,False,"Bandeira de alta — mastro +28%, recuo 11%, bandeira 7d (candidato)"
MOVI3,SMALL11,SMALL11,Bens Industriais,43.69,46.59,27.272727272727273,,,0.7,,46.52,70.24,13.09,54.79,False,101,Bandeira de alta,,,False,5,8,False,,False,,False,False,True,False,True,False,3,11,True,True,True,False,True,False,True,False,False,False,False,5.54,False,3212300800.0,7.45,0.83,8.12,5.83,11.08,3.58,13.78,2.89,3.62,3.65,3.64,0.68,6.43,1.19,43.43,97.0,3.52,6.78,0.22,91.5,8.5,6.5,14.83,23.2,-46.0,-9.8,9.57,9.96,-56.2,62.4,-19.1,6.5,14.83,-34.95,3.93,-15.2,-5.96,0.11,45530815.0,3.65,8.1,17.97,0.3,4.5,True,6,,16.4,8.8,True,,2.37,0.66,0.13,8.010000228881836,False,False,False,3.3960151965713763,6.386699547100362,14.705521095673948,15.279410714045557,13.006843531092928,15.032036845458439,7.237435818655244,,11.941324592004412,13.856182313383439,12.470564082045096,6,True,4.5,55.68743727471699,49.08020288123478,n/d,n/d,,,Bandeira de alta,False,False,,,Em Alta,8.210000038146973,-2.4360512586584226,-46.49298539744361,False,True,False,"Bandeira de alta — mastro +33%, recuo 43%, bandeira 8d (candidato)"
SLCE3,SMALL11,SMALL11,Bens de primeira necessidade,42.93,45.69,27.272727272727273,,,0.0,,51.59,34.14,37.49,64.38,True,102,Não,Fundo duplo,"Fundo duplo (pré-confirmação) — pescoço R$14.02, preço 28.1% acima do pescoço; falta fechar acima e segurar",False,2,8,False,,True,,False,False,False,False,True,False,3,11,False,False,False,False,True,False,True,False,False,True,True,1.87,True,8907447296.0,23.06,1.65,4.48,7.05,7.16,17.38,10.84,4.41,6.94,4.42,5.6,2.2,1.82,0.95,162.56,24.2,12.5,6.41,0.63,73.5,23.57,12.62,19.32,42.3,-7.0,19.4,14.62,15.21,-34.7,25.8,21.4,12.62,19.32,5.55,1.62,0.2,-2.35,0.48,68765650.0,16.26,22.58,31.37,9.0,2.6,True,8,,0.8,25.1,False,,0.5,0.34,-0.0,17.959999084472656,False,False,False,9.207935049415626,17.316858496159064,10.652490853896436,13.81102608942953,23.36513324085775,9.032508696563744,9.595281384245585,9.775184959876231,12.844552346305496,10.213837906886333,9.1924541161977,8,True,2.6,-48.817068013410704,-28.48244431476462,n/d,n/d,,,,False,False,,,Em Alta,18.43000030517578,-2.550196488988299,-7.802877276603748,False,False,False,sem sinal (Em Alta)
SUZB3,BOVA11,BOVA11,Materiais,42.73,47.06,18.181818181818183,,,1.0,,51.27,60.64,29.78,28.77,False,103,Não,Fundo duplo,"Fundo duplo (pré-confirmação) — pescoço R$43.32, preço 9.4% acima do pescoço; falta fechar acima e segurar",False,5,8,False,,False,,False,False,True,False,False,False,2,11,True,True,False,True,False,False,True,True,True,True,False,1.68,False,58375979008.0,7.34,1.21,0.01,3.06,16.44,27.73,5.54,17.08,6.44,3.68,9.14,3.38,1.99,0.58,22.48,-64.0,6.51,3.15,0.57,73.83,26.09,39.68,58.97,19.5,-19.6,10.4,47.32,47.27,-32.7,27.7,-8.6,39.68,58.97,-24.45,1.74,-12.7,-2.42,-0.51,331009838.0,32.06,45.51,64.62,0.1,9.7,False,6,,0.2,5.7,False,2025,0.45,0.28,-0.01,47.400001525878906,False,False,False,10.559117770728422,19.857953743015063,88.32557197403821,75.44472842976857,102.07714894316011,15.986003651723442,70.23506575522744,24.524649285602248,,,,6,False,9.7,,,n/d,n/d,,,,False,False,,,Em Alta,48.099998474121094,-1.4552951568570283,-20.528392295831033,False,False,False,sem sinal (Em Alta)
AXIA3,BOVA11+Carteira,BOVA11,Serviços públicos,41.92,38.09,63.63636363636363,,,0.1,,39.09,24.46,49.31,45.21,True,104,Bandeira de alta,,,False,3,8,False,,True,,False,False,False,True,True,True,7,11,False,False,False,True,False,True,True,False,True,False,True,0.54,True,127125053440.0,13.21,1.3,2.74,4.28,9.86,5.35,3.25,27.05,15.82,2.95,7.36,2.05,0.63,3.08,56.49,9.7,9.51,3.03,0.39,57.63,42.34,44.9,67.15,23.4,-17.5,3.2,54.37,55.5,-27.0,37.6,10.8,49.43,67.15,-5.05,2.37,13.1,-3.11,0.4,605715162.0,41.2,68.41,113.58,5.7,3.7,True,8,,6.6,2.7,True,,1.4,0.65,0.03,55.400001525878906,False,False,False,17.230647572056775,26.118220816928343,46.23237994326218,63.41294905769668,35.92534964206795,26.735948491581112,22.92093728464726,24.07359877526511,32.83125394793818,26.427084654254728,23.784376188829256,8,True,3.7,-57.067914199029566,-40.737810390489294,2026-11-04,2025-11-17,última,"A análise fundamentalista da AXIA3 revela uma empresa de serviços públicos que opera com indicadores de rentabilidade abaixo da média de seus pares, com um ROE de 9,9% frente aos 12,1% do setor e um ROIC de 3,2% contra os 9,6% da média setorial, sugerindo uma eficiência na alocação de capital aquém do ideal. Essa rentabilidade tímida convive com múltiplos de preço esticados, uma vez que o P/L de 13,21 e o P/VP de 1,3 não parecem justificados pelo retorno gerado, indicando que a qualidade atual não está barata. No que tange à saúde financeira, a relação entre rentabilidade e endividamento é mitigada por uma estrutura de capital controlada, apresentando uma relação Dívida Líquida/EBITDA de 2,95 que se posiciona abaixo dos 3,4 do setor, além de uma confortável liquidez corrente de 2,05. Contudo, o dividendo distribuído de 2,74% mostra-se pouco atraente e desalinhado com a robusta margem líquida de 27,05%, o que sinaliza que a sustentabilidade do provento é limitada por decisões de alocação ou payout que não favorecem o acionista no curto prazo. O crescimento histórico da receita em cinco anos, de 9,7%, situa-se muito abaixo dos 37,6% do setor, e a análise das janelas temporais de três anos para um ano, que caíram de 6,6% para 2,7%, mostra que a companhia está explicitamente desacelerando, um sinal de alerta que a média de longo prazo costuma ocultar. Diante disso, o crescimento implícito de 5,7% ao ano embutido no preço atual pelo fluxo de caixa descontado reverso mostra-se um patamar bastante exigente e difícil de ser entregue, dado o recente ritmo de desaceleração da receita. No checklist de qualidade e valor, a AXIA3 atendeu a apenas 3 dos 8 critérios avaliados, falhando em quesitos cruciais como superar a taxa Selic ou a média setorial em termos de retorno. Quanto ao valuation, as estimativas de preço-teto revelam uma enorme dispersão entre os métodos, variando desde os conservadores R$ 17,23 por Bazin até R$ 63,41 por Graham, resultando em uma média de R$ 32,83 e um preço-teto ajustado com margem de segurança de R$ 23,78, o que aponta para um expressivo potencial de queda de 57,1% frente ao preço atual de R$ 55,40. Em suma, os prós da companhia residem em sua sólida margem líquida e no endividamento controlado abaixo do limite setorial, enquanto os contras pesam na desaceleração do crescimento, retornos abaixo do custo de oportunidade e um preço de tela desalinhado com os fundamentos de fluxo de caixa e dividendos.

Gatilho de falseamento: A leitura acima estará errada se o ROIC da AXIA3 reportado no fechamento anual superar a marca de 9,6%, igualando-se à média atual do setor.",Bandeira de alta,False,True,59.55,-6.97,Em Alta,56.130001068115234,-1.3005514490378456,-18.337257493428872,False,True,False,"Bandeira de alta — mastro +13%, recuo 15%, bandeira 8d (candidato)"
NATU3,BOVA11+SMALL11,BOVA11,Bens de primeira necessidade,41.69,45.12,22.22222222222222,,,0.0,P/L=-4.12<2,38.76,66.28,54.51,2.05,True,105,Não,Fundo duplo,"Fundo duplo (pré-confirmação) — pescoço R$8.73, preço 8.7% abaixo do pescoço; falta fechar acima e segurar",False,2,8,False,,False,,,,False,True,False,False,2,9,False,False,False,False,False,True,True,False,False,True,True,0.35,True,10945461248.0,-4.12,0.87,0.0,0.0,-21.11,16.32,10.18,-12.47,4.82,2.58,3.48,1.68,0.54,,,-88.9,8.4,2.55,0.77,55.21,44.79,7.2,10.7,10.7,-25.5,-10.0,8.68,8.78,-30.6,47.6,10.7,7.2,10.7,-5.15,3.0,-13.0,-4.17,-0.25,64767161.0,3.95,7.26,13.33,,1.0,True,1,,18.7,2.6,True,"2023, 2024",1.16,0.43,0.02,7.96999979019165,,False,False,,,,,,,,11.41436249874261,11.41436249874261,11.41436249874261,10.27292624886835,1,True,1.0,28.894937506909546,43.2165972298995,n/d,n/d,,,,False,False,,,Lateral,9.279999732971191,-14.116379099939003,-28.5201788083809,False,False,False,sem sinal (Lateral)
FRAS3,SMALL11,SMALL11,Consumo discricionário,41.28,40.54,45.45454545454545,,,0.9,,52.93,17.94,46.44,29.45,False,106,Bandeira de alta,,,False,6,8,False,,True,,False,False,True,False,True,False,5,11,True,False,True,False,True,True,True,True,False,True,True,0.6,True,6517374976.0,22.49,2.61,2.63,3.07,11.62,14.99,15.27,5.39,7.57,1.64,1.48,2.41,1.13,6.23,68.94,155.0,14.58,6.92,0.72,65.64,34.06,18.96,25.01,24.0,-6.0,9.3,22.0,22.29,-24.2,26.8,-1.3,18.96,24.94,-17.15,1.69,4.2,-2.58,-0.09,4359168.0,18.03,25.42,35.84,8.9,2.8,True,8,,21.5,38.5,False,,0.79,0.51,0.09,23.5,False,False,False,5.239086421144659,7.359962648622548,10.675685140595853,14.549368376165063,6.974178007243025,8.422835661170943,5.255649980390405,10.156424904260648,8.579148892449144,7.891399154896746,7.102259239407071,8,True,2.8,-69.77762025784224,-63.49298343638663,n/d,n/d,,,Bandeira de alta,False,False,,,Em Alta,23.530000686645508,-0.12749972702947865,-6.462255012518014,False,True,False,"Bandeira de alta — mastro +24%, recuo 11%, bandeira 7d (candidato)"
USIM5,BOVA11+SMALL11,BOVA11,Materiais,41.19,45.25,18.181818181818183,,,1.0,P/L=-3.83<2,9.76,89.11,71.0,43.84,False,107,Não,Bandeira de alta,"Bandeira de alta (pré-confirmação) — pescoço R$7.24, preço 2.0% abaixo do pescoço; falta fechar acima e segurar",False,4,8,False,,False,,False,False,False,True,True,False,2,11,False,False,False,False,True,True,True,True,False,False,True,-0.02,True,8727384064.0,-3.83,0.43,0.0,4.14,-11.18,-0.65,4.67,-9.36,3.55,-0.18,-0.44,4.44,0.27,,,301.7,5.34,1.64,1.4,33.58,58.33,4.23,12.04,67.6,-41.1,-16.6,6.63,6.94,-49.6,46.6,18.6,5.98,12.04,2.75,2.94,36.7,-4.59,0.91,82058334.0,6.15,11.14,20.18,,4.7,True,2,,-6.8,1.5,False,2025,0.91,0.34,0.02,7.090000152587891,False,False,False,2.135741779828271,4.016572443999619,,,,,,10.059132738174974,3.076157111913945,3.076157111913945,2.7685414007225506,2,True,4.7,-60.95146204317052,-56.6127356035228,n/d,n/d,,,,False,False,,,Lateral,7.809999942779541,-9.218947445157166,-41.78981958173631,False,False,False,sem sinal (Lateral)
PNVL3,SMALL11,SMALL11,Bens de primeira necessidade,40.94,35.33,72.72727272727273,,,0.0,,35.2,40.76,36.22,20.55,True,108,Não,Bandeira de alta,"Bandeira de alta (pré-confirmação) — pescoço R$13.09, preço 1.1% abaixo do pescoço; falta fechar acima e segurar",False,4,8,False,,True,,False,False,True,False,True,True,8,11,False,True,False,False,True,False,True,True,False,False,True,0.84,True,1934414464.0,14.15,1.48,2.54,2.49,10.45,8.49,9.66,2.33,6.0,4.17,5.94,1.75,1.07,2.09,35.24,17.6,8.95,4.98,0.9,66.54,33.46,8.82,16.07,46.9,-19.4,9.9,11.62,11.79,-35.3,35.4,10.0,10.4,16.07,-5.85,2.23,19.5,-3.01,0.69,8484661.0,11.32,17.79,27.97,6.2,5.7,True,7,,11.4,11.5,False,,1.41,0.7,0.13,12.949999809265137,False,False,False,2.3456365325557136,4.411309995096713,12.517496681017708,13.42307273385061,8.472723071203566,5.722157606162439,6.453100927740663,11.460985716192157,8.922978104466265,8.472723071203566,7.62545076408321,7,True,5.7,-41.11620944868628,-31.096693159159127,n/d,n/d,,,,False,False,,,Em Alta,13.15999984741211,-1.5957449892240572,-20.529126580964487,False,False,False,sem sinal (Em Alta)
ENGI11,BOVA11,BOVA11,Serviços públicos,40.41,41.12,36.36363636363637,,,0.1,,49.66,35.93,23.25,51.37,True,109,Fundo duplo,,,False,3,8,False,,True,,False,False,False,False,True,False,4,11,False,False,True,False,False,False,True,True,False,True,True,2.32,True,15960408064.0,17.3,1.35,2.18,5.38,7.78,17.19,10.25,4.13,6.06,4.32,5.79,1.56,1.99,32.15,93.08,7.9,23.73,4.83,0.34,74.62,23.0,42.54,57.51,22.5,-9.4,7.9,48.01,48.63,-24.1,26.6,11.9,43.67,57.51,-3.95,1.68,0.7,-2.65,0.26,192182311.0,43.91,61.77,86.91,7.5,13.7,False,7,,10.2,5.1,True,,1.31,0.86,0.04,52.11000061035156,False,False,False,20.391256972182944,21.335991974599324,22.921398866478793,51.14726333667573,17.827816328923515,23.12376762469231,9.230388595305639,126.34937956070362,,,,7,False,13.7,,,n/d,n/d,,,Fundo duplo,False,False,,,Em Alta,52.209999084472656,-0.19153126963151745,-11.076450798877968,False,True,False,Fundo duplo — rompeu pescoço ~R$51.55 (candidato)
SMFT3,BOVA11+SMALL11,BOVA11,Consumo discricionário,40.26,37.74,54.54545454545455,,,0.9,,48.35,43.18,13.6,24.66,False,110,Não,,,False,1,8,False,,False,,False,False,True,False,False,True,6,11,False,False,False,False,False,False,True,False,True,False,False,1.83,False,10362496000.0,15.2,1.72,5.96,2.72,11.3,9.4,10.6,8.53,3.86,4.32,5.6,1.2,2.24,2.3,41.41,-6.3,8.42,5.98,0.3,73.66,26.34,16.55,25.93,2.3,-34.7,-9.0,20.01,20.7,-36.2,35.9,-25.5,16.55,23.32,-41.35,2.26,-31.2,-3.28,-1.21,157969148.0,7.45,11.8,18.69,6.7,4.7,True,6,,35.2,29.8,True,2023,1.26,0.62,0.07,16.93000030517578,False,False,False,3.3544723186812058,6.308572134810138,15.234125911278715,15.705877564110658,10.408580597372293,12.834396482041315,7.749007662955343,,11.373426725428075,11.621488539706803,10.459339685736124,6,True,4.7,-38.22008566332671,-32.82087111391823,n/d,n/d,,,,False,False,,,Lateral,17.969999313354492,-5.787418185407667,-35.643329555599614,False,False,False,sem sinal (Lateral)
EMBJ3,BOVA11,BOVA11,Bens Industriais,40.1,33.06,80.0,,,0.7,,42.92,12.36,49.51,7.53,False,111,Não,Bandeira de alta,"Bandeira de alta (pré-confirmação) — pescoço R$99.21, preço 3.6% abaixo do pescoço; falta fechar acima e segurar",False,5,8,False,,False,,False,,True,True,True,True,8,10,False,True,False,False,True,True,True,True,False,False,True,0.14,True,68058370048.0,30.4,3.95,1.03,0.71,13.01,5.09,9.61,5.28,11.56,0.52,0.75,1.44,0.69,2.98,21.68,113.9,16.93,3.7,0.82,70.5,26.66,68.4,103.57,39.8,-7.7,14.2,83.79,84.75,-34.0,37.7,8.3,68.4,103.57,-7.55,2.37,33.3,-3.25,0.44,469972197.0,74.12,120.69,196.53,10.1,9.3,False,6,,18.6,18.5,True,,0.75,0.35,0.01,95.61000061035156,False,False,False,4.958976473757121,9.326075110323876,43.016383975794845,41.386551473533984,34.28927525178517,17.645490936389212,29.064221973349536,46.056694373787316,,,,6,False,9.3,,,n/d,n/d,,,,False,False,,,Lateral,97.61000061035156,-2.0489703795656955,-9.036979688121837,False,False,False,sem sinal (Lateral)
VAMO3,BOVA11+SMALL11,BOVA11,Bens Industriais,39.48,43.24,18.181818181818183,,,0.7,,50.61,49.46,26.78,27.4,False,112,Bandeira de alta,,,False,4,8,False,,True,,False,False,False,False,False,False,2,11,True,False,True,False,False,False,True,True,False,True,False,3.87,False,4093119744.0,12.96,1.24,3.72,2.94,9.57,14.8,15.52,5.1,4.0,3.09,2.74,1.67,4.84,2.19,38.11,-1.9,5.61,7.32,0.32,88.84,11.16,2.48,4.82,35.1,-30.5,6.2,3.38,3.46,-48.5,56.4,3.1,2.48,4.82,-12.75,3.55,-27.4,-5.25,-0.16,59928401.0,1.47,3.0,6.15,5.6,14.1,False,6,,5.4,22.5,False,,2.14,0.66,0.07,3.3499999046325684,False,False,False,0.7164389219969234,1.333115186908974,3.4980466680544096,3.963900188672095,2.2910934539487315,2.6259933324286635,1.6829153373040138,10.128609237971254,,,,6,False,14.1,,,n/d,n/d,,,Bandeira de alta,False,False,,,Lateral,3.5299999713897705,-5.099152074109947,-32.18623753382141,False,True,False,"Bandeira de alta — mastro +42%, recuo 28%, bandeira 7d (candidato)"
HAPV3,BOVA11+SMALL11,BOVA11,Cuidados de saúde,39.26,35.6,60.0,,,0.2,P/L=-18.50<2,11.76,81.44,47.32,4.79,True,113,Não,,,False,2,8,False,,False,,False,,False,True,True,True,6,10,False,False,False,False,True,False,True,False,False,False,True,0.17,True,3035811840.0,-18.5,0.07,0.0,0.14,-0.36,-1.11,2.12,-0.55,4.14,3.07,7.69,1.84,0.33,,,41.3,5.41,1.55,0.45,33.25,66.74,6.09,39.33,4.9,-83.8,-37.0,12.1,15.48,-84.5,78.4,-56.1,6.09,16.49,-71.95,4.94,-83.3,-6.81,-2.04,65512565.0,0.33,1.03,3.21,,220.9,False,2,,10.0,9.2,True,,1.61,0.36,0.02,6.389999866485596,False,False,False,0.0646374154973898,0.12156004269347823,,,,,,14.277432300781326,,,,2,False,220.9,,,n/d,n/d,,,,False,False,,,Em Baixa,7.329999923706055,-12.824011828163762,-83.97693155631704,False,False,False,sem sinal (Em Baixa; sem novo topo (-12.8%))
UNIP6,SMALL11+DIVO11,SMALL11,Materiais,38.73,42.36,18.181818181818183,,,1.0,,50.03,12.58,35.22,96.58,False,114,Não,,,False,4,8,False,,True,,False,False,True,False,False,False,2,11,False,True,True,False,False,False,True,True,False,True,True,1.17,True,6434976768.0,24.46,3.26,11.24,15.86,13.34,34.18,11.66,5.09,8.82,2.72,3.21,2.39,1.85,,387.85,-46.1,10.89,4.48,0.47,74.89,24.93,53.05,71.62,8.6,-19.5,-4.2,61.08,61.59,-25.5,30.4,-1.0,55.19,71.62,-16.85,1.91,-11.4,-2.88,-0.7,19615225.0,34.55,51.05,75.45,9.3,15.2,False,5,,-10.9,-5.3,False,,0.72,0.41,0.1,57.619998931884766,False,False,False,66.44655081298988,97.45494119238516,25.12728217253083,30.607473247207512,,31.018850384254566,6.4074569539953625,22.562208647788406,,,,5,False,15.2,,,n/d,n/d,,,,False,False,,,Em Baixa,58.13999938964844,-0.8943936415937714,-20.73949219887089,False,False,False,sem sinal (Em Baixa; sem novo topo (-0.9%))
ARML3,SMALL11,SMALL11,Bens Industriais,37.45,37.64,36.36363636363637,,,0.7,,32.55,49.95,27.84,49.32,False,115,Não,Bandeira de alta,"Bandeira de alta (pré-confirmação) — pescoço R$3.93, preço 1.1% acima do pescoço; falta fechar acima e segurar",False,2,8,False,,True,,False,False,False,False,True,False,4,11,False,False,False,False,False,False,True,True,False,True,False,1.74,False,1373754752.0,22.19,1.0,11.77,4.81,4.51,11.22,9.85,3.11,5.0,3.29,4.59,1.89,2.12,1.06,106.7,20.9,3.58,5.25,0.54,75.09,23.96,2.71,6.17,46.8,-35.7,14.0,3.78,3.97,-54.6,59.0,-5.1,2.8,6.17,-20.95,3.72,-6.8,-5.46,0.32,3998556.0,2.18,4.62,9.82,8.8,4.3,True,8,,25.6,6.9,True,2025,1.91,0.57,0.04,3.9700000286102295,False,False,False,1.388334899869147,2.6109653116893954,2.447019163137619,3.9976348072178896,4.599486501629317,2.637367048845283,2.2041640537394334,5.919490818916669,3.2255578256305943,2.6241661802673395,2.3617495622406057,8,True,4.3,-40.510087022156036,-18.75169263513181,n/d,n/d,,,,False,False,,,Em Alta,4.130000114440918,-3.874093980560289,-36.984128437825504,False,False,False,sem sinal (Em Alta)
AZZA3,BOVA11+SMALL11,BOVA11,Consumo discricionário,37.16,38.91,27.272727272727273,,,0.9,,23.9,63.3,43.51,36.3,False,116,Não,,,False,2,8,False,,True,,False,False,False,True,False,False,3,11,False,False,False,False,False,True,True,False,False,True,True,0.38,True,2994224896.0,9.43,0.38,16.71,3.54,4.03,11.4,5.88,2.85,3.62,2.74,6.4,2.26,0.49,3.51,33.36,-94.3,3.66,3.33,0.93,48.36,51.64,14.54,30.7,1.9,-51.8,-16.7,23.2,22.35,-52.6,45.8,-41.7,14.54,28.04,-57.55,2.89,-48.0,-4.32,-1.59,50467368.0,4.1,7.39,13.32,2.8,12.7,False,4,,40.8,41.0,False,"2024, 2025",1.32,0.5,-0.0,14.8100004196167,False,False,False,3.809933516053915,4.8619228533608805,14.575764609668441,37.11066059927861,9.773326161656989,48.404531691501084,6.971342974646365,24.619189397648366,,,,4,False,12.7,,,n/d,n/d,,,,False,False,,,Lateral,17.690000534057617,-16.280384553387705,-52.41187945615737,False,False,False,sem sinal (Lateral)
RAPT4,SMALL11,SMALL11,Bens Industriais,37.06,40.39,18.181818181818183,,,0.7,P/L=-5.04<2,18.86,84.04,31.18,46.58,False,117,Não,Fundo duplo,"Fundo duplo (pré-confirmação) — pescoço R$5.14, preço 2.9% abaixo do pescoço; falta fechar acima e segurar",False,1,8,False,,False,,False,False,False,False,True,False,2,11,False,False,False,False,False,False,True,False,False,False,False,1.87,False,1739951872.0,-5.04,0.58,0.0,4.31,-11.45,8.95,9.51,-2.65,3.9,3.04,4.4,2.12,2.11,,,0.9,5.23,5.22,0.76,74.66,17.25,4.35,6.9,14.7,-27.7,2.0,5.46,5.56,-37.0,39.8,-8.6,4.35,6.84,-24.45,2.51,-32.3,-4.06,-0.96,14448698.0,2.16,3.6,6.02,,10.4,False,2,,5.6,10.3,False,2025,1.31,0.57,-0.01,4.989999771118164,False,False,False,1.5637151704346361,1.6882952020091466,,,,,,16.29501582660932,,,,2,False,10.4,,,n/d,n/d,,,,False,False,,,Em Alta,5.159999847412109,-3.2945752194005418,-28.917381984670975,False,False,False,sem sinal (Em Alta)
AUAU3,SMALL11,SMALL11,Consumo discricionário,36.72,31.44,66.66666666666667,,,0.9,,30.09,43.73,30.05,9.59,False,118,Não,Bandeira de alta,"Bandeira de alta (pré-confirmação) — pescoço R$4.20, preço 0.5% abaixo do pescoço; falta fechar acima e segurar",False,2,8,False,,,,,,False,True,True,,2,3,False,False,False,False,False,True,True,False,False,False,True,0.5,True,3598117888.0,18.7,1.13,0.72,0.91,6.04,,7.01,3.84,3.98,2.55,4.99,1.26,0.7,3.73,16.96,22.2,11.93,5.61,,,,2.8,4.18,49.0,0.0,23.8,3.28,3.34,-27.2,41.1,9.0,2.8,4.18,-6.85,2.59,,-3.63,0.17,17680988.0,2.79,4.73,8.01,8.0,17.5,False,4,,,,,,1.02,0.46,0.07,4.179999828338623,,False,False,0.2756987875843889,0.4557871455740739,2.6875662318744724,4.313278474023803,1.3238694452775088,0.663499213052329,1.325535814086613,4.835912872945064,,,,4,False,17.5,,,n/d,n/d,,,,False,False,,,Em Alta,4.110000133514404,1.7031555365026874,-3.2407485592509278,False,False,False,sem sinal (Em Alta)
RAIL3,BOVA11,BOVA11,Bens Industriais,36.47,34.88,45.45454545454545,,,0.7,,49.27,27.65,22.47,13.01,False,119,Bandeira de alta,,,False,2,8,False,,False,,False,False,False,False,True,True,5,11,False,False,False,False,True,False,True,False,True,False,False,1.64,False,27724449792.0,22.63,1.92,0.73,1.31,8.48,1.9,12.06,8.53,6.17,3.16,3.6,1.31,2.01,3.79,29.65,56.8,11.08,7.07,0.25,73.88,25.74,12.33,17.04,21.2,-12.3,5.5,15.04,14.99,-27.6,33.9,2.0,12.33,17.04,-13.85,2.13,-6.8,-3.07,-0.2,173342633.0,9.8,15.13,23.34,8.9,9.3,False,7,,12.1,-0.6,True,,1.07,0.55,0.0,14.9399995803833,False,False,False,1.4235981287178698,2.6646174711869905,8.986918347091793,10.751002256392221,4.803437242609666,7.688136068448388,4.316318055593887,13.304698844338958,,,,7,False,9.3,,,n/d,n/d,,,Bandeira de alta,False,False,,,Em Alta,15.300000190734863,-2.352945136363893,-13.78447550604589,False,True,False,"Bandeira de alta — mastro +19%, recuo 16%, bandeira 13d (candidato)"
CBAV3,SMALL11,SMALL11,Materiais,36.33,37.93,27.272727272727273,,,1.0,,37.81,41.43,38.77,28.08,False,120,Não,,,False,4,8,False,,False,,False,False,True,True,True,False,3,11,False,True,False,False,True,False,True,True,False,False,True,0.57,True,7292014080.0,12.2,1.44,0.39,3.04,11.81,-1.32,6.25,6.41,6.53,1.95,4.29,2.06,0.89,1.64,37.11,28.1,9.57,3.49,0.48,67.68,30.73,3.52,11.25,218.6,-0.4,3.0,10.3,8.86,-15.2,31.9,59.8,7.01,11.25,43.95,2.01,194.9,-2.36,3.15,25298773.0,22.28,33.29,49.76,5.1,16.0,False,6,,-0.1,7.5,False,,0.19,0.11,0.03,11.199999809265137,False,False,False,2.4774332888565946,4.659172927107726,12.556319193887935,12.675004230098555,9.611114204057953,0.7923155227803034,6.861161167585871,7.72878984649806,,,,6,False,16.0,,,n/d,n/d,,,,False,False,,,Em Alta,11.25,-0.4444461398654509,-0.532863396066352,False,False,False,sem sinal (Em Alta)
POSI3,SMALL11,SMALL11,Tecnologia de informação,35.99,35.92,36.36363636363637,,,0.5,,20.38,52.83,35.88,63.7,False,121,Não,Fundo duplo,"Fundo duplo (pré-confirmação) — pescoço R$4.10, preço 16.6% abaixo do pescoço; falta fechar acima e segurar",True,0,8,False,,True,,False,False,False,True,True,False,4,11,False,False,False,False,False,False,False,False,False,True,False,0.5,True,473569920.0,38.91,0.31,5.25,6.91,0.8,10.68,6.93,0.36,3.76,3.07,6.09,1.82,0.81,3.38,268.78,11.5,2.03,3.74,0.97,64.77,35.23,3.28,4.72,4.3,-27.5,-8.9,4.06,4.01,-30.5,37.1,-13.2,3.28,4.72,-29.05,2.34,-22.1,-3.88,-0.78,2745040.0,1.7,2.74,4.42,10.9,19.6,False,6,,-11.2,-7.6,False,,1.06,0.5,-0.14,3.4200000762939453,False,False,False,1.7181318701462256,3.2311963880491916,1.2021787519160285,4.6709574647651255,1.6179469054713693,0.7445919647652398,0.8859830575441526,14.571427955002518,,,,6,False,19.6,,,n/d,n/d,,,,False,False,,,Lateral,3.509999990463257,-2.5641001257505125,-28.75000124176338,False,False,False,sem sinal (Lateral) · ⚡ cruzamento de médias (MM21>MM30) hoje
TIMS3,BOVA11+DIVO11+AUVP11,BOVA11,Comunicação,35.88,30.98,63.63636363636363,,,0.4,,30.27,8.28,37.74,77.4,False,122,Não,,,False,3,8,False,,True,,False,False,False,True,True,True,7,11,False,False,False,True,True,False,True,False,True,True,True,0.49,True,46531272704.0,3412.32,1.86,7.53,8.96,0.05,11.85,0.76,15.78,119.24,1.05,2.63,0.85,0.66,1364.93,30562.61,2.5,9.22,7.75,0.43,57.89,42.11,17.94,27.96,8.6,-30.3,-8.3,22.48,22.9,-35.8,28.4,-8.7,17.94,27.96,-24.55,1.79,-13.4,-2.8,-0.65,122264200.0,12.39,17.85,25.74,,43.5,False,3,,7.3,4.6,True,,0.78,0.48,0.09,19.479999542236328,False,False,False,12.68898441068763,15.896477692278111,,,,30.75,,0.7067132090108902,,,,3,False,43.5,,,n/d,n/d,,,,False,False,,,Em Alta,19.639999389648438,-0.8146631995133324,-31.28658784918682,False,False,False,sem sinal (Em Alta)
SIMH3,SMALL11,SMALL11,Industrials,35.68,37.16,27.272727272727273,,,0.7,P/L=-23.72<2,26.18,81.06,17.02,17.12,False,123,Não,Bandeira de alta,"Bandeira de alta (pré-confirmação) — pescoço R$7.66, preço 3.2% abaixo do pescoço; falta fechar acima e segurar",False,5,8,False,,False,,False,False,False,False,True,False,3,11,False,True,True,False,True,False,True,True,False,False,False,7.83,False,4325656064.0,-23.72,0.73,2.31,2.26,-3.1,-1.12,11.25,-0.4,3.81,3.53,4.31,1.28,6.05,,,8.8,2.36,6.03,0.36,91.64,5.09,5.63,14.3,31.6,-48.2,-7.7,10.13,9.86,-60.6,58.6,-27.6,5.63,13.96,-43.45,3.69,-49.3,-5.63,-0.73,24505078.0,2.2,4.67,9.91,,41.8,False,2,,21.8,6.8,True,,2.38,0.71,0.03,7.409999847412109,False,False,False,1.2192967673544155,2.2930645657020134,,,,,,50.93414628127122,,,,2,False,41.8,,,n/d,n/d,,,,False,False,,,Lateral,8.329999923706055,-11.044418784155685,-49.2788585341695,False,False,False,sem sinal (Lateral)
YDUQ3,BOVA11+SMALL11,BOVA11,Consumo discricionário,35.63,33.9,45.45454545454545,,,0.9,,33.69,39.28,25.41,38.36,False,124,Não,Fundo duplo,"Fundo duplo (pré-confirmação) — pescoço R$8.38, preço 24.2% acima do pescoço; falta fechar acima e segurar",False,1,8,False,,False,,False,False,False,False,True,True,5,11,False,False,False,False,False,False,True,False,False,False,False,1.48,True,2648881152.0,25.13,0.98,5.47,3.6,3.89,5.03,11.35,2.04,4.13,3.14,3.8,1.61,1.72,67.83,90.48,1.0,4.9,7.39,0.4,70.08,29.69,7.32,14.76,42.2,-29.5,16.5,11.55,10.99,-50.4,47.3,-14.6,7.32,14.76,-30.45,2.98,-40.8,-4.69,-0.44,53363105.0,4.71,8.66,15.91,9.4,9.1,False,6,,6.5,3.2,True,,1.61,0.59,-0.0,10.40999984741211,False,False,False,2.725777262780549,2.8116304296892887,3.1075877929758247,9.950220387824011,1.6448885960674946,5.875592511281422,1.2249674469066785,11.19813068338304,,,,6,False,9.1,,,n/d,n/d,,,,False,False,,,Em Alta,10.199999809265137,2.058823941900667,-31.916285981792115,False,False,False,sem sinal (Em Alta)
BRAP4,BOVA11+SMALL11+DIVO11,BOVA11,Basic Materials,35.13,35.45,33.333333333333336,,,1.0,DY5a=24.4%>=20,13.58,43.39,74.72,,False,125,Não,Fundo triplo,"Fundo triplo (pré-confirmação) — pescoço R$22.00, preço 2.9% abaixo do pescoço; falta fechar acima e segurar",False,4,6,False,,True,,False,False,False,True,,False,3,9,False,True,True,False,,,True,True,False,True,True,,True,8396544000.0,14.37,1.04,11.04,24.38,7.26,23.82,-0.47,0.0,-218.77,,,5.68,0.0,1.98,350.29,,2.86,-0.74,,4.4,95.6,15.0,25.49,42.4,-16.2,-3.5,21.92,20.95,-20.8,26.1,6.4,20.08,25.49,-9.45,1.64,34.8,-2.52,0.97,45136345.0,21.81,30.47,42.57,6.3,6.5,True,6,,-44.5,-48.8,True,,0.93,0.62,-0.1,21.360000610351562,False,False,False,37.86770744456841,71.21572077478511,20.330527889171126,26.208819877135724,44.59290315313479,15.342069641277186,10.949638726241739,,25.88194445525483,23.269673883153423,20.94270649483808,6,True,6.5,-1.9536240804752136,21.170148481699137,n/d,n/d,,,,False,False,,,Lateral,22.979999542236328,-7.049603847499086,-16.660158760174227,False,False,False,sem sinal (Lateral)
TTEN3,SMALL11,SMALL11,Bens de primeira necessidade,34.11,30.5,54.54545454545455,,,0.0,,35.06,35.78,23.75,10.27,True,126,Não,,,False,2,8,False,,True,,False,True,True,False,False,True,6,11,False,True,False,False,False,False,True,False,False,True,False,0.75,True,5234586112.0,8.91,1.05,1.74,0.96,11.76,18.41,4.0,3.22,16.7,7.48,18.7,1.36,1.03,0.83,8.53,-37.8,5.43,1.74,0.97,64.13,35.82,9.93,17.74,5.4,-41.0,-24.8,15.41,14.89,-44.0,38.7,-36.3,9.93,17.74,-52.15,2.44,-25.3,-3.19,-0.96,18623634.0,4.63,7.68,12.74,2.3,22.3,False,4,,33.6,28.1,True,,0.85,0.38,-0.0,10.470000267028809,False,False,False,0.729015587217745,1.3710196366062752,16.072119449767257,16.236949885563465,13.76519610124924,1.6797673510760482,11.285939147762724,,,,,4,False,22.3,,,n/d,n/d,,,,False,False,,,Lateral,11.960000038146973,-12.458192026469405,-41.5083771499629,False,False,False,sem sinal (Lateral)
CASH3,SMALL11,SMALL11,Comunicação,34.1,29.53,60.0,,,0.4,P/L=-5.71<2,0.88,49.01,83.4,2.05,False,127,Bandeira de alta,,,False,2,8,False,,False,,False,,False,True,True,True,6,10,False,False,False,False,True,True,False,False,False,False,True,-0.29,True,573986944.0,-5.71,1.34,0.0,0.0,-23.45,-3.01,-16.62,-20.31,-8.93,-1.12,-2.8,2.68,0.0,,,18.2,6.41,9.61,1.74,18.27,80.69,3.24,5.91,70.1,-6.8,20.5,4.12,4.22,-33.2,50.9,43.9,3.24,5.91,28.05,3.21,9.8,-4.85,0.35,9469078.0,3.47,6.63,12.69,,,True,0,,12.9,26.1,False,,0.87,0.3,0.04,5.510000228881836,False,False,False,,,,,,,,,,,,0,True,,,,n/d,n/d,,,Bandeira de alta,False,False,,,Em Alta,5.909999847412109,-6.7681832294027355,-8.166662851969397,False,True,False,"Bandeira de alta — mastro +50%, recuo 34%, bandeira 7d (candidato)"
MBRF3,BOVA11+DIVO11,BOVA11,Bens de primeira necessidade,33.63,37.96,9.090909090909092,,,0.0,,41.35,32.39,6.6,99.32,True,128,Não,,,False,1,8,False,,False,,False,False,False,False,False,False,1,11,False,False,False,False,False,False,True,False,False,True,True,4.46,False,23228289024.0,63.07,2.02,10.48,18.25,3.2,39.26,6.29,0.22,5.79,4.84,10.57,1.05,5.39,,1150.98,-51.3,10.29,2.68,0.43,89.92,7.97,14.52,27.52,14.8,-39.4,-0.4,18.24,18.29,-47.2,55.9,-15.1,14.52,22.33,-30.95,3.52,-32.7,-4.55,-0.75,90610349.0,5.29,10.79,22.02,12.0,45.1,False,4,,9.4,9.9,False,,0.96,0.3,0.02,16.670000076293945,False,False,False,22.124672448894685,32.4495195917122,2.819301318330988,7.005510053397984,,2.952219479501717,0.718921836174402,16.670000076293945,,,,4,False,45.1,,,n/d,n/d,,,,False,False,,,Lateral,18.760000228881836,-11.140725624140691,-39.732465046077714,False,False,False,sem sinal (Lateral)
JSLG3,SMALL11,SMALL11,Bens Industriais,32.64,35.19,18.181818181818183,,,0.7,P/L=-16.69<2,20.41,55.7,13.84,93.15,False,129,Não,Bandeira de alta,"Bandeira de alta (pré-confirmação) — pescoço R$6.25, preço 2.2% abaixo do pescoço; falta fechar acima e segurar",False,1,8,False,,True,,False,False,False,False,False,False,2,11,False,False,False,False,False,False,True,False,False,True,False,5.26,False,1743604224.0,-16.69,1.47,31.4,13.9,-8.83,13.19,9.68,-1.07,4.34,4.15,5.9,1.38,6.52,,,-44.0,3.48,4.78,0.43,89.08,10.92,3.88,8.64,57.5,-29.3,4.0,5.75,5.98,-44.7,58.7,0.8,4.78,8.64,-15.05,3.7,6.2,-5.48,0.44,5443457.0,3.63,7.66,16.16,,8.8,False,2,,17.0,6.5,True,2023,2.05,0.61,0.15,6.110000133514404,False,False,False,6.177593445986819,9.060470387447335,,,,,,54.43705967546224,,,,2,False,8.8,,,n/d,n/d,,,,False,False,,,Em Alta,6.190000057220459,-1.2924058637566072,-30.725619672074423,False,False,False,sem sinal (Em Alta)
MYPK3,SMALL11,SMALL11,Consumo discricionário,32.55,35.09,18.181818181818183,,,0.9,,23.93,53.65,28.51,52.05,False,130,Não,Fundo duplo,"Fundo duplo (pré-confirmação) — pescoço R$9.71, preço 2.8% abaixo do pescoço; falta fechar acima e segurar",False,1,8,False,,True,,False,False,False,False,True,False,2,11,False,False,False,False,False,False,True,False,False,False,True,0.95,True,1413826560.0,15.87,0.35,3.25,5.39,2.23,4.01,8.93,0.6,3.54,2.9,4.46,1.73,1.23,49.48,85.62,0.1,4.19,3.75,0.65,66.29,30.03,8.74,13.58,8.0,-30.5,1.7,9.82,9.94,-35.6,28.9,-3.9,8.74,11.05,-19.75,1.82,-33.7,-2.85,-1.6,7010392.0,4.53,6.55,9.48,7.0,11.0,False,6,,-3.2,0.2,False,2024,0.81,0.49,0.01,9.4399995803833,False,False,False,3.7039085240653447,3.8045242395996084,4.443574370620455,18.99943772470285,3.399887112460213,7.737280162643882,1.7400363749655599,19.216558420199704,,,,6,False,11.0,,,n/d,n/d,,,,False,False,,,Em Alta,9.989999771118164,-5.5055075409006005,-30.789790186576393,False,False,False,sem sinal (Em Alta)
CSNA3,BOVA11+SMALL11,BOVA11,Materiais,32.53,36.67,9.090909090909092,,,1.0,P/L=-3.16<2,15.09,75.63,7.61,94.52,False,131,Não,Bandeira de alta,"Bandeira de alta (pré-confirmação) — pescoço R$6.63, preço 5.7% abaixo do pescoço; falta fechar acima e segurar",False,2,8,False,,False,,False,False,False,False,True,False,1,11,False,False,False,False,False,False,True,True,False,False,False,3.31,False,8288087040.0,-3.16,0.68,0.0,15.41,-21.59,-7.63,8.07,-5.82,4.41,5.46,9.3,1.15,3.57,,,5.7,-60.54,2.17,0.39,84.35,12.8,4.28,10.89,46.0,-42.6,11.0,6.81,7.28,-60.7,56.5,-28.2,4.28,10.89,-44.05,3.56,-43.4,-6.06,-0.36,141017344.0,2.41,4.98,10.31,,1.8,True,2,,0.3,2.5,False,2024,1.66,0.51,-0.07,6.25,False,False,False,7.004990913971382,12.64705424794181,,,,,,,9.826022580956597,9.826022580956597,8.843420322860938,2,True,1.8,41.494725165775016,57.21636129530554,n/d,n/d,,,,False,False,,,Em Alta,7.190000057220459,-13.07371418274853,-44.78798437726413,False,False,False,sem sinal (Em Alta)
DXCO3,SMALL11,SMALL11,Materiais,31.83,32.63,27.272727272727273,,,1.0,P/L=-141.69<2,13.51,69.79,27.7,35.62,False,132,Não,Bandeira de alta,"Bandeira de alta (pré-confirmação) — pescoço R$5.54, preço 0.3% acima do pescoço; falta fechar acima e segurar",False,2,8,False,,True,,False,False,False,False,True,False,3,11,False,False,False,False,False,False,True,True,False,False,False,0.88,True,5047760896.0,-141.69,0.74,0.0,3.49,-0.52,6.92,4.35,-0.43,4.93,3.22,8.04,1.98,1.19,,,5.2,10.05,2.48,0.51,62.06,36.03,4.44,6.09,25.3,-8.7,9.7,5.0,5.07,-26.8,32.9,10.8,4.46,6.09,-5.05,2.07,-5.8,-3.39,-0.1,9480176.0,3.84,5.85,8.91,,4.4,True,2,,-0.9,0.2,False,,1.16,0.61,-0.07,5.559999942779541,False,False,False,1.410858237855581,2.3869081181966054,,,,,,6.144140887054194,1.898883178026093,1.898883178026093,1.708994860223484,2,True,4.4,-69.26268205374967,-65.8474245041663,n/d,n/d,,,,False,False,,,Em Alta,5.730000019073486,-2.9668425083431926,-10.61093038062263,False,False,False,sem sinal (Em Alta)
BRAV3,BOVA11+SMALL11,BOVA11,Energia,31.24,29.7,40.0,,,0.9,,21.94,58.91,19.68,11.64,False,133,Não,,,False,1,8,False,,False,,False,,False,False,False,True,4,10,False,False,False,False,False,False,True,False,False,False,False,1.17,True,8138795520.0,149.46,0.66,0.71,1.08,0.44,3.55,8.3,0.44,3.14,3.05,5.05,1.26,1.55,,161.39,-17.3,6.91,3.71,0.27,72.43,27.57,13.35,21.64,31.2,-19.0,-8.4,18.29,17.87,-29.3,37.8,5.7,15.6,21.64,-10.15,2.38,3.1,-4.07,-0.25,72744888.0,10.48,17.01,27.63,13.0,26.2,False,4,,89.0,33.2,True,2023,0.54,0.25,0.15,17.520000457763672,False,False,False,1.3759115535492388,2.018003611872217,1.2503680241055297,8.367407413019498,,1.6666666666666667,0.31884384614691014,,,,,4,False,26.2,,,n/d,n/d,,,,False,False,,,Em Baixa,18.920000076293945,-7.3995751209558485,-20.88510306039271,False,False,False,sem sinal (Em Baixa; sem novo topo (-7.4%))
PRNR3,SMALL11,SMALL11,Bens Industriais,31.0,31.66,27.272727272727273,,,0.7,,37.65,26.69,32.69,15.07,False,134,Não,Bandeira de alta,"Bandeira de alta (pré-confirmação) — pescoço R$18.09, preço 2.0% abaixo do pescoço; falta fechar acima e segurar",True,1,8,False,,False,,False,False,False,False,True,False,3,11,False,False,False,False,False,False,True,False,False,False,True,1.38,True,1010736832.0,23.05,2.11,0.0,1.69,9.17,4.0,10.43,2.55,5.84,2.44,3.22,1.85,1.76,4.12,38.93,27.8,5.07,6.01,0.64,70.26,25.54,14.63,21.97,21.2,-19.3,-2.6,17.78,17.86,-27.0,33.5,11.3,15.76,21.97,-4.55,2.11,3.6,-3.21,0.07,8536179.0,12.83,19.68,30.18,9.0,8.1,False,6,,24.3,42.1,False,2025,1.17,0.61,0.03,17.729999542236328,False,False,False,2.177617616421654,3.8798535389193876,9.967099802269813,12.059333089687284,5.606849013842497,5.534400399293724,4.849232120719166,17.729999542236328,,,,6,False,8.1,,,n/d,n/d,,,,False,False,,,Lateral,18.399999618530273,-3.641304837958814,-19.737440381324667,False,False,False,sem sinal (Lateral) · ⚡ cruzamento de médias (MM21>MM30) hoje
DESK3,SMALL11,SMALL11,Comunicação,30.96,31.61,27.272727272727273,,,0.4,,38.11,27.47,34.56,6.85,False,135,Não,,,False,3,8,False,,True,,False,False,False,False,False,False,3,11,False,True,True,False,False,False,True,False,False,False,True,0.9,True,2255528192.0,40.38,1.58,0.96,0.48,3.91,6.21,11.53,4.4,5.34,2.09,2.49,1.41,1.21,12.82,19.46,-50.0,11.41,6.52,0.32,62.73,36.49,8.0,19.45,142.4,-0.3,6.7,17.51,16.4,-28.0,58.5,15.7,13.18,19.45,-0.15,3.69,136.0,-3.69,1.58,11925764.0,22.02,47.19,101.12,11.0,28.8,False,4,,19.7,7.9,True,2023,0.59,0.17,0.16,19.399999618530273,False,False,False,0.6798818658004898,0.9096259146227507,4.674789669483952,11.520763983135277,1.7444927308987663,0.6735863113481517,2.2750944300772917,19.399999618530273,,,,4,False,28.8,,,n/d,n/d,,,,False,False,,,Em Alta,19.450000762939453,-0.2570752825082345,-0.9698853117799389,False,False,False,sem sinal (Em Alta)
LWSA3,SMALL11,SMALL11,Tecnologia de informação,30.74,32.96,18.181818181818183,,,0.5,P/L=-10.80<2,11.76,60.21,49.72,26.71,False,136,Não,Bandeira de alta,"Bandeira de alta (pré-confirmação) — pescoço R$4.06, preço 3.3% abaixo do pescoço; falta fechar acima e segurar",False,2,7,False,,False,,False,False,False,True,True,False,2,11,False,False,False,False,True,,True,False,False,False,True,,True,2205080832.0,-10.8,0.91,7.82,2.93,-8.41,-2.3,5.89,-13.29,5.61,,,1.18,0.03,,,108.1,10.91,-3.98,1.15,32.17,67.83,3.38,4.67,16.2,-15.8,2.2,3.87,3.89,-27.5,43.6,2.2,3.38,4.67,-13.65,2.75,-2.9,-4.42,-0.12,12858050.0,2.22,3.89,6.82,,1.9,True,2,,9.4,8.6,True,2024,1.28,0.51,0.05,3.930000066757202,False,False,False,0.8386886516871632,1.5772757546245681,,,,,,,1.2079822031558658,1.2079822031558658,1.0871839828402792,2,True,1.9,-72.33628589382296,-69.26253988202551,n/d,n/d,,,,False,False,,,Lateral,4.329999923706055,-9.237872147731863,-17.27666009771869,False,False,False,sem sinal (Lateral)
CAML3,SMALL11,SMALL11,Bens de primeira necessidade,28.52,30.35,18.181818181818183,,,0.0,,24.48,38.14,25.02,47.95,True,137,Não,Bandeira de alta,"Bandeira de alta (pré-confirmação) — pescoço R$5.42, preço 5.7% abaixo do pescoço; falta fechar acima e segurar",False,1,8,False,,True,,False,False,False,False,False,False,2,11,False,False,False,False,False,False,True,False,False,False,False,1.5,True,1742873984.0,16.22,0.6,5.74,4.68,3.69,8.66,5.74,0.99,7.96,5.55,13.3,1.87,1.99,18.22,75.87,-58.5,4.9,3.09,0.76,72.01,27.99,4.18,7.12,22.3,-28.2,0.9,5.32,5.44,-41.3,42.5,-4.0,4.18,7.12,-19.85,2.68,-6.5,-3.3,0.03,4039962.0,3.11,5.41,9.41,7.1,15.5,False,6,,2.9,-9.4,True,,1.38,0.57,0.07,5.110000133514404,False,False,False,1.7383090953365303,1.8752299647608095,2.4716950908378426,7.769822909022487,1.7541321153273297,1.9650371150886936,1.0364596169536162,0.5018678190655346,,,,6,False,15.5,,,n/d,n/d,,,,False,False,,,Em Alta,5.349999904632568,-4.485977110211681,-29.018166388484712,False,False,False,sem sinal (Em Alta)
EQTL3,BOVA11,BOVA11,Serviços públicos,28.34,26.92,36.36363636363637,,,0.1,,33.2,20.64,19.03,30.14,True,138,Não,Bandeira de alta,"Bandeira de alta (pré-confirmação) — pescoço R$40.33, preço 2.9% abaixo do pescoço; falta fechar acima e segurar",False,1,8,False,,True,,False,False,False,False,False,True,4,11,False,False,False,False,False,False,True,False,False,False,True,2.15,True,49209221120.0,51.47,1.89,4.03,3.15,3.67,8.85,9.18,1.75,8.2,4.81,7.2,1.57,2.27,,162.3,-54.9,23.74,4.62,0.33,74.15,23.5,33.78,45.35,16.0,-13.6,1.1,38.9,38.88,-24.5,25.6,2.3,34.23,45.35,-13.55,1.61,0.4,-2.88,0.07,384777882.0,31.86,44.25,61.46,11.6,20.8,False,5,,23.4,18.5,True,,1.2,0.82,0.02,39.16999816894531,False,False,False,8.982828368492504,13.174814940455674,8.117608583681434,18.838088119996666,,6.267048420977274,2.0699901888387657,43.09786681796083,,,,5,False,20.8,,,n/d,n/d,,,,False,False,,,Em Alta,40.099998474121094,-2.319202844299273,-15.436100114391504,False,False,False,sem sinal (Em Alta)
LJQQ3,SMALL11,SMALL11,Consumo discricionário,28.29,31.52,10.0,,,0.9,P/L=-1.30<2,6.43,86.59,12.63,44.52,False,139,Não,Bandeira de alta,"Bandeira de alta (pré-confirmação) — pescoço R$1.37, preço 3.6% abaixo do pescoço; falta fechar acima e segurar",False,0,8,False,,False,,False,,False,False,True,False,1,10,False,False,False,False,False,False,False,False,False,False,False,5.85,False,273130784.0,-1.3,0.88,0.0,4.15,-67.62,-9.94,2.03,-6.88,1.07,34.56,86.39,1.77,7.9,,,8.8,18.86,-0.01,0.82,89.26,10.74,0.96,2.83,37.5,-53.4,1.1,2.04,1.86,-66.1,62.4,-37.1,0.96,2.65,-52.95,3.93,-62.2,-6.16,-1.1,2551386.0,0.28,0.62,1.41,,1.9,True,2,,6.4,4.6,True,2025,2.04,0.57,-0.04,1.3200000524520874,False,False,False,0.3984218640625932,0.7492901508015867,,,,,,,0.57385600743209,0.57385600743209,0.516470406688881,2,True,1.9,-60.873455593470325,-56.52606177052258,n/d,n/d,,,,False,False,,,Em Alta,1.3700000047683716,-3.6496315432303805,-54.00696497954917,False,False,False,sem sinal (Em Alta)
MRVE3,BOVA11+SMALL11,BOVA11,Consumo discricionário,27.91,31.07,10.0,,,0.9,P/L=-5.31<2,14.42,68.43,25.71,23.29,False,140,Não,Bandeira de alta,"Bandeira de alta (pré-confirmação) — pescoço R$5.70, preço 4.7% abaixo do pescoço; falta fechar acima e segurar",False,1,8,False,,False,,False,,False,False,True,False,1,10,False,False,False,False,False,False,True,False,False,False,False,1.18,True,3056190976.0,-5.31,0.67,0.0,2.69,-12.58,-7.71,6.84,-4.93,5.41,3.03,6.1,1.89,1.69,,,10.7,3.18,3.75,0.89,78.42,18.67,4.2,10.43,29.3,-47.9,0.3,7.38,7.0,-59.7,48.7,-29.7,4.2,10.43,-45.55,3.06,-35.4,-5.01,-0.72,73982908.0,2.09,3.89,7.27,,2.5,True,3,,18.0,21.1,False,"2024, 2025",1.6,0.57,0.07,5.429999828338623,False,False,False,1.0609664255253317,1.9953013744557047,,,,,,2.6782201255279756,1.9114959751696705,1.9953013744557047,1.7957712370101342,3,True,2.5,-66.92870545523436,-64.79749474035404,n/d,n/d,,,,False,False,,,Em Alta,5.809999942779541,-6.540449538440507,-48.43304875558177,False,False,False,sem sinal (Em Alta)
DASA3,SMALL11,SMALL11,Cuidados de saúde,27.8,32.7,0.0,,,0.2,P/L=-4.01<2,17.22,78.04,23.09,8.22,True,141,Bandeira de alta,,,False,2,8,False,,False,,False,,False,False,False,False,0,10,False,False,False,False,False,False,True,True,False,False,True,0.98,True,3587002368.0,-4.01,0.53,0.0,0.8,-13.13,-13.32,7.28,-9.6,4.25,4.54,8.58,1.27,1.12,,,-9.8,12.59,3.53,0.48,62.87,36.98,1.29,4.6,122.5,-37.6,2.1,2.91,2.94,-54.1,86.7,-35.9,2.11,4.52,-51.75,5.46,60.9,-7.15,1.16,2641889.0,2.06,6.21,18.72,,1.5,True,2,,-5.2,-27.1,True,2023,1.95,0.39,0.08,2.869999885559082,False,False,False,0.16784545513710397,0.24617333420108584,,,,,,,0.2070093946690949,0.2070093946690949,0.18630845520218542,2,True,1.5,-93.50841593619464,-92.78712881799404,n/d,n/d,,,Bandeira de alta,False,False,,,Em Alta,2.8299999237060547,1.4134262519924334,-39.83228727389596,False,True,False,"Bandeira de alta — mastro +45%, recuo 44%, bandeira 7d (candidato)"
MGLU3,BOVA11+SMALL11,BOVA11,Consumo discricionário,27.46,30.54,10.0,,,0.9,,18.6,64.85,20.18,19.18,False,142,Não,Bandeira de alta,"Bandeira de alta (pré-confirmação) — pescoço R$5.87, preço 1.4% abaixo do pescoço; falta fechar acima e segurar",False,1,8,False,,False,,False,,False,True,False,False,1,10,False,False,False,False,False,False,True,False,False,False,False,0.6,True,4491203584.0,50.76,0.4,1.4,2.36,0.79,-2.27,6.07,0.23,2.75,4.67,10.57,1.1,0.76,,119.58,-2.6,7.15,1.9,0.75,70.25,29.75,3.88,11.0,49.2,-47.3,6.6,8.34,7.64,-64.7,60.4,-33.8,3.88,11.0,-49.65,3.81,-56.4,-5.91,-0.71,150459079.0,1.66,3.6,7.8,11.6,19.6,False,3,,1.2,1.7,False,2024,2.05,0.59,0.02,5.789999961853027,False,False,False,0.9920389448126912,1.454990452391947,1.2167060597537227,6.095074488561998,,0.417266685,0.31026004523719936,,,,,3,False,19.6,,,n/d,n/d,,,,False,False,,,Em Alta,5.940000057220459,-2.525254106438879,-49.4091340165434,False,False,False,sem sinal (Em Alta)
ORVR3,SMALL11,SMALL11,Bens Industriais,27.23,19.68,70.0,,,0.7,,21.23,8.85,38.56,2.05,False,143,Não,Bandeira de alta,"Bandeira de alta (pré-confirmação) — pescoço R$17.58, preço 3.8% abaixo do pescoço; falta fechar acima e segurar",False,2,8,False,,False,,False,,False,True,True,True,7,10,False,False,False,False,True,False,True,False,False,False,False,0.16,True,9294095360.0,184.94,1.92,0.0,0.0,1.04,-2.35,3.71,3.35,21.01,4.88,12.21,2.38,0.74,177.83,,135.8,15.06,2.86,0.49,63.86,33.58,13.27,20.97,27.5,-19.3,-7.9,17.51,17.27,-26.3,28.8,-2.5,15.45,20.97,-18.35,1.82,10.4,-2.99,0.28,39034693.0,13.95,20.18,29.18,,1.0,True,1,,18.8,16.3,True,,1.07,0.65,0.02,16.920000076293945,False,False,False,,,,,,,,1.0026225406298073,1.0026225406298073,1.0026225406298073,0.9023602865668265,1,True,1.0,-94.66690140367615,-94.0743348929735,n/d,n/d,,,,False,False,,,Lateral,17.6299991607666,-4.027221317472729,-20.282686585646516,False,False,False,sem sinal (Lateral)
HBOR3,SMALL11,SMALL11,Imobiliário,27.05,27.01,27.272727272727273,,,0.8,,13.94,35.67,38.19,41.78,False,144,Bandeira de alta,,,False,1,8,False,,True,,False,False,False,True,False,False,3,11,False,False,False,False,False,False,False,True,False,False,False,1.25,True,295906752.0,65.5,0.21,5.97,3.93,0.31,3.0,2.16,0.41,13.56,15.28,38.21,2.55,0.72,,257.53,-64.6,2.4,1.03,0.81,57.57,22.01,1.68,4.23,32.7,-47.3,5.1,2.46,2.61,-60.3,68.8,-10.8,1.68,3.33,-26.65,4.33,-47.6,-5.78,-0.48,1187340.0,0.58,1.44,3.59,12.0,30.8,False,4,,7.6,-11.2,True,2025,1.58,0.4,0.08,2.2300000190734863,False,False,False,0.6376579080166425,0.9352315984244091,0.36315521939110207,2.8521070914449327,,0.26415074528231325,0.09260458094473104,,,,,4,False,30.8,,,n/d,n/d,,,Bandeira de alta,False,False,,,Em Alta,2.2300000190734863,0.0,-47.5840817778567,False,True,False,"Bandeira de alta — mastro +40%, recuo 35%, bandeira 7d (candidato)"
SOJA3,SMALL11,SMALL11,Bens de primeira necessidade,26.82,26.74,27.272727272727273,,,0.0,,28.78,27.87,13.92,40.41,True,145,Não,Bandeira de alta,"Bandeira de alta (pré-confirmação) — pescoço R$7.56, preço 0.2% abaixo do pescoço; falta fechar acima e segurar",False,3,8,False,,True,,False,False,False,False,False,False,3,11,False,False,False,False,True,False,True,True,False,True,True,0.66,True,1065017408.0,46.18,0.8,3.75,3.84,1.73,13.98,5.66,0.89,9.97,4.7,11.43,0.95,1.47,,177.42,-0.4,7.66,2.47,1.35,45.47,36.89,4.98,10.46,51.6,-27.8,19.1,7.92,7.67,-52.4,45.5,-15.5,4.98,9.02,-31.35,2.87,-37.4,-3.72,-0.72,6203858.0,3.15,5.64,10.09,11.3,13.2,False,5,,14.2,42.9,False,2023,0.9,0.34,0.04,7.550000190734863,False,False,False,2.1095794596367052,3.0940498741338343,1.7439007225603844,5.892047832761496,,1.0522259290281606,0.444694684252898,1.5575875401493897,,,,5,False,13.2,,,n/d,n/d,,,,False,False,,,Em Alta,8.100000381469727,-6.790125491760368,-27.791081309254785,False,False,False,sem sinal (Em Alta)
CVCB3,SMALL11,SMALL11,Consumo discricionário,25.75,23.24,40.0,,,0.9,P/L=-5.66<2,10.66,57.29,19.56,2.05,False,146,Não,,,False,2,8,False,,False,,False,,False,False,False,True,4,10,False,False,False,False,False,True,True,False,False,False,True,1.13,True,739533952.0,-5.66,2.31,0.0,0.0,-40.86,-60.02,5.9,-8.94,2.43,1.33,3.11,0.68,1.67,,,-4.5,9.79,4.12,0.67,87.19,12.81,1.08,2.72,31.5,-47.8,-9.2,1.89,1.87,-60.3,70.3,-35.5,1.08,2.72,-51.35,4.43,-25.9,-6.65,-0.35,23483324.0,0.41,1.0,2.45,,1.0,True,1,,6.8,4.8,True,2023,1.13,0.28,-0.07,1.4199999570846558,False,False,False,,,,,,,,3.7196535573715095,3.7196535573715095,3.7196535573715095,3.3476882016343588,1,True,1.0,135.75269738087607,161.94744153430673,n/d,n/d,,,,False,False,,,Lateral,1.8799999952316284,-24.468087197537336,-49.10394349462507,False,False,False,sem sinal (Lateral)
HBSA3,SMALL11,SMALL11,Bens Industriais,25.13,26.03,20.0,,,0.7,P/L=-25.17<2,24.19,25.11,43.29,2.05,False,147,Não,Fundo duplo,"Fundo duplo (pré-confirmação) — pescoço R$3.72, preço 11.0% abaixo do pescoço; falta fechar acima e segurar",False,2,8,False,,False,,False,,False,False,True,False,2,10,False,False,False,False,True,False,True,False,False,False,False,1.2,True,4502866432.0,-25.17,2.15,0.0,0.0,-8.56,-15.0,11.14,-5.52,7.66,3.09,3.81,3.26,1.56,,,68.3,11.03,5.08,0.41,66.67,33.33,2.98,4.38,11.1,-24.4,-1.0,3.67,3.65,-32.0,35.9,-6.5,2.98,4.38,-22.35,2.26,-1.2,-3.34,-0.27,6047890.0,2.04,3.23,5.12,,1.0,True,1,,8.2,56.5,False,"2024, 2025",0.72,0.35,0.04,3.309999942779541,False,False,False,,,,,,,,1.9927454770703004,1.9927454770703004,1.9927454770703004,1.7934709293632705,1,True,1.0,-45.816587300082546,-39.79620811120282,n/d,n/d,,,,False,False,,,Lateral,3.549999952316284,-6.760563739730452,-24.601365752902538,False,False,False,sem sinal (Lateral)
KLBN11,BOVA11,BOVA11,Materiais,22.81,25.23,9.090909090909092,,,1.0,,21.9,19.27,19.92,65.75,False,148,Bandeira de alta,,,False,2,8,False,,True,,False,False,False,False,False,False,1,11,False,True,False,False,False,False,True,False,False,True,False,0.49,True,139491983360.0,43.65,2.58,5.92,7.1,5.92,28.81,5.45,0.86,6.5,3.99,9.97,2.0,2.3,,309.96,-51.7,11.46,2.09,0.37,77.43,12.36,16.08,21.02,22.1,-6.6,11.5,17.67,17.97,-23.4,20.2,2.8,16.1,21.02,-13.05,1.27,3.8,-1.97,0.1,87380355.0,17.4,22.54,29.2,11.2,12.2,False,6,,1.1,5.4,False,,0.56,0.48,0.02,19.6299991607666,False,False,False,10.137545733647213,14.868400409349245,4.796945193925401,8.774241084644505,,11.016666666666667,1.2232210244509774,8.759583260544215,,,,6,False,12.2,,,n/d,n/d,,,Bandeira de alta,False,False,,,Em Alta,19.610000610351562,0.10198138598978002,-7.623533361098344,False,True,False,"Bandeira de alta — mastro +17%, recuo 14%, bandeira 7d (candidato)"
CSAN3,BOVA11+SMALL11,BOVA11,Consumo discricionário,20.89,22.97,9.090909090909092,,,0.9,P/L=-1.64<2,15.76,36.51,22.82,21.92,False,149,Não,,,False,1,8,False,,False,,False,False,False,False,True,False,1,11,False,False,False,False,False,False,True,False,False,False,True,8.46,False,14477647872.0,-1.64,2.93,0.0,2.53,-1.79,-64.7,8.59,-22.18,4.68,2.9,4.64,1.67,1.91,,,2.8,6.17,5.56,0.41,77.05,3.93,3.13,8.0,17.3,-54.1,-6.5,5.27,5.09,-60.9,50.7,-30.1,3.13,6.8,-45.95,3.19,-54.4,-4.91,-1.41,140425120.0,0.93,1.81,3.5,,4.0,True,2,,0.9,-8.0,True,2024,1.87,0.65,-0.02,3.6700000762939453,False,False,False,0.6764081109073979,0.8731533011576319,,,,,,2.693020052246885,0.7747807060325149,0.7747807060325149,0.6973026354292634,2,True,4.0,-80.99992858492209,-78.88880953880232,n/d,n/d,,,,False,False,,,Lateral,3.9700000286102295,-7.556673807413161,-54.29638607302913,False,False,False,sem sinal (Lateral)
AURE3,BOVA11+SMALL11,BOVA11,Serviços públicos,20.78,21.24,18.181818181818183,,,0.1,P/L=-11.51<2,12.79,25.48,11.34,68.49,True,150,Bandeira de alta,,,False,2,8,False,,False,,False,False,False,False,True,False,2,11,False,False,False,False,False,False,True,True,False,False,False,1.74,True,12472942592.0,-11.51,1.09,0.0,7.48,-9.47,2.89,2.64,-8.09,12.25,6.49,16.23,1.12,1.85,,,5.9,-82.34,2.04,0.26,71.73,25.67,10.05,14.61,18.8,-18.3,1.2,11.65,11.74,-31.2,32.7,2.7,10.05,14.61,-13.15,2.06,-5.7,-2.98,0.08,31761243.0,8.77,13.32,20.22,,2.8,True,3,,33.7,63.5,False,,1.15,0.62,0.1,11.9399995803833,False,False,False,6.49555372814974,12.04883843618094,,,,,,4.248564630530573,7.5976522649537515,6.49555372814974,5.845998355334766,3,True,2.8,-51.03853801687406,-36.36806924653301,n/d,n/d,,,Bandeira de alta,False,False,,,Em Alta,12.140000343322754,-1.6474526959091684,-18.55389014556479,False,True,False,"Bandeira de alta — mastro +23%, recuo 35%, bandeira 7d (candidato)"
ENEV3,BOVA11,BOVA11,Serviços públicos,20.32,18.61,30.0,,,0.1,,26.86,7.69,21.96,2.05,True,151,Bandeira de alta,,,False,1,8,False,,True,,False,,False,False,False,False,3,10,False,False,False,False,False,False,True,False,False,False,True,1.17,True,52722417664.0,55.67,2.63,0.0,0.0,4.73,2.64,5.85,5.03,12.67,3.9,9.18,1.28,1.2,11.77,,-91.5,30.91,4.12,0.26,62.34,34.87,15.85,27.69,73.9,-0.5,6.4,23.18,22.65,-13.5,35.1,37.7,19.82,27.69,21.85,2.21,57.7,-2.95,1.35,301237795.0,30.64,47.82,74.61,11.7,6.2,True,4,,44.3,61.7,False,2025,1.13,0.56,0.01,27.559999465942383,False,False,False,,,5.748076633224982,10.803935405775215,2.3416345872805366,,2.8452097885874634,14.57433656673937,5.43471410371705,4.296643210906223,3.8669788898156003,4,True,6.2,-85.96887168087841,-80.28042739829125,n/d,n/d,,,Bandeira de alta,False,False,,,Em Alta,27.690000534057617,-0.4694874164243412,-2.095915312906471,False,True,False,"Bandeira de alta — mastro +15%, recuo 21%, bandeira 7d (candidato)"
TUPY3,SMALL11,SMALL11,Bens Industriais,19.4,22.82,0.0,,,0.7,P/L=-2.71<2,5.99,43.56,27.33,37.67,False,152,Não,Bandeira de alta,"Bandeira de alta (pré-confirmação) — pescoço R$16.05, preço 1.3% abaixo do pescoço; falta fechar acima e segurar",False,2,8,False,,False,,False,False,False,False,False,False,0,11,False,False,False,False,False,False,True,True,False,False,False,0.83,True,2077407488.0,-2.71,0.92,0.0,3.58,-33.8,2.01,1.49,-8.26,8.58,3.88,9.69,2.16,1.72,,,-5.8,5.6,1.31,0.87,73.24,26.66,11.34,16.19,39.7,-2.2,8.3,13.06,13.47,-23.4,39.2,36.2,11.34,16.19,20.35,2.47,-1.7,-3.91,0.03,6824100.0,10.34,17.05,28.11,,1.6,True,3,,-1.6,-9.1,True,2025,1.2,0.54,0.05,15.84000015258789,False,False,False,4.12607958036162,6.051583384530376,,,,,,6.612854714710133,5.596839226534044,6.051583384530376,5.446425046077339,3,True,1.6,-65.61600382821007,-64.66641936477728,n/d,n/d,,,,False,False,,,Em Alta,16.010000228881836,-1.061836813638939,-3.9999990752249026,False,False,False,sem sinal (Em Alta)
MOVI1,SMALL11,SMALL11,Bens Industriais,,,,,,0.7,,,,,,False,153,Não,,,False,0,0,False,,,,,,,,,,0.0,0.0,,,,,,,,,True,True,True,,True,,,,,,,,,,,,,,,,,,,,,,,,,,,,,,,,,,,,,,,,,,,,,,True,0,,,,,,,,,,,False,False,,,,,,,,,,,,0,True,,,,n/d,n/d,,,,False,False,,,,,,,False,False,False,histórico insuficiente
