ticker,origem,grupo,setor,investment,investment_base,consistencia,basileia,solvencia,ciclicidade,dado_suspeito,quality,value,safety,dividend,regulado,rank_invest,oportunidade_grafica,candidato_padrao,candidato_nota,virada_alta,criterios_ok,criterios_aplicaveis,passa_checklist,mais_5a_bolsa,sem_prejuizo_anual,lucro_20t,div_ge5_5a,div_sem_corte,roe_ge_10,divida_menor_patrim,cresc_receita_5a,cresc_lucro_5a,n_ok,n_aplic,roe_roic_ge_selic,roe_ge_setor,roic_ge_setor,margem_ge_15,cagr_ge_setor,divida_ok,marketcap_ok,insider_ok,margem_ok,roe_ok,alavancagem_ok,div_liq_patrim,nde_ok,market_cap,pl,pvp,dy,dy_teto,roe,roe_medio,roic,mrg_liq,ev_ebitda,div_liq_ebitda,lev_roic_adj,liq_corr,div_patrim,peg,payout,cresc_5a,pl_fut,roa,liq_geral,grau_endiv,indep_fin,min_52s,max_52s,dist_min52,dist_max52,dist_mm100,mediana_1a,media_1a,max_drawdown,vol_anual,ret_ytd,min_ytd,max_ytd,rel_ibov_ytd,desvio_padrao,momentum_12_1,var_95,sharpe,liquidez_media,preco_p10_1a,preco_p50_1a,preco_p90_1a,g_implicito,teto_dispersao,teto_confiavel,teto_n_metodos,cagr_5a,cagr_3a,cagr_1a,desacelerando,anos_atipicos,beta,corr_ibov,corr_usd,close,div_ge5_5a,divo_qualidade_ok,auvp_ok,teto_bazin,teto_gordon,teto_dcf,teto_graham,teto_lynch,teto_projetivo,teto_graham_selic,teto_mult_ebitda,teto_medio,teto_mediana,teto_ajustado,teto_n_metodos,teto_confiavel,teto_dispersao,teto_upside_pct,teto_upside_media_pct,prox_resultado,ex_dividendo,ex_tipo,tese_ia,strategy,in_wishlist,in_carteira,preco_medio,var_pm_pct,trend,breakout_level,pct_to_level,dist_52w_high_pct,fund_ok,breakout,aprovado,note
JHSF3,SMALL11+DIVO11+AUVP11,SMALL11,Imobiliário,77.05,74.6,90.9090909090909,,,0.8,,86.69,78.78,44.52,69.86,False,1,Não,Bandeira de alta,"Bandeira de alta (pré-confirmação) — pescoço R$12.70, preço 4.8% acima do pescoço; falta fechar acima e segurar",False,7,8,False,,True,,False,True,True,True,True,True,10,11,True,True,True,True,True,True,True,False,True,True,True,0.34,True,8752395264.0,4.27,1.21,5.64,8.25,28.4,16.71,13.12,52.59,5.52,1.22,1.27,1.73,0.86,0.28,35.23,90.2,10.5,7.25,0.72,61.6,36.26,5.49,13.68,142.5,-2.7,21.9,9.97,9.44,-27.9,39.2,81.5,7.33,13.68,53.05,2.47,105.8,-3.74,1.98,50976105.0,18.63,30.72,50.66,-7.8,9.1,False,6,,21.6,116.4,False,2025,1.22,0.6,0.06,13.3100004196167,False,False,True,7.986396382722368,15.019577713313355,42.63383076163391,27.77555243881017,72.47376031772438,19.57807411896471,38.40262416151704,25.864416136424612,,,,6,False,9.1,,,n/d,2026-10-29,próxima,,,False,False,,,Em Alta,12.899999618530273,3.1783008776021804,-4.762572112609753,True,False,False,sem sinal (Em Alta)
VULC3,SMALL11+DIVO11,SMALL11,Consumo discricionário,76.89,77.63,72.72727272727273,,,0.9,,87.38,62.47,65.5,95.89,False,2,Não,,,False,6,8,False,,True,,False,False,True,True,False,True,8,11,True,True,True,True,False,True,True,False,True,True,True,0.25,True,4856185856.0,5.29,1.85,18.62,15.42,35.06,31.82,17.83,24.89,7.0,0.76,0.59,2.96,0.37,0.82,81.58,-64.7,7.04,11.45,1.64,37.42,62.57,12.98,20.08,19.1,-23.0,9.8,16.48,16.42,-35.4,27.3,-22.4,12.98,19.91,-50.85,1.72,-20.4,-3.0,-0.64,31728729.0,10.11,14.35,20.37,-4.3,6.1,True,7,,12.0,16.8,False,2025,0.84,0.59,0.14,15.460000038146973,False,False,False,17.339241308303947,32.6089602669071,39.97219352505833,23.441589122790543,63.943453469914765,48.392171411497095,20.028890861706703,10.551292815317229,35.103785709454066,32.6089602669071,29.348064240216388,7,True,6.1,89.83223911902417,127.06200273503741,n/d,2025-12-23,última,,,False,False,,,Em Alta,14.90999984741211,3.688800780439472,-23.57787980216164,True,False,False,sem sinal (Em Alta)
POMO3,SMALL11+DIVO11,SMALL11,Bens Industriais,74.72,75.07,72.72727272727273,,,0.7,,79.77,78.51,52.5,90.41,False,3,Não,,,False,5,8,False,,True,,False,False,True,True,False,True,8,11,True,True,True,False,False,True,True,False,True,True,True,0.44,True,5524204032.0,4.63,1.31,20.77,12.75,28.32,24.74,18.39,13.19,4.83,1.29,0.96,1.94,0.81,0.4,59.02,-14.0,,8.76,1.02,59.93,39.42,3.73,6.43,19.3,-30.8,-5.8,5.38,5.23,-42.0,35.7,-16.1,3.73,6.43,-44.55,2.25,-26.6,-3.36,-0.96,9347201.0,2.15,3.41,5.39,-6.5,5.7,True,7,,18.7,5.4,True,,0.89,0.48,0.06,4.449999809265137,False,False,False,4.125208644069489,7.758053675782297,13.145683265717395,8.57087395022306,23.406332454538585,11.078201557796135,9.753738173364665,6.609615637599655,8.7201964149361,8.57087395022306,7.7137865552007545,7,True,5.7,73.34352552420877,95.95947839773353,n/d,2026-08-26,última,,,False,False,,,Em Alta,4.429999828338623,0.4514668555645196,-31.0250875889839,True,False,False,sem sinal (Em Alta)
PSSA3,BOVA11+AUVP11,BOVA11,Insurance,74.23,73.6,77.77777777777777,,1.8,0.3,,75.94,56.61,100.0,52.74,False,4,Não,,,False,4,6,False,,True,,False,False,True,,True,True,7,9,True,False,True,,True,,True,False,True,True,True,,True,34331549696.0,9.4,2.15,5.6,5.6,22.84,17.35,79.28,8.13,,,,,,0.87,52.68,0.3,8.65,6.06,,71.59,28.18,42.6,54.85,25.7,-2.4,6.8,47.71,48.16,-16.1,26.3,16.9,43.79,54.85,-11.55,1.66,14.7,-2.69,0.34,93508953.0,46.24,64.88,91.05,2.8,3.6,True,4,,20.5,17.0,True,2023,0.72,0.52,0.03,53.560001373291016,False,False,True,21.83165547795779,41.057597237578676,77.93219142853599,56.513041547183676,93.51169599146148,47.497989629845996,54.9075530440378,,47.07985844347961,44.27779343371233,39.8500140903411,4,True,3.6,-25.59743639175247,-12.098847579647165,2026-11-05,2026-09-24,última,,,False,False,,,Em Alta,52.650001525878906,1.7283947218212692,-2.5272654321088273,True,False,False,sem sinal (Em Alta)
MDNE3,SMALL11+DIVO11,SMALL11,Imobiliário,73.74,70.71,90.9090909090909,,,0.8,,72.31,72.55,60.09,80.14,False,5,Não,,,False,7,8,False,,True,,False,True,True,True,True,True,10,11,True,True,True,True,True,True,True,False,True,True,True,0.24,True,3122715136.0,5.63,1.37,12.83,9.35,24.38,16.15,10.98,21.43,5.35,0.91,1.13,2.38,0.48,0.49,52.62,19.5,4.73,6.4,1.12,72.76,27.27,20.62,34.28,46.6,-11.8,15.9,25.91,26.8,-33.9,47.8,31.5,22.65,34.28,3.05,3.01,13.9,-5.11,0.53,43605767.0,21.64,39.84,73.35,-3.4,5.5,True,7,,43.4,50.1,False,,1.66,0.67,0.11,30.239999771118164,False,False,False,20.55651091447562,38.65950278432028,73.46450411364293,51.64860091270731,112.24453744039504,25.18480240328003,54.315278976072356,59.024807565560835,59.220290599425546,54.315278976072356,48.883751078465124,7,True,5.5,61.65261722373876,95.83429579250887,n/d,2026-01-02,última,,,False,False,,,Em Alta,30.219999313354492,0.06618285313737537,-11.785295075969005,True,False,False,sem sinal (Em Alta)
POMO4,BOVA11+SMALL11+DIVO11+AUVP11+Carteira,BOVA11,Bens Industriais,73.57,73.72,72.72727272727273,,,0.7,,79.77,75.85,52.5,83.56,False,6,Não,,,False,5,8,False,,True,,False,False,True,True,False,True,8,11,True,True,True,False,False,True,True,False,True,True,True,0.44,True,5995933696.0,5.03,1.42,19.13,10.24,28.32,24.74,18.39,13.19,5.14,1.29,0.96,1.94,0.81,0.37,51.51,-14.0,5.1,8.76,1.02,59.93,39.42,3.93,6.89,22.8,-29.9,-3.3,5.69,5.62,-42.9,36.2,-14.3,3.93,6.81,-42.75,2.28,-32.7,-3.25,-1.15,76199747.0,2.15,3.42,5.47,-5.1,6.4,True,7,,18.7,5.4,True,,0.99,0.53,0.06,4.829999923706055,False,False,True,3.597166702973775,6.7649941543022925,13.133585375818425,8.5725537776598,23.019797869603195,11.447571432653394,11.051265627860408,6.597004880861766,11.512396159822753,11.051265627860408,9.946139065074368,7,True,6.4,105.92420749859359,138.3518911319009,n/d,2026-08-26,última,"A Marcopolo (POMO4) apresenta-se como uma opção robusta no setor de bens industriais, ostentando um retorno sobre o patrimônio líquido de 28,3% e um retorno sobre o capital investido de 18,4%, ambos significativamente acima das médias setoriais de 10,8% e 13,3%, respectivamente. Essa elevada qualidade operacional convive com múltiplos de preço bastante atrativos, evidenciados pelo preço sobre lucro de 5,03 e preço sobre valor patrimonial de 1,42, o que sugere uma forte relação de valor para o acionista. A excelente rentabilidade é acompanhada por um endividamento controlado, visto que a relação entre dívida líquida e EBITDA de 1,29 vezes situa-se bem abaixo da média dos pares de 2,38 vezes, garantindo conforto financeiro junto a uma liquidez corrente de 1,94. O expressivo rendimento de dividendos de 19,13% mostra-se coerente com a forte geração de lucro e a desalavancagem, embora a sustentabilidade de longo prazo demande atenção devido ao histórico de crescimento. Sob a ótica de expansão, a receita aponta uma contração de 14% na média de cinco anos, muito abaixo do setor, e a análise das janelas temporais mais recentes revela que o avanço desacelerou de 18,7% em três anos para apenas 5,4% no último ano, um sinal de alerta explícito que exige monitoramento. Diante disso, o checklist de critérios fundamentalistas atende a 5 de 8 requisitos, penalizado pela margem líquida de 13,19% (abaixo do sarrafo de 15%), pelas vendas de papéis por parte de iniciados e pelo fraco desempenho histórico de receita frente aos pares. No campo do valuation, o preço atual de R$ 4,83 embute uma taxa de crescimento implícito de -5,1% ao ano, patamar bastante conservador que desconta o histórico recente, enquanto as estimativas de preço-teto revelam alta dispersão, variando de R$ 3,60 pelo método de Bazin até R$ 23,02 por Lynch, resultando em uma média de R$ 11,51 e um expressivo potencial de valorização de 105,9% contra o preço-teto ajustado de R$ 9,95. Como prós, destacam-se os retornos altamente competitivos, o endividamento saudável e o valuation descontado com margem de segurança atraente; como contras, pesam a clara desaceleração recente na receita, a margem líquida abaixo do patamar ideal e o histórico de contração de longo prazo que merece checagem manual para identificar possíveis eventos contábeis não recorrentes.

Gatilho de falseamento: margem líquida abaixo de 10% no fechamento do próximo resultado anual.",,False,True,4.45,8.54,Em Alta,4.75,1.6842089201274613,-30.97881499282451,True,False,False,sem sinal (Em Alta)
CURY3,BOVA11+SMALL11+DIVO11+AUVP11,BOVA11,Consumo discricionário,72.44,70.79,81.81818181818181,,,0.9,,89.4,42.71,56.92,84.93,False,7,Não,Fundo duplo,"Fundo duplo (pré-confirmação) — pescoço R$33.66, preço 6.5% abaixo do pescoço; falta fechar acima e segurar",False,6,8,False,,True,,False,False,True,True,True,True,9,11,True,True,True,True,False,True,True,False,True,True,True,-0.13,True,9697337344.0,8.83,5.86,13.23,10.41,66.38,57.38,37.72,17.89,5.69,-0.15,-0.06,1.92,0.66,1.64,91.91,8.2,6.73,16.3,0.91,70.61,24.44,26.99,40.16,16.6,-21.6,1.3,31.76,31.9,-32.0,41.8,5.0,27.3,40.16,-23.45,2.63,12.1,-3.95,0.09,144036519.0,20.11,34.33,58.59,2.2,2.7,True,8,,33.7,37.5,False,,1.22,0.56,0.06,31.479999542236328,False,False,True,23.83135186804692,41.192444575860776,44.81673382476738,20.758540544682898,56.24785966455361,51.901402017563605,21.945368839455863,27.865848491138593,36.06994372825871,34.529146533499684,31.076231880149717,8,True,2.7,-1.282616480171428,14.580509062155823,n/d,2026-08-17,última,,,False,False,,,Lateral,32.27000045776367,-2.448097007501848,-21.785770418689367,True,False,False,sem sinal (Lateral)
MILS3,SMALL11,SMALL11,Bens Industriais,72.38,70.71,81.81818181818181,,,0.7,,84.31,63.47,57.83,53.42,False,8,Não,,,False,6,8,False,,True,,False,True,True,True,True,True,9,11,True,True,True,True,False,True,True,False,True,True,True,0.65,True,3670385408.0,8.41,2.0,5.26,5.67,23.81,18.37,20.65,23.53,4.96,1.28,0.85,2.98,0.99,0.68,47.7,21.3,8.65,11.12,0.54,61.6,38.32,10.3,16.11,56.4,0.0,3.9,13.44,13.65,-15.0,26.4,27.3,12.01,16.11,-1.15,1.66,52.7,-1.84,1.28,13683752.0,17.97,25.01,34.8,1.7,5.2,True,7,,18.9,16.7,True,,0.57,0.41,0.06,16.110000610351562,False,False,False,6.645327155023629,12.497502359286372,26.200146748452536,18.632615421884065,34.718745721351254,12.175432985274739,20.476872730861988,23.064576680059865,21.109413235310114,20.476872730861988,18.42918545777579,7,True,5.2,14.395932709859881,31.032976012093716,n/d,2026-04-22,última,,,False,False,,,Em Alta,16.079999923706055,0.1865714352478287,-1.226234593130715,True,False,False,sem sinal (Em Alta)
ABCB10,SMALL11,SMALL11,Produtos financeiros,71.24,74.99,50.0,,,0.4,,74.34,76.16,,,False,9,Não,,,False,1,3,False,,,,,,True,,False,,1,2,True,False,,,False,,,,True,True,True,,True,,,1.01,,,14.9,,,40.92,,,,,,,,-2.9,,1.54,,,,,,,,,,,,,,,,,,,,,,,,,,,True,0,,,,,,,,,,,False,False,,,,,,,,,,,,0,True,,,,n/d,n/d,,,,False,False,,,,,,,False,False,False,histórico insuficiente
PETR4,BOVA11+DIVO11+AUVP11,BOVA11,Energia,71.13,74.06,54.54545454545455,,,0.9,DY5a=41.0%>=20,85.74,82.84,36.8,,False,10,Não,Bandeira de alta,"Bandeira de alta (pré-confirmação) — pescoço R$55.36, preço 0.2% acima do pescoço; falta fechar acima e segurar",False,7,8,False,,True,,True,False,True,True,True,False,6,11,True,True,True,True,True,True,True,False,True,True,True,0.61,True,758050193408.0,5.36,1.49,6.57,40.97,27.73,30.77,19.69,24.32,3.19,1.29,0.9,0.85,0.76,0.36,219.59,96.8,4.09,10.07,0.28,65.87,33.99,26.84,55.48,106.7,0.0,30.3,39.52,38.09,-22.2,28.1,92.1,27.87,55.48,63.65,1.77,75.4,-2.66,2.1,2179806798.0,76.99,110.23,157.8,-4.1,5.4,True,8,,-10.5,-2.4,False,,0.5,0.35,-0.0,55.47999954223633,True,True,True,165.303585006501,310.87738728641966,141.5714961838481,93.12197512386672,310.52238549759136,57.301624999999994,127.52119297767754,63.05973037432937,158.65992218127923,134.54634458076282,121.09171012268654,8,True,5.4,118.26191622532498,185.9767907180553,n/d,2026-08-24,última,,,False,False,,,Em Alta,55.36000061035156,0.2167610739916226,-2.2378862691870838,True,False,False,sem sinal (Em Alta)
PETR3,BOVA11+DIVO11+AUVP11,BOVA11,Energia,70.27,73.05,54.54545454545455,,,0.9,DY5a=38.8%>=20,85.74,79.22,36.8,,False,11,Não,,,False,7,8,False,,True,,True,False,True,True,True,False,6,11,True,True,True,True,True,True,True,False,True,True,True,0.65,True,798199250944.0,5.98,1.66,5.89,38.82,27.73,30.77,19.69,24.32,3.45,1.29,0.9,0.85,0.76,0.4,232.12,96.8,4.19,10.07,0.28,65.87,33.99,28.69,61.93,115.8,0.0,30.2,44.24,41.9,-22.9,30.5,102.6,29.47,61.93,74.15,1.92,80.9,-2.95,2.07,638982565.0,86.18,127.32,188.11,-2.5,5.7,True,8,,-10.5,-2.4,False,,0.5,0.31,-0.01,61.93000030517578,True,True,True,174.8283346512012,328.7900616182268,141.6459171938425,93.23687419536911,310.68562026007913,57.301624999999994,127.58822805347252,61.93000030517579,162.0008326596709,134.61707262365752,121.15536536129177,8,True,5.7,95.63275434243175,161.5870044588579,2026-11-10,2026-08-24,última,,,False,False,,,Em Alta,60.400001525878906,2.533110497756086,-0.11290273358744995,True,False,False,sem sinal (Em Alta)
CXSE3,BOVA11+DIVO11+Wishlist+Carteira,BOVA11,Insurance,69.31,65.85,88.88888888888889,,1.6,0.3,,63.8,35.95,100.0,81.51,False,12,Bandeira de alta,,,False,4,6,False,,True,,True,True,True,,True,True,8,9,True,False,False,,True,,True,True,True,True,True,,True,64199999488.0,14.19,4.65,6.32,9.6,32.79,28.44,-1.21,75.43,,,,,,1.11,136.26,12.8,12.47,20.76,,8.23,91.77,13.53,22.04,58.2,-2.9,9.8,17.41,17.49,-18.8,22.5,37.1,15.42,22.04,8.65,1.42,45.0,-2.14,1.39,152329028.0,24.54,32.75,43.72,6.3,1.9,True,4,,13.4,5.7,True,,0.59,0.5,0.08,21.399999618530273,True,True,False,14.945475260290191,28.107135731448967,20.626974557859544,12.496469987451418,33.78578435138673,22.898448930232796,16.456433815179874,,21.644508619957875,21.76271174404617,19.586440569641557,4,True,1.9,-8.47457514587222,1.142565447598809,2026-11-09,2026-11-04,próxima,"A Caixa Seguridade (CXSE3) apresenta-se como um ativo de alta qualidade e segurança operacional, embora seu valuation atual exija cautela do investidor. O retorno sobre o patrimônio líquido (ROE) de 32,8% situa-se ligeiramente abaixo da média do setor de 34,3%, enquanto o retorno sobre o capital investido (ROIC) de -1,2% destoa fortemente da média setorial de 19,5%, sugerindo que este indicador específico de rentabilidade merece uma checagem manual detalhada para identificar possíveis eventos contábeis pontuais ou distorções na estrutura de capital da holding. Essa rentabilidade robusta, mas abaixo dos pares, convive com múltiplos de preço elevados, visto que o P/L de 14,19 e o P/VP de 4,65 indicam que a qualidade da empresa já está sendo precificada com ágio pelo mercado. No âmbito dos proventos, o dividend yield de 6,32% mostra-se coerente com a alta geração de caixa e a ausência de endividamento relevante típica do setor de seguros, garantindo a sustentabilidade dos pagamentos. Quanto ao crescimento, a expansão da receita nos últimos cinco anos de 12,8% supera com folga a média negativa do setor de -2,5%, mas a análise das janelas temporais revela que o ritmo está desacelerando, caindo de 13,4% em três anos para 5,7% no último ano, um sinal de alerta importante que a média de longo prazo costuma ocultar. Diante disso, o crescimento implícito de 6,3% ao ano embutido no preço atual pelo fluxo de caixa descontado reverso parece um patamar exigente, dado que se posiciona acima da taxa de expansão mais recente de 5,7%. No checklist de critérios, a companhia atende a 4 de 6 requisitos, penalizada justamente por não superar os pares em ROE e ROIC, embora cumpra as exigências de valor de mercado e governança. A análise de valuation pelos preços-teto revela uma dispersão acentuada entre os métodos, variando desde os conservadores R$ 12,50 de Graham e R$ 14,95 de Bazin até os otimistas R$ 28,11 de Gordon e R$ 33,79 de Lynch, resultando em uma média de R$ 21,64 e mediana de R$ 21,76 alinhadas ao preço atual de R$ 21,40, mas com um upside negativo de -8,5% frente ao preço-teto ajustado com margem de segurança de R$ 19,59. Como prós, destacam-se a excelente margem líquida de 75,43%, o sólido histórico de dividendos e a liderança de mercado; como contras, pesam a desaceleração recente do crescimento, o ROIC negativo que demanda investigação e a ausência de margem de segurança no preço atual.

Gatilho de falseamento: crescimento da receita na janela de um ano abaixo de 5,0% no fechamento do próximo resultado anual reportado pela companhia.",Bandeira de alta,True,True,19.51,9.69,Em Alta,21.030000686645508,1.7593862092440293,-3.3535847865925006,True,True,True,"Bandeira de alta — mastro +17%, recuo 34%, bandeira 9d (candidato)"
PLPL3,SMALL11,SMALL11,Consumo discricionário,69.28,71.88,54.54545454545455,,,0.9,,77.7,82.72,52.77,56.85,False,13,Fundo duplo,,,False,5,8,False,,True,,False,False,True,False,False,True,6,11,True,True,True,False,False,True,True,False,True,True,True,0.52,True,1677191168.0,5.52,1.51,5.97,6.32,27.32,38.02,24.26,8.62,2.26,1.22,0.69,3.0,1.2,0.37,34.89,-37.3,3.87,7.78,1.2,73.04,24.14,6.46,16.13,27.9,-48.8,7.0,13.1,11.47,-60.0,53.0,-36.8,6.46,16.13,-65.25,3.34,-53.8,-5.74,-1.2,23290126.0,2.22,4.37,8.61,-3.7,8.4,False,7,,30.0,26.7,True,,1.62,0.59,0.09,8.260000228881836,False,False,False,3.797259079669256,7.1412969143457286,20.46657373215228,13.571045479083658,31.904405032369535,10.95072400487419,18.435362829678304,30.203835768088677,,,,7,False,8.4,,,n/d,2025-12-30,última,"A Plano&Plano (PLPL3) apresenta uma sólida combinação de alta qualidade e preço atrativo no setor de consumo discricionário, evidenciada por um ROE de 27,3% e um ROIC de 24,3% que se posicionam muito acima das médias setoriais de 14,1% e 13,7%, respectivamente. Essa rentabilidade diferenciada convive com múltiplos de valuation bastante comprimidos, como o P/L de 5,52 e o P/VP de 1,51, sugerindo que o mercado pode estar subavaliando a capacidade de geração de valor da companhia. No âmbito financeiro, a empresa concilia essa forte rentabilidade com um endividamento controlado, visto que a relação Dívida Líquida/EBITDA de 1,22 está bem abaixo do limite prudencial e da média do setor de 2,82, enquanto a liquidez corrente de 3,0 assegura robustez no curto prazo. O dividend yield de 5,97% mostra-se sustentável e coerente com a estrutura de capital equilibrada, embora a margem líquida de 8,62% não atinja o patamar ideal de 15% estipulado no checklist de critérios, no qual a empresa atendeu a 5 dos 8 requisitos totais. O grande ponto de atenção reside no crescimento, pois o CAGR de receita de 5 anos de -37,3% ficou severamente abaixo dos pares e, apesar da recuperação nas janelas mais recentes, a evolução de 30,0% em 3 anos para 26,7% em 1 ano está explicitamente desacelerando, o que exige uma checagem manual detalhada para identificar se a forte variação negativa no período mais longo decorreu de um evento contábil pontual ou operacional. Por outro lado, o crescimento implícito no preço atual calculado pelo fluxo de caixa descontado reverso é de -3,7% ao ano, um patamar extremamente conservador que embute uma ampla margem de segurança frente ao histórico recente de expansão da construtora. Quanto ao valuation por preço-teto, os métodos tradicionais exibem uma dispersão muito alta, variando desde os conservadores R$ 3,80 por Bazin e R$ 7,14 por Gordon até os otimistas R$ 13,57 por Graham, R$ 20,47 por fluxo de caixa descontado e R$ 31,90 por Lynch, exigindo cautela extra do analista na adoção de uma referência única. Em termos de balanço final, os prós concentram-se no excelente retorno sobre o capital, no endividamento muito inferior ao dos pares e no valuation descontado com crescimento implícito negativo, ao passo que os contras residem na desaceleração recente da receita, na margem líquida abaixo de dois dígitos e na elevada divergência entre as métricas de preço-teto.

Gatilho de falseamento: o ROIC consolidado recuar para um patamar abaixo de 13,7% no fechamento anual, o que eliminaria a vantagem competitiva da empresa em relação à média do seu setor.",Fundo duplo,False,False,,,Em Alta,8.300000190734863,-0.4819272401665575,-49.387252553065665,True,True,True,Fundo duplo — rompeu pescoço ~R$7.61 (candidato)
TGMA3,SMALL11+DIVO11,SMALL11,Bens Industriais,69.28,68.67,72.72727272727273,,,0.7,,78.58,44.44,69.54,82.88,False,14,Não,,,False,6,8,False,,True,,False,False,True,True,True,True,8,11,True,True,True,False,False,True,True,True,True,True,True,0.03,True,2983684096.0,11.76,3.0,8.02,10.05,25.55,24.91,27.01,10.14,8.1,0.07,0.04,2.22,0.23,0.5,118.22,23.5,8.91,14.79,1.33,34.75,65.25,26.65,45.25,69.8,0.0,39.3,33.39,33.28,-31.9,32.9,28.6,26.65,45.25,0.15,2.07,10.9,-2.58,0.87,13240218.0,43.06,65.52,99.69,4.8,3.5,True,8,,17.5,6.5,True,,0.94,0.55,0.14,45.25,False,False,False,33.08174267172764,62.21501928263617,52.62782532367785,36.1364557078091,115.43367346938776,54.45315322467492,47.40476190476191,36.511089735302,54.73296516499717,50.016293614219876,45.01466425279789,8,True,3.5,-0.5200789993416777,20.956829093916383,n/d,2026-08-07,última,,,False,False,,,Em Alta,44.13999938964844,2.514727289760388,2.098376154285919,True,False,False,sem sinal (Em Alta)
LEVE3,SMALL11+DIVO11+AUVP11,SMALL11,Consumo discricionário,69.13,70.1,63.63636363636363,,,0.9,,86.09,57.01,35.56,100.0,False,15,Não,,,False,6,8,False,,True,,True,False,True,False,True,True,7,11,True,True,True,False,False,True,True,True,True,True,True,1.2,True,5138283520.0,7.37,5.33,7.52,19.55,72.29,64.73,34.45,13.0,5.87,1.21,0.48,1.43,1.7,0.29,144.06,25.8,7.44,14.14,0.81,77.23,22.71,24.65,37.91,53.8,0.0,15.7,32.49,32.04,-12.3,25.0,20.1,31.18,37.91,-8.35,1.58,32.7,-2.25,1.26,9177363.0,42.03,57.75,79.36,0.2,5.4,True,8,,8.6,18.6,False,,0.61,0.47,0.09,37.90999984741211,True,True,True,53.89097512278559,101.34980160188387,70.35426942400636,28.691132644044096,154.3147890668064,98.51666666666667,63.371940043435174,30.995378648310144,75.1856191522423,66.86310473372077,60.1767942603487,8,True,5.4,58.73593907296366,98.32661423071667,n/d,2026-04-30,última,,,False,False,,,Em Alta,37.459999084472656,1.2012834328284372,1.2012834328284372,True,False,False,sem sinal (Em Alta)
RIAA3,SMALL11,SMALL11,Consumo discricionário,68.58,69.45,63.63636363636363,,,0.9,,64.99,93.29,38.54,91.78,False,16,Não,Fundo duplo,"Fundo duplo (pré-confirmação) — pescoço R$7.38, preço 28.1% acima do pescoço; falta fechar acima e segurar",False,4,8,False,,False,,False,False,True,True,True,True,7,11,True,True,False,False,False,True,True,False,True,False,True,0.47,True,4749644288.0,3.1,0.88,34.86,13.43,28.35,8.06,8.96,14.35,3.23,2.11,3.24,1.61,0.68,0.21,41.62,16.6,6.86,4.35,1.05,64.01,35.99,6.2,10.35,52.3,-8.7,19.7,8.23,8.2,-37.2,47.6,13.6,6.5,10.35,-14.85,3.0,12.2,-4.42,0.75,13611412.0,7.52,13.82,25.39,-14.0,9.4,False,6,,7.5,9.0,False,2025,1.64,0.66,0.08,9.449999809265137,False,False,False,9.226770784865955,17.352281830893073,41.69406783692422,27.139439606307796,86.6509985260916,51.88018214566937,37.556128274240805,24.610208676014132,,,,6,False,9.4,,,n/d,n/d,,,,False,False,,,Em Alta,8.800000190734863,7.386359141385368,-12.038013522670388,False,False,False,sem sinal (Em Alta)
VLID3,SMALL11+DIVO11,SMALL11,Bens Industriais,68.34,67.56,72.72727272727273,,,0.7,,61.1,77.16,66.2,75.34,False,17,Fundo duplo,,,False,6,8,False,,True,,False,False,True,True,False,True,8,11,True,True,True,False,False,True,True,True,True,True,True,0.1,True,1531800448.0,6.93,0.91,9.74,8.58,13.18,13.73,15.68,11.15,3.57,0.48,0.42,2.3,0.41,1.3,59.49,-32.9,11.26,7.18,1.13,45.32,54.23,16.3,22.63,20.2,-13.4,12.3,19.2,19.08,-27.9,32.5,-4.8,16.3,22.63,-33.25,2.05,-6.5,-3.08,-0.18,3338684.0,13.24,20.11,30.56,-0.6,3.2,True,7,,3.1,-5.0,True,2023,0.79,0.47,0.06,19.600000381469727,False,False,False,12.237139375983107,21.072711541342084,35.420987344137025,37.02201269490599,39.3800510125613,34.30743527550865,17.356937486271026,38.49086471823588,31.86442858185171,35.420987344137025,31.878888609723322,7,True,3.2,62.647387700371304,62.57361204940099,2026-11-11,2026-08-13,última,"A Valid (VLID3) apresenta-se como uma alternativa de investimento intrigante no setor de bens industriais, combinando alta eficiência operacional com múltiplos de valuation bastante descontados. A qualidade da companhia é evidenciada por um ROE de 13,2% e um ROIC de 15,7%, ambos posicionados acima dos pares do setor, os quais convivem de forma muito favorável com um P/L de apenas 6,93 e um P/VP de 0,91, sugerindo que o mercado pode estar precificando o papel abaixo de seu valor patrimonial e de sua capacidade de geração de lucros. Essa rentabilidade robusta é acompanhada por uma estrutura de endividamento extremamente saudável, com uma relação dívida líquida sobre EBITDA de 0,48, muito abaixo da média setorial de 2,38, e uma liquidez corrente confortável de 2,3. O generoso dividend yield de 9,74% mostra-se sustentável e coerente com a forte geração de caixa, o baixo endividamento e a rentabilidade apresentada. Contudo, o crescimento da receita acende um sinal de alerta, visto que o CAGR de cinco anos de -32,9% está muito abaixo do setor, e a análise por janelas temporais revela uma receita de 3,1% em três anos que recuou para -5,0% no último ano, confirmando que a empresa vem desacelerando. Diante disso, o ano de 2023 apresentou variações atípicas que merecem uma checagem manual detalhada para isolar possíveis eventos contábeis não recorrentes. No campo do valuation, o preço-teto ajustado de R$ 31,88 indica um expressivo upside de 62,6% frente à cotação atual de R$ 19,60, embora haja uma dispersão relevante entre os métodos, variando desde os conservadores R$ 12,24 de Bazin até os otimistas R$ 39,38 de Lynch. Essa assimetria parece exagerada, dado que o crescimento implícito no preço atual medido pelo fluxo de caixa descontado reverso é de -0,6% ao ano, um patamar extremamente conservador e fácil de ser superado pelo histórico da empresa. O checklist de critérios corrobora essa visão ao aprovar 6 dos 8 requisitos fundamentais, impulsionado pela ausência de venda de ações por insiders e pelo porte adequado. Em suma, os prós residem na excelente rentabilidade, no endividamento sob controle, no valuation descontado e nos dividendos robustos, enquanto os contras concentram-se na clara desaceleração recente da receita e na necessidade de investigar eventos extraordinários passados.

Gatilho de falseamento: margem líquida abaixo de 11,15% no fechamento do próximo ano fiscal.",Fundo duplo,False,False,,,Em Alta,18.700000762939453,4.812831988295607,-14.154959065941364,True,True,True,Fundo duplo — rompeu pescoço ~R$18.46 (candidato)
BRSR6,SMALL11+DIVO11,SMALL11,Produtos financeiros,68.31,68.6,66.66666666666667,17.35,,0.4,,43.94,88.21,90.71,86.3,False,18,Não,Bandeira de alta,"Bandeira de alta (pré-confirmação) — pescoço R$16.97, preço 6.9% acima do pescoço; falta fechar acima e segurar",False,2,6,False,,True,,False,False,True,,False,True,6,9,False,False,False,,False,,True,True,True,False,True,,True,7422886400.0,4.85,0.64,8.47,10.6,13.26,9.63,0.0,22.38,,,,,,0.75,51.41,-29.2,5.61,1.0,,93.0,6.99,10.57,18.28,71.6,-0.7,27.3,14.27,14.66,-29.2,31.0,24.3,12.94,18.28,-4.15,1.95,40.4,-2.91,1.38,37848316.0,20.43,30.46,45.43,-5.7,3.7,True,4,,7.1,5.1,True,,1.05,0.65,0.0,18.149999618530273,False,False,False,13.990846110882172,26.311817040788085,51.184568262433224,48.86602614387242,63.77843291417765,33.36148643863486,25.611713186030233,,31.21217946318459,29.836651739711474,26.852986565740327,4,True,3.7,47.95034231474431,71.96793454099284,n/d,n/d,,,,False,False,,,Em Alta,17.760000228881836,2.195942480981561,-1.1218399133823942,False,False,False,sem sinal (Em Alta)
VTRU3,SMALL11,SMALL11,Consumo discricionário,67.8,73.88,33.333333333333336,,,0.9,,85.82,94.39,55.23,6.16,False,19,Não,Bandeira de alta,"Bandeira de alta (pré-confirmação) — pescoço R$16.47, preço 13.8% acima do pescoço; falta fechar acima e segurar",False,7,8,False,,True,,,,True,True,False,False,3,9,True,True,True,True,False,True,True,True,True,False,True,0.37,True,2799552000.0,2.57,0.7,0.13,0.2,27.23,9.79,15.07,46.56,3.61,2.1,1.91,2.56,0.56,0.17,0.53,-23.9,5.78,6.37,0.37,51.99,48.01,10.28,18.75,82.4,0.0,37.3,13.64,13.7,-28.8,39.6,34.0,12.0,18.75,5.55,2.49,36.6,-3.52,1.21,13421657.0,19.33,32.09,53.27,-18.1,396.9,False,5,,,5.5,,,1.06,0.51,0.05,18.75,,False,False,0.2795250025304725,0.5256873434685984,99.78661980670265,66.30968265148572,110.9313108112039,0.4851466666666666,89.88326848249028,36.22365383790266,,,,5,False,396.9,,,n/d,n/d,,,,False,False,,,Em Alta,17.850000381469727,5.042014561885244,3.9933404655263516,False,False,False,sem sinal (Em Alta)
DIRR3,BOVA11+SMALL11+DIVO11+AUVP11,BOVA11,Consumo discricionário,67.08,66.08,72.72727272727273,,,0.9,,71.19,56.04,55.31,89.73,False,20,Não,,,False,5,8,False,,True,,False,False,True,False,True,True,8,11,True,True,False,True,False,True,True,False,True,True,True,0.31,True,5998469120.0,7.03,2.59,13.41,12.12,36.78,26.14,9.99,17.73,5.14,0.6,0.82,4.18,1.16,1.29,85.21,8.6,5.19,5.44,1.01,82.45,14.5,9.7,16.95,19.2,-31.8,-2.9,13.56,13.51,-42.8,41.8,-15.2,9.7,16.88,-43.65,2.63,-23.4,-4.28,-0.63,133361454.0,5.47,9.35,15.96,-0.4,2.8,True,8,,26.2,29.7,False,,1.42,0.66,0.09,11.5600004196167,False,False,True,10.189815986454654,17.781068359434165,20.868504961627497,12.850545520295734,28.878191117758774,24.92465717754073,10.199370972628271,11.254757186047716,17.118363910223444,15.315806939864949,13.784226245878454,8,True,2.8,19.240707141215708,48.08272741214179,n/d,2025-12-17,última,,,False,False,,,Lateral,11.649999618530273,-0.7725253378585761,-33.016085284618235,True,False,False,sem sinal (Lateral)
TEND3,BOVA11+SMALL11,BOVA11,Consumo discricionário,65.63,65.98,63.63636363636363,,,0.9,,76.54,70.9,52.98,32.19,False,21,Não,,,False,5,8,False,,False,,False,False,True,True,False,True,7,11,True,True,True,False,False,True,True,False,True,False,True,0.24,True,3614829568.0,6.25,2.35,4.96,3.32,37.61,-8.65,14.39,12.08,4.31,0.47,0.45,1.96,0.79,0.42,20.75,-11.5,4.32,7.18,0.76,81.81,18.11,20.84,36.71,41.5,-19.7,-7.5,29.26,28.68,-26.4,50.8,29.4,22.35,36.71,0.95,3.2,39.8,-4.94,0.41,142927542.0,19.22,36.75,70.29,-1.9,12.1,False,6,,20.0,27.1,False,2023,1.34,0.51,0.11,29.489999771118164,False,False,False,7.120092314728311,13.39036715963421,64.53553498298889,36.499934779317876,86.44020254308587,22.47972026024363,58.13068754882813,34.94416753754292,,,,6,False,12.1,,,n/d,n/d,,,,False,False,,,Em Baixa,30.260000228881836,-2.5446148444795424,-20.7939713163669,False,False,False,sem sinal (Em Baixa; sem novo topo (-2.5%))
LREN3,BOVA11+SMALL11,BOVA11,Consumo discricionário,65.25,63.93,72.72727272727273,,,0.9,,66.88,70.71,56.12,49.32,False,22,Não,,,False,6,8,False,,True,,False,True,True,True,True,True,8,11,True,True,True,False,False,True,True,True,True,True,True,0.13,True,12796092416.0,9.1,1.31,6.82,4.84,14.41,11.89,23.53,9.35,2.5,0.59,0.34,1.69,0.32,1.13,44.0,3.2,8.02,6.22,1.29,46.72,53.28,10.28,15.33,31.3,-11.9,5.5,13.76,13.45,-32.9,41.1,6.2,10.28,15.33,-22.25,2.59,-16.6,-3.92,-0.12,271956106.0,8.04,13.55,22.85,2.5,6.6,True,7,,6.1,9.6,False,,1.51,0.71,0.12,13.5,False,False,False,4.747779066576516,8.928887728432608,20.29067706487061,18.546786966198926,19.144183775635266,15.647077168325614,11.696183574002905,31.3038914258075,17.93681252903906,18.546786966198926,16.692108269579034,7,True,6.6,23.645246441326172,32.86527799288193,2026-11-05,2026-09-23,última,,,False,False,,,Em Alta,13.6899995803833,-1.3878713382544983,-13.629886398140945,True,False,False,sem sinal (Em Alta)
PINE4,SMALL11+DIVO11,SMALL11,Produtos financeiros,65.03,62.78,77.77777777777777,14.09,,0.4,,64.03,70.7,44.14,74.66,False,23,Não,,,False,4,6,False,,True,,False,False,True,,True,True,7,9,True,True,False,,True,,True,False,True,True,True,,True,3722791680.0,6.22,2.08,6.38,8.58,33.43,18.92,0.0,39.51,,,,,,0.41,53.37,76.3,4.77,1.87,,95.52,4.47,7.93,15.72,85.8,-6.3,20.4,12.03,11.95,-36.3,47.3,17.3,10.01,15.72,-11.15,2.98,47.6,-4.36,1.25,11497371.0,14.82,27.24,50.05,-2.0,3.5,True,4,,84.0,124.9,False,2023,1.17,0.48,-0.05,14.729999542236328,False,False,False,9.192341384724578,17.28753234611106,32.39041492536149,19.425273069184993,55.84319729477619,12.93303888042037,29.17581902899543,,17.950831884154375,15.110285613265715,13.599257051939144,4,True,3.5,-7.676459778935696,21.865800692544045,n/d,2026-07-15,última,,,False,False,,,Em Alta,14.020000457763672,5.0641873130574,-6.86093141028572,True,False,False,sem sinal (Em Alta)
LAVV3,SMALL11+DIVO11+Carteira,SMALL11,Imobiliário,64.23,61.13,81.81818181818181,,,0.8,,65.65,44.69,55.18,93.84,False,24,Não,,,False,5,8,False,,True,,True,False,True,True,False,True,9,11,True,True,False,True,False,True,True,False,True,True,True,0.37,True,2865306368.0,7.95,1.98,16.55,14.07,24.9,19.67,8.69,19.91,9.46,1.5,2.38,4.12,0.86,,111.86,-30.3,4.19,4.85,1.47,60.31,33.37,9.22,18.94,59.2,-22.5,35.8,12.75,13.19,-51.3,40.3,-1.0,9.22,18.94,-29.45,2.54,-9.2,-3.64,0.33,9563750.0,10.62,17.77,29.74,1.0,4.4,True,6,,46.9,13.7,True,,1.55,0.74,0.04,14.680000305175781,True,True,False,15.022165429834882,22.032509297091163,19.69643646816038,17.550971629677427,,21.62526407772588,5.022591299380895,14.90137067305199,18.471452929256955,18.623704048918903,16.76133364402701,6,True,4.4,14.178019724682201,25.827333414594044,n/d,2026-02-03,última,"A Lavvi Empreendimentos Imobiliários (LAVV3) apresenta um perfil de alta rentabilidade sobre o patrimônio, com um ROE de 24,9% que se posiciona confortavelmente acima da média do setor (16,2%), embora o retorno sobre o capital investido de 8,7% fique ligeiramente abaixo dos pares (9,4%), sugerindo que a eficiência na alocação de recursos de terceiros ainda tem espaço para otimização. Essa qualidade operacional convive com múltiplos de valuation mistos, onde o P/L atrativo de 7,95 vezes contrasta com um P/VP de 1,98, indicando que o mercado já cobra um prêmio pelo valor patrimonial da companhia. No âmbito financeiro, a excelente margem líquida de 19,91% sustenta uma estrutura de capital muito robusta, evidenciada por uma relação Dívida Líquida/EBITDA de apenas 1,5 vezes, patamar significativamente abaixo da média do setor (18,46) e respaldado por uma liquidez corrente folgada de 4,12. Essa sólida saúde financeira viabiliza um expressivo dividend yield de 16,55%, que se mostra coerente com a forte geração de lucro e o baixo endividamento, embora o investidor deva monitorar a sustentabilidade desse fluxo caso ocorra pressão no payout. Sob a ótica do crescimento, o CAGR de receita de cinco anos negativo em 30,3% fica abaixo do setor (8,6%), mas a análise das janelas temporais mais recentes revela uma forte recuperação de 46,9% em três anos que, contudo, desacelerou para 13,7% no último ano, um sinal de alerta explícito de perda de tração que exige acompanhamento próximo. Diante desse histórico volátil, o crescimento implícito de 1,0% ao ano embutido no preço atual pelo fluxo de caixa descontado reverso parece um patamar bastante conservador e de fácil superação. O checklist de critérios fundamentalistas corrobora essa visão equilibrada ao aprovar 5 dos 8 requisitos, penalizado principalmente pela ausência de crescimento superior ao setor, pelo ROIC abaixo da média e por vendas de ações por parte de insiders. Quanto ao valuation, a média dos preços-teto calculados resulta em R$ 18,47 e a mediana em R$ 18,62, revelando uma dispersão moderada entre o método de Bazin (R$ 15,02) e o modelo de Gordon (R$ 22,03), o que confere um upside de 14,2% frente ao preço-teto ajustado com margem de segurança de R$ 16,76. Em balanço, o ativo destaca-se positivamente pelo seu robusto retorno sobre o patrimônio, endividamento sob controle e proventos altamente generosos, enquanto traz como pontos desfavoráveis a recente desaceleração no ritmo de expansão das receitas, o ROIC abaixo dos pares setoriais e o sinal de alerta emitido pelas transações de insiders.

Gatilho de falseamento: a tese de investimento e a percepção de alta rentabilidade da Lavvi seriam invalidadas caso o ROE recue para patamares abaixo da média do setor de 16,2% no fechamento do próximo ano fiscal.",,False,True,10.43,40.75,Em Alta,13.84000015258789,6.069365197447785,-22.655423291722045,True,False,False,sem sinal (Em Alta)
ALPA4,SMALL11,SMALL11,Consumo discricionário,63.59,63.58,63.63636363636363,,,0.9,,74.8,42.38,58.26,76.71,False,25,Não,,,True,6,8,False,,False,,False,False,True,True,True,True,7,11,True,True,True,False,True,True,True,False,True,False,True,0.19,True,10747024384.0,15.41,2.99,11.35,8.81,19.37,-7.05,17.96,14.52,9.76,0.82,0.63,1.91,0.39,0.17,135.73,92.8,12.38,7.61,0.98,45.48,54.52,8.0,16.06,97.9,-1.5,23.0,12.26,12.22,-31.7,43.2,34.9,10.97,16.06,6.45,2.72,62.6,-4.09,1.44,27537067.0,17.75,30.79,53.43,6.8,4.1,True,7,,3.0,11.1,False,,0.96,0.43,0.08,15.819999694824219,False,False,False,10.133649538472746,19.05779897074068,14.041321870183726,11.055052676951444,30.798182403940725,10.405583333333333,12.647786907218324,7.427855399801727,12.109864099528854,11.055052676951444,9.9495474092563,7,True,4.1,-37.107790131554395,-23.452184999151417,n/d,n/d,,,,False,False,,,Em Alta,15.989999771118164,-1.0631649701521972,-5.552240627915117,False,False,False,sem sinal (Em Alta) · ⚡ cruzamento de médias (MM21>MM30) hoje
BBSE3,BOVA11+DIVO11+AUVP11,BOVA11,Insurance,63.53,61.01,77.77777777777777,,1.3,0.3,,68.0,36.4,61.0,91.1,False,26,Não,,,False,5,6,False,,True,,True,False,True,,False,True,7,9,True,True,False,,True,,True,True,True,True,True,,True,79222358016.0,8.62,7.28,11.4,12.75,84.38,83.67,0.0,87.93,,,,,,,109.94,-0.1,9.31,28.81,,55.04,44.96,28.18,42.35,44.8,-3.6,7.6,33.06,34.14,-9.8,20.1,28.9,30.7,42.35,0.45,1.26,41.8,-2.13,1.12,249364586.0,44.37,57.39,74.24,1.9,1.6,True,4,,9.7,10.8,False,,0.52,0.5,0.12,40.810001373291016,True,True,True,37.85522203174227,55.520992313222,50.49961500175223,24.436474293779586,,59.50416498381771,12.87740182544682,,50.84499858263355,53.010303657487114,47.709273291738405,4,True,1.6,16.905836035974176,24.589553716384227,2026-11-03,2026-08-07,última,,,False,False,,,Lateral,40.9900016784668,-0.4391322220177907,-5.048855728378642,True,False,False,sem sinal (Lateral)
GRND3,SMALL11+DIVO11,SMALL11,Consumo discricionário,63.38,63.34,63.63636363636363,,,0.9,DY5a=20.2%>=20,60.78,59.44,73.97,,False,27,Não,,,False,5,8,False,,True,,True,False,True,True,False,False,7,11,True,True,False,True,False,True,True,False,True,True,True,-0.11,True,4095806464.0,7.07,1.28,32.78,20.25,18.04,16.72,7.81,22.7,11.12,-1.39,-2.45,3.36,0.03,0.47,143.16,-37.8,6.05,2.74,2.01,29.93,70.07,3.37,4.83,34.8,-6.1,21.6,3.88,4.01,-30.3,29.0,5.5,3.37,4.83,-22.95,1.83,1.0,-2.47,0.35,9851095.0,3.8,5.53,8.04,-0.3,8.3,False,6,,0.8,-1.3,True,,0.7,0.47,0.02,4.539999961853027,True,True,False,6.6859384081693785,12.573877716008862,8.782953797625966,7.158671215598533,19.264497716490922,6.059476722895763,7.911287062238938,2.326724229180511,,,,6,False,8.3,,,n/d,n/d,,,,False,False,,,Em Alta,4.340000152587891,4.60829037404249,-7.010345576463973,False,False,False,sem sinal (Em Alta)
CEAB3,BOVA11+SMALL11,BOVA11,Consumo discricionário,62.85,61.59,70.0,,,0.9,,58.56,82.15,43.39,60.27,False,28,Não,,,False,5,8,False,,False,,False,,True,True,False,True,7,10,True,True,True,False,False,True,True,False,False,False,True,0.52,True,3709670912.0,6.87,1.02,4.16,6.49,14.79,7.33,14.93,7.02,3.01,1.94,1.78,1.67,0.72,0.84,44.56,-9.5,6.76,5.91,0.81,60.22,39.78,7.28,17.96,72.1,-30.2,26.9,11.41,11.84,-59.5,56.2,1.0,7.28,13.6,-27.45,3.54,-36.8,-4.8,-0.27,102657735.0,5.18,10.59,21.67,-0.7,6.1,True,7,,8.9,4.5,True,2024,1.89,0.65,0.11,12.529999732971191,False,False,False,5.911325814822063,11.117106290455686,24.945860387753132,22.452456641431297,26.78490114673893,9.386610572246637,14.531264259858693,35.998762091780996,20.74528019860934,22.452456641431297,20.207210977288167,7,True,6.1,61.27064172328205,65.5648893911835,n/d,n/d,,,,False,False,,,Em Alta,12.609999656677246,-0.6344165415079428,-30.378195535881204,False,False,False,sem sinal (Em Alta)
INTB3,SMALL11+AUVP11,SMALL11,Tecnologia de informação,62.76,64.21,54.54545454545455,,,0.5,,71.27,47.71,77.76,46.58,False,29,Não,Fundo duplo,"Fundo duplo (pré-confirmação) — pescoço R$13.75, preço 38.4% acima do pescoço; falta fechar acima e segurar",False,5,8,False,,True,,False,False,True,True,True,False,6,11,True,True,True,False,False,True,True,False,True,True,True,-0.17,True,6226827776.0,10.45,1.89,6.64,4.4,18.07,19.14,17.52,13.1,8.52,-1.0,-0.79,2.64,0.26,1.07,45.96,14.3,9.54,5.97,1.67,43.4,56.17,9.91,19.03,92.0,0.0,36.2,13.18,12.99,-17.9,39.5,68.0,10.36,19.03,39.55,2.49,48.9,-3.7,1.41,17688808.0,21.29,35.23,58.29,3.8,4.2,True,7,,1.8,-6.2,True,,1.03,0.5,0.08,19.030000686645508,False,False,True,6.086871958280304,11.447246295733605,24.907301408049683,20.311454099016643,25.791870050996415,16.306813997765627,16.334273257021355,18.29041987960277,19.055625569740872,18.29041987960277,16.461377891642492,7,True,4.2,-13.497754610201207,0.13465518744488758,n/d,n/d,,,,False,False,,,Em Alta,17.809999465942383,6.850091281788662,5.312678517068603,False,False,False,sem sinal (Em Alta)
CMIN3,BOVA11+DIVO11+AUVP11+Wishlist,BOVA11,Materiais,62.1,68.25,27.272727272727273,,,1.0,,82.1,58.78,34.43,97.26,False,30,Não,,,False,7,8,False,,True,,False,False,True,False,True,False,3,11,True,True,True,False,True,True,True,True,True,True,True,0.16,True,27179749376.0,11.78,3.75,21.53,16.59,31.79,32.01,20.33,13.41,4.6,0.2,0.13,1.17,1.24,0.13,195.45,90.7,11.59,8.29,0.53,80.09,19.91,4.08,6.99,24.0,-27.6,-3.1,5.23,5.21,-34.6,41.7,-0.3,4.08,6.99,-28.75,2.63,30.3,-4.6,-0.26,50658322.0,2.79,4.77,8.15,4.8,3.6,True,8,,10.7,9.3,True,2025,0.97,0.44,-0.06,5.059999942779541,False,False,True,6.105656541309924,11.482573430915116,5.875020471379937,3.6112162158127856,12.886247732036184,7.475,5.291952401956193,5.749871107964035,7.309692237671771,5.99033850634493,5.391304655710437,8,True,3.6,6.5475240450082905,44.46032253621801,n/d,2026-04-17,última,"A CSN Mineração (CMIN3) apresenta uma notável eficiência operacional, com um ROE de 31,8% e um ROIC de 20,3% que se posicionam muito acima dos seus pares de setor (5,6% e 9,2%, respectivamente), sugerindo uma forte capacidade de geração de valor sobre o capital empregado. Essa alta qualidade operacional convive com múltiplos de preço mistos, pois enquanto o P/L de 11,78 indica um valuation razoável, o P/VP de 3,75 reflete um prêmio patrimonial expressivo, embora o PEG de 0,13 aponte que o preço está descontado frente ao crescimento. A excelente rentabilidade da companhia é sustentada por um endividamento sob controle, evidenciado pela relação Dívida Líquida/EBITDA de apenas 0,2, patamar substancialmente abaixo da média do setor (1,76), o que garante robustez financeira mesmo com uma relação Dívida/Patrimônio de 1,24. Esse balanço desalavancado confere sustentabilidade ao expressivo Dividend Yield de 21,53%, patamar que se mostra coerente com a forte geração de caixa, embora o investidor deva monitorar a manutenção do lucro e do payout para suportar tais proventos no longo prazo. No campo do crescimento, a receita expandiu impressionantes 90,7% na média de cinco anos, superando com folga os 17,4% do setor, mas a análise das janelas temporais de três anos (10,7%) e de um ano (9,3%) revela que esse avanço está explicitamente desacelerando, o que serve como um importante sinal de alerta. Diante dessa perda de ritmo, o crescimento implícito de 4,8% ao ano embutido no preço atual pelo fluxo de caixa descontado reverso parece um patamar conservador e perfeitamente atingível frente ao histórico da empresa, embora o ano de 2025 apresente uma variação atípica que merece checagem manual para isolar possíveis efeitos não recorrentes. Sob a ótica do valuation, as estimativas de preço-teto mostram uma dispersão relevante entre os métodos conservadores, como o de Graham a R$ 3,61, e os mais otimistas, como o de Lynch a R$ 12,89, resultando em uma média de R$ 7,31 e uma mediana de R$ 5,99, o que confere um upside de 6,5% frente ao preço-teto ajustado com margem de segurança de R$ 5,39. O checklist de critérios reforça a solidez da tese ao atender 7 de 8 requisitos regulamentares, falhando apenas em entregar uma margem líquida igual ou superior a 15%, já que a margem registrada foi de 13,41%. Em suma, o ativo tem como prós a rentabilidade excepcional, o endividamento muito baixo e o dividendo altamente atrativo, enquanto os contras residem na clara desaceleração do crescimento de receita, na margem líquida abaixo do ideal e na tendência gráfica de baixa no curto prazo.

Gatilho de falseamento: a margem líquida recuar para menos de 10% no fechamento do próximo ano fiscal, o que invalidaria a tese de resiliência operacional e alta rentabilidade da companhia frente ao setor.",,True,False,,,Em Baixa,5.739999771118164,-11.846687377239352,-28.429988402808014,True,False,False,sem sinal (Em Baixa; sem novo topo (-11.8%))
B3SA3,BOVA11+AUVP11,BOVA11,Produtos financeiros,61.99,62.34,60.0,,,0.4,,93.58,15.14,,39.73,False,31,Não,Bandeira de alta,"Bandeira de alta (pré-confirmação) — pescoço R$23.30, preço 2.3% abaixo do pescoço; falta fechar acima e segurar",False,5,6,False,,True,,False,False,True,,True,True,6,10,True,True,True,,True,,True,False,True,True,True,,True,113409425408.0,21.56,6.14,4.04,3.87,28.49,23.11,22.2,49.45,,,,,,4.55,83.35,33.0,17.47,9.25,0.57,63.98,35.97,11.54,23.3,97.3,-2.3,42.8,15.39,15.47,-27.8,41.8,74.9,13.02,23.3,46.45,2.63,46.4,-3.24,1.43,1038343206.0,25.95,43.62,73.34,8.7,1.9,True,4,,3.5,6.8,False,,1.81,0.83,0.11,22.770000457763672,False,False,True,6.402154488215761,10.23714064215365,12.281858930511115,9.387408881560257,9.092295926969465,8.628719122173559,6.078598231331815,,9.38746829576352,9.432929882163604,8.489636893947244,4,True,1.9,-62.71569291491774,-58.77264775125306,2026-11-12,2026-09-23,última,,,False,False,,,Em Alta,23.299999237060547,-2.2746729470010885,-6.219111145710832,True,False,False,sem sinal (Em Alta)
VIVA3,BOVA11+SMALL11,BOVA11,Consumo discricionário,61.7,61.36,63.63636363636363,,,0.9,,75.46,49.7,66.65,16.44,False,32,Não,Fundo duplo,"Fundo duplo (pré-confirmação) — pescoço R$23.54, preço 22.8% acima do pescoço; falta fechar acima e segurar",False,6,8,False,,True,,False,False,True,True,True,True,7,11,True,True,True,True,False,True,True,False,True,True,True,0.27,True,6795403264.0,11.65,2.14,2.41,1.98,18.4,21.98,17.32,18.56,7.66,1.1,0.87,4.19,0.4,0.82,23.12,0.4,9.25,10.38,1.73,37.54,62.46,20.42,35.35,41.5,-18.3,29.0,26.45,26.44,-42.2,40.2,-10.4,20.42,32.35,-38.85,2.53,-18.3,-3.89,-0.05,83021272.0,17.89,29.98,50.26,4.8,9.6,False,6,,13.5,16.8,False,2024,1.17,0.56,0.05,28.899999618530273,False,False,False,4.171461314621533,7.845038536852754,33.92939177144354,27.454860838380373,40.014236011947695,10.772770693498156,29.20560369946909,17.26595781233469,,,,6,False,9.6,,,n/d,2025-12-22,última,,,False,False,,,Em Alta,28.079999923706055,2.92022684135389,-19.479536444998114,True,False,False,sem sinal (Em Alta)
TOTS3,BOVA11+SMALL11+AUVP11,BOVA11,Tecnologia de informação,61.05,57.39,81.81818181818181,,,0.5,,85.64,30.26,49.58,13.7,False,33,Não,Bandeira de alta,"Bandeira de alta (pré-confirmação) — pescoço R$36.82, preço 10.8% acima do pescoço; falta fechar acima e segurar",False,6,8,False,,True,,False,False,True,True,True,True,9,11,True,True,True,True,True,False,True,False,True,True,True,0.56,True,23133749248.0,16.58,4.33,1.72,1.48,26.12,14.98,23.37,21.63,9.27,2.09,1.23,1.84,0.92,1.11,24.57,269.5,19.43,7.39,1.0,42.41,54.01,26.94,47.23,51.5,-13.6,29.4,34.66,36.27,-43.0,39.5,1.1,26.94,46.62,-27.35,2.49,-24.1,-3.51,-0.3,195942925.0,23.12,38.46,63.97,7.3,9.2,False,5,,15.0,17.4,False,,0.82,0.4,-0.03,40.810001373291016,False,False,True,4.398250404304928,8.271548340999269,33.665591233657715,22.84660415906313,40.56851409279603,10.385147615992176,30.32444010367584,34.44815758731609,,,,5,False,9.2,,,2026-11-04,2026-09-24,última,,,False,False,,,Em Alta,39.31999969482422,3.789424440567646,-14.052670408379608,True,False,False,sem sinal (Em Alta)
TFCO4,SMALL11,SMALL11,Consumo discricionário,60.97,58.9,72.72727272727273,,,0.9,,80.35,29.27,69.24,15.75,False,34,Não,,,False,5,8,False,,True,,False,True,True,True,True,True,8,11,True,True,True,False,False,True,True,False,True,True,True,0.2,True,2412944896.0,16.57,3.98,2.11,1.86,23.99,26.81,27.1,13.1,10.12,0.48,0.24,3.17,0.28,1.1,30.75,9.3,10.46,16.01,1.67,41.96,57.74,12.56,17.98,26.6,-11.6,12.9,15.39,15.33,-30.2,33.8,0.9,12.56,17.54,-27.55,2.13,-20.6,-3.07,-0.32,11550372.0,10.05,15.47,23.81,7.3,7.5,True,7,,22.6,25.8,False,,1.22,0.69,0.11,15.899999618530273,False,False,False,2.145774285252129,4.035440026780616,13.124379150537962,9.287216776696196,16.174073065791845,6.114780413999999,11.821846427295894,7.489979570253418,9.721102204479418,9.287216776696196,8.358495099026577,7,True,7.5,-47.43084717256616,-38.86099095782246,n/d,n/d,,,,False,False,,,Em Alta,15.770000457763672,0.8243446860688008,-11.952137388358175,False,False,False,sem sinal (Em Alta)
SAPR4,AUVP11,SMALL11,Utilities,60.71,58.59,72.72727272727273,,,0.1,,56.46,57.29,64.5,59.59,True,35,Não,,,False,6,8,False,,True,,False,False,False,True,True,True,8,11,False,True,True,False,True,True,True,True,False,True,True,0.04,True,12422109184.0,27.29,1.03,1.37,6.48,3.76,14.91,11.83,6.04,4.67,0.89,1.03,1.86,0.6,2.37,176.78,11.5,10.54,5.91,0.51,53.34,46.66,6.24,9.08,31.7,-9.5,17.7,7.25,7.49,-31.3,31.2,5.4,6.24,9.08,-23.05,1.97,-0.6,-3.06,0.25,14916948.0,6.5,9.7,14.49,9.7,6.3,True,7,,8.3,5.2,True,,0.86,0.53,0.02,8.220000267028809,False,False,False,3.8725038807071406,7.282805685329881,4.119765142874282,7.354323177149505,5.41505794908591,1.7543033594410482,3.0361891788805577,11.110466967609213,6.027301711662355,5.41505794908591,4.873552154177319,7,True,6.3,-40.711046279090844,-26.67516404058492,n/d,n/d,,,,False,False,,,Em Alta,8.039999961853027,2.2388097764902914,-10.942571238338417,False,False,False,sem sinal (Em Alta)
ABCB4,SMALL11+DIVO11+AUVP11,SMALL11,Produtos financeiros,60.62,63.47,44.44444444444444,16.87,,0.4,,50.01,63.9,83.86,82.19,False,36,Não,Bandeira de alta,"Bandeira de alta (pré-confirmação) — pescoço R$28.24, preço 1.7% acima do pescoço; falta fechar acima e segurar",False,2,6,False,,True,,False,False,True,,False,True,4,9,True,False,False,,False,,True,False,True,True,True,,True,7405869568.0,7.34,1.03,9.07,9.96,14.05,14.98,0.0,40.92,,,,,,1.94,73.11,-2.9,6.45,1.54,,89.78,10.19,19.16,28.82,49.9,-0.3,19.8,23.59,23.51,-17.3,24.7,27.3,22.2,28.82,-1.15,1.56,24.7,-2.12,1.03,17201828.0,30.06,41.2,56.47,0.1,2.0,True,4,,7.9,13.6,False,,0.95,0.73,-0.04,28.719999313354492,False,False,True,20.805446449983656,29.77065852828505,40.7189967370114,49.546050609499595,53.756189180296936,34.67468320296665,20.10293510433664,,31.49244622956169,32.22267086562585,29.000403779063266,4,True,2.0,0.9763386922449824,9.653366930681084,n/d,n/d,,,,False,False,,,Em Alta,28.81999969482422,-0.34698259031448186,-1.6438405378200405,False,False,False,sem sinal (Em Alta)
ISAE4,BOVA11+DIVO11,BOVA11,Serviços públicos,60.5,59.95,63.63636363636363,,,0.1,,59.77,52.88,60.47,77.4,True,37,Não,,,False,5,8,False,,True,,False,False,True,True,True,True,7,11,False,True,False,True,True,False,True,True,True,True,True,0.67,True,21155506176.0,7.48,0.95,5.78,8.95,12.71,14.91,9.63,26.39,7.96,3.41,4.87,5.28,0.79,1.78,66.92,220.0,9.88,6.2,0.28,54.58,44.81,22.35,31.63,34.2,-5.2,9.3,27.37,27.13,-19.9,25.1,15.1,25.09,31.63,-13.35,1.58,22.4,-2.3,0.65,126730734.0,28.41,39.23,54.17,0.3,2.7,True,8,,20.0,18.1,True,,0.9,0.69,0.06,29.979999542236328,False,False,False,19.506655247977058,29.280072439689416,43.75388935117908,53.3470341139215,52.70945486309744,42.250695495471234,21.68686295365037,38.80722780101398,37.66773653325001,40.52896164824261,36.476065483418346,8,True,2.7,21.66799880043444,25.64288561840391,n/d,2026-10-09,próxima,,,False,False,,,Em Alta,29.440000534057617,1.83423572820256,-6.439403435426049,True,False,False,sem sinal (Em Alta)
CYRE3,BOVA11+SMALL11+AUVP11+Wishlist,BOVA11,Consumo discricionário,60.12,56.29,81.81818181818181,,,0.9,,59.79,54.4,45.38,67.12,False,38,Não,Bandeira de alta,"Bandeira de alta (pré-confirmação) — pescoço R$33.14, preço 0.1% abaixo do pescoço; falta fechar acima e segurar",False,4,8,False,,True,,False,False,True,True,True,True,9,11,True,True,False,True,False,False,True,False,True,True,False,0.54,True,11944890368.0,7.36,1.34,6.98,7.26,18.26,15.44,7.03,20.62,10.85,3.1,6.07,3.37,0.73,0.87,53.46,16.4,6.37,3.68,1.17,56.08,39.17,19.83,35.31,66.9,-6.2,41.4,26.65,26.33,-43.8,49.2,38.1,19.83,34.18,9.65,3.1,-5.4,-4.39,0.33,255808249.0,21.0,39.64,74.81,0.1,8.7,False,7,,20.3,18.3,True,2024,1.78,0.7,0.04,33.099998474121094,False,False,False,17.485333647711556,32.8837081181156,61.511217360743956,49.99515584013372,70.88528954855781,27.885381200782927,36.6928162553362,8.189550840551142,,,,7,False,8.7,,,2026-11-12,2025-12-10,última,"A Cyrela (CYRE3) apresenta um panorama de investimento intrigante no setor de consumo discricionário, onde seu retorno sobre o patrimônio líquido (ROE) de 18,3% situa-se confortavelmente acima da média setorial de 14,1%, sugerindo forte eficiência na alocação do capital dos acionistas, embora o retorno sobre o capital investido (ROIC) de 7,0% fique bem abaixo dos pares de 13,7%. Essa divergência de rentabilidade convive com múltiplos de preço atraentes, visto que o preço sobre o lucro (P/L) de 7,36 e o preço sobre o valor patrimonial (P/VP) de 1,34 indicam um valuation descontado para uma empresa com margem líquida robusta de 20,62%. No que tange à saúde financeira, o endividamento medido pela relação dívida líquida sobre EBITDA está em 3,1, posicionando-se acima da média setorial de 2,82, o que exige atenção, embora a liquidez corrente de 3,37 garanta excelente folga de curto prazo e o dividend yield de 6,98% mostre-se coerente com a geração de lucro atual. Sob a ótica do crescimento, o indicador composto de cinco anos de 16,4% fica abaixo da média do setor de 36,7%, sendo que a análise das janelas temporais revela uma desaceleração recente de 20,3% em três anos para 18,3% no último ano, um sinal de alerta importante que a média histórica isolada costuma ocultar. Adicionalmente, o ano de 2024 registrou uma variação atípica nos resultados, o que demanda uma checagem manual detalhada por parte do investidor para isolar possíveis eventos contábeis não recorrentes. O checklist de critérios fundamentalistas reforça essa postura de cautela ao aprovar apenas 4 dos 8 filtros aplicados, refletindo as fraquezas no ROIC, no crescimento comparativo e na alavancagem. Quanto ao valuation, as estimativas de preço-teto variam drasticamente entre R$ 17,49 pelo método de Bazin e R$ 70,89 pelo modelo de Lynch, evidenciando uma dispersão extremamente alta que exige prudência na utilização dessas referências, embora o crescimento implícito no preço atual de apenas 0,1% ao ano pelo fluxo de caixa descontado reverso pareça um patamar bastante conservador frente ao histórico de expansão da companhia. Como principais prós, destacam-se a forte margem líquida, o ROE superior ao setor e o valuation implícito conservador, enquanto os contras residem na desaceleração do crescimento, no ROIC abaixo dos pares e na alavancagem acima da média setorial.

Gatilho de falseamento: a relação dívida líquida sobre EBITDA subir para acima de 3,5 no fechamento anual de 2024, o que invalidaria a tese de sustentabilidade financeira e segurança do papel.",,True,False,,,Em Alta,34.18000030517578,-3.1597478683788816,-8.094232154625324,False,False,False,sem sinal (Em Alta)
MULT3,BOVA11+SMALL11,BOVA11,Imobiliário,60.08,59.45,63.63636363636363,,,0.8,,86.07,31.93,43.49,40.41,False,39,Não,Bandeira de alta,"Bandeira de alta (pré-confirmação) — pescoço R$36.19, preço 4.3% acima do pescoço; falta fechar acima e segurar",False,7,8,False,,True,,False,False,True,True,True,True,7,11,True,True,True,True,True,True,True,False,True,True,True,0.74,True,18462476288.0,13.97,2.87,3.08,3.93,20.52,17.07,18.7,43.42,9.7,2.13,1.56,1.64,0.75,1.51,54.91,62.0,14.46,10.89,0.29,52.11,47.88,25.65,37.74,47.1,0.0,30.1,28.9,29.33,-25.0,29.9,43.6,26.11,37.74,15.15,1.89,12.2,-2.81,0.83,215592501.0,36.24,53.14,77.92,6.2,3.4,True,8,,15.1,7.6,True,,1.26,0.81,0.02,37.7400016784668,False,False,False,10.787388411259888,20.28724981859521,36.94959408795326,28.271836642665647,35.61574044064827,21.51244176020263,23.346957672017947,37.14187695157733,26.739135723115023,25.8093971573418,23.22845744160762,8,True,3.4,-38.451360867689054,-29.149087085569757,2026-10-29,2026-10-01,última,,,False,False,,,Em Alta,37.15999984741211,1.560823017858759,-0.5795506093567049,True,False,False,sem sinal (Em Alta)
SAPR11,SMALL11+AUVP11,SMALL11,Serviços públicos,60.05,57.81,72.72727272727273,,,0.1,,56.46,55.0,64.5,57.53,True,40,Não,,,False,4,8,False,,True,,False,False,False,True,True,True,8,11,False,False,True,False,False,True,True,True,False,True,True,0.21,True,13011474432.0,28.58,1.07,1.28,6.35,3.76,14.91,11.83,6.04,4.86,0.89,1.03,1.86,0.6,2.49,181.47,11.5,7.51,5.91,0.51,53.34,46.66,31.45,47.9,36.9,-10.1,20.0,37.45,38.63,-34.3,33.5,7.1,31.45,47.9,-21.35,2.11,0.5,-3.23,0.32,64303057.0,33.89,52.05,79.95,9.9,6.1,True,7,,8.3,5.2,True,,0.99,0.57,0.04,43.04999923706055,False,False,False,19.87935504048914,37.386012866468285,20.602270566506775,36.92677720061025,26.88649835664528,15.033916666666668,15.183484685429336,91.16877018218555,24.556902197545107,20.602270566506775,18.542043509856097,7,True,6.1,-56.92905031716291,-42.95725288560573,n/d,n/d,,,,False,False,,,Em Alta,41.970001220703125,2.573261817835437,-11.637934814404648,False,False,False,sem sinal (Em Alta)
ITUB3,DIVO11+AUVP11,SMALL11,Financial Services,59.84,56.67,77.77777777777777,15.95,,0.4,,58.07,37.34,70.71,70.55,False,41,Não,Bandeira de alta,"Bandeira de alta (pré-confirmação) — pescoço R$54.12, preço 1.1% abaixo do pescoço; falta fechar acima e segurar",False,3,6,False,,True,,False,False,True,,True,True,7,9,True,True,False,,False,,True,False,True,True,True,,True,589670187008.0,12.66,2.84,5.82,8.3,22.45,19.06,0.0,32.58,,,,,,1.56,105.14,8.1,,1.58,,92.99,6.67,29.36,54.86,82.2,-2.5,21.2,41.4,40.31,-15.9,26.7,50.4,35.56,54.86,21.95,1.68,54.9,-2.66,1.81,95440918.0,68.31,95.86,134.53,5.4,1.9,True,4,,6.6,4.2,True,,1.14,0.82,0.06,53.5,False,False,True,32.31243706776197,60.7682284209846,57.79952097028996,42.322276306427085,69.3243293587462,44.802317944384626,33.401579778830964,,48.92062610085529,51.300919457337294,46.17082751160356,4,True,1.9,-13.699387828778386,-8.559577381578897,n/d,n/d,,,,False,False,,,Em Alta,54.86000061035156,-2.4790386351088434,-3.4818695553850976,False,False,False,sem sinal (Em Alta)
KEPL3,SMALL11+DIVO11+Wishlist,SMALL11,Bens Industriais,59.69,63.81,36.36363636363637,,,0.7,,63.51,49.42,65.38,97.95,False,42,Não,Bandeira de alta,"Bandeira de alta (pré-confirmação) — pescoço R$7.00, preço 6.3% acima do pescoço; falta fechar acima e segurar",False,5,8,False,,True,,False,False,True,True,False,False,4,11,True,True,False,False,False,True,True,True,True,True,True,-0.02,True,1289036928.0,9.57,1.68,3.88,16.81,17.52,36.22,12.97,9.71,7.64,-0.07,-0.07,2.04,0.43,,160.83,-56.2,15.23,6.76,1.34,48.81,51.19,5.69,10.45,30.8,-28.8,14.5,7.7,7.89,-45.6,35.6,-24.7,5.69,10.45,-53.15,2.24,-5.3,-3.04,-0.05,9668030.0,4.97,7.86,12.43,3.0,6.3,True,6,,-6.4,-7.3,True,,0.88,0.47,-0.03,7.440000057220459,False,False,False,9.093317441985889,13.336865581579305,8.292581046013748,8.801437071235659,,8.987435936460594,2.1146081667335057,6.388132985793053,9.149961677178041,8.894436503848127,8.004992853463314,6,True,6.3,7.593989138407786,22.983354930193567,n/d,2025-12-16,última,"A Kepler Weber (KEPL3) apresenta-se como uma opção intrigante no setor de bens industriais, onde sua eficiência operacional se destaca pelo retorno sobre o patrimônio líquido de 17,5%, posicionando-se bem acima da média dos seus pares de 10,8%, embora o retorno sobre o capital investido de 13,0% fique ligeiramente abaixo da média setorial de 13,3%. Essa sólida rentabilidade convive com múltiplos de valuation razoáveis, visto que o preço sobre lucro de 9,57 e o preço sobre valor patrimonial de 1,68 sugerem que o mercado não cobra um prêmio excessivo pela qualidade entregue. No âmbito financeiro, a excelente relação entre rentabilidade e endividamento é evidenciada pela relação dívida líquida sobre EBITDA negativa de -0,07, muito abaixo da média do setor de 2,38, o que, somado a uma liquidez corrente de 2,04, confere extrema segurança ao balanço. Essa estrutura de capital desalavancada suporta um rendimento de dividendos de 3,88% que, apesar de moderado, mostra-se sustentável frente à robustez do caixa, embora o investidor deva monitorar a capacidade de geração de lucro futuro para manutenção desses proventos. O grande ponto de atenção reside no crescimento, dado que a contração na receita de 56,2% nos últimos cinco anos contrasta fortemente com a expansão média setorial de 47,1%, com as janelas temporais mais recentes de três anos em -6,4% e de um ano em -7,3% confirmando que a empresa vem desacelerando, um sinal de alerta que exige checagem manual detalhada sobre possíveis eventos atípicos ou mudanças estruturais nesses períodos. Diante desse cenário de retração, o crescimento implícito de 3,0% ao ano embutido no preço atual de R$ 7,44 pelo fluxo de caixa descontado reverso parece um patamar conservador e perfeitamente atingível, mesmo para uma companhia em ritmo de desaceleração. Sob a ótica de avaliação, as estimativas de preço-teto revelam uma dispersão relevante entre os métodos, variando desde R$ 8,29 pelo fluxo de caixa descontado até R$ 13,34 pelo modelo de Gordon, resultando em uma média de R$ 9,15 e uma mediana de R$ 8,89, o que garante um upside de 7,6% frente ao preço-teto ajustado com margem de segurança de R$ 8,00. No checklist de critérios fundamentais, a empresa atende a 5 de 8 requisitos, penalizada principalmente pelas margens e taxas de crescimento inferiores às referências adotadas. Em suma, os prós da tese concentram-se na excelente saúde financeira, ausência de dívida líquida e forte retorno sobre o patrimônio, enquanto os contras residem na clara perda de tração das receitas e no retorno sobre o capital investido abaixo da média de seus pares.

Gatilho de falseamento: margem líquida abaixo de 8,0% no fechamento do próximo resultado anual.",,True,False,,,Em Alta,7.21999979019165,3.0470951997488838,-29.14285659790039,False,False,False,sem sinal (Em Alta)
TAEE11,BOVA11+SMALL11+DIVO11,BOVA11,Serviços públicos,59.67,60.57,54.54545454545455,,,0.1,,72.69,36.79,49.12,88.36,True,43,Não,Bandeira de alta,"Bandeira de alta (pré-confirmação) — pescoço R$43.89, preço 4.0% acima do pescoço; falta fechar acima e segurar",False,6,8,False,,True,,True,False,True,False,True,False,6,11,True,True,True,True,False,False,True,True,True,True,True,0.45,True,47158607872.0,9.67,1.95,6.59,11.15,20.14,22.05,11.11,36.48,10.36,4.36,5.39,3.48,1.36,0.72,107.85,13.5,10.9,6.9,0.24,66.19,33.81,33.33,45.63,36.9,0.0,15.0,39.73,39.53,-15.3,23.2,14.4,36.91,45.63,-14.05,1.46,22.0,-2.32,0.82,87405272.0,45.79,61.61,82.88,3.1,5.6,True,7,,20.9,24.4,False,,0.81,0.67,0.09,45.630001068115234,True,False,False,37.01060336657415,69.603812137783,64.5398820858687,49.84380580075883,116.32893595759569,20.619166666666672,53.60463413999888,37.57410033740617,61.21511054656934,53.60463413999888,48.24417072599899,7,True,5.6,5.729058945191334,34.15540020520507,n/d,2026-08-17,última,,,False,False,,,Em Alta,44.7400016784668,1.989269906703628,-1.7018464713309256,True,False,False,sem sinal (Em Alta)
SEER3,SMALL11,SMALL11,Consumo discricionário,59.57,60.46,54.54545454545455,,,0.9,,68.62,74.85,35.49,37.67,False,44,Não,Bandeira de alta,"Bandeira de alta (pré-confirmação) — pescoço R$16.09, preço 5.2% acima do pescoço; falta fechar acima e segurar",False,7,8,False,,False,,False,False,True,False,True,True,6,11,True,True,True,False,True,True,True,True,True,False,True,0.73,True,2166444800.0,8.02,1.43,5.22,3.63,17.83,-1.1,17.04,10.92,3.47,1.82,1.47,1.56,1.16,0.63,29.08,72.6,6.8,8.94,0.47,59.3,40.7,8.0,16.92,111.5,0.0,41.1,11.09,11.08,-25.4,53.5,88.6,8.89,16.92,60.15,3.37,38.6,-5.13,0.97,13552605.0,14.11,28.19,56.33,1.1,7.7,True,5,,9.8,11.9,False,2025,1.43,0.52,0.03,16.920000076293945,False,False,False,4.4625339968871645,8.39244296833941,28.855603058276213,23.69934901914553,34.326802411267984,8.96716045446509,22.81106140292628,32.79854885116629,28.498272948556462,28.855603058276213,25.97004275244859,5,True,7.7,53.48724961789073,68.42950839275971,n/d,n/d,,,,False,False,,,Em Alta,16.559999465942383,2.173916799284603,-0.8787324031163002,False,False,False,sem sinal (Em Alta)
BMGB4,DIVO11,SMALL11,Financial Services,59.14,57.81,66.66666666666667,12.81,,0.4,,49.02,84.5,25.86,94.52,False,45,Não,,,False,3,6,False,,True,,False,False,True,,True,True,6,9,True,False,False,,True,,True,False,True,False,True,,True,4381521408.0,7.07,1.02,7.51,15.4,14.47,7.04,0.0,30.16,,,,,,0.27,108.89,26.0,6.46,1.27,,91.8,7.94,3.43,6.9,98.8,-1.2,26.3,4.92,4.86,-15.1,33.3,42.9,4.53,6.9,14.45,2.09,73.0,-2.61,1.77,9675418.0,8.7,13.32,20.39,-0.3,1.9,True,4,,8.1,-1.8,True,,0.89,0.51,0.03,6.820000171661377,False,False,False,7.639329998791388,14.36686899772703,13.19377685260037,12.046637773163365,28.939180360656476,14.45881736694123,11.88435673477626,,12.414698304015005,13.7803229251637,12.40229063264733,4,True,1.9,81.85176422988398,82.03369489051991,n/d,n/d,,,,False,False,,,Em Alta,6.900000095367432,-1.1594191681209676,-2.987198177518935,False,False,False,sem sinal (Em Alta)
ABEV3,BOVA11+AUVP11,BOVA11,Bens de primeira necessidade,59.03,59.82,54.54545454545455,,,0.0,,78.02,25.33,65.88,52.05,True,46,Não,,,False,7,8,False,,True,,False,False,True,True,True,True,6,11,True,True,True,True,True,True,True,False,True,True,True,-0.17,True,248976261120.0,15.39,2.83,5.33,5.55,18.4,17.07,20.62,18.41,8.74,-0.57,-0.38,1.02,0.03,5.73,85.4,24.6,14.36,10.3,0.81,38.81,60.59,11.01,16.83,46.6,-4.0,2.7,15.23,14.72,-13.6,25.8,19.2,13.54,16.83,-9.25,1.63,40.6,-1.92,1.03,417454655.0,16.98,23.44,32.35,6.8,3.2,True,8,,3.4,-1.4,True,,0.66,0.49,0.06,16.149999618530273,False,False,True,6.517287741040831,8.318038820676712,9.740589599957367,11.6078355775426,8.642691477172447,15.01462076419997,4.659059182248262,11.416745755479647,9.48960861478973,9.191640538564908,8.272476484708417,8,True,3.2,-48.777234178899306,-41.24081214279725,2026-10-29,2026-09-22,última,,,False,False,,,Em Alta,16.5,-2.121214433149854,-4.519903922958324,True,False,False,sem sinal (Em Alta)
CYRE4,AUVP11,SMALL11,Consumer Cyclical,58.88,51.62,100.0,,,0.9,,59.79,61.73,45.38,2.05,False,47,Não,Bandeira de alta,"Bandeira de alta (pré-confirmação) — pescoço R$31.75, preço 1.4% abaixo do pescoço; falta fechar acima e segurar",False,5,7,False,,True,,,,True,True,True,True,9,9,True,True,True,True,True,False,,False,True,True,False,0.54,True,,6.96,1.27,0.0,0.0,18.26,15.44,7.03,20.62,10.4,3.1,6.07,3.37,0.73,0.46,,16.4,,3.68,1.17,56.08,39.17,18.14,32.5,72.5,-3.7,42.2,22.28,23.25,-39.9,53.3,6.6,18.14,32.5,-21.85,3.36,,-4.74,0.18,10037043.0,17.61,34.51,67.62,-0.5,5.4,True,4,,20.3,18.3,True,2024,1.88,0.72,0.12,31.299999237060547,,False,False,,,61.50908266830585,49.93776551046948,67.45689490745808,,55.40459635065891,12.425633732785275,58.577084859223085,58.45683950948238,52.61115555853414,4,True,5.4,68.08676307007788,87.14724053368441,n/d,n/d,,,,False,False,,,Em Alta,32.5,-3.6923100398137065,-5.495168337919532,False,False,False,sem sinal (Em Alta)
SANB11,BOVA11+Wishlist,BOVA11,Produtos financeiros,58.81,59.39,55.55555555555556,14.99,,0.4,,50.57,73.83,57.0,67.81,False,48,Não,,,False,3,6,False,,True,,True,False,True,,True,False,5,9,True,False,False,,True,,True,False,True,True,True,,True,156260794368.0,7.04,1.1,7.93,7.32,15.69,10.65,0.0,28.66,,,,,,0.93,51.51,49.8,6.65,1.11,,90.04,9.86,25.1,36.14,15.9,-19.5,4.0,29.55,29.5,-30.6,31.5,-8.7,25.1,36.14,-37.15,1.99,13.0,-2.74,0.02,123947740.0,21.4,31.94,47.68,-0.4,3.7,True,4,,2.6,-3.8,True,,0.94,0.58,-0.04,29.079999923706055,True,False,False,15.473924421425272,29.100961089325594,56.4970673004553,49.56818168813532,61.649848494160814,36.69441985405788,31.348952025458676,,34.44159316631601,32.89769047169173,29.60792142452256,4,True,3.7,1.815410942921436,18.43739084139122,n/d,2026-07-22,última,"A análise fundamentalista do Santander Brasil (SANB11) revela uma instituição financeira de grande porte que navega por um cenário de transição, onde múltiplos descontados convivem com uma rentabilidade pressionada em relação aos seus pares. O retorno sobre o patrimônio líquido (ROE) de 15,7% situa-se abaixo da média do setor de 18,4%, enquanto o retorno sobre o capital investido (ROIC) registrado em 0,0% também fica aquém da média setorial de 2,2%, sugerindo uma eficiência na alocação de capital menos expressiva no momento atual. Essa rentabilidade mais contida, contudo, é compensada por um valuation atrativo, evidenciado pelo preço sobre lucro (P/L) de 7,04 e preço sobre valor patrimonial (P/VP) de 1,1, indicando que a relação entre qualidade e preço pende para o lado do valor, com o mercado precificando o papel de forma conservadora. No âmbito dos proventos, o dividend yield de 7,93% mostra-se robusto e coerente com a forte geração de caixa traduzida em uma margem líquida de 28,66%, sustentando-se de forma saudável mesmo diante das oscilações de curto prazo. O crescimento histórico de receita em cinco anos apresenta uma taxa anual média (CAGR) de 49,8%, significativamente acima da média setorial de 12,7%, mas a análise das janelas temporais mais recentes de 2,6% em três anos e de -3,8% no último ano aponta que a empresa está explicitamente DESACELERANDO, um sinal de alerta importante que a média de longo prazo costuma ocultar. Diante dessa perda de fôlego recente, o crescimento implícito de -0,4% ao ano embutido no preço atual pelo modelo de fluxo de caixa descontado reverso mostra-se um patamar bastante conservador e de baixo risco para o investidor, uma vez que o mercado já precifica uma leve retração perpétua nos resultados. No checklist de critérios fundamentalistas, o banco atende a apenas 3 de 6 requisitos, penalizado principalmente pelo ROE e ROIC abaixo da média do setor e por transações de insiders, o que demanda atenção na governança. Quanto ao valuation, a análise dos preços-teto revela uma dispersão acentuada entre os métodos, variando desde os conservadores R$ 15,47 de Bazin até os otimistas R$ 61,65 de Lynch, resultando em uma média de R$ 34,44 e uma mediana de R$ 32,90, o que confere um upside modesto de 1,8% frente ao preço ajustado com margem de segurança de R$ 29,61. Como prós, destacam-se o valuation descontado, o dividendo atrativo e a margem líquida robusta; como contras, pesam a tendência gráfica de baixa, a desaceleração recente das receitas e os indicadores de rentabilidade abaixo de seus pares de mercado.

Gatilho de falseamento: ROE abaixo de 15,0% no fechamento anual.",,True,False,,,Em Baixa,30.530000686645508,-4.749429185482191,-20.239348538927302,True,False,False,sem sinal (Em Baixa; sem novo topo (-4.7%))
VBBR3,BOVA11+DIVO11,BOVA11,Consumo discricionário,58.76,56.3,72.72727272727273,,,0.9,,60.66,55.38,46.65,58.22,False,49,Não,Bandeira de alta,"Bandeira de alta (pré-confirmação) — pescoço R$38.42, preço 2.3% abaixo do pescoço; falta fechar acima e segurar",False,6,8,False,,True,,False,False,True,True,True,True,8,11,True,True,True,False,True,True,True,False,False,True,True,0.68,True,44917796864.0,8.9,1.91,5.13,6.37,21.49,20.83,16.06,2.48,6.38,1.52,1.3,2.01,0.93,0.96,56.73,677.0,10.91,9.71,0.57,65.98,33.8,20.1,39.97,86.8,-6.1,12.5,29.78,29.41,-18.4,28.2,51.3,24.44,39.97,22.85,1.78,84.7,-2.4,1.81,479202360.0,48.01,68.97,99.08,2.3,3.8,True,8,,1.4,9.9,False,,0.85,0.58,0.15,37.54999923706055,False,False,False,17.407628565753942,32.737572431724345,57.70641419541019,43.20057274287296,66.12492302306534,38.29751582444313,36.58386832421912,27.036962444029243,39.886932193939785,37.440692074331125,33.69662286689801,8,True,3.8,-10.261987878709167,6.223523313877366,n/d,n/d,,,,False,False,,,Em Alta,39.970001220703125,-6.054545683599077,-8.90344947830638,False,False,False,sem sinal (Em Alta)
ITUB4,BOVA11+DIVO11+AUVP11,BOVA11,Produtos financeiros,58.65,55.27,77.77777777777777,15.95,,0.4,,58.07,33.41,70.71,66.44,False,50,Não,Bandeira de alta,"Bandeira de alta (pré-confirmação) — pescoço R$49.48, preço 0.3% abaixo do pescoço; falta fechar acima e segurar",False,3,6,False,,True,,False,False,True,,True,True,7,9,True,True,False,,False,,True,False,True,True,True,,True,543929368576.0,11.67,2.62,6.31,7.18,22.45,19.06,0.0,32.58,,,,,,3.2,83.77,8.1,9.76,1.58,,92.99,6.67,33.35,50.45,48.0,-2.2,19.1,41.02,40.71,-22.5,26.7,28.7,37.48,50.45,0.25,1.68,24.8,-2.53,1.03,1466908693.0,51.22,71.91,100.94,4.8,1.7,True,4,,6.6,4.2,True,,1.2,0.86,0.03,49.349998474121094,False,False,True,25.764735761123827,36.326861266379716,43.362645683244786,42.33429472319773,45.760761713788014,42.954942870158305,21.36077962636329,,37.10229639522666,39.640902068269014,35.67681186144211,4,True,1.7,-27.70655934234555,-24.818039427735894,n/d,2026-11-03,próxima,,,False,False,,,Em Alta,50.45000076293945,-2.180381114337704,-2.9498525958921884,True,False,False,sem sinal (Em Alta)
VIVT3,BOVA11,BOVA11,Comunicação,58.54,51.22,100.0,,,0.4,,44.24,58.28,52.18,63.01,False,51,Não,,,False,5,8,False,,True,,True,True,True,True,True,True,11,11,False,True,True,False,True,False,True,True,True,False,True,0.17,True,102355263488.0,15.66,1.57,7.95,6.68,10.05,7.53,9.1,10.68,4.5,0.56,0.85,0.95,0.3,0.85,104.67,18.5,10.49,5.51,0.48,46.12,53.66,29.02,40.59,10.4,-21.1,0.2,32.75,33.51,-28.5,26.2,4.3,29.02,40.59,-24.15,1.65,-1.2,-2.34,-0.23,172530822.0,23.89,33.45,46.85,6.9,3.3,True,8,,7.4,6.7,True,,0.78,0.57,0.04,32.029998779296875,True,False,False,15.570092714394963,29.28181952416859,27.974950526144017,30.640967635094444,51.5098181506975,34.85113251742049,25.198568643738028,38.858342373138726,31.735711510599597,29.96139357963152,26.965254221668367,8,True,3.3,-15.812503124109355,-0.9187863874896451,n/d,n/d,,,,False,False,,,Em Alta,31.8799991607666,0.47051324491522717,-21.616610113209013,False,False,False,sem sinal (Em Alta)
BBDC3,BOVA11+DIVO11+AUVP11,BOVA11,Produtos financeiros,58.42,56.97,66.66666666666667,15.65,,0.4,,47.03,59.69,66.43,76.03,False,52,Não,Bandeira de alta,"Bandeira de alta (pré-confirmação) — pescoço R$19.36, preço 2.1% abaixo do pescoço; falta fechar acima e segurar",False,3,6,False,,True,,False,False,True,,True,True,6,9,True,False,False,,True,,True,False,True,True,True,,True,200664907776.0,8.11,1.15,6.04,8.76,14.13,11.35,0.0,26.07,,,,,,1.98,71.05,17.8,,1.07,,92.32,7.66,13.34,19.99,42.0,-5.2,21.6,15.49,15.68,-22.4,28.7,27.0,13.9,19.99,-1.45,1.81,19.4,-2.27,0.82,249340943.0,18.44,26.47,37.99,1.3,2.1,True,4,,2.7,11.9,False,,1.27,0.85,-0.05,18.950000762939453,False,False,True,12.073985531996868,17.890209234175664,25.17969401125835,29.43344818834709,30.02890848471165,18.610289452262748,12.472870036087578,,18.438544557423405,18.250249343219206,16.425224408897286,4,True,2.1,-13.323357532416969,-2.6989772291529546,2026-10-22,2026-10-14,próxima,,,False,False,,,Em Alta,19.989999771118164,-5.202596398631865,-6.373512958332627,True,False,False,sem sinal (Em Alta)
ITSA4,BOVA11+DIVO11+AUVP11+Wishlist,BOVA11,Financial Services,58.32,56.26,70.0,,,0.4,,60.95,37.98,,80.82,False,53,Não,Bandeira de alta,"Bandeira de alta (pré-confirmação) — pescoço R$16.36, preço 1.9% abaixo do pescoço; falta fechar acima e segurar",False,5,6,False,,True,,False,False,True,,True,True,7,10,True,True,True,,True,,True,False,True,True,True,,True,179877969920.0,9.91,1.92,7.03,9.45,19.36,17.48,0.38,214.29,,,,,,8.03,93.62,28.4,8.47,0.38,0.64,16.02,79.82,9.78,16.54,64.1,-3.0,19.4,13.07,12.75,-17.7,27.4,41.5,11.35,16.54,13.05,1.72,42.0,-2.32,1.38,438645241.0,18.28,25.87,36.59,3.3,1.5,True,4,,-0.9,0.2,False,,1.26,0.89,0.06,16.049999237060547,False,False,True,11.027651364855219,12.264970743963291,13.100327487313077,17.45335143387462,17.30011270209864,16.73783980388269,5.684853755385386,,13.28269735000357,12.682649115638185,11.414384204074366,4,True,1.5,-28.882338027046305,-17.241757125240774,n/d,2026-12-01,próxima,"A Itaúsa (ITSA4) apresenta-se como uma holding financeira robusta, cujo retorno sobre o patrimônio líquido (ROE) de 19,4% situa-se acima da média do setor de 18,8%, sugerindo uma eficiente alocação de capital que é corroborada por um retorno sobre o capital investido (ROIC) de 0,4%, também acima dos 0,1% dos pares setoriais. Essa qualidade operacional convive com múltiplos de valuation mistos, uma vez que o preço sobre o lucro (P/L) de 9,91 e o preço sobre o valor patrimonial (P/VP) de 1,92 indicam que o mercado cobra um prêmio pela empresa, refletido em um índice PEG elevado de 8,03. A rentabilidade da companhia é expressiva, ostentando uma margem líquida de 214,29% que, por ser atipicamente elevada, merece uma checagem manual detalhada para identificar possíveis eventos contábeis não recorrentes ou a equivalência patrimonial do Itaú Unibanco. No quesito proventos, o dividend yield de 7,03% mostra-se coerente e sustentável frente à forte geração de lucros, sendo suportado pelo histórico de distribuição da holding. Embora o crescimento da receita nos últimos cinco anos, de 28,4%, supere a média setorial de 20,8%, a análise das janelas temporais mais recentes revela que a receita está DESACELERANDO, com uma taxa de -0,9% em três anos e uma leve recuperação de 0,2% no último ano, o que serve como um claro sinal de alerta. Diante disso, o crescimento implícito de 3,3% ao ano embutido no preço atual de R$ 16,05 pelo fluxo de caixa descontado reverso parece um patamar exigente quando confrontado com essa recente perda de tração operacional. Sob a ótica do valuation, os preços-teto calculados revelam uma dispersão relevante entre os métodos, variando desde R$ 11,03 pelo modelo de Bazin até R$ 17,45 pelo critério de Graham, resultando em uma média de R$ 13,28 e um upside negativo de 28,9% em relação ao preço-teto ajustado com margem de segurança de R$ 11,41. O checklist de critérios fundamentalistas reforça a solidez do papel ao atender 5 de 6 requisitos possíveis, pecando apenas pela ocorrência de venda de ações por parte de insiders. Em balanço, a Itaúsa destaca-se positivamente por sua rentabilidade superior aos pares, forte histórico de dividendos e governança testada, mas traz como contrapartidas o valuation esticado frente ao preço-teto ajustado e a nítida desaceleração recente em sua receita.

Gatilho de falseamento: ROE abaixo de 18,8% no fechamento anual.",,True,False,,,Em Alta,16.540000915527344,-2.962525098815416,-3.487672597569258,True,False,False,sem sinal (Em Alta)
CPFE3,BOVA11+DIVO11+AUVP11,BOVA11,Serviços públicos,57.78,58.35,54.54545454545455,,,0.1,,76.13,43.8,30.08,71.23,True,54,Não,,,False,6,8,False,,True,,False,False,True,False,True,True,6,11,True,True,True,False,False,True,True,True,True,True,True,1.44,True,58027536384.0,9.66,2.55,7.41,8.31,26.43,27.84,15.57,13.16,6.14,2.35,2.07,0.92,1.55,1.85,80.24,21.5,12.58,8.79,0.29,71.02,27.73,35.09,52.32,43.5,-3.7,11.9,45.21,45.09,-21.6,26.1,1.1,40.99,52.32,-27.35,1.64,30.1,-2.55,0.93,91907016.0,50.93,71.14,99.37,3.1,3.0,True,8,,4.1,4.1,False,,0.9,0.66,0.05,50.36000061035156,False,False,False,30.421709975880827,51.61933935053937,64.33313603096362,48.130273806992136,70.5320394968372,60.89987113464124,31.607187873462863,92.33635535336062,56.23498912783473,56.259605242590304,50.633644718331276,8,True,3.0,0.543375902826071,11.665981823430638,2026-11-12,2026-04-30,última,,,False,False,,,Em Alta,50.09000015258789,0.5390306586966931,-4.9664928537378135,True,False,False,sem sinal (Em Alta)
ALUP11,SMALL11,SMALL11,Serviços públicos,57.66,55.0,72.72727272727273,,,0.1,,59.66,51.55,52.34,47.95,True,55,Não,,,False,7,8,False,,True,,False,False,True,False,True,True,8,11,True,True,True,True,True,False,True,True,True,True,True,0.81,True,18721820672.0,9.36,1.35,2.74,4.76,14.38,12.27,10.21,27.68,6.93,3.48,4.68,3.17,1.11,1.17,44.52,176.5,14.23,5.7,0.32,60.84,28.54,29.74,39.36,32.3,0.0,20.5,32.77,32.93,-15.6,23.4,24.8,30.63,39.36,-3.65,1.47,12.2,-2.04,0.65,42943964.0,37.99,51.2,69.0,2.8,4.9,True,7,,4.7,9.9,False,,0.86,0.71,0.01,39.36000061035156,False,False,False,13.616787331657942,25.60834520760187,57.51530279428267,52.522035262522486,53.54924513172208,33.694493428666036,32.90735803190538,66.38889696751563,46.026525260602305,52.522035262522486,47.26983173627024,7,True,4.9,20.096115353815346,16.93730829998379,n/d,n/d,,,,False,False,,,Em Alta,38.18000030517578,3.090624137621645,1.7317188095738345,False,False,False,sem sinal (Em Alta)
RECV3,SMALL11+DIVO11,SMALL11,Energia,57.44,61.16,36.36363636363637,,,0.9,,52.87,70.79,54.85,86.99,False,56,Não,,,False,4,8,False,,True,,False,False,True,True,False,False,4,11,False,False,False,True,False,True,True,True,True,True,True,0.36,True,3551133696.0,7.11,0.8,14.09,10.7,11.26,17.76,10.15,16.73,3.59,1.18,1.6,2.91,0.72,2.64,76.08,-14.8,7.38,5.06,0.52,50.04,49.96,8.89,13.47,36.1,-10.2,15.1,10.52,10.71,-31.9,32.8,28.7,9.17,13.47,0.25,2.06,11.0,-3.18,0.16,21109615.0,9.12,13.89,21.14,-0.3,3.2,True,8,,2.0,-3.3,True,,0.68,0.4,0.07,12.100000381469727,False,False,False,9.416727600668388,12.025667772418661,15.806010970880449,24.065608605018383,22.794111099092095,20.82332083345685,7.562183023491493,11.39708710766327,15.486339626586197,13.915839371649554,12.5242554344846,8,True,3.2,3.5062399970217317,27.986273870721547,n/d,n/d,,,,False,False,,,Em Alta,11.699999809265137,3.418808365174786,-12.244948257688538,False,False,False,sem sinal (Em Alta)
CMIG4,BOVA11+DIVO11+AUVP11,BOVA11,Serviços públicos,56.84,55.64,63.63636363636363,,,0.1,,54.76,54.64,37.38,98.63,True,57,Não,,,False,5,8,False,,True,,True,False,True,True,False,True,7,11,True,True,False,False,False,True,True,True,True,True,True,0.67,True,34528432128.0,7.52,1.18,8.46,17.67,15.75,21.33,9.3,10.51,7.06,2.49,3.69,1.17,0.78,,132.84,-20.4,10.35,5.94,0.42,57.36,42.63,9.56,13.2,26.3,-8.5,11.1,10.86,10.87,-25.1,23.9,15.3,9.89,13.2,-13.15,1.51,16.0,-2.33,0.41,185858296.0,10.94,14.85,20.17,0.4,5.2,True,6,,10.4,7.4,True,,0.91,0.73,0.09,12.069999694824219,True,False,False,15.506896471093869,22.743448157604345,17.120566943013078,19.219788055866648,,14.127676775544375,4.365744570468335,17.98965877604529,17.784672529861265,17.55511285952918,15.799601573576263,6,True,5.2,30.899767796608547,47.34608930841626,2026-11-12,2026-09-23,última,,,False,False,,,Em Alta,11.989999771118164,0.667222061995032,-8.930287997224495,True,False,False,sem sinal (Em Alta)
BBDC4,BOVA11+DIVO11+AUVP11+Wishlist,BOVA11,Produtos financeiros,56.52,54.73,66.66666666666667,15.65,,0.4,,47.03,52.36,66.43,71.92,False,58,Não,Bandeira de alta,"Bandeira de alta (pré-confirmação) — pescoço R$21.84, preço 1.5% abaixo do pescoço; falta fechar acima e segurar",False,3,6,False,,True,,False,False,True,,True,True,6,9,True,False,False,,True,,True,False,True,True,True,,True,227773202432.0,9.2,1.3,5.85,8.39,14.13,11.35,0.0,26.07,,,,,,2.85,77.18,17.8,7.36,1.07,,92.32,7.66,15.62,22.8,37.7,-5.7,20.8,17.87,18.12,-24.6,30.1,23.5,15.72,22.8,-4.95,1.9,16.2,-2.49,0.7,1109327489.0,19.92,29.16,42.68,2.6,1.7,True,4,,2.7,11.9,False,,1.3,0.83,-0.05,21.510000228881836,False,False,False,13.124342927434732,17.696713555246465,22.927934967054078,29.50299354397279,27.1527833746785,20.301737042416196,11.183540366439123,,18.512682123037866,18.99922529883133,17.0993027689482,4,True,1.7,-20.505334323573454,-13.934533119248515,n/d,2026-10-14,próxima,"O Bradesco (BBDC4) apresenta um panorama de transição sob a ótica fundamentalista, onde a qualidade e o preço travam um embate claro. O retorno sobre o patrimônio líquido (ROE) de 14,1% e o retorno sobre o capital investido (ROIC) de 0,0% situam-se abaixo dos pares do setor de produtos financeiros, que registram médias de 18,4% e 2,2%, respectivamente, sugerindo que a instituição enfrenta desafios temporários para rentabilizar seus ativos no mesmo patamar de seus concorrentes diretos. Essa rentabilidade mais pressionada convive com múltiplos de valuation moderados, evidenciados pelo preço sobre lucro (P/L) de 9,2 e preço sobre valor patrimonial (P/VP) de 1,3, indicando que o mercado já precifica parte dessa compressão de margens. No quesito de proventos, o dividend yield de 5,85% mostra-se coerente com a robusta margem líquida de 26,07% e com a natureza do setor bancário, que historicamente opera sem o indicador tradicional de dívida líquida sobre EBITDA elevado, garantindo a sustentabilidade dos pagamentos. Sob a ótica do crescimento, a receita expandiu a uma taxa média anual de 17,8% nos últimos cinco anos, superando a média setorial de 12,7%, contudo, a análise detalhada por janelas temporais revela que o indicador está DESACELERANDO, visto que a taxa despencou para 2,7% na janela de três anos antes de ensaiar uma recuperação para 11,9% no último ano. Essa oscilação expressiva nas janelas de crescimento aponta que o desempenho recente merece checagem manual detalhada para identificar possíveis eventos contábeis não recorrentes ou provisões atípicas que distorceram os resultados de curto prazo. O checklist de critérios reforça essa dualidade ao aprovar apenas 3 dos 6 requisitos aplicáveis, penalizado principalmente pelo ROE e ROIC abaixo da média do setor e pela presença de vendas de papéis por parte de insiders. Quanto ao valuation, o preço atual de R$ 21,51 situa-se acima da média dos preços-teto calculados de R$ 18,51 e da mediana de R$ 19,00, revelando uma dispersão relevante entre os métodos, que variam desde os conservadores R$ 13,12 de Bazin até os otimistas R$ 29,50 de Graham. Frente ao preço-teto ajustado com margem de segurança de R$ 17,10, o papel apresenta um upside negativo de 20,5%, indicando prêmio no preço atual, embora o crescimento implícito de 2,6% ao ano embutido na cotação atual pareça um patamar bastante conservador quando comparado ao histórico de expansão de longo prazo da companhia. Como prós, destacam-se a sólida margem líquida, o histórico de crescimento de receita acima do setor e o valuation implícito pouco exigente; como contras, pesam o ROE abaixo dos pares, a forte desaceleração do crescimento nas janelas intermediárias e a ausência de margem de segurança em relação à média dos preços-teto.

Gatilho de falseamento: ROE abaixo de 14,1% no fechamento anual de 2024.",,True,False,,,Em Alta,22.799999237060547,-5.65789057607452,-6.478259874426795,True,False,False,sem sinal (Em Alta)
EZTC3,SMALL11+DIVO11+AUVP11,SMALL11,Consumo discricionário,55.87,52.89,72.72727272727273,,,0.9,,49.72,46.27,67.67,54.11,False,59,Não,Bandeira de alta,"Bandeira de alta (pré-confirmação) — pescoço R$17.07, preço 7.0% acima do pescoço; falta fechar acima e segurar",False,3,8,False,,True,,False,False,True,True,False,True,8,11,False,False,False,True,False,True,True,False,True,False,True,0.0,True,5067350016.0,9.54,0.97,5.48,5.69,10.15,7.87,5.14,36.95,16.17,0.07,0.17,3.06,0.34,2.06,54.27,-22.5,7.96,2.75,2.48,28.86,69.9,10.21,18.27,79.0,0.0,44.9,13.42,13.51,-37.1,42.7,35.6,10.21,18.27,7.15,2.69,9.8,-3.76,0.88,43148948.0,16.28,27.93,47.91,3.0,5.1,True,8,,10.2,-4.0,True,,1.47,0.66,0.05,18.270000457763672,False,False,False,7.559064664790523,11.940407068378374,22.000804285552846,28.48851179400606,19.783466728058226,15.851630846417013,10.897753317588352,5.6182436737099515,15.267485297312668,13.896018957397693,12.506417061657924,8,True,5.1,-31.546706358491438,-16.434127450583137,n/d,n/d,,,,False,False,,,Em Alta,17.8700008392334,2.238386120565128,0.10959154938998683,False,False,False,sem sinal (Em Alta)
UGPA3,BOVA11,BOVA11,Consumo discricionário,55.64,52.62,72.72727272727273,,,0.9,,62.68,42.96,43.38,50.0,False,60,Não,Bandeira de alta,"Bandeira de alta (pré-confirmação) — pescoço R$39.10, preço 0.1% abaixo do pescoço; falta fechar acima e segurar",False,7,8,False,,True,,False,False,True,True,True,True,8,11,True,True,True,False,True,True,True,True,False,True,True,0.63,True,41623121920.0,12.61,2.43,5.12,4.91,19.25,16.17,21.5,2.26,5.73,1.13,0.72,1.64,0.98,1.72,61.86,44.3,12.75,9.73,0.63,64.07,31.75,18.91,39.74,106.6,-1.7,25.0,26.11,26.75,-22.2,30.0,91.8,20.23,39.74,63.35,1.89,100.1,-2.77,2.06,385785921.0,54.09,79.44,116.68,5.4,3.0,True,8,,-0.3,6.6,False,,0.8,0.52,0.05,39.060001373291016,False,False,False,13.934683548555261,26.20619518970231,42.36637738168732,33.47054878947477,37.93875385025974,23.511139490566105,22.981673876383937,33.03259582568334,29.180245994039097,29.619395507692822,26.657455956923542,8,True,3.0,-31.752547312628256,-25.293791684317846,n/d,n/d,,,,False,False,,,Em Alta,39.7400016784668,-1.711122990576619,-4.73170396758289,False,False,False,sem sinal (Em Alta)
WEGE3,BOVA11+AUVP11+Carteira,BOVA11,Bens Industriais,55.52,54.09,63.63636363636363,,,0.7,,85.86,6.66,59.35,19.18,False,61,Bandeira de alta,,,False,6,8,False,,True,,False,False,True,True,False,True,7,11,True,True,True,True,False,True,True,False,True,True,True,-0.16,True,217218105344.0,34.74,11.52,3.87,2.38,33.16,31.31,24.33,15.58,22.61,-0.35,-0.2,1.59,0.29,6.04,82.64,-2.1,28.33,11.21,1.12,56.49,40.84,34.04,53.68,52.1,-3.6,9.9,46.67,46.35,-22.5,29.3,8.0,41.6,53.68,-20.45,1.84,52.2,-2.4,1.1,453916870.0,54.04,78.46,113.91,10.6,2.3,True,8,,10.9,7.4,True,,0.62,0.41,0.1,51.77000045776367,False,False,False,8.956527906753884,16.29308046001594,19.715562635434654,12.275191646655959,12.123144915238257,20.36783361401196,9.54341135443651,15.557017391617082,14.353971240520531,13.916104519136521,12.52449406722287,8,True,2.3,-75.80742909700972,-72.27357327873474,2026-10-21,2026-09-21,última,"A WEGE3 apresenta uma notável eficiência operacional no setor de bens industriais, com um ROE de 33,2% e um ROIC de 24,3% que se posicionam muito acima dos pares setoriais (10,8% e 13,3%, respectivamente), sugerindo uma forte vantagem competitiva na alocação de capital. Essa alta qualidade, contudo, convive com múltiplos de preço bastante esticados, evidenciados pelo P/L de 34,74 e pelo P/VP de 11,52, indicando que o mercado cobra um prêmio elevado por essa excelência. No âmbito financeiro, a excelente rentabilidade é acompanhada por um endividamento extremamente controlado, com a relação Dívida Líquida/EBITDA em -0,35 (abaixo da média setorial de 2,38) e liquidez corrente de 1,59, o que confere robustez ao balanço. O dividend yield de 3,87% mostra-se coerente com a estratégia de reinvestimento da companhia, sendo sustentado por uma geração de lucro consistente e baixo endividamento, embora o foco da empresa não seja puramente a distribuição de proventos. Por outro lado, o crescimento acende um sinal de alerta, pois o CAGR de receita de 5 anos de -2.1% ficou abaixo do setor (47,1%), sendo que a análise por janelas temporais revela uma clara desaceleração de 10,9% em 3 anos para 7,4% no último ano, um comportamento que exige checagem manual para identificar possíveis eventos não recorrentes. Diante disso, o crescimento implícito de 10,6% ao ano embutido no preço atual via fluxo de caixa descontado reverso mostra-se bastante exigente quando confrontado com essa recente perda de tração operacional. O checklist de critérios reforça essa dualidade ao aprovar a empresa em 6 de 8 requisitos, falhando justamente no crescimento frente aos pares e na venda de ações por insiders. Sob a ótica do valuation, os métodos de preço-teto (Bazin, Gordon, DCF, Graham e Lynch) apresentam uma dispersão que varia de R$ 8,96 a R$ 19,72, resultando em uma média de R$ 14,35 e um preço-teto ajustado de R$ 12,52, o que aponta para um upside negativo de -75,8% em relação à cotação atual de R$ 51,77. Em suma, o ativo destaca-se positivamente por sua rentabilidade excepcional, saúde financeira impecável com caixa líquido e forte governança, mas traz como pontos desfavoráveis o valuation severamente esticado e a clara desaceleração no ritmo de expansão de suas receitas.

Gatilho de falseamento: margem líquida abaixo de 15,0% no próximo resultado trimestral.",Bandeira de alta,False,True,49.82,3.91,Lateral,51.79999923706055,-0.05791270219829281,-4.435771749423711,False,True,False,"Bandeira de alta — mastro +24%, recuo 30%, bandeira 9d (candidato)"
BPAC11,BOVA11+AUVP11,BOVA11,Produtos financeiros,54.7,50.63,77.77777777777777,15.65,,0.4,,59.62,31.93,66.43,25.34,False,62,Não,Bandeira de alta,"Bandeira de alta (pré-confirmação) — pescoço R$80.89, preço 4.2% abaixo do pescoço; falta fechar acima e segurar",False,4,6,False,,True,,False,False,True,,True,True,7,9,True,True,False,,True,,True,False,True,True,True,,True,261039816704.0,16.56,3.79,1.82,2.73,22.88,20.48,0.0,39.8,,,,,,1.32,45.23,20.8,12.76,2.41,,90.46,8.68,44.56,80.89,73.9,-4.2,38.3,54.32,55.01,-23.5,39.8,50.6,48.49,80.89,22.15,2.51,30.4,-3.31,1.14,943962103.0,79.0,129.69,212.92,7.3,5.6,True,3,,20.9,37.5,False,,1.79,0.86,0.08,77.47000122070312,False,False,False,15.390053982250286,28.943230553715857,63.98488491035165,46.384731889683536,71.3973146999583,11.515605895103548,50.240533115492035,,18.616296810356562,15.390053982250286,13.851048584025259,3,True,5.6,-82.12075853133756,-75.96967017294749,n/d,2026-08-11,última,,,False,False,,,Em Alta,80.88999938964844,-4.227961669861225,-8.406243150187576,True,False,False,sem sinal (Em Alta)
GMAT3,SMALL11,SMALL11,Bens de primeira necessidade,54.67,51.97,70.0,,,0.0,,46.64,66.17,56.81,30.82,True,63,Não,Bandeira de alta,"Bandeira de alta (pré-confirmação) — pescoço R$5.29, preço 4.9% acima do pescoço; falta fechar acima e segurar",False,4,8,False,,True,,False,,True,True,False,True,7,10,True,True,False,False,False,True,True,False,False,True,True,0.47,True,12767704064.0,7.87,1.14,0.87,3.24,14.52,15.23,10.1,3.99,5.44,2.21,3.01,1.74,0.56,0.73,25.49,-40.8,6.24,5.51,1.0,52.91,42.64,3.57,6.6,55.5,-15.9,30.5,4.66,4.76,-45.9,42.6,23.6,3.57,5.86,-4.85,2.68,-26.8,-3.7,-0.52,29821009.0,2.7,4.67,8.08,0.9,7.6,True,6,,20.9,19.8,True,,1.11,0.5,0.12,5.550000190734863,False,False,False,1.3073745656868314,2.458707650952976,9.64544854232726,8.789101203542927,9.913639010948572,4.256800754660116,6.801031932795486,6.528995073021324,7.655836086215949,7.795066568169206,7.015559911352286,6,True,7.6,26.406480545064113,37.94298780379424,n/d,n/d,,,,False,False,,,Em Alta,5.289999961853027,4.914938199560237,-18.544242789437625,False,False,False,sem sinal (Em Alta)
IGTI11,BOVA11+SMALL11,BOVA11,Imobiliário,54.47,51.25,72.72727272727273,,,0.8,,69.03,33.04,49.72,19.86,False,64,Não,Bandeira de alta,"Bandeira de alta (pré-confirmação) — pescoço R$30.76, preço 5.3% acima do pescoço; falta fechar acima e segurar",False,3,7,False,,True,,False,False,True,True,False,True,8,11,False,False,True,True,False,True,,False,True,False,True,0.48,True,,15.05,1.95,0.91,2.45,12.93,7.32,12.16,41.91,10.85,2.15,2.43,2.73,0.9,1.85,36.93,-35.4,14.86,5.46,0.48,51.02,48.98,22.47,32.38,44.1,0.0,27.4,25.84,26.0,-25.2,30.9,30.2,22.57,32.38,1.75,1.95,15.2,-2.72,0.82,100062138.0,30.7,45.58,67.68,6.7,10.0,False,6,,13.5,20.3,False,2023,1.27,0.79,0.07,32.380001068115234,False,False,False,5.778085789906546,10.866529082308118,29.426900552740026,28.351925704634457,22.825099242678203,2.9382193535653967,17.081581651798825,27.653676132197212,,,,6,False,10.0,,,n/d,n/d,,,,False,False,,,Em Alta,31.68000030517578,2.2095983465792113,1.1875033378601074,False,False,False,sem sinal (Em Alta)
PGMN3,SMALL11+DIVO11+Wishlist,SMALL11,Bens de primeira necessidade,53.72,56.78,36.36363636363637,,,0.0,,45.18,75.6,43.89,87.67,True,65,Não,Fundo duplo,"Fundo duplo (pré-confirmação) — pescoço R$3.54, preço 47.7% acima do pescoço; falta fechar acima e segurar",False,4,8,False,,True,,False,False,False,False,True,False,4,11,False,True,True,False,True,False,True,False,False,False,True,0.99,True,3759663360.0,11.53,1.11,4.51,10.75,9.61,5.91,12.78,2.1,3.53,3.59,3.87,1.78,1.02,1.04,123.91,11.1,7.69,6.26,0.83,68.82,31.1,3.13,7.54,67.1,-30.6,40.2,4.62,4.84,-58.5,53.2,-16.3,3.13,7.54,-44.75,3.35,10.5,-4.36,0.78,37817854.0,4.04,7.9,15.44,4.7,2.4,True,7,,17.5,17.9,False,2024,1.85,0.67,0.09,5.230000019073486,False,False,False,4.087541598988998,7.687215329711567,6.204067952010626,6.934526409483989,9.909514067460055,9.258333333333333,4.456159599946048,,6.933908327276373,6.934526409483989,6.24107376853559,7,True,2.4,19.332193991869605,32.579508642234,n/d,2025-12-26,última,"A Pague Menos (PGMN3) apresenta-se como um caso de estudo interessante no setor de bens de primeira necessidade, onde sua eficiência operacional, medida pelo ROE de 9,6% e pelo ROIC de 12,8%, posiciona-se ligeiramente acima da média dos seus pares setoriais de 9,3% e 11,0%, respectivamente. Essa qualidade superior convive com múltiplos de valuation atrativos, evidenciados pelo P/L de 11,53 e pelo P/VP de 1,11, sugerindo que o mercado pode estar subavaliando a rentabilidade da companhia. Contudo, essa rentabilidade favorável é acompanhada por um endividamento que exige cautela, visto que a relação Dívida Líquida/EBITDA de 3,59 está acima da média do setor de 3,29, embora a liquidez corrente de 1,78 traga algum conforto no curto prazo. O dividend yield de 4,51% mostra-se coerente com a geração de caixa atual, mas sua sustentabilidade futura depende diretamente do controle dessa alavancagem financeira e da manutenção das margens operacionais. No campo do crescimento, a empresa supera amplamente o setor com um CAGR de receita de cinco anos de 11,1% contra uma retração setorial de 14,2%, embora o ano de 2024 apresente uma variação atípica que merece checagem manual detalhada para descartar efeitos contábeis não recorrentes. O crescimento implícito de 4,7% ao ano embutido no preço atual de R$ 5,23 revela-se um patamar bastante conservador e de fácil execução quando comparado ao histórico recente de expansão da receita da própria empresa. Sob a ótica do valuation, a média e a mediana dos preços-teto calculados convergem exatamente para R$ 6,93, mas a dispersão entre os métodos é nítida, variando desde os conservadores R$ 4,09 de Bazin até os otimistas R$ 9,91 de Lynch, oferecendo um upside de 19,3% frente ao preço-teto ajustado de R$ 6,24. No balanço final, o checklist que atende a apenas 4 de 8 critérios reflete o peso negativo do endividamento elevado e das margens espremidas, contrapondo-se aos prós de forte dominância de crescimento frente aos pares e múltiplos de preço descontados.

Gatilho de falseamento: a relação Dívida Líquida/EBITDA subir para acima de 4,0 vezes no fechamento do próximo ano fiscal, o que invalidaria a tese de sustentabilidade financeira e de valuation atrativo da companhia.",,True,False,,,Em Alta,5.070000171661377,3.1558154239604175,-31.364828115220377,False,False,False,sem sinal (Em Alta)
COGN3,BOVA11+SMALL11,BOVA11,Consumo discricionário,52.93,49.92,70.0,,,0.9,,42.5,70.65,44.77,41.78,False,66,Não,Fundo duplo,"Fundo duplo (pré-confirmação) — pescoço R$2.45, preço 19.6% acima do pescoço; falta fechar acima e segurar",False,1,8,False,,False,,False,,False,True,True,True,7,10,False,False,False,False,False,False,True,False,True,False,True,0.39,True,5872369152.0,8.62,0.44,4.05,4.03,5.11,0.79,10.24,8.96,3.83,2.9,3.9,1.88,0.5,2.58,34.7,34.0,6.01,3.98,0.45,44.22,55.77,2.03,4.57,44.3,-35.9,26.7,2.87,2.87,-55.6,46.4,-5.9,2.03,4.57,-34.35,2.93,-14.0,-4.33,0.06,105802633.0,1.72,3.1,5.6,1.9,8.3,False,5,,11.9,9.8,True,2024,1.51,0.62,0.01,2.930000066757202,False,False,False,0.8577354372126504,1.170400667324142,3.3731750062526262,7.136395622511417,2.5024569102153813,2.2940806883999576,1.650473621390311,6.69222402808916,,,,5,False,8.3,,,n/d,n/d,,,,False,False,,,Em Alta,2.930000066757202,0.0,-38.01228215436251,False,False,False,sem sinal (Em Alta)
FLRY3,BOVA11+SMALL11+DIVO11,BOVA11,Cuidados de saúde,52.53,48.96,72.72727272727273,,,0.2,,55.24,31.28,50.91,60.96,True,67,Não,,,False,4,8,False,,True,,False,False,True,True,True,True,8,11,False,True,True,False,False,True,True,False,True,True,True,0.7,True,14324551680.0,20.47,2.66,4.44,6.54,13.0,10.93,12.7,8.01,7.83,1.78,1.92,1.86,0.98,1.42,133.9,14.4,15.8,6.47,0.55,61.45,37.83,13.12,26.35,100.9,0.0,48.3,15.58,16.26,-18.6,29.2,81.6,14.3,26.35,53.15,1.84,42.5,-2.57,1.68,102616371.0,32.63,47.32,68.61,8.5,2.2,True,8,,22.9,7.9,True,2023,0.86,0.57,-0.01,26.350000381469727,False,False,False,12.535431400763192,23.57469840853207,17.6062533081349,16.938390668241578,26.95662859079912,19.944897181175023,15.36461184920482,21.213201649267987,19.266764132014835,18.77557524465496,16.898017720189465,8,True,2.2,-35.87090142103845,-26.881351601179027,2026-11-05,2026-08-12,última,,,False,False,,,Em Alta,25.760000228881836,2.2903732428014134,1.0740341002040577,True,False,False,sem sinal (Em Alta)
BMOB3,SMALL11+DIVO11,SMALL11,Comunicação,52.46,50.49,63.63636363636363,,,0.4,,57.09,20.85,70.21,55.48,False,68,Não,Bandeira de alta,"Bandeira de alta (pré-confirmação) — pescoço R$30.53, preço 5.9% acima do pescoço; falta fechar acima e segurar",False,7,8,False,,True,,False,False,True,True,False,True,7,11,True,True,True,False,True,True,True,True,True,True,True,-0.3,True,2698050304.0,17.34,2.94,6.08,6.18,16.97,10.68,11.27,8.49,10.0,-1.91,-2.33,1.69,0.05,,107.12,-1.0,13.28,6.02,1.43,47.82,51.18,19.48,32.34,66.0,0.0,31.4,23.64,23.95,-20.5,34.5,49.3,20.89,32.34,20.85,2.17,34.5,-3.23,1.25,25219569.0,34.59,53.79,83.67,7.5,4.4,True,6,,4.8,13.2,False,,1.13,0.63,0.09,32.34000015258789,False,False,False,14.53023623392408,21.311013143088655,19.893887060415466,21.48488655722073,,22.236814601046543,5.072941200405944,19.6895044856546,19.85772368022501,20.602450101752062,18.542205091576857,6,True,4.4,-42.66479590571961,-38.59702044980984,n/d,n/d,,,,False,False,,,Em Alta,30.920000076293945,4.592497001261808,3.3887450213354153,False,False,False,sem sinal (Em Alta)
EVEN3,SMALL11+DIVO11,SMALL11,Consumo discricionário,52.36,51.98,54.54545454545455,,,0.9,,39.34,67.18,48.01,78.77,False,69,Não,Bandeira de alta,"Bandeira de alta (pré-confirmação) — pescoço R$5.52, preço 6.2% acima do pescoço; falta fechar acima e segurar",False,1,8,False,,True,,False,False,True,True,False,True,6,11,False,False,False,False,False,False,True,False,True,False,True,0.36,True,1162643584.0,5.92,0.61,15.64,9.11,10.28,7.88,4.93,12.83,8.62,2.85,7.13,4.66,0.64,1.25,53.95,-37.5,3.63,2.92,1.27,57.92,36.05,4.03,8.43,45.4,-30.5,17.4,6.38,6.27,-52.2,41.9,-19.8,4.03,8.31,-48.25,2.64,-35.4,-3.86,-0.37,6964939.0,3.11,5.28,8.97,-2.7,6.6,True,7,,-6.1,-11.0,True,,1.39,0.64,0.14,5.860000133514404,False,False,False,3.8838334683830165,6.2034982734897275,11.498714387729207,14.627264480968705,13.706740507777525,7.668931377977045,5.69148045223921,2.2027779391011406,9.040066135509205,7.668931377977045,6.9020382401793405,7,True,6.6,17.782219845104287,54.267336681571486,n/d,n/d,,,,False,False,,,Em Alta,5.699999809265137,2.807023326372615,-31.30978350634015,False,False,False,sem sinal (Em Alta)
HYPE3,BOVA11+SMALL11,BOVA11,Cuidados de saúde,51.71,52.81,45.45454545454545,,,0.2,,58.11,43.32,57.58,43.15,True,70,Não,Fundo duplo,"Fundo duplo (pré-confirmação) — pescoço R$21.61, preço 23.6% acima do pescoço; falta fechar acima e segurar",False,4,8,False,,True,,False,False,True,True,True,False,5,11,False,True,False,True,False,True,True,False,True,True,True,0.42,True,18796693504.0,10.76,1.3,3.94,4.14,12.1,12.72,10.74,19.82,8.74,2.25,2.88,1.86,0.53,1.61,44.6,4.5,8.34,6.31,0.5,50.22,49.77,19.64,27.32,35.9,-2.3,22.9,22.3,22.33,-25.3,32.1,18.4,19.64,27.32,-10.05,2.02,5.4,-2.81,0.42,92665004.0,22.0,33.28,50.33,4.1,4.2,True,7,,0.7,3.4,False,,1.0,0.6,0.03,26.700000762939453,False,False,False,8.048328618649649,15.136050273137888,33.93932223134167,33.86294467084838,26.919493608119417,24.988330358971663,17.395642287549443,18.107087617244698,24.335553006744735,24.988330358971663,22.489497323074495,7,True,4.2,-15.7696753541269,-8.855609320718283,n/d,n/d,,,,False,False,,,Em Alta,27.31999969482422,-2.269395822878517,-10.999997456868494,False,False,False,sem sinal (Em Alta)
MDIA3,SMALL11,SMALL11,Bens de primeira necessidade,51.5,54.17,36.36363636363637,,,0.0,,37.5,65.69,88.61,31.51,True,71,Não,Fundo duplo,"Fundo duplo (pré-confirmação) — pescoço R$17.75, preço 11.9% acima do pescoço; falta fechar acima e segurar",False,2,8,False,,True,,False,False,False,True,False,True,4,11,False,False,False,False,False,True,True,False,False,False,True,-0.04,True,6664460800.0,10.37,0.79,4.82,3.3,7.65,8.74,8.32,6.23,5.09,-0.32,-0.54,2.55,0.21,2.06,34.22,-22.6,8.73,3.52,1.38,34.41,65.59,16.15,28.35,23.0,-30.0,12.6,22.61,21.57,-43.0,33.0,-15.6,16.15,25.87,-44.05,2.08,-35.3,-2.59,-1.13,14491498.0,9.63,14.84,22.85,3.7,6.9,True,7,,1.0,8.0,False,2023,0.78,0.45,0.02,19.860000610351562,False,False,False,4.7665314319709395,7.896071716543245,23.073125371936158,32.913009317384414,15.957160570515327,20.227331142827776,11.376876406288147,23.234328069064514,19.23970037065137,20.227331142827776,18.204598028545,7,True,6.9,-8.33536017588903,-3.1233646557738526,n/d,n/d,,,,False,False,,,Em Alta,18.600000381469727,6.774194640001796,-30.909489901323774,False,False,False,sem sinal (Em Alta)
EGIE3,BOVA11,BOVA11,Serviços públicos,50.93,51.9,45.45454545454545,,,0.1,,77.59,27.78,19.39,61.64,True,72,Não,,,False,6,8,False,,True,,False,False,True,False,True,False,5,11,True,True,True,True,True,False,True,False,True,True,True,1.43,True,45026770944.0,11.37,3.0,2.84,6.55,26.37,32.12,11.59,28.94,9.3,3.56,4.23,1.09,2.06,1.69,74.42,270.0,12.38,6.68,0.19,74.84,23.06,27.05,37.14,17.5,-14.4,3.5,30.61,30.85,-26.9,26.7,5.6,27.15,37.14,-22.85,1.68,12.7,-2.54,0.16,96907339.0,26.08,36.75,51.79,4.6,2.7,True,8,,2.6,14.6,False,,0.88,0.63,0.07,31.790000915527344,False,False,False,15.132234793004356,28.458364142972712,38.241440089039045,25.819090498601096,37.16148051347434,41.44885938613498,19.676499359036598,31.790000915527347,29.715996212223807,30.124182529250028,27.111764276325026,8,True,2.7,-14.716063241499633,-6.524078778149766,n/d,n/d,,,,False,False,,,Em Alta,31.639999389648438,0.4740882704567406,-16.469915427812644,False,False,False,sem sinal (Em Alta)
CSMG3,BOVA11+SMALL11+DIVO11,BOVA11,Serviços públicos,50.91,48.67,63.63636363636363,,,0.1,,62.99,20.05,34.44,84.25,True,73,Não,,,False,5,8,False,,True,,False,False,True,False,False,True,7,11,True,True,True,False,False,True,True,False,True,True,True,0.9,True,24150065152.0,18.73,2.74,3.13,10.32,14.6,15.68,11.59,14.88,9.87,2.77,3.28,1.22,1.06,,193.26,-21.2,14.63,6.35,0.28,51.64,48.36,31.89,67.15,99.7,-5.1,9.4,54.1,51.28,-20.9,33.2,49.4,41.72,67.15,20.95,2.09,74.0,-2.83,1.79,243096684.0,82.44,125.45,190.89,8.0,7.6,True,6,,10.5,5.7,True,,0.87,0.5,0.1,63.689998626708984,False,False,False,47.79359829026773,70.09727749239269,36.27122185539576,42.17143006123365,,33.70234346983773,9.249161573125917,58.57918201133121,48.1025088634098,44.982514175750694,40.484262758175625,6,True,7.6,-36.43544727413735,-24.473999214002852,n/d,n/d,,,,False,False,,,Em Alta,62.86000061035156,1.320391359049311,-5.665816216147346,False,False,False,sem sinal (Em Alta)
MOTV3,BOVA11,BOVA11,Bens Industriais,50.61,53.12,36.36363636363637,,,0.7,,71.89,50.22,24.62,32.88,False,74,Não,Bandeira de alta,"Bandeira de alta (pré-confirmação) — pescoço R$19.33, preço 4.8% acima do pescoço; falta fechar acima e segurar",False,6,8,False,,True,,False,False,True,False,True,False,4,11,True,True,False,True,True,False,True,True,True,True,False,1.9,False,40721371136.0,10.56,2.31,4.6,3.33,21.85,19.92,11.72,19.27,7.75,3.69,4.33,1.77,2.45,0.75,35.13,58.4,13.59,6.62,0.44,77.07,22.24,13.02,20.26,55.7,0.0,38.4,14.65,14.87,-22.1,30.4,42.1,13.08,20.26,13.65,1.91,23.6,-2.8,1.04,258320155.0,20.69,30.48,44.91,3.9,6.9,True,7,,-0.6,4.1,False,2025,1.28,0.81,0.03,20.260000228881836,False,False,False,4.901590893296088,9.218153196101998,26.240958263214495,19.457756129818414,33.57661238494308,10.00447891354863,22.622857756056096,14.268076233651392,19.341270411047727,19.457756129818414,17.511980516836573,7,True,6.9,-13.563769402765347,-4.534697963746337,n/d,n/d,,,,False,False,,,Em Alta,19.75,2.582279639908025,0.34670476955231955,False,False,False,sem sinal (Em Alta)
ALOS3,BOVA11+SMALL11+DIVO11,BOVA11,Imobiliário,50.6,46.7,72.72727272727273,,,0.8,,49.07,53.75,24.71,62.33,False,75,Não,Bandeira de alta,"Bandeira de alta (pré-confirmação) — pescoço R$33.06, preço 6.3% acima do pescoço; falta fechar acima e segurar",False,3,8,False,,True,,False,True,False,True,True,True,8,11,False,False,False,True,True,False,True,False,True,False,False,0.56,True,17569957888.0,18.95,1.38,9.45,6.63,7.27,9.51,6.39,31.4,7.03,3.4,7.32,0.72,0.56,0.31,125.71,60.8,18.1,3.66,0.27,46.56,50.55,21.16,35.13,66.0,0.0,29.0,26.84,26.9,-21.8,27.7,34.9,24.84,35.13,6.45,1.75,30.8,-2.22,1.34,202134604.0,39.41,56.18,80.09,8.0,3.5,True,8,,37.0,4.4,True,2023,1.17,0.81,0.03,35.130001068115234,False,False,False,16.94847642648733,31.87407018271649,25.355554435068274,32.58556620691202,55.61477741654127,28.036722190163356,22.83913525905962,59.825738595535434,34.13500508906048,29.955396186439923,26.95985656779593,8,True,3.5,-23.256886569624125,-2.8323255018566917,n/d,n/d,,,,False,False,,,Em Alta,34.459999084472656,1.944289034947988,1.4438347807628649,False,False,False,sem sinal (Em Alta)
SBFG3,SMALL11,SMALL11,Consumo discricionário,50.05,47.65,63.63636363636363,,,0.9,,40.93,84.74,27.89,24.66,False,76,Não,,,False,2,8,False,,True,,False,True,True,True,True,False,7,11,False,False,False,False,True,False,True,False,False,True,False,0.87,True,2389678848.0,5.71,0.75,5.23,2.73,13.07,10.92,8.98,5.0,4.37,3.49,5.35,1.62,1.0,0.52,15.59,185.0,4.61,4.63,0.8,67.87,32.13,7.64,14.95,35.6,-30.7,9.0,11.32,11.12,-48.9,49.0,-13.9,7.64,14.81,-42.35,3.08,-22.4,-4.29,-0.3,39402906.0,4.93,9.14,16.93,-3.2,12.1,False,5,,7.3,8.2,False,2024,1.85,0.72,0.04,10.359999656677246,False,False,False,2.0573160050731896,3.86908139018603,24.815772297786292,23.746647976523807,24.97057269636673,6.683911058826819,17.74558302681622,18.047037663906465,,,,5,False,12.1,,,n/d,n/d,,,,False,False,,,Em Alta,10.329999923706055,0.29041368047202365,-32.21912086805704,False,False,False,sem sinal (Em Alta)
LOGG3,SMALL11+DIVO11,SMALL11,Imobiliário,49.99,47.58,63.63636363636363,,,0.8,,50.81,46.54,19.19,92.47,False,77,Não,Bandeira de alta,"Bandeira de alta (pré-confirmação) — pescoço R$27.18, preço 10.0% acima do pescoço; falta fechar acima e segurar",False,2,8,False,,True,,True,True,True,True,False,False,7,11,False,False,False,True,False,False,True,False,True,False,False,0.58,True,2601901056.0,7.02,0.75,23.0,13.44,10.63,8.83,3.04,136.74,21.91,121.08,302.7,0.52,0.64,11.74,94.38,-33.1,4.54,0.1,0.28,45.7,53.91,16.32,29.89,83.1,0.0,17.5,24.02,23.37,-19.2,32.7,33.3,22.17,29.89,4.85,2.06,42.7,-2.9,1.43,16140329.0,34.16,51.88,78.8,-0.4,4.7,True,7,,4.6,13.2,False,,0.92,0.54,0.12,29.889999389648438,True,False,False,29.224900909601526,30.735645930873638,32.566822949803715,61.78996901944411,59.78744210244582,40.898943258156066,13.210069830942862,,38.31625628589539,32.566822949803715,29.310140654823343,7,True,4.7,-1.939975733241106,28.190890158282002,n/d,n/d,,,,False,False,,,Em Alta,28.760000228881836,3.929065200882076,3.64077403434524,False,False,False,sem sinal (Em Alta)
GOAU4,BOVA11+SMALL11,BOVA11,Materiais,49.88,52.26,36.36363636363637,,,1.0,,29.47,78.62,59.72,73.97,False,78,Não,,,False,4,8,False,,True,,False,False,False,True,True,False,4,11,False,False,True,False,True,True,True,False,False,True,True,0.5,True,14814105600.0,18.65,0.77,3.42,8.57,4.13,12.06,10.0,1.14,2.13,0.99,1.35,2.88,0.28,0.25,159.81,73.2,5.52,5.06,1.04,34.12,23.4,7.09,11.78,58.0,-4.9,6.8,9.48,9.42,-25.3,29.8,28.8,7.68,11.78,0.35,1.88,59.2,-2.84,1.16,110992117.0,11.87,17.38,25.44,8.0,6.7,True,7,,-5.4,4.2,False,,0.81,0.52,0.07,11.199999809265137,False,False,False,6.979859413369962,13.126638832240927,8.21378520994278,14.019240743516034,18.016085484072608,6.1112762116739185,7.398605772125818,41.23290880839507,10.552213095277436,8.21378520994278,7.392406688948501,7,True,6.7,-33.996367724638944,-5.783810044816451,n/d,n/d,,,,False,False,,,Lateral,11.779999732971191,-4.923598784834315,-8.421911459719066,False,False,False,sem sinal (Lateral)
RDOR3,BOVA11+AUVP11,BOVA11,Cuidados de saúde,49.87,47.44,63.63636363636363,,,0.2,,62.49,18.76,51.93,42.47,True,79,Não,Bandeira de alta,"Bandeira de alta (pré-confirmação) — pescoço R$43.73, preço 4.2% acima do pescoço; falta fechar acima e segurar",False,6,8,False,,True,,False,False,True,False,True,True,7,11,True,True,True,False,True,True,True,False,True,True,True,0.68,True,98963234816.0,21.16,4.92,9.43,4.13,23.26,13.61,15.63,8.35,8.78,1.12,0.99,2.9,2.51,7.17,87.31,22.9,16.97,6.35,0.64,79.71,18.16,32.17,45.55,41.6,0.0,29.1,37.9,37.89,-27.6,33.9,14.2,32.17,45.55,-14.25,2.13,0.4,-3.02,0.32,290619093.0,35.72,55.05,84.83,8.6,3.3,True,8,,34.3,10.2,True,2023,1.22,0.69,0.04,45.54999923706055,False,False,False,13.668771859992694,17.919233255845246,20.523902380326394,21.17577189102095,15.236525036251331,21.820392192926295,9.92201900793001,32.88049754597248,19.143389146283177,19.22156781808582,17.299411036277238,8,True,3.3,-62.021050875886665,-57.97280029215091,n/d,n/d,,,,False,False,,,Em Alta,44.65999984741211,1.9928333916015673,0.3303914232164473,False,False,False,sem sinal (Em Alta)
GGPS3,SMALL11,SMALL11,Bens Industriais,49.6,48.73,54.54545454545455,,,0.7,,60.3,39.12,50.19,17.81,False,80,Não,Fundo duplo,"Fundo duplo (pré-confirmação) — pescoço R$12.96, preço 31.2% acima do pescoço; falta fechar acima e segurar",False,5,8,False,,True,,False,False,True,False,True,True,6,11,True,True,False,False,True,True,True,False,False,True,True,0.48,True,12789957632.0,13.97,2.84,1.72,2.32,20.36,19.43,11.88,5.1,8.46,1.03,1.2,2.87,1.38,1.02,32.42,207.7,11.23,7.28,0.78,74.55,25.29,11.0,19.55,54.5,-13.0,37.9,16.05,15.03,-43.7,37.4,5.9,11.0,19.55,-22.55,2.36,-22.5,-3.02,-0.19,65316335.0,10.64,16.98,27.12,6.2,6.8,True,7,,23.3,17.0,True,,1.34,0.69,0.1,17.0,False,False,False,2.869008481345235,5.395586918142812,16.64396056064839,12.802146932221294,19.567986462880384,9.6630942799724,14.026211791802638,12.627102634384617,12.960869940007504,12.802146932221294,11.521932238999165,7,True,6.8,-32.223928005887274,-23.75958858819116,n/d,n/d,,,,False,False,,,Em Alta,16.329999923706055,4.102878624765416,-13.486003409543478,False,False,False,sem sinal (Em Alta)
SBSP3,BOVA11+AUVP11,BOVA11,Serviços públicos,49.4,48.49,54.54545454545455,,,0.1,,69.95,26.97,40.4,21.92,True,81,Não,Bandeira de alta,"Bandeira de alta (pré-confirmação) — pescoço R$31.50, preço 5.9% acima do pescoço; falta fechar acima e segurar",False,7,8,False,,True,,False,False,True,False,False,True,6,11,True,True,True,True,False,True,True,True,True,True,True,0.76,True,117313552384.0,14.62,2.6,2.03,2.57,17.8,17.28,12.72,19.67,10.01,2.25,2.43,1.47,1.14,1.32,37.56,-33.9,13.83,7.77,0.3,59.31,40.69,23.12,35.21,44.3,-5.2,20.5,27.61,27.98,-33.8,29.9,26.2,23.31,35.21,-2.25,1.88,13.3,-2.39,0.78,589497404.0,31.63,46.26,67.67,6.5,5.0,True,7,,20.0,5.4,True,2024,1.16,0.75,0.07,33.36000061035156,False,False,False,6.232813779447549,11.72171107554168,31.209214639223912,25.66592664397778,31.223245753027957,11.461633542074917,22.437763766275637,30.30814508257183,23.43252007181339,25.66592664397778,23.099333979580003,7,True,5.0,-30.75739341439847,-29.758634163386944,n/d,n/d,,,,False,False,,,Em Alta,32.04999923706055,4.087367876677561,-5.543915677889122,False,False,False,sem sinal (Em Alta)
CPLE3,BOVA11+DIVO11,BOVA11,Serviços públicos,49.3,43.56,81.81818181818181,,,0.1,,46.93,32.14,35.39,73.29,True,82,Não,Bandeira de alta,"Bandeira de alta (pré-confirmação) — pescoço R$17.25, preço 2.3% acima do pescoço; falta fechar acima e segurar",False,5,8,False,,True,,False,False,True,True,True,True,9,11,False,True,True,False,True,True,True,False,True,False,True,0.9,True,52413624320.0,16.8,2.18,6.02,8.52,12.99,9.34,9.82,11.41,10.37,2.97,4.16,1.3,0.98,0.34,143.09,50.0,16.61,5.45,0.3,61.78,38.29,10.61,17.65,66.3,0.0,17.2,14.52,14.11,-17.9,25.8,47.6,11.94,17.65,19.15,1.62,49.2,-2.63,1.5,322081191.0,20.74,28.86,40.15,7.4,3.8,True,8,,8.3,15.3,False,2023,1.0,0.74,0.07,17.649999618530273,False,False,False,10.933397245856305,20.5618406268846,14.369431333058442,13.834168839300403,31.517856461661204,8.309775831960696,12.94333305358887,15.097532263935852,15.945916957030796,14.101800086179423,12.691620077561481,8,True,3.8,-28.0928025390047,-9.654859480622335,n/d,n/d,,,,False,False,,,Em Alta,17.459999084472656,1.0882047194755273,-1.9444465637207031,False,False,False,sem sinal (Em Alta)
BEEF3,BOVA11+SMALL11,BOVA11,Bens de primeira necessidade,49.25,54.73,18.181818181818183,,,0.0,,66.77,63.3,27.54,33.56,True,83,Não,Bandeira de alta,"Bandeira de alta (pré-confirmação) — pescoço R$4.19, preço 5.5% acima do pescoço; falta fechar acima e segurar",False,5,8,False,,False,,False,False,True,False,False,False,2,11,True,True,True,False,False,True,True,False,False,True,True,9.15,False,4383390720.0,9.64,2.8,4.43,3.39,29.04,144.02,16.55,0.8,3.91,2.98,2.48,1.43,13.46,0.64,32.7,-57.5,7.28,5.34,0.65,95.87,2.86,3.04,7.18,45.4,-38.4,18.1,4.2,4.71,-57.7,44.9,-17.0,3.04,6.25,-45.45,2.83,-37.6,-4.79,-0.9,100216357.0,1.71,3.06,5.47,3.1,13.2,False,6,,21.0,60.9,False,2023,0.79,0.34,-0.05,4.420000076293945,False,False,False,1.090406629638807,2.050667951869111,6.271182011606988,4.0354874708886825,8.432893392317716,3.760485277130923,5.648796778002221,14.429552546808907,,,,6,False,13.2,,,n/d,n/d,,,,False,False,,,Em Alta,4.599999904632568,-3.9130398276171485,-39.57469267078736,False,False,False,sem sinal (Em Alta)
SMTO3,SMALL11,SMALL11,Bens de primeira necessidade,48.79,52.59,27.272727272727273,,,0.0,,44.59,78.71,47.11,34.25,True,84,Não,Fundo duplo,"Fundo duplo (pré-confirmação) — pescoço R$16.37, preço 21.0% acima do pescoço; falta fechar acima e segurar",False,3,8,False,,True,,False,False,True,False,False,False,3,11,False,True,False,False,False,True,True,False,True,True,True,0.99,True,6394138624.0,8.12,0.89,1.09,3.39,11.0,14.59,6.36,11.43,3.91,2.38,5.13,3.16,1.65,1.02,27.56,-39.3,10.26,3.45,0.45,68.55,31.45,12.82,21.21,54.5,-6.6,17.4,15.88,16.27,-34.0,45.2,35.7,13.89,21.21,7.25,2.85,28.2,-4.2,0.34,33754621.0,13.53,23.98,42.5,1.3,9.6,False,6,,3.9,3.8,True,2025,0.59,0.25,0.04,19.809999465942383,False,False,False,4.889461428468529,9.19534197676501,33.36818597473212,34.95446866824988,27.72046406811235,11.11229254359741,19.07803517807962,46.91371363018277,,,,6,False,9.6,,,n/d,n/d,,,,False,False,,,Lateral,20.270000457763672,-2.2693684333149666,-7.4176338083151165,False,False,False,sem sinal (Lateral)
BRBI11,SMALL11+DIVO11,SMALL11,Produtos financeiros,48.66,53.72,20.0,20.63,,0.4,,32.81,40.19,100.0,89.04,False,85,Não,Bandeira de alta,"Bandeira de alta (pré-confirmação) — pescoço R$17.40, preço 6.5% acima do pescoço; falta fechar acima e segurar",False,3,5,False,,True,,False,False,True,,False,False,2,10,True,True,False,,False,,,True,True,True,True,,True,,12.19,2.4,7.45,11.85,19.7,21.77,1.85,0.0,,,,,,,144.41,-22.4,9.13,0.94,0.23,95.52,4.48,11.74,20.71,57.8,-10.5,28.8,17.71,16.81,-43.3,36.9,-1.2,11.74,20.71,-29.65,2.32,-11.5,-3.16,0.14,7271171.0,13.14,20.98,33.49,5.1,3.2,True,4,,50.1,67.6,False,,1.11,0.58,0.02,18.530000686645508,False,False,False,15.965371374083057,23.415878015321816,16.21438397518885,16.25021909631159,,7.333333333333334,4.134667913673157,,15.732241674481765,16.089877674635954,14.480889907172358,4,True,3.2,-21.851649376307503,-15.098537012899715,n/d,n/d,,,,False,False,,,Em Alta,17.920000076293945,3.404021248630018,-12.495898004167827,False,False,False,sem sinal (Em Alta)
IRBR3,SMALL11+Carteira,SMALL11,Insurance,48.56,48.3,50.0,,2.87,0.3,,17.01,72.19,100.0,26.03,False,86,Não,Bandeira de alta,"Bandeira de alta (pré-confirmação) — pescoço R$66.05, preço 6.7% acima do pescoço; falta fechar acima e segurar",False,1,6,False,,False,,False,,False,,False,True,4,8,False,False,False,,False,,True,False,True,False,True,,True,5719965184.0,-39.21,1.08,2.24,2.88,-2.76,2.79,0.0,4.89,,,,,,,,-23.0,8.09,2.3,,66.23,33.77,44.91,70.47,56.9,0.0,26.9,52.78,53.45,-21.4,32.9,38.6,49.05,70.47,10.15,2.07,28.1,-2.79,0.97,60180851.0,69.36,105.43,160.26,,1.8,True,3,,,-14.5,,2024,0.88,0.51,0.05,70.47000122070312,False,False,False,14.7407402462415,21.6197523611542,,,,26.30875,,,20.889747535798566,21.6197523611542,19.45777712503878,3,True,1.8,-72.38856706685802,-70.35653870591754,2026-11-12,2026-07-01,última,"A análise fundamentalista do IRB Brasil (IRBR3) revela uma empresa em profunda reestruturação, onde a baixa qualidade atual contrasta com múltiplos de preço desalinhados. O Retorno sobre o Patrimônio Líquido (ROE) de -2,8% e o Retorno sobre o Capital Injetado (ROIC) de 0,0% situam-se drasticamente abaixo dos pares do setor de seguros, que registram médias de 34,3% e 19,5%, respectivamente, sugerindo uma severa incapacidade temporária de gerar valor sobre o capital empregado. Essa fragilidade operacional convive com um Preço sobre o Valor Patrimonial (P/VP) de 1,08 e um Preço sobre o Lucro (P/L) negativo de -39,21, indicando que o mercado precifica o papel sem o suporte de lucros consistentes, desfazendo qualquer relação clássica de barganha entre alta rentabilidade e baixo preço. No âmbito da eficiência e endividamento, a margem líquida de 4,89% mostra-se tímida, enquanto o Dividend Yield (DY) de 2,24% reflete uma distribuição de proventos pouco sustentável e desalinhada com a geração de caixa real, dado o cenário de prejuízo acumulado. O crescimento histórico é outro ponto de atenção, visto que a taxa de crescimento anual composta (CAGR) da receita nos últimos cinco anos foi de -23,0%, muito abaixo da média setorial de -2,5%, com o detalhe crítico de que a receita por janela vem DESACELERANDO, registrando queda de -14,5% no último ano. Adicionalmente, o ano de 2024 apresenta variações atípicas nos demonstrativos financeiros, o que exige uma checagem manual minuciosa por parte do investidor para isolar possíveis eventos contábeis não recorrentes de perdas operacionais contínuas. Diante desse quadro, o checklist de critérios fundamentalistas mostra-se altamente restritivo, com a empresa atendendo a apenas 1 de 6 critérios avaliados, falhando em superar a taxa Selic ou as médias setoriais de rentabilidade. No campo do valuation, os métodos de preço-teto evidenciam uma enorme dispersão e um severo prêmio embutido na cotação atual de R$ 70,47, já que o modelo de Bazin aponta para R$ 14,74 e o de Gordon para R$ 21,62, resultando em uma média de R$ 20,89 e um preço-teto ajustado com margem de segurança de R$ 19,46, o que representa um upside negativo de -72,4%. Como prós, destacam-se a excelente nota de segurança financeira e o valor de mercado robusto acima de R$ 5,7 bilhões; como contras, pesam a rentabilidade negativa, a forte desaceleração das receitas, o fraco histórico de dividendos e o valuation esticado frente aos fundamentos atuais.

Gatilho de falseamento: ROE reportado acima de 0,0% no fechamento anual de 2024.",,False,True,57.62,22.3,Em Alta,66.77999877929688,5.525610225902278,4.663596174447404,False,False,False,sem sinal (Em Alta)
ASAI3,BOVA11+SMALL11,BOVA11,Bens de primeira necessidade,48.42,48.94,45.45454545454545,,,0.0,,63.95,57.21,24.53,9.59,True,87,Não,Fundo duplo,"Fundo duplo (pré-confirmação) — pescoço R$9.00, preço 44.0% acima do pescoço; falta fechar acima e segurar",False,5,8,False,,True,,False,False,True,False,True,False,5,11,True,True,True,False,True,False,True,False,False,True,True,3.56,False,17310244864.0,18.19,2.77,0.8,0.96,15.21,17.56,21.18,1.24,3.47,3.72,2.41,1.12,4.25,1.45,17.39,123.2,13.52,6.76,0.42,88.39,11.61,7.01,12.98,85.0,-0.2,45.0,8.6,8.71,-29.4,50.9,80.4,7.04,12.98,51.95,3.2,11.3,-4.43,0.73,189530083.0,9.95,18.98,36.21,7.8,10.8,False,4,,12.3,4.7,True,,1.73,0.66,0.02,12.960000038146973,False,False,False,0.9010281974351124,1.6945143196924854,9.744879349118294,8.660441407411536,9.633519701414773,2.5518744031282234,7.667495047956075,,,,,4,False,10.8,,,n/d,n/d,,,,False,False,,,Em Alta,12.979999542236328,-0.15407938978948543,-3.643121026519447,False,False,False,sem sinal (Em Alta)
PRIO3,BOVA11,BOVA11,Energia,48.18,46.09,60.0,,,0.9,,59.07,48.42,34.28,5.48,False,88,Não,,,False,3,8,False,,True,,False,,True,True,True,False,6,10,False,False,False,True,True,False,True,False,True,True,True,0.77,True,50839891968.0,14.38,1.97,0.0,0.18,13.71,30.11,10.92,18.11,5.99,1.73,2.17,1.34,0.9,1.08,2.55,189.4,6.44,6.59,0.25,59.83,40.17,34.2,72.1,86.4,-11.6,6.1,57.36,54.08,-27.7,36.5,52.7,40.82,72.1,24.25,2.3,69.3,-3.42,1.24,515257351.0,67.26,107.43,171.58,6.4,73.7,False,5,,34.8,8.5,True,2023,0.19,0.1,0.01,63.75,False,False,False,0.8227222630042755,1.547248643004815,60.635290950693154,56.814461155025114,60.01547258660418,2.1372982955350928,49.96484293425577,25.781143674059813,,,,5,False,73.7,,,n/d,n/d,,,,False,False,,,Em Alta,64.1500015258789,-0.6235409452290397,-12.647304648358414,False,False,False,sem sinal (Em Alta)
FESA4,SMALL11,SMALL11,Materiais,47.65,51.25,27.272727272727273,,,1.0,,27.63,69.88,72.16,69.18,False,89,Não,,,False,2,8,False,,True,,False,False,False,True,False,False,3,11,False,False,False,False,False,True,True,False,False,True,True,-0.12,True,2161975296.0,15.27,0.69,10.17,8.07,4.49,15.62,3.69,6.78,4.52,-3.62,-9.04,3.61,0.12,,123.28,-76.0,4.56,-1.74,1.53,26.31,73.65,4.8,8.69,32.9,-26.6,10.2,6.78,6.7,-44.8,37.5,-6.2,4.8,8.69,-34.65,2.36,-1.5,-3.42,0.01,6571418.0,4.23,6.86,11.1,6.8,8.2,False,6,,-9.4,4.4,False,,1.0,0.51,-0.04,6.380000114440918,False,False,False,3.745970079117602,5.494089449372484,4.4566689295374236,9.32326184633112,,5.225440763076465,1.136450577032043,6.913242996320038,,,,6,False,8.2,,,n/d,n/d,,,,False,False,,,Em Alta,6.369999885559082,0.15698946721343088,-28.314602383157204,False,False,False,sem sinal (Em Alta)
GGBR4,BOVA11,BOVA11,Materiais,47.29,49.22,36.36363636363637,,,1.0,,33.0,64.17,59.44,64.38,False,90,Não,,,False,4,8,False,,True,,False,False,False,True,True,False,4,11,False,False,True,False,True,True,True,False,False,True,True,0.18,True,48593842176.0,21.9,0.92,3.22,7.04,4.18,12.63,10.03,3.22,5.31,0.97,1.33,2.87,0.28,0.3,154.27,73.5,8.62,5.03,1.04,34.14,65.6,16.55,26.1,49.7,-5.1,4.2,21.48,21.41,-26.3,29.4,23.6,17.08,26.1,-4.85,1.85,54.8,-2.62,1.01,239185310.0,25.12,36.57,53.24,8.8,2.9,True,8,,-5.4,4.2,False,2025,0.74,0.48,0.04,24.770000457763672,False,False,False,12.690379890301562,23.86610153563165,15.469848569880389,26.175880695953083,33.93150747638859,11.693289039877385,13.934539070303583,24.141786255374512,20.237916566713842,19.66797505275602,17.70117754748042,8,True,2.9,-28.537839239593833,-18.296664542972728,n/d,n/d,,,,False,False,,,Lateral,26.100000381469727,-5.095785073820602,-8.69885284189682,False,False,False,sem sinal (Lateral)
RANI3,SMALL11+DIVO11,SMALL11,Materiais,46.96,50.44,27.272727272727273,,,1.0,,48.05,54.63,36.75,78.08,False,91,Não,,,False,3,8,False,,True,,False,False,False,False,False,False,3,11,False,True,True,False,False,False,True,False,False,True,True,0.8,True,1893761280.0,14.71,1.33,4.87,9.02,9.03,25.63,11.69,7.65,5.2,2.42,2.84,2.1,1.38,,132.68,-70.2,5.82,4.4,0.56,63.24,36.76,7.56,9.51,9.3,-13.2,4.7,8.17,8.28,-20.5,22.8,-0.9,7.56,9.51,-29.35,1.44,-6.4,-2.14,-0.55,5120630.0,6.07,8.14,10.9,6.5,5.8,True,6,,-0.0,8.4,False,,0.52,0.44,0.02,8.260000228881836,False,False,False,5.41830743297521,7.946850901696975,5.989576417951931,8.858071093913251,,4.907844434247283,1.5273419865777427,8.260000228881836,6.896775084944415,6.968213659824453,6.271392293842008,6,True,5.8,-24.075155931430615,-16.503935909962586,n/d,n/d,,,,False,False,,,Em Alta,8.199999809265137,0.7317124513698703,-14.875166276927065,False,False,False,sem sinal (Em Alta)
SAUD3,DIVO11+AUVP11,SMALL11,Healthcare,46.45,43.42,63.63636363636363,,,0.2,,49.63,9.32,65.73,56.16,True,92,Não,Fundo duplo,"Fundo duplo (pré-confirmação) — pescoço R$13.64, preço 14.7% acima do pescoço; falta fechar acima e segurar",False,6,8,False,,True,,False,False,False,True,False,True,7,11,False,True,True,False,True,True,True,True,True,True,True,-0.69,True,45752266752.0,43.42,2.45,1.34,6.21,5.63,39.67,4.59,9.86,24.84,-7.41,-18.52,1.06,0.01,,269.45,-19.6,9.2,5.03,0.66,34.2,65.77,10.39,15.99,50.6,-2.1,10.9,13.24,13.16,-21.2,37.9,41.4,10.39,15.99,12.95,2.39,19.3,-3.08,0.33,110784940.0,11.71,18.98,30.76,11.2,14.8,False,6,,9.3,6.1,True,2023,0.9,0.46,-0.02,15.649999618530273,False,False,False,7.06309586885667,10.359207274323117,3.844618361684083,7.197433129840272,,14.516166036785778,0.9803776822294413,6.506972033809101,,,,6,False,14.8,,,n/d,n/d,,,,False,False,,,Em Alta,15.949999809265137,-1.8808789612686838,-4.446454866894356,False,False,False,sem sinal (Em Alta)
VALE3,BOVA11+DIVO11+Wishlist,BOVA11,Materiais,46.22,51.17,18.181818181818183,,,1.0,,48.31,48.54,43.68,85.62,False,93,Não,,,False,4,8,False,,True,,False,False,False,True,False,False,2,11,True,False,True,False,False,True,True,False,False,True,True,0.41,True,287859769344.0,28.96,1.53,8.29,10.47,5.27,24.52,18.11,4.76,4.08,1.04,0.79,1.19,0.55,,303.25,-43.5,8.09,7.92,0.39,60.3,38.73,54.3,87.63,24.6,-22.8,-9.9,75.64,73.84,-22.8,26.9,-3.9,67.64,87.63,-32.35,1.69,42.0,-2.69,0.39,1767419869.0,58.91,83.13,117.31,10.0,14.6,False,6,,-4.3,0.9,False,,0.71,0.51,-0.06,67.63999938964844,False,False,False,51.51069274400542,75.54901602454129,24.9134436057637,48.200313160974744,,44.166666666666664,6.352928119469743,92.53233032000153,,,,6,False,14.6,,,2026-10-29,2026-08-12,última,"A Vale (VALE3) apresenta um quadro de investimentos complexo, onde a alta eficiência operacional medida pelo ROIC de 18,1%, bem acima da média setorial de 9,2%, contrasta com um ROE de 5,3%, ligeiramente abaixo dos pares de 5,6%. Essa qualidade operacional convive com múltiplos de preço que exigem cautela, pois o P/L de 28,96 indica que o mercado cobra caro pelos lucros atuais, embora o P/VP de 1,53 mostre uma avaliação patrimonial mais moderada. No âmbito financeiro, a excelente rentabilidade operacional suporta com folga o endividamento controlado, visto que a relação Dívida Líquida/EBITDA de 1,04 está confortavelmente abaixo da média do setor de 1,76. O dividend yield de 8,29% mostra-se atraente e coerente com a forte geração de caixa, mas a sustentabilidade desse fluxo no longo prazo requer atenção devido à margem líquida pressionada de 4,76%. O crescimento histórico é o principal ponto de atenção, com o CAGR de receita de 5 anos em queda acentuada de -43,5%, muito abaixo da média setorial de 17,4%, revelando uma variação atípica que merece checagem manual detalhada para identificar eventos contábeis não recorrentes. Diante disso, o crescimento implícito de 10,0% ao ano embutido no preço atual pelo fluxo de caixa descontado reverso parece bastante exigente frente ao histórico recente de retração da companhia. Essa divergência se reflete na enorme dispersão dos modelos de valuation, que variam desde um preço-teto conservador de R$ 24,91 pelo fluxo de caixa descontado até R$ 75,55 pelo modelo de Gordon, exigindo cautela extra na adoção dessas referências. No checklist de critérios fundamentalistas, a empresa atende a apenas 4 de 8 requisitos, penalizada pela ausência de crescimento superior ao setor, margem líquida abaixo de 15% e vendas recentes por parte de insiders. Em balanço, a Vale destaca-se positivamente pelo ROIC robusto, endividamento muito saudável e proventos atraentes, mas traz como contrapartidas preocupantes a forte contração histórica de receita, múltiplos de lucros esticados e uma tendência gráfica de baixa.

Gatilho de falseamento: ROIC abaixo de 9,2% no fechamento anual.",,True,False,,,Em Baixa,74.51000213623047,-9.220242315952765,-24.10171076158727,False,False,False,sem sinal (Em Baixa; sem novo topo (-9.2%))
OPCT3,SMALL11,SMALL11,Bens Industriais,45.41,41.07,70.0,,,0.7,,60.1,19.53,40.25,10.96,False,94,Não,,,False,6,8,False,,False,,False,,True,False,True,True,7,10,True,True,True,False,True,True,True,False,False,False,True,0.66,True,4934866432.0,29.41,4.77,0.39,0.98,16.21,1.49,14.93,6.99,8.11,2.17,2.0,2.22,1.92,2.55,28.93,486.7,23.64,8.23,0.53,70.86,29.16,7.35,11.4,41.5,-8.8,1.3,9.44,9.37,-26.9,36.3,26.8,8.2,11.4,-1.65,2.29,50.0,-2.94,0.73,16470161.0,9.14,14.57,23.24,10.0,10.3,False,6,,21.1,24.0,False,2025,0.84,0.44,-0.0,10.399999618530273,False,False,False,0.7439101617661609,1.3990310461602316,4.836625504005479,4.165027571228595,4.421915828491321,1.8013451023148264,3.56928453005968,7.670139206698427,,,,6,False,10.3,,,n/d,n/d,,,,False,False,,,Lateral,10.300000190734863,0.9708682130449064,-11.187023188293665,False,False,False,sem sinal (Lateral)
QUAL3,SMALL11,SMALL11,Cuidados de saúde,45.4,50.2,18.181818181818183,,,0.2,,52.0,72.48,37.25,12.33,True,95,Não,,,False,5,8,False,,False,,False,False,False,True,True,False,2,11,True,False,True,False,True,True,False,True,False,False,True,0.59,True,594030080.0,22.87,0.45,0.43,1.25,1.96,0.44,22.61,1.9,1.64,2.45,1.49,0.58,0.89,16.34,28.61,60.1,4.29,5.32,0.47,66.78,32.76,1.39,2.71,51.1,-22.4,28.0,1.91,1.97,-48.6,60.2,-8.6,1.39,2.62,-37.05,3.79,-35.5,-5.66,-0.09,6277754.0,0.88,1.91,4.13,9.0,16.3,False,6,,-9.9,-7.5,False,,1.79,0.57,0.12,2.0999999046325684,False,False,False,0.19106482607503453,0.21568700567650542,0.7538651208168957,3.105068567315767,0.24335460443231288,0.5408050059447588,0.3319878419455688,,,,,6,False,16.3,,,n/d,n/d,,,,False,False,,,Em Alta,2.0299999713897705,3.448272622135784,-25.15424038990348,False,False,False,sem sinal (Em Alta)
RADL3,BOVA11,BOVA11,Bens de primeira necessidade,45.35,43.73,54.54545454545455,,,0.0,,62.1,23.82,41.98,14.38,True,96,Não,,,False,6,8,False,,True,,False,False,True,False,True,True,6,11,True,True,True,False,True,True,True,False,False,True,True,1.09,True,36404523008.0,27.18,5.0,2.16,1.54,18.41,18.18,16.71,2.88,7.75,2.06,1.69,1.41,1.18,2.54,41.88,14.4,17.94,7.8,0.84,70.85,29.09,16.07,26.6,29.6,-21.7,13.0,20.49,20.85,-39.6,36.6,-10.8,16.07,26.6,-39.25,2.3,9.6,-3.73,0.21,252369660.0,15.14,24.16,38.55,9.7,6.2,True,7,,15.0,13.8,True,,1.22,0.64,0.16,20.81999969482422,False,False,False,2.333193011835128,4.387908148064128,10.476963458194437,8.471537731633505,9.376285883096571,7.165780173672606,7.3289429308099425,14.456333471473487,8.809107399563526,8.471537731633505,7.624383958470155,7,True,6.2,-63.379519355297816,-57.68920495347827,n/d,n/d,,,,False,False,,,Em Alta,21.197742462158203,-1.7819952667522232,-22.916364156238387,False,False,False,sem sinal (Em Alta)
SUZB3,BOVA11,BOVA11,Materiais,45.24,50.02,18.181818181818183,,,1.0,,51.49,72.08,29.78,28.77,False,97,Não,,,False,5,8,False,,False,,False,False,True,False,False,False,2,11,True,True,False,True,False,False,True,True,True,True,False,1.68,False,52673851392.0,6.62,1.09,0.01,3.06,16.44,27.73,5.54,17.08,6.14,3.68,9.14,3.38,1.99,0.51,20.28,-64.0,5.88,3.15,0.57,73.83,26.09,39.68,58.97,7.8,-27.5,-0.9,47.0,46.98,-32.7,28.8,-17.5,39.68,58.97,-45.95,1.81,-0.7,-2.53,-0.77,320170744.0,26.2,37.74,54.37,-1.2,11.0,False,5,,0.2,5.7,False,2025,0.28,0.19,-0.01,42.77000045776367,False,False,False,9.527735056219854,17.918288831536046,88.3660471401023,75.52457156142424,104.46635619675304,16.110640909817693,71.76637321522445,26.399655529328754,,,,5,False,11.0,,,n/d,n/d,,,,False,False,,,Em Baixa,48.58000183105469,-11.959656554761555,-28.291126825580914,False,False,False,sem sinal (Em Baixa; sem novo topo (-12.0%))
ANIM3,SMALL11,SMALL11,Consumo discricionário,45.18,45.13,45.45454545454545,,,0.9,,44.09,58.49,23.87,58.9,False,98,Não,Bandeira de alta,"Bandeira de alta (pré-confirmação) — pescoço R$3.89, preço 20.8% acima do pescoço; falta fechar acima e segurar",False,4,8,False,,False,,False,False,False,False,True,True,5,11,True,False,True,False,True,False,True,False,False,False,False,1.75,False,1775942784.0,12.34,0.79,1.65,6.45,6.36,-2.07,14.6,3.71,3.65,3.35,3.15,1.49,2.02,9.52,79.62,205.2,6.36,6.53,0.35,72.15,22.61,1.93,5.17,143.5,-9.1,70.4,3.33,3.45,-62.7,71.5,45.6,1.93,5.17,17.15,4.5,-8.5,-5.6,0.73,18492730.0,2.7,6.98,18.06,5.2,19.8,False,6,,4.1,5.8,False,,2.01,0.54,0.07,4.699999809265137,False,False,False,2.205408945855698,2.4665378838772627,3.09798022181789,7.140324905307679,2.9511406866094934,1.3130872423302016,1.3519715919155728,26.04259044993042,,,,6,False,19.8,,,n/d,n/d,,,,False,False,,,Em Alta,4.179999828338623,12.440191442141568,-11.127657464297014,False,False,False,sem sinal (Em Alta)
SLCE3,SMALL11,SMALL11,Bens de primeira necessidade,44.74,47.82,27.272727272727273,,,0.0,,51.59,42.59,37.24,65.07,True,99,Não,Bandeira de alta,"Bandeira de alta (pré-confirmação) — pescoço R$17.29, preço 1.3% acima do pescoço; falta fechar acima e segurar",False,2,8,False,,True,,False,False,False,False,True,False,3,11,False,False,False,False,True,False,True,False,False,True,True,1.87,True,8689224704.0,22.5,1.61,4.6,7.05,7.16,17.38,10.84,4.41,6.85,4.42,5.6,2.2,1.82,0.93,158.61,24.2,11.94,6.41,0.63,73.5,23.57,12.62,19.32,38.8,-9.3,16.7,15.22,15.4,-34.7,26.4,18.5,12.62,19.32,-9.95,1.67,38.0,-2.45,0.64,48843386.0,16.43,23.02,32.25,8.9,2.6,True,8,,0.8,25.1,False,,0.4,0.29,-0.04,17.520000457763672,False,False,False,8.982351581213956,16.892616038218502,10.650150815902217,13.807694678077358,23.360000610351562,11.363478682773742,9.593173583984376,11.472299290050191,13.265220660071488,11.417888986411967,10.27610008777077,8,True,2.6,-41.346462218743255,-24.285272183350624,n/d,n/d,,,,False,False,,,Em Alta,17.989999771118164,-2.6125587511626747,-10.061597179317216,False,False,False,sem sinal (Em Alta)
BBAS3,BOVA11+DIVO11+Carteira,BOVA11,Produtos financeiros,44.46,48.38,22.22222222222222,14.56,,0.4,,37.76,55.82,50.86,72.6,False,100,Não,Bandeira de alta,"Bandeira de alta (pré-confirmação) — pescoço R$26.33, preço 7.9% abaixo do pescoço; falta fechar acima e segurar",False,2,6,False,,True,,False,False,False,,False,False,2,9,False,False,False,,False,,True,True,True,True,True,,True,138497261568.0,9.6,0.77,2.84,8.48,7.99,14.73,0.0,21.83,,,,,,6.47,81.43,-13.8,5.62,0.79,,92.12,7.71,17.71,27.18,37.0,-10.7,17.6,21.36,21.73,-34.8,31.8,14.5,17.71,27.18,-13.95,2.0,9.5,-2.96,0.21,1101049999.0,18.86,28.29,42.45,3.0,1.4,True,4,,6.1,1.6,True,,1.27,0.77,0.04,24.260000228881836,False,False,False,14.965606486741422,17.02493992852374,20.907790327421512,42.32540091982094,25.184920054905838,15.57951696966789,9.27354295380995,,17.11946342808864,16.302228449095814,14.672005604186234,4,True,1.4,-39.52182413123382,-29.43337482862962,2026-11-11,2026-09-02,última,"A análise fundamentalista do Banco do Brasil (BBAS3) revela um cenário de valuation descontado que contrasta diretamente com indicadores de rentabilidade e crescimento abaixo da média de seus pares no setor de produtos financeiros. O papel negocia a múltiplos convidativos de preço, com um P/L de 9,6 e um P/VP de 0,77, sugerindo uma aparente pechincha que convive, no entanto, com um ROE de 8,0% (abaixo da média setorial de 18,4%) e um ROIC nulo de 0,0% (abaixo dos 2,2% do setor), o que evidencia uma baixa eficiência na alocação de capital que justifica o desconto patrimonial. Essa rentabilidade deprimida e a ausência de dados de endividamento aplicáveis ao segmento bancário limitam a capacidade de expansão dos proventos, resultando em um dividend yield de 2,84% que se mostra modesto diante da rentabilidade histórica. No campo do crescimento, a receita apresenta uma contração severa no longo prazo, com CAGR de cinco anos em -13,8% (abaixo dos 12,7% do setor), e a análise das janelas temporais mais recentes confirma que o indicador está explicitamente desacelerando ao passar de 6,1% em três anos para apenas 1,6% no último ano, um sinal de alerta que exige checagem manual detalhada sobre possíveis eventos não recorrentes ou mudanças estruturais nesse período. O checklist de critérios corrobora essa fragilidade ao aprovar apenas 2 de 6 requisitos, reprovando o banco em eficiência frente à taxa Selic e aos concorrentes, restando como pontos positivos apenas o elevado valor de mercado e a ausência de venda de ações por controladores. Quanto ao valuation, as estimativas de preço-teto mostram uma dispersão acentuada entre os métodos, variando desde os conservadores R$ 14,97 por Bazin até os otimistas R$ 42,33 por Graham, resultando em uma média de R$ 17,12 e um preço-teto ajustado com margem de segurança de R$ 14,67, o que implica em um upside negativo de -39,5% frente à cotação atual de R$ 24,26. Para que o preço atual de tela seja justificado, o mercado exige um crescimento implícito de 3,0% ao ano via fluxo de caixa descontado reverso, patamar que se mostra bastante exigente e otimista quando contrastado com o histórico recente de retração e desaceleração das receitas da instituição. Como prós, destacam-se o forte desconto sobre o valor patrimonial, a tendência gráfica de alta e a robusta escala de mercado; como contras, pesam a rentabilidade muito abaixo dos pares, a clara desaceleração operacional e a ausência de margem de segurança em relação aos preços-teto calculados.

Gatilho de falseamento: ROE abaixo de 8,0% no fechamento anual de 2026.",,False,True,22.29,8.84,Em Alta,26.329999923706055,-7.861753516225834,-11.47854962853241,False,False,False,sem sinal (Em Alta)
NATU3,BOVA11+SMALL11,BOVA11,Bens de primeira necessidade,44.08,47.94,22.22222222222222,,,0.0,P/L=-3.81<2,38.76,77.76,54.26,2.05,True,101,Não,,,False,2,8,False,,False,,,,False,True,False,False,2,9,False,False,False,False,False,True,True,False,False,True,True,0.35,True,10121461760.0,-3.81,0.8,0.0,0.0,-21.11,16.32,10.18,-12.47,4.55,2.58,3.48,1.68,0.54,,,-88.9,7.8,2.55,0.77,55.21,44.79,6.55,10.7,12.5,-31.1,-12.4,8.57,8.67,-38.8,46.9,2.4,6.55,10.7,-26.05,2.96,-0.9,-4.43,-0.39,81207511.0,3.45,6.32,11.57,,1.0,True,1,,18.7,2.6,True,"2023, 2024",1.18,0.48,-0.01,7.369999885559082,,False,False,,,,,,,,12.819559779905507,12.819559779905507,12.819559779905507,11.537603801914956,1,True,1.0,56.548222266895245,73.94246918543917,n/d,n/d,,,,False,False,,,Em Baixa,8.079999923706055,-8.787129267958171,-33.90134405645342,False,False,False,sem sinal (Em Baixa; sem novo topo (-8.8%))
ECOR3,SMALL11,SMALL11,Bens Industriais,43.47,38.31,72.72727272727273,,,0.7,,47.82,36.7,27.81,20.55,False,102,Não,,,False,2,8,False,,True,,False,True,True,False,False,True,8,11,False,True,False,False,False,False,True,False,False,True,False,5.91,False,9578704896.0,17.56,2.33,2.2,2.52,13.28,19.86,11.52,4.59,6.01,4.62,5.52,2.52,6.64,2.37,44.2,-89.7,22.21,6.86,0.19,88.21,11.06,5.87,13.77,134.6,0.0,80.6,8.27,8.61,-50.0,51.8,35.9,5.87,13.77,7.45,3.26,11.8,-3.96,1.2,120250745.0,13.53,25.85,49.39,7.6,10.5,False,5,,23.9,16.7,True,2023,2.04,0.76,0.05,13.770000457763672,False,False,False,2.520782419249466,4.740697259427221,10.725402663847081,10.211393152752727,7.784657472369709,1.8241647163423265,5.8518570895900694,19.13357929618658,,,,5,False,10.5,,,n/d,n/d,,,,False,False,,,Em Alta,12.989999771118164,6.004624329399566,2.000003390842009,False,False,False,sem sinal (Em Alta)
RENT3,BOVA11,BOVA11,Bens Industriais,43.35,39.77,63.63636363636363,,,0.7,,52.69,33.95,18.67,38.36,False,103,Não,,,False,2,8,False,,True,,False,True,True,False,True,True,7,11,False,True,False,False,False,False,True,False,False,False,False,1.34,True,57793449984.0,17.18,2.17,4.03,3.79,12.63,7.58,12.27,7.39,6.34,4.1,4.6,1.14,1.71,3.9,65.11,24.5,11.84,6.27,0.33,70.15,29.84,31.57,52.32,65.8,0.0,36.2,41.08,41.4,-37.9,43.9,25.2,31.57,52.32,-3.25,2.77,-0.2,-3.64,0.73,612875967.0,43.46,75.45,130.98,7.5,4.0,True,8,,32.9,12.1,True,,1.86,0.81,0.11,52.31999969482422,False,False,False,14.420708544572927,22.157232373394894,34.03069259974823,40.64597494983345,24.961662555417107,49.01969572863715,16.87233039039594,57.229334386717206,32.41720394108961,29.496177577582667,26.546559819824402,8,True,4.0,-49.26116212792996,-38.04051198361055,n/d,n/d,,,,False,False,,,Em Alta,50.65999984741211,3.2767466490565056,0.5573725203367408,False,False,False,sem sinal (Em Alta)
AXIA3,BOVA11+Carteira,BOVA11,Serviços públicos,42.47,38.74,63.63636363636363,,,0.1,,39.09,27.25,49.06,45.21,True,104,Não,Bandeira de alta,"Bandeira de alta (pré-confirmação) — pescoço R$61.38, preço 3.3% abaixo do pescoço; falta fechar acima e segurar",False,3,8,False,,True,,False,False,False,True,True,True,7,11,False,False,False,True,False,True,True,False,True,False,True,0.54,True,136237203456.0,13.93,1.37,2.6,4.28,9.86,5.35,3.25,27.05,16.49,2.95,7.36,2.05,0.63,3.49,59.57,9.7,10.02,3.03,0.39,57.63,42.34,48.65,67.15,22.1,-11.6,11.4,54.94,55.96,-27.0,38.1,18.8,49.43,67.15,-9.65,2.4,9.5,-3.11,0.25,978086239.0,41.56,69.37,115.82,6.1,3.5,True,8,,6.6,2.7,True,,1.32,0.67,0.08,59.380001068115234,False,False,False,18.46851701924521,27.045145324795296,45.39872770322796,64.4756335567268,35.22181914564774,22.070677753634115,22.469505756151783,27.85857412013858,32.87607504744594,27.45185972246694,24.706673750220244,8,True,3.5,-58.392264557423914,-44.634431700778265,2026-11-04,2025-11-17,última,"A análise fundamentalista da AXIA3 revela uma empresa de serviços públicos que opera com indicadores de rentabilidade abaixo de seus pares, com um ROE de 9,9% frente à média setorial de 12,1% e um ROIC de 3,2% contra os 9,6% do setor, sugerindo uma eficiência na alocação de capital ainda aquém do ideal. Essa rentabilidade modesta convive com múltiplos de preço esticados, visto que o P/L de 13,93 e o P/VP de 1,37 não parecem justificados por retornos tão baixos, indicando que a qualidade atual não está barata. No âmbito financeiro, a boa margem líquida de 27,05% e o endividamento controlado, com uma relação Dívida Líquida/EBITDA de 2,95 que se posiciona abaixo do limite prudencial e da média do setor de 3,4, garantem solidez, mas o dividendo de 2,6% mostra-se tímido e pouco atraente para o setor. O crescimento histórico de receita em cinco anos de 9,7% ficou muito abaixo da média setorial de 37,6%, e a análise das janelas temporais de três anos com 6,6% e de um ano com 2,7% mostra que a empresa está explicitamente desacelerando, um sinal de alerta importante que exige checagem manual de eventuais variações atípicas nesses períodos para descartar eventos contábeis pontuais. Diante disso, o crescimento implícito de 6,1% ao ano embutido no preço atual via fluxo de caixa descontado reverso mostra-se bastante exigente quando comparado à recente trajetória de desaceleração da companhia. Essa desconexão com os fundamentos reflete-se no checklist de critérios, no qual a AXIA3 atendeu a apenas 3 de 8 requisitos, e na forte dispersão do valuation, onde o preço atual de R$ 59,38 supera significativamente a média dos preços-teto de R$ 32,88 e a mediana de R$ 27,45, resultando em um upside negativo de 58,4% contra o preço-teto ajustado de R$ 24,71. Como prós, destacam-se a robusta liquidez corrente de 2,05, a margem líquida elevada e a alavancagem financeira sob controle; como contras, pesam o valuation esticado, o baixo retorno sobre o capital e a clara perda de ritmo no crescimento operacional.

Gatilho de falseamento: margem líquida abaixo de 27,05% no próximo resultado anual divulgado pela companhia.",,False,True,59.55,-0.29,Em Alta,61.380001068115234,-3.2583902984630764,-12.470512568483494,False,False,False,sem sinal (Em Alta)
USIM5,BOVA11+SMALL11,BOVA11,Materiais,41.84,46.02,18.181818181818183,,,1.0,P/L=-3.89<2,9.76,92.16,71.0,43.84,False,105,Não,,,False,4,8,False,,False,,False,False,False,True,True,False,2,11,False,False,False,False,True,True,True,True,False,False,True,-0.02,True,8875097088.0,-3.89,0.44,0.0,4.15,-11.18,-0.65,4.67,-9.36,3.61,-0.18,-0.44,4.44,0.27,,,301.7,5.43,1.64,1.4,33.58,58.33,4.25,12.04,69.6,-40.1,-12.4,6.82,7.11,-49.6,46.3,20.6,5.98,12.04,-7.85,2.92,67.0,-4.35,0.92,77525015.0,6.3,11.37,20.53,,4.7,True,2,,-6.8,1.5,False,2025,0.79,0.33,0.04,7.210000038146973,False,False,False,2.1754110659607355,4.09117629501648,,,,,,10.238668745434213,3.133293680488608,3.133293680488608,2.819964312439747,2,True,4.7,-60.88815121331817,-56.54239023702018,n/d,n/d,,,,False,False,,,Lateral,7.480000019073486,-3.6096254042517706,-40.80459887112525,False,False,False,sem sinal (Lateral)
FRAS3,SMALL11,SMALL11,Consumo discricionário,41.11,40.34,45.45454545454545,,,0.9,,52.93,17.17,46.44,29.45,False,106,Não,Bandeira de alta,"Bandeira de alta (pré-confirmação) — pescoço R$25.25, preço 6.5% acima do pescoço; falta fechar acima e segurar",False,6,8,False,,True,,False,False,True,False,True,False,5,11,True,False,True,False,True,True,True,True,False,True,True,0.6,True,7457540608.0,25.73,2.99,2.29,3.06,11.62,14.99,15.27,5.39,8.5,1.64,1.48,2.41,1.13,10.46,78.84,155.0,17.25,6.92,0.72,65.64,34.06,18.96,26.89,41.8,0.0,23.1,22.31,22.41,-24.2,28.6,12.9,18.96,26.89,-15.55,1.8,9.5,-2.66,0.45,5434446.0,23.38,33.67,48.47,9.5,3.2,True,8,,21.5,38.5,False,,0.83,0.56,0.05,26.889999389648438,False,False,False,5.992197626521073,7.47662454905722,9.483480425729756,14.542081160755501,5.772041262528308,8.662517880828215,4.4873228567728125,13.241568157964615,8.707229240019688,8.069571214942718,7.262614093448446,8,True,3.2,-72.9913936099074,-67.61907981533231,n/d,n/d,,,,False,False,,,Em Alta,26.3799991607666,1.9332837191303964,1.817491650926173,False,False,False,sem sinal (Em Alta)
PNVL3,SMALL11,SMALL11,Bens de primeira necessidade,40.88,35.26,72.72727272727273,,,0.0,,35.2,39.38,36.22,23.29,True,107,Não,Bandeira de alta,"Bandeira de alta (pré-confirmação) — pescoço R$14.51, preço 7.0% acima do pescoço; falta fechar acima e segurar",False,4,8,False,,True,,False,False,True,False,True,True,8,11,False,True,False,False,True,False,True,True,False,False,True,0.84,True,2319803648.0,16.97,1.77,2.76,2.7,10.45,8.49,9.66,2.33,6.76,4.17,5.94,1.75,1.07,3.0,45.88,17.6,10.14,4.98,0.9,66.54,33.46,8.73,15.91,77.9,-2.4,32.4,11.75,11.92,-35.3,37.6,33.2,10.3,15.91,4.75,2.37,45.2,-3.13,1.29,11769345.0,16.71,26.97,43.54,7.4,4.4,True,8,,11.4,11.5,False,,1.42,0.73,0.12,15.529999732971191,False,False,False,3.0534624206994363,5.4803838942802265,11.945526874261033,13.441110546852247,7.649892984149437,5.662583715368321,5.801714065632104,11.02659469018879,8.007658648928949,6.72580352489077,6.053223172401693,8,True,4.4,-61.02238714434547,-48.437483666350786,n/d,n/d,,,,False,False,,,Em Alta,14.65999984741211,5.934514970084814,-3.7620561395747876,False,False,False,sem sinal (Em Alta)
ENGI11,BOVA11,BOVA11,Serviços públicos,40.66,41.42,36.36363636363637,,,0.1,,49.66,37.62,23.01,50.68,True,108,Não,Bandeira de alta,"Bandeira de alta (pré-confirmação) — pescoço R$62.85, preço 5.4% acima do pescoço; falta fechar acima e segurar",False,3,8,False,,True,,False,False,False,False,True,False,4,11,False,False,True,False,False,False,True,True,False,True,True,2.32,True,20291250176.0,22.0,1.71,1.72,5.38,7.78,17.19,10.25,4.13,6.79,4.32,5.79,1.56,1.99,2.78,118.33,7.9,30.16,4.83,0.34,74.62,23.0,42.54,66.25,55.7,0.0,35.1,48.59,49.29,-24.1,30.4,42.2,43.67,66.25,13.75,1.92,17.6,-2.65,1.04,211601409.0,67.88,99.78,146.65,8.8,5.7,True,7,,10.2,5.1,True,,1.39,0.88,0.02,66.25,False,False,False,25.915326123181742,48.73753267682243,41.18768328445747,51.235118623682084,39.98685155426132,24.816999999999997,23.416363636363638,133.55221742529307,36.47083941410981,39.98685155426132,35.98816639883519,7,True,5.7,-45.67823939798462,-44.949676356060664,n/d,n/d,,,,False,False,,,Em Alta,65.05999755859375,1.829084669630543,0.47012063560236683,False,False,False,sem sinal (Em Alta)
EMBJ3,BOVA11,BOVA11,Bens Industriais,40.58,33.62,80.0,,,0.7,,42.92,14.75,49.3,7.53,False,109,Não,,,False,5,8,False,,False,,False,,True,True,True,True,8,10,False,True,False,False,True,True,True,True,False,False,True,0.14,True,63851429888.0,28.52,3.71,1.34,0.84,13.01,5.09,9.61,5.28,10.86,0.52,0.75,1.44,0.69,2.88,23.9,113.9,15.67,3.7,0.82,70.5,26.66,68.24,103.35,31.4,-13.2,3.2,85.18,85.82,-34.0,37.7,1.9,68.24,103.35,-26.55,2.37,24.5,-3.3,0.24,590953772.0,64.33,104.81,170.76,9.9,9.6,False,6,,18.6,18.5,True,,0.57,0.29,0.02,89.69999694824219,False,False,False,5.467041058475488,10.28156431319745,43.01768844280718,41.36394689869559,33.774451795056436,17.729149974398172,28.483602528381503,52.297451547394154,,,,6,False,9.6,,,n/d,n/d,,,,False,False,,,Em Baixa,101.5199966430664,-11.64302608911828,-14.47178596347224,False,False,False,sem sinal (Em Baixa; sem novo topo (-11.6%))
UNIP6,SMALL11+DIVO11,SMALL11,Materiais,39.77,43.58,18.181818181818183,,,1.0,,50.03,17.62,35.03,96.58,False,110,Não,,,False,4,8,False,,True,,False,False,True,False,False,False,2,11,False,True,True,False,False,False,True,True,False,True,True,1.25,True,6756613632.0,25.69,3.43,10.71,15.77,13.34,34.18,11.66,5.09,9.14,2.72,3.21,2.39,1.85,,405.23,-46.1,18.76,4.48,0.47,74.89,24.93,53.05,71.62,14.0,-15.5,1.8,60.56,61.1,-25.5,29.9,4.0,55.19,71.62,-24.45,1.88,-15.2,-2.82,-0.65,13527181.0,37.22,54.63,80.19,9.5,15.9,False,5,,-10.9,-5.3,False,,0.61,0.39,0.09,60.5,False,False,False,69.40444987680742,101.79319315265089,25.12002076034773,30.57155445032824,,30.880988826991217,6.405605293888672,23.357130685859573,,,,5,False,15.9,,,n/d,n/d,,,,False,False,,,Em Alta,59.7599983215332,1.238289322709285,-16.777840838959268,False,False,False,sem sinal (Em Alta)
HAPV3,BOVA11+SMALL11,BOVA11,Cuidados de saúde,39.11,35.42,60.0,,,0.2,P/L=-25.53<2,11.76,80.94,47.08,4.79,True,111,Não,Fundo duplo,"Fundo duplo (pré-confirmação) — pescoço R$7.33, preço 20.3% acima do pescoço; falta fechar acima e segurar",False,2,8,False,,False,,False,,False,True,True,True,6,10,False,False,False,False,True,False,True,False,False,False,True,0.17,True,4190275328.0,-25.53,0.09,0.0,0.05,-0.36,-1.11,2.12,-0.55,4.75,3.07,7.69,1.84,0.33,,,41.3,8.01,1.55,0.45,33.25,66.74,6.09,36.13,44.8,-75.6,-5.8,11.44,13.58,-83.1,81.3,-39.4,6.09,16.49,-67.85,5.12,-79.7,-6.42,-1.43,65352392.0,0.67,2.15,6.9,,649.6,False,2,,10.0,9.2,True,,1.72,0.41,0.02,8.819999694824219,False,False,False,0.02897502117384564,0.05449173336887745,,,,,,18.8227052775597,,,,2,False,649.6,,,n/d,n/d,,,,False,False,,,Em Alta,8.930000305175781,-1.2318097042819387,-75.85546129330042,False,False,False,sem sinal (Em Alta)
SMFT3,BOVA11+SMALL11,BOVA11,Consumo discricionário,38.62,35.81,54.54545454545455,,,0.9,,48.35,35.91,13.4,23.97,False,112,Não,Fundo duplo,"Fundo duplo (pré-confirmação) — pescoço R$17.97, preço 31.2% acima do pescoço; falta fechar acima e segurar",False,1,8,False,,False,,False,False,True,False,False,True,6,11,False,False,False,False,False,False,True,False,True,False,False,1.83,False,14426699776.0,21.16,2.39,4.28,2.73,11.3,9.4,10.6,8.53,4.91,4.32,5.6,1.2,2.24,4.42,57.67,-6.3,11.72,5.98,0.3,73.66,26.34,16.55,25.93,42.4,-9.1,26.4,19.64,20.3,-36.2,41.3,3.7,16.55,23.57,-24.75,2.6,-26.3,-3.16,-0.19,168936929.0,13.67,23.01,38.73,8.6,6.0,True,7,,35.2,29.8,True,2023,1.43,0.67,0.05,23.56999969482422,False,False,False,4.671635053706578,7.506682952444355,13.017284015043591,15.721502670181088,8.364130331143626,12.727939924086833,6.440000439214719,27.950993515685383,9.778453626545828,8.364130331143626,7.5277172980292635,7,True,6.0,-68.06229361266267,-58.513136388826105,n/d,n/d,,,,False,False,,,Em Alta,22.34000015258789,5.505817071777619,-9.969712341061754,False,False,False,sem sinal (Em Alta)
CBAV3,SMALL11,SMALL11,Materiais,37.86,39.73,27.272727272727273,,,1.0,,37.81,48.77,38.58,28.08,False,113,Não,,,False,4,8,False,,False,,False,False,True,True,True,False,3,11,False,True,False,False,True,False,True,True,False,False,True,0.57,True,7272482304.0,12.16,1.44,0.4,3.04,11.81,-1.32,6.25,6.41,6.52,1.95,4.29,2.06,0.89,1.63,36.97,28.1,9.55,3.49,0.48,67.68,30.73,3.95,11.29,182.5,-1.1,1.8,10.54,9.33,-15.2,29.7,59.3,7.01,11.29,30.85,1.87,183.3,-2.26,3.2,37176035.0,21.8,31.69,46.07,5.1,16.0,False,6,,-0.1,7.5,False,,0.15,0.1,0.03,11.170000076293945,False,False,False,2.470094240224297,4.6453707808089195,12.563879542520777,12.661827764184805,9.630446168296853,0.7924306590522219,6.874469996192365,7.944845317023813,,,,6,False,16.0,,,n/d,n/d,,,,False,False,,,Lateral,11.289999961853027,-1.0628865010145372,-1.0628865010145372,False,False,False,sem sinal (Lateral)
BRAP4,BOVA11+SMALL11+DIVO11,BOVA11,Basic Materials,37.75,38.53,33.333333333333336,,,1.0,DY5a=24.4%>=20,13.58,54.5,74.72,,False,114,Não,,,False,4,6,False,,True,,False,False,False,True,,False,3,9,False,True,True,False,,,True,True,False,True,True,,True,8125306880.0,13.9,1.01,11.4,24.38,7.26,23.82,-0.47,0.0,-211.48,,,5.68,0.0,1.91,338.82,,2.76,-0.74,,4.4,95.6,15.17,25.49,36.2,-18.9,-5.1,21.92,21.31,-20.8,26.9,2.9,20.08,25.49,-25.55,1.69,44.8,-2.81,0.71,60562483.0,19.6,27.67,39.07,6.1,6.3,True,6,,-44.5,-48.8,True,,0.84,0.6,-0.11,20.670000076293945,False,False,False,36.642936645658274,68.91236149812508,20.33901144662017,26.16758540426784,44.611510956030095,15.342069641277186,10.954207810216671,,25.67622031734504,23.253298425444004,20.927968582899606,6,True,6.3,1.2480334090637868,24.21973982860619,n/d,n/d,,,,False,False,,,Em Baixa,21.360000610351562,-3.2303394866160517,-19.352318559827452,False,False,False,sem sinal (Em Baixa; sem novo topo (-3.2%))
CASH3,SMALL11,SMALL11,Comunicação,37.65,33.71,60.0,,,0.4,P/L=-5.14<2,0.88,65.89,83.17,2.05,False,115,Não,,,False,2,8,False,,False,,False,,False,True,True,True,6,10,False,False,False,False,True,True,False,False,False,False,True,-0.28,True,517738304.0,-5.14,1.21,0.0,0.0,-23.45,-3.01,-16.62,-20.31,-7.83,-1.12,-2.8,2.68,0.0,,,18.2,5.77,9.61,1.74,18.27,80.69,3.24,5.91,53.1,-16.1,4.5,4.16,4.29,-33.2,51.0,29.5,3.24,5.91,1.05,3.21,25.1,-4.85,0.3,7771934.0,3.05,5.83,11.17,,,True,0,,12.9,26.1,False,,0.68,0.26,0.0,4.960000038146973,False,False,False,,,,,,,,,,,,0,True,,,,n/d,n/d,,,,False,False,,,Em Baixa,5.730000019073486,-13.438044997616228,-17.333332697550453,False,False,False,sem sinal (Em Baixa; sem novo topo (-13.4%))
MOVI3,SMALL11,SMALL11,Bens Industriais,37.48,39.28,27.272727272727273,,,0.7,,46.52,41.01,13.09,54.79,False,116,Não,,,False,5,8,False,,False,,False,False,True,False,True,False,3,11,True,True,True,False,True,False,True,False,False,False,False,5.24,False,7092944896.0,16.44,1.82,3.68,5.72,11.08,3.58,13.78,2.89,4.22,3.65,3.64,0.68,6.43,24.84,94.03,97.0,7.47,6.78,0.22,91.5,8.5,6.5,16.73,157.4,0.0,90.7,9.65,10.1,-56.2,68.7,69.0,6.5,16.73,40.55,4.33,-1.3,-5.96,1.18,135548896.0,14.42,34.19,81.04,7.2,26.6,False,7,,16.4,8.8,True,,2.48,0.69,0.11,16.729999542236328,False,False,False,6.95890084052432,7.359214190633321,7.826763533172548,14.507767517880632,6.493812956638077,14.35672303161398,3.199061664405838,85.08925975361369,,,,7,False,26.6,,,n/d,n/d,,,,False,False,,,Em Alta,14.899999618530273,12.28187899703157,8.777629504227647,False,False,False,sem sinal (Em Alta)
TIMS3,BOVA11+DIVO11+AUVP11,BOVA11,Comunicação,36.62,31.85,63.63636363636363,,,0.4,,30.27,10.93,37.74,79.45,False,117,Não,Fundo triplo,"Fundo triplo (pré-confirmação) — pescoço R$19.42, preço 2.7% abaixo do pescoço; falta fechar acima e segurar",False,3,8,False,,True,,False,False,False,True,True,True,7,11,False,False,False,True,True,False,True,False,True,True,True,0.49,True,44868759552.0,3290.71,1.8,7.89,9.25,0.05,11.85,0.76,15.78,114.81,1.05,2.63,0.85,0.66,1316.28,30454.85,2.5,8.97,7.75,0.43,57.89,42.11,17.74,27.65,6.5,-31.7,-6.8,22.23,22.47,-35.8,28.8,-10.5,17.74,27.65,-38.95,1.82,-11.9,-2.8,-0.85,144351128.0,11.22,16.25,23.55,,43.2,False,3,,7.3,4.6,True,,0.73,0.49,0.11,18.889999389648438,False,False,False,12.71440598859801,15.928325280160283,,,,30.75,,0.7119962158936688,,,,3,False,43.2,,,n/d,n/d,,,,False,False,,,Em Alta,19.270000457763672,-1.9719826626269588,-32.61275721082587,False,False,False,sem sinal (Em Alta)
AUAU3,SMALL11,SMALL11,Consumo discricionário,36.35,31.0,66.66666666666667,,,0.9,,30.09,42.38,29.86,8.9,False,118,Não,Fundo duplo,"Fundo duplo (pré-confirmação) — pescoço R$3.68, preço 34.5% acima do pescoço; falta fechar acima e segurar",False,2,8,False,,,,,,False,True,True,,2,3,False,False,False,False,False,True,True,False,False,False,True,0.5,True,4260929024.0,22.14,1.34,0.61,0.88,6.04,,7.01,3.84,4.77,2.55,4.99,1.26,0.7,4.56,19.59,22.2,14.15,5.61,,,,2.8,4.95,76.5,0.0,40.5,3.31,3.42,-27.2,41.3,29.1,2.8,4.95,0.65,2.6,,-3.59,0.69,17738129.0,4.09,6.93,11.76,8.8,17.3,False,4,,,,,,0.98,0.48,0.02,4.949999809265137,,False,False,0.3185622653370735,0.5164503864966441,2.6360833815784646,4.310773791671383,1.2836829092945699,0.7654940762634348,1.303067971895902,5.506459911003867,,,,4,False,17.3,,,n/d,n/d,,,,False,False,,,Em Alta,4.860000133514404,1.8518451291821503,0.2024241281143757,False,False,False,sem sinal (Em Alta)
RAPT4,SMALL11,SMALL11,Bens Industriais,36.23,39.41,18.181818181818183,,,0.7,P/L=-7.38<2,18.86,80.57,30.97,45.89,False,119,Não,Fundo duplo,"Fundo duplo (pré-confirmação) — pescoço R$5.14, preço 42.2% acima do pescoço; falta fechar acima e segurar",False,1,8,False,,False,,False,False,False,False,True,False,2,11,False,False,False,False,False,False,True,False,False,False,False,1.87,False,2548907520.0,-7.38,0.85,0.0,4.31,-11.45,8.95,9.51,-2.65,4.36,3.04,4.4,2.12,2.11,,,0.9,7.65,5.22,0.76,74.66,17.25,4.35,7.31,68.0,0.0,48.1,5.32,5.5,-36.4,44.2,33.9,4.35,7.31,5.45,2.78,-10.6,-4.06,0.46,21771727.0,5.31,9.33,16.41,,8.5,False,2,,5.6,10.3,False,2025,1.41,0.61,-0.02,7.309999942779541,False,False,False,2.2930161731730334,2.4756990764637643,,,,,,19.47195155134896,,,,2,False,8.5,,,n/d,n/d,,,,False,False,,,Em Alta,6.610000133514404,10.590012029136853,4.131053598874113,False,False,False,sem sinal (Em Alta)
RAIL3,BOVA11,BOVA11,Bens Industriais,35.9,34.21,45.45454545454545,,,0.7,,49.27,25.16,22.26,13.01,False,120,Não,,,False,2,8,False,,False,,False,False,False,False,True,True,5,11,False,False,False,False,True,False,True,False,True,False,False,1.64,False,34481922048.0,28.14,2.39,0.58,1.31,8.48,1.9,12.06,8.53,7.1,3.16,3.6,1.31,2.01,5.25,36.83,56.8,13.77,7.07,0.25,73.88,25.74,12.33,18.92,50.7,-1.8,29.9,15.19,15.07,-27.6,36.0,26.8,12.33,18.92,-1.65,2.27,-4.4,-3.27,0.28,201194187.0,13.96,22.09,34.94,9.8,9.0,False,6,,12.1,-0.6,True,,1.15,0.62,0.05,18.579999923706055,False,False,False,1.7685348440462918,3.0524954857038353,8.288201981021437,10.746720895552679,4.401134763407903,7.643964512186169,4.059600916842363,15.989539279597643,,,,6,False,9.0,,,n/d,n/d,,,,False,False,,,Em Alta,18.920000076293945,-1.7970409683766286,-4.078476413523013,False,False,False,sem sinal (Em Alta)
POSI3,SMALL11,SMALL11,Tecnologia de informação,35.66,35.54,36.36363636363637,,,0.5,,20.38,51.48,35.66,63.7,False,121,Fundo duplo,,,False,0,8,False,,True,,False,False,False,True,True,False,4,11,False,False,False,False,False,False,False,False,False,True,False,0.5,True,609271232.0,50.05,0.4,4.08,6.91,0.8,10.68,6.93,0.36,4.21,3.07,6.09,1.82,0.81,4.35,345.99,11.5,2.61,3.74,0.97,64.77,35.23,3.28,4.72,34.1,-6.8,19.7,4.0,3.97,-30.5,38.6,11.7,3.28,4.72,-16.75,2.43,-13.6,-3.88,0.04,3017515.0,2.9,4.77,7.83,11.5,26.4,False,6,,-11.2,-7.6,False,,0.97,0.48,-0.14,4.400000095367432,False,False,False,2.2120993057554443,4.1601738556626575,1.2024105187946188,4.664573153187347,1.618708622394862,0.7445919647652398,0.8861538653607136,19.626883165093147,,,,6,False,26.4,,,n/d,n/d,,,Fundo duplo,False,False,,,Em Alta,4.070000171661377,8.108105891586458,-8.33333498901785,False,True,False,Fundo duplo — rompeu pescoço ~R$4.10 (candidato)
VAMO3,BOVA11+SMALL11,BOVA11,Bens Industriais,35.48,38.53,18.181818181818183,,,0.7,,50.61,30.81,26.57,27.4,False,122,Não,,,False,4,8,False,,True,,False,False,False,False,False,False,2,11,True,False,True,False,False,False,True,True,False,True,False,3.87,False,7941313536.0,25.15,2.41,1.92,2.96,9.57,14.8,15.52,5.1,5.0,3.09,2.74,1.67,4.84,10.26,74.38,-1.9,10.7,7.32,0.32,88.84,11.16,2.48,6.5,162.1,0.0,98.9,3.4,3.51,-48.5,61.0,100.0,2.48,6.5,71.55,3.84,11.9,-5.25,1.3,115458936.0,6.41,13.79,29.67,9.4,10.6,False,7,,5.4,22.5,False,,2.2,0.69,0.05,6.5,False,False,False,1.3980854055666685,1.7431902460086235,2.3436014284920432,3.960291008188408,1.398015016116628,2.5399395139218153,1.1085208004145752,11.776717252324541,,,,7,False,10.6,,,n/d,n/d,,,,False,False,,,Em Alta,6.059999942779541,7.260727085397356,3.5031812554408237,False,False,False,sem sinal (Em Alta)
ARML3,SMALL11,SMALL11,Bens Industriais,35.29,35.1,36.36363636363637,,,0.7,,32.55,40.23,27.63,48.63,False,123,Não,Bandeira de alta,"Bandeira de alta (pré-confirmação) — pescoço R$5.17, preço 14.5% acima do pescoço; falta fechar acima e segurar",False,2,8,False,,True,,False,False,False,False,True,False,4,11,False,False,False,False,False,False,True,True,False,True,False,1.74,False,2048520960.0,33.1,1.49,7.89,4.79,4.51,11.22,9.85,3.11,5.89,3.29,4.59,1.89,2.12,1.58,158.65,20.9,5.33,5.25,0.54,75.09,23.96,2.71,6.17,118.8,-4.1,67.4,3.91,4.05,-54.6,62.9,41.5,2.8,6.17,13.05,3.96,27.2,-5.47,1.16,6134317.0,5.23,11.61,25.8,10.4,3.6,True,8,,25.6,6.9,True,2025,1.86,0.57,0.03,5.920000076293945,False,False,False,2.0635922948267784,3.8808848641419735,2.446233342119318,3.9985804683374124,4.595238539226939,2.637367048845283,2.203456221750496,7.422422294037413,3.655971884160701,3.2591259564936284,2.9332133608442654,8,True,3.6,-50.452477651309025,-38.24371896884463,n/d,n/d,,,,False,False,,,Em Alta,5.619999885559082,5.3380817943738945,-6.031747665655118,False,False,False,sem sinal (Em Alta)
YDUQ3,BOVA11+SMALL11,BOVA11,Consumo discricionário,35.23,33.43,45.45454545454545,,,0.9,,33.69,37.95,25.41,36.99,False,124,Não,Bandeira de alta,"Bandeira de alta (pré-confirmação) — pescoço R$12.46, preço 8.7% acima do pescoço; falta fechar acima e segurar",False,1,8,False,,False,,False,False,False,False,True,True,5,11,False,False,False,False,False,False,True,False,False,False,False,1.48,True,3445326848.0,32.69,1.27,4.2,3.6,3.89,5.03,11.35,2.04,4.63,3.14,3.8,1.61,1.72,32.69,117.69,1.0,6.15,7.39,0.4,70.08,29.69,7.32,14.76,85.0,-8.3,48.1,11.15,10.9,-50.4,49.4,11.1,7.32,14.76,-17.35,3.11,-16.2,-4.56,0.21,70507607.0,8.09,15.24,28.7,10.4,12.3,False,5,,6.5,3.2,True,,1.52,0.59,-0.0,13.539999961853027,False,False,False,3.5453433699974415,3.8616436118305466,3.281065736112035,9.967829515001538,1.9054289170791632,5.912444487367578,1.391691644901382,17.08251707350298,,,,5,False,12.3,,,n/d,n/d,,,,False,False,,,Em Alta,13.229999542236328,2.343162738797022,-11.445389171785935,False,False,False,sem sinal (Em Alta)
AZZA3,BOVA11+SMALL11,BOVA11,Consumo discricionário,34.69,36.0,27.272727272727273,,,0.9,,23.9,52.1,43.32,35.62,False,125,Não,Fundo duplo,"Fundo duplo (pré-confirmação) — pescoço R$17.69, preço 42.9% acima do pescoço; falta fechar acima e segurar",False,2,8,False,,True,,False,False,False,True,False,False,3,11,False,False,False,False,False,True,True,False,False,True,True,0.38,True,5111006720.0,16.1,0.65,9.79,3.54,4.03,11.4,5.88,2.85,5.13,2.74,6.4,2.26,0.49,9.29,57.01,-94.3,7.29,3.33,0.93,48.36,51.64,14.3,28.04,76.8,-9.8,45.6,22.58,21.69,-49.0,52.0,-0.4,14.3,28.04,-28.85,3.28,-29.5,-4.32,0.08,84050069.0,13.68,26.51,51.35,7.1,8.9,False,6,,40.8,41.0,False,"2024, 2025",1.38,0.51,0.01,25.280000686645508,False,False,False,6.509839894214676,7.577478645563382,13.292385281461016,37.06796327942049,8.280231944558242,53.433112941911375,6.012082034491599,24.11806030988749,,,,6,False,8.9,,,n/d,n/d,,,,False,False,,,Em Alta,23.469999313354492,7.711978808031406,-12.404711878010055,False,False,False,sem sinal (Em Alta)
CSNA3,BOVA11+SMALL11,BOVA11,Materiais,34.47,38.95,9.090909090909092,,,1.0,P/L=-3.21<2,15.09,84.6,7.42,95.21,False,126,Não,,,False,2,8,False,,False,,False,False,False,False,True,False,1,11,False,False,False,False,False,False,True,True,False,False,False,3.31,False,8433957888.0,-3.21,0.69,0.0,15.41,-21.59,-7.63,8.07,-5.82,4.42,5.46,9.3,1.15,3.57,,,5.7,-15.98,2.17,0.39,84.35,12.8,4.28,10.89,48.6,-41.6,14.3,6.64,7.15,-60.7,58.2,-26.9,4.28,10.89,-55.35,3.67,-17.6,-6.09,-0.49,152857558.0,2.19,4.63,9.79,,1.8,True,2,,0.3,2.5,False,2024,1.51,0.5,-0.05,6.360000133514404,False,False,False,7.128278910043458,12.86964268432846,,,,,,,9.998960797185958,9.998960797185958,8.999064717467363,2,True,1.8,41.49472529169061,57.21636143521178,n/d,n/d,,,,False,False,,,Lateral,6.429999828338623,-1.088642250279892,-43.81625172284809,False,False,False,sem sinal (Lateral)
MBRF3,BOVA11+DIVO11,BOVA11,Bens de primeira necessidade,34.22,38.65,9.090909090909092,,,0.0,,41.35,35.59,6.09,99.32,True,127,Não,,,False,1,8,False,,False,,False,False,False,False,False,False,1,11,False,False,False,False,False,False,True,False,False,True,True,4.47,False,25994864640.0,70.72,2.27,0.0,18.23,3.2,39.26,6.29,0.22,6.01,4.84,10.57,1.05,5.39,,1289.51,-51.3,11.54,2.68,0.43,89.92,7.97,14.52,25.6,28.7,-27.0,11.9,17.8,17.99,-43.3,52.7,-4.8,14.52,22.33,-33.25,3.32,-5.3,-4.32,0.08,96593303.0,10.04,19.54,38.02,12.2,50.6,False,3,,9.4,9.9,False,,0.89,0.33,0.03,18.690000534057617,False,False,False,24.785103772258324,36.35148553264555,2.8190046054385545,6.997074826122599,,2.952219479501717,0.7188461743868314,18.690000534057617,,,,3,False,50.6,,,n/d,n/d,,,,False,False,,,Lateral,18.530000686645508,0.8634637964553438,-30.33917037940882,False,False,False,sem sinal (Lateral)
TTEN3,SMALL11,SMALL11,Bens de primeira necessidade,33.95,30.32,54.54545454545455,,,0.0,,35.06,35.08,23.75,10.27,True,128,Fundo duplo,,,False,2,8,False,,True,,False,True,True,False,False,True,6,11,False,True,False,False,False,False,True,False,False,True,False,0.75,True,6489875456.0,11.05,1.3,1.4,0.96,11.76,18.41,4.0,3.22,19.05,7.48,18.7,1.36,1.03,1.05,10.64,-37.8,6.73,1.74,0.97,64.13,35.82,9.93,17.74,30.7,-26.8,-0.3,15.41,14.7,-44.0,40.4,-21.0,9.93,17.74,-49.45,2.55,-11.2,-3.19,-0.19,23740482.0,7.5,12.69,21.49,4.3,17.9,False,4,,33.6,28.1,True,,0.87,0.41,0.01,12.979999542236328,False,False,False,0.9090693077205508,1.709636794842197,16.06632551717472,16.24475332605735,13.475238331936843,1.7543282855335698,11.095264645285006,,,,,4,False,17.9,,,n/d,n/d,,,Fundo duplo,False,False,,,Em Alta,12.59000015258789,3.0976916991400705,-27.486034531535452,False,True,False,Fundo duplo — rompeu pescoço ~R$11.96 (candidato)
MYPK3,SMALL11,SMALL11,Consumo discricionário,32.53,35.06,18.181818181818183,,,0.9,,23.93,53.98,28.31,51.37,False,129,Fundo duplo,,,False,1,8,False,,True,,False,False,False,False,True,False,2,11,False,False,False,False,False,False,True,False,False,False,True,0.95,True,1590555008.0,17.85,0.4,0.0,5.41,2.23,4.01,8.93,0.6,3.66,2.9,4.46,1.73,1.23,234.24,96.58,0.1,4.71,3.75,0.65,66.29,30.03,8.74,11.05,21.5,-3.9,14.4,9.71,9.77,-20.9,29.5,8.1,8.74,11.05,-20.35,1.86,-9.4,-2.85,-0.45,7978356.0,7.02,10.22,14.89,7.7,18.0,False,5,,-3.2,0.2,False,2024,0.71,0.47,-0.04,10.619999885559082,False,False,False,4.179102839949225,4.205595764349172,4.3543973961482605,18.852400843134966,3.264535745431582,7.718422911146761,1.6473025799987633,29.571661938190708,,,,5,False,18.0,,,n/d,n/d,,,Fundo duplo,False,False,,,Em Alta,10.520000457763672,0.9505648616356499,-6.017701714140944,False,True,False,Fundo duplo — rompeu pescoço ~R$9.99 (candidato)
SIMH3,SMALL11,SMALL11,Industrials,32.28,33.16,27.272727272727273,,,0.7,P/L=-50.29<2,26.18,65.22,16.81,17.12,False,130,Não,,,False,5,8,False,,False,,False,False,False,False,True,False,3,11,False,True,True,False,True,False,True,True,False,False,False,7.74,False,9170859008.0,-50.29,1.56,1.09,2.27,-3.1,-1.12,11.25,-0.4,4.19,3.53,4.31,1.28,6.05,,,8.8,5.0,6.03,0.36,91.64,5.09,5.63,15.71,179.0,0.0,96.4,9.95,9.8,-60.6,62.9,53.5,5.63,15.71,25.05,3.96,-13.7,-4.95,0.96,58345681.0,12.22,27.07,59.97,,22.6,False,2,,21.8,6.8,True,,2.32,0.71,0.01,15.710000038146973,False,False,False,2.5918775191789654,4.874401915101086,,,,,,58.56836284351843,,,,2,False,22.6,,,n/d,n/d,,,,False,False,,,Em Alta,13.779999732971191,14.005808001272314,7.308740913467537,False,False,False,sem sinal (Em Alta)
SOJA3,SMALL11,SMALL11,Bens de primeira necessidade,31.74,32.53,27.272727272727273,,,0.0,,29.08,29.79,40.44,39.04,True,131,Não,Bandeira de alta,"Bandeira de alta (pré-confirmação) — pescoço R$7.85, preço 7.5% acima do pescoço; falta fechar acima e segurar",False,2,8,False,,True,,False,False,False,False,False,False,3,11,False,False,False,False,False,False,True,True,False,True,True,0.66,True,1189151872.0,51.56,0.89,3.36,3.84,1.73,13.98,5.66,0.87,10.62,4.31,10.48,2.98,1.47,,198.09,-31.0,8.56,2.9,1.35,45.47,36.89,4.98,10.46,69.3,-19.4,29.7,7.8,7.54,-52.4,45.9,-5.7,4.98,9.02,-34.15,2.89,-17.9,-3.72,-0.31,5514869.0,4.2,7.54,13.55,11.6,13.3,False,4,,14.2,42.9,False,2023,0.77,0.32,0.03,8.430000305175781,False,False,False,2.3554642329801214,3.454680875037512,1.7439876504113332,5.902926718570676,,0.5932335212287836,0.44471685085489,2.267251313174437,,,,4,False,13.3,,,n/d,n/d,,,,False,False,,,Em Alta,8.399999618530273,0.3571510477134554,-19.37467665942578,False,False,False,sem sinal (Em Alta)
DESK3,SMALL11,SMALL11,Comunicação,31.64,32.41,27.272727272727273,,,0.4,,38.11,30.84,34.33,6.85,False,132,Não,,,False,3,8,False,,True,,False,False,False,False,False,False,3,11,False,True,True,False,False,False,True,False,False,False,True,0.9,True,2252040192.0,40.31,1.57,0.96,0.48,3.91,6.21,11.53,4.4,5.34,2.09,2.49,1.41,1.21,12.79,19.39,-50.0,11.39,6.52,0.32,62.73,36.49,10.19,19.49,90.1,-0.6,5.4,17.71,16.98,-28.0,57.2,15.5,13.18,19.49,-12.95,3.6,88.1,-3.69,1.18,13535761.0,17.5,36.91,77.88,11.0,38.3,False,4,,19.7,7.9,True,2023,0.46,0.16,0.14,19.3700008392334,False,False,False,0.6776468534697564,0.9068850104735631,4.67695230231922,11.549539627770255,1.7456862507310755,0.5052026791887732,2.276333965344618,19.3700008392334,,,,4,False,38.3,,,n/d,n/d,,,,False,False,,,Em Alta,19.489999771118164,-0.6156948860645439,-1.8246260078834453,False,False,False,sem sinal (Em Alta)
BRAV3,BOVA11+SMALL11,BOVA11,Energia,31.63,30.15,40.0,,,0.9,,21.94,60.89,19.48,11.64,False,133,Fundo duplo,,,False,1,8,False,,False,,False,,False,False,False,True,4,10,False,False,False,False,False,False,True,False,False,False,False,1.17,True,9555651584.0,175.48,0.78,0.6,1.08,0.44,3.55,8.3,0.44,3.38,3.05,5.05,1.26,1.55,,189.62,-17.3,8.12,3.71,0.27,72.43,27.57,13.35,21.64,54.1,-4.9,7.6,18.25,17.87,-23.6,38.2,24.1,15.6,21.64,-4.35,2.41,7.6,-4.07,0.26,61437717.0,14.83,24.22,39.54,,15.4,False,3,,89.0,33.2,True,2023,0.5,0.25,0.14,20.56999969482422,False,False,False,1.616564398666687,2.3709611180444745,,,,1.8333333333333335,,24.891476730486477,,,,3,False,15.4,,,n/d,n/d,,,Fundo duplo,False,False,,,Em Alta,19.889999389648438,3.4188050580317375,-7.112250948451237,False,True,False,Fundo duplo — rompeu pescoço ~R$18.92 (candidato)
DXCO3,SMALL11,SMALL11,Materiais,30.77,31.39,27.272727272727273,,,1.0,P/L=-188.33<2,13.51,65.28,27.51,34.93,False,134,Não,,,False,2,8,False,,True,,False,False,False,False,True,False,3,11,False,False,False,False,False,False,True,True,False,False,False,0.88,True,6709164032.0,-188.33,0.98,0.0,3.49,-0.52,6.92,4.35,-0.43,5.79,3.22,8.04,1.98,1.19,,,5.2,13.36,2.48,0.51,62.06,36.03,4.44,7.39,66.5,0.0,42.3,5.01,5.12,-26.8,35.0,47.2,4.46,7.39,18.75,2.21,17.0,-3.39,1.02,18575482.0,7.29,11.39,17.79,,3.0,True,3,,-0.9,0.2,False,,1.2,0.66,-0.04,7.389999866485596,False,False,False,1.8760299077881026,3.1738915340532055,,,,,,5.695628775675774,3.5818500725056936,3.1738915340532055,2.856502380647885,3,True,3.0,-61.346381160270184,-51.531121282562545,n/d,n/d,,,,False,False,,,Em Alta,7.0,5.571426664079948,2.924791687572559,False,False,False,sem sinal (Em Alta)
PRNR3,SMALL11,SMALL11,Bens Industriais,30.68,31.28,27.272727272727273,,,0.7,,37.65,25.34,32.48,15.07,False,135,Não,Bandeira de alta,"Bandeira de alta (pré-confirmação) — pescoço R$20.20, preço 5.3% acima do pescoço; falta fechar acima e segurar",False,1,8,False,,False,,False,False,False,False,True,False,3,11,False,False,False,False,False,False,True,False,False,False,True,1.38,True,1213112320.0,27.67,2.54,0.0,1.69,9.17,4.0,10.43,2.55,6.55,2.44,3.22,1.85,1.76,5.68,46.86,27.8,6.08,6.01,0.64,70.26,25.54,14.63,21.97,45.5,-3.1,16.2,18.11,18.0,-27.0,34.3,33.6,15.76,21.97,5.15,2.16,9.8,-3.21,0.5,11990602.0,17.68,27.37,42.38,9.8,8.1,False,7,,24.3,42.1,False,2025,1.09,0.61,0.0,21.280000686645508,False,False,False,2.620891789459419,4.2574816239046225,9.085806264387264,12.04041507472253,5.050094608210975,5.5736924622586805,4.4903819847603685,21.280000686645508,,,,7,False,8.1,,,n/d,n/d,,,,False,False,,,Em Alta,20.770000457763672,2.4554656602869818,-3.666815121535838,False,False,False,sem sinal (Em Alta)
JSLG3,SMALL11,SMALL11,Bens Industriais,29.24,31.19,18.181818181818183,,,0.7,P/L=-31.41<2,20.41,39.88,13.63,93.15,False,136,Não,,,False,1,8,False,,True,,False,False,False,False,False,False,2,11,False,False,False,False,False,False,True,False,False,True,False,5.26,False,3281742592.0,-31.41,2.77,16.68,13.93,-8.83,13.19,9.68,-1.07,5.17,4.15,5.9,1.38,6.52,,,-44.0,6.55,4.78,0.43,89.08,10.92,3.88,11.5,196.5,0.0,91.0,5.97,6.16,-44.7,62.9,89.8,4.78,11.5,61.35,3.96,35.7,-5.33,1.62,18112310.0,13.53,30.02,66.59,,2.3,True,3,,17.0,6.5,True,2023,2.04,0.62,0.11,11.5,False,False,False,11.651241460169393,17.088487474915112,,,,,,27.064235759706502,18.601321564930334,17.088487474915112,15.379638727423602,3,True,2.3,33.73598893411829,61.75062230374204,n/d,n/d,,,,False,False,,,Em Alta,10.710000038146973,7.376283464418276,6.580167197934261,False,False,False,sem sinal (Em Alta)
LWSA3,SMALL11,SMALL11,Tecnologia de informação,28.59,30.43,18.181818181818183,,,0.5,P/L=-14.31<2,11.76,50.37,49.38,26.71,False,137,Não,Bandeira de alta,"Bandeira de alta (pré-confirmação) — pescoço R$4.51, preço 15.5% acima do pescoço; falta fechar acima e segurar",False,2,7,False,,False,,False,False,False,True,True,False,2,11,False,False,False,False,True,,True,False,False,False,True,,True,2945841408.0,-14.31,1.2,5.9,2.92,-8.41,-2.3,5.89,-13.29,7.78,,,1.18,0.03,,,108.1,14.46,-3.98,1.15,32.17,67.83,3.38,5.21,54.0,0.0,32.9,3.87,3.9,-27.5,45.4,35.5,3.38,5.21,7.05,2.86,3.3,-4.31,0.55,15924279.0,3.88,6.93,12.37,,1.9,True,2,,9.4,8.6,True,2024,1.27,0.54,-0.02,5.210000038146973,False,False,False,1.1064610532353016,2.0808606259231635,,,,,,,1.5936608395792327,1.5936608395792327,1.4342947556213095,2,True,1.9,-72.47035038158192,-69.41150042397992,n/d,n/d,,,,False,False,,,Em Alta,5.039999961853027,3.3730174123144607,2.559057409317389,False,False,False,sem sinal (Em Alta)
MRVE3,BOVA11+SMALL11,BOVA11,Consumo discricionário,28.38,31.62,10.0,,,0.9,P/L=-6.28<2,14.42,71.07,25.51,22.6,False,138,Não,,,False,1,8,False,,False,,False,,False,False,True,False,1,10,False,False,False,False,False,False,True,False,False,False,False,1.18,True,3619025408.0,-6.28,0.79,0.0,2.7,-12.58,-7.71,6.84,-4.93,5.68,3.03,6.1,1.89,1.69,,,10.7,3.76,3.75,0.89,78.42,18.67,4.2,10.43,53.1,-38.4,22.6,6.93,6.87,-59.7,49.7,-16.7,4.2,10.43,-45.15,3.13,-20.3,-4.85,-0.25,73957130.0,3.04,5.76,10.88,,3.8,True,3,,18.0,21.1,False,"2024, 2025",1.55,0.6,0.08,6.429999828338623,False,False,False,1.263806052100667,2.376770736692545,,,,,,4.827228276156259,2.82260168831649,2.376770736692545,2.1390936630232904,3,True,3.8,-66.73260155317939,-56.102616428128414,n/d,n/d,,,,False,False,,,Em Alta,6.400000095367432,0.4687458206900086,-38.93637235141405,False,False,False,sem sinal (Em Alta)
EQTL3,BOVA11,BOVA11,Serviços públicos,28.35,26.94,36.36363636363637,,,0.1,,33.2,20.71,19.03,30.14,True,139,Não,Bandeira de alta,"Bandeira de alta (pré-confirmação) — pescoço R$47.66, preço 4.2% acima do pescoço; falta fechar acima e segurar",False,1,8,False,,True,,False,False,False,False,False,True,4,11,False,False,False,False,False,False,True,False,False,False,True,2.15,True,62387793920.0,65.26,2.39,3.18,3.15,3.67,8.85,9.18,1.75,9.24,4.81,7.2,1.57,2.27,,205.78,-54.9,30.1,4.62,0.33,74.15,23.5,33.78,49.66,47.0,0.0,27.7,39.12,39.32,-24.5,29.1,29.7,34.23,49.66,1.25,1.83,15.8,-2.74,0.92,487297607.0,49.35,71.31,103.04,12.0,24.3,False,4,,23.4,18.5,True,,1.27,0.84,0.01,49.65999984741211,False,False,False,11.38849312041641,16.703123243277403,8.116865844913615,18.861467852704294,,4.252639999948865,2.069800790452972,50.33250593702413,,,,4,False,24.3,,,n/d,n/d,,,,False,False,,,Em Alta,49.0,1.3469384641063398,0.14115687559757006,False,False,False,sem sinal (Em Alta)
CAML3,SMALL11,SMALL11,Bens de primeira necessidade,28.0,29.73,18.181818181818183,,,0.0,,23.58,37.75,24.77,47.26,True,140,Não,,,False,1,8,False,,True,,False,False,False,False,False,False,2,11,False,False,False,False,False,False,True,False,False,False,False,1.5,True,2414784256.0,34.1,0.81,4.14,4.68,2.38,8.66,5.42,0.99,9.03,5.55,13.88,1.87,1.99,,159.52,-58.5,7.51,3.09,0.76,72.01,27.99,4.18,7.12,69.4,-0.6,41.6,5.34,5.48,-41.3,45.1,33.0,4.18,7.12,4.55,2.84,14.4,-3.35,0.85,6041902.0,5.99,10.74,19.26,10.5,11.3,False,5,,2.9,-9.4,True,,1.38,0.59,0.05,7.079999923706055,False,False,False,2.40877011012057,3.532862828176836,2.2146627327330766,6.390058191812665,,1.947693598320642,0.5647389968469345,0.9293807148300736,,,,5,False,11.3,,,n/d,n/d,,,,False,False,,,Em Alta,6.940000057220459,2.017289125811139,-1.6533535375048536,False,False,False,sem sinal (Em Alta)
HBOR3,SMALL11,SMALL11,Imobiliário,27.07,27.03,27.272727272727273,,,0.8,,13.94,36.18,37.99,41.1,False,141,Não,Bandeira de alta,"Bandeira de alta (pré-confirmação) — pescoço R$2.41, preço 9.5% acima do pescoço; falta fechar acima e segurar",False,1,8,False,,True,,False,False,False,True,False,False,3,11,False,False,False,False,False,False,False,True,False,False,False,1.25,True,350311168.0,77.54,0.24,5.05,3.93,0.31,3.0,2.16,0.41,13.92,15.28,38.21,2.55,0.72,,304.92,-64.6,2.84,1.03,0.81,57.57,22.01,1.68,4.23,57.1,-37.7,24.5,2.42,2.53,-60.3,70.0,5.6,1.68,3.33,-22.85,4.41,-42.0,-5.91,-0.32,2209501.0,0.74,1.88,4.75,12.3,31.3,False,4,,7.6,-11.2,True,2025,1.61,0.44,0.07,2.640000104904175,False,False,False,0.7550168324452232,1.1073580209196607,0.3631674119032482,2.9028639632544455,,0.26415074528231325,0.0926076900353283,,,,,4,False,31.3,,,n/d,n/d,,,,False,False,,,Em Alta,2.5299999713897705,4.347831413372671,-37.947079444179664,False,False,False,sem sinal (Em Alta)
ORVR3,SMALL11,SMALL11,Bens Industriais,26.96,19.36,70.0,,,0.7,,21.23,7.7,38.35,2.05,False,142,Não,,,False,2,8,False,,False,,False,,False,True,True,True,7,10,False,False,False,False,True,False,True,False,False,False,False,0.16,True,11678041088.0,232.38,2.41,0.0,0.0,1.04,-2.35,3.71,3.35,25.36,4.86,12.15,2.38,0.74,223.44,,135.8,18.92,2.86,0.49,63.86,33.58,13.27,21.26,60.2,0.0,17.6,17.62,17.5,-26.3,32.0,22.5,15.45,21.26,-5.95,2.01,30.5,-2.99,1.15,63694991.0,22.34,33.52,50.31,,1.0,True,1,,18.8,16.3,True,,1.16,0.7,-0.01,21.260000228881836,False,False,False,,,,,,,,1.7542536669535378,1.7542536669535378,1.7542536669535378,1.578828300258184,1,True,1.0,-92.57371456603592,-91.74857174003989,n/d,n/d,,,,False,False,,,Em Alta,20.690000534057617,2.7549525379950923,0.16489916034425622,False,False,False,sem sinal (Em Alta)
MGLU3,BOVA11+SMALL11,BOVA11,Consumo discricionário,26.02,28.85,10.0,,,0.9,,18.6,58.66,19.79,18.49,False,143,Não,,,False,1,8,False,,False,,False,,False,True,False,False,1,10,False,False,False,False,False,False,True,False,False,False,False,0.6,True,7950748672.0,89.86,0.71,0.79,2.35,0.79,-2.27,6.07,0.23,3.99,4.67,10.57,1.1,0.76,,211.6,-2.6,12.65,1.9,0.75,70.25,29.75,3.88,11.0,164.2,-6.8,90.3,8.06,7.47,-64.7,65.6,17.2,3.88,11.0,-11.25,4.13,-29.7,-5.73,0.4,239579706.0,5.45,12.44,28.39,12.5,19.6,False,3,,1.2,1.7,False,2024,2.15,0.63,0.04,10.25,False,False,False,1.755395561778154,2.5745801572746263,1.2167074708806291,6.0869921680459536,,0.42075001833333336,0.31026040507456043,,,,,3,False,19.6,,,n/d,n/d,,,,False,False,,,Em Alta,9.710000038146973,5.561276619274658,-9.090282158216667,False,False,False,sem sinal (Em Alta)
CVCB3,SMALL11,SMALL11,Consumo discricionário,25.91,23.42,40.0,,,0.9,P/L=-6.69<2,10.66,58.01,19.56,2.05,False,144,Não,,,False,2,8,False,,False,,False,,False,False,False,True,4,10,False,False,False,False,False,True,True,False,False,False,True,1.13,True,874941632.0,-6.69,2.73,0.0,0.0,-40.86,-60.02,5.9,-8.94,2.78,1.33,3.11,0.68,1.67,,,-4.5,11.59,4.12,0.67,87.19,12.81,1.08,2.72,55.6,-38.2,14.7,1.83,1.83,-60.3,72.0,-23.6,1.08,2.72,-52.05,4.53,-9.6,-6.41,0.09,23416526.0,0.64,1.59,3.97,,1.0,True,1,,6.8,4.8,True,2023,1.11,0.3,-0.07,1.6799999475479126,False,False,False,,,,,,,,4.282427214024157,4.282427214024157,4.282427214024157,3.8541844926217412,1,True,1.0,129.41575077113637,154.9063897457071,n/d,n/d,,,,False,False,,,Lateral,1.649999976158142,1.8181801105005002,-39.78494729325691,False,False,False,sem sinal (Lateral)
LJQQ3,SMALL11,SMALL11,Consumo discricionário,25.35,28.06,10.0,,,0.9,P/L=-2.38<2,6.43,72.91,12.43,44.52,False,145,Não,,,False,0,8,False,,False,,False,,False,False,True,False,1,10,False,False,False,False,False,False,False,False,False,False,False,5.85,False,498670624.0,-2.38,1.61,0.0,4.2,-67.62,-9.94,2.03,-6.88,2.16,34.56,86.39,1.77,7.9,,,8.8,34.43,-0.01,0.82,89.26,10.74,0.96,2.65,151.0,-9.1,85.8,1.99,1.8,-63.8,70.8,14.8,0.96,2.65,-13.65,4.46,-39.3,-5.68,0.29,5435239.0,1.08,2.65,6.53,,1.9,True,2,,6.4,4.6,True,2025,2.24,0.61,-0.1,2.4100000858306885,False,False,False,0.7354801946262715,1.383177269248762,,,,,,,1.0593287319375166,1.0593287319375166,0.953395858743765,2,True,1.9,-60.440007270159725,-56.04445252239969,n/d,n/d,,,,False,False,,,Em Alta,2.359999895095825,2.1186522439583966,-12.04379279406822,False,False,False,sem sinal (Em Alta)
DASA3,SMALL11,SMALL11,Cuidados de saúde,25.08,29.5,0.0,,,0.2,P/L=-6.83<2,17.22,65.23,23.09,8.22,True,146,Não,,,False,2,8,False,,False,,False,,False,False,False,False,0,10,False,False,False,False,False,False,True,True,False,False,True,0.98,True,6111652352.0,-6.83,0.9,0.0,0.84,-13.13,-13.32,7.28,-9.6,5.47,4.54,8.58,1.27,1.12,,,-9.8,21.45,3.53,0.48,62.87,36.98,1.29,4.89,279.1,0.0,68.6,3.1,3.1,-54.1,89.5,9.2,2.11,4.89,-19.25,5.64,87.2,-7.15,1.63,4952686.0,5.21,16.23,50.54,,37.2,False,2,,-5.2,-27.1,True,2023,1.64,0.35,0.08,4.889999866485596,False,False,False,0.29885670038759815,0.43832316056847737,,,,,,11.112809481863133,,,,2,False,37.2,,,n/d,n/d,,,,False,False,,,Em Alta,4.809999942779541,1.6632000968346272,-1.4112937726413533,False,False,False,sem sinal (Em Alta)
HBSA3,SMALL11,SMALL11,Bens Industriais,24.62,25.43,20.0,,,0.7,P/L=-31.11<2,24.19,22.74,43.29,2.05,False,147,Fundo duplo,,,True,2,8,False,,False,,False,,False,False,True,False,2,10,False,False,False,False,True,False,True,False,False,False,False,1.2,True,5563964928.0,-31.11,2.66,0.0,0.0,-8.56,-15.0,11.14,-5.52,8.82,3.09,3.81,3.26,1.56,,,68.3,13.63,5.08,0.41,66.67,33.33,2.98,4.38,37.2,-6.6,21.2,3.71,3.66,-32.0,37.2,15.5,2.98,4.38,-12.95,2.34,-5.0,-3.34,0.17,6171429.0,2.9,4.66,7.5,,1.0,True,1,,8.2,56.5,False,"2024, 2025",0.81,0.42,0.02,4.090000152587891,False,False,False,,,,,,,,2.4706360363592013,2.4706360363592013,2.4706360363592013,2.223572432723281,1,True,1.0,-45.63392787855163,-39.5932531983907,n/d,n/d,,,Fundo duplo,False,False,,,Em Alta,3.990000009536743,2.506269243411796,-6.8337066747537145,False,True,False,Fundo duplo — rompeu pescoço ~R$3.72 (candidato) · ⚡ cruzamento de médias (MM21>MM30) hoje
KLBN11,BOVA11,BOVA11,Materiais,24.54,27.27,9.090909090909092,,,1.0,,22.13,27.16,19.73,65.75,False,148,Não,,,False,2,8,False,,True,,False,False,False,False,False,False,1,11,False,True,False,False,False,False,True,False,False,True,False,0.49,True,131462135808.0,41.13,2.43,6.28,7.1,5.92,28.81,5.45,0.86,6.31,3.99,9.97,2.0,2.3,,291.94,-51.7,10.8,2.09,0.37,77.43,12.36,16.08,21.02,15.0,-12.0,3.7,18.04,18.06,-23.4,20.8,-3.1,16.1,21.02,-31.55,1.31,18.4,-2.08,-0.01,114452743.0,15.88,20.72,27.02,11.1,11.4,False,6,,1.1,5.4,False,,0.48,0.44,0.02,18.5,False,False,False,9.54994139770473,14.006580716633604,4.797795607423616,8.777695194737401,,11.016666666666667,1.223437879893022,9.649042035497567,,,,6,False,11.4,,,n/d,n/d,,,,False,False,,,Em Baixa,19.6299991607666,-5.7564911313143,-12.941176470588234,False,False,False,sem sinal (Em Baixa; sem novo topo (-5.8%))
CSAN3,BOVA11+SMALL11,BOVA11,Consumo discricionário,20.45,22.45,9.090909090909092,,,0.9,P/L=-2.34<2,15.76,34.85,22.63,21.23,False,149,Não,Bandeira de alta,"Bandeira de alta (pré-confirmação) — pescoço R$5.10, preço 2.7% acima do pescoço; falta fechar acima e segurar",False,1,8,False,,False,,False,False,False,False,True,False,1,11,False,False,False,False,False,False,True,False,False,False,True,8.46,False,20671080448.0,-2.34,4.18,0.0,2.54,-1.79,-64.7,8.59,-22.18,5.14,2.9,4.64,1.67,1.91,,,2.8,8.81,5.56,0.41,77.05,3.93,3.13,6.8,67.4,-22.9,37.9,5.17,4.92,-54.0,52.1,-0.2,3.13,6.8,-28.65,3.28,-36.3,-4.69,-0.28,161495492.0,2.36,4.54,8.74,,5.1,True,2,,0.9,-8.0,True,2024,1.98,0.73,0.04,5.239999771118164,False,False,False,0.9686542030577736,1.2504043068695552,,,,,,4.959826477084412,1.1095292549636644,1.1095292549636644,0.998576329467298,2,True,5.1,-80.94319898693027,-78.82577665214474,n/d,n/d,,,,False,False,,,Em Alta,5.099999904632568,2.7450954726180976,-24.057975381243402,False,False,False,sem sinal (Em Alta)
ENEV3,BOVA11,BOVA11,Serviços públicos,20.42,18.73,30.0,,,0.1,,26.86,8.38,21.72,2.05,True,150,Não,Bandeira de alta,"Bandeira de alta (pré-confirmação) — pescoço R$30.26, preço 1.8% acima do pescoço; falta fechar acima e segurar",False,1,8,False,,True,,False,,False,False,False,False,3,10,False,False,False,False,False,False,True,False,False,False,True,1.16,True,59166502912.0,62.23,2.94,0.0,0.0,4.73,2.64,5.85,5.03,13.76,3.9,9.18,1.28,1.2,13.16,,-91.5,34.56,4.12,0.26,62.34,34.87,16.08,30.81,91.6,0.0,17.7,24.51,23.39,-13.5,35.4,53.9,19.82,30.81,25.45,2.23,68.5,-3.01,1.57,306108719.0,36.98,57.92,90.73,12.0,7.2,True,4,,44.3,61.7,False,2025,1.05,0.57,0.03,30.809999465942383,False,False,False,,,5.748525415280746,10.804617185147018,2.3418174107971637,,2.8454319288231416,16.866937075751473,5.435097985012017,4.296978672051944,3.8672808048467497,4,True,7.2,-87.44796860797848,-82.35930516318244,n/d,n/d,,,,False,False,,,Em Alta,30.399999618530273,1.3486837255162198,-2.7155055518781057,False,False,False,sem sinal (Em Alta)
AURE3,BOVA11+SMALL11,BOVA11,Serviços públicos,20.2,20.56,18.181818181818183,,,0.1,P/L=-15.48<2,12.79,22.94,11.09,68.49,True,151,Não,,,False,2,8,False,,False,,False,False,False,False,True,False,2,11,False,False,False,False,False,False,True,True,False,False,False,1.74,True,16776839168.0,-15.48,1.47,0.0,7.48,-9.47,2.89,2.64,-8.09,13.88,6.49,16.23,1.12,1.85,,,5.9,-110.76,2.04,0.26,71.73,25.67,10.05,16.06,59.8,0.0,36.1,11.74,11.92,-31.2,35.6,38.1,10.05,16.06,9.65,2.24,16.1,-2.98,1.01,56408810.0,15.79,24.8,38.93,,2.7,True,3,,33.7,63.5,False,,1.23,0.67,0.12,16.059999465942383,False,False,False,8.736900615644714,16.20639415153587,,,,,,6.105789194794222,10.349694653991603,8.736900615644714,7.863210554080243,3,True,2.7,-51.03853788566214,-35.556070995272016,n/d,n/d,,,,False,False,,,Em Alta,15.779999732971191,1.7743963099451143,1.0062883726465133,False,False,False,sem sinal (Em Alta)
TUPY3,SMALL11,SMALL11,Bens Industriais,19.38,22.8,0.0,,,0.7,P/L=-3.37<2,5.99,44.22,27.12,36.3,False,152,Não,Bandeira de alta,"Bandeira de alta (pré-confirmação) — pescoço R$17.24, preço 14.1% acima do pescoço; falta fechar acima e segurar",False,2,8,False,,False,,False,False,False,False,False,False,0,11,False,False,False,False,False,False,True,True,False,False,False,0.83,True,2581021440.0,-3.37,1.14,0.0,3.58,-33.8,2.01,1.49,-8.26,9.67,3.88,9.69,2.16,1.72,,,-5.8,6.89,1.31,0.87,73.24,26.66,11.34,19.68,73.5,0.0,30.5,13.1,13.66,-22.1,40.8,69.2,11.34,19.68,40.75,2.57,25.2,-3.87,0.93,11787493.0,18.06,30.33,50.95,,1.8,True,3,,-1.6,-9.1,True,2025,1.06,0.5,-0.0,19.68000030517578,False,False,False,5.121097492545403,7.510942989066592,,,,,,9.081981268955525,7.238007250189173,7.510942989066592,6.7598486901599335,3,True,1.8,-65.65117588752216,-63.221508445375385,n/d,n/d,,,,False,False,,,Em Alta,18.219999313354492,8.013178083663108,4.792330061895389,False,False,False,sem sinal (Em Alta)
