ticker,origem,grupo,setor,investment,investment_base,consistencia,basileia,solvencia,ciclicidade,dado_suspeito,quality,value,safety,dividend,regulado,rank_invest,oportunidade_grafica,candidato_padrao,candidato_nota,virada_alta,criterios_ok,criterios_aplicaveis,passa_checklist,mais_5a_bolsa,sem_prejuizo_anual,lucro_20t,div_ge5_5a,div_sem_corte,roe_ge_10,divida_menor_patrim,cresc_receita_5a,cresc_lucro_5a,n_ok,n_aplic,roe_roic_ge_selic,roe_ge_setor,roic_ge_setor,margem_ge_15,cagr_ge_setor,divida_ok,marketcap_ok,insider_ok,margem_ok,roe_ok,alavancagem_ok,div_liq_patrim,nde_ok,market_cap,pl,pvp,dy,dy_teto,roe,roe_medio,roic,mrg_liq,ev_ebitda,div_liq_ebitda,lev_roic_adj,liq_corr,div_patrim,peg,payout,cresc_5a,pl_fut,roa,liq_geral,grau_endiv,indep_fin,min_52s,max_52s,dist_min52,dist_max52,dist_mm100,mediana_1a,media_1a,max_drawdown,vol_anual,ret_ytd,min_ytd,max_ytd,rel_ibov_ytd,desvio_padrao,momentum_12_1,var_95,sharpe,liquidez_media,preco_p10_1a,preco_p50_1a,preco_p90_1a,g_implicito,teto_dispersao,teto_confiavel,teto_n_metodos,cagr_5a,cagr_3a,cagr_1a,desacelerando,anos_atipicos,beta,corr_ibov,corr_usd,close,div_ge5_5a,divo_qualidade_ok,auvp_ok,teto_bazin,teto_gordon,teto_dcf,teto_graham,teto_lynch,teto_projetivo,teto_graham_selic,teto_mult_ebitda,teto_medio,teto_mediana,teto_ajustado,teto_n_metodos,teto_confiavel,teto_dispersao,teto_upside_pct,teto_upside_media_pct,prox_resultado,ex_dividendo,ex_tipo,tese_ia,strategy,in_wishlist,in_carteira,preco_medio,var_pm_pct,trend,breakout_level,pct_to_level,dist_52w_high_pct,fund_ok,breakout,aprovado,note
VULC3,SMALL11+DIVO11,SMALL11,Consumo discricionário,77.3,78.11,72.72727272727273,,,0.9,,87.38,64.22,65.7,95.89,False,1,Não,,,False,6,8,False,,True,,False,False,True,True,False,True,8,11,True,True,True,True,False,True,True,False,True,True,True,0.25,True,4212254208.0,4.59,1.61,21.46,15.43,35.06,31.82,17.83,24.89,6.17,0.76,0.59,2.96,0.37,0.45,70.81,-64.7,6.11,11.45,1.64,37.42,62.57,12.98,20.08,3.3,-33.2,-6.3,16.8,16.6,-35.4,26.2,-32.6,12.98,19.91,-47.98,1.65,-20.7,-3.0,-1.33,37915286.0,7.48,10.48,14.68,-6.6,8.6,False,6,,12.0,16.8,False,2025,0.86,0.57,0.15,13.40999984741211,False,False,False,15.04505862058279,28.294416696128277,39.95951883690164,23.39918608311124,74.9713486185035,48.512991577884414,27.08377285959657,8.709324266091782,,,,6,False,8.6,,,n/d,2025-12-23,última,,,False,False,,,Em Baixa,13.949999809265137,-3.8709675214072536,-33.7114736310986,True,False,False,sem sinal (Em Baixa; sem novo topo (-3.9%))
JHSF3,SMALL11+DIVO11+AUVP11,SMALL11,Imobiliário,77.28,74.88,90.9090909090909,,,0.8,,86.69,79.73,44.72,69.86,False,2,Não,Bandeira de alta,"Bandeira de alta (pré-confirmação) — pescoço R$12.25, preço 6.9% abaixo do pescoço; falta fechar acima e segurar",False,7,8,False,,True,,False,True,True,True,True,True,10,11,True,True,True,True,True,True,True,False,True,True,True,0.34,True,7496415744.0,3.66,1.04,6.25,8.09,28.4,16.71,13.12,52.59,4.87,1.22,1.27,1.73,0.86,0.24,29.59,90.2,8.99,7.25,0.72,61.6,36.26,5.11,13.76,123.3,-17.1,4.7,9.33,9.1,-27.9,39.6,54.5,7.38,13.76,39.12,2.49,94.6,-3.79,1.89,50699885.0,15.4,25.49,42.2,-10.7,10.7,False,6,,21.6,116.4,False,2025,1.37,0.61,0.05,11.399999618530273,False,False,True,6.703335354721408,12.606595199363165,42.60179656492892,27.716531667129832,71.9046053020146,19.57807411896471,38.37376920773032,20.30637071026175,,,,6,False,10.7,,,n/d,2026-10-01,próxima,,,False,False,,,Em Alta,12.15999984741211,-6.25000196067913,-18.910168321461697,True,False,False,sem sinal (Em Alta)
MDNE3,SMALL11+DIVO11,SMALL11,Imobiliário,74.88,72.05,90.9090909090909,,,0.8,,72.31,77.75,60.29,80.14,False,3,Não,Bandeira de alta,"Bandeira de alta (pré-confirmação) — pescoço R$25.90, preço 6.4% abaixo do pescoço; falta fechar acima e segurar",False,7,8,False,,True,,False,True,True,True,True,True,10,11,True,True,True,True,True,True,True,False,True,True,True,0.24,True,2506764800.0,4.51,1.1,16.01,9.32,24.38,16.15,10.98,21.43,4.35,0.91,1.13,2.38,0.48,0.32,42.05,19.5,3.79,6.4,1.12,72.76,27.27,20.62,34.28,17.5,-29.3,-8.5,25.8,26.64,-33.9,45.4,5.4,22.65,34.28,-9.98,2.86,6.2,-5.03,0.16,30888212.0,15.05,26.95,48.25,-6.9,7.7,True,6,,43.4,50.1,False,,1.69,0.65,0.13,24.239999771118164,False,False,False,16.434991526071357,30.908387289353556,73.51233747910808,51.62252662410646,126.04822269516234,25.72360517944003,63.2218323581663,47.99543010921238,48.83068650656446,49.80897836665942,44.82808052999348,6,True,7.7,84.93432736499406,101.4467284143541,n/d,2026-01-02,última,,,False,False,,,Lateral,26.299999237060547,-7.832697816354084,-29.288212852102802,True,False,False,sem sinal (Lateral)
POMO3,SMALL11+DIVO11,SMALL11,Bens Industriais,74.18,74.44,72.72727272727273,,,0.7,,79.77,75.84,52.71,90.41,False,4,Não,,,False,5,8,False,,True,,False,False,True,True,False,True,8,11,True,True,True,False,False,True,True,False,True,True,True,0.44,True,5040060416.0,4.23,1.2,22.76,12.73,28.32,24.74,18.39,13.19,4.51,1.29,0.96,1.94,0.81,0.32,53.85,-14.0,,8.76,1.02,59.93,39.42,3.73,6.48,8.8,-37.3,-18.8,5.48,5.36,-42.4,35.8,-23.5,3.73,6.43,-38.88,2.26,-38.0,-3.6,-1.34,7635746.0,1.7,2.7,4.29,-8.0,6.6,True,6,,18.7,5.4,True,,0.95,0.46,0.05,4.059999942779541,False,False,False,3.7589591120344426,7.069268265535742,13.127735649649393,8.547841878354369,24.763295527428227,11.223424793906613,10.639137898418669,5.835538361725631,9.407157807931736,9.593489888386518,8.634140899547866,6,True,6.6,112.66357195159947,131.7033975495932,n/d,2026-08-26,última,,,False,False,,,Lateral,4.340000152587891,-6.451617510690378,-37.84196722993377,True,False,False,sem sinal (Lateral)
PSSA3,BOVA11+AUVP11,BOVA11,Insurance,73.66,72.93,77.77777777777777,,1.8,0.3,,75.94,54.74,100.0,50.68,False,5,Não,,,False,4,6,False,,True,,False,False,True,,True,True,7,9,True,False,True,,True,,True,False,True,True,True,,True,31479134208.0,8.62,1.97,6.13,5.33,22.84,17.35,79.28,8.13,,,,,,0.7,45.98,0.3,7.93,6.06,,71.59,28.18,43.07,55.45,14.0,-11.4,-3.0,48.1,48.55,-16.1,25.9,6.0,44.27,55.45,-9.38,1.63,-1.8,-2.69,-0.26,78881168.0,36.48,50.94,71.14,1.9,4.1,True,4,,20.5,17.0,True,2023,0.75,0.51,0.03,49.11000061035156,False,False,True,19.052975000732562,35.83188524331317,77.92321030906767,56.52940998164213,100.68046846037372,48.15396756290437,60.48109397400225,,45.24050952900444,41.99292640310877,37.793633762797896,4,True,4.1,-23.042896980067162,-7.879232403290781,2026-11-05,2026-06-23,última,,,False,False,,,Lateral,51.65999984741211,-4.936119327511546,-11.593157002984256,True,False,False,sem sinal (Lateral)
POMO4,BOVA11+SMALL11+DIVO11+AUVP11+Carteira,BOVA11,Bens Industriais,73.56,73.71,72.72727272727273,,,0.7,,79.77,75.38,52.71,84.25,False,6,Não,,,False,5,8,False,,True,,False,False,True,True,False,True,8,11,True,True,True,False,False,True,True,False,True,True,True,0.44,True,5313167360.0,4.46,1.26,21.59,10.23,28.32,24.74,18.39,13.19,4.69,1.29,0.96,1.94,0.81,0.3,45.61,-14.0,4.52,8.76,1.02,59.93,39.42,3.93,7.69,8.8,-44.3,-18.8,5.77,5.8,-48.9,35.7,-24.1,3.93,6.81,-39.48,2.25,-45.0,-3.6,-1.74,61357323.0,1.56,2.47,3.93,-7.1,7.6,True,7,,18.7,5.4,True,,1.01,0.49,0.05,4.28000020980835,False,False,True,3.1829412635502714,5.985983085967122,13.12541652653508,8.564112180522919,24.20749899572679,11.575137762178509,11.822780848618583,5.826466211245448,11.586770801542064,11.575137762178509,10.417623985960658,7,True,7.6,143.40241764677714,170.7189306904473,n/d,2026-08-26,última,,,False,True,4.45,-3.82,Lateral,4.599999904632568,-6.9565152490971505,-44.5722697108061,True,False,False,sem sinal (Lateral)
CURY3,BOVA11+SMALL11+DIVO11+AUVP11,BOVA11,Consumo discricionário,73.51,72.04,81.81818181818181,,,0.9,,89.4,47.57,57.11,84.93,False,7,Não,Fundo duplo,"Fundo duplo (pré-confirmação) — pescoço R$34.67, preço 16.2% abaixo do pescoço; falta fechar acima e segurar",False,6,8,False,,True,,False,False,True,True,True,True,9,11,True,True,True,True,False,True,True,False,True,True,True,-0.13,True,8948782080.0,8.15,5.41,16.57,10.4,66.38,57.38,37.72,17.89,5.24,-0.15,-0.06,1.92,0.66,0.81,84.76,8.2,6.13,16.3,0.91,70.61,24.44,26.99,40.16,7.6,-27.7,-6.6,31.65,31.9,-29.9,40.3,-3.1,28.13,40.16,-18.48,2.54,8.6,-3.95,-0.13,107419733.0,17.39,29.13,48.8,1.3,3.5,True,8,,33.7,37.5,False,,1.33,0.58,0.07,29.049999237060547,False,False,True,21.97322161045022,41.32383289965315,48.75202721754866,20.75199946066512,73.1223052645789,54.239161046687144,32.76780270096765,23.845006111464652,39.59691953900194,37.0458178003104,33.34123602027936,8,True,3.5,14.771899813836376,36.30609493609265,n/d,2026-08-17,última,,,False,False,,,Lateral,33.65999984741211,-13.695783218210543,-27.82327373874728,True,False,False,sem sinal (Lateral)
MILS3,SMALL11,SMALL11,Bens Industriais,70.85,68.91,81.81818181818181,,,0.7,,84.31,56.4,57.62,53.42,False,8,Não,,,False,6,8,False,,True,,False,True,True,True,True,True,9,11,True,True,True,True,False,True,True,False,True,True,True,0.65,True,3623306496.0,8.3,1.98,5.33,5.69,23.81,18.37,20.65,23.53,4.91,1.28,0.85,2.98,0.99,0.66,47.23,21.3,8.54,11.12,0.54,61.6,38.32,10.3,15.9,54.4,0.0,5.9,12.99,13.33,-15.0,26.7,25.7,12.01,15.9,10.32,1.68,46.7,-1.9,1.12,7266995.0,17.0,23.77,33.23,1.5,5.3,True,7,,18.9,16.7,True,,0.69,0.45,0.07,15.899999618530273,False,False,False,6.580700632089414,12.375962801639124,26.20132078607398,18.604445547381857,34.969298429977925,11.996020507770956,20.6138248988022,20.320103842537424,20.72585383059764,20.320103842537424,18.288093458283683,7,True,5.3,15.019458472000613,30.35128508080711,n/d,2026-04-22,última,,,False,False,,,Em Alta,15.869999885559082,0.18903423558616073,-0.625002384185791,True,False,False,sem sinal (Em Alta)
PETR4,BOVA11+DIVO11+AUVP11,BOVA11,Energia,70.69,73.54,54.54545454545455,,,0.9,DY5a=41.0%>=20,85.74,80.98,36.8,,False,9,Não,,,False,7,8,False,,True,,True,False,True,True,True,False,6,11,True,True,True,True,True,True,True,False,True,True,True,0.61,True,662679060480.0,4.69,1.3,7.52,40.99,27.73,30.77,19.69,24.32,2.91,1.29,0.9,0.85,0.76,0.31,192.27,96.8,4.91,10.07,0.28,65.87,33.99,26.84,50.43,80.7,-3.8,16.2,37.51,36.74,-22.2,26.5,68.0,27.87,50.43,52.62,1.67,47.1,-2.6,1.64,2229953095.0,59.11,82.94,116.38,-6.2,5.6,True,8,,-10.5,-2.4,False,,0.38,0.25,-0.04,48.5,True,True,True,144.600404571685,271.9420511783624,141.440264117202,93.1697435614299,310.23454157782515,56.1476,127.40298507462688,55.073939499826324,150.00144119761973,134.42162459591444,120.979462136323,8,True,5.6,149.44218997179996,209.2813220569479,n/d,2026-08-24,última,,,False,False,,,Em Alta,50.43000030517578,-3.8270876333460935,-4.339251932610633,True,False,False,sem sinal (Em Alta)
ABCB10,SMALL11,SMALL11,Produtos financeiros,70.24,73.81,50.0,,,0.4,,74.34,72.85,,,False,10,Não,,,False,1,3,False,,,,,,True,,False,,1,2,True,False,,,False,,,,True,True,True,,True,,,0.88,,,14.9,,,40.92,,,,,,,,-2.9,,1.54,,,,,,,,,,,,,,,,,,,,,,,,,,,True,0,,,,,,,,,,,False,False,,,,,,,,,,,,0,True,,,,n/d,n/d,,,,False,False,,,,,,,False,False,False,histórico insuficiente
PETR3,BOVA11+DIVO11+AUVP11,BOVA11,Energia,69.98,72.7,54.54545454545455,,,0.9,DY5a=38.8%>=20,85.74,77.94,36.8,,False,11,Não,,,False,7,8,False,,True,,True,False,True,True,True,False,6,11,True,True,True,True,True,True,True,False,True,True,True,0.65,True,688387194880.0,5.16,1.43,6.82,38.84,27.73,30.77,19.69,24.32,3.11,1.29,0.9,0.85,0.76,0.34,200.41,96.8,3.61,10.07,0.28,65.87,33.99,28.69,56.23,86.1,-5.0,14.5,41.84,40.39,-22.9,29.6,74.8,29.47,56.23,59.42,1.86,51.0,-2.95,1.53,589867021.0,63.14,92.19,134.62,-4.7,5.8,True,8,,-10.5,-2.4,False,,0.41,0.24,-0.04,53.40999984741211,True,True,True,150.86831769024528,283.72977165617095,141.57189256878428,93.2654878444495,310.5232549268146,56.1476,127.52155002327854,53.9959327994398,152.20297593864785,134.54672129603142,121.09204916642828,8,True,5.8,126.72168042010506,184.97093498123758,2026-11-10,2026-08-24,última,,,False,False,,,Em Alta,56.22999954223633,-5.015115983961582,-5.719332023295176,True,False,False,sem sinal (Em Alta)
PLPL3,SMALL11,SMALL11,Consumo discricionário,69.92,72.63,54.54545454545455,,,0.9,,77.7,85.43,52.77,57.53,False,12,Não,,,False,5,8,False,,True,,False,False,True,False,False,True,6,11,True,True,True,False,False,True,True,False,True,True,True,0.52,True,1336067456.0,4.39,1.2,7.49,6.32,27.32,38.02,24.26,8.62,1.84,1.22,0.69,3.0,1.2,0.29,27.75,-37.3,3.09,7.78,1.2,73.04,24.14,6.46,17.36,1.9,-62.1,-20.1,13.62,12.06,-62.8,50.7,-49.6,6.46,16.13,-64.98,3.19,-57.2,-5.96,-1.78,14644567.0,1.39,2.68,5.16,-7.4,10.7,False,6,,30.0,26.7,True,,1.56,0.54,0.08,6.579999923706055,False,False,False,3.0249350728739204,5.688829508017728,20.500550868185517,13.598602041698609,31.95737041175563,10.95072400487419,18.46596789522975,32.468064203329995,,,,6,False,10.7,,,n/d,2025-12-30,última,,,False,False,,,Lateral,7.610000133514404,-13.53482512138513,-62.141773163183124,True,False,False,sem sinal (Lateral)
LEVE3,SMALL11+DIVO11+AUVP11,SMALL11,Consumo discricionário,69.49,70.52,63.63636363636363,,,0.9,,86.09,58.52,35.76,100.0,False,13,Não,,,False,6,8,False,,True,,True,False,True,False,True,True,7,11,True,True,True,False,False,True,True,True,True,True,True,1.2,True,4466010624.0,6.41,4.63,8.65,19.55,72.29,64.73,34.45,13.0,5.24,1.21,0.48,1.43,1.7,0.25,125.32,25.8,6.47,14.14,0.81,77.23,22.71,24.65,35.6,33.7,-7.4,0.9,32.36,31.49,-12.3,24.5,4.4,31.18,35.6,-10.98,1.54,24.6,-2.25,0.59,6962182.0,31.06,42.37,57.79,-1.6,6.2,True,7,,8.6,18.6,False,,0.63,0.45,0.11,32.95000076293945,True,True,True,46.851336338449705,88.11073898489089,70.30748489500441,28.68977734349848,154.21217205743892,98.51666666666667,63.32979865825493,25.060374666519827,78.57399642060057,70.30748489500441,63.27673640550397,7,True,6.2,92.03864928790696,138.46432352431611,n/d,2026-04-30,última,,,False,False,,,Lateral,33.06999969482422,-0.36286341999436367,-9.003033427115259,True,False,False,sem sinal (Lateral)
RIAA3,SMALL11,SMALL11,Consumo discricionário,68.83,69.75,63.63636363636363,,,0.9,,64.99,94.49,38.54,91.78,False,14,Não,,,False,4,8,False,,False,,False,False,True,True,True,True,7,11,True,True,False,False,False,True,True,False,True,False,True,0.47,True,3444152576.0,2.25,0.64,47.2,13.2,28.35,8.06,8.96,14.35,2.53,2.11,3.24,1.61,0.68,0.15,29.7,16.6,5.14,4.35,1.05,64.01,35.99,6.26,10.43,9.6,-34.2,-16.0,8.27,8.23,-37.2,45.0,-18.3,6.55,10.43,-33.68,2.83,-7.2,-4.33,-0.16,12217047.0,3.72,6.63,11.8,-21.3,13.1,False,6,,7.5,9.0,False,2025,1.59,0.61,0.07,6.860000133514404,False,False,False,6.58602514088324,12.38597631333848,41.700932711256016,27.116531463705876,85.98126563993806,51.88018214566937,37.562311842176655,35.650756863124485,,,,6,False,13.1,,,n/d,n/d,,,,False,False,,,Lateral,7.440000057220459,-7.7956978393188265,-36.677675447399025,False,False,False,sem sinal (Lateral)
BRSR6,SMALL11+DIVO11,SMALL11,Produtos financeiros,68.66,69.01,66.66666666666667,17.35,,0.4,,43.94,89.86,90.71,86.3,False,15,Fundo duplo,,,False,2,6,False,,True,,False,False,True,,False,True,6,9,False,False,False,,False,,True,True,True,False,True,,True,6081449984.0,3.97,0.53,10.34,10.6,13.26,9.63,0.0,22.38,,,,,,0.52,42.09,-29.2,4.59,1.0,,93.0,6.99,10.43,18.28,42.6,-18.6,5.6,14.11,14.34,-29.2,29.4,1.8,12.94,18.28,-13.58,1.85,26.7,-2.79,0.89,44115533.0,14.52,21.23,31.03,-9.1,4.5,True,4,,7.1,5.1,True,,1.09,0.65,0.01,14.869999885559082,False,False,False,11.465381654856872,21.562314531553405,51.23003129501137,48.62605489731408,68.47236663501027,33.74867689802255,28.59587664287514,,29.50160109486105,27.65549571478798,24.88994614330918,4,True,4.5,67.38363372471115,98.39678091397543,n/d,n/d,,,Fundo duplo,False,False,,,Em Alta,15.217777252197266,-2.2853361622701462,-18.99072947245837,False,True,False,Fundo duplo — rompeu pescoço ~R$14.28 (candidato)
CXSE3,BOVA11+DIVO11+Wishlist+Carteira,BOVA11,Insurance,68.62,65.04,88.88888888888889,,1.6,0.3,,63.8,32.72,100.0,81.51,False,16,Bandeira de alta,,,False,4,6,False,,True,,True,True,True,,True,True,8,9,True,False,False,,True,,True,True,True,True,True,,True,61919997952.0,13.69,4.49,6.55,9.61,32.79,28.44,-1.21,75.43,,,,,,1.07,131.62,12.8,12.04,20.76,,8.23,91.77,12.87,22.04,60.4,-6.4,8.7,17.23,17.05,-18.8,22.7,32.2,15.42,22.04,16.82,1.43,40.1,-2.14,1.59,114909193.0,24.75,33.14,44.37,6.0,1.9,True,4,,13.4,5.7,True,,0.71,0.55,0.06,20.639999389648438,True,True,False,14.431418189897538,27.14037678938795,20.62103193103263,12.487515623686956,33.79284092758154,22.898448930232796,16.451692720222336,,21.272818960137727,21.75974043063271,19.58376638756944,4,True,1.9,-5.117408107137489,3.0659863817954713,2026-11-09,2026-11-04,próxima,"A Caixa Seguridade (CXSE3) apresenta-se como uma geradora de caixa robusta no setor de seguros, embora a análise detalhada de seus indicadores revele nuances importantes que o investidor precisa sopesar. O retorno sobre o patrimônio líquido (ROE) de 32,8% situa-se ligeiramente abaixo da média do setor de 34,3%, enquanto o retorno sobre o capital investido (ROIC) de -1,2% destoa fortemente dos pares que registram média de 19,5%, sugerindo uma estrutura de alocação de capital que demanda atenção, ainda que a margem líquida seja extremamente elevada em 75,43%. Essa rentabilidade mista convive com múltiplos de preço esticados, visto que o P/L de 13,69 e o P/VP de 4,49 indicam que o mercado cobra um prêmio pela qualidade da empresa, a qual exibe um endividamento sob controle e excelente saúde financeira, refletida no score máximo de segurança. O dividend yield de 6,55% mostra-se coerente com a alta capacidade de geração de lucro e com o perfil de distribuição da companhia, sustentando um score de dividendos bastante atrativo de 82,0. No quesito expansão, o crescimento composto anual (CAGR) da receita em 5 anos de 12,8% supera com folga a média setorial negativa de -2,5%, porém a análise das janelas temporais de 3 anos (13,4%) para 1 ano (5,7%) revela que a receita está explicitamente desacelerando, um sinal de alerta que a média histórica de longo prazo costuma ocultar. Diante disso, o crescimento implícito de 6,0% ao ano embutido no preço atual pelo modelo de fluxo de caixa descontado reverso parece um patamar exigente, dado que se aproxima do ritmo desacelerado do último ano e deixa pouca margem para frustrações. No checklist de critérios fundamentalistas, a empresa atende a 4 de 6 requisitos, falhando justamente em superar as médias setoriais de ROE e ROIC, além de demandar uma checagem manual sobre a variação atípica que levou o ROIC ao terreno negativo. Quanto ao valuation, a média dos preços-teto calculados situa-se em R$ 21,27 e a mediana em R$ 21,76, mas há uma enorme dispersão entre os métodos, variando desde os conservadores R$ 12,49 de Graham até os otimistas R$ 33,79 de Lynch, resultando em um preço-teto ajustado com margem de segurança de R$ 19,58, o que representa um upside negativo de -5,1% frente à cotação atual de R$ 20,64. Como prós, destacam-se a altíssima margem líquida, o histórico de crescimento acima do setor e o sólido pagamento de dividendos; como contras, pesam o ROIC negativo, a clara desaceleração recente da receita e a ausência de margem de segurança no preço atual.

Gatilho de falseamento: ROIC anualizado abaixo de 0% ou crescimento da receita na janela de 1 ano abaixo de 5% no fechamento do próximo ano fiscal.",Bandeira de alta,True,True,19.51,5.79,Em Alta,20.559999465942383,0.3891046973934831,-6.785888477812996,True,True,True,"Bandeira de alta — mastro +14%, recuo 24%, bandeira 7d (candidato)"
VLID3,SMALL11+DIVO11,SMALL11,Bens Industriais,68.16,67.35,72.72727272727273,,,0.7,,60.88,76.84,66.4,74.66,False,17,Não,Fundo duplo,"Fundo duplo (pré-confirmação) — pescoço R$18.46, preço 6.2% abaixo do pescoço; falta fechar acima e segurar",False,6,8,False,,True,,False,False,True,True,False,True,8,11,True,True,True,False,False,True,True,True,True,True,True,0.1,True,1352829824.0,6.12,0.81,11.02,8.58,13.18,13.73,15.68,11.15,3.19,0.48,0.42,2.3,0.41,0.98,52.53,-32.9,9.95,7.18,1.13,45.32,54.23,16.3,22.63,6.2,-23.5,-0.9,19.43,19.18,-27.9,31.8,-16.0,16.3,22.63,-31.38,2.0,-11.6,-3.16,-0.62,3893717.0,10.28,15.48,23.32,-2.2,3.9,True,7,,3.1,-5.0,True,2023,0.92,0.51,0.07,17.309999465942383,False,False,False,10.805341475319182,20.321013161648654,38.68564080518433,36.87823207595691,41.9734509974246,34.606350648864456,19.01924941687372,34.7357561243764,32.31709903290415,34.7357561243764,31.262180511938762,7,True,3.9,80.6018571719049,86.69612957809967,2026-11-04,2026-08-13,última,,,False,False,,,Lateral,18.059999465942383,-4.152824043070169,-24.184817153002047,True,False,False,sem sinal (Lateral)
DIRR3,BOVA11+SMALL11+DIVO11+AUVP11,BOVA11,Consumo discricionário,68.11,67.29,72.72727272727273,,,0.9,,71.19,60.89,55.31,89.73,False,18,Não,,,False,5,8,False,,True,,False,False,True,False,True,True,8,11,True,True,False,True,False,True,True,False,True,True,True,0.31,True,5214931968.0,6.11,2.25,15.42,12.12,36.78,26.14,9.99,17.73,4.52,0.6,0.82,4.18,1.16,0.64,74.05,8.6,4.51,5.44,1.01,82.45,14.5,10.05,16.95,0.0,-40.7,-18.4,13.81,13.75,-40.7,40.6,-26.3,10.05,16.88,-41.68,2.56,-25.4,-4.34,-0.97,111192376.0,4.25,7.16,12.04,-2.2,4.0,True,8,,26.2,29.7,False,,1.5,0.65,0.08,10.050000190734863,False,False,True,8.858793148255659,16.66024646913887,22.497228662011413,12.857172327213737,35.632160135557484,25.89411378023989,14.51957771002177,9.422607027863684,18.292737407537814,15.58991208958032,14.030920880622288,8,True,4.0,39.61115039139453,82.01728418276015,n/d,2025-12-17,última,,,False,False,,,Em Baixa,11.470000267028809,-12.380122434485196,-41.7657152915505,True,False,False,sem sinal (Em Baixa; sem novo topo (-12.4%))
VTRU3,SMALL11,SMALL11,Consumo discricionário,68.04,74.16,33.333333333333336,,,0.9,,85.82,95.35,55.43,6.16,False,19,Não,Bandeira de alta,"Bandeira de alta (pré-confirmação) — pescoço R$14.83, preço 0.8% abaixo do pescoço; falta fechar acima e segurar",False,7,8,False,,True,,,,True,True,False,False,3,9,True,True,True,True,False,True,True,True,True,False,True,0.37,True,2197835008.0,2.02,0.55,0.17,0.21,27.23,9.79,15.07,46.56,3.06,2.1,1.91,2.56,0.56,0.13,0.42,-23.9,4.63,6.37,0.37,51.99,48.01,10.28,16.86,43.2,-12.7,10.2,13.54,13.47,-28.8,38.7,5.2,12.0,16.86,-10.18,2.44,9.6,-3.52,0.46,10067490.0,11.39,18.7,30.71,-23.9,502.8,False,5,,,5.5,,,1.17,0.53,0.08,14.720000267028809,,False,False,0.22038989714753726,0.41447519366778784,99.6691171066786,66.24331345011042,110.80711143129245,0.4757166666666666,89.77742737118561,33.29211581484035,,,,5,False,502.8,,,n/d,n/d,,,,False,False,,,Em Alta,15.0,-1.8666648864746116,-15.14823670261326,False,False,False,sem sinal (Em Alta)
TGMA3,SMALL11+DIVO11,SMALL11,Bens Industriais,66.78,65.73,72.72727272727273,,,0.7,,78.58,32.54,69.75,82.88,False,20,Não,Bandeira de alta,"Bandeira de alta (pré-confirmação) — pescoço R$35.37, preço 0.0% acima do pescoço; falta fechar acima e segurar",False,6,8,False,,True,,False,False,True,True,True,True,8,11,True,True,True,False,False,True,True,True,True,True,True,0.03,True,2332878336.0,9.19,2.35,10.26,10.06,25.55,24.91,27.01,10.14,6.35,0.07,0.04,2.22,0.23,4.78,92.47,23.5,6.96,14.79,1.33,34.75,65.25,26.65,39.14,32.8,-9.6,13.6,33.15,32.92,-31.9,31.4,0.6,26.65,39.14,-14.78,1.98,0.4,-2.62,-0.15,10415914.0,24.71,36.91,55.13,2.6,3.2,True,8,,17.5,6.5,True,,0.89,0.49,0.16,35.380001068115234,False,False,False,25.891755617075912,30.679795221282248,33.17650166498943,36.11248828050053,46.141383721877496,48.261011502017126,15.209065938367798,32.95589716002682,33.55348738826717,33.066199412508126,29.759579471257315,8,True,3.2,-15.885871755733472,-5.162559708044023,n/d,2026-08-07,última,,,False,False,,,Em Alta,36.369998931884766,-2.722017852196368,-10.512169884463141,True,False,False,sem sinal (Em Alta)
LAVV3,SMALL11+DIVO11+Carteira,SMALL11,Imobiliário,66.02,63.23,81.81818181818181,,,0.8,,65.65,53.07,55.18,93.84,False,21,Não,Bandeira de alta,"Bandeira de alta (pré-confirmação) — pescoço R$10.94, preço 3.4% abaixo do pescoço; falta fechar acima e segurar",False,5,8,False,,True,,True,False,True,True,False,True,9,11,True,True,False,True,False,True,True,False,True,True,True,0.37,True,2063098496.0,5.72,1.42,22.98,14.05,24.9,19.67,8.69,19.91,7.23,1.5,2.38,4.12,0.86,1.17,80.38,-30.3,3.02,4.85,1.47,60.31,33.37,9.22,18.94,14.6,-44.2,-3.5,12.97,13.28,-51.3,36.3,-28.7,9.22,18.94,-44.08,2.28,-26.3,-3.55,-0.76,6020674.0,5.42,8.63,13.76,-3.2,3.2,True,8,,46.9,13.7,True,,1.5,0.73,0.08,10.569999694824219,True,True,False,10.8024589302843,17.574546843276973,21.864409847166048,17.59235771691174,34.99529149837133,23.97785698445859,10.804112535080032,11.483480756009996,18.636814388944877,17.583452280094356,15.82510705208492,8,True,3.2,49.717194976211346,76.31802201537161,n/d,2026-02-03,última,"A Lavvi Empreendimentos Imobiliários (LAVV3) apresenta um perfil de investimento peculiar no setor imobiliário, onde a elevada rentabilidade sobre o patrimônio líquido (ROE) de 24,9% posiciona-se bem acima da média dos seus pares (16,2%), embora o retorno sobre o capital investido (ROIC) de 8,7% fique ligeiramente abaixo da média setorial (9,4%), sugerindo que a eficiência na alocação de capital total ainda tem espaço para melhorias. Essa qualidade operacional convive com múltiplos de valuation atrativos, evidenciados por um P/L de 5,72 e um P/VP de 1,42, indicando que o mercado pode estar subavaliando a capacidade de geração de caixa da companhia. A estrutura de capital mostra-se extremamente robusta, com uma relação Dívida Líquida/EBITDA de 1,5 que se situa confortavelmente abaixo da média do setor (18,46), garantindo que o expressivo dividend yield de 22,98% seja sustentável e coerente com a baixa alavancagem e a forte liquidez corrente de 4,12. No entanto, a análise do crescimento exige cautela: embora o histórico de longo prazo mostre ruídos, a receita por janela revela uma clara desaceleração ao passar de 46,9% em três anos para 13,7% no último ano, um sinal de alerta que a ausência de dados consolidados de cinco anos poderia ocultar. Diante dessa dinâmica, o crescimento implícito de -3,2% ao ano embutido no preço atual de R$ 10,57 mostra-se um patamar bastante conservador e fácil de ser superado, especialmente quando confrontado com a média dos preços-teto de R$ 18,64 e a mediana de R$ 17,58. Essa ampla dispersão entre os métodos de valuation, que vão desde R$ 10,80 pelo método de Bazin até R$ 21,86 pelo fluxo de caixa descontado, resulta em um preço-teto ajustado com margem de segurança de R$ 15,83, o que projeta um upside promissor de 49,7%. O checklist de critérios confirma essa solidez ao aprovar 5 dos 8 requisitos fundamentais, apontando como pontos fortes a rentabilidade superior ao setor, a saúde financeira impecável e o valuation descontado, enquanto o histórico de crescimento irregular e as transações de insiders figuram como os principais pontos de atenção.

Gatilho de falseamento: ROE abaixo de 16,2% no fechamento anual, o que eliminaria a vantagem competitiva de rentabilidade da empresa frente à média do setor.",,False,True,10.43,1.34,Em Alta,11.020000457763672,-4.083491327102662,-44.3098000539846,True,False,False,sem sinal (Em Alta)
PINE4,SMALL11+DIVO11,SMALL11,Produtos financeiros,65.29,63.09,77.77777777777777,14.09,,0.4,,64.03,72.2,44.14,73.97,False,22,Não,Bandeira de alta,"Bandeira de alta (pré-confirmação) — pescoço R$12.06, preço 3.7% abaixo do pescoço; falta fechar acima e segurar",False,4,6,False,,True,,False,False,True,,True,True,7,9,True,True,False,,True,,True,False,True,True,True,,True,2931692800.0,4.9,1.64,8.11,8.58,33.43,18.92,0.0,39.51,,,,,,0.33,42.04,76.3,3.76,1.87,,95.52,4.47,7.24,15.72,60.5,-26.1,-6.4,11.94,11.66,-36.3,47.3,-7.5,10.01,15.72,-22.88,2.98,39.5,-4.77,0.95,11800188.0,10.15,18.69,34.39,-5.5,4.5,True,4,,84.0,124.9,False,2023,1.15,0.42,-0.06,11.619999885559082,False,False,False,7.250474875123318,13.635570490957726,32.43502272203456,19.443633163638577,55.917148533945266,12.77531889407378,29.215999712262835,,16.524096745547347,13.205444692515753,11.884900223264179,4,True,4.5,2.2796931180206315,42.20393208508462,n/d,2026-07-15,última,,,False,False,,,Lateral,11.979999542236328,-3.005005596269361,-26.525729803977516,True,False,False,sem sinal (Lateral)
LREN3,BOVA11+SMALL11,BOVA11,Consumo discricionário,64.63,64.8,63.63636363636363,,,0.9,,66.88,74.85,56.32,47.26,False,23,Não,,,False,6,8,False,,True,,False,False,True,True,True,True,7,11,True,True,True,False,False,True,True,True,True,True,True,0.13,True,10587581440.0,7.53,1.08,8.16,4.38,14.41,11.89,23.53,9.35,2.03,0.59,0.34,1.69,0.32,0.78,32.95,3.2,6.55,6.22,1.29,46.72,53.28,10.5,16.05,6.4,-30.4,-16.1,14.16,13.92,-34.6,38.5,-14.0,10.5,15.66,-29.38,2.42,-28.1,-3.97,-0.92,196313782.0,5.09,8.35,13.69,0.4,8.0,False,6,,6.1,9.6,False,,1.45,0.66,0.11,11.170000076293945,False,False,False,3.555129999853812,6.685938031983137,20.28908037676662,18.579544789201513,20.82351586325753,15.772504987455683,13.207163858833558,28.574451202576604,,,,6,False,8.0,,,2026-11-05,2026-06-24,última,,,False,False,,,Lateral,11.619999885559082,-3.8726317874097416,-32.35143087272723,True,False,False,sem sinal (Lateral)
GRND3,SMALL11+DIVO11,SMALL11,Consumo discricionário,64.36,64.49,63.63636363636363,,,0.9,DY5a=20.2%>=20,60.78,63.56,73.97,,False,24,Não,Bandeira de alta,"Bandeira de alta (pré-confirmação) — pescoço R$3.77, preço 2.6% abaixo do pescoço; falta fechar acima e segurar",False,5,8,False,,True,,True,False,True,True,False,False,7,11,True,True,False,True,False,True,True,False,True,True,True,-0.11,True,3310927360.0,5.71,1.03,40.55,20.25,18.04,16.72,7.81,22.7,8.78,-1.39,-2.45,3.36,0.03,0.38,115.6,-37.8,4.89,2.74,2.01,29.93,70.07,3.37,4.83,9.0,-24.1,-2.3,3.86,4.01,-30.3,28.2,-14.7,3.37,4.83,-30.08,1.77,-9.5,-2.47,-0.49,12038979.0,2.45,3.53,5.07,-3.2,9.4,False,6,,0.8,-1.3,True,,0.77,0.48,0.04,3.6700000762939453,True,True,False,5.4036754152170285,10.162396022811379,8.790915950221075,7.178284482554506,19.281961871947175,6.059476722895763,7.918459008746306,2.0447293916469094,,,,6,False,9.4,,,n/d,n/d,,,,False,False,,,Em Alta,3.7699999809265137,-2.6525173776789313,-24.829946762899823,False,False,False,sem sinal (Em Alta)
ALPA4,SMALL11,SMALL11,Consumo discricionário,64.2,64.3,63.63636363636363,,,0.9,,74.8,45.4,58.45,76.03,False,25,Não,Fundo duplo,"Fundo duplo (pré-confirmação) — pescoço R$12.73, preço 1.5% acima do pescoço; falta fechar acima e segurar",False,6,8,False,,False,,False,False,True,True,True,True,7,11,True,True,True,False,True,True,True,False,True,False,True,0.19,True,8776963072.0,12.59,2.44,13.89,8.79,19.37,-7.05,17.96,14.52,8.06,0.82,0.63,1.91,0.39,0.14,110.71,92.8,10.28,7.61,0.98,45.48,54.52,8.0,16.06,61.6,-19.6,3.7,12.11,11.84,-31.7,41.7,10.1,10.97,16.06,-5.28,2.63,49.5,-4.03,0.87,35104453.0,11.48,19.55,33.29,5.4,5.0,True,7,,3.0,11.1,False,,1.03,0.43,0.07,12.920000076293945,False,False,False,8.262424496703337,15.53868865025176,14.035922089596536,11.057221182280564,30.786338545577312,10.329989999999999,12.64292302938375,6.161217379143303,11.146912403908464,11.057221182280564,9.951499064052507,7,True,5.0,-22.97601389096077,-13.723588714514035,n/d,n/d,,,,False,False,,,Lateral,14.989999771118164,-13.809204312414803,-20.345248931937633,False,False,False,sem sinal (Lateral)
INTB3,SMALL11+AUVP11,SMALL11,Tecnologia de informação,64.18,65.88,54.54545454545455,,,0.5,,71.27,54.5,77.98,45.89,False,26,Não,Bandeira de alta,"Bandeira de alta (pré-confirmação) — pescoço R$15.30, preço 2.4% abaixo do pescoço; falta fechar acima e segurar",False,5,8,False,,True,,False,False,True,True,True,False,6,11,True,True,True,False,False,True,True,False,True,True,True,-0.17,True,4885261824.0,8.2,1.48,8.05,4.3,18.07,19.14,17.52,13.1,6.5,-1.0,-0.79,2.64,0.26,0.7,35.22,14.3,7.48,5.97,1.67,43.4,56.17,9.95,15.41,50.0,-3.1,7.8,12.92,12.8,-17.9,37.1,31.3,10.4,15.41,15.92,2.34,20.6,-3.7,0.42,17281426.0,11.63,18.69,30.05,1.4,6.2,True,7,,1.8,-6.2,True,,1.02,0.48,0.08,14.930000305175781,False,False,True,4.663632809312377,8.770638476868116,24.902911602653543,20.328872487452507,29.133359946109984,16.68631285925948,18.592866476257857,14.044200086757638,18.922737419337015,18.592866476257857,16.73357982863207,7,True,6.2,12.080237686472394,26.74304777326142,n/d,n/d,,,,False,False,,,Em Alta,15.40999984741211,-3.1148575404881473,-4.655786001584561,False,False,False,sem sinal (Em Alta)
CEAB3,BOVA11+SMALL11,BOVA11,Consumo discricionário,64.13,63.09,70.0,,,0.9,,58.56,87.69,43.59,60.96,False,27,Não,Bandeira de alta,"Bandeira de alta (pré-confirmação) — pescoço R$9.39, preço 4.8% abaixo do pescoço; falta fechar acima e segurar",True,5,8,False,,False,,False,,True,True,False,True,7,10,True,True,True,False,False,True,True,False,False,False,True,0.52,True,2646804224.0,4.9,0.72,5.83,6.49,14.79,7.33,14.93,7.02,2.19,1.94,1.78,1.67,0.72,0.49,31.79,-9.5,4.85,5.91,0.81,60.22,39.78,7.28,17.96,22.8,-50.2,-10.9,11.85,12.24,-59.5,52.3,-28.0,7.28,13.6,-43.38,3.29,-56.0,-4.87,-1.22,90164119.0,2.41,4.72,9.25,-5.5,19.6,False,6,,8.9,4.5,True,2024,1.79,0.6,0.13,8.9399995803833,False,False,False,4.217657740472004,7.931917621597349,24.95431087611928,22.57690831104972,30.24233266025896,9.555715299918655,16.743135911236948,82.57434923262535,,,,6,False,19.6,,,n/d,n/d,,,,False,False,,,Lateral,9.390000343322754,-4.79234021817102,-50.53686036841445,False,False,False,sem sinal (Lateral) · ⚡ cruzamento de médias (MM21>MM30) hoje
B3SA3,BOVA11+AUVP11,BOVA11,Produtos financeiros,63.87,64.55,60.0,,,0.4,,93.58,23.32,,36.99,False,28,Não,Bandeira de alta,"Bandeira de alta (pré-confirmação) — pescoço R$17.63, preço 0.2% abaixo do pescoço; falta fechar acima e segurar",False,5,6,False,,True,,False,False,True,,True,True,6,10,True,True,True,,True,,True,False,True,True,True,,True,87609655296.0,16.66,4.75,4.4,3.56,28.49,23.11,22.2,49.45,,,,,,1.44,59.25,33.0,13.62,9.25,0.57,63.98,35.97,11.68,19.55,50.6,-10.0,11.1,15.21,15.24,-27.8,35.2,33.5,13.18,19.55,18.12,2.22,17.4,-3.36,0.81,646181488.0,16.08,25.22,39.54,7.3,3.2,True,4,,3.5,6.8,False,,1.62,0.8,0.08,17.59000015258789,False,False,True,4.5496902983177625,8.556353044900822,14.440924882270194,9.379351223020086,16.012531874536112,9.19436978919374,10.716659402694873,,9.185334503670628,8.87536141704728,7.987825275342552,4,True,3.2,-54.588827708637844,-47.78092993751763,2026-11-12,2026-06-25,última,,,False,False,,,Em Alta,17.65999984741211,-0.39637426630259043,-12.185360871551987,True,False,False,sem sinal (Em Alta)
TEND3,BOVA11+SMALL11,BOVA11,Consumo discricionário,63.79,63.82,63.63636363636363,,,0.9,,76.54,62.07,53.18,32.19,False,29,Não,,,False,5,8,False,,False,,False,False,True,True,False,True,7,11,True,True,True,False,False,True,True,False,True,False,True,0.24,True,3694016256.0,6.38,2.4,4.85,3.32,37.61,-8.65,14.39,12.08,4.39,0.47,0.45,1.96,0.79,0.43,21.16,-11.5,4.37,7.18,0.76,81.81,18.11,20.84,36.71,44.5,-18.0,-5.6,29.12,28.48,-22.2,49.5,32.2,22.35,36.71,16.82,3.12,27.0,-4.79,0.33,102291288.0,19.13,35.98,67.68,-1.7,11.9,False,6,,20.0,27.1,False,2023,1.58,0.56,0.11,30.1200008392334,False,False,False,7.264355551866709,13.661675118510617,64.5711414492616,36.51155069941606,86.47098768443075,22.47972026024363,58.16276024127829,29.23612600700059,,,,6,False,11.9,,,n/d,n/d,,,,False,False,,,Lateral,35.15999984741211,-14.33446823109037,-19.101876265192107,False,False,False,sem sinal (Lateral)
VIVA3,BOVA11+SMALL11,BOVA11,Consumo discricionário,62.53,62.33,63.63636363636363,,,0.9,,75.46,53.6,66.65,16.44,False,30,Não,Bandeira de alta,"Bandeira de alta (pré-confirmação) — pescoço R$22.44, preço 0.6% acima do pescoço; falta fechar acima e segurar",False,6,8,False,,True,,False,False,True,True,True,True,7,11,True,True,True,True,False,True,True,False,True,True,True,0.27,True,5304833536.0,9.1,1.67,3.09,1.98,18.4,21.98,17.32,18.56,6.01,1.1,0.87,4.19,0.4,0.61,18.01,0.4,7.07,10.38,1.73,37.54,62.46,20.42,35.35,10.6,-36.1,0.6,26.89,26.67,-42.2,37.8,-30.0,20.42,32.35,-45.38,2.38,-25.9,-3.8,-0.75,50082721.0,11.15,18.17,29.61,2.5,13.0,False,6,,13.5,16.8,False,2024,1.12,0.52,0.05,22.579999923706055,False,False,False,3.2497366759895443,6.111601555167433,33.93803604272019,27.47490904917601,42.13009650004913,10.853405399094557,30.569846050555892,14.597862142022453,,,,6,False,13.0,,,n/d,2025-12-22,última,,,False,False,,,Em Alta,23.760000228881836,-4.966331202898788,-37.088163151291354,True,False,False,sem sinal (Em Alta)
BBSE3,BOVA11+DIVO11+AUVP11,BOVA11,Insurance,62.51,59.82,77.77777777777777,,1.3,0.3,,68.0,31.63,61.0,91.1,False,31,Bandeira de alta,,,False,5,6,False,,True,,True,False,True,,False,True,7,9,True,True,False,,True,,True,True,True,True,True,,True,79319416832.0,8.63,7.28,11.39,12.78,84.38,83.67,0.0,87.93,,,,,,,110.31,-0.1,9.32,28.81,,55.04,44.96,28.18,42.35,45.0,-3.5,11.1,32.85,33.48,-9.8,19.5,29.1,30.7,42.35,13.72,1.23,28.9,-1.92,1.26,263606527.0,45.75,58.78,75.52,1.9,1.6,True,4,,9.7,10.8,False,,0.58,0.52,0.07,40.86000061035156,True,True,True,37.983511618819826,55.70915037426909,50.5028976257725,24.452233838377936,,59.50416498381771,12.878238894571988,,50.92493115066978,53.106024000020795,47.79542160001872,4,True,1.6,16.973619398111616,24.632722442418032,2026-11-03,2026-08-07,última,"A BB Seguridade (BBSE3) apresenta-se como uma geradora de caixa robusta no setor de seguros, ostentando um ROE excepcional de 84,4%, patamar muito acima da média setorial de 34,3% que sugere extrema eficiência na alocação do capital próprio, embora o ROIC registrado em 0,0% fique abaixo dos pares de 19,5% devido às especificidades contábeis de sua estrutura de holding. Essa expressiva qualidade operacional convive com um múltiplo P/L de 8,63, considerado baixo frente à rentabilidade entregue, enquanto o P/VP de 7,28 reflete o ágio natural de um modelo de negócios leve em ativos físicos. A excelente rentabilidade apoia um dividend yield de 11,39%, patamar altamente coerente com a margem líquida de 87,93% e com a ausência de endividamento financeiro pesado típico do segmento, garantindo a sustentabilidade dos proventos. No campo do crescimento, o CAGR de receita em 5 anos de -0,1% supera a média setorial negativa de -2,5%, mas a ausência de dados na janela de 5 anos impede a verificação de uma eventual desaceleração oculta, exigindo atenção do investidor para a evolução recente de 9,7% em 3 anos e 10,8% no último ano. No checklist de critérios de segurança e qualidade, a empresa atende a 5 de 6 requisitos aplicáveis, falhando apenas no ROIC frente ao setor, o que chancela a solidez do ativo. Sob a ótica do valuation, a média dos preços-teto calculados resulta em R$ 50,92 e a mediana em R$ 53,11, revelando uma dispersão relevante entre a abordagem conservadora de Graham, que aponta R$ 24,45, e o otimismo de Gordon, que projeta R$ 55,71. O preço-teto ajustado com margem de segurança de R$ 47,80 oferece um upside de 17,0% contra a cotação atual de R$ 40,86, a qual embute um crescimento implícito de apenas 1,9% ao ano pelo fluxo de caixa descontado reverso, patamar bastante conservador diante do histórico recente da companhia. Como prós, destacam-se a rentabilidade formidável do patrimônio líquido, o fluxo de dividendos fartos e o valuation descontado com baixo crescimento contratado no preço; como contras, pesam a distorção do ROIC zerado e a sensibilidade do modelo de negócios de seguros aos ciclos macroeconômicos e de juros.

Gatilho de falseamento: ROE abaixo de 34,3% no fechamento anual de 2026.",Bandeira de alta,False,False,,,Em Alta,42.349998474121094,-3.518294964473323,-4.932524324020637,True,True,True,"Bandeira de alta — mastro +15%, recuo 42%, bandeira 9d (candidato)"
SEER3,SMALL11,SMALL11,Consumo discricionário,62.46,62.25,63.63636363636363,,,0.9,,69.28,76.87,39.79,39.04,False,32,Não,Bandeira de alta,"Bandeira de alta (pré-confirmação) — pescoço R$14.16, preço 2.4% abaixo do pescoço; falta fechar acima e segurar",False,6,8,False,,False,,False,False,True,True,True,True,7,11,True,True,True,False,False,True,True,True,True,False,True,0.74,True,1769519232.0,6.55,1.17,6.39,3.68,17.83,-1.1,17.04,11.85,2.93,1.79,1.45,1.64,0.92,0.48,24.07,29.3,5.55,9.65,0.47,59.3,40.7,8.0,14.1,72.8,-2.0,18.7,10.78,10.83,-25.4,52.0,54.1,8.89,14.1,38.72,3.28,4.4,-4.92,0.64,19788799.0,9.82,19.27,37.82,-1.3,9.8,False,5,,9.8,11.9,False,2025,1.48,0.5,0.04,13.819999694824219,False,False,False,3.6941540711689704,6.947392979004871,28.858310123641804,23.680218842532796,36.318161210352685,9.042284976181671,24.019477120218845,30.155249348856476,,,,5,False,9.8,,,n/d,n/d,,,,False,False,,,Em Alta,14.100000381469727,-1.9858204189376227,-2.8812358440011288,False,False,False,sem sinal (Em Alta)
TOTS3,BOVA11+SMALL11+AUVP11,BOVA11,Tecnologia de informação,61.62,58.05,81.81818181818181,,,0.5,,85.64,32.92,49.58,13.7,False,33,Não,Bandeira de alta,"Bandeira de alta (pré-confirmação) — pescoço R$34.37, preço 0.2% abaixo do pescoço; falta fechar acima e segurar",False,6,8,False,,True,,False,False,True,True,True,True,9,11,True,True,True,True,True,False,True,False,True,True,True,0.56,True,19443458048.0,13.94,3.64,2.05,1.39,26.12,14.98,23.37,21.63,7.96,2.09,1.23,1.84,0.92,0.93,19.36,269.5,16.2,7.39,1.0,42.41,54.01,27.05,47.43,26.8,-27.7,10.2,35.29,36.97,-43.0,38.7,-15.4,27.05,46.82,-30.78,2.44,-23.9,-3.47,-0.69,153659451.0,16.96,27.91,45.94,6.1,11.6,False,6,,15.0,17.4,False,,0.9,0.4,-0.02,34.29999923706055,False,False,True,3.4648169819710906,6.51609129190047,33.653907707024736,22.84037819368959,40.325769157676525,10.59424454785779,30.313916111950213,23.177254590403237,,,,6,False,11.6,,,2026-11-04,2026-06-16,última,,,False,False,,,Em Alta,35.45000076293945,-3.2440098762456238,-28.067769013352528,True,False,False,sem sinal (Em Alta)
SAPR4,AUVP11,SMALL11,Utilities,61.44,59.45,72.72727272727273,,,0.1,,56.46,60.29,64.74,60.27,True,34,Não,,,False,6,8,False,,True,,False,False,False,True,True,True,8,11,False,True,True,False,True,True,True,True,False,True,True,0.04,True,10200637440.0,22.41,0.84,1.67,6.48,3.76,14.91,11.83,6.04,3.98,0.89,1.03,1.86,0.6,1.95,145.11,11.5,8.65,5.91,0.51,53.34,46.66,6.24,9.08,8.2,-25.7,-5.3,7.23,7.49,-31.3,29.4,-13.5,6.24,9.08,-28.88,1.85,-11.6,-3.06,-0.47,8829565.0,4.41,6.46,9.44,8.9,5.7,True,7,,8.3,5.2,True,,0.9,0.53,0.03,6.75,False,False,False,3.1788084118282365,5.978210658373747,4.119704624951417,7.379627839992923,5.414262189318976,1.7543033594410482,3.0361445783132535,9.980609333026326,5.58390966225784,5.414262189318976,4.8728359703870785,7,True,5.7,-27.80983747574699,-17.27541241099496,n/d,n/d,,,,False,False,,,Lateral,7.039999961853027,-4.119317662278721,-26.868902115193947,False,False,False,sem sinal (Lateral)
ABCB4,SMALL11+DIVO11+AUVP11,SMALL11,Produtos financeiros,61.29,64.26,44.44444444444444,16.87,,0.4,,50.01,67.04,83.86,82.19,False,35,Não,Fundo duplo,"Fundo duplo (pré-confirmação) — pescoço R$24.94, preço 0.6% abaixo do pescoço; falta fechar acima e segurar",False,2,6,False,,True,,False,False,True,,False,True,4,9,True,False,False,,False,,True,False,True,True,True,,True,6395040256.0,6.34,0.89,10.51,10.05,14.05,14.98,0.0,40.92,,,,,,1.24,63.7,-2.9,5.57,1.54,,89.78,10.19,19.15,26.85,29.5,-7.6,5.4,23.32,23.18,-17.3,23.2,9.9,22.2,26.85,-5.48,1.46,7.8,-2.12,0.33,13526743.0,22.2,29.87,40.21,-1.7,2.6,True,4,,7.9,13.6,False,,0.93,0.7,-0.04,24.799999237060547,False,False,True,18.122244568601637,30.275760591950185,47.52726100684786,49.522583651553454,59.25205282749851,45.829503867489,23.407156983275748,,35.43869250872217,38.05263222971959,34.24736900674763,4,True,2.6,38.09423411420576,42.89795806027043,n/d,n/d,,,,False,False,,,Em Alta,25.100000381469727,-1.1952236647400971,-9.251876714675566,False,False,False,sem sinal (Em Alta)
MULT3,BOVA11+SMALL11,BOVA11,Imobiliário,61.17,60.74,63.63636363636363,,,0.8,,86.07,37.34,43.49,39.73,False,36,Bandeira de alta,,,False,7,8,False,,True,,False,False,True,True,True,True,7,11,True,True,True,True,True,True,True,False,True,True,True,0.74,True,14994034688.0,11.35,2.33,3.66,3.71,20.52,17.07,18.7,43.42,8.22,2.13,1.56,1.64,0.75,0.96,42.11,62.0,11.74,10.89,0.29,52.11,47.88,25.88,35.12,18.4,-12.7,6.0,28.86,29.29,-25.0,27.4,15.5,26.35,35.12,0.12,1.72,-3.1,-2.81,0.05,133834906.0,24.17,34.37,48.88,4.5,5.1,True,7,,15.1,7.6,True,,1.25,0.8,0.06,30.649999618530273,False,False,False,8.269649966119596,15.5522771943475,36.93505709324097,28.271304042723436,42.09851999560551,26.247969421999972,27.87653995670734,28.159424509220912,29.30587031626367,28.159424509220912,25.34348205829882,7,True,5.1,-17.31327121134205,-4.385413765075463,2026-10-29,2026-07-01,última,"A Multiplan (MULT3) apresenta uma sólida eficiência operacional no setor imobiliário, com um retorno sobre o patrimônio líquido de 20,5% e um retorno sobre o capital investido de 18,7%, ambos posicionados acima dos pares setoriais (médias de 16,2% e 9,4%, respectivamente), o que sugere uma forte capacidade de geração de valor. Essa elevada qualidade operacional convive com múltiplos de preço que demandam atenção, pois o preço sobre o valor patrimonial de 2,33 indica um prêmio em relação aos ativos, enquanto o preço sobre o lucro de 11,35, combinado com um indicador de preço/lucro ao crescimento de 0,96, aponta para uma avaliação mais equilibrada. No âmbito financeiro, a excelente rentabilidade é sustentada por um endividamento controlado, visto que a relação entre dívida líquida e Ebitda de 2,13 vezes está confortavelmente abaixo da média do setor de 18,46 vezes, complementada por uma liquidez corrente de 1,64. O rendimento de dividendos de 3,66% mostra-se modesto, mas é coerente com a estratégia de reinvestimento e sustentável diante de uma dívida sobre o patrimônio de 0,75 e margem líquida robusta de 43,42%. Embora a taxa de crescimento anual composta da receita em cinco anos de 62,0% supere com folga a média setorial de 8,6%, a análise das janelas temporais mais recentes revela que o crescimento está DESACELERANDO, caindo de 15,1% em três anos para 7,6% no último ano, o que representa um sinal de alerta importante. O crescimento implícito de 4,5% ao ano embutido no preço atual pelo fluxo de caixa descontado reverso parece bastante conservador e perfeitamente atingível quando comparado ao histórico de expansão da companhia. No checklist de critérios fundamentalistas, a empresa demonstra robustez ao atender 7 de 8 requisitos, falhando apenas na questão de vendas por parte de pessoas de dentro da empresa, sendo que o ano com variação atípica de crescimento de cinco anos sem dados informados merece checagem manual para descartar distorções contábeis. Quanto ao valuation, os métodos de preço-teto revelam uma dispersão acentuada, variando desde os conservadores R$ 8,27 por Bazin e R$ 15,55 por Gordon até os otimistas R$ 36,94 por fluxo de caixa descontado e R$ 42,1 por Lynch, resultando em uma média de R$ 29,31 e um teto ajustado com margem de segurança de R$ 25,34, o que gera um potencial de valorização negativo de 17,3% frente à cotação atual de R$ 30,65. Como prós, destacam-se a rentabilidade muito acima da média setorial, a estrutura de capital desalavancada e o crescimento implícito conservador; como contras, pesam a clara desaceleração recente da receita, o prêmio patrimonial exigido pelo mercado e o preço atual acima do teto ajustado por segurança.

Gatilho de falseamento: margem líquida abaixo de 40,0% no próximo resultado trimestral divulgado pela companhia.",Bandeira de alta,False,False,,,Em Alta,30.389999389648438,0.8555453573664717,-13.119059643206532,True,True,True,"Bandeira de alta — mastro +15%, recuo 13%, bandeira 7d (candidato)"
CYRE3,BOVA11+SMALL11+AUVP11+Wishlist,BOVA11,Consumo discricionário,61.16,57.51,81.81818181818181,,,0.9,,59.79,59.26,45.38,67.12,False,37,Não,Bandeira de alta,"Bandeira de alta (pré-confirmação) — pescoço R$26.43, preço 0.9% acima do pescoço; falta fechar acima e segurar",False,4,8,False,,True,,False,False,True,True,True,True,9,11,True,True,False,True,False,False,True,False,True,True,False,0.54,True,9624478720.0,5.93,1.08,8.67,7.26,18.26,15.44,7.03,20.62,9.25,3.1,6.07,3.37,0.73,0.57,43.07,16.4,4.98,3.68,1.17,56.08,39.17,19.83,35.31,34.5,-24.5,18.5,26.83,26.33,-43.8,44.8,11.3,19.83,32.0,-4.08,2.82,-22.4,-4.55,-0.18,226237626.0,14.13,25.42,45.74,-2.7,15.6,False,6,,20.3,18.3,True,2024,1.68,0.66,0.06,26.670000076293945,False,False,False,14.088636618029199,26.495726284874266,61.51379009056538,49.989069352902035,79.41834766710595,30.46967969160675,42.153610629858875,5.083795978803438,,,,6,False,15.6,,,2026-11-12,2025-12-10,última,"A Cyrela (CYRE3) apresenta um panorama de investimento intrigante no setor de consumo discricionário, onde seu ROE de 18,3% supera a média setorial de 14,1%, sugerindo forte capacidade de gerar valor sobre o patrimônio, embora seu ROIC de 7,0% fique bem abaixo dos pares (13,7%), indicando menor eficiência na alocação de capital geral. Essa dualidade de rentabilidade convive com múltiplos de preço atraentes, visto que o P/L de 5,93 e o P/VP de 1,08 configuram um cenário de aparente desconto, enquanto a relação de endividamento medida pela Dívida Líquida/EBITDA de 3,1 vezes ultrapassa a média do setor de 2,82, impondo um ponto de atenção que é mitigado por uma robusta liquidez corrente de 3,37. O dividend yield de 8,67% mostra-se generoso e coerente com a margem líquida saudável de 20,62%, mas a sustentabilidade desse fluxo exige cautela diante do endividamento ligeiramente elevado e de um crescimento de receita de 5 anos de 16,4% que corre abaixo da média setorial de 35,4%. Um sinal de alerta relevante emerge na análise das janelas temporais de receita, que mostram uma evolução de 20,3% em três anos para 18,3% no último ano, caracterizando um cenário explicitamente classificado como desacelerando que a média de longo prazo costuma ocultar. Adicionalmente, o ano de 2024 apresenta variações atípicas que demandam uma checagem manual detalhada para isolar possíveis eventos contábeis não recorrentes. No campo do valuation, o crescimento implícito no preço atual de -2,7% ao ano pelo fluxo de caixa descontado reverso sugere um patamar altamente conservador frente ao histórico de expansão da companhia, mas a enorme dispersão entre as métricas de preço-teto — variando desde R$ 14,09 pelo método de Bazin até R$ 79,42 pelo modelo de Lynch — exige que o investidor trate essa faixa referencial com extrema cautela. O checklist de critérios reforça essa postura equilibrada ao revelar que a empresa atende a apenas 4 dos 8 requisitos avaliados, penalizada principalmente pelo ROIC e crescimento inferiores aos do setor, além das vendas de insiders. Em suma, os prós residem no valuation descontado com crescimento implícito pessimista, na margem líquida robusta e no atraente retorno de dividendos, ao passo que os contras concentram-se na desaceleração recente da receita, no endividamento acima dos pares e na baixa eficiência do capital reinvestido.

Gatilho de falseamento: A leitura positiva sobre a resiliência financeira da empresa será invalidada caso a relação Dívida Líquida/EBITDA ultrapasse o patamar de 3,5 vezes no fechamento do próximo ano fiscal.",,True,False,,,Em Alta,26.6200008392334,0.18782582826539773,-25.94782633103788,False,False,False,sem sinal (Em Alta)
SAPR11,SMALL11+AUVP11,SMALL11,Serviços públicos,60.79,58.68,72.72727272727273,,,0.1,,56.46,58.03,64.74,58.22,True,38,Não,Bandeira de alta,"Bandeira de alta (pré-confirmação) — pescoço R$35.12, preço 1.7% abaixo do pescoço; falta fechar acima e segurar",False,4,8,False,,True,,False,False,False,True,True,True,8,11,False,False,True,False,False,True,True,True,False,True,True,0.21,True,10430336000.0,22.91,0.86,1.6,6.35,3.76,14.91,11.83,6.04,4.05,0.89,1.03,1.86,0.6,1.99,145.41,11.5,6.49,5.91,0.51,53.34,46.66,31.45,47.9,9.7,-28.0,-5.8,37.25,38.67,-34.3,31.0,-14.1,31.45,47.9,-29.48,1.95,-12.1,-3.23,-0.47,54523847.0,21.9,32.63,48.62,9.0,5.6,True,7,,8.3,5.2,True,,1.0,0.57,0.06,34.5099983215332,False,False,False,15.930007114094998,29.958690798443175,20.60269397548623,36.87860009954136,26.88356955549708,15.033916666666668,15.183796729858347,84.1639514150497,22.924467848512556,20.60269397548623,18.542424577937606,7,True,5.6,-46.26941327213079,-33.57151850625163,n/d,n/d,,,,False,False,,,Lateral,36.209999084472656,-4.694837906440153,-29.166671886558802,False,False,False,sem sinal (Lateral)
CMIN3,BOVA11+DIVO11+AUVP11+Wishlist,BOVA11,Materiais,60.52,66.39,27.272727272727273,,,1.0,,82.1,51.19,34.62,97.26,False,39,Não,Fundo duplo,"Fundo duplo (pré-confirmação) — pescoço R$4.78, preço 14.2% acima do pescoço; falta fechar acima e segurar",False,7,8,False,,True,,False,False,True,False,True,False,3,11,True,True,True,False,True,True,True,True,True,True,True,0.16,True,29328345088.0,12.71,4.04,19.95,16.59,31.79,32.01,20.33,13.41,4.95,0.2,0.13,1.17,1.24,0.14,210.86,90.7,12.96,8.29,0.53,80.09,19.91,4.08,6.99,33.8,-21.9,5.9,5.22,5.2,-34.6,41.6,7.6,4.08,6.99,-7.78,2.62,24.6,-4.18,0.22,50395154.0,3.68,6.29,10.74,5.5,3.6,True,8,,10.7,9.3,True,2025,1.12,0.47,-0.08,5.460000038146973,False,False,True,6.587903633998465,12.389509092326145,5.875586955088236,3.6142687853119786,12.887490255264293,6.133333333333334,5.292462664828537,5.47149278704399,7.281505938399372,6.004460144210785,5.404014129789707,8,True,3.6,-1.0253829297822925,33.360913690956416,n/d,2026-04-17,última,"A CSN Mineração (CMIN3) apresenta uma notável eficiência operacional no setor de materiais, entregando um ROE de 31,8% e um ROIC de 20,3% que se posicionam muito acima das médias setoriais de 5,6% e 9,2%, respectivamente. Essa elevada qualidade, contudo, convive com múltiplos de preço que exigem cautela, pois o P/L de 12,71 e o P/VP de 4,04 revelam que o mercado cobra um prêmio pelo papel, embora o EV/EBITDA de 4,95 sugira uma avaliação ainda razoável em termos de geração de caixa. No âmbito financeiro, a excelente rentabilidade é sustentada por um endividamento sob controle, visto que a relação dívida líquida sobre EBITDA de 0,2 está bem abaixo do par setorial de 1,76, garantindo solidez mesmo com uma relação dívida sobre patrimônio de 1,24 e liquidez corrente de 1,17. Esse cenário de baixo endividamento e forte geração de lucros confere sustentabilidade ao expressivo dividend yield de 19,95%, o qual é plenamente coerente com a capacidade de distribuição da companhia. Quanto ao crescimento, a expansão histórica da receita em cinco anos de 90,7% supera com folga a média setorial de 17,4%, mas a análise das janelas temporais de três anos para um ano, que caíram de 10,7% para 9,3%, mostra que o indicador está explicitamente desacelerando, o que serve como um importante sinal de alerta. Diante dessa perda de ritmo, o crescimento implícito de 5,5% ao ano embutido no preço atual pelo fluxo de caixa descontado reverso parece um patamar conservador e perfeitamente atingível frente ao histórico da empresa, embora o ano de 2025 apresente uma variação atípica que merece checagem manual para isolar possíveis eventos contábeis não recorrentes. No checklist de critérios fundamentalistas, a CMIN3 demonstra robustez ao atender 7 de 8 requisitos, falhando apenas em manter a margem líquida acima do patamar de 15%, já que atualmente registra 13,41%. Sob a ótica do valuation, as estimativas de preço-teto revelam uma dispersão acentuada entre os métodos, variando desde os conservadores R$ 3,61 de Graham até os otimistas R$ 12,89 de Lynch, resultando em uma média de R$ 7,28 e uma mediana de R$ 6,00. Frente ao preço atual de R$ 5,46, o valor ajustado com margem de segurança fica em R$ 5,40, o que indica um upside ligeiramente negativo de -1,0% e sugere que o papel está precificado de forma justa no momento. Em balanço, a empresa destaca-se pela rentabilidade excepcional, endividamento muito baixo e proventos altamente atrativos, tendo como contrapartida a desaceleração recente de suas receitas, múltiplos patrimoniais esticados e uma margem líquida abaixo do ideal para o seu segmento.

Gatilho de falseamento: margem líquida abaixo de 10% no fechamento do próximo ano fiscal.",,True,False,,,Lateral,6.989999771118164,-21.888408913730807,-22.77227856327012,True,False,False,sem sinal (Lateral)
TFCO4,SMALL11,SMALL11,Consumo discricionário,60.22,59.62,63.63636363636363,,,0.9,,80.35,32.15,69.24,15.75,False,40,Não,,,False,5,8,False,,True,,False,False,True,True,True,True,7,11,True,True,True,False,False,True,True,False,True,True,True,0.2,True,1994094336.0,13.7,3.29,2.43,1.73,23.99,26.81,27.1,13.1,8.45,0.48,0.24,3.17,0.28,0.91,23.66,9.3,8.64,16.01,1.67,41.96,57.74,12.64,18.1,4.0,-27.4,-8.7,15.68,15.59,-30.2,31.9,-17.2,12.64,17.65,-32.58,2.01,-17.6,-3.07,-0.82,9719442.0,7.34,11.04,16.62,6.0,9.7,False,6,,22.6,25.8,False,,1.21,0.66,0.15,13.140000343322754,False,False,False,1.6503228274617345,3.103671640032875,13.118342702069336,9.283856160127293,16.043207593243807,6.104046666666666,11.816409067863965,6.258537352230834,,,,6,False,9.7,,,n/d,n/d,,,,False,False,,,Em Baixa,13.40999984741211,-2.0134191436360083,-27.714251796912095,False,False,False,sem sinal (Em Baixa; sem novo topo (-2.0%))
ISAE4,BOVA11+DIVO11,BOVA11,Serviços públicos,59.71,59.02,63.63636363636363,,,0.1,,59.77,49.42,60.47,76.71,True,41,Não,Bandeira de alta,"Bandeira de alta (pré-confirmação) — pescoço R$27.76, preço 1.3% abaixo do pescoço; falta fechar acima e segurar",False,5,8,False,,True,,False,False,True,True,True,True,7,11,False,True,False,True,True,False,True,True,True,True,True,0.67,True,19327860736.0,6.84,0.87,6.33,8.95,12.71,14.91,9.63,26.39,7.57,3.41,4.87,5.28,0.79,1.39,61.22,220.0,9.22,6.2,0.28,54.58,44.81,21.76,31.63,25.9,-13.4,-1.0,27.15,26.8,-19.9,25.0,5.2,25.09,31.63,-10.18,1.57,17.3,-2.32,0.5,91771657.0,25.02,34.51,47.6,-0.8,3.1,True,8,,20.0,18.1,True,,0.99,0.69,0.06,27.389999389648438,False,False,False,17.829684460902122,29.16113324061366,47.63146755159969,53.25931843934586,55.57797862674048,42.44490828380026,23.523060573146807,34.16993881449743,37.94968624883079,38.307423549148844,34.47668119423396,8,True,3.1,25.873245573213886,38.5530744596263,n/d,2026-04-20,última,,,False,False,,,Em Alta,28.079999923706055,-2.4572668658559893,-14.522190729571049,True,False,False,sem sinal (Em Alta)
ITUB4,BOVA11+DIVO11+AUVP11,BOVA11,Produtos financeiros,59.66,56.46,77.77777777777777,15.95,,0.4,,58.07,38.15,70.71,66.44,False,42,Não,Bandeira de alta,"Bandeira de alta (pré-confirmação) — pescoço R$42.83, preço 1.2% abaixo do pescoço; falta fechar acima e segurar",False,3,6,False,,True,,False,False,True,,True,True,7,9,True,True,False,,False,,True,False,True,True,True,,True,466555863040.0,10.01,2.25,7.36,7.17,22.45,19.06,0.0,32.58,,,,,,1.58,71.76,8.1,8.35,1.58,,92.99,6.67,33.37,48.38,26.9,-12.5,3.5,39.93,40.1,-22.5,24.2,10.4,37.49,48.38,-4.98,1.52,14.3,-2.45,0.52,1078345630.0,39.19,53.43,72.84,3.4,2.6,True,4,,6.6,4.2,True,,1.18,0.85,0.05,42.33000183105469,False,False,True,22.070412902049974,41.50661523191979,57.83867995348905,42.308852690673284,57.12381360458937,44.7113108467952,28.658938153733306,,41.5317547335635,43.10896303935749,38.79806673542174,4,True,2.6,-8.343810401259667,-1.8857714693165106,n/d,2026-10-01,próxima,,,False,False,,,Em Alta,42.72999954223633,-0.9361051145958088,-13.038297414382317,True,False,False,sem sinal (Em Alta)
BBDC3,BOVA11+DIVO11+AUVP11,BOVA11,Produtos financeiros,59.54,58.28,66.66666666666667,15.65,,0.4,,47.03,65.18,66.43,75.34,False,43,Não,Bandeira de alta,"Bandeira de alta (pré-confirmação) — pescoço R$16.39, preço 3.7% abaixo do pescoço; falta fechar acima e segurar",False,3,6,False,,True,,False,False,True,,True,True,6,9,True,False,False,,True,,True,False,True,True,True,,True,166911541248.0,6.75,0.95,8.96,8.73,14.13,11.35,0.0,26.07,,,,,,1.16,58.96,17.8,,1.07,,92.32,7.66,13.18,17.94,19.8,-12.0,2.4,15.41,15.5,-22.4,23.7,5.7,13.91,17.94,-9.68,1.5,7.2,-2.18,0.3,115744759.0,13.96,18.93,25.66,-0.9,3.1,True,4,,2.7,11.9,False,,1.14,0.84,-0.03,15.789999961853027,False,False,True,10.030058767619341,18.35255667562874,31.12925694870499,29.577379858294073,33.998184018639236,25.41451153825119,15.04539817803134,,21.231595982551067,21.883534106939965,19.69518069624597,4,True,3.1,24.731986978007892,34.462292804587456,2026-11-04,2026-10-02,próxima,,,False,False,,,Em Alta,16.31999969482422,-3.247547444129406,-13.096991693922266,True,False,False,sem sinal (Em Alta)
KEPL3,SMALL11+DIVO11+Wishlist,SMALL11,Bens Industriais,59.36,63.42,36.36363636363637,,,0.7,,63.51,47.7,65.59,97.95,False,44,Não,Bandeira de alta,"Bandeira de alta (pré-confirmação) — pescoço R$6.59, preço 0.7% abaixo do pescoço; falta fechar acima e segurar",False,5,8,False,,True,,False,False,True,True,False,False,4,11,True,True,False,False,False,True,True,True,True,True,True,-0.02,True,1133105024.0,8.41,1.47,4.41,16.72,17.52,36.22,12.97,9.71,6.71,-0.07,-0.07,2.04,0.43,,140.59,-56.2,13.39,6.76,1.34,48.81,51.19,5.69,10.45,14.9,-37.4,-1.2,7.7,7.92,-45.6,35.4,-33.8,5.69,10.45,-49.18,2.23,-24.6,-3.12,-0.62,8267452.0,3.59,5.66,8.93,1.7,5.5,True,6,,-6.4,-7.3,True,,0.97,0.48,-0.03,6.539999961853027,False,False,False,7.951060457523201,11.661555337700696,8.294886990856,8.822919963521745,,8.987435936460594,2.11519618266828,5.777933039049724,8.582631954185326,8.558903477188872,7.703013129469985,6,True,5.5,17.78307606117222,31.232905263711096,n/d,2025-12-16,última,"A Kepler Weber (KEPL3) apresenta-se como uma alternativa intrigante no setor de bens industriais, onde seu retorno sobre o patrimônio líquido de 17,5% supera confortavelmente a média setorial de 10,8%, sugerindo forte eficiência na alocação do capital dos acionistas, embora o retorno sobre o capital investido de 13,0% fique ligeiramente abaixo dos pares de 13,3%. Essa sólida rentabilidade convive com múltiplos de valuation atrativos, visto que o preço sobre lucro de 8,41 e o preço sobre valor patrimonial de 1,47 indicam que a qualidade da empresa não está sendo negociada a preços proibitivos. No âmbito financeiro, a excelente relação entre rentabilidade e endividamento é evidenciada pela relação dívida líquida sobre EBITDA negativa de -0,07, muito abaixo da média setorial de 2,38, o que revela uma posição de caixa líquido altamente segura e que dá sustentabilidade ao pagamento de dividendos, cujo rendimento atual de 4,41% é plenamente coerente com a saúde do balanço. Contudo, o crescimento da receita acende um forte sinal de alerta, pois o indicador composto anual de cinco anos de -56,2% está muito abaixo do setor e, mais grave ainda, a análise por janelas temporais mostra uma clara trajetória de desaceleração, caindo de uma taxa inexistente em cinco anos para -6,4% em três anos e piorando para -7,3% no último ano. Diante dessa retração, o crescimento implícito de 1,7% ao ano embutido no preço atual pelo fluxo de caixa descontado reverso surge como um patamar bastante conservador e de fácil superação, enquanto a expressiva variação negativa na receita de cinco anos aponta para um período atípico que merece checagem manual minuciosa por parte do investidor para descartar efeitos contábeis pontuais. No checklist de critérios fundamentais, a companhia atende a cinco dos oito requisitos avaliados, penalizada justamente pelas margens abaixo de 15% e pelo fraco desempenho histórico de expansão frente aos seus pares. Sob a ótica do valuation, as estimativas de preço-teto revelam uma dispersão moderada entre os métodos de Bazin a R$ 7,95, fluxo de caixa descontado a R$ 8,29, Graham a R$ 8,82 e Gordon a R$ 11,66, resultando em uma média de R$ 8,58 e mediana de R$ 8,56, o que garante um upside promissor de 17,8% frente ao preço justo ajustado com margem de segurança de R$ 7,70. Em suma, os prós da tese concentram-se na robustez do balanço desalavancado, no retorno sobre o patrimônio elevado e no valuation descontado com boa margem de segurança, ao passo que os contras residem na nítida perda de tração da receita e no retorno sobre o capital investido abaixo da média do setor.

Gatilho de falseamento: o retorno sobre o capital investido (ROIC) recuar para patamares abaixo de 10,0% no fechamento do próximo ano fiscal, o que invalidaria a premissa de que a empresa consegue manter sua rentabilidade histórica mesmo diante da desaceleração das receitas.",,True,False,,,Em Alta,6.769999980926514,-3.3973415025329023,-37.71428607759022,False,False,False,sem sinal (Em Alta)
CYRE4,AUVP11,SMALL11,Consumer Cyclical,59.33,52.15,100.0,,,0.9,,59.79,63.84,45.38,2.05,False,45,Não,,,False,5,7,False,,True,,,,True,True,True,True,9,9,True,True,True,True,True,False,,False,True,True,False,0.55,True,,5.56,1.02,0.0,0.0,18.26,15.44,7.03,20.62,8.85,3.1,6.07,3.37,0.73,0.37,,16.4,,3.68,1.17,56.08,39.17,18.14,30.16,38.0,-17.0,18.9,21.52,22.87,-39.9,48.5,-14.7,18.14,30.16,-30.08,3.05,,-4.9,-0.59,8794857.0,10.29,19.18,35.75,-3.6,6.6,True,4,,20.3,18.3,True,2024,1.72,0.65,0.17,25.030000686645508,,False,False,,,61.57298846099846,49.85567939973703,67.52698026972709,,55.46215979486919,10.264629106888117,58.60445198133294,58.51757412793383,52.665816715140444,4,True,6.6,110.41076815966582,134.1368372898237,n/d,n/d,,,,False,False,,,Em Alta,25.3799991607666,-1.3790326465500269,-18.202613154858692,False,False,False,sem sinal (Em Alta)
ITSA4,BOVA11+DIVO11+AUVP11+Wishlist,BOVA11,Financial Services,59.1,57.18,70.0,,,0.4,,60.95,40.94,,80.82,False,46,Não,Fundo duplo,"Fundo duplo (pré-confirmação) — pescoço R$14.14, preço 0.8% abaixo do pescoço; falta fechar acima e segurar",False,5,6,False,,True,,False,False,True,,True,True,7,10,True,True,True,,True,,True,False,True,True,True,,True,157239115776.0,8.66,1.68,8.04,9.45,19.36,17.48,0.38,214.29,,,,,,2.46,81.85,28.4,7.4,0.38,0.64,16.02,79.82,9.78,14.79,43.4,-5.1,6.2,12.87,12.46,-17.7,24.5,23.7,11.35,14.79,8.32,1.55,25.8,-2.3,1.02,323583968.0,14.66,20.06,27.46,2.0,1.8,True,4,,-0.9,0.2,False,,1.23,0.88,0.07,14.029999732971191,False,False,True,9.644070205128042,13.409623316492038,16.382994589273824,17.4475854891721,21.004940096724308,17.114669988624723,8.049833886909893,,14.137839524879656,14.896308952882931,13.406678057594638,4,True,1.8,-4.442777528439413,0.7686371629433086,n/d,2026-12-01,próxima,"A Itaúsa (ITSA4) apresenta-se como uma holding financeira robusta, cujo Retorno sobre o Patrimônio Líquido (ROE) de 19,4% situa-se acima da média do setor de 18,8%, sugerindo uma eficiente alocação de capital que convive com um Retorno sobre o Capital Injetado (ROIC) de 0,4%, o qual, embora baixo em termos absolutos, também supera os pares setoriais de 0,1%. Essa qualidade operacional é negociada a múltiplos de preço que demandam atenção, visto que o Preço sobre o Lucro (P/L) de 8,66 e o Preço sobre o Valor Patrimonial (P/VP) de 1,68 revelam que o mercado cobra um prêmio pela empresa, o que é corroborado por um indicador PEG de 2,46. No âmbito da rentabilidade versus endividamento, a holding exibe uma margem líquida atípica de 214,29%, um patamar distorcido que merece checagem manual por sinalizar prováveis eventos contábeis não recorrentes ou equivalência patrimonial que não refletem a geração de caixa operacional direta. Quanto aos proventos, o Dividend Yield (DY) de 8,04% mostra-se altamente atrativo e coerente com a forte lucratividade histórica, sendo sustentado pelo fluxo de dividendos de suas investidas, o que justifica o elevado score de dividendos de 81,0. Sob a ótica do crescimento, o CAGR de receita de 5 anos de 28,4% supera a média setorial de 20,8%, contudo, a análise das janelas temporais mais recentes revela que a receita está DESACELERANDO, registrando contração de 0,9% em 3 anos e tímida recuperação de 0,2% em 1 ano, um sinal de alerta importante que a média de longo prazo costuma ocultar. O checklist de critérios confirma a solidez da companhia ao atender 5 de 6 requisitos aplicáveis, falhando apenas devido a vendas recentes de papéis por parte de insiders. Em relação ao valuation, a média dos preços-teto calculados resulta em R$ 14,14 e a mediana em R$ 14,90, evidenciando uma dispersão relevante entre a abordagem conservadora de Bazin (R$ 9,64) e a otimista de Lynch (R$ 21,00), culminando em um preço-teto ajustado com margem de segurança de R$ 13,41, o que coloca o preço atual de R$ 14,03 em um patamar de upside negativo de 4,4%. Diante disso, o crescimento implícito de 2,0% ao ano embutido no preço atual pelo fluxo de caixa descontado reverso parece bastante conservador e de fácil execução frente ao histórico da empresa, mesmo com a recente perda de ritmo das receitas. Como balanço final, a Itaúsa destaca-se positivamente pelo ROE acima dos pares, excelente histórico de dividendos e valuation implícito realista, mas traz como pontos contra a clara desaceleração recente de suas receitas, a necessidade de checagem de sua margem líquida distorcida e a ausência de margem de segurança no preço atual frente ao teto ajustado.

Gatilho de falseamento: ROE abaixo de 18,8% no fechamento anual, o que anularia a vantagem competitiva da holding frente à média do seu setor.",,True,False,,,Em Alta,14.199999809265137,-1.1971836519534595,-6.606429728831554,True,False,False,sem sinal (Em Alta)
ALUP11,SMALL11,SMALL11,Serviços públicos,58.08,55.5,72.72727272727273,,,0.1,,59.66,53.47,52.1,48.63,True,47,Não,,,False,7,8,False,,True,,False,False,True,False,True,True,8,11,True,True,True,True,True,False,True,True,True,True,True,0.81,True,15553951744.0,7.77,1.12,3.3,4.76,14.38,12.27,10.21,27.68,6.25,3.48,4.68,3.17,1.11,0.86,36.96,176.5,11.79,5.7,0.32,60.84,28.54,29.52,36.3,10.8,-9.9,0.4,32.7,32.72,-15.6,21.4,3.7,30.63,36.3,-11.68,1.35,5.3,-1.99,-0.1,37597207.0,27.28,35.87,47.17,0.8,5.3,True,7,,4.7,9.9,False,,0.83,0.68,0.06,32.70000076293945,False,False,False,11.313687868435768,21.27703234612275,57.561341484976666,52.579869165078605,58.169163707445705,28.277388683100412,35.86192614122864,60.42946800026633,44.87945564688845,52.579869165078605,47.321882248570745,7,True,5.3,44.71523285774048,37.24603853145039,n/d,n/d,,,,False,False,,,Em Alta,33.9900016784668,-3.7952363984276594,-10.719747925533806,False,False,False,sem sinal (Em Alta)
ABEV3,BOVA11+AUVP11,BOVA11,Bens de primeira necessidade,58.0,58.61,54.54545454545455,,,0.0,,78.02,20.01,66.13,52.74,True,48,Não,,,False,7,8,False,,True,,False,False,True,True,True,True,6,11,True,True,True,True,True,True,True,False,True,True,True,-0.17,True,237105577984.0,14.66,2.7,5.13,5.43,18.4,17.07,20.62,18.41,8.29,-0.57,-0.38,1.02,0.03,3.91,79.62,24.6,13.81,10.3,0.81,38.81,60.59,11.06,16.9,39.0,-9.0,-2.6,15.04,14.55,-13.6,25.5,13.0,13.6,16.9,-2.38,1.6,23.8,-2.01,0.58,444607383.0,14.44,19.84,27.26,6.5,2.8,True,8,,3.4,-1.4,True,,0.67,0.46,0.03,15.380000114440918,False,False,True,6.075154924632186,8.66601493798979,10.883829908124458,11.59574698186445,9.631589440367161,15.169931705988454,5.371054688937035,11.077338879200727,9.808832683388033,10.25770967424581,9.231938706821229,8,True,2.8,-39.974391169522946,-36.22345506891047,2026-10-29,2026-09-22,próxima,,,False,False,,,Lateral,15.869999885559082,-3.0875852214973243,-9.490465358935396,True,False,False,sem sinal (Lateral)
CPFE3,BOVA11+DIVO11+AUVP11,BOVA11,Serviços públicos,57.73,58.29,54.54545454545455,,,0.1,,76.13,43.59,30.08,71.23,True,49,Bandeira de alta,,,False,6,8,False,,True,,False,False,True,False,True,True,6,11,True,True,True,False,False,True,True,True,True,True,True,1.44,True,52369965056.0,8.72,2.31,8.21,8.31,26.43,27.84,15.57,13.16,5.73,2.35,2.07,0.92,1.55,1.2,72.43,21.5,10.97,8.79,0.29,71.02,27.73,35.09,52.32,29.5,-13.1,0.8,45.11,44.43,-21.6,25.6,-8.7,40.99,52.32,-24.08,1.61,19.5,-2.56,0.57,82305466.0,42.1,58.41,81.04,2.0,3.1,True,8,,4.1,4.1,False,,0.96,0.66,0.04,45.45000076293945,False,False,True,27.45688617469887,51.63666012854658,71.28884404959429,48.03534580165628,81.27050328571642,62.09372055141328,38.481402348024254,84.02932204055885,58.0365855475261,56.86519033997993,51.17867130598194,8,True,3.1,12.60433541667556,27.693255386807202,2026-11-12,2026-04-30,última,"A CPFL Energia (CPFE3) apresenta-se como uma alternativa robusta no setor de serviços públicos, destacando-se por uma rentabilidade excepcional com ROE de 26,4% e ROIC de 15,6%, ambos posicionados significativamente acima das médias setoriais de 12,1% e 9,6%, respectivamente. Essa elevada qualidade operacional convive com múltiplos de valuation mistos, uma vez que o P/L de 8,72 sugere um preço atrativo, enquanto o P/VP de 2,31 situa-se em patamar mais esticado, refletindo o forte prêmio sobre o valor patrimonial que o mercado exige pela sua eficiência. No âmbito financeiro, a excelente rentabilidade é acompanhada por um endividamento controlado, visto que a relação Dívida Líquida/EBITDA de 2,35 vezes está abaixo do limite prudencial e da média do setor de 3,4 vezes, embora a liquidez corrente de 0,92 acenda um alerta de curto prazo e a relação Dívida/Patrimônio atinja 1,55. O generoso dividend yield de 8,21% mostra-se sustentável e coerente com a forte geração de lucro e a desalavancagem relativa da companhia, preenchendo os requisitos de investidores focados em renda passiva. Por outro lado, o crescimento de longo prazo é um ponto de atenção, pois o CAGR de receita de 5 anos de 21,5% ficou abaixo da média setorial de 37,6%, evidenciando uma clara trajetória de desaceleração quando observamos as janelas mais recentes de 3 anos e 1 ano, ambas estagnadas em 4,1%. Diante disso, o crescimento implícito de 2,0% ao ano embutido no preço atual pelo fluxo de caixa descontado reverso parece bastante conservador e de fácil execução frente ao histórico da empresa, mitigando os riscos de projeções excessivamente otimistas. No checklist de critérios fundamentalistas, a CPFE3 atende a sólidos 6 de 8 requisitos, falhando apenas na margem líquida de 13,16%, que ficou abaixo do sarrafo de 15%, e no crescimento inferior ao dos pares. Quanto ao valuation, a média dos preços-teto calculados resulta em R$ 58,04 e a mediana em R$ 56,87, revelando uma dispersão relevante entre o método conservador de Bazin, que puxa o teto para R$ 27,46, e o otimista modelo de Lynch a R$ 81,27, mas ainda garantindo um upside de 12,6% contra o preço-teto ajustado de R$ 51,18. Em suma, o papel oferece como prós uma rentabilidade muito acima da média, endividamento menor que o dos pares e dividendos robustos, enquanto os contras residem na desaceleração recente do crescimento das receitas e na liquidez corrente abaixo de 1,0.

Gatilho de falseamento: margem líquida abaixo de 10% no próximo resultado trimestral divulgado pela companhia.",Bandeira de alta,False,False,,,Lateral,47.31999969482422,-3.951815181624574,-14.232070691941257,True,True,True,"Bandeira de alta — mastro +14%, recuo 37%, bandeira 8d (candidato)"
EZTC3,SMALL11+DIVO11+AUVP11,SMALL11,Consumo discricionário,57.63,54.97,72.72727272727273,,,0.9,,49.72,54.59,67.67,54.11,False,50,Bandeira de alta,,,False,3,8,False,,True,,False,False,True,True,False,True,8,11,False,False,False,True,False,True,True,False,True,False,True,0.0,True,3711064064.0,6.99,0.71,7.48,5.69,10.15,7.87,5.14,36.95,11.84,0.07,0.17,3.06,0.34,1.14,39.78,-22.5,5.96,2.75,2.48,28.86,69.9,10.21,16.23,31.1,-17.5,8.1,13.27,13.36,-37.1,39.1,-0.7,10.21,15.91,-16.08,2.46,-14.5,-3.84,0.05,51263358.0,8.78,14.49,23.89,-0.5,6.0,True,7,,10.2,-4.0,True,,1.35,0.6,0.07,13.380000114440918,False,False,False,5.538319238320695,10.41561327722892,26.180811521172867,28.48915801041003,22.5937435404128,14.097346596882026,12.694100445843759,4.781189865115663,17.14415609003873,14.097346596882026,12.687611937193823,7,True,6.0,-5.174799486733983,28.132705107641897,n/d,n/d,,,Bandeira de alta,False,False,,,Em Alta,13.350000381469727,0.22471709448661503,-18.63057783452655,False,True,False,"Bandeira de alta — mastro +30%, recuo 16%, bandeira 7d (candidato)"
BBDC4,BOVA11+DIVO11+AUVP11+Wishlist,BOVA11,Produtos financeiros,57.61,56.01,66.66666666666667,15.65,,0.4,,47.03,57.46,66.43,71.92,False,51,Não,Bandeira de alta,"Bandeira de alta (pré-confirmação) — pescoço R$18.69, preço 3.8% abaixo do pescoço; falta fechar acima e segurar",False,3,6,False,,True,,False,False,True,,True,True,6,9,True,False,False,,True,,True,False,True,True,True,,True,190167105536.0,7.7,1.09,8.65,8.36,14.13,11.35,0.0,26.07,,,,,,1.53,64.4,17.8,6.07,1.07,,92.32,7.66,15.46,20.87,16.3,-13.8,1.8,17.77,17.95,-24.6,26.0,3.1,15.73,20.87,-12.28,1.64,3.5,-2.49,0.18,721901057.0,15.01,20.94,29.21,0.7,2.6,True,4,,2.7,11.9,False,,1.22,0.82,-0.02,17.989999771118164,False,False,False,10.942271386743782,18.123429507138837,28.143015870300534,29.455324075145107,31.293122574756364,27.753988485520942,13.877054444479935,,21.240676312426025,22.93870899632989,20.6448380966969,4,True,2.6,14.75730049669548,18.069352877517098,n/d,2026-10-02,próxima,"O Bradesco (BBDC4) apresenta um panorama de valuation atrativo, mas com desafios operacionais claros, evidenciados por um ROE de 14,1% e um ROIC de 0,0%, ambos posicionados abaixo de seus pares do setor de produtos financeiros (médias de 18,4% e 2,2%, respectivamente), o que sugere uma eficiência na alocação de capital aquém do ideal no momento. Essa rentabilidade pressionada convive com múltiplos de preço historicamente baixos, como o P/L de 7,7 e o P/VP de 1,09, indicando que o mercado já precifica parte desse desconto na qualidade operacional da instituição. O dividend yield de 8,65% mostra-se robusto e sustentável frente à forte margem líquida de 26,07%, embora a análise de endividamento tradicional não se aplique diretamente ao modelo bancário. No campo do crescimento, o CAGR de receita de 5 anos de 17,8% supera a média setorial de 12,7%, contudo, a análise detalhada por janelas temporais revela que o indicador está DESACELERANDO ao registrar apenas 2,7% na janela de 3 anos antes de ensaiar uma recuperação para 11,9% no último ano, um sinal de alerta que a média de longo prazo omitia e que demanda checagem manual para identificar possíveis eventos contábeis atípicos nesses períodos. O checklist de critérios reforça essa dualidade ao aprovar apenas 3 dos 6 requisitos avaliados, apontando que, apesar do porte robusto e do ROE superar a taxa Selic, o banco falha em superar seus pares em rentabilidade e sofre com vendas de insiders. Sob a ótica do valuation, o preço atual de R$ 17,99 embute um crescimento implícito de apenas 0,7% ao ano pelo fluxo de caixa descontado reverso, patamar extremamente conservador diante do histórico da empresa, enquanto as estimativas de preço-teto revelam uma ampla dispersão que vai desde R$ 10,94 pelo método de Bazin até R$ 31,29 pelo modelo de Lynch. Com uma média de R$ 21,24 e um preço-teto ajustado com margem de segurança de R$ 20,64, o papel oferece um upside projetado de 14,8% em relação ao valor atual. Em suma, os prós residem no valuation descontado, no carrego de dividendos atraente e na meta de crescimento implícito bastante conservadora, ao passo que os contras concentram-se na rentabilidade abaixo do setor, na desaceleração recente de receitas e nos sinais de governança fracos pelo checklist.

Gatilho de falseamento: ROE abaixo de 14,1% no fechamento do próximo ano fiscal.",,True,False,,,Lateral,18.59000015258789,-3.2275437146040087,-15.2047602131405,True,False,False,sem sinal (Lateral)
ITUB3,DIVO11+AUVP11,SMALL11,Financial Services,57.49,53.91,77.77777777777777,15.95,,0.4,,58.07,26.33,70.71,70.55,False,52,Não,Bandeira de alta,"Bandeira de alta (pré-confirmação) — pescoço R$46.72, preço 0.7% abaixo do pescoço; falta fechar acima e segurar",False,3,6,False,,True,,False,False,True,,True,True,7,9,True,True,False,,False,,True,False,True,True,True,,True,511084199936.0,10.97,2.46,6.72,8.3,22.45,19.06,0.0,32.58,,,,,,5.45,91.03,8.1,,1.58,,92.99,6.67,29.38,46.7,57.9,-0.7,7.9,40.79,39.18,-15.9,24.2,30.3,35.58,46.7,14.92,1.52,37.9,-2.59,1.36,86942783.0,52.71,71.85,97.95,4.2,1.5,True,4,,6.6,4.2,True,,1.11,0.8,0.07,46.369998931884766,False,False,False,27.98405823791242,33.44617774636144,36.742064704722566,42.34064578101987,43.58820309759237,42.892645904913905,16.94537291783717,,35.26623664847759,35.094121225542004,31.584709102987805,4,True,1.5,-31.88546510560809,-23.946005044593722,n/d,n/d,,,,False,False,,,Em Alta,46.70000076293945,-0.7066420249752348,-1.9661740384281146,False,False,False,sem sinal (Em Alta)
RECV3,SMALL11+DIVO11,SMALL11,Energia,57.48,61.21,36.36363636363637,,,0.9,,52.87,70.86,55.04,86.99,False,53,Não,Bandeira de alta,"Bandeira de alta (pré-confirmação) — pescoço R$11.61, preço 5.1% abaixo do pescoço; falta fechar acima e segurar",False,3,8,False,,True,,False,False,True,True,False,False,4,11,False,False,False,True,False,True,True,False,True,True,True,0.36,True,3228960000.0,6.48,0.73,15.48,10.7,11.26,17.76,10.15,16.73,3.36,1.18,1.6,2.91,0.72,1.88,69.36,-14.8,6.72,5.06,0.52,50.04,49.96,8.89,13.47,23.9,-18.2,4.0,10.53,10.71,-31.9,31.9,17.2,9.17,13.47,1.82,2.01,-6.6,-3.18,-0.31,24583980.0,7.23,10.88,16.4,-1.5,2.9,True,8,,2.0,-3.3,True,,0.74,0.4,0.09,11.020000457763672,False,False,False,8.579058369270248,11.847217339503151,17.079715867070973,24.03388277728588,24.07044475198179,20.9767216026147,8.38019075169103,9.857323973392644,15.6030694291013,14.463466603287063,13.017119942958358,8,True,2.9,18.122680601049336,41.58864592522609,n/d,n/d,,,,False,False,,,Em Alta,11.710000038146973,-5.892396055811533,-20.077629761703943,False,False,False,sem sinal (Em Alta)
TAEE11,BOVA11+SMALL11+DIVO11,BOVA11,Serviços públicos,56.93,57.35,54.54545454545455,,,0.1,,72.69,23.94,49.12,88.36,True,54,Bandeira de alta,,,False,6,8,False,,True,,True,False,True,False,True,False,6,11,True,True,True,True,False,False,True,True,True,True,True,0.45,True,43313987584.0,8.88,1.79,7.17,11.16,20.14,22.05,11.11,36.48,9.85,4.36,5.39,3.48,1.36,47.79,99.08,13.5,9.69,6.9,0.24,66.19,33.81,32.57,43.57,28.7,-3.8,6.7,39.42,39.01,-15.3,22.7,5.1,36.91,43.57,-10.28,1.43,14.1,-2.32,0.62,69864096.0,40.4,53.98,72.13,2.2,4.0,True,7,,20.9,24.4,False,,0.9,0.69,0.09,41.90999984741211,True,False,False,34.007654418841454,34.537559694297315,34.85916380474714,49.86271477028805,53.53518646750954,17.532516376285713,13.398537435957921,32.37463492819132,36.67277578002294,34.537559694297315,31.083803724867582,7,True,4.0,-25.832011839563464,-12.496359070525177,n/d,2026-08-17,última,"A transmissora de energia TAEE11 apresenta uma sólida eficiência operacional, com seu retorno sobre o patrimônio líquido de 20,1% e o retorno sobre o capital investido de 11,1% posicionando-se confortavelmente acima das médias setoriais de 12,1% e 9,6%, respectivamente. Essa elevada qualidade técnica convive com múltiplos de preço que exigem atenção, pois, embora o índice preço/lucro de 8,88 seja atrativo, a relação preço/valor patrimonial de 1,79 sinaliza um prêmio patrimonial relevante. No âmbito financeiro, a excelente rentabilidade e a robusta margem líquida de 36,48% dão suporte ao endividamento, contudo a relação dívida líquida/EBITDA de 4,36 situa-se acima dos pares do setor, que registram 3,4, demandando monitoramento apesar da confortável liquidez corrente de 3,48. O pagamento de dividendos, traduzido em um rendimento de 7,17%, mostra-se coerente com a geração de lucro da companhia, mas o crescimento de longo prazo acende um sinal de alerta, visto que a taxa de crescimento anual composta da receita em cinco anos, de 13,5%, ficou bastante abaixo da média setorial de 37,6%. Ao analisar a receita por janelas temporais, nota-se que o indicador de cinco anos veio marcado como não disponível, o que caracteriza uma dinâmica de crescimento desestruturada ou descontinuada nessa janela específica e aponta para a necessidade de uma checagem manual detalhada desse período para descartar distorções contábeis pontuais. Sob a ótica do valuation, as estimativas de preço-teto revelam uma dispersão notável entre os métodos conservadores, como Bazin a R$ 34,01 e Gordon a R$ 34,54, e as abordagens mais otimistas de Graham e Lynch, resultando em uma média de R$ 36,67 e um preço-teto ajustado com margem de segurança de R$ 31,08, o que projeta um potencial de desvalorização de 25,8% frente à cotação atual de R$ 41,91. Esse preço de mercado atual embute uma expectativa de crescimento implícito de 2,2% ao ano pelo fluxo de caixa descontado reverso, um patamar que se mostra bastante conservador e perfeitamente realizável diante do histórico de expansão da empresa. No checklist de critérios fundamentalistas, o papel atende a robustos 6 de 8 requisitos, falhando apenas na velocidade de crescimento frente ao setor e no nível de alavancagem financeira. Em balanço, a TAEE11 destaca-se positivamente por sua rentabilidade superior, margens elevadas e forte histórico de proventos, mas traz como contrapartidas um endividamento acima da média setorial, crescimento inferior ao dos pares e um preço atual que negocia com ágio em relação às principais métricas de valor justo ajustado.

Gatilho de falseamento: dívida líquida/EBITDA acima de 4,80 no fechamento do próximo resultado anual.",Bandeira de alta,False,False,,,Em Alta,41.83000183105469,0.19124554830411977,-4.341237431671252,True,True,True,"Bandeira de alta — mastro +13%, recuo 27%, bandeira 7d (candidato)"
SANB11,BOVA11+Wishlist,BOVA11,Produtos financeiros,56.88,57.11,55.55555555555556,14.99,,0.4,,50.57,64.69,57.0,67.81,False,55,Não,Bandeira de alta,"Bandeira de alta (pré-confirmação) — pescoço R$30.61, preço 3.7% abaixo do pescoço; falta fechar acima e segurar",False,3,6,False,,True,,True,False,True,,True,False,5,9,True,False,False,,True,,True,False,True,True,True,,True,158356455424.0,7.13,1.12,7.83,7.32,15.69,10.65,0.0,28.66,,,,,,0.95,52.16,49.8,6.59,1.11,,90.04,9.86,25.1,36.14,17.4,-18.5,6.5,29.43,29.36,-30.6,30.8,-7.4,25.1,36.14,-22.78,1.94,7.6,-2.67,0.03,108841327.0,22.01,32.57,48.19,-0.2,3.6,True,4,,2.6,-3.8,True,,1.11,0.63,-0.03,29.469999313354492,True,False,False,15.680734147136793,29.48989679929274,56.53205315505725,49.46723188212352,61.26115257179802,36.659315833299786,31.0960489555609,,34.590499983696645,33.07460631629626,29.767145684666637,4,True,3.6,1.0083012495269772,17.375299591614745,n/d,2026-07-22,última,"A análise fundamentalista do Santander Brasil (SANB11) revela uma instituição financeira de grande porte que navega por um cenário de transição, refletido em seus scores intermediários de qualidade (51,0) e valor (65,0). O retorno sobre o patrimônio líquido (ROE) de 15,7% situa-se abaixo da média do setor de 18,4%, enquanto o retorno sobre o capital investido (ROIC) nulo de 0,0% também fica aquém dos pares de 2,2%, sugerindo uma eficiência na alocação de capital inferior à de seus concorrentes diretos no momento. Essa rentabilidade mais tímida convive com múltiplos de valuation descontados, visto que o preço sobre o lucro (P/L) de 7,13 e o preço sobre o valor patrimonial (P/VP) de 1,12 indicam que o mercado já precifica essa compressão de retorno. No campo do crescimento, embora o indicador de longo prazo mostre um avanço robusto com a taxa de crescimento anual composta (CAGR) da receita em cinco anos de 49,8%, muito acima dos 12,7% do setor, a análise das janelas temporais mais recentes de 2,6% em três anos e de -3,8% no último ano aponta que a receita está DESACELERANDO, um sinal de alerta que exige monitoramento atento sobre a sustentabilidade operacional. Diante dessa perda de fôlego recente, o crescimento implícito de -0,2% ao ano embutido no preço atual pelo fluxo de caixa descontado reverso mostra-se um patamar bastante conservador e de baixo risco de execução, não exigindo grandes entregas operacionais para justificar a cotação de tela. Quanto aos proventos, o rendimento de dividendos (DY) de 7,83% mostra-se atraente e coerente com a forte geração de caixa expressa na margem líquida de 28,66%, embora o checklist de critérios acenda um alerta ao aprovar apenas 3 de 6 requisitos, penalizado pelo ROE abaixo do setor e por vendas de papéis por parte de pessoas de dentro da companhia. No que tange ao valuation, a média dos preços-teto calculados situa-se em R$ 34,59 e a mediana em R$ 33,07, mas há uma dispersão acentuada entre os métodos, variando desde os conservadores R$ 15,68 de Bazin até os otimistas R$ 56,53 do fluxo de caixa descontado, resultando em um preço-teto ajustado com margem de segurança de R$ 29,77, o que confere um upside estreito de 1,0% frente ao preço atual de R$ 29,47. Como pontos positivos, destacam-se a robusta margem líquida, o dividend yield elevado e a baixa exigência de crescimento futuro precificada pelo mercado; por outro lado, pesam contra a desaceleração recente das receitas, a rentabilidade abaixo da média setorial e a venda de ações por insiders.

Gatilho de falseamento: ROE abaixo de 15,0% no fechamento anual de SANB11.",,True,False,,,Lateral,30.6200008392334,-3.7557200991497397,-19.169649183244452,True,False,False,sem sinal (Lateral)
BPAC11,BOVA11+AUVP11,BOVA11,Produtos financeiros,56.09,52.26,77.77777777777777,15.65,,0.4,,59.62,38.47,66.43,25.34,False,56,Fundo duplo,,,False,4,6,False,,True,,False,False,True,,True,True,7,9,True,True,False,,True,,True,False,True,True,True,,True,206890991616.0,13.12,3.0,2.3,2.74,22.88,20.48,0.0,39.8,,,,,,0.89,35.9,20.8,10.2,2.41,,90.46,8.68,44.56,63.41,37.8,-3.2,13.0,53.75,53.75,-23.5,32.4,19.4,48.49,63.41,4.02,2.04,13.1,-3.31,0.72,589032534.0,55.72,84.53,128.22,5.7,5.5,True,3,,20.9,37.5,False,,1.57,0.84,0.06,61.400001525878906,False,False,False,12.217390129441307,22.976575630529943,64.00865619338279,46.42288173495183,81.44375141435748,11.734254803160848,56.65867857373354,,15.6427401877107,12.217390129441307,10.995651116497177,3,True,5.5,-82.09177387094572,-74.52322508311731,n/d,2026-08-11,última,"O BTG Pactual (BPAC11) apresenta uma dinâmica operacional robusta no setor de produtos financeiros, evidenciada por um ROE de 22,9% que supera a média setorial de 18,4%, sugerindo alta eficiência na alocação do patrimônio dos acionistas, embora o ROIC de 0,0% fique abaixo dos pares de 2,2% devido às especificidades da estrutura de capital de instituições financeiras. Essa rentabilidade elevada convive com múltiplos de preço esticados, dado que o P/L de 13,12 e o P/VP de 3,0 revelam que o mercado cobra um prêmio considerável pela qualidade do ativo, não configurando uma relação de pechincha clássica. No âmbito dos proventos, o dividend yield de 2,3% mostra-se modesto e condizente com uma estratégia que prioriza a retenção de lucros para reinvestimento e expansão em detrimento de distribuições agressivas, mantendo a sustentabilidade do negócio. O crescimento da receita é um forte destaque, com um CAGR de cinco anos de 20,8% que supera com folga a média setorial de 12,7%, acelerando para expressivos 37,5% na janela de um ano após registrar 20,9% em três anos, o que afasta qualquer sinal de desaceleração e valida o momento operacional favorável. No checklist de critérios fundamentalistas, o papel atende a 4 de 6 requisitos, penalizado pela ausência de ROIC superior ao setor e pela ocorrência de vendas por parte de insiders, o que demanda monitoramento próximo. Sob a ótica do valuation, o preço atual de R$ 61,40 embute uma taxa de crescimento implícito de 5,7% ao ano pelo fluxo de caixa descontado reverso, patamar que se mostra bastante conservador quando confrontado com o histórico recente de expansão da companhia. Contudo, os métodos tradicionais de preço-teto revelam uma enorme dispersão, variando desde R$ 12,22 pelo modelo de Bazin até R$ 81,44 pela métrica de Lynch, resultando em uma média de R$ 15,64 e um preço-teto ajustado com margem de segurança de R$ 11,00, o que gera um upside negativo de 82,1% frente à cotação atual e indica que o papel está caro sob premissas mais rígidas de dividendos. Como prós, destacam-se a rentabilidade superior ao setor, a forte aceleração no crescimento das receitas e o crescimento implícito conservador no preço atual; como contras, pesam o valuation esticado nos múltiplos patrimoniais, o baixo retorno direto via dividendos e a expressiva distância para os preços-teto conservadores baseados em fluxo de caixa e proventos.

Gatilho de falseamento: ROE abaixo de 18,4% no fechamento anual, o que igualaria o patamar do banco à média atual do setor e invalidaria a tese de rentabilidade premium que justifica seus múltiplos elevados.",Fundo duplo,False,False,,,Em Alta,60.83000183105469,0.9370371160061675,-4.887975210088003,True,True,True,Fundo duplo — rompeu pescoço ~R$57.88 (candidato)
VBBR3,BOVA11+DIVO11,BOVA11,Consumo discricionário,56.04,53.1,72.72727272727273,,,0.9,,60.66,43.41,46.65,56.16,False,57,Não,,,False,6,8,False,,True,,False,False,True,True,True,True,8,11,True,True,True,False,True,True,True,False,False,True,True,0.68,True,47417880576.0,9.4,2.02,3.81,6.05,21.49,20.83,16.06,2.48,6.65,1.52,1.3,2.01,0.93,1.02,56.91,677.0,11.52,9.71,0.57,65.98,33.8,20.31,39.64,95.1,0.0,20.9,29.46,28.64,-18.4,27.8,58.0,24.7,39.64,42.62,1.75,63.9,-2.4,1.84,401684820.0,51.03,72.89,104.12,2.8,3.7,True,8,,1.4,9.9,False,,1.04,0.66,0.15,39.63999938964844,False,False,False,17.455345899673283,32.82731180486943,57.67796754018852,43.15044577613431,64.57850638087871,37.83853409328381,36.459366894689914,21.27951435183102,38.90837409269363,37.14895049398686,33.434055444588175,8,True,3.7,-15.655761959171166,-1.8456743396062403,n/d,n/d,,,,False,False,,,Em Alta,39.060001373291016,1.484889902625608,-1.0237199880710923,False,False,False,sem sinal (Em Alta)
CMIG4,BOVA11+DIVO11+AUVP11,BOVA11,Serviços públicos,55.74,54.35,63.63636363636363,,,0.1,,54.76,49.28,37.63,98.63,True,58,Não,Bandeira de alta,"Bandeira de alta (pré-confirmação) — pescoço R$11.37, preço 1.4% abaixo do pescoço; falta fechar acima e segurar",False,5,8,False,,True,,True,False,True,True,False,True,7,11,True,True,False,False,False,True,True,True,True,True,True,0.67,True,32068245504.0,6.98,1.1,9.43,17.43,15.75,21.33,9.3,10.51,6.74,2.49,3.69,1.17,0.78,,121.68,-20.4,9.62,5.94,0.42,57.36,42.63,9.61,13.28,16.6,-15.6,2.2,10.81,10.86,-25.1,23.7,6.5,9.95,13.28,-8.88,1.5,3.9,-2.42,0.11,181213079.0,9.47,12.84,17.41,-0.5,4.8,True,6,,10.4,7.4,True,,0.98,0.72,0.06,11.210000038146973,True,False,False,14.21285930133032,20.845526975284475,17.13085010605077,19.18990475610761,,14.127676775544375,4.368366777042946,16.11915397156264,16.93766198098003,16.625002038806706,14.962501834926035,6,True,4.8,33.47459218563353,51.09421876308797,2026-11-12,2026-06-24,última,,,False,False,,,Em Alta,11.699999809265137,-4.188032300053002,-15.939634493199662,True,False,False,sem sinal (Em Alta)
WEGE3,BOVA11+AUVP11+Carteira,BOVA11,Bens Industriais,55.36,53.9,63.63636363636363,,,0.7,,85.86,6.18,59.35,18.49,False,59,Bandeira de alta,,,False,6,8,False,,True,,False,False,True,True,False,True,7,11,True,True,True,True,False,True,True,False,True,True,True,-0.16,True,217260064768.0,34.75,11.52,3.87,2.33,33.16,31.31,24.33,15.58,22.62,-0.35,-0.2,1.59,0.29,5.5,80.95,-2.1,27.94,11.21,1.12,56.49,40.84,34.11,53.79,51.8,-3.7,12.1,46.26,45.45,-22.5,29.2,7.8,41.68,53.79,-7.58,1.84,37.0,-2.4,0.98,404715012.0,52.31,75.86,110.0,10.6,2.3,True,8,,10.9,7.4,True,,0.74,0.44,0.08,51.779998779296875,False,False,False,8.77237284195321,16.497720538253944,20.380338345251214,12.275795667152899,12.88423325296587,20.475859359909954,10.077411891121159,14.133032770246711,14.43709558335687,13.50863301160629,12.157769710445661,8,True,2.3,-76.5203360427527,-72.11839334934625,2026-10-21,2026-09-21,próxima,,Bandeira de alta,False,True,49.82,3.93,Em Alta,52.650001525878906,-1.652426821211772,-4.615230000472237,False,True,False,"Bandeira de alta — mastro +24%, recuo 19%, bandeira 7d (candidato)"
IGTI11,BOVA11+SMALL11,BOVA11,Imobiliário,55.12,52.01,72.72727272727273,,,0.8,,69.03,35.89,49.92,19.86,False,60,Não,Bandeira de alta,"Bandeira de alta (pré-confirmação) — pescoço R$26.28, preço 0.2% abaixo do pescoço; falta fechar acima e segurar",False,3,7,False,,True,,False,False,True,True,False,True,8,11,False,False,True,True,False,True,,False,True,False,True,0.48,True,,12.18,1.58,1.12,2.46,12.93,7.32,12.16,41.91,9.16,2.15,2.43,2.73,0.9,1.34,29.91,-35.4,12.03,5.46,0.48,51.02,48.98,22.47,30.19,16.7,-13.1,3.8,25.59,25.74,-25.2,28.8,5.5,22.57,30.19,-9.88,1.81,-1.7,-2.55,0.06,64486665.0,20.28,29.33,42.43,5.1,9.9,False,6,,13.5,20.3,False,2023,1.29,0.79,0.1,26.219999313354492,False,False,False,4.682595017954838,8.806299662798937,29.443507889354056,28.351219697635035,24.79564342010154,2.962871330015288,18.341425415656584,20.853146220130455,,,,6,False,9.9,,,n/d,n/d,,,,False,False,,,Em Alta,26.56999969482422,-1.3172765731642277,-13.825394013199299,False,False,False,sem sinal (Em Alta)
GMAT3,SMALL11,SMALL11,Bens de primeira necessidade,54.83,52.15,70.0,,,0.0,,46.64,66.66,57.07,30.82,True,61,Não,Bandeira de alta,"Bandeira de alta (pré-confirmação) — pescoço R$4.93, preço 0.4% abaixo do pescoço; falta fechar acima e segurar",False,4,8,False,,True,,False,,True,True,False,True,7,10,True,True,False,False,False,True,True,False,False,True,True,0.47,True,11295391744.0,6.96,1.01,2.43,3.24,14.52,15.23,10.1,3.99,4.87,2.21,3.01,1.74,0.56,0.62,22.54,-40.8,5.52,5.51,1.0,52.91,42.64,3.57,6.99,37.5,-29.7,18.1,4.67,4.89,-48.9,41.0,9.4,3.57,5.86,-5.98,2.58,-43.0,-3.7,-0.96,25485041.0,2.05,3.49,5.93,-0.5,8.8,False,6,,20.9,19.8,True,,1.17,0.5,0.09,4.909999847412109,False,False,False,1.156614180203782,2.1751808614800154,9.648868813972626,8.784305494980751,10.219073059657894,4.214702690761246,6.996671528176406,6.644215782298149,,,,6,False,8.8,,,n/d,n/d,,,,False,False,,,Em Alta,4.900000095367432,0.204076568368472,-30.268485683558268,False,False,False,sem sinal (Em Alta)
UGPA3,BOVA11,BOVA11,Consumo discricionário,54.21,50.94,72.72727272727273,,,0.9,,62.68,36.23,43.38,50.0,False,62,Não,,,False,7,8,False,,True,,False,False,True,True,True,True,8,11,True,True,True,False,True,True,True,True,False,True,True,0.63,True,41635037184.0,12.63,2.43,5.11,4.93,19.25,16.17,21.5,2.26,5.74,1.13,0.72,1.64,0.98,1.74,62.22,44.3,13.09,9.73,0.63,64.07,31.75,18.91,39.13,107.0,0.0,31.5,25.3,25.58,-22.2,29.4,92.1,20.23,39.13,76.72,1.85,71.7,-2.77,2.11,365477857.0,54.87,80.0,116.63,5.4,3.0,True,8,,-0.3,6.6,False,,0.95,0.57,0.05,39.130001068115234,False,False,False,14.018771241815644,26.364334303156514,42.37509374219308,33.503972747138306,37.79593542642003,23.495941177807627,22.848814031364544,26.697903114902907,28.38759572309983,26.531118709029712,23.87800683812674,8,True,3.0,-38.977750609918736,-27.453117944759697,n/d,n/d,,,,False,False,,,Em Alta,38.93000030517578,0.5137445706951738,-0.4578995138323272,False,False,False,sem sinal (Em Alta)
COGN3,BOVA11+SMALL11,BOVA11,Consumo discricionário,53.92,51.08,70.0,,,0.9,,42.5,74.59,44.97,43.15,False,63,Não,Fundo duplo,"Fundo duplo (pré-confirmação) — pescoço R$2.33, preço 3.0% abaixo do pescoço; falta fechar acima e segurar",False,1,8,False,,False,,False,,False,True,True,True,7,10,False,False,False,False,False,False,True,False,True,False,True,0.39,True,4529540608.0,6.65,0.34,5.25,4.02,5.11,0.79,10.24,8.96,3.36,2.9,3.9,1.88,0.5,1.78,26.75,34.0,4.74,3.98,0.45,44.22,55.77,2.03,4.57,11.3,-50.5,-4.1,2.87,2.89,-55.6,44.6,-27.4,2.03,4.57,-42.78,2.81,-19.2,-4.32,-0.36,67713952.0,1.13,2.0,3.54,-1.1,10.8,False,4,,11.9,9.8,True,2024,1.57,0.62,0.03,2.259999990463257,False,False,False,0.6610763085209409,0.9423694379423733,3.523333016789866,7.129341450820357,2.6390299344292605,2.230894894219233,1.738562384963415,6.787266472573069,,,,4,False,10.8,,,n/d,n/d,,,,False,False,,,Em Alta,2.450000047683716,-7.755104225409681,-52.186949300984885,False,False,False,sem sinal (Em Alta)
EVEN3,SMALL11+DIVO11,SMALL11,Consumo discricionário,53.8,53.67,54.54545454545455,,,0.9,,39.34,73.94,48.01,78.77,False,64,Não,,,False,1,8,False,,True,,False,False,True,True,False,True,6,11,False,False,False,False,False,False,True,False,True,False,True,0.36,True,799565440.0,4.07,0.42,22.74,9.11,10.28,7.88,4.93,12.83,6.93,2.85,7.13,4.66,0.64,0.63,37.06,-37.5,2.34,2.92,1.27,57.92,36.05,4.03,8.43,0.0,-52.2,-21.3,6.66,6.39,-52.2,37.2,-44.8,4.03,8.31,-60.18,2.34,-39.2,-3.86,-1.66,5345230.0,1.45,2.33,3.75,-8.7,11.0,False,6,,-6.1,-11.0,True,,1.31,0.62,0.11,4.03000020980835,False,False,False,2.668667020668999,5.018815719516214,13.542998248068002,14.620912498185543,15.42257471690564,9.494231390709928,6.793624916802784,1.4064517273350627,,,,6,False,11.0,,,n/d,n/d,,,,False,False,,,Em Baixa,4.510000228881836,-10.643015403848278,-52.76082242762465,False,False,False,sem sinal (Em Baixa; sem novo topo (-10.6%))
VIVT3,BOVA11,BOVA11,Comunicação,53.7,45.53,100.0,,,0.4,,44.24,35.64,52.41,62.33,False,65,Não,,,True,5,8,False,,True,,True,True,True,True,True,True,11,11,False,True,True,False,True,False,True,True,True,False,True,0.16,True,98904014848.0,15.13,1.52,8.13,6.55,10.05,7.53,9.1,10.68,4.36,0.56,0.85,0.95,0.3,158.68,99.05,18.5,10.15,5.51,0.48,46.12,53.66,29.17,40.8,6.1,-24.1,-5.9,32.92,33.72,-28.5,25.6,0.3,29.17,40.8,-15.08,1.61,-4.8,-2.34,-0.44,150647459.0,22.1,30.72,42.71,6.7,6.9,True,6,,7.4,6.7,True,,0.8,0.55,0.0,30.950000762939453,True,False,False,14.735977344151722,14.853027828060892,14.995297536792515,30.613336491225258,13.586965600321498,30.18697540089127,5.688876850475431,39.01281650036647,19.828596700240528,14.924162682426704,13.431746414184035,6,True,6.9,-56.601789715405594,-35.933453274793,n/d,n/d,,,,False,False,,,Lateral,30.770000457763672,0.584986358459294,-24.653140376074724,False,False,False,sem sinal (Lateral) · ⚡ cruzamento de médias (MM21>MM30) hoje
PGMN3,SMALL11+DIVO11+Wishlist,SMALL11,Bens de primeira necessidade,53.57,56.61,36.36363636363637,,,0.0,,45.18,74.94,43.89,87.67,True,66,Fundo duplo,,,False,4,8,False,,True,,False,False,False,False,True,False,4,11,False,True,True,False,True,False,True,False,False,False,True,0.99,True,2652611584.0,8.13,0.78,6.39,10.75,9.61,5.91,12.78,2.1,2.78,3.59,3.87,1.78,1.02,6.7,87.37,11.1,5.38,6.26,0.83,68.82,31.1,3.13,7.54,17.9,-51.1,-5.8,4.51,4.81,-58.5,45.1,-41.0,3.13,7.54,-56.38,2.84,-9.8,-4.36,-0.06,16662437.0,2.09,3.72,6.64,1.3,5.3,True,7,,17.5,17.9,False,2024,1.58,0.61,0.17,3.690000057220459,False,False,False,2.8839442795452586,3.2016041588726605,3.6644930251659886,6.950644200731503,5.42848205057233,8.434492438074646,1.5871547725927826,,4.592973560793595,3.6644930251659886,3.29804372264939,7,True,5.3,-10.62212272338866,24.470826275631907,n/d,2025-12-26,última,"A Pague Menos (PGMN3) apresenta-se como um caso de estudo interessante no setor de bens de primeira necessidade, onde sua rentabilidade medida pelo ROE de 9,6% e pelo ROIC de 12,8% posiciona-se ligeiramente acima dos pares setoriais, sugerindo uma eficiência operacional superior na alocação de capital. Essa qualidade de retorno convive com múltiplos de preço descontados, evidenciados pelo P/L de 8,13 e pelo P/VP de 0,78, o que indica uma relação de valuation atraente frente à rentabilidade gerada. No entanto, essa aparente pechincha é contrabalançada por um endividamento elevado, com a relação Dívida Líquida/EBITDA em 3,59, patamar acima da média do setor de 3,32 que acende um alerta sobre a sustentabilidade financeira. O dividend yield de 6,39% mostra-se coerente com a geração de caixa atual, mas o endividamento pressionado e uma margem líquida estreita de 2,1% exigem cautela quanto à perenidade desses proventos no longo prazo. No campo do crescimento, a companhia supera amplamente os pares com um CAGR de receita em cinco anos de 11,1% contra uma retração setorial, embora o ano de 2024 apresente variações atípicas que demandam uma checagem manual detalhada para isolar possíveis eventos contábeis não recorrentes. O checklist de critérios fundamentalistas reforça essa dualidade ao aprovar apenas 4 dos 8 filtros aplicados, penalizado principalmente pela alavancagem financeira e por retornos que não superam a taxa Selic. Sob a ótica do valuation, a ampla dispersão entre os métodos de preço-teto, que variam desde R$ 2,88 pelo modelo de Bazin até R$ 6,95 pela fórmula de Graham, resulta em uma média de R$ 4,59 e uma mediana de R$ 3,66, indicando que o preço atual de R$ 3,69 já embute um prêmio de 10,6% acima do preço-teto ajustado com margem de segurança. Por outro lado, o crescimento implícito de 1,3% ao ano embutido no preço atual via fluxo de caixa descontado reverso parece bastante conservador e de fácil superação quando comparado ao histórico recente de expansão da empresa. Em suma, o ativo oferece como prós um valuation descontado em termos de múltiplos patrimoniais, crescimento histórico robusto e retornos acima da média do setor, enquanto os contras concentram-se na alavancagem financeira acima dos pares, margens espremidas e um preço de tela que já consome a margem de segurança recomendada pelos modelos clássicos.

Gatilho de falseamento: margem líquida abaixo de 2,1% ou relação Dívida Líquida/EBITDA acima de 3,59 no fechamento do próximo ano fiscal.",Fundo duplo,True,False,,,Em Alta,3.9000000953674316,-5.38461623107186,-51.57480167140813,False,True,False,Fundo duplo — rompeu pescoço ~R$3.54 (candidato)
FLRY3,BOVA11+SMALL11+DIVO11,BOVA11,Cuidados de saúde,53.21,49.76,72.72727272727273,,,0.2,,55.24,33.65,50.91,63.01,True,67,Não,,,False,4,8,False,,True,,False,False,True,True,True,True,8,11,False,True,True,False,False,True,True,False,True,True,True,0.7,True,11622728704.0,16.61,2.16,5.47,6.56,13.0,10.93,12.7,8.01,6.64,1.78,1.92,1.86,0.98,1.15,108.91,14.4,13.89,6.47,0.55,61.45,37.83,13.12,21.4,63.0,-0.1,28.5,15.32,15.75,-18.6,28.0,47.3,14.3,21.4,31.92,1.77,25.2,-2.57,1.02,87860526.0,21.94,31.36,44.83,7.3,2.6,True,8,,22.9,7.9,True,2023,0.96,0.6,0.04,21.3799991607666,False,False,False,10.195295048122537,19.173732300178834,17.60525071209539,16.931180944970684,26.975153210519203,19.944897181175023,15.36373690444974,16.082252381163485,17.78393733533436,17.268215828533037,15.541394245679735,8,True,2.6,-27.308723780499523,-16.819747271230945,2026-11-05,2026-08-12,última,,,False,False,,,Em Alta,21.399999618530273,-0.09346008467380207,-1.1558021715204703,True,False,False,sem sinal (Em Alta)
BMGB4,DIVO11,SMALL11,Financial Services,52.67,50.2,66.66666666666667,12.81,,0.4,,49.02,53.81,25.86,95.21,False,68,Não,Bandeira de alta,"Bandeira de alta (pré-confirmação) — pescoço R$6.14, preço 1.2% abaixo do pescoço; falta fechar acima e segurar",False,3,6,False,,True,,False,False,True,,True,True,6,9,True,False,False,,True,,True,False,True,False,True,,True,3899682816.0,6.3,0.91,8.44,15.42,14.47,7.04,0.0,30.16,,,,,,15.16,97.13,26.0,5.75,1.27,,91.8,7.94,3.39,6.16,79.3,-1.5,16.3,4.83,4.68,-15.1,32.8,27.1,4.53,6.16,11.72,2.07,45.3,-2.61,1.53,7582814.0,7.16,10.91,16.62,-1.8,2.4,True,4,,8.1,-1.8,True,,0.95,0.5,0.0,6.070000171661377,False,False,False,6.805910499262498,7.047258844956558,7.255702134194555,12.025108165384788,15.254690616365089,16.37519427544528,2.8770318473957124,,9.371016438464723,7.151480489575556,6.436332440618001,4,True,2.4,6.03512781872555,54.382474027176976,n/d,n/d,,,,False,False,,,Em Alta,6.159999847412109,-1.4610337334430623,-1.7799297691375116,False,False,False,sem sinal (Em Alta)
BMOB3,SMALL11+DIVO11,SMALL11,Comunicação,52.29,50.29,63.63636363636363,,,0.4,,57.09,19.32,70.44,56.85,False,69,Não,Fundo duplo,"Fundo duplo (pré-confirmação) — pescoço R$24.54, preço 12.1% acima do pescoço; falta fechar acima e segurar",False,7,8,False,,True,,False,False,True,True,False,True,7,11,True,True,True,False,True,True,True,True,True,True,True,-0.3,True,2295929088.0,14.75,2.5,7.14,6.18,16.97,10.68,11.27,8.49,8.33,-1.91,-2.33,1.69,0.05,9.87,91.19,-1.0,11.3,6.02,1.43,47.82,51.18,19.48,27.93,41.3,-1.5,14.2,23.43,23.48,-20.5,33.8,27.1,20.89,27.93,11.72,2.13,11.3,-3.58,0.68,13860519.0,24.3,37.5,57.87,6.5,3.3,True,8,,4.8,13.2,False,,1.18,0.61,0.09,27.520000457763672,False,False,False,12.373713249882945,14.090863132189098,15.452233686574973,21.496793338728164,14.32429802888591,22.81065729629482,6.8601422399206955,19.513536994411975,15.865279745861072,14.888265857730442,13.399439271957398,8,True,3.3,-51.3101778740077,-42.35000188241161,n/d,n/d,,,,False,False,,,Em Alta,27.649999618530273,-0.47015971992809824,-2.3167331451850126,False,False,False,sem sinal (Em Alta)
MDIA3,SMALL11,SMALL11,Bens de primeira necessidade,52.02,54.78,36.36363636363637,,,0.0,,37.5,67.93,88.87,31.51,True,70,Não,,,False,2,8,False,,True,,False,False,False,True,False,True,4,11,False,False,False,False,False,True,True,False,False,False,True,-0.04,True,5640965632.0,8.78,0.67,6.28,3.26,7.65,8.74,8.32,6.23,4.22,-0.32,-0.54,2.55,0.21,1.61,28.64,-22.6,7.39,3.52,1.38,34.41,65.59,16.79,28.4,0.1,-40.8,-8.4,23.13,22.2,-40.9,30.8,-28.7,16.79,25.92,-44.08,1.94,-37.1,-2.59,-1.85,13727027.0,6.92,10.38,15.59,2.1,8.2,False,6,,1.0,8.0,False,2023,0.69,0.39,-0.01,16.809999465942383,False,False,False,3.987801449878697,6.974580018334063,24.353143053688573,32.8756463036246,16.696990330579837,20.309577149953924,11.89684212460421,22.691025466258804,,,,6,False,8.2,,,n/d,n/d,,,,False,False,,,Em Baixa,17.780000686645508,-5.4555747089013895,-41.62231072735448,False,False,False,sem sinal (Em Baixa; sem novo topo (-5.5%))
MOTV3,BOVA11,BOVA11,Bens Industriais,51.1,53.7,36.36363636363637,,,0.7,,71.89,52.37,24.83,32.88,False,71,Não,Fundo triplo,"Fundo triplo (pré-confirmação) — pescoço R$14.50, preço 11.3% acima do pescoço; falta fechar acima e segurar",False,6,8,False,,True,,False,False,True,False,True,False,4,11,True,True,False,True,True,False,True,True,True,True,False,1.9,False,32440420352.0,8.41,1.84,5.77,3.34,21.85,19.92,11.72,19.27,6.88,3.69,4.33,1.77,2.45,0.56,28.1,58.4,10.83,6.62,0.44,77.07,22.24,13.02,16.79,24.0,-3.9,13.3,14.5,14.66,-22.1,28.6,13.2,13.08,16.79,-2.18,1.8,-3.3,-2.86,0.21,265215106.0,13.08,18.88,27.24,1.7,9.0,False,7,,-0.6,4.1,False,2025,1.28,0.78,0.04,16.139999389648438,False,False,False,3.922118314063478,7.376112829351637,26.248934606309447,19.462017718762368,35.19965727266342,10.38593205872702,23.643851662362515,11.27895245970643,,,,7,False,9.0,,,n/d,n/d,,,,False,False,,,Em Alta,16.670000076293945,-3.179368231672719,-4.958327495510783,False,False,False,sem sinal (Em Alta)
LOGG3,SMALL11+DIVO11,SMALL11,Imobiliário,50.92,48.68,63.63636363636363,,,0.8,,50.81,50.93,19.19,92.47,False,72,Não,,,True,2,8,False,,True,,True,True,True,True,False,False,7,11,False,False,False,True,False,False,True,False,True,False,False,0.58,True,2134446848.0,5.76,0.61,28.04,13.45,10.63,8.83,3.04,136.74,19.52,121.08,302.7,0.52,0.64,2.41,77.5,-33.1,3.72,0.1,0.28,45.7,53.91,16.32,28.1,50.2,-12.8,-2.2,23.76,22.88,-19.2,31.6,9.3,22.17,28.1,-6.08,1.99,35.9,-2.9,0.92,10348230.0,23.9,35.8,53.62,-3.1,3.7,True,7,,4.6,13.2,False,,0.94,0.52,0.17,24.520000457763672,True,False,False,23.993145083863332,29.74070977210225,38.37597664112907,62.04911245835377,67.45764254060879,41.62840407337953,18.09558645292016,,40.19151100319384,38.37597664112907,34.538378977016166,7,True,3.7,40.85798667299949,63.91317395130047,n/d,n/d,,,,False,False,,,Lateral,25.5,-3.843135459750302,-13.96651386007145,False,False,False,sem sinal (Lateral) · ⚡ cruzamento de médias (MM21>MM30) hoje
GGPS3,SMALL11,SMALL11,Bens Industriais,50.83,50.17,54.54545454545455,,,0.7,,60.3,44.69,50.4,17.81,False,73,Não,Fundo duplo,"Fundo duplo (pré-confirmação) — pescoço R$12.96, preço 0.3% abaixo do pescoço; falta fechar acima e segurar",False,5,8,False,,True,,False,False,True,False,True,True,6,11,True,True,False,False,True,True,True,False,False,True,True,0.48,True,9720368128.0,10.62,2.16,2.26,2.32,20.36,19.43,11.88,5.1,6.71,1.03,1.2,2.87,1.38,0.71,24.62,207.7,8.09,7.28,0.78,74.55,25.29,11.0,19.55,17.5,-33.9,3.8,16.21,15.2,-43.7,30.6,-19.6,11.0,19.55,-34.98,1.93,-28.2,-2.93,-0.99,39153483.0,7.07,10.45,15.46,4.0,9.7,False,6,,23.3,17.0,True,,1.12,0.64,0.13,12.920000076293945,False,False,False,2.1779939036618257,4.096033696241433,16.639572420717553,12.795717442136182,21.068495039525356,9.395602678571429,14.988173346510493,11.121534651146476,,,,6,False,9.7,,,n/d,n/d,,,,False,False,,,Em Alta,13.180000305175781,-1.9726875786166276,-34.249362202988685,False,False,False,sem sinal (Em Alta)
HYPE3,BOVA11+SMALL11,BOVA11,Cuidados de saúde,50.69,51.61,45.45454545454545,,,0.2,,58.11,39.15,57.82,41.1,True,74,Bandeira de alta,,,False,4,8,False,,True,,False,False,True,True,True,False,5,11,False,True,False,True,False,True,True,False,True,True,True,0.42,True,16755103744.0,9.6,1.16,4.42,3.87,12.1,12.72,10.74,19.82,8.01,2.25,2.88,1.86,0.53,1.26,37.16,4.5,7.4,6.31,0.5,50.22,49.77,19.85,26.59,19.9,-10.5,10.4,22.37,22.39,-25.3,31.0,4.5,19.85,25.56,-10.88,1.95,-4.7,-2.95,-0.01,69150522.0,17.41,25.97,38.74,3.0,5.1,True,7,,0.7,3.4,False,,1.03,0.58,0.05,23.799999237060547,False,False,False,6.699366129231095,12.599130494650735,33.908601063554,33.83012411024062,28.447291586383454,25.104096135973904,18.80851411399073,13.167760096540347,23.695073943047685,25.104096135973904,22.593686522376515,7,True,5.1,-5.068540980478698,-0.44086259401838745,n/d,n/d,,,Bandeira de alta,False,False,,,Em Alta,23.549999237060547,1.0615711596566602,-11.209139261998747,False,True,False,"Bandeira de alta — mastro +15%, recuo 19%, bandeira 8d (candidato)"
RDOR3,BOVA11+AUVP11,BOVA11,Cuidados de saúde,50.65,48.36,63.63636363636363,,,0.2,,62.49,22.22,52.17,42.47,True,75,Não,Bandeira de alta,"Bandeira de alta (pré-confirmação) — pescoço R$38.03, preço 2.1% abaixo do pescoço; falta fechar acima e segurar",False,6,8,False,,True,,False,False,True,False,True,True,7,11,True,True,True,False,True,True,True,False,True,True,True,0.68,True,80886964224.0,17.29,4.02,11.67,4.01,23.26,13.61,15.63,8.35,7.29,1.12,0.99,2.9,2.51,2.42,69.31,22.9,13.87,6.35,0.64,79.71,18.16,32.33,44.66,15.2,-16.6,6.3,37.89,37.94,-27.6,32.2,-7.1,32.33,44.66,-22.48,2.03,-5.3,-3.02,-0.12,274181630.0,25.83,39.03,58.99,7.5,2.7,True,8,,34.3,10.2,True,2023,1.2,0.65,0.05,37.22999954223633,False,False,False,10.853761754431092,20.412074525268796,29.45114611449505,21.18233181036174,24.00349860167529,22.707815241129932,15.694945601075032,26.03301265969441,21.292323288516418,21.945073525745837,19.750566173171254,8,True,2.7,-46.9498618962785,-42.808693122972215,n/d,n/d,,,,False,False,,,Em Alta,38.060001373291016,-2.1807719419504545,-17.1783168617175,False,False,False,sem sinal (Em Alta)
CSMG3,BOVA11+SMALL11+DIVO11,BOVA11,Serviços públicos,50.25,47.89,63.63636363636363,,,0.1,,62.99,17.19,34.44,83.56,True,76,Não,,,False,5,8,False,,True,,False,False,True,False,False,True,7,11,True,True,True,False,False,True,True,False,True,True,True,0.9,True,21435125760.0,16.62,2.43,3.87,10.18,14.6,15.68,11.59,14.88,9.03,2.77,3.28,1.22,1.06,,169.21,-21.2,11.72,6.35,0.28,51.64,48.36,31.17,67.45,81.3,-16.2,-1.9,53.1,49.84,-20.9,32.2,32.0,41.91,67.45,16.62,2.03,75.2,-2.83,1.58,227087939.0,68.14,102.53,154.3,7.3,6.6,True,6,,10.5,5.7,True,,0.89,0.48,0.1,56.529998779296875,False,False,False,41.85843141527813,61.392366075741265,36.28078541792018,42.19408647542478,,33.8014680094549,9.251600281569646,52.64894945569511,44.69601447491906,42.02625894535146,37.82363305081631,6,True,6.6,-33.091042158896066,-20.933990022854566,n/d,n/d,,,,False,False,,,Lateral,57.25,-1.2576440536299138,-16.64700820750513,False,False,False,sem sinal (Lateral)
SBFG3,SMALL11,SMALL11,Consumo discricionário,50.24,47.88,63.63636363636363,,,0.9,,40.93,86.11,27.7,23.97,False,77,Não,,,False,2,8,False,,True,,False,True,True,True,True,False,7,11,False,False,False,False,True,False,True,False,False,True,False,0.87,True,1863765120.0,4.45,0.58,6.71,2.71,13.07,10.92,8.98,5.0,3.92,3.49,5.35,1.62,1.0,0.39,12.07,185.0,3.67,4.63,0.8,67.87,32.13,7.96,14.95,1.5,-46.0,-18.2,11.52,11.35,-46.8,42.5,-32.9,7.96,14.81,-48.28,2.68,-28.2,-4.22,-0.94,21959537.0,3.29,5.68,9.81,-7.1,16.2,False,6,,7.3,8.2,False,2024,1.61,0.66,0.06,8.079999923706055,False,False,False,1.5944958261465467,2.9986808601401185,24.834505021032015,23.856603547860686,25.792899915931475,6.711578926241297,18.293082131003082,14.81301556434524,,,,6,False,16.2,,,n/d,n/d,,,,False,False,,,Lateral,9.109999656677246,-11.306254355522894,-47.13614706909344,False,False,False,sem sinal (Lateral)
SBSP3,BOVA11+AUVP11,BOVA11,Serviços públicos,50.1,49.31,54.54545454545455,,,0.1,,69.95,30.0,40.4,22.6,True,78,Não,Bandeira de alta,"Bandeira de alta (pré-confirmação) — pescoço R$27.32, preço 0.1% abaixo do pescoço; falta fechar acima e segurar",True,7,8,False,,True,,False,False,True,False,False,True,6,11,True,True,True,True,False,True,True,True,True,True,True,0.76,True,96038158336.0,11.97,2.13,2.48,2.57,17.8,17.28,12.72,19.67,8.6,2.25,2.43,1.47,1.14,0.97,30.75,-33.9,11.32,7.77,0.3,59.31,40.69,23.12,35.21,18.1,-22.4,-2.7,27.4,27.74,-33.8,27.3,3.3,23.31,35.21,-12.08,1.72,-0.6,-2.39,0.1,596663624.0,21.87,31.05,44.09,5.0,6.7,True,6,,20.0,5.4,True,2024,1.1,0.71,0.07,27.309999465942383,False,False,False,5.102375982206957,9.59575870202147,31.20554012331789,25.655239528919925,33.98442101989935,11.734555368878238,24.204690263424148,27.309999465942383,25.682407628396987,26.482619497431152,23.834357547688036,6,True,6.7,-12.726627558483594,-5.959691942049005,n/d,n/d,,,,False,False,,,Lateral,27.290000915527344,0.0732816040458939,-22.673993849046525,False,False,False,sem sinal (Lateral) · ⚡ cruzamento de médias (MM21>MM30) hoje
EGIE3,BOVA11,BOVA11,Serviços públicos,49.95,50.74,45.45454545454545,,,0.1,,77.59,22.95,19.63,61.64,True,79,Não,Bandeira de alta,"Bandeira de alta (pré-confirmação) — pescoço R$30.79, preço 1.3% abaixo do pescoço; falta fechar acima e segurar",False,6,8,False,,True,,False,False,True,False,True,False,5,11,True,True,True,True,True,False,True,False,True,True,True,1.43,True,43043835904.0,10.87,2.87,2.97,6.54,26.37,32.12,11.59,28.94,9.04,3.56,4.23,1.09,2.06,1.43,71.12,270.0,11.83,6.68,0.19,74.84,23.06,27.05,37.14,12.4,-18.2,-2.6,30.5,30.72,-26.9,26.0,1.0,27.15,37.14,-14.38,1.64,-2.4,-2.48,-0.06,109126336.0,23.8,33.21,46.35,4.2,2.9,True,8,,2.6,14.6,False,,0.94,0.64,0.05,30.389999389648438,False,False,False,14.460275824019494,27.194647759365687,38.238892902071214,25.808705977553323,39.58476979633469,41.78673991916607,21.23217089306471,27.948293911608346,29.53181212289794,27.571470835487016,24.814323751938314,8,True,2.9,-18.3470738719703,-2.823913405680478,n/d,n/d,,,,False,False,,,Em Alta,31.0,-1.9677439043598755,-20.148492826382203,False,False,False,sem sinal (Em Alta)
BRBI11,SMALL11+DIVO11,SMALL11,Produtos financeiros,49.5,54.71,20.0,20.63,,0.4,,32.81,44.15,100.0,89.04,False,80,Não,Bandeira de alta,"Bandeira de alta (pré-confirmação) — pescoço R$14.53, preço 2.1% abaixo do pescoço; falta fechar acima e segurar",False,3,5,False,,True,,False,False,True,,False,False,2,10,True,True,False,,False,,,True,True,True,True,,True,,9.36,1.84,9.7,11.84,19.7,21.77,1.85,0.0,,,,,,,110.87,-22.4,7.0,0.94,0.23,95.52,4.48,11.74,20.71,21.1,-31.3,-3.0,17.68,16.89,-43.3,35.0,-24.2,11.74,20.71,-39.58,2.2,-25.9,-3.31,-0.58,4126303.0,8.02,12.53,19.59,2.8,2.4,True,4,,50.1,67.6,False,,0.99,0.49,0.0,14.220000267028809,False,False,False,12.249851708598086,17.966449172610528,16.20512850943454,16.2533926704368,,7.333333333333334,4.1323077699058075,,13.438690680994123,14.227490109016314,12.804741098114683,4,True,2.4,-9.95259593767811,-5.494441430119156,n/d,n/d,,,,False,False,,,Em Alta,14.520000457763672,-2.066116950943042,-32.84898501684259,False,False,False,sem sinal (Em Alta)
CPLE3,BOVA11+DIVO11,BOVA11,Serviços públicos,49.13,43.36,81.81818181818181,,,0.1,,46.73,29.23,35.39,79.45,True,81,Não,,,False,5,8,False,,True,,False,False,True,True,True,True,9,11,False,True,True,False,True,True,True,False,True,False,True,0.9,True,47484071936.0,15.22,1.98,6.65,9.12,12.99,9.34,9.82,11.41,9.67,2.97,4.16,1.3,0.98,0.3,138.84,50.0,15.05,5.45,0.3,61.78,38.29,10.61,16.67,50.7,-4.1,7.1,14.29,13.78,-17.9,25.8,33.7,11.94,16.67,18.32,1.63,29.1,-2.68,1.16,291783854.0,17.18,23.92,33.31,6.7,3.8,True,8,,8.3,15.3,False,2023,1.12,0.76,0.04,15.989999771118164,False,False,False,10.60827763870993,19.95040601086416,14.369377947001185,13.81655579739487,31.517739364884683,8.309775831960696,12.943284965845978,13.435960922488942,15.618922309893806,13.626258359941906,12.263632523947715,8,True,3.8,-23.30436085372044,-2.3206845937209675,n/d,n/d,,,,False,False,,,Em Alta,16.139999389648438,-0.9293657013796253,-5.226457707724375,False,False,False,sem sinal (Em Alta)
ASAI3,BOVA11+SMALL11,BOVA11,Bens de primeira necessidade,48.9,49.51,45.45454545454545,,,0.0,,63.95,59.53,24.78,8.9,True,82,Não,Fundo duplo,"Fundo duplo (pré-confirmação) — pescoço R$9.00, preço 14.0% acima do pescoço; falta fechar acima e segurar",False,5,8,False,,True,,False,False,True,False,True,False,5,11,True,True,True,False,True,False,True,False,False,True,True,3.56,False,13703944192.0,14.4,2.19,1.02,0.83,15.21,17.56,21.18,1.24,3.03,3.72,2.41,1.12,4.25,1.08,11.99,123.2,10.71,6.76,0.42,88.39,11.61,7.01,10.43,46.4,-1.6,19.1,8.61,8.63,-32.8,47.9,42.8,7.04,10.26,27.42,3.02,-17.1,-4.48,0.06,111935590.0,5.85,10.8,19.92,6.4,16.3,False,4,,12.3,4.7,True,,1.7,0.62,-0.03,10.260000228881836,False,False,False,0.62133765089491,1.168515646683008,9.745161507719304,8.666332071303422,10.130966371824778,2.5704875840601664,8.042112178987537,,,,,4,False,16.3,,,n/d,n/d,,,,False,False,,,Em Alta,10.100000381469727,1.5841568452379162,-3.1889486611723528,False,False,False,sem sinal (Em Alta)
BEEF3,BOVA11+SMALL11,BOVA11,Bens de primeira necessidade,48.73,54.12,18.181818181818183,,,0.0,,66.77,60.63,27.8,33.56,True,83,Não,Bandeira de alta,"Bandeira de alta (pré-confirmação) — pescoço R$4.19, preço 4.9% abaixo do pescoço; falta fechar acima e segurar",False,5,8,False,,False,,False,False,True,False,False,False,2,11,True,True,True,False,False,True,True,False,False,True,True,9.15,False,3947034880.0,8.68,2.52,4.91,3.38,29.04,144.02,16.55,0.8,3.81,2.98,2.48,1.43,13.46,0.58,29.36,-57.5,6.56,5.34,0.65,95.87,2.86,3.04,7.18,30.9,-44.6,6.1,4.32,4.86,-57.7,43.1,-25.3,3.04,6.25,-40.68,2.71,-44.3,-4.87,-1.21,88762008.0,1.41,2.47,4.31,2.0,13.9,False,5,,21.0,60.9,False,2023,0.83,0.33,0.01,3.9800000190734863,False,False,False,0.9791689039161753,1.8414692612359038,6.271443466950936,4.036585912743447,8.428983031676234,3.760485277130923,5.649032285136562,13.601495721923573,,,,5,False,13.9,,,n/d,n/d,,,,False,False,,,Em Alta,4.130000114440918,-3.631963467578192,-45.58988593747301,False,False,False,sem sinal (Em Alta)
GOAU4,BOVA11+SMALL11,BOVA11,Materiais,48.68,50.85,36.36363636363637,,,1.0,,29.47,73.13,59.91,73.29,False,84,Não,Bandeira de alta,"Bandeira de alta (pré-confirmação) — pescoço R$11.64, preço 1.9% abaixo do pescoço; falta fechar acima e segurar",False,4,8,False,,True,,False,False,False,True,True,False,4,11,False,False,True,False,True,True,True,False,False,True,True,0.5,True,15105096704.0,19.01,0.79,3.36,8.58,4.13,12.06,10.0,1.14,2.16,0.99,1.35,2.88,0.28,0.26,163.02,73.2,5.63,5.06,1.04,34.12,23.4,6.66,11.63,71.6,-1.8,11.2,9.35,9.14,-25.3,28.8,31.3,7.68,11.63,15.92,1.82,54.2,-2.64,1.55,111671791.0,13.59,19.64,28.39,8.1,6.3,True,7,,-5.4,4.2,False,,0.93,0.56,0.07,11.420000076293945,False,False,False,7.1224537816412585,13.394808240957593,8.216524464795494,13.978248656423293,18.022093755329742,6.1112762116739185,7.401073168855413,38.63645655850626,10.606639754239533,8.216524464795494,7.394872018315945,7,True,6.3,-35.24630500076361,-7.122244453770332,n/d,n/d,,,,False,False,,,Em Alta,11.630000114440918,-1.8056752887406824,-2.3931601498784816,False,False,False,sem sinal (Em Alta)
IRBR3,SMALL11+Carteira,SMALL11,Insurance,47.78,47.39,50.0,,2.87,0.3,,17.01,68.54,100.0,26.03,False,85,Fundo duplo,,,False,1,6,False,,False,,False,,False,,False,True,4,8,False,False,False,,False,,True,False,True,False,True,,True,5032465408.0,-34.5,0.95,2.54,2.91,-2.76,2.79,0.0,4.89,,,,,,,,-23.0,7.08,2.3,,66.23,33.77,44.77,62.39,38.5,-0.6,15.1,52.25,52.43,-21.4,31.9,21.9,49.05,62.39,6.52,2.01,11.1,-2.79,0.75,49268098.0,57.25,85.98,129.12,,2.0,True,3,,,-14.5,,2024,1.05,0.57,0.05,62.0,False,False,False,13.130247289171328,19.257696024117948,,,,26.3277,,,19.57188110442976,19.257696024117948,17.331926421706154,3,True,2.0,-72.04527996499007,-68.4324498315649,2026-11-12,2026-07-01,última,,Fundo duplo,False,True,57.62,7.6,Em Alta,62.31999969482422,-0.5134783318216152,-4.208589245791538,False,True,False,Fundo duplo — rompeu pescoço ~R$57.45 (candidato)
ANIM3,SMALL11,SMALL11,Consumo discricionário,47.75,48.15,45.45454545454545,,,0.9,,44.09,70.16,24.06,59.59,False,86,Não,Bandeira de alta,"Bandeira de alta (pré-confirmação) — pescoço R$2.93, preço 2.0% abaixo do pescoço; falta fechar acima e segurar",False,4,8,False,,False,,False,False,False,False,True,True,5,11,True,False,True,False,True,False,True,False,False,False,False,1.75,False,1084458752.0,7.53,0.48,2.71,6.45,6.36,-2.07,14.6,3.71,3.21,3.35,3.15,1.49,2.02,2.3,48.55,205.2,3.83,6.53,0.35,72.15,22.61,1.93,5.17,48.7,-44.5,1.2,3.38,3.46,-62.7,68.5,-11.1,1.93,5.17,-26.48,4.32,-36.0,-5.79,-0.1,22787578.0,0.96,2.4,6.03,0.4,5.3,True,6,,4.1,5.8,False,,2.01,0.51,0.08,2.869999885559082,False,False,False,1.345726686022476,1.8238082687801844,3.7567000513598856,7.160692621468647,3.7045619074909815,1.338702032813547,1.8349308892833271,,2.3007383059584003,1.8293695790317557,1.6464326211285802,6,True,5.3,-42.63300742927202,-19.834899034840493,n/d,n/d,,,,False,False,,,Em Alta,3.049999952316284,-5.901641625289322,-45.73114398770257,False,False,False,sem sinal (Em Alta)
SMTO3,SMALL11,SMALL11,Bens de primeira necessidade,47.68,51.28,27.272727272727273,,,0.0,,44.39,73.81,47.11,34.25,True,87,Não,Bandeira de alta,"Bandeira de alta (pré-confirmação) — pescoço R$20.58, preço 7.8% abaixo do pescoço; falta fechar acima e segurar",False,3,8,False,,True,,False,False,True,False,False,False,3,11,False,True,False,False,False,True,True,False,True,True,True,0.99,True,6126236672.0,7.78,0.86,1.14,3.4,11.0,14.59,6.36,11.43,3.83,2.38,5.13,3.16,1.65,0.96,26.42,-39.3,9.83,3.45,0.45,68.55,31.45,12.82,21.21,48.1,-10.5,14.2,15.9,16.19,-34.0,44.3,30.1,13.89,21.21,14.72,2.79,-3.9,-4.2,0.12,45689851.0,11.9,20.86,36.57,0.8,9.6,False,6,,3.9,3.8,True,2025,0.62,0.24,0.04,18.979999542236328,False,False,False,4.687594157578621,8.81570127054302,33.367276747276726,34.8055445222289,28.03011854505638,11.045096955313698,19.27279388531307,44.810550078432996,,,,6,False,9.6,,,n/d,n/d,,,,False,False,,,Em Alta,21.209999084472656,-10.513906829297593,-11.29665243260809,False,False,False,sem sinal (Em Alta)
FESA4,SMALL11,SMALL11,Materiais,47.47,51.03,27.272727272727273,,,1.0,,27.63,68.97,72.16,69.18,False,88,Não,Bandeira de alta,"Bandeira de alta (pré-confirmação) — pescoço R$5.73, preço 1.9% abaixo do pescoço; falta fechar acima e segurar",False,2,8,False,,True,,False,False,False,True,False,False,3,11,False,False,False,False,False,True,True,False,False,True,True,-0.12,True,1904435840.0,13.46,0.6,11.55,8.07,4.49,15.62,3.69,6.78,3.85,-3.62,-9.04,3.61,0.12,,108.64,-76.0,4.01,-1.74,1.53,26.31,73.65,4.8,8.69,17.1,-35.3,-6.7,6.78,6.73,-44.8,36.6,-17.4,4.8,8.69,-32.78,2.31,-19.0,-3.42,-0.38,9109059.0,3.28,5.25,8.42,5.9,8.3,False,6,,-9.4,4.4,False,,1.18,0.56,-0.02,5.619999885559082,False,False,False,3.2989320508284825,4.838433674548442,4.453689854826414,9.380573931959253,,5.225440763076465,1.1356909129807355,6.455561119373973,,,,6,False,8.3,,,n/d,n/d,,,,False,False,,,Lateral,5.889999866485596,-4.58404052711151,-36.853931163570586,False,False,False,sem sinal (Lateral)
PRIO3,BOVA11,BOVA11,Energia,46.86,44.54,60.0,,,0.9,,59.07,42.06,34.47,5.48,False,89,Não,Bandeira de alta,"Bandeira de alta (pré-confirmação) — pescoço R$65.02, preço 2.7% abaixo do pescoço; falta fechar acima e segurar",False,3,8,False,,True,,False,,True,True,True,False,6,10,False,False,False,True,True,False,True,False,True,True,True,0.77,True,50433175552.0,14.26,1.96,0.0,0.18,13.71,30.11,10.92,18.11,5.96,1.73,2.17,1.34,0.9,1.07,2.53,189.4,6.95,6.59,0.25,59.83,40.17,34.2,72.1,84.9,-12.3,4.0,55.57,52.6,-27.7,35.3,51.4,40.82,72.1,36.02,2.22,61.3,-3.3,1.23,484079732.0,66.76,105.04,165.28,6.3,74.3,False,5,,34.8,8.5,True,2023,0.12,0.06,-0.01,63.2400016784668,False,False,False,0.8161405065616061,1.5348706945981172,60.65638309657042,56.74078415180346,60.04929605723158,2.1202545677313958,49.990509371977964,20.977249957834236,,,,5,False,74.3,,,n/d,n/d,,,,False,False,,,Em Alta,65.68000030517578,-3.7149796214551833,-13.346123911271967,False,False,False,sem sinal (Em Alta)
ECOR3,SMALL11,SMALL11,Bens Industriais,46.68,42.08,72.72727272727273,,,0.7,,47.82,51.35,28.02,21.23,False,90,Bandeira de alta,,,False,2,8,False,,True,,False,True,True,False,False,True,8,11,False,True,False,False,False,False,True,False,False,True,False,5.91,False,5752787968.0,10.54,1.4,3.66,2.53,13.28,19.86,11.52,4.59,5.32,4.62,5.52,2.52,6.64,1.08,26.63,-89.7,13.34,6.86,0.19,88.21,11.06,5.87,11.74,40.9,-29.6,12.0,8.01,8.48,-50.0,43.9,-18.4,5.87,11.74,-33.78,2.77,-21.5,-3.96,0.05,52812002.0,5.01,8.81,15.48,3.9,10.1,False,5,,23.9,16.7,True,2023,1.85,0.74,0.06,8.270000457763672,False,False,False,1.5194415333784737,2.857530367611775,10.731713882878731,10.2120391094477,9.627580136052385,1.8637997626606746,7.027241016806602,15.395722659235538,,,,5,False,10.1,,,n/d,n/d,,,Bandeira de alta,False,False,,,Em Alta,8.220000267028809,0.608274806698228,-30.69436199672747,False,True,False,"Bandeira de alta — mastro +38%, recuo 12%, bandeira 7d (candidato)"
SAUD3,DIVO11+AUVP11,SMALL11,Healthcare,46.2,43.12,63.63636363636363,,,0.2,,49.63,8.2,65.97,55.48,True,91,Não,Fundo duplo,"Fundo duplo (pré-confirmação) — pescoço R$13.72, preço 5.9% acima do pescoço; falta fechar acima e segurar",False,6,8,False,,True,,False,False,False,True,False,True,7,11,False,True,True,False,True,True,True,True,True,True,True,-0.69,True,42477981696.0,40.31,2.27,0.85,6.04,5.63,39.67,4.59,9.86,22.34,-7.41,-18.52,1.06,0.01,,243.59,-19.6,9.02,5.03,0.66,34.2,65.77,10.45,16.09,39.0,-9.7,2.2,13.11,13.15,-21.2,35.9,30.4,10.45,16.09,15.02,2.26,8.2,-2.81,0.14,97568119.0,10.37,16.42,26.01,11.0,14.8,False,6,,9.3,6.1,True,2023,0.81,0.39,0.01,14.529999732971191,False,False,False,6.385673611949319,9.365654630859003,3.8448688617801876,7.205058937479283,,14.516166036785778,0.980441559753948,6.285246563551434,,,,6,False,14.8,,,n/d,n/d,,,,False,False,,,Lateral,15.5,-6.258066238895543,-11.829017873259462,False,False,False,sem sinal (Lateral)
ALOS3,BOVA11+SMALL11+DIVO11,BOVA11,Imobiliário,46.07,41.37,72.72727272727273,,,0.8,,49.07,33.83,24.71,58.9,False,92,Fundo duplo,,,False,3,8,False,,True,,False,True,False,True,True,True,8,11,False,False,False,True,True,False,True,False,True,False,False,0.56,True,14439074816.0,15.58,1.13,10.84,6.37,7.27,9.51,6.39,31.4,5.5,3.4,7.32,0.72,0.56,313.41,99.32,60.8,14.8,3.66,0.27,46.56,50.55,21.37,32.08,35.1,-10.0,6.4,26.79,26.69,-21.8,26.1,9.7,25.09,32.08,-5.68,1.64,16.0,-2.22,0.67,135849327.0,27.27,38.12,53.28,6.9,11.7,False,6,,37.0,4.4,True,2023,1.2,0.81,0.08,28.8700008392334,False,False,False,13.384334717176678,13.439577402784858,13.532108425413506,32.63736640652469,11.904349906571154,24.65136601744376,5.099159856223514,59.496263432946584,,,,6,False,11.7,,,n/d,n/d,,,Fundo duplo,False,False,,,Em Alta,29.219999313354492,-1.1978045254817382,-10.969144881851934,False,True,False,Fundo duplo — rompeu pescoço ~R$28.07 (candidato)
GGBR4,BOVA11,BOVA11,Materiais,46.06,47.77,36.36363636363637,,,1.0,,33.0,57.94,59.63,65.07,False,93,Não,Bandeira de alta,"Bandeira de alta (pré-confirmação) — pescoço R$26.00, preço 2.6% abaixo do pescoço; falta fechar acima e segurar",False,4,8,False,,True,,False,False,False,True,True,False,4,11,False,False,True,False,True,True,True,False,False,True,True,0.18,True,49712070656.0,22.41,0.94,3.15,7.05,4.18,12.63,10.03,3.22,5.42,0.97,1.33,2.87,0.28,0.3,157.99,73.5,8.99,5.03,1.04,34.14,65.6,15.69,26.1,61.5,-2.9,8.3,21.15,20.84,-26.3,28.4,26.4,17.08,26.1,11.02,1.79,44.7,-2.53,1.35,271582763.0,28.51,40.99,58.94,8.9,2.9,True,8,,-5.4,4.2,False,2025,0.88,0.54,0.03,25.34000015258789,False,False,False,12.99225019054315,24.433812455118243,15.465676418501625,26.18864430850304,33.92235629529838,11.693289039877385,13.930780985269202,22.718944026898072,20.168219215001137,19.092310222699847,17.183079200429862,8,True,2.9,-32.18990095911657,-20.409553695517936,n/d,n/d,,,,False,False,,,Em Alta,26.100000381469727,-2.911878229018783,-3.466666085379466,False,False,False,sem sinal (Em Alta)
QUAL3,SMALL11,SMALL11,Cuidados de saúde,45.58,50.41,18.181818181818183,,,0.2,,52.0,73.32,37.25,12.33,True,94,Não,,,False,5,8,False,,False,,False,False,False,True,True,False,2,11,True,False,True,False,True,True,False,True,False,False,True,0.59,True,466737952.0,17.97,0.35,0.54,1.25,1.96,0.44,22.61,1.9,1.49,2.45,1.49,0.58,0.89,11.82,22.47,60.1,3.37,5.32,0.47,66.78,32.76,1.39,2.71,18.7,-39.0,-0.4,2.0,2.01,-48.6,59.5,-28.2,1.39,2.62,-43.58,3.75,-16.1,-5.67,-0.2,5695361.0,0.66,1.41,3.02,7.8,20.8,False,6,,-9.9,-7.5,False,,1.91,0.56,0.1,1.649999976158142,False,False,False,0.15002246583180828,0.17122650098696035,0.7621629710926578,3.120808615633666,0.254327368299581,0.5414473696340204,0.33905233350974157,,,,,6,False,20.8,,,n/d,n/d,,,,False,False,,,Lateral,1.649999976158142,0.0,-41.19261562833023,False,False,False,sem sinal (Lateral)
OPCT3,SMALL11,SMALL11,Bens Industriais,45.38,41.03,70.0,,,0.7,,60.1,19.19,40.46,10.96,False,95,Não,,,False,6,8,False,,False,,False,,True,False,True,True,7,10,True,True,True,False,True,True,True,False,False,False,True,0.66,True,4422399488.0,26.35,4.27,0.44,0.98,16.21,1.49,14.93,6.99,7.48,2.17,2.0,2.22,1.92,2.19,25.72,486.7,21.18,8.23,0.53,70.86,29.16,7.24,11.4,28.7,-18.2,-10.7,9.41,9.29,-18.2,33.0,13.6,8.2,11.4,-1.78,2.08,32.0,-2.89,0.52,11544603.0,7.85,12.0,18.37,9.6,9.9,False,6,,21.1,24.0,False,2025,0.93,0.49,0.03,9.319999694824219,False,False,False,0.6617265227036097,1.2444727830200142,4.837705662735469,4.167761993128606,4.603877398806723,1.8069822945881941,3.6875519629452254,6.583549574953723,,,,6,False,9.9,,,n/d,n/d,,,,False,False,,,Lateral,11.359999656677246,-17.957746685792763,-20.409908928582333,False,False,False,sem sinal (Lateral)
RANI3,SMALL11+DIVO11,SMALL11,Materiais,45.31,48.49,27.272727272727273,,,1.0,,48.05,46.69,36.93,78.08,False,96,Não,,,False,3,8,False,,True,,False,False,False,False,False,False,3,11,False,True,True,False,False,False,True,False,False,True,True,0.8,True,1845614848.0,14.33,1.29,5.0,9.02,9.03,25.63,11.69,7.65,5.12,2.42,2.84,2.1,1.38,,129.21,-70.2,5.67,4.4,0.56,63.24,36.76,7.56,9.51,6.5,-15.4,2.3,8.17,8.29,-20.5,23.3,-3.4,7.56,9.51,-18.78,1.47,-1.4,-2.17,-0.36,5137736.0,6.13,8.27,11.14,6.3,5.8,True,6,,-0.0,8.4,False,,0.62,0.46,0.04,8.050000190734863,False,False,False,5.278704775746772,7.742100337761932,5.992091325971519,8.881149880095608,,4.907844434247283,1.5279832881227375,7.573510571026626,6.729233554141623,6.782800948499073,6.1045208536491655,6,True,5.8,-24.167444608570875,-16.407038575146558,n/d,n/d,,,,False,False,,,Lateral,8.010000228881836,0.49937528976340406,-17.039365615930045,False,False,False,sem sinal (Lateral)
RENT3,BOVA11,BOVA11,Bens Industriais,44.36,42.56,54.54545454545455,,,0.7,,52.69,46.33,18.88,34.93,False,97,Não,Bandeira de alta,"Bandeira de alta (pré-confirmação) — pescoço R$36.32, preço 0.3% abaixo do pescoço; falta fechar acima e segurar",True,2,8,False,,True,,False,False,True,False,True,True,6,11,False,True,False,False,False,False,True,False,False,False,False,1.34,True,39987060736.0,11.89,1.5,5.66,3.47,12.63,7.58,12.27,7.39,5.11,4.1,4.6,1.14,1.71,1.6,41.28,24.5,8.05,6.27,0.33,70.15,29.84,32.03,51.57,13.0,-29.8,-8.3,41.52,41.75,-37.9,39.0,-14.6,32.03,51.57,-29.98,2.45,-9.9,-3.51,-0.15,328457368.0,22.05,36.34,59.87,4.9,7.1,True,7,,32.9,12.1,True,,1.75,0.79,0.11,36.20000076293945,False,False,False,9.141223559080146,17.191397854657176,41.64193364846123,40.65961685884218,33.149330674835,50.432530270138,22.731234773634522,65.28864698695624,38.72781300964633,40.65961685884218,36.59365517295796,7,True,7.1,1.0874430986794748,6.982906611689299,n/d,n/d,,,,False,False,,,Lateral,36.849998474121094,-1.7639015959203364,-31.293138818793253,False,False,False,sem sinal (Lateral) · ⚡ cruzamento de médias (MM21>MM30) hoje
RADL3,BOVA11,BOVA11,Bens de primeira necessidade,44.31,42.5,54.54545454545455,,,0.0,,62.1,18.67,42.23,14.38,True,98,Bandeira de alta,,,False,6,8,False,,True,,False,False,True,False,True,True,6,11,True,True,True,False,True,True,True,False,False,True,True,1.09,True,35372888064.0,26.41,4.86,2.17,1.45,18.41,18.18,16.71,2.88,7.54,2.06,1.69,1.41,1.18,2.32,38.18,14.4,17.29,7.8,0.84,70.85,29.09,16.14,26.71,25.3,-24.3,8.3,20.25,20.8,-39.6,36.4,-13.7,16.14,26.71,-29.08,2.3,2.3,-3.52,0.23,161826577.0,14.82,23.65,37.74,9.6,6.5,True,7,,15.0,13.8,True,,1.23,0.59,0.15,20.229999542236328,False,False,False,2.1270556015840634,4.000236824914545,10.476871915462377,8.470027039520348,9.825064463509156,7.660489231736338,7.662804962096184,13.846731927766836,8.848889480715112,8.470027039520348,7.623024335568314,7,True,6.5,-62.31821795322876,-56.25857794885096,n/d,n/d,,,Bandeira de alta,False,False,,,Em Alta,20.420000076293945,-0.9304629448958379,-25.425336734446535,False,True,False,"Bandeira de alta — mastro +24%, recuo 28%, bandeira 7d (candidato)"
VALE3,BOVA11+DIVO11+Wishlist,BOVA11,Materiais,44.11,48.69,18.181818181818183,,,1.0,,48.31,38.45,43.87,85.62,False,99,Não,,,False,4,8,False,,True,,False,False,False,True,False,False,2,11,True,False,True,False,False,True,True,False,False,True,True,0.41,True,312245321728.0,31.41,1.66,7.65,10.47,5.27,24.52,18.11,4.76,4.36,1.04,0.79,1.19,0.55,,328.78,-43.5,8.9,7.92,0.39,60.3,38.73,52.69,87.63,39.3,-16.3,-4.0,75.64,72.72,-20.2,26.2,4.2,69.97,87.63,-11.18,1.65,36.9,-2.69,0.87,1713419313.0,73.07,102.31,143.24,10.2,13.6,False,6,,-4.3,0.9,False,,0.84,0.56,-0.09,73.37000274658203,False,False,False,55.853289694079514,81.91815821798329,24.916057390328188,48.19719704663841,,43.0,6.353594634533688,86.6161599045342,,,,6,False,13.6,,,2026-10-29,2026-08-12,última,,,True,False,,,Lateral,80.80000305175781,-9.195544584839144,-17.67212093240437,False,False,False,sem sinal (Lateral)
MOVI3,SMALL11,SMALL11,Bens Industriais,43.82,46.74,27.272727272727273,,,0.7,,46.52,70.85,13.09,54.79,False,100,Não,Bandeira de alta,"Bandeira de alta (pré-confirmação) — pescoço R$7.99, preço 1.2% abaixo do pescoço; falta fechar acima e segurar",False,5,8,False,,False,,False,False,True,False,True,False,3,11,True,True,True,False,True,False,True,False,False,False,False,5.54,False,3164176384.0,7.34,0.81,8.24,5.83,11.08,3.58,13.78,2.89,3.62,3.65,3.64,0.68,6.43,1.16,42.79,97.0,3.51,6.78,0.22,91.5,8.5,6.5,14.83,21.4,-46.8,-11.1,9.57,9.96,-56.2,62.4,-20.3,6.5,14.83,-35.68,3.93,-15.2,-5.96,0.08,45355833.0,3.54,7.86,17.44,0.1,4.6,True,6,,16.4,8.8,True,,2.37,0.66,0.13,7.889999866485596,False,False,False,3.345344067364753,6.2914051331408105,14.702293853343992,15.348916218546153,13.080436357910093,15.042046123431499,7.284527204216546,,11.958270815098182,13.891365105627042,12.502228595064338,6,True,4.6,58.456638867259514,51.562370309959164,n/d,n/d,,,,False,False,,,Em Alta,8.210000038146973,-3.8976878218578204,-47.29459101037429,False,False,False,sem sinal (Em Alta)
BBAS3,BOVA11+DIVO11+Carteira,BOVA11,Produtos financeiros,43.5,47.25,22.22222222222222,14.56,,0.4,,37.76,51.32,50.86,72.6,False,101,Bandeira de alta,,,False,2,6,False,,True,,False,False,False,,False,False,2,9,False,False,False,,False,,True,True,True,True,True,,True,132445863936.0,9.18,0.73,2.97,8.48,7.99,14.73,0.0,21.83,,,,,,5.2,77.88,-13.8,5.31,0.79,,92.12,7.71,17.71,27.18,31.0,-14.6,13.9,21.26,21.63,-34.8,28.6,9.5,17.71,27.18,-5.88,1.8,-17.1,-2.81,-0.1,750334434.0,17.19,24.82,35.84,2.6,1.5,True,4,,6.1,1.6,True,,1.2,0.73,-0.03,23.200000762939453,False,False,False,14.315091490257037,16.71626000218663,21.462860817431586,42.51052686777219,25.907125540374807,15.62298906346279,9.73210685574547,,17.029300343334512,16.16962453282471,14.55266207954224,4,True,1.5,-37.27301034063238,-26.597845761549486,2026-11-11,2026-09-02,última,,Bandeira de alta,False,True,22.29,4.08,Em Alta,22.799999237060547,1.7543927160695638,-15.346337967801615,False,True,False,"Bandeira de alta — mastro +28%, recuo 11%, bandeira 7d (candidato)"
SLCE3,SMALL11,SMALL11,Bens de primeira necessidade,43.11,45.9,27.272727272727273,,,0.0,,51.59,35.0,37.49,64.38,True,102,Não,Fundo duplo,"Fundo duplo (pré-confirmação) — pescoço R$14.02, preço 26.1% acima do pescoço; falta fechar acima e segurar",False,2,8,False,,True,,False,False,False,False,True,False,3,11,False,False,False,False,True,False,True,False,False,True,True,1.87,True,8768578560.0,22.7,1.63,4.55,7.05,7.16,17.38,10.84,4.41,6.88,4.42,5.6,2.2,1.82,0.94,160.02,24.2,12.05,6.41,0.63,73.5,23.57,12.62,19.32,40.1,-8.5,17.5,14.62,15.21,-34.7,25.7,19.5,12.62,19.32,4.12,1.62,0.2,-2.35,0.42,70557373.0,15.76,21.88,30.39,9.0,2.6,True,8,,0.8,25.1,False,,0.5,0.34,-0.0,17.68000030517578,False,False,False,9.0643821019926,17.046886340198984,10.65272151398967,13.78690542472023,23.365639169835834,9.17819432070187,9.595489152412583,10.000699966547074,12.836364748799856,10.326710740268371,9.294039666241535,8,True,2.6,-47.431903247644605,-27.396128239646934,n/d,n/d,,,,False,False,,,Em Alta,18.43000030517578,-4.069451913082034,-9.240242707181833,False,False,False,sem sinal (Em Alta)
SUZB3,BOVA11,BOVA11,Materiais,42.61,46.92,18.181818181818183,,,1.0,,51.27,60.07,29.78,28.77,False,103,Não,Fundo duplo,"Fundo duplo (pré-confirmação) — pescoço R$43.32, preço 10.8% acima do pescoço; falta fechar acima e segurar",False,5,8,False,,False,,False,False,True,False,False,False,2,11,True,True,False,True,False,False,True,True,True,True,False,1.68,False,59102601216.0,7.43,1.22,0.01,3.06,16.44,27.73,5.54,17.08,6.48,3.68,9.14,3.38,1.99,0.59,22.76,-64.0,6.6,3.15,0.57,73.83,26.09,39.68,58.97,20.9,-18.6,11.8,47.32,47.28,-32.7,27.8,-7.5,39.68,58.97,-22.88,1.75,-12.7,-2.42,-0.46,346207963.0,32.82,46.66,66.32,0.3,9.5,False,6,,0.2,5.7,False,2025,0.44,0.28,-0.01,47.9900016784668,False,False,False,10.690549351108256,20.105129908697137,88.34177359297495,75.60799160906349,101.80314928491974,15.95525560189595,70.06060642736573,21.900009466318714,,,,6,False,9.5,,,n/d,n/d,,,,False,False,,,Em Alta,48.099998474121094,-0.22868357410339435,-19.53918851603231,False,False,False,sem sinal (Em Alta)
AXIA3,BOVA11+Carteira,BOVA11,Serviços públicos,42.06,38.25,63.63636363636363,,,0.1,,39.09,25.11,49.31,45.21,True,104,Não,Bandeira de alta,"Bandeira de alta (pré-confirmação) — pescoço R$55.22, preço 2.6% abaixo do pescoço; falta fechar acima e segurar",False,3,8,False,,True,,False,False,False,True,True,True,7,11,False,False,False,True,False,True,True,False,True,False,True,0.54,True,123453562880.0,12.83,1.27,2.82,4.28,9.86,5.35,3.25,27.05,15.46,2.95,7.36,2.05,0.63,2.88,54.87,9.7,9.24,3.03,0.39,57.63,42.34,44.9,67.15,19.8,-19.9,0.2,54.34,55.49,-27.0,37.7,7.6,49.43,67.15,-7.78,2.38,13.1,-3.11,0.32,643855173.0,38.81,64.51,107.23,5.5,3.8,True,8,,6.6,2.7,True,,1.41,0.65,0.03,53.79999923706055,False,False,False,16.733010838319494,25.840550542426826,47.09562717937422,63.22056021104853,36.59301178777297,26.77702646249352,23.348249488648058,24.30878745346486,32.98960299544356,26.308788502460175,23.677909652214158,8,True,3.8,-55.98901489220943,-38.681034454888206,2026-11-04,2025-11-17,última,,,False,True,59.55,-9.66,Em Alta,56.130001068115234,-4.151081038154924,-20.695751560629628,False,False,False,sem sinal (Em Alta)
NATU3,BOVA11+SMALL11,BOVA11,Bens de primeira necessidade,41.58,45.0,22.22222222222222,,,0.0,P/L=-4.11<2,38.76,65.82,54.51,2.05,True,105,Não,Fundo duplo,"Fundo duplo (pré-confirmação) — pescoço R$8.73, preço 9.0% abaixo do pescoço; falta fechar acima e segurar",False,2,8,False,,False,,,,False,True,False,False,2,9,False,False,False,False,False,True,True,False,False,True,True,0.35,True,10904261632.0,-4.11,0.87,0.0,0.0,-21.11,16.32,10.18,-12.47,4.81,2.58,3.48,1.68,0.54,,,-88.9,8.37,2.55,0.77,55.21,44.79,7.2,10.7,10.3,-25.8,-10.3,8.68,8.78,-30.6,47.6,10.3,7.2,10.7,-5.08,3.0,-13.0,-4.17,-0.26,67848179.0,3.92,7.2,13.23,,1.0,True,1,,18.7,2.6,True,"2023, 2024",1.16,0.43,0.02,7.940000057220459,,False,False,,,,,,,,11.493354939135322,11.493354939135322,11.493354939135322,10.344019445221791,1,True,1.0,30.27732204882254,44.75258005424725,n/d,n/d,,,,False,False,,,Lateral,9.279999732971191,-14.439652093844435,-28.78923471867291,False,False,False,sem sinal (Lateral)
USIM5,BOVA11+SMALL11,BOVA11,Materiais,41.27,45.35,18.181818181818183,,,1.0,P/L=-3.73<2,9.76,89.49,71.0,43.84,False,106,Não,Bandeira de alta,"Bandeira de alta (pré-confirmação) — pescoço R$7.52, preço 8.3% abaixo do pescoço; falta fechar acima e segurar",False,4,8,False,,False,,False,False,False,True,True,False,2,11,False,False,False,False,True,True,True,True,False,False,True,-0.02,True,8493505024.0,-3.73,0.42,0.0,4.14,-11.18,-0.65,4.67,-9.36,3.44,-0.18,-0.44,4.44,0.27,,,301.7,5.19,1.64,1.4,33.58,58.33,4.23,12.04,63.1,-42.7,-18.8,6.63,6.94,-49.6,46.6,15.4,5.98,12.04,0.02,2.94,36.7,-4.59,0.85,81996563.0,5.82,10.55,19.13,,4.7,True,2,,-6.8,1.5,False,2025,0.91,0.34,0.02,6.900000095367432,False,False,False,2.0783835949179283,3.9087020510875874,,,,,,9.801141871578613,2.993542823002758,2.993542823002758,2.6941885407024824,2,True,4.7,-60.95378980485342,-56.61532200539268,n/d,n/d,,,,False,False,,,Lateral,7.809999942779541,-11.651726684753916,-43.3497543309967,False,False,False,sem sinal (Lateral)
FRAS3,SMALL11,SMALL11,Consumo discricionário,41.2,40.45,45.45454545454545,,,0.9,,52.93,17.58,46.44,29.45,False,107,Bandeira de alta,,,False,6,8,False,,True,,False,False,True,False,True,False,5,11,True,False,True,False,True,True,True,True,False,True,True,0.6,True,6536788480.0,22.56,2.62,2.62,3.07,11.62,14.99,15.27,5.39,7.59,1.64,1.48,2.41,1.13,6.29,69.16,155.0,14.62,6.92,0.72,65.64,34.06,18.96,25.01,24.3,-5.7,9.6,22.0,22.29,-24.2,26.8,-1.0,18.96,24.94,-16.38,1.69,4.2,-2.58,-0.07,4489959.0,18.14,25.57,36.06,8.9,2.8,True,8,,21.5,38.5,False,,0.79,0.51,0.09,23.56999969482422,False,False,False,5.2546852088373965,7.362006730483857,10.64553003533171,14.542217727017585,6.947204281842977,8.42080951568329,5.238283849074222,10.429883990807207,8.60507766738478,7.891408123083574,7.102267310775217,8,True,2.8,-69.86734237279258,-63.49139678065254,n/d,n/d,,,Bandeira de alta,False,False,,,Em Alta,23.530000686645508,0.16999153001049372,-6.183633157042722,False,True,False,"Bandeira de alta — mastro +24%, recuo 11%, bandeira 7d (candidato)"
PNVL3,SMALL11,SMALL11,Bens de primeira necessidade,40.88,35.26,72.72727272727273,,,0.0,,35.2,40.49,36.22,20.55,True,108,Não,Bandeira de alta,"Bandeira de alta (pré-confirmação) — pescoço R$13.09, preço 0.2% abaixo do pescoço; falta fechar acima e segurar",False,4,8,False,,True,,False,False,True,False,True,True,8,11,False,True,False,False,True,False,True,True,False,False,True,0.84,True,1952339456.0,14.28,1.49,2.51,2.49,10.45,8.49,9.66,2.33,6.03,4.17,5.94,1.75,1.07,2.12,35.56,17.6,9.04,4.98,0.9,66.54,33.46,8.82,16.07,48.3,-18.7,10.9,11.62,11.79,-35.3,35.3,11.0,10.4,16.07,-4.38,2.23,19.5,-3.01,0.71,8707238.0,11.53,18.13,28.49,6.3,5.7,True,7,,11.4,11.5,False,,1.41,0.7,0.13,13.069999694824219,False,False,False,2.3673438732187155,4.452133800279068,12.51847806678745,13.440319679074877,8.44243363124942,5.720346662824678,6.433813902542849,11.521068033451428,8.932656253744254,8.44243363124942,7.598190268124478,7,True,5.7,-41.86541357660937,-31.655268077155142,n/d,n/d,,,,False,False,,,Em Alta,13.15999984741211,-0.6838917449196513,-19.792717634553412,False,False,False,sem sinal (Em Alta)
ENGI11,BOVA11,BOVA11,Serviços públicos,40.47,41.2,36.36363636363637,,,0.1,,49.66,36.27,23.25,51.37,True,109,Fundo duplo,,,False,3,8,False,,True,,False,False,False,False,True,False,4,11,False,False,True,False,False,False,True,True,False,True,True,2.32,True,15951219712.0,17.29,1.35,2.18,5.38,7.78,17.19,10.25,4.13,6.06,4.32,5.79,1.56,1.99,31.88,93.03,7.9,23.71,4.83,0.34,74.62,23.0,42.54,57.51,22.4,-9.4,7.9,48.01,48.63,-24.1,26.6,11.8,43.67,57.51,-3.58,1.68,0.7,-2.65,0.25,188505527.0,43.85,61.7,86.81,7.5,13.9,False,7,,10.2,5.1,True,,1.31,0.86,0.04,52.08000183105469,False,False,False,20.379520687464026,21.331356743874796,22.929670438412842,51.13259913175006,17.840466605096395,23.124730206336288,9.238478322506651,128.07172253831357,,,,7,False,13.9,,,n/d,n/d,,,Fundo duplo,False,False,,,Em Alta,52.209999084472656,-0.2489891892310525,-11.127642468337463,False,True,False,Fundo duplo — rompeu pescoço ~R$51.55 (candidato)
SMFT3,BOVA11+SMALL11,BOVA11,Consumo discricionário,40.18,37.65,54.54545454545455,,,0.9,,48.35,42.82,13.6,24.66,False,110,Não,,,False,1,8,False,,False,,False,False,True,False,False,True,6,11,False,False,False,False,False,False,True,False,True,False,False,1.83,False,10405341184.0,15.26,1.72,5.94,2.72,11.3,9.4,10.6,8.53,3.87,4.32,5.6,1.2,2.24,2.31,41.57,-6.3,8.46,5.98,0.3,73.66,26.34,16.55,25.93,2.7,-34.4,-8.6,20.01,20.7,-36.2,35.9,-25.2,16.55,23.32,-40.58,2.26,-31.2,-3.28,-1.2,161013440.0,7.51,11.89,18.84,6.8,4.7,True,6,,35.2,29.8,True,2023,1.26,0.62,0.07,17.0,False,False,False,3.3683354645861083,6.334643793076455,15.236967826491354,15.739781173515956,10.389948944773451,12.832174078501925,7.7372899925214735,,11.378467634813434,11.611061511637688,10.44995536047392,6,True,4.7,-38.52967435015341,-33.06783744227392,n/d,n/d,,,,False,False,,,Lateral,17.969999313354492,-5.397881749687283,-35.37723698561699,False,False,False,sem sinal (Lateral)
EMBJ3,BOVA11,BOVA11,Bens Industriais,40.09,33.05,80.0,,,0.7,,42.92,12.34,49.51,7.53,False,111,Não,Bandeira de alta,"Bandeira de alta (pré-confirmação) — pescoço R$99.21, preço 2.1% abaixo do pescoço; falta fechar acima e segurar",False,5,8,False,,False,,False,,True,True,True,True,8,10,False,True,False,False,True,True,True,True,False,False,True,0.14,True,69104762880.0,30.86,4.01,1.01,0.71,13.01,5.09,9.61,5.28,11.74,0.52,0.75,1.44,0.69,3.04,22.01,113.9,17.19,3.7,0.82,70.5,26.66,68.4,103.57,41.9,-6.3,16.0,83.79,84.76,-34.0,37.7,10.0,68.4,103.57,-5.38,2.37,33.3,-3.25,0.48,474980967.0,76.38,124.44,202.73,10.2,9.3,False,6,,18.6,18.5,True,,0.75,0.35,0.0,97.08000183105469,False,False,False,5.035104154274297,9.469244264328758,43.02669786169296,41.39528602418519,34.16338884485255,17.638666824283543,28.985394797933594,46.70675095759224,,,,6,False,9.3,,,n/d,n/d,,,,False,False,,,Lateral,97.61000061035156,-0.5429758999926371,-7.638425666118975,False,False,False,sem sinal (Lateral)
HAPV3,BOVA11+SMALL11,BOVA11,Cuidados de saúde,39.36,35.72,60.0,,,0.2,P/L=-17.98<2,11.76,81.94,47.32,4.79,True,112,Não,,,False,2,8,False,,False,,False,,False,True,True,True,6,10,False,False,False,False,True,False,True,False,False,False,True,0.17,True,2950296064.0,-17.98,0.06,0.0,0.14,-0.36,-1.11,2.12,-0.55,4.09,3.07,7.69,1.84,0.33,,,41.3,5.26,1.55,0.45,33.25,66.74,6.09,39.33,2.0,-84.2,-38.8,12.1,15.48,-84.5,78.5,-57.3,6.09,16.49,-72.68,4.94,-83.3,-6.81,-2.07,65699375.0,0.31,0.97,3.03,,229.0,False,2,,10.0,9.2,True,,1.62,0.36,0.02,6.210000038146973,False,False,False,0.06302921695696599,0.11853559189003603,,,,,,14.43620528875191,,,,2,False,229.0,,,n/d,n/d,,,,False,False,,,Em Baixa,7.329999923706055,-15.279671176214816,-84.42828517597012,False,False,False,sem sinal (Em Baixa; sem novo topo (-15.3%))
VAMO3,BOVA11+SMALL11,BOVA11,Bens Industriais,39.34,43.07,18.181818181818183,,,0.7,,50.61,48.78,26.78,27.4,False,113,Bandeira de alta,,,False,4,8,False,,True,,False,False,False,False,False,False,2,11,True,False,True,False,False,False,True,True,False,True,False,3.87,False,4215302656.0,13.35,1.28,3.61,2.94,9.57,14.8,15.52,5.1,4.03,3.09,2.74,1.67,4.84,2.3,39.27,-1.9,5.77,7.32,0.32,88.84,11.16,2.48,4.82,39.1,-28.4,9.3,3.38,3.46,-48.5,56.5,6.2,2.48,4.82,-9.18,3.56,-27.4,-5.25,-0.11,60157918.0,1.55,3.19,6.53,5.8,14.1,False,6,,5.4,22.5,False,,2.14,0.66,0.06,3.450000047683716,False,False,False,0.7380707050461164,1.3527431317321021,3.4447087388311215,3.958810764152289,2.262122495695364,2.62324140830992,1.6641612380910167,10.391642412282879,,,,6,False,14.1,,,n/d,n/d,,,Bandeira de alta,False,False,,,Lateral,3.5299999713897705,-2.2662868089077803,-30.161943163521066,False,True,False,"Bandeira de alta — mastro +42%, recuo 28%, bandeira 7d (candidato)"
UNIP6,SMALL11+DIVO11,SMALL11,Materiais,38.78,42.42,18.181818181818183,,,1.0,,50.03,12.83,35.22,96.58,False,114,Não,,,False,4,8,False,,True,,False,False,True,False,False,False,2,11,False,True,True,False,False,False,True,True,False,True,True,1.17,True,6453962240.0,24.54,3.27,11.21,15.86,13.34,34.18,11.66,5.09,8.84,2.72,3.21,2.39,1.85,,389.11,-46.1,10.92,4.48,0.47,74.89,24.93,53.05,71.62,8.9,-19.3,-3.9,61.08,61.59,-25.5,30.4,-0.7,55.19,71.62,-16.08,1.91,-11.4,-2.88,-0.69,19810039.0,34.75,51.35,75.89,9.3,15.3,False,5,,-10.9,-5.3,False,,0.72,0.41,0.1,57.790000915527344,False,False,False,66.64226496228046,97.7419886113447,25.119261468308547,30.600801722022812,,31.018850384254566,6.405411674418681,21.137832245938366,,,,5,False,15.3,,,n/d,n/d,,,,False,False,,,Lateral,58.13999938964844,-0.601992565867504,-20.50564208084783,False,False,False,sem sinal (Lateral)
AZZA3,BOVA11+SMALL11,BOVA11,Consumo discricionário,37.39,39.18,27.272727272727273,,,0.9,,23.9,64.38,43.51,36.3,False,115,Não,,,False,2,8,False,,True,,False,False,False,True,False,False,3,11,False,False,False,False,False,True,True,False,False,True,True,0.38,True,2891115264.0,9.11,0.37,17.31,3.54,4.03,11.4,5.88,2.85,3.55,2.74,6.4,2.26,0.49,3.34,32.23,-94.3,3.53,3.33,0.93,48.36,51.64,14.3,30.7,0.0,-53.4,-19.5,23.2,22.35,-53.4,46.0,-43.7,14.3,28.04,-59.08,2.9,-48.0,-4.49,-1.65,52241495.0,3.81,6.89,12.45,2.5,13.2,False,4,,40.8,41.0,False,"2024, 2025",1.32,0.5,-0.0,14.300000190734863,False,False,False,3.678908062463799,4.716219779816675,14.63491042930345,36.9459851886732,9.840018552602807,48.426005547848554,7.0134855914613405,27.048418010316258,,,,4,False,13.2,,,n/d,n/d,,,,False,False,,,Lateral,17.690000534057617,-19.16337049733925,-54.0506366443048,False,False,False,sem sinal (Lateral)
ARML3,SMALL11,SMALL11,Bens Industriais,37.01,37.12,36.36363636363637,,,0.7,,32.55,47.9,27.84,49.32,False,116,Não,Bandeira de alta,"Bandeira de alta (pré-confirmação) — pescoço R$4.03, preço 0.9% acima do pescoço; falta fechar acima e segurar",False,2,8,False,,True,,False,False,False,False,True,False,4,11,False,False,False,False,False,False,True,True,False,True,False,1.74,False,1408358272.0,22.75,1.03,11.48,4.81,4.51,11.22,9.85,3.11,5.04,3.29,4.59,1.89,2.12,1.09,109.39,20.9,3.67,5.25,0.54,75.09,23.96,2.71,6.17,50.4,-34.0,16.8,3.78,3.97,-54.6,59.2,-2.7,2.8,6.17,-18.08,3.73,-6.8,-5.46,0.36,3954840.0,2.28,4.86,10.35,9.0,4.3,True,8,,25.6,6.9,True,2025,1.9,0.56,0.04,4.070000171661377,False,False,False,1.4232269864560951,2.6765849454964625,2.4469054559155246,3.9881948995909013,4.599225259406333,2.637367048845283,2.2040616314227766,6.115926722327077,3.2614366186825565,2.656975997170873,2.3912783974537857,8,True,4.3,-41.24623349886336,-19.866425525204935,n/d,n/d,,,,False,False,,,Em Alta,4.130000114440918,-1.452783077892561,-35.396824627927,False,False,False,sem sinal (Em Alta)
RAPT4,SMALL11,SMALL11,Bens Industriais,36.98,40.3,18.181818181818183,,,0.7,P/L=-4.98<2,18.86,83.66,31.18,46.58,False,117,Não,Fundo duplo,"Fundo duplo (pré-confirmação) — pescoço R$5.14, preço 4.1% abaixo do pescoço; falta fechar acima e segurar",False,1,8,False,,False,,False,False,False,False,True,False,2,11,False,False,False,False,False,False,True,False,False,False,False,1.87,False,1719030656.0,-4.98,0.57,0.0,4.31,-11.45,8.95,9.51,-2.65,3.88,3.04,4.4,2.12,2.11,,,0.9,5.16,5.22,0.76,74.66,17.25,4.35,6.9,13.3,-28.6,0.8,5.46,5.56,-37.0,39.9,-9.7,4.35,6.84,-25.08,2.51,-32.3,-4.06,-0.99,14740693.0,2.1,3.52,5.88,,11.0,False,2,,5.6,10.3,False,2025,1.31,0.58,-0.01,4.929999828338623,False,False,False,1.5450048770514206,1.668094273384603,,,,,,16.955682065974518,,,,2,False,11.0,,,n/d,n/d,,,,False,False,,,Em Alta,5.159999847412109,-4.4573648425365375,-29.77208202658782,False,False,False,sem sinal (Em Alta)
AUAU3,SMALL11,SMALL11,Consumo discricionário,36.67,31.38,66.66666666666667,,,0.9,,30.09,43.47,30.05,9.59,False,118,Bandeira de alta,,,False,2,8,False,,,,,,False,True,True,,2,3,False,False,False,False,False,True,True,False,False,False,True,0.5,True,3615333888.0,18.79,1.13,0.72,0.91,6.04,,7.01,3.84,4.0,2.55,4.99,1.26,0.7,3.75,17.02,22.2,11.99,5.61,,,,2.8,4.2,49.8,0.0,24.1,3.28,3.34,-27.2,41.0,9.5,2.8,4.2,-5.88,2.58,,-3.63,0.18,18141572.0,2.83,4.78,8.09,8.0,18.1,False,4,,,,,,1.02,0.46,0.07,4.199999809265137,,False,False,0.27661690334523764,0.45710997156113287,2.6863449089550726,4.323524436440415,1.322769995404481,0.6656869524544594,1.325006577354934,4.994426252076202,,,,4,False,18.1,,,n/d,n/d,,,Bandeira de alta,False,False,,,Em Alta,4.179999828338623,0.47846846286745404,-2.7777860562003376,False,True,False,"Bandeira de alta — mastro +32%, recuo 21%, bandeira 8d (candidato)"
RAIL3,BOVA11,BOVA11,Bens Industriais,36.45,34.86,45.45454545454545,,,0.7,,49.27,27.57,22.47,13.01,False,119,Bandeira de alta,,,False,2,8,False,,False,,False,False,False,False,True,True,5,11,False,False,False,False,True,False,True,False,True,False,False,1.64,False,27780122624.0,22.68,1.92,0.72,1.31,8.48,1.9,12.06,8.53,6.18,3.16,3.6,1.31,2.01,3.81,29.72,56.8,11.11,7.07,0.25,73.88,25.74,12.33,17.04,21.4,-12.2,5.7,15.04,14.99,-27.6,33.9,2.2,12.33,17.04,-13.18,2.13,-6.8,-3.07,-0.19,178023751.0,9.84,15.19,23.44,8.9,9.6,False,7,,12.1,-0.6,True,,1.07,0.55,0.0,14.970000267028809,False,False,False,1.4264550014233297,2.667922068841752,8.978238194367963,10.760710007940029,4.798806313753761,7.687733250065285,4.313105384444076,13.683262248235765,,,,7,False,9.6,,,n/d,n/d,,,Bandeira de alta,False,False,,,Em Alta,15.300000190734863,-2.1568622195566434,-13.611347995539303,False,True,False,"Bandeira de alta — mastro +18%, recuo 34%, bandeira 7d (candidato)"
CBAV3,SMALL11,SMALL11,Materiais,36.31,37.91,27.272727272727273,,,1.0,,37.81,41.34,38.77,28.08,False,120,Não,,,False,4,8,False,,False,,False,False,True,True,True,False,3,11,False,True,False,False,True,False,True,True,False,False,True,0.57,True,7324568064.0,12.25,1.45,0.39,3.04,11.81,-1.32,6.25,6.41,6.55,1.95,4.29,2.06,0.89,1.65,37.26,28.1,9.62,3.49,0.48,67.68,30.73,3.52,11.25,220.0,0.0,3.5,10.3,8.86,-15.2,31.9,60.5,7.01,11.25,45.12,2.01,194.9,-2.36,3.16,25611428.0,22.48,33.59,50.2,5.2,16.0,False,6,,-0.1,7.5,False,,0.2,0.11,0.03,11.25,False,False,False,2.488490187044593,4.679967029183864,12.560895325872284,12.661691740044676,9.598124636032402,0.792183102339449,6.853108857183807,7.362839145366028,,,,6,False,16.0,,,n/d,n/d,,,,False,False,,,Em Alta,11.25,0.0,-0.08881197760711723,False,False,False,sem sinal (Em Alta)
POSI3,SMALL11,SMALL11,Tecnologia de informação,35.94,35.87,36.36363636363637,,,0.5,,20.38,52.61,35.88,63.7,False,121,Não,Fundo duplo,"Fundo duplo (pré-confirmação) — pescoço R$4.10, preço 16.6% abaixo do pescoço; falta fechar acima e segurar",True,0,8,False,,True,,False,False,False,True,True,False,4,11,False,False,False,False,False,False,False,False,False,True,False,0.5,True,473569920.0,38.91,0.31,5.25,6.91,0.8,10.68,6.93,0.36,3.76,3.07,6.09,1.82,0.81,3.38,268.78,11.5,2.03,3.74,0.97,64.77,35.23,3.28,4.72,4.3,-27.5,-8.9,4.06,4.01,-30.5,37.1,-13.2,3.28,4.72,-28.58,2.34,-22.1,-3.88,-0.78,2775217.0,1.7,2.74,4.42,10.9,19.9,False,6,,-11.2,-7.6,False,,1.06,0.5,-0.14,3.4200000762939453,False,False,False,1.7181318721541756,3.2311963918254336,1.2021787519160285,4.6709574647651255,1.617946906180938,0.7445919647652398,0.8859830575441526,14.819789377690899,,,,6,False,19.9,,,n/d,n/d,,,,False,False,,,Lateral,3.509999990463257,-2.5641001257505125,-28.75000124176338,False,False,False,sem sinal (Lateral) · ⚡ cruzamento de médias (MM21>MM30) hoje
TIMS3,BOVA11+DIVO11+AUVP11,BOVA11,Comunicação,35.88,30.98,63.63636363636363,,,0.4,,30.27,8.28,37.74,77.4,False,122,Não,,,False,3,8,False,,True,,False,False,False,True,True,True,7,11,False,False,False,True,True,False,True,False,True,True,True,0.49,True,46483501056.0,3390.0,1.85,7.58,8.96,0.05,11.85,0.76,15.78,118.42,1.05,2.63,0.85,0.66,1356.0,30362.7,2.5,9.21,7.75,0.43,57.89,42.11,17.94,27.96,8.5,-30.4,-8.4,22.48,22.9,-35.8,28.4,-8.8,17.94,27.96,-24.18,1.79,-13.4,-2.8,-0.65,127507572.0,12.36,17.82,25.69,,43.2,False,3,,7.3,4.6,True,,0.78,0.48,0.09,19.459999084472656,False,False,False,12.675958486153682,15.880159103486973,,,,30.75,,0.7125780959271701,,,,3,False,43.2,,,n/d,n/d,,,,False,False,,,Em Alta,19.639999389648438,-0.9164985273403481,-31.35713711663112,False,False,False,sem sinal (Em Alta)
YDUQ3,BOVA11+SMALL11,BOVA11,Consumo discricionário,35.59,33.85,45.45454545454545,,,0.9,,33.69,39.08,25.41,38.36,False,123,Não,Fundo duplo,"Fundo duplo (pré-confirmação) — pescoço R$8.38, preço 26.5% acima do pescoço; falta fechar acima e segurar",False,1,8,False,,False,,False,False,False,False,True,True,5,11,False,False,False,False,False,False,True,False,False,False,False,1.48,True,2697228032.0,25.59,1.0,5.37,3.6,3.89,5.03,11.35,2.04,4.16,3.14,3.8,1.61,1.72,83.61,92.13,1.0,4.99,7.39,0.4,70.08,29.69,7.32,14.76,44.8,-28.2,18.6,11.55,10.99,-50.4,47.4,-13.0,7.32,14.76,-28.38,2.99,-40.8,-4.69,-0.4,51449135.0,4.88,8.98,16.53,9.5,9.8,False,6,,6.5,3.2,True,,1.6,0.59,-0.0,10.600000381469727,False,False,False,2.7755274236780156,2.847399304302592,3.0905498187581477,9.939441844479964,1.6181167352426344,5.871821172896581,1.2078244764494288,11.79435492261931,,,,6,False,9.8,,,n/d,n/d,,,,False,False,,,Em Alta,10.199999809265137,3.9215743106313594,-30.673640235999777,False,False,False,sem sinal (Em Alta)
SIMH3,SMALL11,SMALL11,Industrials,35.54,37.0,27.272727272727273,,,0.7,P/L=-24.43<2,26.18,80.4,17.02,17.12,False,124,Não,Bandeira de alta,"Bandeira de alta (pré-confirmação) — pescoço R$7.66, preço 0.4% abaixo do pescoço; falta fechar acima e segurar",False,5,8,False,,False,,False,False,False,False,True,False,3,11,False,True,True,False,True,False,True,True,False,False,False,7.83,False,4454083584.0,-24.43,0.76,2.25,2.26,-3.1,-1.12,11.25,-0.4,3.82,3.53,4.31,1.28,6.05,,,8.8,2.43,6.03,0.36,91.64,5.09,5.63,14.3,35.5,-46.6,-5.0,10.13,9.86,-60.6,58.5,-25.5,5.63,13.96,-40.88,3.68,-49.3,-5.63,-0.68,25538214.0,2.34,4.96,10.5,,40.0,False,2,,21.8,6.8,True,,2.38,0.71,0.03,7.630000114440918,False,False,False,1.255682039961453,2.361492352572668,,,,,,50.26923882388772,,,,2,False,40.0,,,n/d,n/d,,,,False,False,,,Lateral,8.329999923706055,-8.403359131769395,-47.77296583561758,False,False,False,sem sinal (Lateral)
BRAP4,BOVA11+SMALL11+DIVO11,BOVA11,Basic Materials,35.36,35.72,33.333333333333336,,,1.0,DY5a=24.4%>=20,13.58,44.39,74.72,,False,125,Não,Fundo triplo,"Fundo triplo (pré-confirmação) — pescoço R$22.00, preço 3.6% abaixo do pescoço; falta fechar acima e segurar",False,4,6,False,,True,,False,False,False,True,,False,3,9,False,True,True,False,,,True,True,False,True,True,,True,8333648384.0,14.26,1.04,11.12,24.38,7.26,23.82,-0.47,0.0,-217.08,,,5.68,0.0,1.96,347.63,,2.83,-0.74,,4.4,95.6,15.0,25.49,41.4,-16.8,-4.2,21.92,20.95,-20.8,26.0,5.6,20.08,25.49,-9.78,1.64,34.8,-2.52,0.94,43615421.0,21.5,30.01,41.9,6.3,6.5,True,6,,-44.5,-48.8,True,,0.92,0.62,-0.1,21.200000762939453,False,False,False,37.58652874759356,70.68692341886144,20.333892058739373,26.11263529752889,44.6002821099708,15.342069641277186,10.951450604496298,,25.821143076601018,23.22326367813413,20.900937310320717,6,True,6.5,-1.410676612528905,21.797840317722827,n/d,n/d,,,,False,False,,,Lateral,22.979999542236328,-7.745860812683258,-17.28442662069384,False,False,False,sem sinal (Lateral)
TTEN3,SMALL11,SMALL11,Bens de primeira necessidade,34.2,30.61,54.54545454545455,,,0.0,,35.06,36.24,23.75,10.27,True,126,Não,,,False,2,8,False,,True,,False,True,True,False,False,True,6,11,False,True,False,False,False,False,True,False,False,True,False,0.75,True,5174590976.0,8.81,1.04,1.76,0.96,11.76,18.41,4.0,3.22,16.59,7.48,18.7,1.36,1.03,0.82,8.43,-37.8,5.37,1.74,0.97,64.13,35.82,9.93,17.74,4.2,-41.7,-25.6,15.41,14.89,-44.0,38.7,-37.0,9.93,17.74,-52.38,2.44,-25.3,-3.19,-0.99,18877329.0,4.53,7.51,12.45,2.2,22.5,False,4,,33.6,28.1,True,,0.85,0.39,-0.0,10.350000381469727,False,False,False,0.7206685559928779,1.3553218327220897,16.068251480147794,16.21910931833099,13.775109947341589,1.758447307410073,11.291679644943377,,,,,4,False,22.5,,,n/d,n/d,,,,False,False,,,Lateral,11.960000038146973,-13.461535548010684,-42.178767586367464,False,False,False,sem sinal (Lateral)
CASH3,SMALL11,SMALL11,Comunicação,33.96,29.37,60.0,,,0.4,P/L=-5.94<2,0.88,48.34,83.4,2.05,False,127,Não,Bandeira de alta,"Bandeira de alta (pré-confirmação) — pescoço R$5.47, preço 4.8% acima do pescoço; falta fechar acima e segurar",False,2,8,False,,False,,False,,False,True,True,True,6,10,False,False,False,False,True,True,False,False,False,False,True,-0.29,True,596904768.0,-5.94,1.39,0.0,0.0,-23.45,-3.01,-16.62,-20.31,-9.38,-1.12,-2.8,2.68,0.0,,,18.2,6.66,9.61,1.74,18.27,80.69,3.24,5.91,76.9,-3.0,25.3,4.12,4.22,-33.2,51.3,49.6,3.24,5.91,34.22,3.23,9.8,-4.85,0.42,9237460.0,3.73,7.18,13.79,,,True,0,,12.9,26.1,False,,0.86,0.29,0.04,5.730000019073486,False,False,False,,,,,,,,,,,,0,True,,,,n/d,n/d,,,,False,False,,,Em Alta,5.909999847412109,-3.0456824532312243,-4.499999682108557,False,False,False,sem sinal (Em Alta)
MBRF3,BOVA11+DIVO11,BOVA11,Bens de primeira necessidade,33.63,37.96,9.090909090909092,,,0.0,,41.35,32.39,6.6,99.32,True,128,Não,,,False,1,8,False,,False,,False,False,False,False,False,False,1,11,False,False,False,False,False,False,True,False,False,True,True,4.46,False,23479103488.0,63.76,2.04,0.0,18.24,3.2,39.26,6.29,0.22,5.81,4.84,10.57,1.05,5.39,,1163.26,-51.3,10.4,2.68,0.43,89.92,7.97,14.52,27.52,16.0,-38.8,0.7,18.24,18.29,-47.2,55.8,-14.2,14.52,22.33,-29.58,3.52,-32.7,-4.55,-0.73,93457697.0,5.4,11.02,22.49,12.0,45.6,False,4,,9.4,9.9,False,,0.96,0.3,0.02,16.850000381469727,False,False,False,22.357596112993672,32.791140965724054,2.818904287991589,7.00812656029375,,2.952219479501717,0.7188205934378553,16.850000381469727,,,,4,False,45.6,,,n/d,n/d,,,,False,False,,,Lateral,18.760000228881836,-10.181235736189286,-39.08170472008796,False,False,False,sem sinal (Lateral)
JSLG3,SMALL11,SMALL11,Bens Industriais,32.94,35.55,18.181818181818183,,,0.7,P/L=-16.50<2,20.41,57.13,13.84,93.15,False,129,Não,Bandeira de alta,"Bandeira de alta (pré-confirmação) — pescoço R$6.25, preço 3.4% abaixo do pescoço; falta fechar acima e segurar",False,1,8,False,,True,,False,False,False,False,False,False,2,11,False,False,False,False,False,False,True,False,False,True,False,5.26,False,1723628288.0,-16.5,1.46,31.77,13.9,-8.83,13.19,9.68,-1.07,4.33,4.15,5.9,1.38,6.52,,,-44.0,3.44,4.78,0.43,89.08,10.92,3.88,8.64,55.7,-30.1,2.8,5.75,5.98,-44.7,58.7,-0.3,4.78,8.64,-15.68,3.7,6.2,-5.48,0.42,5412374.0,3.55,7.49,15.8,,9.7,False,2,,17.0,6.5,True,2023,2.05,0.61,0.15,6.039999961853027,False,False,False,6.107600592434136,8.957814202236733,,,,,,59.49867319978098,,,,2,False,9.7,,,n/d,n/d,,,,False,False,,,Em Alta,6.190000057220459,-2.4232648462169326,-31.519272439460057,False,False,False,sem sinal (Em Alta)
CSNA3,BOVA11+SMALL11,BOVA11,Materiais,32.79,36.97,9.090909090909092,,,1.0,P/L=-2.95<2,15.09,76.84,7.61,94.52,False,130,Não,Bandeira de alta,"Bandeira de alta (pré-confirmação) — pescoço R$6.63, preço 11.7% abaixo do pescoço; falta fechar acima e segurar",False,2,8,False,,False,,False,False,False,False,True,False,1,11,False,False,False,False,False,False,True,True,False,False,False,3.31,False,7757649408.0,-2.95,0.64,0.0,15.41,-21.59,-7.63,8.07,-5.82,4.36,5.46,9.3,1.15,3.57,,,5.7,-56.66,2.17,0.39,84.35,12.8,4.28,10.89,36.7,-46.3,3.9,6.81,7.28,-60.7,57.2,-32.8,4.28,10.89,-48.18,3.6,-43.4,-6.09,-0.47,143159458.0,2.09,4.37,9.12,,1.8,True,2,,0.3,2.5,False,2024,1.68,0.51,-0.07,5.849999904632568,False,False,False,6.556671420452408,11.837642640621139,,,,,,,9.197157030536774,9.197157030536774,8.277441327483096,2,True,1.8,41.49472585338432,57.216362059315905,n/d,n/d,,,,False,False,,,Em Alta,7.190000057220459,-18.63699780144249,-48.321554219587725,False,False,False,sem sinal (Em Alta)
MYPK3,SMALL11,SMALL11,Consumo discricionário,32.54,35.07,18.181818181818183,,,0.9,,23.93,53.59,28.51,52.05,False,131,Não,Fundo duplo,"Fundo duplo (pré-confirmação) — pescoço R$9.71, preço 5.0% abaixo do pescoço; falta fechar acima e segurar",False,1,8,False,,True,,False,False,False,False,True,False,2,11,False,False,False,False,False,False,True,False,False,False,True,0.95,True,1380877312.0,15.5,0.35,3.33,5.39,2.23,4.01,8.93,0.6,3.51,2.9,4.46,1.73,1.23,42.42,83.61,0.1,4.09,3.75,0.65,66.29,30.03,8.74,13.58,5.5,-32.1,-0.6,9.82,9.94,-35.6,29.1,-6.1,8.74,11.05,-21.48,1.84,-33.7,-2.86,-1.66,7137463.0,4.3,6.25,9.07,6.9,11.8,False,6,,-3.2,0.2,False,2024,0.82,0.49,0.01,9.220000267028809,False,False,False,3.6172199969761825,3.7295516677739147,4.460445551284559,18.776832036949838,3.4261844702914845,7.740727998340613,1.75707191601416,20.7429804656878,,,,6,False,11.8,,,n/d,n/d,,,,False,False,,,Lateral,9.989999771118164,-7.707702920229098,-32.40273502904378,False,False,False,sem sinal (Lateral)
DXCO3,SMALL11,SMALL11,Materiais,31.78,32.57,27.272727272727273,,,1.0,P/L=-143.22<2,13.51,69.57,27.7,35.62,False,132,Bandeira de alta,,,False,2,8,False,,True,,False,False,False,False,True,False,3,11,False,False,False,False,False,False,True,True,False,False,False,0.88,True,5102233088.0,-143.22,0.75,0.0,3.49,-0.52,6.92,4.35,-0.43,4.96,3.22,8.04,1.98,1.19,,,5.2,10.16,2.48,0.51,62.06,36.03,4.44,6.09,26.6,-7.7,10.9,5.0,5.07,-26.8,32.9,12.0,4.46,6.09,-3.38,2.07,-5.8,-3.39,-0.07,9802289.0,3.92,5.98,9.11,,3.9,True,3,,-0.9,0.2,False,,1.16,0.61,-0.07,5.619999885559082,False,False,False,1.4264834181864574,2.4133429993060944,,,,,,5.619999885559082,3.153275434350545,2.4133429993060944,2.172008699375485,3,True,3.9,-61.352157587109765,-43.89189504339546,n/d,n/d,,,Bandeira de alta,False,False,,,Em Alta,5.730000019073486,-1.919723091592429,-9.646301042947158,False,True,False,"Bandeira de alta — mastro +20%, recuo 28%, bandeira 7d (candidato)"
BRAV3,BOVA11+SMALL11,BOVA11,Energia,31.15,29.59,40.0,,,0.9,,21.94,58.47,19.68,11.64,False,133,Não,,,False,1,8,False,,False,,False,,False,False,False,True,4,10,False,False,False,False,False,False,True,False,False,False,False,1.17,True,8059823104.0,148.01,0.66,0.71,1.08,0.44,3.55,8.3,0.44,3.13,3.05,5.05,1.26,1.55,,159.83,-17.3,6.85,3.71,0.27,72.43,27.57,13.35,21.64,30.0,-19.8,-9.3,18.29,17.86,-29.3,37.8,4.7,15.6,21.64,-10.68,2.38,3.1,-4.07,-0.28,79004174.0,10.27,16.68,27.11,13.0,26.1,False,4,,89.0,33.2,True,2023,0.55,0.25,0.15,17.350000381469727,False,False,False,1.362581795913065,1.9984533006724956,1.250365993754997,8.32670638006317,,1.6666666666666667,0.3188433284075242,,,,,4,False,26.1,,,n/d,n/d,,,,False,False,,,Em Baixa,18.920000076293945,-8.298095605144152,-21.652770763835093,False,False,False,sem sinal (Em Baixa; sem novo topo (-8.3%))
DESK3,SMALL11,SMALL11,Comunicação,30.93,31.58,27.272727272727273,,,0.4,,38.11,27.36,34.56,6.85,False,134,Não,,,False,3,8,False,,True,,False,False,False,False,False,False,3,11,False,True,True,False,False,False,True,False,False,False,True,0.9,True,2260178688.0,40.46,1.58,0.95,0.48,3.91,6.21,11.53,4.4,5.35,2.09,2.49,1.41,1.21,12.85,19.5,-50.0,11.44,6.52,0.32,62.73,36.49,8.0,19.45,142.9,-0.1,6.9,17.51,16.4,-28.0,58.5,16.0,13.18,19.45,0.62,3.69,136.0,-3.69,1.59,11930198.0,22.11,47.38,101.54,11.0,28.9,False,4,,19.7,7.9,True,2023,0.59,0.18,0.16,19.440000534057617,False,False,False,0.6812819593086686,0.9113564074606095,4.674434282829634,11.533099766377452,1.743909400780396,0.6735764811599264,2.274814824475737,19.440000534057617,,,,4,False,28.9,,,n/d,n/d,,,,False,False,,,Em Alta,19.450000762939453,-0.051415056501646905,-0.7656948308418343,False,False,False,sem sinal (Em Alta)
PRNR3,SMALL11,SMALL11,Bens Industriais,30.84,31.47,27.272727272727273,,,0.7,,37.65,25.95,32.69,15.07,False,135,Bandeira de alta,,,True,1,8,False,,False,,False,False,False,False,True,False,3,11,False,False,False,False,False,False,True,False,False,False,True,1.38,True,1033539712.0,23.57,2.16,0.0,1.69,9.17,4.0,10.43,2.55,5.92,2.44,3.22,1.85,1.76,4.27,39.81,27.8,5.18,6.01,0.64,70.26,25.54,14.63,21.97,23.9,-17.5,-0.4,17.8,17.86,-27.0,33.5,13.8,15.76,21.97,-1.58,2.11,3.6,-3.21,0.13,8357747.0,13.41,20.58,31.58,9.1,8.1,False,7,,24.3,42.1,False,2025,1.17,0.61,0.03,18.1299991607666,False,False,False,2.2271913471858458,3.9259799906038713,9.861115701489373,12.052645311390082,5.544610361624689,5.5301417443390575,4.809234291263718,18.1299991607666,,,,7,False,8.1,,,n/d,n/d,,,Bandeira de alta,False,False,,,Lateral,18.399999618530273,-1.4673938226159478,-17.926668014791147,False,True,False,"Bandeira de alta — mastro +16%, recuo 31%, bandeira 10d (candidato) · ⚡ cruzamento de médias (MM21>MM30) hoje"
LWSA3,SMALL11,SMALL11,Tecnologia de informação,30.74,32.96,18.181818181818183,,,0.5,P/L=-10.80<2,11.76,60.21,49.72,26.71,False,136,Não,Bandeira de alta,"Bandeira de alta (pré-confirmação) — pescoço R$4.06, preço 3.3% abaixo do pescoço; falta fechar acima e segurar",False,2,7,False,,False,,False,False,False,True,True,False,2,11,False,False,False,False,True,,True,False,False,False,True,,True,2205080832.0,-10.8,0.91,7.82,2.93,-8.41,-2.3,5.89,-13.29,5.61,,,1.18,0.03,,,108.1,10.91,-3.98,1.15,32.17,67.83,3.38,4.67,16.2,-15.8,2.2,3.87,3.89,-27.5,43.6,2.2,3.38,4.67,-13.18,2.75,-2.9,-4.42,-0.12,12842910.0,2.22,3.89,6.82,,1.9,True,2,,9.4,8.6,True,2024,1.28,0.51,0.05,3.930000066757202,False,False,False,0.8386886532688772,1.577275757599211,,,,,,,1.207982205434044,1.207982205434044,1.0871839848906397,2,True,1.9,-72.33628584165093,-69.26253982405659,n/d,n/d,,,,False,False,,,Lateral,4.329999923706055,-9.237872147731863,-17.27666009771869,False,False,False,sem sinal (Lateral)
CAML3,SMALL11,SMALL11,Bens de primeira necessidade,28.71,30.57,18.181818181818183,,,0.0,,24.48,39.02,25.02,47.95,True,137,Não,Bandeira de alta,"Bandeira de alta (pré-confirmação) — pescoço R$5.42, preço 10.1% abaixo do pescoço; falta fechar acima e segurar",False,1,8,False,,True,,False,False,False,False,False,False,2,11,False,False,False,False,False,False,True,False,False,False,False,1.5,True,1661016832.0,15.46,0.57,6.02,4.68,3.69,8.66,5.74,0.99,7.85,5.55,13.3,1.87,1.99,15.13,72.32,-58.5,4.67,3.09,0.76,72.01,27.99,4.18,7.12,16.5,-31.6,-3.8,5.32,5.44,-41.3,42.9,-8.5,4.18,7.12,-23.88,2.7,-6.5,-3.35,-0.08,4208442.0,2.81,4.91,8.59,6.8,14.3,False,6,,2.9,-9.4,True,,1.39,0.57,0.07,4.869999885559082,False,False,False,1.656734571900039,1.8079787480962537,2.5000986726769785,7.781763673083369,1.795274577393249,1.9675898472186963,1.0627619815368774,0.543623746394182,,,,6,False,14.3,,,n/d,n/d,,,,False,False,,,Em Alta,5.349999904632568,-8.971963133267613,-32.35195449454701,False,False,False,sem sinal (Em Alta)
LJQQ3,SMALL11,SMALL11,Consumo discricionário,28.67,31.97,10.0,,,0.9,P/L=-1.23<2,6.43,88.41,12.63,44.52,False,138,Não,Bandeira de alta,"Bandeira de alta (pré-confirmação) — pescoço R$1.37, preço 8.7% abaixo do pescoço; falta fechar acima e segurar",False,0,8,False,,False,,False,,False,False,True,False,1,10,False,False,False,False,False,False,False,False,False,False,False,5.85,False,258646576.0,-1.23,0.83,0.0,4.15,-67.62,-9.94,2.03,-6.88,1.0,34.56,86.39,1.77,7.9,,,8.8,17.86,-0.01,0.82,89.26,10.74,0.96,2.83,30.2,-55.8,-4.2,2.04,1.86,-66.1,62.9,-40.5,0.96,2.65,-55.88,3.96,-62.2,-6.19,-1.17,2565551.0,0.25,0.56,1.27,,1.9,True,2,,6.4,4.6,True,2025,2.05,0.57,-0.04,1.25,False,False,False,0.3775517601385263,0.710040890841164,,,,,,,0.5437963254898451,0.5437963254898451,0.48941669294086065,2,True,1.9,-60.84666456473114,-56.496293960812395,n/d,n/d,,,,False,False,,,Em Alta,1.3700000047683716,-8.759124405160879,-56.445991294647825,False,False,False,sem sinal (Em Alta)
EQTL3,BOVA11,BOVA11,Serviços públicos,28.32,26.9,36.36363636363637,,,0.1,,33.2,20.55,19.03,30.14,True,139,Não,Bandeira de alta,"Bandeira de alta (pré-confirmação) — pescoço R$40.33, preço 1.9% abaixo do pescoço; falta fechar acima e segurar",False,1,8,False,,True,,False,False,False,False,False,True,4,11,False,False,False,False,False,False,True,False,False,False,True,2.15,True,49711742976.0,52.0,1.91,3.99,3.15,3.67,8.85,9.18,1.75,8.24,4.81,7.2,1.57,2.27,,163.97,-54.9,23.98,4.62,0.33,74.15,23.5,33.78,45.35,17.1,-12.7,2.1,38.9,38.89,-24.5,25.6,3.3,34.23,45.35,-12.08,1.61,0.4,-2.88,0.11,388292286.0,32.53,45.16,62.71,11.6,21.1,False,5,,23.4,18.5,True,,1.2,0.82,0.02,39.56999969482422,False,False,False,9.07456045943487,13.30935534050448,8.116923014322916,18.83384320538711,,6.267048420977274,2.069815368652344,43.722402710903744,,,,5,False,21.1,,,n/d,n/d,,,,False,False,,,Em Alta,40.099998474121094,-1.3216927667439093,-14.57253895611369,False,False,False,sem sinal (Em Alta)
MRVE3,BOVA11+SMALL11,BOVA11,Consumo discricionário,28.06,31.25,10.0,,,0.9,P/L=-5.11<2,14.42,69.15,25.71,23.29,False,140,Não,Bandeira de alta,"Bandeira de alta (pré-confirmação) — pescoço R$5.70, preço 8.2% abaixo do pescoço; falta fechar acima e segurar",False,1,8,False,,False,,False,,False,False,True,False,1,10,False,False,False,False,False,False,True,False,False,False,False,1.18,True,2943624192.0,-5.11,0.64,0.0,2.69,-12.58,-7.71,6.84,-4.93,5.36,3.03,6.1,1.89,1.69,,,10.7,3.06,3.75,0.89,78.42,18.67,4.2,10.43,24.5,-49.9,-3.3,7.38,7.0,-59.7,49.1,-32.3,4.2,10.43,-47.68,3.09,-35.4,-5.22,-0.79,71466160.0,1.92,3.61,6.79,,2.7,True,3,,18.0,21.1,False,"2024, 2025",1.61,0.57,0.07,5.230000019073486,False,False,False,1.0225198170594576,1.9229969462763348,,,,,,2.792256933407786,1.9125912322478593,1.9229969462763348,1.7306972516487014,3,True,2.7,-66.90827446774463,-63.43037810185932,n/d,n/d,,,,False,False,,,Em Alta,5.809999942779541,-9.982787081209143,-50.33238222506805,False,False,False,sem sinal (Em Alta)
DASA3,SMALL11,SMALL11,Cuidados de saúde,27.77,32.67,0.0,,,0.2,P/L=-3.97<2,17.22,77.9,23.09,8.22,True,141,Bandeira de alta,,,False,2,8,False,,False,,False,,False,False,False,False,0,10,False,False,False,False,False,False,True,True,False,False,True,0.98,True,3549507584.0,-3.97,0.52,0.0,0.81,-13.13,-13.32,7.28,-9.6,4.23,4.54,8.58,1.27,1.12,,,-9.8,12.46,3.53,0.48,62.87,36.98,1.29,4.6,120.2,-38.3,1.1,2.91,2.94,-54.1,86.7,-36.6,2.11,4.52,-51.98,5.46,60.9,-7.15,1.15,2520413.0,2.02,6.08,18.33,,1.5,True,2,,-5.2,-27.1,True,2023,1.95,0.39,0.08,2.8399999141693115,False,False,False,0.16659756214113552,0.2443430911403321,,,,,,,0.2054703266407338,0.2054703266407338,0.18492329397666044,2,True,1.5,-93.488616212485,-92.76512912498333,n/d,n/d,,,Bandeira de alta,False,False,,,Em Alta,2.8299999237060547,0.35335656299810836,-40.46121749422572,False,True,False,"Bandeira de alta — mastro +45%, recuo 44%, bandeira 7d (candidato)"
MGLU3,BOVA11+SMALL11,BOVA11,Consumo discricionário,27.46,30.54,10.0,,,0.9,,18.6,64.85,20.18,19.18,False,142,Não,Bandeira de alta,"Bandeira de alta (pré-confirmação) — pescoço R$5.87, preço 0.4% abaixo do pescoço; falta fechar acima e segurar",False,1,8,False,,False,,False,,False,True,False,False,1,10,False,False,False,False,False,False,True,False,False,False,False,0.6,True,4537744384.0,51.29,0.41,1.39,2.36,0.79,-2.27,6.07,0.23,2.77,4.67,10.57,1.1,0.76,,120.83,-2.6,7.22,1.9,0.75,70.25,29.75,3.88,11.0,50.8,-46.8,7.7,8.34,7.64,-64.7,60.4,-33.1,3.88,11.0,-48.48,3.81,-56.4,-5.91,-0.7,149356586.0,1.7,3.68,7.96,11.6,19.5,False,3,,1.2,1.7,False,2024,2.05,0.59,0.02,5.849999904632568,False,False,False,1.0023074232434448,1.470050887423719,1.216611405395738,6.051162839731989,,0.417266685,0.3102359083759132,,,,,3,False,19.5,,,n/d,n/d,,,,False,False,,,Em Alta,5.940000057220459,-1.515154069375635,-48.88487683447542,False,False,False,sem sinal (Em Alta)
ORVR3,SMALL11,SMALL11,Bens Industriais,27.31,19.78,70.0,,,0.7,,21.23,9.24,38.56,2.05,False,143,Não,Bandeira de alta,"Bandeira de alta (pré-confirmação) — pescoço R$17.58, preço 3.9% abaixo do pescoço; falta fechar acima e segurar",False,2,8,False,,False,,False,,False,True,True,True,7,10,False,False,False,False,True,False,True,False,False,False,False,0.16,True,9277615104.0,184.61,1.91,0.0,0.0,1.04,-2.35,3.71,3.35,20.98,4.88,12.21,2.38,0.74,177.51,,135.8,15.03,2.86,0.49,63.86,33.58,13.27,20.97,27.2,-19.5,-8.1,17.51,17.27,-26.3,28.8,-2.7,15.45,20.97,-18.08,1.82,10.4,-2.99,0.27,43456534.0,13.9,20.1,29.08,,1.0,True,1,,18.8,16.3,True,,1.07,0.65,0.02,16.889999389648438,False,False,False,,,,,,,,1.0866589323826852,1.0866589323826852,1.0866589323826852,0.9779930391444167,1,True,1.0,-94.2096324778803,-93.5662583087559,n/d,n/d,,,,False,False,,,Lateral,17.6299991607666,-4.197389712671928,-20.424032574368844,False,False,False,sem sinal (Lateral)
HBOR3,SMALL11,SMALL11,Imobiliário,27.05,27.01,27.272727272727273,,,0.8,,13.94,35.67,38.19,41.78,False,144,Não,Bandeira de alta,"Bandeira de alta (pré-confirmação) — pescoço R$2.23, preço 0.3% abaixo do pescoço; falta fechar acima e segurar",False,1,8,False,,True,,False,False,False,True,False,False,3,11,False,False,False,False,False,False,False,True,False,False,False,1.25,True,294579840.0,65.21,0.21,6.0,3.93,0.31,3.0,2.16,0.41,13.55,15.28,38.21,2.55,0.72,,256.39,-64.6,2.39,1.03,0.81,57.57,22.01,1.68,4.23,32.1,-47.6,4.7,2.46,2.61,-60.3,68.8,-11.2,1.68,3.33,-26.58,4.33,-47.6,-5.78,-0.48,1161029.0,0.57,1.43,3.56,12.0,30.7,False,4,,7.6,-11.2,True,2025,1.58,0.4,0.08,2.2200000286102295,False,False,False,0.6347991141826044,0.9310387008011531,0.36313449325526426,2.8456238466676678,,0.26415074528231325,0.09259929578009238,,,,,4,False,30.7,,,n/d,n/d,,,,False,False,,,Em Alta,2.2300000190734863,-0.448430061781413,-47.81913051232355,False,False,False,sem sinal (Em Alta)
SOJA3,SMALL11,SMALL11,Bens de primeira necessidade,26.8,26.72,27.272727272727273,,,0.0,,28.78,27.78,13.92,40.41,True,145,Não,Bandeira de alta,"Bandeira de alta (pré-confirmação) — pescoço R$7.60, preço 0.2% abaixo do pescoço; falta fechar acima e segurar",False,3,8,False,,True,,False,False,False,False,False,False,3,11,False,False,False,False,True,False,True,True,False,True,True,0.66,True,1070659904.0,46.43,0.8,3.73,3.84,1.73,13.98,5.66,0.89,10.0,4.7,11.43,0.95,1.47,,178.38,-0.4,7.71,2.47,1.35,45.47,36.89,4.98,10.46,52.4,-27.4,19.7,7.92,7.67,-52.4,45.5,-15.1,4.98,9.02,-30.48,2.87,-37.4,-3.72,-0.71,6291532.0,3.19,5.7,10.19,11.4,13.3,False,5,,14.2,42.9,False,2023,0.9,0.34,0.04,7.590000152587891,False,False,False,2.1207560214695778,3.110442164822048,1.7437002288952006,5.907295667118874,,1.0522259290281606,0.44464355836827624,1.5856310131481026,,,,5,False,13.3,,,n/d,n/d,,,,False,False,,,Em Alta,8.100000381469727,-6.296298825473601,-27.408517876127636,False,False,False,sem sinal (Em Alta)
CVCB3,SMALL11,SMALL11,Consumo discricionário,25.96,23.48,40.0,,,0.9,P/L=-5.54<2,10.66,58.29,19.56,2.05,False,146,Não,,,False,2,8,False,,False,,False,,False,False,False,True,4,10,False,False,False,False,False,True,True,False,False,False,True,1.13,True,723910016.0,-5.54,2.26,0.0,0.0,-40.86,-60.02,5.9,-8.94,2.39,1.33,3.11,0.68,1.67,,,-4.5,9.59,4.12,0.67,87.19,12.81,1.08,2.72,28.7,-48.9,-11.1,1.89,1.87,-60.3,70.5,-36.8,1.08,2.72,-52.18,4.44,-25.9,-6.65,-0.37,24385642.0,0.39,0.96,2.35,,1.0,True,1,,6.8,4.8,True,2023,1.15,0.29,-0.07,1.3899999856948853,False,False,False,,,,,,,,3.871121307247826,3.871121307247826,3.871121307247826,3.484009176523043,1,True,1.0,150.6481447754351,178.49793863937236,n/d,n/d,,,,False,False,,,Lateral,1.8799999952316284,-26.063830360615082,-50.179211301074986,False,False,False,sem sinal (Lateral)
HBSA3,SMALL11,SMALL11,Bens Industriais,25.13,26.03,20.0,,,0.7,P/L=-25.25<2,24.19,25.11,43.29,2.05,False,147,Não,Fundo duplo,"Fundo duplo (pré-confirmação) — pescoço R$3.72, preço 10.8% abaixo do pescoço; falta fechar acima e segurar",False,2,8,False,,False,,False,,False,False,True,False,2,10,False,False,False,False,True,False,True,False,False,False,False,1.2,True,4516470272.0,-25.25,2.16,0.0,0.0,-8.56,-15.0,11.14,-5.52,7.67,3.09,3.81,3.26,1.56,,,68.3,11.07,5.08,0.41,66.67,33.33,2.98,4.38,11.4,-24.2,-0.7,3.67,3.65,-32.0,35.9,-6.2,2.98,4.38,-21.58,2.26,-1.2,-3.34,-0.26,6077808.0,2.05,3.25,5.15,,1.0,True,1,,8.2,56.5,False,"2024, 2025",0.72,0.35,0.04,3.319999933242798,False,False,False,,,,,,,,2.052354385897971,2.052354385897971,2.052354385897971,1.8471189473081742,1,True,1.0,-44.36388601056363,-38.18209556729294,n/d,n/d,,,,False,False,,,Lateral,3.549999952316284,-6.478873863742374,-24.37357553041075,False,False,False,sem sinal (Lateral)
KLBN11,BOVA11,BOVA11,Materiais,22.95,25.39,9.090909090909092,,,1.0,,21.9,19.89,19.92,65.75,False,148,Não,Bandeira de alta,"Bandeira de alta (pré-confirmação) — pescoço R$19.44, preço 1.6% abaixo do pescoço; falta fechar acima e segurar",False,2,8,False,,True,,False,False,False,False,False,False,1,11,False,True,False,False,False,False,True,False,False,True,False,0.49,True,136010006528.0,42.56,2.52,6.07,7.1,5.92,28.81,5.45,0.86,6.42,3.99,9.97,2.0,2.3,,302.21,-51.7,11.17,2.09,0.37,77.43,12.36,16.08,21.02,19.0,-8.9,8.7,17.67,17.96,-23.4,20.2,0.3,16.1,21.02,-15.08,1.28,3.8,-1.97,-0.02,94119336.0,16.54,21.43,27.76,11.1,11.9,False,6,,1.1,5.4,False,,0.56,0.48,0.02,19.139999389648438,False,False,False,9.884262712045487,14.496918644333382,4.79699232823269,8.766618318170696,,11.016666666666667,1.2232330436993364,7.640662378661931,,,,6,False,11.9,,,n/d,n/d,,,,False,False,,,Em Alta,19.610000610351562,-2.396742509304284,-9.92941463694853,False,False,False,sem sinal (Em Alta)
CSAN3,BOVA11+SMALL11,BOVA11,Consumo discricionário,20.89,22.97,9.090909090909092,,,0.9,P/L=-1.63<2,15.76,36.51,22.82,21.92,False,149,Não,,,False,1,8,False,,False,,False,False,False,False,True,False,1,11,False,False,False,False,False,False,True,False,False,False,True,8.46,False,14398750720.0,-1.63,2.91,0.0,2.53,-1.79,-64.7,8.59,-22.18,4.67,2.9,4.64,1.67,1.91,,,2.8,6.13,5.56,0.41,77.05,3.93,3.13,8.0,16.6,-54.4,-7.0,5.27,5.09,-60.9,50.7,-30.5,3.13,6.8,-45.88,3.19,-54.4,-4.91,-1.42,141225299.0,0.92,1.79,3.46,,4.2,True,2,,0.9,-8.0,True,2024,1.87,0.64,-0.02,3.6500000953674316,False,False,False,0.6728355143265917,0.8685415520553765,,,,,,2.837437622936966,0.7706885331909841,0.7706885331909841,0.6936196798718857,2,True,4.2,-80.99672159591927,-78.88524621768806,n/d,n/d,,,,False,False,,,Lateral,3.9700000286102295,-8.060451660873657,-54.545451846274354,False,False,False,sem sinal (Lateral)
AURE3,BOVA11+SMALL11,BOVA11,Serviços públicos,20.54,20.96,18.181818181818183,,,0.1,P/L=-11.91<2,12.79,24.33,11.34,68.49,True,150,Bandeira de alta,,,False,2,8,False,,False,,False,False,False,False,True,False,2,11,False,False,False,False,False,False,True,True,False,False,False,1.74,True,12901243904.0,-11.91,1.13,0.0,7.48,-9.47,2.89,2.64,-8.09,12.41,6.49,16.23,1.12,1.85,,,5.9,-85.17,2.04,0.26,71.73,25.67,10.05,14.61,22.9,-15.5,4.7,11.65,11.74,-31.2,33.1,6.2,10.05,14.61,-9.18,2.09,-5.7,-2.98,0.18,32803509.0,9.33,14.25,21.75,,2.8,True,3,,33.7,63.5,False,,1.14,0.6,0.09,12.350000381469727,False,False,False,6.718600843964689,12.462576629195008,,,,,,4.400854301349008,7.860677258169567,6.718600843964689,6.04674075956822,3,True,2.8,-51.03853787210475,-36.350793397837144,n/d,n/d,,,Bandeira de alta,False,False,,,Em Alta,12.140000343322754,1.7298190461953133,-15.757158867570931,False,True,False,"Bandeira de alta — mastro +19%, recuo 24%, bandeira 10d (candidato)"
ENEV3,BOVA11,BOVA11,Serviços públicos,20.35,18.65,30.0,,,0.1,,26.86,7.84,21.96,2.05,True,151,Não,Bandeira de alta,"Bandeira de alta (pré-confirmação) — pescoço R$27.38, preço 0.9% abaixo do pescoço; falta fechar acima e segurar",False,1,8,False,,True,,False,,False,False,False,False,3,10,False,False,False,False,False,False,True,False,False,False,True,1.17,True,51899826176.0,54.8,2.59,0.0,0.0,4.73,2.64,5.85,5.03,12.53,3.9,9.18,1.28,1.2,11.59,,-91.5,30.43,4.12,0.26,62.34,34.87,15.85,27.69,71.2,-2.0,4.7,23.18,22.64,-13.5,35.0,35.5,19.82,27.69,20.12,2.21,57.7,-2.95,1.31,304169584.0,29.71,46.33,72.26,11.7,6.3,True,4,,44.3,61.7,False,2025,1.13,0.56,0.01,27.1299991607666,False,False,False,,,5.748225379341702,10.801918049197035,2.3416951830369714,,2.8452834156342672,14.768538215200772,5.4342805068024935,4.296754397487985,3.8670789577391864,4,True,6.3,-85.74611471668798,-79.96947779246102,n/d,n/d,,,,False,False,,,Em Alta,27.690000534057617,-2.0223956752988714,-3.6234475011936995,False,False,False,sem sinal (Em Alta)
TUPY3,SMALL11,SMALL11,Bens Industriais,19.47,22.91,0.0,,,0.7,P/L=-2.71<2,5.99,43.95,27.33,37.67,False,152,Não,Bandeira de alta,"Bandeira de alta (pré-confirmação) — pescoço R$16.05, preço 1.4% abaixo do pescoço; falta fechar acima e segurar",False,2,8,False,,False,,False,False,False,False,False,False,0,11,False,False,False,False,False,False,True,True,False,False,False,0.83,True,2076096000.0,-2.71,0.92,0.0,3.58,-33.8,2.01,1.49,-8.26,8.57,3.88,9.69,2.16,1.72,,,-5.8,5.59,1.31,0.87,73.24,26.66,11.34,16.19,39.6,-2.2,8.3,13.06,13.47,-23.4,39.2,36.1,11.34,16.19,20.72,2.47,-1.7,-3.91,0.03,6915391.0,10.33,17.03,28.07,,1.7,True,3,,-1.6,-9.1,True,2025,1.2,0.54,0.05,15.829999923706055,False,False,False,4.123223263161901,6.047394119304121,,,,,,6.8925690065694845,5.687728796345169,6.047394119304121,5.442654707373709,3,True,1.7,-65.61810022991146,-64.06993794215015,n/d,n/d,,,,False,False,,,Em Alta,16.010000228881836,-1.1242992042627353,-4.060606522993604,False,False,False,sem sinal (Em Alta)
