ticker,origem,grupo,setor,investment,investment_base,consistencia,basileia,solvencia,ciclicidade,dado_suspeito,quality,value,safety,dividend,regulado,rank_invest,oportunidade_grafica,criterios_ok,criterios_aplicaveis,passa_checklist,mais_5a_bolsa,sem_prejuizo_anual,lucro_20t,div_ge5_5a,div_sem_corte,roe_ge_10,divida_menor_patrim,cresc_receita_5a,cresc_lucro_5a,n_ok,n_aplic,roe_roic_ge_selic,roe_ge_setor,roic_ge_setor,margem_ge_15,cagr_ge_setor,divida_ok,marketcap_ok,insider_ok,margem_ok,roe_ok,alavancagem_ok,div_liq_patrim,nde_ok,market_cap,pl,pvp,dy,dy_teto,roe,roe_medio,roic,mrg_liq,ev_ebitda,div_liq_ebitda,lev_roic_adj,liq_corr,div_patrim,peg,payout,cresc_5a,pl_fut,roa,liq_geral,grau_endiv,indep_fin,min_52s,max_52s,dist_min52,dist_max52,dist_mm100,beta,corr_ibov,close,teto_bazin,teto_gordon,teto_dcf,teto_graham,teto_lynch,teto_projetivo,teto_graham_selic,teto_mult_ebitda,teto_medio,teto_mediana,teto_ajustado,teto_n_metodos,teto_confiavel,teto_dispersao,teto_upside_pct,teto_upside_media_pct,prox_resultado,ex_dividendo,ex_tipo,tese_ia,strategy,in_wishlist,in_carteira,preco_medio,var_pm_pct,trend,breakout_level,pct_to_level,dist_52w_high_pct,fund_ok,breakout,aprovado,note
JHSF3,SMALL11,SMALL11,Imobiliário,77.85,75.71,90.0,,,0.8,,86.88,82.11,44.97,70.92,False,1,Não,7,8,False,,True,,False,True,True,True,True,True,9,10,True,True,True,True,True,True,True,False,True,True,True,0.36,True,6965497856.0,3.33,0.95,6.49,7.91,28.4,16.71,13.12,52.59,4.52,1.22,1.3,1.73,0.86,0.22,26.33,90.2,6.13,7.25,0.72,61.6,36.26,5.05,13.85,108.3,-24.1,-5.4,1.38,0.61,10.510000228881836,5.936350705150644,11.011930558054443,41.81906997978508,28.02915886854887,72.29997396556652,19.57807411896471,38.189490321162225,18.747898456809185,,,,6,False,12.2,,,n/d,2026-08-31,próxima,,,False,False,,,Em Baixa,10.850000381469727,-3.1336418491612505,-25.743784365527656,True,False,False,sem sinal (Em Baixa; sem novo topo (-3.1%))
VULC3,SMALL11,SMALL11,Consumo discricionário,76.72,77.91,70.0,,,0.9,,87.8,62.46,65.69,96.45,False,2,Não,6,8,False,,True,,False,False,True,True,False,True,7,10,True,True,True,True,False,True,True,False,True,True,True,0.25,True,4259371520.0,4.65,1.63,28.97,15.45,35.06,31.82,17.83,24.89,6.25,0.76,0.6,2.96,0.37,0.47,71.82,-64.7,5.94,11.45,1.64,37.42,62.57,13.47,20.08,0.7,-32.5,-8.7,0.92,0.6,13.5600004196167,14.959690910373418,27.750226638742685,38.638710873101346,23.363111593211563,73.85126979294016,48.35683731844848,25.900215905726128,8.876058818431598,,,,6,False,8.3,,,n/d,2025-12-23,última,,,False,False,,,Em Baixa,14.039999961853027,-3.4188001676673574,-32.96998839626818,True,False,False,sem sinal (Em Baixa; sem novo topo (-3.4%))
MDNE3,SMALL11,SMALL11,Imobiliário,74.75,72.06,90.0,,,0.8,,73.1,76.54,60.08,80.14,False,3,Não,7,8,False,,True,,False,True,True,True,True,True,9,10,True,True,True,True,True,True,True,False,True,True,True,0.26,True,2539857408.0,4.57,1.11,15.81,9.28,24.38,16.15,10.98,21.43,4.4,0.91,1.16,2.38,0.48,0.33,42.4,19.5,3.84,6.4,1.12,72.76,27.27,20.62,34.28,19.1,-28.4,-10.8,1.66,0.63,24.559999465942383,16.27417173258534,30.1885885639458,71.20787591329027,51.72494322627427,125.33071941342725,25.701801775696406,61.79847193657583,43.6099616722554,47.37194051467299,47.667452449264836,42.90070720433835,6,True,7.7,74.67715039582647,92.88249814648479,n/d,2026-01-02,última,,,False,False,,,Lateral,25.09000015258789,-2.1123981005270798,-28.354724794286767,True,False,False,sem sinal (Lateral)
POMO3,SMALL11,SMALL11,Bens Industriais,73.92,74.61,70.0,,,0.7,,80.49,74.96,52.52,91.49,False,4,Não,5,8,False,,True,,False,False,True,True,False,True,7,10,True,True,True,False,False,True,True,False,True,True,True,0.46,True,5089741312.0,4.36,1.24,22.53,12.72,28.32,24.74,18.39,13.19,4.61,1.29,0.98,1.94,0.81,0.35,55.44,-14.0,,8.76,1.02,59.93,39.42,3.73,6.48,9.9,-36.7,-22.0,0.91,0.45,4.099999904632568,3.724138291523064,6.908276530775283,12.459862095500348,8.36413470330276,23.82397076335587,11.178605644150881,9.970581080702075,5.136054609408141,8.248807565051793,8.36413470330276,7.5277212329724845,7,True,6.4,83.6029611724369,101.19043309565714,n/d,2026-08-26,próxima,,,False,False,,,Em Baixa,4.215035915374756,-2.7291822193633575,-37.22957339379994,True,False,False,sem sinal (Em Baixa; sem novo topo (-2.7%))
PSSA3,BOVA11,BOVA11,Insurance,73.1,72.76,75.0,,1.8,0.3,,76.13,53.32,100.0,51.77,False,5,Não,4,6,False,,True,,False,False,True,,True,True,6,8,True,False,True,,True,,True,False,True,True,True,,True,31132997632.0,8.47,1.93,6.25,5.34,22.84,17.35,79.28,8.13,,,,,,0.68,45.19,0.3,7.8,6.06,,71.59,28.18,43.07,55.45,12.8,-12.4,-4.6,0.75,0.5,48.56999969482422,18.509094484041324,34.33437026789665,75.98022384373326,56.98217210871414,102.3815669165973,48.42982931306476,60.44282357773681,,44.313379477184,41.38209979048071,37.24388981143264,4,True,4.1,-23.3191475284249,-8.76388767631353,2026-11-05,2026-06-23,última,,,False,False,,,Em Baixa,53.47999954223633,-9.181002037096864,-12.565255874170333,True,False,False,sem sinal (Em Baixa; sem novo topo (-9.2%))
POMO4,BOVA11+SMALL11,BOVA11,Bens Industriais,72.87,73.38,70.0,,,0.7,,80.49,72.3,52.52,85.82,False,6,Não,5,8,False,,True,,False,False,True,True,False,True,7,10,True,True,True,False,False,True,True,False,True,True,True,0.44,True,5511817728.0,4.69,1.33,20.93,10.21,28.32,24.74,18.39,13.19,4.87,1.29,0.98,1.94,0.81,0.32,47.9,-14.0,4.54,8.76,1.02,59.93,39.42,3.93,7.69,12.9,-42.3,-19.9,0.97,0.48,4.440000057220459,3.238879772234514,6.008121977495023,12.543710182978907,8.432609569557691,23.63719276939994,11.55052113099366,11.309476609494785,5.158497037939845,11.234304182551407,11.309476609494785,10.178528948545306,7,True,7.3,129.24614453535156,153.0248657155274,n/d,2026-08-26,próxima,,,False,False,,,Em Baixa,4.525676250457764,-1.8931136143165106,-42.50020342798179,True,False,False,sem sinal (Em Baixa; sem novo topo (-1.9%))
PETR4,BOVA11,BOVA11,Energia,71.15,74.88,50.0,,,0.9,DY5a=41.0%>=20,86.35,85.07,36.34,,False,7,Não,7,8,False,,True,,True,False,True,True,True,False,5,10,True,True,True,True,True,True,True,False,True,True,True,0.61,True,570313932800.0,4.0,1.11,8.81,41.02,27.73,30.77,19.69,24.32,2.63,1.29,0.92,0.85,0.76,0.27,164.07,96.8,4.23,10.07,0.28,65.87,33.99,26.84,47.05,55.5,-11.3,1.0,0.34,0.23,41.7400016784668,122.29073581028314,226.84931492807522,138.26375555992124,93.96199652593913,313.050012588501,56.20264666666667,126.26350507736207,59.143640798006075,117.56794219517907,122.29073581028314,110.06166222925482,7,True,5.6,163.68389507285147,181.66731544678174,n/d,2026-08-24,última,,,False,False,,,Em Alta,42.971248626708984,-2.8652808275086983,-12.424897167727234,True,False,False,sem sinal (Em Alta)
MILS3,SMALL11,SMALL11,Bens Industriais,70.74,69.11,80.0,,,0.7,,84.89,55.59,57.38,55.32,False,8,Não,6,8,False,,True,,False,True,True,True,True,True,8,10,True,True,True,True,False,True,True,False,True,True,True,0.65,True,3576973824.0,8.22,1.96,5.38,5.71,23.81,18.37,20.65,23.53,4.88,1.28,0.87,2.98,0.99,0.65,46.95,21.3,8.39,11.12,0.54,61.6,38.32,10.3,15.81,52.5,-0.7,7.6,0.74,0.47,15.699999809265137,6.4048489229729615,11.880994752114843,25.30717730812202,18.55354755554681,35.03509854422815,12.294117449468212,20.267652883659498,18.183644634377114,20.217461875359522,18.55354755554681,16.69819279999213,7,True,5.5,6.3579172156290165,28.773644082648133,n/d,2026-04-22,última,,,False,False,,,Em Alta,15.75,-0.3174615284753268,-1.5056447768889702,True,False,False,sem sinal (Em Alta)
PETR3,BOVA11,BOVA11,Energia,70.43,74.04,50.0,,,0.9,DY5a=38.9%>=20,86.35,82.04,36.34,,False,9,Não,7,8,False,,True,,True,False,True,True,True,False,5,10,True,True,True,True,True,True,True,False,True,True,True,0.65,True,595588349952.0,4.44,1.23,7.93,38.86,27.73,30.77,19.69,24.32,2.81,1.29,0.92,0.85,0.76,0.3,172.54,96.8,3.12,10.07,0.28,65.87,33.99,28.69,52.45,61.0,-11.9,-0.0,0.37,0.22,46.209999084472656,128.26720480629155,237.9356649156708,137.9014612318159,93.79575384033268,312.22972354373417,56.20264666666667,125.93265516263945,57.73917140637521,143.7505351966908,127.09992998446549,114.38993698601894,8,True,5.6,147.54369022365097,211.08101719264786,2026-08-06,2026-08-24,última,,,False,False,,,Em Alta,48.05994415283203,-3.849245147843905,-13.009228702426157,True,False,False,sem sinal (Em Alta)
ABCB10,SMALL11,SMALL11,Produtos financeiros,70.42,74.02,50.0,,,0.4,,75.84,70.75,,,False,10,Não,1,3,False,,,,,,True,,False,,1,2,True,False,,,False,,,,True,True,True,,True,,,0.84,,,14.9,,,40.92,,,,,,,,-2.9,,1.54,,,,,,,,,,,,,,,,,,,,,,,0,True,,,,n/d,n/d,,,,False,False,,,,,,,False,False,False,histórico insuficiente
LEVE3,SMALL11,SMALL11,Consumo discricionário,70.25,70.29,70.0,,,0.9,,86.26,57.53,35.47,100.0,False,11,Não,6,8,False,,True,,True,False,True,False,True,True,7,10,True,True,True,False,False,True,True,True,True,True,True,1.2,True,4405017600.0,6.41,4.64,8.65,19.55,72.29,64.73,34.45,13.0,5.24,1.2,0.49,1.43,1.7,0.25,125.32,25.8,6.38,14.14,0.81,77.23,22.71,24.65,35.6,31.8,-8.7,-1.3,0.64,0.45,32.5,45.38528102067539,84.18969629335285,67.18018720748829,28.267448850803433,152.10608424336974,98.51666666666667,61.34945397815914,25.384601877797788,76.71354546578792,67.18018720748829,60.46216848673946,7,True,6.0,86.03744149765986,136.04167835627052,n/d,2026-04-30,última,,,False,False,,,Em Alta,34.0,-4.411764705882348,-10.245786186897622,True,False,False,sem sinal (Em Alta)
CURY3,BOVA11+SMALL11,BOVA11,Consumo discricionário,70.21,68.48,80.0,,,0.9,,90.09,31.58,56.97,86.52,False,12,Rompimento,6,8,False,,True,,False,False,True,True,True,True,8,10,True,True,True,True,False,True,True,False,True,True,True,-0.13,True,10039270400.0,9.14,6.06,14.78,10.4,66.38,57.38,37.72,17.89,5.89,-0.15,-0.06,1.92,0.66,2.78,95.05,8.2,6.79,16.3,0.91,70.61,24.44,26.99,40.16,20.7,-18.9,4.1,1.32,0.58,32.59000015258789,24.208745238891776,32.66754190627507,34.36800380982282,20.771421162655088,48.79206811937391,50.94830528002863,16.886466202350753,24.30189649021779,31.618056026201977,28.48471919824643,25.636247278421788,8,True,3.0,-21.337075304106502,-2.9823385143762704,n/d,2026-08-17,última,"A Cury Construtora (CURY3) apresenta uma sólida eficiência operacional no setor de consumo discricionário, evidenciada por um ROE de 66,4% e um ROIC de 37,7%, ambos significativamente acima das médias setoriais de 12,5% e 13,1%, respectivamente. Essa alta rentabilidade convive com múltiplos de preço mistos, pois enquanto o P/L de 9,14 indica uma avaliação razoável, o P/VP elevado de 6,06 reflete um prêmio expressivo sobre o valor patrimonial, sugerindo que o mercado já precifica a alta qualidade da empresa. A excelente saúde financeira da companhia é corroborada por uma relação Dívida Líquida/EBITDA de -0,15, posicionando-se abaixo da média dos pares de 2,67, o que demonstra uma posição de caixa líquido altamente favorável para sustentar suas operações. Esse endividamento sob controle e a robusta margem líquida de 17,89% dão sustentabilidade ao expressivo dividend yield de 14,78%, que se mostra coerente com a forte geração de lucro da empresa. Por outro lado, o crescimento histórico da receita nos últimos cinco anos, com um CAGR de 8,2%, ficou abaixo da média setorial de 28,5%, indicando uma expansão mais conservadora que a de seus concorrentes. No checklist de critérios fundamentalistas, a empresa atende a 6 dos 8 requisitos avaliados, sendo penalizada justamente pelo crescimento inferior ao do setor e por movimentações de venda de insiders. Sob a ótica do valuation, os métodos de preço-teto revelam uma dispersão relevante, variando desde os conservadores R$ 20,77 por Graham e R$ 24,20 por Bazin, até os mais otimistas R$ 34,36 por DCF e R$ 48,78 por Lynch. Diante do preço atual de R$ 32,58, a cotação se encontra muito próxima da média dos modelos, de R$ 32,08, mas apresenta um upside negativo de -21,3% quando comparada ao preço-teto ajustado com margem de segurança de R$ 25,63. Em balanço, os principais prós da CURY3 residem em sua rentabilidade excepcional, endividamento nulo e forte distribuição de proventos, enquanto os contras concentram-se no crescimento de receita abaixo dos pares, na falta de margem de segurança no preço atual e nas vendas de ações por insiders.",Rompimento,False,False,,,Lateral,32.58000183105469,0.030688523545974178,-19.02789736164089,True,True,True,"Rompimento (vol x0.3, +0.0% do topo, MM50>MM200)"
RIAA3,SMALL11,SMALL11,Consumo discricionário,70.05,70.06,70.0,,,0.9,,65.63,93.94,38.75,92.91,False,13,Não,4,8,False,,False,,False,False,True,True,True,True,7,10,True,True,False,False,False,True,True,False,True,False,True,0.47,True,3559627008.0,2.31,0.66,45.93,13.14,28.35,8.06,8.96,14.35,2.58,2.11,3.3,1.61,0.68,0.15,30.36,16.6,5.31,4.35,1.05,64.01,35.99,6.1,10.43,16.2,-32.0,-17.3,1.61,0.61,7.090000152587891,6.6569147236308,12.348576812335134,40.667749792982484,27.23701724993403,86.38389974876604,51.88018214566937,37.138096037365145,34.108497637417024,,,,6,False,13.0,,,n/d,n/d,,,,False,False,,,Em Baixa,7.960000038146973,-10.929646751127542,-34.554623614830845,False,False,False,sem sinal (Em Baixa; sem novo topo (-10.9%))
VTRU3,SMALL11,SMALL11,Consumo discricionário,69.42,72.85,50.0,,,0.9,P/L=1.89<2,85.98,89.81,54.99,7.09,False,14,Não,7,8,False,,True,,,,True,True,False,True,4,8,True,True,True,True,False,True,True,True,True,False,True,0.37,True,2027622144.0,1.89,0.52,0.18,0.21,27.23,9.79,15.07,46.56,2.93,2.1,1.95,2.56,0.56,,0.39,-23.9,4.03,6.37,0.37,51.99,48.01,10.1,16.86,34.4,-19.4,2.0,1.17,0.51,13.579999923706055,0.20001791737980912,0.2912260877050021,74.72592550610739,64.97681995949014,,0.4136666666666666,19.194708886870995,36.81131289410165,,,,2,False,373.6,,,n/d,n/d,,,,False,False,,,Em Alta,13.819999694824219,-1.7366119856576212,-21.71963870912197,False,False,False,sem sinal (Em Alta)
CXSE3,BOVA11,BOVA11,Insurance,68.79,65.49,87.5,,1.6,0.3,,64.19,33.78,100.0,81.56,False,15,Não,4,6,False,,True,,True,True,True,,True,True,7,8,True,False,False,,True,,True,True,True,True,True,,True,57300000768.0,12.7,4.16,7.06,9.62,32.79,28.44,-1.21,75.43,,,,,,0.99,122.22,12.8,11.11,20.76,,8.23,91.77,12.71,22.04,50.2,-13.4,1.8,0.68,0.53,19.100000381469727,13.129247629780835,24.354754353243447,19.927165752320775,12.464535796906654,33.72358044879876,22.898448930232796,16.117908083440486,,20.077404166394466,21.412807341276785,19.271526607149106,4,True,1.9,0.8980430484482493,5.117297201067017,2026-11-09,2026-11-04,próxima,,,False,False,,,Em Baixa,19.6200008392334,-2.650358998577851,-13.740813067802183,True,False,False,sem sinal (Em Baixa; sem novo topo (-2.7%))
BRSR6,SMALL11,SMALL11,Produtos financeiros,68.77,69.88,62.5,17.35,,0.4,,45.62,91.06,90.71,84.4,False,16,Não,2,6,False,,True,,False,False,True,,False,True,5,8,False,False,False,,False,,True,True,True,False,True,,True,5729732096.0,3.74,0.5,11.33,10.16,13.26,9.63,0.0,22.38,,,,,,0.45,38.01,-29.2,4.31,1.0,,93.0,6.99,10.06,18.55,39.2,-24.5,-3.8,1.08,0.64,14.010000228881836,10.17021024595382,18.865740006244334,49.63435909964821,48.59690354728636,68.86214642623662,33.9182298212902,29.362014313196518,,34.13944297572758,33.9182298212902,30.52640683916118,3,True,4.9,117.89012377195047,143.67910362591277,n/d,n/d,,,,False,False,,,Lateral,14.380000114440918,-2.573017264356725,-24.77436654777193,False,False,False,sem sinal (Lateral)
PLPL3,SMALL11,SMALL11,Consumo discricionário,68.3,71.53,50.0,,,0.9,,77.92,80.13,52.37,59.57,False,17,Não,5,8,False,,True,,False,False,True,False,False,True,5,10,True,True,True,False,False,True,True,False,True,True,True,0.57,True,1484293888.0,4.98,1.36,6.62,6.32,27.32,38.02,24.26,8.62,2.05,1.22,0.7,3.0,1.2,0.33,31.48,-37.3,2.88,7.78,1.2,73.04,24.14,6.46,17.36,13.2,-57.9,-19.7,1.47,0.5,7.309999942779541,3.300518764950856,6.122462308983837,19.449297036511826,13.323689618576715,31.29663892590463,10.95072400487419,17.761244840890047,27.63743512083939,,,,6,False,9.5,,,n/d,2025-12-30,última,,,False,False,,,Lateral,7.449999809265137,-1.8791928868439167,-57.94169616722489,True,False,False,sem sinal (Lateral)
VLID3,SMALL11,SMALL11,Bens Industriais,67.69,67.28,70.0,,,0.7,,62.12,74.83,66.22,73.76,False,18,Não,4,8,False,,True,,False,False,True,True,False,True,7,10,True,False,True,False,False,True,True,False,True,True,True,0.1,True,1372464000.0,6.2,0.82,10.89,8.58,13.18,13.73,15.68,11.15,3.23,0.48,0.43,2.3,0.41,1.01,53.2,-32.9,10.09,7.18,1.13,45.32,54.23,16.3,22.63,7.6,-22.4,-1.5,0.93,0.51,17.549999237060547,10.756740725980524,19.953754046693874,37.50604675662132,36.92033134912665,41.74897815890225,34.496693404986516,18.536448875287675,31.708033570152264,31.552898023110078,34.496693404986516,31.047024064487864,7,True,3.9,76.90612771609406,79.78860054010394,2026-11-04,2026-08-13,última,,,False,False,,,Lateral,18.134065628051758,-3.2208242926380137,-23.133660889100728,True,False,False,sem sinal (Lateral)
GRND3,SMALL11,SMALL11,Consumo discricionário,66.57,64.2,80.0,,,0.9,DY5a=20.2%>=20,62.69,64.04,67.77,,False,19,Não,5,8,False,,True,,True,False,True,True,False,True,8,10,True,True,False,True,False,True,True,False,True,True,True,-0.31,True,3175603200.0,5.43,0.98,42.64,20.24,18.04,16.72,7.81,24.95,8.3,-3.59,-6.43,2.05,0.02,0.36,109.88,-24.5,4.69,2.66,2.01,29.93,70.07,3.37,4.83,4.5,-27.2,-9.1,0.72,0.45,3.5199999809265137,5.087950575079116,9.43814831677176,8.589318553826207,7.238039811576749,19.44751370677632,6.059476722895763,7.843830528399783,2.3516862954812288,,,,6,False,8.3,,,2026-11-05,2026-04-24,última,,,False,False,,,Em Baixa,3.554507255554199,-0.9708033250956261,-27.902294152528828,True,False,False,sem sinal (Em Baixa; sem novo topo (-1.0%))
TGMA3,SMALL11,SMALL11,Bens Industriais,66.2,65.53,70.0,,,0.7,,78.82,31.05,70.0,82.98,False,20,Rompimento,7,8,False,,True,,False,False,True,True,True,True,7,10,True,True,True,False,True,True,True,True,True,True,True,0.03,True,2337494016.0,9.15,2.34,10.31,10.07,25.55,24.91,27.01,10.14,6.31,0.07,0.04,2.22,0.23,4.54,92.11,23.5,6.98,14.79,1.33,34.75,65.25,26.65,39.14,33.0,-9.4,15.1,0.92,0.51,35.45000076293945,25.490129925773108,30.378504357881322,32.98082067675756,36.34034384374186,46.81189688981849,48.30515328279434,15.259484459382303,30.56104043160044,33.26592173346868,31.770930554179,28.5938374987611,8,True,3.2,-19.34037550528349,-6.16101264447384,n/d,2026-08-07,última,"A Tegma (TGMA3) apresenta-se como uma operação de alta eficiência no setor de Bens Industriais, evidenciada por um ROE de 25,6% e um ROIC de 27,0% que se posicionam significativamente acima das médias setoriais de 14,5% e 12,6%, respectivamente. Essa expressiva qualidade operacional convive com múltiplos de valuation mistos, onde o P/L de 9,15 sugere um preço razoável frente aos lucros, embora o P/VP de 2,34 indique um prêmio sobre o valor patrimonial. A excelente rentabilidade da companhia é suportada por uma estrutura de capital extremamente robusta, com uma relação Dívida Líquida/EBITDA de apenas 0,07 — muito abaixo da média dos pares de 2,38 —, o que demonstra um endividamento virtualmente inexistente e uma liquidez corrente confortável de 2,22. Esse perfil financeiro saudável confere total sustentabilidade ao expressivo Dividend Yield de 10,31%, uma vez que a geração de caixa e o baixo endividamento garantem a distribuição de proventos sem comprometer a integridade do balanço. Por outro lado, o crescimento da receita nos últimos cinco anos, com um CAGR de 23,5%, ficou ligeiramente abaixo da média setorial de 27,1%, o que se reflete em um PEG elevado de 4,54 e sinaliza que o mercado já precifica parte dessa expansão. No checklist de critérios fundamentalistas, a empresa exibe solidez ao atender 6 dos 8 requisitos avaliados, falhando apenas na margem líquida (que é de 10,14%, abaixo do sarrafo de 15%) e no crescimento superior ao setor. Sob a ótica do valuation, as estimativas de preço-teto revelam uma dispersão relevante entre os métodos, variando desde os conservadores R$ 25,31 por Bazin até R$ 46,48 pelo modelo de Lynch. Com o preço atual de R$ 35,20 situado acima da média dos modelos (R$ 33,17) e do preço-teto ajustado com margem de segurança (R$ 28,39), projeta-se um upside negativo de 19,3% em relação a essa métrica ajustada, sugerindo que o papel flerta com o topo de suas avaliações justas no momento. Em suma, TGMA3 destaca-se positivamente por sua rentabilidade excepcional, endividamento sob controle e proventos robustos, mas traz como contrapartidas um crescimento histórico inferior ao de seus pares e uma escassa margem de segurança nos preços atuais.",Rompimento,False,False,,,Em Alta,35.20000076293945,0.7102272573335178,-10.33511729516251,True,True,True,"Rompimento (vol x0.8, +0.7% do topo, MM50>MM200)"
LAVV3,SMALL11,SMALL11,Imobiliário,66.08,63.62,80.0,,,0.8,,66.53,52.63,55.1,95.04,False,21,Não,5,8,False,,True,,True,False,True,True,False,True,8,10,True,True,False,True,False,True,True,False,True,True,True,0.37,True,2020791168.0,5.61,1.4,23.45,14.03,24.9,19.67,8.69,19.91,7.11,1.5,2.42,4.12,0.86,1.06,78.69,-30.3,2.95,4.85,1.47,60.31,33.37,9.22,18.94,12.1,-45.4,-10.3,1.49,0.71,10.34000015258789,10.360183495708045,17.566882770860733,22.323223314314426,17.501140677288934,35.63280902190312,24.073852925344063,11.07030703881932,10.34000015258789,18.608549924603317,17.534011724074833,15.780610551667351,8,True,3.4,52.61712107149039,79.96663104444903,n/d,n/d,,,,False,False,,,Lateral,10.569999694824219,-2.175965457680673,-45.52159956812319,False,False,False,sem sinal (Lateral)
LREN3,BOVA11+SMALL11,BOVA11,Consumo discricionário,66.07,65.38,70.0,,,0.9,,68.23,73.84,56.59,48.94,False,22,Não,6,8,False,,True,,False,False,True,True,True,True,7,10,True,True,True,False,False,True,True,True,True,True,True,0.13,True,10531645440.0,7.47,1.08,8.22,4.37,14.41,11.89,23.53,9.35,2.01,0.59,0.35,1.69,0.32,0.77,32.61,3.2,6.4,6.22,1.29,46.72,53.28,10.5,16.05,4.4,-31.7,-20.8,1.46,0.66,10.960000038146973,3.41757538381143,6.339602336970203,19.440428447851055,18.303310030322447,20.652860786570024,15.910803285421778,12.875264589855574,29.049013715607106,,,,6,False,8.5,,,2026-11-05,2026-06-24,última,,,False,False,,,Em Baixa,13.670000076293945,-19.824433233519613,-33.623248419753494,True,False,False,sem sinal (Em Baixa; sem novo topo (-19.8%))
INTB3,SMALL11,SMALL11,Tecnologia de informação,65.92,66.96,60.0,,,0.5,,72.26,56.45,78.24,46.81,False,23,Fundo duplo,5,8,False,,True,,False,False,True,True,True,True,6,10,True,True,True,False,False,True,True,False,True,True,True,-0.17,True,4698751488.0,7.76,1.4,8.51,4.3,18.07,19.14,17.52,13.1,6.11,-1.0,-0.8,2.64,0.26,0.64,33.37,14.3,7.23,5.97,1.67,43.4,56.17,9.95,15.13,44.3,-5.1,4.7,1.05,0.48,14.359999656677246,4.410179279217815,8.180882562949048,24.51932931069246,20.665732813424153,30.23845110185839,16.736364864145195,18.949311936706554,14.349901762795401,19.091424907510174,18.949311936706554,17.0543807430359,7,True,6.9,18.763099935770498,32.94864459577382,n/d,n/d,,,Fundo duplo,False,False,,,Em Alta,15.130000114440918,-5.0892296889590956,-8.295857180339972,False,True,False,Fundo duplo — rompeu pescoço ~R$13.81 (candidato)
DIRR3,BOVA11+SMALL11,BOVA11,Consumo discricionário,65.46,64.66,70.0,,,0.9,,71.96,49.23,54.48,90.78,False,24,Não,5,8,False,,True,,False,False,True,False,True,True,7,10,True,True,False,True,False,True,True,False,True,True,True,0.31,True,5782441984.0,6.87,2.53,13.73,12.12,36.78,26.14,9.99,17.73,5.03,0.6,0.83,4.18,1.16,1.12,83.27,8.6,4.84,5.44,1.01,82.45,14.5,10.3,16.95,8.0,-34.4,-13.0,1.48,0.64,11.119999885559082,9.6269327286204,17.857960211590843,21.446870230517877,12.651948420506544,29.580476012936106,25.09325831985801,10.5860588624656,9.427390356286336,17.033861892847714,15.254954316048693,13.729458884443824,8,True,3.1,23.466358145142596,53.182212843083136,n/d,2025-12-17,última,,,False,False,,,Em Baixa,11.8100004196167,-5.842510665042056,-35.56564905435857,True,False,False,sem sinal (Em Baixa; sem novo topo (-5.8%))
CEAB3,BOVA11+SMALL11,BOVA11,Consumo discricionário,64.94,64.64,66.66666666666667,,,0.9,,59.86,90.66,43.62,63.12,False,25,Não,5,8,False,,False,,False,,True,True,False,True,6,9,True,True,True,False,False,True,True,False,False,False,True,0.51,True,2385104128.0,4.39,0.65,6.52,6.49,14.79,7.33,14.93,7.02,1.97,1.94,1.82,1.67,0.72,0.42,28.48,-9.5,4.28,5.91,0.81,60.22,39.78,7.28,17.96,9.2,-55.7,-24.7,1.73,0.57,7.949999809265137,3.683626736449795,6.8331275961143705,23.99487413958156,22.323867638184435,30.903723821039748,9.598186507478145,16.87894301318433,,,,,6,False,8.4,,,n/d,n/d,,,,False,False,,,Em Baixa,9.4399995803833,-15.783896582097778,-56.01432113043787,False,False,False,sem sinal (Em Baixa; sem novo topo (-15.8%))
ALPA4,SMALL11,SMALL11,Consumo discricionário,64.91,64.01,70.0,,,0.9,,75.64,42.9,58.3,75.89,False,26,Rompimento,6,8,False,,False,,False,False,True,True,True,True,7,10,True,True,True,False,True,True,True,False,True,False,True,0.19,True,9237154816.0,12.9,2.5,13.56,8.78,19.37,-7.05,17.96,14.52,8.25,0.82,0.64,1.91,0.39,0.14,113.25,92.8,11.07,7.61,0.98,45.48,54.52,8.0,16.06,70.1,-15.3,11.0,1.07,0.45,13.600000381469727,8.528550088669096,15.820460414481174,13.968992639881694,11.359659664979835,31.627907863883085,10.329989999999999,12.75658950509951,6.466066323258702,11.31861551948143,11.359659664979835,10.223693698481853,7,True,4.9,-24.825783737389884,-16.774888220567476,n/d,n/d,,,Rompimento,False,False,,,Em Alta,13.529999732971191,0.5173736133043061,-16.152891755843847,False,True,False,"Rompimento (vol x0.4, +0.5% do topo, MM50>MM200)"
MULT3,BOVA11+SMALL11,BOVA11,Imobiliário,63.17,61.97,70.0,,,0.8,,86.46,41.07,43.74,40.43,False,27,Não,7,8,False,,True,,False,False,True,True,True,True,7,10,True,True,True,True,True,True,True,False,True,True,True,0.74,True,13508691968.0,10.19,2.09,4.08,3.71,20.52,17.07,18.7,43.42,7.57,2.13,1.59,1.64,0.75,0.8,37.8,62.0,10.39,10.89,0.29,52.11,47.88,25.46,35.12,8.1,-21.7,-6.6,1.27,0.8,27.510000228881836,7.288719006880915,13.520573757764096,35.771099414394925,28.27623731997197,44.472868998071576,26.455441662749195,28.87196786560722,25.184498832465255,28.936098264432037,28.27623731997197,25.448613587974773,7,True,6.1,-7.4932265494599415,5.1839259312436825,2026-10-29,2026-07-01,última,,,False,False,,,Em Baixa,28.700000762939453,-4.146343214019266,-22.019748161567275,True,False,False,sem sinal (Em Baixa; sem novo topo (-4.1%))
BBSE3,BOVA11,BOVA11,Insurance,62.35,60.12,75.0,,1.3,0.3,,67.92,32.54,61.0,92.2,False,28,Não,5,6,False,,True,,True,False,True,,False,True,6,8,True,True,False,,True,,True,True,True,True,True,,True,75961057280.0,8.22,6.93,11.96,12.82,84.38,83.67,0.0,87.93,,,,,,,105.39,-0.1,8.89,28.81,,55.04,44.96,28.18,40.52,38.9,-3.4,9.4,0.55,0.51,39.130001068115234,35.83348306588379,52.1735513439268,49.50754393046209,24.592268550850086,,59.50416498381771,12.71691032279727,,49.2546858310226,50.84054763719445,45.756492873475004,4,True,1.7,16.934555646509587,25.874481182054907,2026-11-03,2026-08-07,última,,,False,False,,,Lateral,39.6523323059082,-1.3172774649503838,-4.012404847954776,True,False,False,sem sinal (Lateral)
VIVA3,BOVA11+SMALL11,BOVA11,Consumo discricionário,62.28,62.68,60.0,,,0.9,,76.54,53.35,66.01,17.02,False,29,Rompimento,6,8,False,,True,,False,False,True,True,True,True,6,10,True,True,True,True,False,True,True,False,True,True,True,0.28,True,5328160256.0,8.9,1.64,3.16,1.97,18.4,21.98,17.32,18.56,5.88,1.1,0.89,4.19,0.4,0.59,17.55,0.4,7.1,10.38,1.73,37.54,62.46,20.42,35.35,11.0,-35.9,-1.8,1.14,0.51,22.65999984741211,3.191846896344345,5.92087599271876,33.7353930312596,28.134178225196248,43.211893737078924,11.114933240036594,30.807415522886124,15.427574336247082,,,,6,False,13.5,,,n/d,2025-12-22,última,"A Vivara (VIVA3) apresenta uma sólida combinação de qualidade e preço no setor de consumo discricionário, evidenciada por um retorno sobre o patrimônio líquido de 18,4% e um retorno sobre o capital investido de 17,3%, ambos posicionados acima de seus pares setoriais, que registram médias de 12,5% e 13,1%, respectivamente. Essa rentabilidade robusta convive com múltiplos de valuation bastante atrativos, uma vez que o preço sobre lucro de 8,9 e o preço sobre valor patrimonial de 1,64 sugerem que o mercado ainda não precifica totalmente a eficiência operacional da companhia. No âmbito financeiro, a excelente rentabilidade é acompanhada por um endividamento extremamente controlado, visto que a relação entre dívida líquida e EBITDA, de 1,1 vez, situa-se bem abaixo da média setorial de 2,67 vezes, garantindo ampla folga financeira junto a uma liquidez corrente de 4,19. Essa estrutura de capital saudável confere sustentabilidade ao negócio, embora o rendimento de dividendos atual de 3,16% seja modesto, o que se mostra coerente com a necessidade de retenção de lucros para suportar a operação, dado que o pagamento de proventos ainda é secundário frente ao perfil de reinvestimento. Por outro lado, o crescimento histórico da receita nos últimos cinco anos, de apenas 0,4%, decepciona ao ficar drasticamente abaixo da média de 31,0% do setor, indicando que a empresa enfrenta desafios para expandir sua linha de receita no mesmo ritmo de seus pares. O checklist de critérios fundamentalistas reforça essa dualidade ao aprovar 6 dos 8 requisitos analisados, penalizado justamente pelo fraco desempenho do crescimento de receita frente ao setor e por movimentações de venda de ações por parte de insiders. Sob a ótica de valuation, a análise dos preços-teto revela uma enorme dispersão entre os métodos aplicados, variando desde patamares muito baixos nos modelos focados em dividendos, como Bazin a R$ 3,19 e Gordon a R$ 5,92, até valores significativamente superiores nos modelos de fluxo de caixa descontado, a R$ 33,74, e de Lynch, a R$ 43,21, o que evidencia que o valor da empresa reside no seu fluxo de resultados e não na distribuição de proventos. Em suma, os principais pontos positivos da tese concentram-se na alta rentabilidade, na sólida saúde financeira com baixo endividamento e nos múltiplos de preço convidativos, enquanto os fatores de cautela residem no crescimento histórico muito aquém do setor, na baixa atratividade de dividendos no curto prazo e nos ruídos corporativos associados às transações de insiders.",Rompimento,False,False,,,Lateral,22.290000915527344,1.6599323314833159,-36.86526934415628,True,True,True,"Rompimento (vol x0.3, +1.7% do topo, MM50>MM200)"
CYRE3,BOVA11+SMALL11,BOVA11,Consumo discricionário,61.84,58.64,80.0,,,0.9,,60.89,61.03,45.54,68.79,False,30,Não,4,8,False,,True,,False,False,True,True,True,True,8,10,True,True,False,True,False,False,True,False,True,True,False,0.53,True,8959965184.0,5.5,1.0,9.35,7.26,18.26,15.44,7.03,20.62,8.77,3.1,6.18,3.37,0.73,0.5,39.95,16.4,4.56,3.68,1.17,56.08,39.17,19.83,35.31,23.3,-30.7,7.4,1.7,0.66,24.459999084472656,12.690450784526906,23.54078620529741,58.92636143077502,49.47278405580747,81.06829420822585,33.59198317214087,42.53306323095706,5.402789814875181,,,,6,False,15.0,,,n/d,n/d,,,,False,False,,,Em Alta,24.729999542236328,-1.0917932177982426,-32.08413592184274,False,False,False,sem sinal (Em Alta)
SEER3,SMALL11,SMALL11,Consumo discricionário,61.73,62.04,60.0,,,0.9,,70.01,81.61,40.03,21.28,False,31,Não,5,8,False,,False,,False,False,True,True,True,False,6,10,True,True,True,False,False,True,True,False,True,False,True,0.74,True,1499353984.0,5.7,1.02,3.97,2.42,17.83,-1.1,17.04,11.85,2.62,1.79,1.47,1.64,0.92,0.38,13.8,29.3,4.69,9.65,0.47,59.3,40.7,8.27,13.75,41.6,-14.8,-1.8,1.41,0.47,11.710000038146973,2.0256024563125474,3.757492556459775,27.220614123762697,23.03618946634328,35.79095350185619,9.158754146,24.85807025641726,36.25018787537743,,,,5,False,17.9,,,n/d,n/d,,,,False,False,,,Lateral,12.1899995803833,-3.9376501949086595,-17.12668122217986,False,False,False,sem sinal (Lateral)
TOTS3,BOVA11+SMALL11+Wishlist,BOVA11,Tecnologia de informação,61.5,58.24,80.0,,,0.5,,86.25,32.16,49.84,14.18,False,32,Rompimento,6,8,False,,True,,False,False,True,True,True,True,8,10,True,True,True,True,True,False,True,False,True,True,True,0.55,True,18782568448.0,13.31,3.48,2.15,1.39,26.12,14.98,23.37,21.63,7.65,2.09,1.25,1.84,0.92,0.89,18.49,269.5,15.57,7.39,1.0,42.41,54.01,27.05,47.43,21.8,-30.5,6.0,0.96,0.44,32.939998626708984,3.2683152943914644,6.062724871096166,32.79150877564943,22.958112837102338,40.560209881451186,10.59424454785779,29.945453297008168,23.794248070540796,,,,6,False,12.4,,,2026-11-04,2026-06-16,última,"A TOTVS (TOTS3) apresenta-se como uma operação de alta eficiência operacional no setor de tecnologia da informação, o que é evidenciado por um ROE de 26,1% e um ROIC de 23,4%, ambos significativamente acima das médias setoriais de 9,1% e 13,4%, respectivamente. Essa robusta qualidade de retorno convive com múltiplos de valuation que dividem opiniões, pois, embora o P/L de 13,31 e o P/VP de 3,48 reflitam o prêmio cobrado por uma empresa líder, o indicador PEG de 0,89 sugere que o preço atual está atrativo quando ponderado pelo forte ritmo de crescimento dos lucros. No âmbito financeiro, a excelente rentabilidade traduzida em uma margem líquida de 21,63% suporta uma estrutura de capital cujo endividamento, medido pela relação Dívida Líquida/EBITDA de 2,09, situa-se acima da média dos pares de 1,16, mas ainda permanece em patamar controlado e respaldado por uma confortável liquidez corrente de 1,84. Essa alavancagem moderada e o foco na reinvestimento explicam o modesto dividend yield de 2,15%, demonstrando que a companhia prioriza a expansão em detrimento de proventos imediatos, uma estratégia coerente com o seu perfil de crescimento. O forte apelo de expansão é comprovado pelo impressionante CAGR de receita de cinco anos de 269,5%, que supera com folga a média setorial de 74,1%, ajudando a empresa a cumprir seis dos oito critérios do checklist fundamentalista, falhando apenas no nível de endividamento comparado aos pares e nas transações de insiders. Sob a ótica de valuation, as metodologias de preço-teto revelam uma enorme dispersão de premissas, variando desde os conservadores R$ 3,25 pelo método de Bazin e R$ 6,03 por Gordon — ambos penalizados pelo baixo dividendo —, passando por R$ 22,83 em Graham, até encontrar forte sustentação nos modelos de fluxo de caixa descontado (DCF) a R$ 32,60 e de Lynch a R$ 40,33, este último indicando potencial de valorização frente ao preço atual de R$ 32,75. Em suma, os principais pontos positivos da tese residem na extraordinária rentabilidade, no crescimento acelerado frente aos concorrentes e na forte geração de caixa, enquanto os pontos negativos concentram-se no endividamento superior à média do setor, na baixa distribuição de dividendos e no valuation esticado sob a ótica estrita de ativos tangíveis e proventos.",Rompimento,True,False,,,Em Alta,32.75,0.5801484785007194,-30.91989380115977,True,True,True,"Rompimento (vol x0.3, +0.6% do topo, MM50>MM200)"
ABCB4,SMALL11,SMALL11,Produtos financeiros,61.5,65.73,37.5,16.87,,0.4,,51.37,70.45,83.86,82.27,False,33,Não,2,6,False,,True,,False,False,True,,False,True,3,8,True,False,False,,False,,True,False,True,True,True,,True,5970904064.0,5.89,0.83,11.31,10.05,14.05,14.98,0.0,40.92,,,,,,1.03,59.19,-2.9,4.85,1.54,,89.78,10.19,19.15,26.85,21.0,-13.7,-2.1,0.91,0.69,23.170000076293945,16.630273080869674,29.78310533318384,50.321467937364304,49.70734886239695,62.086610100201916,45.76201165302524,24.688109798737763,,35.624214501110764,37.77255849310454,33.99530264379409,4,True,3.0,46.72120212280837,53.751464755320264,n/d,n/d,,,,False,False,,,Em Baixa,24.15999984741211,-4.097681197726533,-15.216367414142029,False,False,False,sem sinal (Em Baixa; sem novo topo (-4.1%))
TEND3,SMALL11,SMALL11,Consumo discricionário,61.16,63.13,50.0,,,0.9,,76.97,57.49,53.22,34.75,False,34,Não,5,8,False,,False,,False,False,True,True,False,False,5,10,True,True,True,False,False,True,True,False,True,False,True,0.24,True,4039869952.0,7.08,2.66,4.37,3.32,37.61,-8.65,14.39,12.08,4.84,0.47,0.46,1.96,0.79,0.47,23.51,-11.5,4.83,7.18,0.76,81.81,18.11,20.2,36.71,63.1,-10.3,3.7,1.62,0.56,32.939998626708984,7.81377899562974,14.494560036893168,61.6461838706065,36.004550110022194,85.23910809879253,22.514801130999526,56.29576036485576,29.283249880378108,,,,6,False,10.9,,,n/d,n/d,,,,False,False,,,Lateral,33.66999816894531,-2.16810092644919,-11.527755296180509,False,False,False,sem sinal (Lateral)
SAPR11,SMALL11,SMALL11,Serviços públicos,60.81,59.19,70.0,,,0.1,,57.7,57.25,64.41,60.28,True,35,Não,4,8,False,,True,,False,False,False,True,True,True,7,10,False,False,True,False,False,True,True,True,False,True,True,0.21,True,10109961216.0,22.34,0.84,1.64,6.34,3.76,14.91,11.83,6.04,3.97,0.89,1.05,1.86,0.6,1.94,141.72,11.5,6.29,5.91,0.51,53.34,46.66,31.45,47.9,6.4,-30.2,-11.9,0.98,0.55,33.45000076293945,15.156956547458472,28.116154395535464,19.83941406038262,36.627406099894806,26.71765445112902,15.033916666666668,14.823411260210412,77.18477100586637,22.33070192589678,19.83941406038262,17.855472654344357,7,True,5.2,-46.62041181736796,-33.24155032415478,n/d,n/d,,,,False,False,,,Em Baixa,34.83000183105469,-3.9621044948806583,-31.342364686302226,False,False,False,sem sinal (Em Baixa; sem novo topo (-4.0%))
ITSA4,BOVA11,BOVA11,Financial Services,60.52,59.44,66.66666666666667,,,0.4,,60.83,48.35,,80.85,False,36,Pivô de alta,5,6,False,,True,,False,False,True,,True,True,6,9,True,True,True,,True,,True,False,True,True,True,,True,145135190016.0,7.93,1.54,8.77,9.4,19.36,17.48,0.38,214.29,,,,,,1.61,74.54,28.4,6.82,0.38,0.64,16.02,79.82,9.72,14.81,33.3,-12.6,-2.7,1.23,0.88,12.949999809265137,8.694240251514254,14.081482971277046,18.89232013894953,17.577781715001667,23.399993747966963,17.348830191369725,9.423029702648952,,14.75421838827764,15.715156581323384,14.143640923191047,4,True,2.2,9.217306034799421,13.932190004525458,n/d,2026-09-01,próxima,"A Itaúsa (ITSA4) apresenta-se como uma holding financeira robusta, cujo retorno sobre o patrimônio líquido (ROE) de 19,4% e o retorno sobre o capital investido (ROIC) de 0,4% posicionam-se ligeiramente acima de seus pares do setor de serviços financeiros, sugerindo uma eficiência operacional superior à média. Essa qualidade na rentabilidade convive com múltiplos de preço atraentes, uma vez que o preço sobre o lucro (P/L) de 7,93 e o preço sobre o valor patrimonial (P/VP) de 1,54 indicam que o papel é negociado a patamares razoáveis, embora o indicador de crescimento de lucros (PEG) esteja em 1,61. A extraordinária margem líquida de 214,29% reforça a capacidade de geração de valor da companhia, permitindo que um dividend yield (DY) expressivo de 8,77% seja distribuído de forma sustentável e coerente com a forte lucratividade, sem comprometer a estrutura de capital da empresa. No quesito expansão, o crescimento anual composto (CAGR) da receita nos últimos cinco anos atingiu 28,4%, superando a média de seus pares e demonstrando uma evolução consistente dos negócios. Essa solidez é ratificada pelo checklist de critérios fundamentalistas, no qual a Itaúsa atendeu a 5 de 6 requisitos possíveis, falhando apenas no quesito de ausência de venda de ações por parte de insiders. Sob a ótica do valuation, as estimativas de preço-teto revelam uma dispersão relevante entre os métodos, variando desde os conservadores R$ 8,63 pelo método de Bazin até os otimistas R$ 23,22 pela fórmula de Lynch. A média desses modelos de precificação situa-se em R$ 14,67 e a mediana em R$ 15,66, o que resulta em um preço-teto ajustado com margem de segurança de R$ 14,09, oferecendo um potencial de valorização (upside) de 9,7% em relação ao preço atual de R$ 12,85. Em suma, o investimento em ITSA4 equilibra, como pontos positivos, uma rentabilidade acima da média setorial, forte histórico de crescimento e proventos robustos com margem de segurança atrativa, tendo como contrapartida a recente tendência gráfica de baixa no curto prazo e a sinalização de venda por parte de insiders.",Pivô de alta,False,False,,,Em Baixa,13.729999542236328,-5.680988776232299,-13.955200413732506,True,True,True,Pivô de alta
BBDC3,BOVA11,BOVA11,Produtos financeiros,60.47,60.11,62.5,15.65,,0.4,,49.0,69.04,66.43,75.18,False,37,Não,3,6,False,,True,,False,False,True,,True,True,5,8,True,False,False,,True,,True,False,True,True,True,,True,163266199552.0,6.32,0.89,9.57,8.7,14.13,11.35,0.0,26.07,,,,,,0.99,55.0,17.8,,1.07,,92.32,7.66,12.81,17.96,17.0,-16.5,-4.1,1.16,0.84,14.989999771118164,9.317371952499611,17.28372497188678,31.42681914039804,29.980532534219126,35.722157098010555,25.52809453912455,15.816560308033704,,20.889002650977247,21.405909755505665,19.2653187799551,4,True,3.4,28.5211412549476,39.35292174737006,2026-11-04,2026-09-02,próxima,,,False,False,,,Em Baixa,15.75,-4.825398278614834,-17.59301960687075,True,False,False,sem sinal (Em Baixa; sem novo topo (-4.8%))
CMIN3,BOVA11,BOVA11,Materiais,60.2,65.53,30.0,,,1.0,,82.86,46.63,34.0,97.87,False,38,Não,7,8,False,,True,,False,False,True,False,True,False,3,10,True,True,True,False,True,True,True,True,True,True,True,0.16,True,32023803904.0,13.69,4.35,18.53,16.61,31.79,32.01,20.33,13.41,5.32,0.2,0.14,1.17,1.24,0.15,227.36,90.7,14.81,8.29,0.53,80.09,19.91,4.08,6.24,45.8,-4.6,20.4,1.08,0.48,5.949999809265137,7.0584016261272025,13.093335016465959,5.758765337674438,3.657310714620607,13.038713972093069,6.133333333333334,5.258947968744205,5.450372974285578,7.431147617918049,5.946049335503886,5.351444401953498,8,True,3.6,-10.05975506721175,24.893241279546263,n/d,2026-04-17,última,,,False,False,,,Em Alta,5.96999979019165,-0.33500806749394707,-6.635392574643939,True,False,False,sem sinal (Em Alta)
ITUB4,BOVA11,BOVA11,Produtos financeiros,60.09,57.46,75.0,15.95,,0.4,,58.69,40.4,70.71,68.09,False,39,Não,4,6,False,,True,,False,False,True,,True,True,6,8,True,True,False,,True,,True,False,True,True,True,,True,438009200640.0,9.33,2.09,7.89,7.16,22.45,19.06,0.0,32.58,,,,,,1.25,66.77,8.1,7.8,1.58,,92.99,6.67,33.18,48.4,19.8,-17.9,-4.0,1.18,0.85,39.7400016784668,20.315020525615015,37.68436307501585,56.43676551336387,42.68793781446854,62.25635619433602,45.169079341204665,31.350186824365743,,39.901307113799845,41.42672120811026,37.28404908729923,4,True,2.8,-6.180051553692634,0.40590193387044504,n/d,2026-09-01,próxima,,,False,False,,,Em Baixa,42.380001068115234,-6.229351871429401,-18.396697200739165,True,False,False,sem sinal (Em Baixa; sem novo topo (-6.2%))
ISAE4,BOVA11,BOVA11,Serviços públicos,59.39,59.28,60.0,,,0.1,,61.05,48.15,60.54,76.6,True,40,Não,5,8,False,,True,,False,False,True,True,True,True,6,10,False,True,False,True,True,False,True,True,True,True,True,0.67,True,18699829248.0,6.61,0.84,6.55,8.95,12.71,14.91,9.63,26.39,7.43,3.41,4.96,5.28,0.79,1.27,59.17,220.0,8.92,6.2,0.28,54.58,44.81,21.0,31.63,26.2,-16.2,-5.6,0.98,0.68,26.5,16.944795169286955,28.32166762014498,47.862885470316655,53.34537350136779,56.69292956503213,43.06798374537021,23.78663888137709,30.25647704785019,37.53484387509325,36.6622303966102,32.99600735694918,8,True,3.3,24.513235309242187,41.64092028337076,n/d,2026-04-20,última,,,False,False,,,Em Baixa,26.709999084472656,-0.7862189879097925,-17.299671553755314,True,False,False,sem sinal (Em Baixa; sem novo topo (-0.8%))
ABEV3,BOVA11,BOVA11,Bens de primeira necessidade,59.11,58.95,60.0,,,0.0,,79.4,18.46,66.09,53.9,True,41,Não,7,8,False,,True,,False,False,True,True,True,True,6,10,True,True,True,True,True,True,True,False,True,True,True,-0.17,True,235617566720.0,14.59,2.68,5.15,5.43,18.4,17.07,20.62,18.41,8.25,-0.57,-0.39,1.02,0.03,3.82,79.24,24.6,13.76,10.3,0.81,38.81,60.59,11.06,16.9,38.1,-9.6,-3.1,0.68,0.46,15.279999732971191,5.927893157600703,8.463094273080308,10.679940428727933,11.590964154105725,9.688109069274857,14.900649031606326,5.312010440708183,10.985938597326356,9.6935748940538,10.184024749001395,9.165622274101256,8,True,2.8,-40.01555998509823,-36.560372621362035,2026-10-29,2026-09-22,próxima,,,False,False,,,Em Baixa,15.84000015258789,-3.53535615039251,-10.0789561211855,True,False,False,sem sinal (Em Baixa; sem novo topo (-3.5%))
EZTC3,SMALL11,SMALL11,Consumo discricionário,58.68,56.68,70.0,,,0.9,,50.72,59.45,67.67,54.61,False,42,Não,3,8,False,,True,,False,False,True,True,False,True,7,10,False,False,False,True,False,True,True,False,True,False,True,0.0,True,3253421312.0,6.14,0.62,8.51,5.69,10.15,7.87,5.14,36.95,10.4,0.07,0.17,3.06,0.34,0.93,34.94,-22.5,5.13,2.75,2.48,28.86,69.9,10.21,16.23,14.9,-27.7,-7.6,1.36,0.61,11.729999542236328,4.76780868653347,8.844285113519586,25.31310976134061,28.517353811616164,23.48696616346645,14.249021711531919,13.03345403028309,4.8666398905167085,18.907365098626304,18.867993937499186,16.981194543749268,6,True,6.0,44.76722256130454,61.18811454805573,n/d,n/d,,,,False,False,,,Lateral,11.760000228881836,-0.2551078746735769,-28.66492701125659,False,False,False,sem sinal (Lateral)
BLAU3,SMALL11,SMALL11,Cuidados de saúde,58.56,63.6,30.0,,,0.2,,63.08,56.67,84.65,41.13,True,43,Não,5,8,False,,True,,False,False,True,True,False,False,3,10,False,True,True,False,False,True,True,True,True,True,True,-0.01,True,2134300928.0,9.23,0.92,8.03,3.82,10.02,13.86,12.24,13.09,4.97,-0.09,-0.1,3.23,0.37,1.42,35.23,-14.8,6.67,5.15,1.38,37.94,62.5,8.35,13.7,10.7,-32.6,-7.1,0.77,0.25,9.239999771118164,2.5190385863164524,4.672816577617019,13.264355034378728,15.04071407371515,10.318008588237092,7.305908241545071,6.758244599726064,10.17145036257608,9.647356782542172,10.17145036257608,9.154305326318472,7,True,6.0,-0.9274290792468554,4.408625773967012,n/d,n/d,,,,False,False,,,Lateral,9.300000190734863,-0.645165789098312,-35.30800015339244,False,False,False,sem sinal (Lateral)
TAEE11,BOVA11+SMALL11,BOVA11,Serviços públicos,58.48,58.21,60.0,,,0.1,,73.32,26.15,48.71,89.36,True,44,Não,6,8,False,,True,,True,False,True,False,True,True,6,10,True,True,True,True,False,False,True,True,True,True,True,0.45,True,40254828544.0,8.24,1.66,7.74,11.16,20.14,22.05,11.11,36.48,9.43,4.36,5.49,3.48,1.36,5.08,91.95,13.5,8.99,6.9,0.24,66.19,33.81,31.54,43.57,23.5,-10.6,-1.5,0.89,0.69,38.95000076293945,31.046343414998613,35.68092555588907,38.80412343833984,49.955243440285514,60.41098049245596,16.767463814758347,17.444014712856042,27.972810152206673,34.76023812772376,33.36363448544384,30.027271036899457,8,True,3.6,-22.908163161141417,-10.756771638377504,n/d,2026-08-17,última,,,False,False,,,Lateral,39.42622375488281,-1.2078838564506977,-11.09737005488377,True,False,False,sem sinal (Lateral)
KEPL3,SMALL11,SMALL11,Bens Industriais,58.34,63.34,30.0,,,0.7,,64.58,45.35,65.44,98.58,False,45,Não,6,8,False,,True,,False,False,True,True,False,False,3,10,True,True,True,False,False,True,True,True,True,True,True,-0.02,True,1124442112.0,8.23,1.44,4.51,16.63,17.52,36.22,12.97,9.71,6.56,-0.07,-0.08,2.04,0.43,,136.85,-56.2,11.75,6.76,1.34,48.81,51.19,5.69,10.45,14.1,-37.9,-5.3,1.04,0.5,6.489999771118164,7.708618897724853,11.223749115087386,8.201214777597679,8.942414096654854,,8.987435936460594,2.1066307189708326,5.403392750130264,8.411137595609272,8.571814437126267,7.714632993413641,6,True,5.3,18.869541841054406,29.601508355062922,n/d,n/d,,,,False,False,,,Lateral,6.400000095367432,1.4062449126505117,-38.190478370303204,False,False,False,sem sinal (Lateral)
BBDC4,BOVA11,BOVA11,Produtos financeiros,58.31,57.57,62.5,15.65,,0.4,,49.0,60.0,66.43,72.34,False,46,Não,3,6,False,,True,,False,False,True,,True,True,5,8,True,False,False,,True,,True,False,True,True,True,,True,185703038976.0,7.18,1.01,9.27,8.33,14.13,11.35,0.0,26.07,,,,,,1.26,59.82,17.8,5.67,1.07,,92.32,7.66,14.99,20.89,13.8,-18.4,-5.1,1.23,0.82,17.049999237060547,10.146819177429494,18.037245988473828,30.151726916937893,30.03258493255526,33.26627507530904,27.924847703820436,14.817729538052896,,21.56515994666541,22.98104684614713,20.682942161532416,4,True,3.0,21.307584088186715,26.481882179739525,n/d,2026-09-02,próxima,,,False,False,,,Em Baixa,18.049999237060547,-5.540166439158534,-19.723068409126142,True,False,False,sem sinal (Em Baixa; sem novo topo (-5.5%))
VBBR3,BOVA11,BOVA11,Consumo discricionário,58.15,56.06,70.0,,,0.9,,61.44,53.35,46.65,57.45,False,47,Não,6,8,False,,True,,False,False,True,True,True,True,7,10,True,True,True,False,True,True,True,False,False,True,True,0.74,True,40097058816.0,8.08,1.74,4.43,6.06,21.49,20.83,16.06,2.48,5.95,1.52,1.33,2.01,0.93,0.74,48.99,677.0,10.19,9.71,0.57,65.98,33.8,19.01,36.13,76.3,-7.2,4.2,1.04,0.64,33.52000045776367,14.516495277058706,26.928098738943895,54.967822532842646,42.40479523447216,70.62960098718415,38.42841790328167,39.668166085391356,21.44471172385271,42.06737331513837,39.668166085391356,35.70134947685222,7,True,4.9,6.50760438335054,25.499322018639802,n/d,n/d,,,,False,False,,,Lateral,35.40999984741211,-5.337473588796316,-8.490309908996096,False,False,False,sem sinal (Lateral)
TFCO4,SMALL11,SMALL11,Consumo discricionário,58.05,59.47,50.0,,,0.9,,80.85,30.42,69.23,16.31,False,48,Não,5,8,False,,True,,False,False,True,True,False,True,5,10,True,True,True,False,False,True,True,False,True,True,True,0.22,True,1986506368.0,13.51,3.24,2.46,1.72,23.99,26.81,27.1,13.1,8.34,0.48,0.25,3.17,0.28,0.9,23.29,-89.0,8.61,16.03,1.67,41.96,57.74,12.65,18.1,3.5,-27.7,-11.5,1.25,0.67,13.09000015258789,1.611880364141752,2.99003807548295,12.83808305120574,9.384923374201447,16.204021272154172,6.104046666666666,11.723834333553922,6.457042389586753,,,,6,False,10.1,,,n/d,n/d,,,,False,False,,,Em Baixa,14.989999771118164,-12.67511439320419,-27.989320352401194,False,False,False,sem sinal (Em Baixa; sem novo topo (-12.7%))
ALUP11,SMALL11,SMALL11,Serviços públicos,57.68,55.51,70.0,,,0.1,,61.11,50.64,51.95,49.65,True,49,Rompimento,7,8,False,,True,,False,False,True,False,True,True,7,10,True,True,True,True,True,False,True,True,True,True,True,0.81,True,15668108288.0,7.76,1.12,3.31,4.76,14.38,12.27,10.21,27.68,6.25,3.48,4.77,3.17,1.11,0.86,36.92,176.5,11.88,5.7,0.32,60.84,28.54,28.44,36.3,15.8,-9.3,0.2,0.83,0.67,32.939998626708984,11.19318094795478,20.763350658456115,56.24419868606881,52.99988946123836,58.700645012928234,28.48664255783349,35.544051017063055,53.741157257199596,43.78284780725538,52.99988946123836,47.69990051511453,7,True,5.2,44.80844718808721,32.91696913355244,n/d,n/d,,,Rompimento,False,False,,,Lateral,32.65999984741211,0.8573140863595619,-10.064485868201945,False,True,False,"Rompimento (vol x0.6, +0.9% do topo, MM50>MM200)"
CPFE3,BOVA11,BOVA11,Serviços públicos,57.62,58.96,50.0,,,0.1,,76.76,40.62,29.47,83.69,True,50,Não,6,8,False,,True,,False,False,True,False,True,True,5,10,True,True,True,False,False,True,True,True,True,True,True,1.44,True,51620999168.0,8.49,2.24,8.43,10.15,26.43,27.84,15.57,13.16,5.63,2.35,2.11,0.92,1.55,2.33,86.21,21.5,10.26,8.79,0.29,71.02,27.73,35.03,52.32,27.9,-14.4,-1.9,0.96,0.65,44.79999923706055,32.493502213411986,45.53203586967642,52.815674080404136,48.72943897696702,72.8150119937113,59.98637950533624,26.186064907015528,77.15963283099738,51.964717547190006,50.77255652868558,45.69530087581702,8,True,2.9,1.9984411919718115,15.992675071749751,2026-11-12,2026-04-30,última,,,False,False,,,Lateral,46.09000015258789,-2.7988737497431138,-15.458677600321579,True,False,False,sem sinal (Lateral)
RECV3,BOVA11+SMALL11,BOVA11,Energia,57.4,62.24,30.0,,,0.9,,54.62,71.62,54.8,87.94,False,51,Não,3,8,False,,True,,False,False,True,True,False,False,3,10,False,False,False,True,False,True,True,False,True,True,True,0.36,True,3084497152.0,6.23,0.7,16.1,10.71,11.26,17.76,10.15,16.73,3.28,1.18,1.63,2.91,0.72,1.66,66.73,-14.8,6.41,5.06,0.52,50.04,49.96,8.89,13.47,18.2,-22.0,-3.1,0.69,0.38,10.510000228881836,8.040598898177738,11.389888683535354,17.069379131521007,23.872667060316655,24.389163805692355,21.03693527746079,8.479520073239636,10.059565258914928,15.54221477360731,14.22963390752818,12.806670516775363,8,True,3.0,21.85223822909346,47.88025152365627,n/d,n/d,,,,False,False,,,Em Alta,10.59000015258789,-0.755428919295198,-23.77639794874098,False,False,False,sem sinal (Em Alta)
BPAC11,BOVA11,BOVA11,Produtos financeiros,56.66,53.42,75.0,15.65,,0.4,,59.81,41.82,66.43,27.66,False,52,Não,4,6,False,,True,,False,False,True,,True,True,6,8,True,True,False,,True,,True,False,True,True,True,,True,183809490944.0,11.58,2.65,2.6,2.74,22.88,20.48,0.0,39.8,,,,,,0.77,31.7,20.0,8.96,2.41,,90.46,8.68,41.91,63.41,30.2,-14.0,-0.4,1.6,0.85,54.54999923706055,10.66542192637266,19.784357673421283,62.41688168316512,46.70988426736971,83.55491325778284,11.768333333333333,56.99956742387156,,14.072704311042424,11.768333333333333,10.5915,3,True,5.9,-80.58386773944393,-74.2021915529531,n/d,2026-08-11,última,,,False,False,,,Lateral,55.99077224731445,-2.5732329675503096,-15.499010573506421,True,False,False,sem sinal (Lateral)
SANB11,BOVA11,BOVA11,Produtos financeiros,56.17,57.26,50.0,14.99,,0.4,,52.15,61.75,57.0,69.5,False,53,Fundo duplo,3,6,False,,True,,True,False,True,,True,False,4,8,True,False,False,,True,,True,False,True,True,True,,True,160720781312.0,7.18,1.13,7.77,7.32,15.69,10.65,0.0,28.66,,,,,,0.96,52.55,49.8,6.55,1.11,,90.04,9.86,25.1,36.14,19.2,-17.2,7.9,1.17,0.65,29.90999984741211,15.63494630188313,29.002825389993202,55.19603035908223,49.80881688549394,61.502676094266775,36.63897321423963,30.624688581788337,,34.118193816299545,32.820899302116416,29.538809371904776,4,True,3.5,-1.241024665332624,14.069521866786427,n/d,2026-07-22,última,"O Santander Brasil (SANB11) apresenta-se como um ativo de transição sob a ótica fundamentalista, onde sua rentabilidade medida pelo ROE de 15,7% e pelo ROIC de 0,0% situa-se ligeiramente abaixo da média de seus pares do setor de produtos financeiros, que registram 15,9% e 0,2%, respectivamente. Essa ligeira desvantagem em eficiência é compensada por múltiplos de preço bastante atrativos, visto que o indicador P/L de 7,18 e o P/VP de 1,13 sugerem que o mercado precifica o papel com desconto, configurando uma relação favorável entre a qualidade entregue e o preço cobrado. No que tange ao crescimento, o banco demonstra um vigor excepcional com um CAGR de receita nos últimos cinco anos de 49,8%, patamar amplamente acima da média setorial de 4,2%, o que sinaliza forte expansão operacional recente. O retorno em proventos é robusto, evidenciado por um Dividend Yield de 7,77% que se mostra sustentável diante de uma sólida margem líquida de 28,66%, garantindo que a distribuição de lucros ocorra sem comprometer a estrutura de capital da instituição. No checklist de critérios fundamentalistas, a empresa atende a 3 de 6 requisitos, tendo como pontos favoráveis o ROE ou ROIC acima da taxa Selic, o crescimento superior ao setor e o valor de mercado robusto, embora peque por não superar os pares em rentabilidade e registrar vendas de insiders. Sob a ótica de valuation, a análise dos preços-teto revela uma dispersão acentuada entre as metodologias, variando desde os conservadores R$ 15,52 pelo método de Bazin e R$ 28,79 por Gordon, até estimativas mais otimistas de R$ 49,44 por Graham, R$ 54,79 por Fluxo de Caixa Descontado e R$ 61,05 por Lynch. Essa divergência resulta em uma média de R$ 33,93 e uma mediana de R$ 32,71, mas quando aplicado o preço-teto ajustado com margem de segurança de R$ 29,44, o preço atual de R$ 29,69 indica um upside negativo de -0,8% em relação a essa métrica prudente. Em balanço, o ativo destaca-se positivamente pelo seu crescimento de receita avassalador, margem líquida robusta, dividendos consistentes e múltiplos de valuation atraentes, enquanto os pontos de atenção residem na rentabilidade ligeiramente abaixo da média setorial, no sinal de alerta das transações de insiders e na ausência de margem de segurança imediata frente ao preço-teto ajustado.",Fundo duplo,False,False,,,Em Alta,29.93000030517578,-0.06682411480033457,-17.962823958421094,True,True,True,Fundo duplo — rompeu pescoço ~R$27.67 (candidato)
CMIG4,BOVA11,BOVA11,Serviços públicos,55.62,54.85,60.0,,,0.1,,55.23,50.52,37.19,99.29,True,54,Não,5,8,False,,True,,True,False,True,True,False,True,6,10,True,True,False,False,False,True,True,True,True,True,True,0.67,True,30266015744.0,6.55,1.03,10.05,17.43,15.75,21.33,9.3,10.51,6.47,2.49,3.75,1.17,0.78,,114.19,-20.4,9.14,5.94,0.42,57.36,42.63,9.61,13.28,10.0,-20.3,-5.7,0.96,0.73,10.579999923706055,13.174424894573518,19.181962646499045,16.79877850481572,19.321358612692094,,14.127676775544375,4.315070852198544,14.649957146900727,16.209026430170912,15.724367825858224,14.151931043272402,6,True,4.5,33.76116394446191,53.20440970752931,2026-11-12,2026-06-24,última,,,False,False,,,Em Baixa,11.25,-5.955556233723957,-20.6638128793742,True,False,False,sem sinal (Em Baixa; sem novo topo (-6.0%))
IGTI11,BOVA11+SMALL11,BOVA11,Imobiliário,55.56,53.01,70.0,,,0.8,,69.97,37.25,50.07,21.99,False,55,Não,3,7,False,,True,,False,False,True,True,False,True,7,10,False,False,True,True,False,True,,False,True,False,True,0.48,True,,11.31,1.46,1.21,2.45,12.93,7.32,12.16,41.91,8.65,2.15,2.47,2.73,0.9,1.21,27.76,-35.4,11.06,5.46,0.48,51.02,48.98,21.57,30.19,13.3,-19.0,-5.0,1.32,0.79,24.450000762939453,4.2871644385872765,7.952690033579398,28.643900098050196,28.54055444503909,25.498332670230315,2.970406481371267,18.466903016942442,18.657905264104524,,,,6,False,9.6,,,n/d,n/d,,,,False,False,,,Lateral,24.989999771118164,-2.160860396656772,-19.64266829518364,False,False,False,sem sinal (Lateral)
UGPA3,BOVA11,BOVA11,Consumo discricionário,55.56,53.01,70.0,,,0.9,,63.5,42.4,43.65,51.06,False,56,Não,7,8,False,,True,,False,False,True,True,True,True,7,10,True,True,True,False,True,True,True,True,False,True,True,0.63,True,35442520064.0,10.85,2.09,5.95,4.95,19.25,16.17,21.5,2.26,5.09,1.13,0.74,1.64,0.98,1.22,53.68,44.3,12.16,9.73,0.63,64.07,31.75,16.6,33.72,100.4,-1.4,16.5,0.99,0.56,33.2599983215332,11.754688550153812,21.80494726053532,40.61704864150368,33.13030773312959,42.49812886347995,23.855691268627133,25.36845063681012,27.088430898049953,28.264711731536195,26.228440767430037,23.605596690687033,8,True,3.6,-29.027065899145622,-15.018902110896848,n/d,n/d,,,,False,False,,,Em Alta,33.720001220703125,-1.3641841118543385,-2.7769681039560234,False,False,False,sem sinal (Em Alta)
BMOB3,SMALL11,SMALL11,Comunicação,55.55,53.0,70.0,,,0.4,,58.02,27.49,71.01,58.16,False,57,Rompimento,7,8,False,,True,,False,False,True,True,False,True,7,10,True,True,True,False,True,True,True,True,True,True,True,-0.3,True,2009772288.0,12.75,2.16,8.26,6.18,16.97,10.68,11.27,8.49,7.04,-1.91,-2.38,1.69,0.05,3.55,78.85,-1.0,10.75,6.02,1.43,47.82,51.18,18.09,27.93,33.2,-13.7,-0.7,1.22,0.62,24.09000015258789,10.641911899307877,14.823426141137475,18.798686999317283,21.774394841468286,18.46550015509311,23.28115701831359,9.309308555257724,19.32738879414873,17.05272180050551,18.632093577205197,16.76888421948468,8,True,2.5,-30.390684461314688,-29.21244627441978,n/d,n/d,,,Rompimento,False,False,,,Lateral,23.780000686645508,1.3036142009721363,-14.491647009623577,False,True,False,"Rompimento (vol x0.4, +1.3% do topo, MM50>MM200)"
GMAT3,SMALL11,SMALL11,Bens de primeira necessidade,55.5,53.53,66.66666666666667,,,0.0,,47.86,68.98,57.07,33.33,True,58,Não,4,8,False,,True,,False,,True,True,False,True,6,9,True,True,False,False,False,True,True,False,False,True,True,0.48,True,10801010688.0,6.58,0.96,2.57,3.24,14.52,15.23,10.1,3.99,4.62,2.21,3.06,1.74,0.56,0.58,21.31,-40.8,5.27,5.51,1.0,52.91,42.64,3.57,7.15,31.4,-34.4,13.7,1.23,0.52,4.690000057220459,1.0850619728340065,2.0127899596070824,9.44414905139378,8.851472893847141,10.452290345409832,4.221473487279243,7.022967729564768,6.926690275686126,,,,6,False,9.6,,,n/d,n/d,,,,False,False,,,Em Alta,4.639999866485596,1.077590348569002,-35.23736526355313,False,False,False,sem sinal (Em Alta)
WEGE3,BOVA11+Carteira,BOVA11,Bens Industriais,55.5,54.71,60.0,,,0.7,,86.48,7.31,59.88,19.86,False,59,Rompimento,6,8,False,,True,,False,False,True,True,False,True,6,10,True,True,True,True,False,True,True,False,True,True,True,-0.17,True,209749540864.0,33.27,11.03,4.05,2.33,33.16,31.31,24.33,15.58,21.64,-0.35,-0.2,1.59,0.29,4.46,77.52,-2.1,27.06,11.21,1.12,56.49,40.84,34.11,53.79,46.5,-7.1,8.7,0.73,0.43,49.9900016784668,8.320125037874723,15.433831945257609,19.908852486915688,12.37827861510194,14.700476777798427,20.69470307045353,11.053573462160687,13.184071615136364,14.459239126337373,13.942274196467395,12.548046776820655,8,True,2.5,-74.89888706639967,-71.0757378658667,2026-10-21,2026-06-22,última,"A WEG (WEGE3) consolida-se como uma referência de eficiência operacional no setor de bens industriais, apresentando um retorno sobre o patrimônio líquido (ROE) de 33,2% e um retorno sobre o capital investido (ROIC) de 24,3%, ambos significativamente acima da média dos seus pares setoriais, que registram 14,5% e 12,6%, respectivamente. Essa qualidade operacional excepcional, contudo, convive com múltiplos de preço bastante esticados, evidenciados pelo índice preço/lucro (P/L) de 33,27 e preço/valor patrimonial (P/VP) de 11,03, sugerindo que o mercado cobra um prêmio elevado pela resiliência da companhia. No âmbito financeiro, a excelente rentabilidade é sustentada por uma estrutura de capital extremamente robusta, onde a relação dívida líquida sobre EBITDA de -0,35 situa-se muito abaixo da média do setor de 2,38, indicando uma posição de caixa líquido que mitiga riscos de crédito. Esse endividamento sob controle e a margem líquida saudável de 15,58% garantem a sustentabilidade do dividendo distribuído, cujo rendimento (DY) de 4,05% mostra-se coerente com a geração de lucro, embora o foco da empresa permaneça voltado para o reinvestimento. Por outro lado, o crescimento recente acende um sinal de alerta, visto que a taxa de crescimento anual composta (CAGR) da receita nos últimos cinco anos foi negativa em 2,1%, ficando muito abaixo da média setorial de 27,1%. No checklist de critérios fundamentalistas, a empresa atende a 6 de 8 requisitos, falhando justamente na expansão da receita frente aos pares e na ocorrência de venda de ações por parte de iniciados (*insiders*). Sob a ótica do *valuation*, as estimativas de preço-teto revelam uma dispersão relevante entre os métodos, variando desde os conservadores R$ 8,25 pelo método de Bazin até R$ 19,75 pelo fluxo de caixa descontado (DCF), resultando em uma média de R$ 14,36 e uma mediana de R$ 13,83. Frente ao preço atual de R$ 49,58, o preço-teto ajustado com margem de segurança de R$ 12,44 projeta um potencial de valorização negativo de 74,9%, indicando que a cotação atual em tendência de alta e sinal gráfico de rompimento embute altas expectativas futuras. Em suma, os principais prós de WEGE3 residem em sua rentabilidade formidável, eficiência de margens e sólida posição de caixa líquido, enquanto os contras concentram-se no valuation esticado frente às fórmulas clássicas e no crescimento de receita abaixo da média do setor.",Rompimento,False,True,49.82,0.34,Em Alta,49.58000183105469,0.8269460110332361,-7.9126058900076295,False,True,False,"Rompimento (vol x0.3, +0.8% do topo, MM50>MM200)"
EVEN3,SMALL11,SMALL11,Consumo discricionário,54.36,53.37,60.0,,,0.9,,40.36,71.05,47.85,78.72,False,60,Não,1,8,False,,True,,False,False,True,True,False,True,6,10,False,False,False,False,False,False,True,False,True,False,True,0.36,True,896783040.0,4.56,0.47,20.27,9.09,10.28,7.88,4.93,12.83,7.38,2.85,7.13,4.66,0.64,0.76,41.46,-37.5,2.94,2.92,1.27,57.92,36.05,4.15,8.43,8.9,-46.4,-17.8,1.34,0.63,4.519999980926514,2.9353083880822712,5.4449970598926125,13.133771874402697,14.645302339270684,14.977240404072953,9.453900512997576,6.397630150525615,1.50055290042836,,,,6,False,10.0,,,n/d,n/d,,,,False,False,,,Em Baixa,4.710000038146973,-4.033971458208518,-47.01710406703058,False,False,False,sem sinal (Em Baixa; sem novo topo (-4.0%))
VIVT3,BOVA11,BOVA11,Comunicação,54.09,45.99,100.0,,,0.4,,45.36,35.84,51.88,62.41,False,61,Não,5,8,False,,True,,True,True,True,True,True,True,10,10,False,True,True,False,True,False,True,True,True,False,True,0.16,True,96091881472.0,14.67,1.47,8.02,6.45,10.05,7.53,9.1,10.68,4.24,0.56,0.86,0.95,0.3,26.97,94.59,18.5,9.86,5.51,0.48,46.12,53.66,29.28,40.95,2.7,-26.6,-12.2,0.83,0.56,30.06999969482422,13.848587073400171,14.486882207513714,15.315978113499028,30.715031033472517,14.331242211351439,30.470203957276635,6.176736321258886,38.485820315353386,17.906380131110343,14.486882207513714,13.038193986762343,7,True,6.2,-56.6405250446127,-40.45101325959618,n/d,n/d,,,,False,False,,,Em Baixa,31.209999084472656,-3.6526735760642803,-27.0622042468474,False,False,False,sem sinal (Em Baixa; sem novo topo (-3.7%))
PGMN3,SMALL11,SMALL11,Bens de primeira necessidade,53.15,57.23,30.0,,,0.0,,46.37,74.73,44.1,88.65,True,62,Rompimento,4,8,False,,True,,False,False,False,False,True,False,3,10,False,True,True,False,True,False,True,False,False,False,True,0.99,True,2544781824.0,7.74,0.74,6.72,10.75,9.61,5.91,12.78,2.1,2.69,3.59,3.94,1.78,1.02,4.79,83.18,11.1,5.19,6.26,0.83,68.82,31.1,3.13,7.54,13.1,-53.1,-15.7,1.52,0.58,3.5399999618530273,2.7173051514978015,3.121721158939881,3.7530984505468994,7.016300421000731,5.654431157492275,8.4680561464146,1.6865874760787,,4.631071423138699,3.7530984505468994,3.3777886054922095,7,True,5.0,-4.5822417544859935,30.821228052063177,n/d,n/d,,,Rompimento,False,False,,,Lateral,3.5199999809265137,0.5681812794001706,-53.54330688952109,False,True,False,"Rompimento (vol x0.3, +0.6% do topo, MM50>MM200)"
FLRY3,BOVA11+SMALL11,BOVA11,Cuidados de saúde,52.88,49.86,70.0,,,0.2,,56.4,31.4,50.91,64.54,True,63,Fundo duplo,5,8,False,,True,,False,False,True,True,True,True,7,10,False,True,True,False,True,False,True,True,True,True,True,0.7,True,10106011648.0,14.48,1.88,6.27,6.57,13.0,10.93,12.7,8.01,5.99,1.78,1.96,1.86,0.98,22.74,95.1,14.4,12.29,6.47,0.55,61.45,37.83,13.07,18.68,42.2,-0.5,15.8,0.96,0.6,18.59000015258789,8.721013002932294,9.194855066021054,9.66853669478948,16.900807175407337,9.249592247970867,17.545389524143253,3.9436525569799152,16.33960409310718,11.445431295168923,9.459064471380174,8.513158024242157,8,True,4.4,-54.20571299426777,-38.432322747584166,2026-11-05,2026-08-12,última,"A Fleury (FLRY3) apresenta uma sólida eficiência operacional no setor de cuidados de saúde, com um ROE de 13,0% e um ROIC de 12,7% que se posicionam bem acima das médias dos seus pares de 6,6% e 11,0%, respectivamente, sugerindo uma forte capacidade de geração de valor sobre o capital empregado. Essa qualidade superior, contudo, convive com múltiplos de valuation que exigem cautela, pois o P/L de 14,48 e o P/VP de 1,88 indicam que o mercado já cobra um prêmio por essa rentabilidade, o que é reforçado por um PEG elevado de 22,77. No âmbito financeiro, a boa rentabilidade é acompanhada por um endividamento que merece atenção, visto que a relação Dívida Líquida/EBITDA de 1,78 está acima da média setorial de 0,95, embora a liquidez corrente de 1,86 garanta conforto no curto prazo. O dividend yield de 6,27% mostra-se atraente e coerente com a geração de lucro da companhia, mas a sustentabilidade de novos aumentos nos proventos pode ser limitada pelo nível de alavancagem frente aos pares. Quanto ao crescimento, a empresa superou seus concorrentes com um CAGR de receita de 14,4% nos últimos cinco anos, acima da média setorial de 12,4%, o que corrobora o cumprimento de 5 dos 8 critérios do checklist fundamentalista. Sob a ótica do valuation por preço-teto, há uma dispersão relevante entre os métodos de cálculo, variando desde os mais conservadores baseados em dividendos e fluxo de caixa, como Bazin a R$ 8,75 e Gordon a R$ 9,22, até o modelo de Graham a R$ 16,95. Essa disparidade resulta em uma média de R$ 11,49 e uma mediana de R$ 9,48, o que projeta um upside negativo de 54,2% em relação ao preço-teto ajustado com margem de segurança de R$ 8,54 frente ao preço atual de R$ 18,64. Em um balanço final, os prós da Fleury concentram-se em seu crescimento histórico robusto, rentabilidade acima da média do setor e indicadores técnicos favoráveis de tendência em alta com figura de fundo duplo. Por outro lado, os contras residem no valuation esticado perante os modelos de preço-teto calculados e em um endividamento superior ao de seus pares diretos.",Fundo duplo,False,False,,,Em Alta,18.68000030517578,-0.48179952418391236,-3.702169359056817,True,True,True,Fundo duplo — rompeu pescoço ~R$17.30 (candidato)
BRBI11,SMALL11,SMALL11,Produtos financeiros,52.56,55.95,33.333333333333336,20.63,,0.4,,33.14,48.15,100.0,90.07,False,64,Não,4,5,False,,True,,False,False,True,,False,True,3,9,True,True,True,,False,,,True,True,True,True,,True,,8.46,1.67,10.73,11.84,19.7,21.77,1.85,0.0,,,,,,,100.16,-22.4,6.47,0.94,0.23,95.52,4.48,11.74,20.71,11.8,-36.6,-14.9,0.97,0.48,13.130000114440918,11.103393945189943,16.16654158419656,16.140898485837532,16.569620885620402,,7.333333333333334,4.146082440730246,,12.686041837139342,13.622146215513737,12.259931593962364,4,True,2.2,-6.62656902433395,-3.381251130480134,n/d,n/d,,,,False,False,,,Em Baixa,14.185785293579102,-7.442557160484187,-37.996285664071536,False,False,False,sem sinal (Em Baixa; sem novo topo (-7.4%))
COGN3,BOVA11+SMALL11,BOVA11,Consumo discricionário,52.53,52.0,55.55555555555556,,,0.9,,43.36,74.99,46.33,44.68,False,65,Não,2,8,False,,False,,False,,False,True,True,False,5,9,False,False,False,False,False,True,True,False,True,False,True,0.39,True,4424279040.0,6.38,0.33,5.47,4.02,5.11,0.79,10.24,8.96,3.3,2.52,3.44,1.88,0.5,1.68,25.64,30.7,4.51,4.35,0.45,44.22,55.77,2.03,4.57,8.9,-51.6,-10.5,1.57,0.61,2.2100000381469727,0.6343489004184995,0.903750562440848,3.52503924111857,7.224640326632539,2.708253379836534,2.2321129796637718,1.7527361694209582,5.1939490130304105,,,,5,False,11.4,,,n/d,n/d,,,,False,False,,,Lateral,2.2200000286102295,-0.4504500150622537,-53.24475915281448,False,False,False,sem sinal (Lateral)
RDOR3,BOVA11,BOVA11,Cuidados de saúde,52.05,48.88,70.0,,,0.2,,63.49,22.12,51.9,43.97,True,66,Não,5,8,False,,True,,False,False,True,False,True,True,7,10,True,True,True,False,True,False,True,False,True,True,True,0.72,True,77820657664.0,16.76,3.9,12.04,4.01,23.26,13.61,15.63,8.35,7.08,1.12,1.01,2.9,2.51,2.2,67.18,22.9,13.28,6.35,0.64,79.71,18.16,32.33,44.66,10.6,-20.0,0.9,1.2,0.65,35.75,10.235846080789804,18.987494479865084,28.26297732696897,20.974808022936593,24.833077047519495,22.812661512003093,15.933236577016926,26.14926632916157,21.023670922032693,21.893734767469844,19.70436129072286,8,True,2.8,-44.882905480495495,-41.192528889419044,n/d,n/d,,,,False,False,,,Lateral,36.06999969482422,-0.8871630095137917,-20.470723724988893,False,False,False,sem sinal (Lateral)
SBFG3,SMALL11,SMALL11,Consumo discricionário,51.69,48.46,70.0,,,0.9,,42.43,84.08,28.26,26.95,False,67,Não,3,8,False,,True,,False,True,True,True,True,True,7,10,False,True,False,False,True,False,True,False,False,True,False,0.81,True,1956030592.0,4.69,0.61,6.37,2.7,13.07,10.92,8.98,5.0,4.01,3.49,5.45,1.62,1.0,0.41,12.64,185.0,3.74,4.63,0.8,67.87,32.13,7.96,14.95,6.5,-43.3,-18.3,1.63,0.66,8.479999542236328,1.6330313427236058,3.0292731407522884,23.95735478350348,23.781308621894386,25.518496054022357,6.707095940462063,17.806303542456615,14.149545867957425,,,,6,False,15.6,,,n/d,n/d,,,,False,False,,,Em Baixa,9.359999656677246,-9.401710969221488,-44.51912711784766,False,False,False,sem sinal (Em Baixa; sem novo topo (-9.4%))
ASAI3,BOVA11+SMALL11,BOVA11,Bens de primeira necessidade,51.44,53.46,40.0,,,0.0,,70.96,62.44,24.63,9.93,True,68,Não,5,8,False,,True,,False,False,True,False,True,False,4,10,True,True,True,False,True,False,True,False,False,True,True,3.55,False,11698113536.0,12.58,1.91,1.16,0.83,15.21,29.87,21.18,1.24,2.83,3.72,2.46,1.12,4.25,0.92,10.48,123.2,8.75,6.76,0.41,88.47,11.53,7.01,10.43,24.7,-16.2,1.0,1.69,0.62,8.739999771118164,0.5198471593790833,0.9643164806481996,9.20548465558948,8.45757146403409,10.038765340377356,0.7351743625886064,7.80242050673093,,,,,4,False,19.3,,,n/d,n/d,,,,False,False,,,Lateral,8.960000038146973,-2.4553601126357516,-17.68462347170816,False,False,False,sem sinal (Lateral)
HYPE3,BOVA11+SMALL11,BOVA11,Cuidados de saúde,51.28,53.27,40.0,,,0.2,,59.73,42.31,57.81,42.55,True,69,Rompimento,3,8,False,,True,,False,False,True,True,True,False,4,10,False,True,False,True,False,False,True,False,True,True,True,0.41,True,15621670912.0,8.79,1.06,4.83,3.87,12.1,12.72,10.74,19.82,7.51,2.16,2.82,1.86,0.52,1.1,34.03,4.6,6.89,6.32,0.5,50.22,49.77,19.85,26.59,11.8,-16.6,2.7,1.07,0.6,22.190000534057617,6.136380876558875,11.382986526016712,33.44909067989345,34.48269505905811,29.924463256306243,25.194033509101004,19.410214348963937,13.764395173961784,23.943982650471607,25.194033509101004,22.674630158190904,7,True,5.6,2.1840000561940798,7.904380685894741,n/d,n/d,,,Rompimento,False,False,,,Em Alta,21.84000015258789,1.6025658380238283,-17.215575195160206,False,True,False,"Rompimento (vol x0.5, +1.6% do topo, MM50>MM200)"
MDIA3,SMALL11,SMALL11,Bens de primeira necessidade,51.07,54.79,30.0,,,0.0,,38.49,64.92,89.16,34.04,True,70,Não,3,8,False,,True,,False,False,False,True,False,True,3,10,False,False,False,False,True,True,True,False,False,False,True,-0.04,True,5882577920.0,9.04,0.69,6.1,3.26,7.65,8.74,8.32,6.23,4.37,-0.31,-0.53,2.55,0.21,1.68,29.46,-0.9,7.52,3.48,1.38,34.41,65.59,16.79,28.44,4.4,-38.4,-8.9,0.71,0.4,17.530000686645508,4.079940078544872,6.997464839911312,23.7559502543102,33.29388166100294,16.78344461309817,20.297551139546826,11.758296411701952,22.7695093550792,,,,6,False,8.2,,,n/d,n/d,,,,False,False,,,Lateral,17.549514770507812,-0.11119443538746276,-39.28228553935645,False,False,False,sem sinal (Lateral)
LOGG3,SMALL11,SMALL11,Imobiliário,50.97,49.38,60.0,,,0.8,,51.39,52.4,18.99,93.62,False,71,Não,2,8,False,,True,,True,True,True,True,False,False,6,10,False,False,False,True,False,False,True,False,True,False,False,0.57,True,2114038528.0,5.61,0.6,28.77,13.45,10.63,8.83,3.04,136.74,19.24,121.08,302.7,0.52,0.64,2.15,75.46,-33.1,3.93,0.1,0.28,45.7,53.91,15.97,28.1,51.4,-14.0,-3.7,0.93,0.52,24.18000030517578,23.230943060707787,29.296358523369996,38.825066344238486,62.51590250941101,69.21854941297758,41.7166069808038,18.582393350576165,,40.48368859744069,38.825066344238486,34.94255970981464,7,True,3.7,44.51017067330272,67.42633617244029,n/d,n/d,,,,False,False,,,Em Baixa,25.620685577392578,-5.623133182228512,-15.159474621456026,False,False,False,sem sinal (Em Baixa; sem novo topo (-5.6%))
SBSP3,BOVA11,BOVA11,Serviços públicos,50.71,50.84,50.0,,,0.1,,71.47,32.43,40.45,24.82,True,72,Não,7,8,False,,True,,False,False,True,False,False,True,5,10,True,True,True,True,False,True,True,True,True,True,True,0.76,True,88796823552.0,10.82,1.93,2.74,2.57,17.8,17.28,12.72,19.67,7.99,2.25,2.48,1.47,1.14,0.84,27.79,-33.9,10.18,7.77,0.3,59.31,40.69,22.14,35.21,14.1,-28.3,-13.4,1.12,0.71,25.25,4.631678126569153,8.59176292478578,30.920748613678374,26.209597806014433,35.98960429823553,11.789667853109213,25.089209253152063,25.293981508947795,25.88213488885624,25.751789657481112,23.176610691733,6,True,7.8,-8.211442805017821,2.50350451032173,n/d,n/d,,,,False,False,,,Em Baixa,27.709999084472656,-8.877658483399664,-28.506712065429863,False,False,False,sem sinal (Em Baixa; sem novo topo (-8.9%))
BEEF3,BOVA11+SMALL11,BOVA11,Bens de primeira necessidade,50.52,54.14,30.0,,,0.0,,67.41,58.54,28.11,35.46,True,73,Não,5,8,False,,False,,False,False,True,False,False,True,3,10,True,True,True,False,False,True,True,False,False,True,True,9.15,False,3994306048.0,8.84,2.57,4.83,3.4,29.04,144.02,16.55,0.8,3.83,2.98,2.52,1.43,13.46,0.59,30.04,-57.5,5.43,5.34,0.65,95.87,2.86,3.04,7.18,32.6,-43.9,7.0,0.84,0.34,4.03000020980835,0.9782863546105556,1.8147211878025804,6.040441490945772,4.010547215983552,8.387557931184732,3.760485277130923,5.516176757769348,13.25703829063313,,,,5,False,13.6,,,n/d,n/d,,,,False,False,,,Em Alta,4.050000190734863,-0.4938266662867674,-44.90633918672064,False,False,False,sem sinal (Em Alta)
GGPS3,SMALL11,SMALL11,Bens Industriais,50.29,50.34,50.0,,,0.7,,61.08,43.8,49.95,19.15,False,74,Não,5,8,False,,True,,False,False,True,False,True,True,5,10,True,True,False,False,True,True,True,False,False,True,True,0.48,True,9434474496.0,10.3,2.1,2.33,2.32,20.36,19.43,11.88,5.1,6.54,1.03,1.22,2.87,1.38,0.69,23.85,207.7,7.64,7.28,0.78,74.55,25.29,11.0,19.55,14.0,-35.9,-3.1,1.14,0.64,12.539999961853027,2.074260016618082,3.847752330826541,16.131553348985687,12.789705209177558,21.081518413635784,9.294207014285712,14.73145626586618,10.057184777770054,,,,6,False,10.2,,,n/d,n/d,,,,False,False,,,Lateral,12.539999961853027,0.0,-36.183205062113075,False,False,False,sem sinal (Lateral)
CSMG3,BOVA11+SMALL11,BOVA11,Serviços públicos,49.96,48.19,60.0,,,0.1,,64.33,15.32,34.5,85.11,True,75,Não,5,8,False,,True,,False,False,True,False,False,True,6,10,True,True,True,False,False,True,True,False,True,True,True,0.9,True,20919439360.0,16.32,2.38,3.94,10.18,14.6,15.68,11.59,14.88,8.91,2.77,3.34,1.22,1.06,,166.16,-21.2,11.44,6.35,0.28,51.64,48.36,26.5,67.45,108.2,-18.2,-4.7,0.88,0.47,55.16999816894531,40.122716793789195,58.41867565175708,35.15735177432789,41.989980491216805,,33.8014680094549,9.030803271702359,46.99763460276407,42.747971220551655,41.056348642502996,36.9507137782527,6,True,6.5,-33.02389884969777,-22.515909662266232,n/d,n/d,,,,False,False,,,Em Baixa,63.709999084472656,-13.404490720843077,-18.652317285168472,False,False,False,sem sinal (Em Baixa; sem novo topo (-13.4%))
EGIE3,BOVA11+Wishlist,BOVA11,Serviços públicos,49.83,51.56,40.0,,,0.1,,78.55,23.73,19.45,63.83,True,76,Não,7,8,False,,True,,False,False,True,False,True,False,4,10,True,True,True,True,True,False,True,True,True,True,True,1.43,True,40975921152.0,10.32,2.72,3.13,6.54,26.37,32.12,11.59,28.94,8.75,3.56,4.3,1.09,2.06,1.2,67.5,270.0,11.03,6.68,0.19,74.84,23.06,26.83,37.14,7.8,-22.1,-9.2,0.92,0.62,28.93000030517578,13.514885159252612,25.070111970413596,37.143653492594865,25.900932293905306,42.36277218971286,42.157726980154834,22.592508852260618,24.746410961533314,29.1861252374785,25.485522132159453,22.936969918943507,8,True,3.1,-20.715625036340146,0.8853264071929434,2026-08-05,2026-08-21,última,"A Engie Brasil (EGIE3) se destaca no setor de serviços públicos por sua alta eficiência operacional, apresentando um ROE de 26,4% e um ROIC de 11,6% que se posicionam acima dos pares setoriais (12,1% e 9,6%, respectivamente), o que evidencia uma forte capacidade de gerar valor sobre o capital empregado. Essa qualidade superior, contudo, convive com múltiplos de preço que sugerem um prêmio em relação ao valor patrimonial, dado que o P/VP de 2,72 indica uma valorização patrimonial esticada, embora o P/L de 10,32 mostre-se razoável frente ao forte retorno gerado. No âmbito financeiro, a excelente rentabilidade traduzida por uma margem líquida de 28,94% é contraposta por um endividamento elevado, com a relação Dívida Líquida/EBITDA em 3,56 vezes, patamar que supera a média do setor de 3,4 vezes e acende um alerta sobre a alavancagem financeira da companhia. Esse endividamento mais robusto e a liquidez corrente apertada de 1,09 ajudam a explicar o atual dividendo de 3,13%, um patamar moderado que reflete a necessidade de retenção de caixa para fazer frente às obrigações financeiras e sustentar a operação. Em termos de expansão, a empresa demonstra um desempenho formidável com um CAGR de receita de cinco anos de 270,0%, pulverizando a média setorial de 37,6%, o que corrobora o sucesso do seu modelo de negócios refletido no checklist de critérios, onde a companhia atendeu a expressivos 7 de 8 requisitos avaliados. Sob a ótica de valuation, as estimativas de preço-teto revelam uma dispersão acentuada entre os métodos analíticos, variando desde os conservadores R$ 13,48 pelo método de Bazin até os otimistas R$ 42,25 sob a ótica de Lynch. Enquanto a média geral dos modelos se situa em R$ 29,27, ligeiramente acima da cotação atual de R$ 28,85, o preço-teto ajustado com margem de segurança cai para R$ 22,87, resultando em um upside negativo de 20,7% em relação a essa métrica mais prudente. Como balanço final, o ativo traz como pontos positivos seu crescimento histórico exponencial, rentabilidade muito acima da média e excelente governança validada pelo checklist, enquanto os pontos negativos concentram-se na alavancagem financeira acima do setor, no rendimento de dividendos tímido para o segmento e na ausência de margem de segurança no preço atual.",,True,False,,,Lateral,29.324909210205078,-1.3466671020139764,-23.984726117224408,False,False,False,sem sinal (Lateral)
MOTV3,BOVA11,BOVA11,Bens Industriais,49.52,52.96,30.0,,,0.7,,73.12,52.86,25.0,18.44,False,77,Rompimento,6,8,False,,True,,False,False,True,False,True,False,3,10,True,True,False,True,True,False,True,True,True,True,False,1.9,False,30571177984.0,7.88,1.72,1.38,2.26,21.85,19.92,11.72,19.27,6.66,3.69,4.41,1.77,2.45,0.53,17.8,58.4,10.08,6.62,0.44,77.07,22.24,13.52,17.55,12.5,-13.3,2.0,1.29,0.78,15.210000038146973,2.4544094199732633,4.552929474050403,25.575190419473017,19.597160161838616,33.313671630942935,10.38593205872702,23.355456911367813,9.008032222978814,,,,6,False,13.6,,,n/d,n/d,,,Rompimento,False,False,,,Lateral,15.119999885559082,0.5952391089225406,-14.295484995692743,False,True,False,"Rompimento (vol x0.8, +0.6% do topo, MM50>MM200)"
CPLE3,BOVA11,BOVA11,Serviços públicos,49.37,43.97,80.0,,,0.1,,47.71,29.88,35.42,79.43,True,78,Não,5,8,False,,True,,False,False,True,True,True,True,8,10,False,True,True,False,True,True,True,False,True,False,True,0.9,True,43564187648.0,13.94,1.81,7.25,9.15,12.99,9.34,9.82,11.41,9.1,2.97,4.24,1.3,0.98,0.28,127.59,50.0,13.16,5.45,0.3,61.78,38.29,10.29,16.67,42.6,-12.0,-2.2,1.11,0.75,14.670000076293945,9.590552315943716,17.790474546075593,13.943866643536209,13.853219031236895,31.57101881555369,8.56043112128839,12.733644255606658,12.037072526305607,15.010034906943345,13.293431643421776,11.9640884790796,8,True,3.7,-18.445205065724412,2.317892494076257,n/d,n/d,,,,False,False,,,Lateral,14.899999618530273,-1.5436211283542,-13.050163066943766,False,False,False,sem sinal (Lateral)
ALOS3,BOVA11+SMALL11,BOVA11,Imobiliário,48.54,42.99,80.0,,,0.8,,50.07,38.13,24.12,60.99,False,79,Não,3,8,False,,True,,False,True,False,True,True,True,8,10,False,False,False,True,True,False,True,False,True,False,False,0.56,True,13223731200.0,14.33,1.04,11.78,6.38,7.27,9.51,6.39,31.4,4.94,3.4,7.45,0.72,0.56,22.85,91.37,60.8,13.61,3.66,0.27,46.56,50.55,20.42,32.08,29.5,-17.6,-4.0,1.2,0.81,26.440000534057617,12.04217262027214,12.686021566406314,13.883783427281545,32.48725024756107,12.92206851213997,25.18512960364121,5.656389596307078,63.75919038437338,,,,7,False,11.3,,,n/d,n/d,,,,False,False,,,Lateral,27.182300567626953,-2.7308212258287834,-18.462900298054976,False,False,False,sem sinal (Lateral)
GOAU4,BOVA11+SMALL11,BOVA11,Materiais,48.52,51.79,30.0,,,1.0,,30.52,74.53,59.88,74.47,False,80,Pivô de alta,4,8,False,,True,,False,False,False,True,True,False,3,10,False,False,True,False,True,True,True,False,False,True,True,0.5,True,13028476928.0,16.38,0.68,3.89,8.58,4.13,12.06,10.0,1.14,1.97,0.99,1.38,2.88,0.28,0.22,140.57,73.2,4.85,5.06,1.04,34.12,23.4,6.66,11.41,48.0,-13.7,-1.5,0.9,0.55,9.850000381469727,6.037830227907435,11.20017507276829,7.967796401372031,13.999615286620827,18.040293738955544,6.1112762116739185,7.276251808045403,39.053635764533915,10.090462678191923,7.967796401372031,7.171016761234828,7,True,6.5,-27.1978021978022,2.4412414965441442,n/d,n/d,,,Pivô de alta,False,False,,,Em Baixa,11.407694816589355,-13.654769523237864,-13.878857470784123,False,True,False,Pivô de alta
ECOR3,SMALL11,SMALL11,Bens Industriais,48.24,44.4,70.0,,,0.7,,49.46,56.55,28.33,23.4,False,81,Não,1,8,False,,True,,False,True,True,False,False,True,7,10,False,False,False,False,False,False,True,False,False,True,False,5.91,False,4890217472.0,8.86,1.18,4.35,2.52,13.28,19.86,11.52,4.59,5.16,4.62,5.62,2.52,6.64,0.86,22.35,-89.7,8.47,6.86,0.19,88.21,11.06,5.87,11.74,19.8,-40.1,-7.4,1.8,0.73,7.03000020980835,1.2665288937178731,2.3494110978466547,10.51326216478111,10.313088211501343,10.183622449005727,1.873452392790697,7.262837175466534,10.831059462190069,,,,5,False,8.6,,,n/d,n/d,,,,False,False,,,Lateral,7.239999771118164,-2.9005465186276003,-41.086019016296596,False,False,False,sem sinal (Lateral)
ANIM3,SMALL11,SMALL11,Consumo discricionário,48.0,49.41,40.0,,,0.9,,45.44,71.58,24.48,61.7,False,82,Não,4,8,False,,False,,False,False,False,False,True,False,4,10,True,False,True,False,True,False,True,False,False,False,False,1.75,False,1031558336.0,7.19,0.46,2.84,6.44,6.36,-2.07,14.6,3.71,3.18,3.35,3.21,1.49,2.02,2.1,46.28,205.2,3.64,6.53,0.35,72.15,22.61,1.93,5.17,41.5,-47.2,-9.7,2.07,0.51,2.7300000190734863,1.2552552132566535,1.717175357701876,3.7101232560562134,7.120500939865872,3.741343443359742,1.3405690795702219,1.8296924377944195,,2.2656931312898547,1.7734338977481476,1.596090507973333,6,True,5.7,-41.535146636555055,-17.007578188267157,n/d,n/d,,,,False,False,,,Lateral,2.740000009536743,-0.36496315432303916,-48.37840283752919,False,False,False,sem sinal (Lateral)
FESA4,SMALL11,SMALL11,Materiais,47.44,52.28,20.0,,,1.0,,28.42,71.59,72.16,71.63,False,83,Não,2,8,False,,True,,False,False,False,True,False,False,2,10,False,False,False,False,False,True,True,False,False,True,True,-0.12,True,1768888704.0,12.35,0.55,13.61,8.28,4.49,15.62,3.69,6.78,3.45,-3.62,-9.04,3.61,0.12,,102.25,-76.0,3.73,-1.74,1.53,26.31,73.65,4.8,8.69,8.7,-39.9,-18.3,1.13,0.56,5.21999979019165,3.0869099305770438,4.494540858920176,4.395789297003495,9.500510035829317,,5.225440763076465,1.1291381848072166,6.2838162911485815,,,,6,False,8.4,,,n/d,n/d,,,,False,False,,,Em Baixa,5.960000038146973,-12.416111463405233,-41.348314450223874,False,False,False,sem sinal (Em Baixa; sem novo topo (-12.4%))
SMTO3,SMALL11,SMALL11,Bens de primeira necessidade,46.94,51.69,20.0,,,0.0,,45.33,73.15,46.95,36.17,True,84,Não,3,8,False,,True,,False,False,True,False,False,False,2,10,False,True,False,False,False,True,True,False,True,True,True,0.99,True,6042315776.0,7.56,0.83,1.17,3.4,11.0,14.59,6.36,11.43,3.78,2.38,5.23,3.16,1.65,0.93,25.71,-39.3,9.7,3.45,0.45,68.55,31.45,12.82,21.12,46.0,-11.4,15.6,0.59,0.23,18.719999313354492,4.547441607025395,8.435504181032108,32.80952260607764,35.44844129765278,28.656222325346892,11.133199425912208,19.33413007553484,45.23667663542374,,,,6,False,9.9,,,n/d,n/d,,,,False,False,,,Em Alta,19.270000457763672,-2.854183348955708,-12.511767881835844,False,False,False,sem sinal (Em Alta)
IRBR3,SMALL11+Carteira,SMALL11,Insurance,46.74,49.95,28.571428571428573,,2.87,0.3,,18.15,75.51,100.0,29.08,False,85,Não,1,6,False,,False,,False,,False,,False,False,2,7,False,False,False,,False,,True,False,True,False,True,,True,4395290624.0,-29.46,0.81,2.98,2.94,-2.76,2.79,0.0,4.89,,,,,,,,-23.0,6.23,2.3,,66.23,33.77,44.53,62.39,21.6,-13.2,1.8,1.1,0.61,54.150001525878906,11.369693197943942,16.554273296206382,,,,26.3277,,,18.083888831383444,16.554273296206382,14.898845966585744,3,True,2.3,-72.4859731361865,-66.6040843549359,2026-11-12,2026-07-01,última,"A análise fundamentalista do IRB Brasil (IRBR3) revela uma companhia em momento de profunda reestruturação, evidenciada por uma clara desconexão entre qualidade operacional e múltiplos de preço. O retorno sobre o patrimônio líquido (ROE) negativo de -2.8% e o retorno sobre o capital investido (ROIC) nulo de 0.0% situam-se drasticamente abaixo das médias do setor de seguros, que registram 34.3% e 19.5%, respectivamente, sugerindo uma severa incapacidade temporária de gerar valor sobre o capital empregado. Essa baixa qualidade operacional convive com um preço sobre valor patrimonial (P/L negativo de -29.46 e P/VP de 0.81) que, embora pareça descontado frente aos pares, reflete o ceticismo do mercado quanto à recuperação dos lucros e à sustentabilidade do negócio. No âmbito do crescimento, a contração histórica da receita nos últimos cinco anos, com um CAGR negativo de -23.0% frente à média setorial de -2.5%, reforça a perda de tração operacional da resseguradora. Diante desse cenário de rentabilidade deprimida, o dividendo distribuído de 2.98% mostra-se frágil e pouco sustentável no longo prazo, uma vez que a ausência de lucros consistentes limita a capacidade de manutenção de proventos sem comprometer a estrutura de capital. O rigoroso checklist de critérios fundamentalistas confirma essa fragilidade ao aprovar apenas um dos seis requisitos avaliados, apontando que a empresa falha em superar a taxa Selic e as médias setoriais, restando como ponto positivo apenas o seu porte de mercado superior a 300 milhões de reais. Sob a ótica do valuation, os métodos de precificação teórica expõem uma expressiva dispersão e um severo prêmio no preço atual de R$ 52.94, visto que o preço-teto pelo método de Bazin situa-se em R$ 11.12 e pelo modelo de Gordon em R$ 16.19. Essa disparidade resulta em uma média de R$ 17.88 e uma mediana de R$ 16.19, gerando um preço-teto ajustado com margem de segurança de R$ 14.57, o que representa um expressivo upside negativo de -72.5% em relação à cotação de tela. Em balanço, o ativo apresenta como pontos favoráveis a sua robustez em termos de sobrevivência financeira refletida no score máximo de segurança e o desconto patrimonial, enquanto os fatores contrários pesam fortemente na tendência gráfica de baixa, na destruição histórica de receitas, na rentabilidade deficitária e no elevado prêmio de valuation em relação às métricas clássicas de fluxo de caixa e dividendos.",,False,True,57.62,-6.02,Lateral,54.20000076293945,-0.09224951357331701,-16.337010329984448,False,False,False,sem sinal (Lateral)
PRIO3,BOVA11,BOVA11,Energia,46.67,45.1,55.55555555555556,,,0.9,,60.94,40.36,34.73,6.38,False,86,Não,3,8,False,,True,,False,,True,True,True,False,5,9,False,False,False,True,True,False,True,False,True,True,True,0.77,True,48232103936.0,13.73,1.88,0.0,0.18,13.71,30.11,10.92,18.11,5.8,1.73,2.21,1.34,0.9,1.03,2.44,189.4,6.65,6.59,0.25,59.83,40.17,34.2,72.1,76.8,-16.1,-0.9,0.12,0.06,60.47999954223633,0.7665835616088914,1.4220125067844935,58.36562228220185,56.46623679021839,59.70217840380599,2.027950304316934,48.80327172797252,21.740068688253245,,,,5,False,77.9,,,n/d,n/d,,,,False,False,,,Em Alta,62.849998474121094,-3.770881446975105,-17.127984707758557,False,False,False,sem sinal (Em Alta)
GGBR4,BOVA11,BOVA11,Materiais,46.4,49.29,30.0,,,1.0,,34.35,60.97,59.6,66.67,False,87,Pivô de alta,4,8,False,,True,,False,False,False,True,True,False,3,10,False,False,True,False,True,True,True,False,False,True,True,0.18,True,44618756096.0,19.85,0.83,3.56,7.06,4.18,12.63,10.03,3.22,4.89,0.97,1.36,2.87,0.28,0.27,140.05,73.5,7.98,5.03,1.04,34.14,65.6,15.69,26.05,44.9,-12.7,-0.3,0.84,0.52,22.739999771118164,11.460001856409649,21.2583034436399,15.179093046212373,26.57433547820479,34.36775784048085,11.887333533584622,13.861662328993944,22.739999771118164,19.666060912330536,18.218698244926138,16.396828420433526,8,True,3.0,-27.894333397228234,-13.51776116854586,n/d,n/d,,,Pivô de alta,False,False,,,Em Baixa,26.04621124267578,-12.693636862395207,-13.122907672981054,False,True,False,Pivô de alta
QUAL3,SMALL11,SMALL11,Cuidados de saúde,45.99,50.58,20.0,,,0.2,,52.72,72.79,36.92,12.77,True,88,Não,4,8,False,,False,,False,False,False,True,True,False,2,10,True,False,True,False,True,False,False,True,False,False,True,0.61,True,475224096.0,18.4,0.36,0.53,1.25,1.96,0.44,22.61,1.9,1.51,2.45,1.52,0.58,0.89,12.19,22.97,60.1,3.43,5.32,0.47,66.78,32.76,1.39,2.71,20.9,-37.9,-2.9,1.95,0.57,1.6799999475479126,0.1498047211585987,0.17044787955615523,0.7420437503553872,3.09628098258236,0.2518319537213789,0.5413946637303234,0.33056167056722924,,,,,6,False,20.7,,,n/d,n/d,,,,False,False,,,Lateral,1.7200000286102295,-2.3255860695907793,-40.12339146217895,False,False,False,sem sinal (Lateral)
SAUD3,SMALL11,SMALL11,Cuidados de saúde,45.78,43.27,60.0,,,0.2,,49.65,8.23,65.95,56.74,True,89,Pivô de alta,3,8,False,,True,,False,False,False,True,False,True,6,10,False,False,False,False,False,True,True,True,True,True,True,-0.69,True,40840843264.0,38.56,2.17,0.96,6.04,5.63,39.67,4.59,9.86,20.93,-7.41,-18.52,1.06,0.01,,233.04,-19.6,9.27,5.03,0.66,34.2,65.77,10.45,16.09,33.7,-13.2,-2.2,0.77,0.38,13.970000267028809,6.030707241986151,8.780709744331835,3.76784239567167,7.244181017651588,,14.516166036785778,0.9678386373497286,6.353543969308111,,,,6,False,15.0,,,n/d,n/d,,,Pivô de alta,False,False,,,Em Baixa,14.470000267028809,-3.455424953510855,-15.227208087299704,False,True,False,Pivô de alta
MOVI3,SMALL11,SMALL11,Bens Industriais,45.11,47.78,30.0,,,0.7,,48.14,71.85,12.75,56.03,False,90,Não,4,8,False,,False,,False,False,True,False,True,False,3,10,False,False,True,False,True,False,True,True,False,False,False,5.5,False,2994847232.0,6.9,0.76,8.77,5.83,11.08,3.58,13.78,2.89,3.59,3.65,3.71,0.68,6.43,1.04,40.2,97.0,3.36,6.78,0.22,91.5,8.5,6.46,14.83,14.7,-50.0,-23.2,2.33,0.65,7.409999847412109,3.0834660852911777,5.719829588215134,14.229347533073975,15.348930393041854,13.372191684351783,14.966030154804908,7.341723102061906,,11.82967540925826,13.80076960871288,12.420692647841593,6,True,5.0,67.62068695830585,59.644745652588526,n/d,n/d,,,,False,False,,,Em Baixa,7.960000038146973,-6.90955010174722,-50.50100390624228,False,False,False,sem sinal (Em Baixa; sem novo topo (-6.9%))
BBAS3,BOVA11+Carteira,BOVA11,Produtos financeiros,44.71,50.39,12.5,14.56,,0.4,,39.32,60.88,50.86,73.05,False,91,Não,2,6,False,,True,,False,False,False,,False,False,1,8,False,False,False,,False,,True,True,True,True,True,,True,111779733504.0,7.74,0.62,2.81,8.35,7.99,14.73,0.0,21.83,,,,,,2.74,64.6,-13.8,4.26,0.79,,92.12,7.71,17.8,27.31,10.0,-28.3,-5.4,1.2,0.73,19.579999923706055,11.673122050010974,15.042146259052261,23.28447606797349,42.39724333675401,28.269048787333826,15.785918370316917,11.255304647361905,,16.44641568683841,15.41403231468459,13.87262908321613,4,True,2.0,-29.148982955714164,-16.00400535790466,2026-11-11,2026-09-02,próxima,"O Banco do Brasil (BBAS3) apresenta atualmente um perfil de investimento que demanda cautela, refletido em um ROE de 8,0% e um ROIC de 0,0%, ambos situando-se abaixo dos pares do setor, que registram médias de 15,9% e 0,2%, respectivamente. Essa rentabilidade mais modesta convive com múltiplos de preço historicamente baixos, evidenciados pelo P/L de 7,74 e pelo P/VP de 0,62, o que sugere que o mercado já precifica o desconto na qualidade operacional da instituição. No que tange à remuneração aos acionistas, o dividend yield de 2,81% mostra-se tímido e coerente com a atual geração de resultados, especialmente diante de uma margem líquida de 21,83% que, embora robusta, é pressionada por uma retração histórica, visto que o CAGR de receita de cinco anos recuou 13,8%, enquanto o setor expandiu 4,2% no mesmo período. O checklist de critérios fundamentalistas reforça esse cenário desafiador ao aprovar apenas 2 de 6 requisitos possíveis, falhando em indicadores de crescimento e rentabilidade frente à taxa Selic e aos concorrentes, restando como pontos positivos apenas o valor de mercado de R$ 111,72 bilhões e a ausência de venda de ações por controladores. Sob a ótica de valuation, as projeções de preço-teto revelam uma dispersão acentuada entre os métodos analíticos, variando desde os conservadores R$ 11,67 por Bazin e R$ 15,03 por Gordon, até os mais otimistas R$ 23,27 por DCF e R$ 42,38 por Graham. Diante da média de preço-teto de R$ 16,64 e de um valor ajustado com margem de segurança de R$ 14,23, o preço atual de R$ 19,57 resulta em um upside negativo de 27,3% em relação a essa referência ajustada, indicando prêmio no preço atual. Em suma, o ativo traz como pontos favoráveis o seu elevado valor de mercado, a sólida margem líquida e múltiplos de preço descontados, enquanto os principais fatores contrários residem na rentabilidade abaixo do setor, na contração histórica de receita e na ausência de margem de segurança perante os modelos de valuation calculados.",,False,True,22.29,-12.16,Em Baixa,21.049999237060547,-6.983369912747628,-28.909826461653722,False,False,False,sem sinal (Em Baixa; sem novo topo (-7.0%))
SYNE3,SMALL11,SMALL11,Imobiliário,44.71,45.54,40.0,,,0.8,DY5a=128.1%>=20,43.99,57.58,33.98,,False,92,Não,2,8,False,,False,,False,False,False,True,False,False,4,10,False,False,False,True,False,False,False,True,True,True,False,0.72,True,560205120.0,10.34,0.81,69.95,128.1,7.8,14.02,6.47,16.16,4.7,3.1,6.71,1.45,0.5,1.33,1324.52,-67.2,12.23,3.08,0.36,40.97,29.56,3.49,5.11,5.2,-28.2,-6.5,1.0,0.44,3.6700000762939453,33.57952863045315,62.290025609490584,4.702853095831215,6.015262074153898,10.647969273580113,6.468000000000001,2.6883587185010365,9.208250413817607,,,,5,False,23.2,,,n/d,n/d,,,,False,False,,,Em Baixa,4.079999923706055,-10.049016055855397,-29.619867231703843,False,False,False,sem sinal (Em Baixa; sem novo topo (-10.0%))
RANI3,SMALL11,SMALL11,Materiais,44.4,48.71,20.0,,,1.0,,49.25,45.64,36.71,78.01,False,93,Não,3,8,False,,True,,False,False,False,False,False,False,2,10,False,True,True,False,False,False,True,False,False,True,True,0.78,True,1780621568.0,13.85,1.25,5.17,9.01,9.03,25.63,11.69,7.65,5.01,2.42,2.89,2.1,1.38,,124.81,-70.2,5.46,4.4,0.56,63.24,36.76,7.24,9.51,7.0,-18.5,-3.4,0.63,0.46,7.75,4.988543505691679,7.263319344287084,5.819494584837545,8.835132527981887,,4.91387477971708,1.4948427024239304,7.391356178755249,6.535286820211755,6.541406964562315,5.8872662681060834,6,True,5.9,-24.0352739599215,-15.67371844888058,n/d,n/d,,,,False,False,,,Em Baixa,8.35505485534668,-7.241781961006333,-20.131068168602194,False,False,False,sem sinal (Em Baixa; sem novo topo (-7.2%))
VALE3,BOVA11,BOVA11,Materiais,44.29,48.58,20.0,,,1.0,,49.52,35.7,43.22,87.23,False,94,Não,4,8,False,,True,,False,False,False,True,False,False,2,10,True,False,True,False,False,True,True,False,False,True,True,0.41,True,334800846848.0,33.69,1.78,7.13,10.47,5.27,24.52,18.11,4.76,4.62,1.04,0.8,1.19,0.55,,352.63,-43.5,9.53,7.92,0.39,60.3,38.73,50.76,87.63,55.0,-10.2,1.7,0.85,0.57,78.66999816894531,58.81697878745065,85.63752111452816,24.285187917988463,48.18810993648745,,43.0,6.238090852560224,84.59761537189388,,,,6,False,13.7,,,n/d,n/d,,,,False,False,,,Em Alta,78.69999694824219,-0.03811789130894194,-11.725039484169564,False,False,False,sem sinal (Em Alta)
RADL3,BOVA11,BOVA11,Bens de primeira necessidade,43.98,42.92,50.0,,,0.0,,62.99,18.9,41.81,14.89,True,95,Não,6,8,False,,True,,False,False,True,False,True,True,5,10,True,True,True,False,True,True,True,False,False,True,True,1.09,True,33554409472.0,25.57,4.71,2.24,1.44,18.41,18.18,16.71,2.88,7.32,2.06,1.72,1.41,1.18,2.2,36.94,14.4,16.44,7.8,0.84,70.85,29.09,16.14,26.71,18.9,-28.2,0.4,1.22,0.57,19.190000534057617,1.9804256343234432,3.673689551669987,9.943977593909402,8.294504140937986,9.796467110592566,7.537491942586,7.481086723230916,13.538113865201336,8.609332989732598,8.294504140937986,7.465053726844188,7,True,6.8,-61.09925211520698,-55.13635877991191,n/d,n/d,,,,False,False,,,Em Alta,20.549999237060547,-6.617998800458658,-29.25912702542067,False,False,False,sem sinal (Em Alta)
RENT3,BOVA11+Wishlist,BOVA11,Bens Industriais,43.91,42.84,50.0,,,0.7,,53.99,44.51,18.29,37.59,False,96,Não,2,8,False,,True,,False,False,True,False,True,True,5,10,False,False,False,False,True,False,True,False,False,False,False,1.34,True,39501029376.0,11.7,1.48,5.75,3.47,12.63,7.58,12.27,7.39,5.06,4.1,4.68,1.14,1.71,1.56,40.55,24.5,7.76,6.27,0.33,70.15,29.84,32.03,51.57,11.6,-30.7,-13.5,1.75,0.79,35.7599983215332,8.851971615377876,16.42040734652596,40.497433996608116,40.7628893680398,33.54250630389864,50.011346195818675,22.590949226252697,50.317489387534806,36.3061459749541,40.497433996608116,36.447690596947304,7,True,5.7,1.9230769230769162,1.5272586103339592,2026-11-05,2026-06-29,última,"A análise fundamentalista da Localiza (RENT3) revela uma empresa de grande porte no setor de bens industriais, mas que atualmente enfrenta desafios operacionais e de valuation quando comparada aos seus pares. A rentabilidade da companhia, medida pelo ROE de 12,6% e ROIC de 12,3%, situa-se ligeiramente abaixo das médias setoriais de 14,5% e 12,6%, respectivamente, indicando que a eficiência na alocação de capital está aquém do mercado. Essa qualidade moderada convive com múltiplos de preço que parecem desalinhados, uma vez que o P/L de 11,7 e o P/VP de 1,48 não se mostram excessivamente descontados para compensar o retorno abaixo da média. No âmbito financeiro, a relação entre rentabilidade e endividamento acende um alerta, dado que a alavancagem medida pela relação Dívida Líquida/EBITDA está em 4,1, patamar significativamente acima da média do setor de 2,38, o que compromete a flexibilidade do balanço. Essa pressão do endividamento e a margem líquida de 7,39% limitam a sustentabilidade dos proventos, de modo que o dividend yield de 5,75% exige cautela quanto à sua manutenção futura frente ao fluxo de caixa pressionado pelos juros. O crescimento histórico também mostra desaceleração, com o CAGR de receita de cinco anos em 24,5%, ficando abaixo da média setorial de 27,1%. Esse panorama desafiador é corroborado pelo checklist de critérios fundamentalistas, no qual a empresa atendeu a apenas 1 de 8 requisitos avaliados, falhando em pontos cruciais como margem, crescimento e controle de endividamento. Sob a ótica do valuation, a análise dos preços-teto revela uma dispersão acentuada entre os métodos de fluxo de caixa descontado (DCF) e Graham, que superam os R$ 40,00, e os modelos de dividendos como Bazin e Gordon, que despencam para R$ 8,82 e R$ 16,37, resultando em uma média de R$ 36,22 e um preço-teto ajustado com margem de segurança de R$ 36,34, o que confere um upside limitado de apenas 1,9% frente à cotação atual de R$ 35,65. Como prós, destacam-se a forte presença de mercado consolidada pelo seu elevado valor de mercado e um dividend yield ainda atrativo para o setor; como contras, pesam a alavancagem financeira muito acima dos pares, a rentabilidade abaixo da média setorial e a escassa margem de segurança para novos aportes no preço atual.",,True,False,,,Em Baixa,39.20000076293945,-8.775516261363203,-32.128254454813934,False,False,False,sem sinal (Em Baixa; sem novo topo (-8.8%))
SLCE3,BOVA11+SMALL11,BOVA11,Bens de primeira necessidade,42.99,47.05,20.0,,,0.0,,52.74,36.8,37.62,65.96,True,97,Não,2,8,False,,True,,False,False,False,False,True,False,2,10,False,False,False,False,True,False,True,False,False,True,True,1.87,True,8045384192.0,20.43,1.46,5.06,7.05,7.16,17.38,10.84,4.41,6.5,4.42,5.7,2.2,1.82,0.84,144.02,24.2,11.52,6.41,0.63,73.5,23.57,12.62,19.32,28.5,-16.0,6.9,0.51,0.37,16.219999313354492,8.167354952885445,15.150443437602497,10.51957860508796,14.087420537122195,23.817913822840662,9.032508696563744,9.606558575212402,10.536839724413014,12.61482729396599,10.528209164750486,9.475388248275438,8,True,2.9,-41.58206751294977,-22.226708828651056,n/d,n/d,,,,False,False,,,Em Alta,15.90999984741211,1.9484567499402417,-16.73511450456422,False,False,False,sem sinal (Em Alta)
USIM5,BOVA11+SMALL11,BOVA11,Materiais,42.75,46.77,20.0,,,1.0,P/L=-3.76<2,10.18,88.41,71.0,58.87,False,98,Não,4,8,False,,False,,False,False,False,True,True,False,2,10,False,False,False,False,True,True,True,True,False,False,True,-0.02,True,8739693568.0,-3.76,0.42,0.0,6.27,-11.18,-0.65,4.67,-9.36,3.48,-0.18,-0.44,4.44,0.27,,,301.7,6.21,1.64,1.4,33.58,58.33,4.18,12.04,69.9,-41.0,-16.1,0.91,0.34,7.099999904632568,3.1789720718249868,5.89699319323535,,,,,,9.838891308486923,6.30495219118242,5.89699319323535,5.3072938739118145,3,True,3.1,-25.24938105352732,-11.197855269426126,n/d,n/d,,,,False,False,,,Em Baixa,7.460000038146973,-4.825739030476283,-41.707719813311606,False,False,False,sem sinal (Em Baixa; sem novo topo (-4.8%))
FRAS3,SMALL11,SMALL11,Consumo discricionário,42.32,40.97,50.0,,,0.9,,54.45,16.28,46.02,31.91,False,99,Não,5,8,False,,True,,False,False,True,False,True,True,5,10,True,False,True,False,True,True,True,False,False,True,True,0.6,True,6400893952.0,22.35,2.6,2.64,3.07,11.62,14.99,15.27,5.39,7.53,1.64,1.51,2.41,1.13,6.11,68.53,155.0,14.23,6.92,0.72,65.64,34.06,18.96,25.01,21.7,-7.7,8.4,0.81,0.52,23.079999923706055,5.055178234184941,7.092289219587079,10.348566744112992,14.361560245277387,6.942325283171718,8.426683535729142,5.132024849438271,10.63083943529065,8.498683443349023,7.75948637765811,6.9835377398922995,8,True,2.8,-69.74203742210878,-63.1772813195731,n/d,n/d,,,,False,False,,,Em Alta,23.350000381469727,-1.1563188580413941,-8.133993737245927,False,False,False,sem sinal (Em Alta)
SUZB3,BOVA11,BOVA11,Materiais,42.09,47.75,10.0,,,1.0,,52.53,60.13,29.81,31.21,False,100,Fundo triplo,5,8,False,,False,,False,False,True,False,False,False,1,10,True,True,False,True,False,False,True,True,True,True,False,1.68,False,56947367936.0,7.17,1.18,0.01,3.06,16.44,27.73,5.54,17.08,6.37,3.68,9.21,3.38,1.99,0.56,21.96,-64.0,6.34,3.15,0.57,73.83,26.09,39.68,58.97,16.5,-21.6,7.6,0.42,0.26,46.2400016784668,10.11677231853646,18.766612650885133,85.45049124681799,75.40645404193292,102.4921461836097,15.998141496213286,69.2352477458857,20.760495992189725,,,,6,False,10.1,,,n/d,n/d,,,Fundo triplo,False,False,,,Em Alta,46.34000015258789,-0.21579299480323222,-22.473266765088173,False,True,False,Fundo triplo — rompeu pescoço ~R$43.58 (candidato)
ENGI11,BOVA11,BOVA11,Serviços públicos,41.99,42.34,40.0,,,0.1,,50.77,37.82,23.96,52.48,True,101,Não,3,8,False,,True,,False,False,False,False,True,True,4,10,False,False,True,False,False,False,True,True,False,True,True,2.32,True,14591322112.0,15.69,1.22,2.41,5.38,7.78,17.19,10.25,4.13,5.81,4.32,5.9,1.56,1.99,12.95,84.43,7.9,19.75,4.83,0.34,74.62,23.0,42.0,57.51,13.4,-17.2,-2.8,1.32,0.86,47.63999938964844,18.31030859835734,20.28806970527947,24.03066739348872,51.650153812371265,20.017120327726396,23.27868573908589,10.423881433784329,117.62559763596543,,,,7,False,11.3,,,n/d,n/d,,,,False,False,,,Lateral,49.68960952758789,-4.124826412253246,-18.704322010211428,False,False,False,sem sinal (Lateral)
AXIA3,BOVA11+Carteira,BOVA11,Serviços públicos,41.65,38.41,60.0,,,0.1,,39.95,23.36,49.93,46.1,True,102,Não,3,8,False,,True,,False,False,False,True,True,True,6,10,False,False,False,True,False,True,True,False,True,False,True,0.54,True,122043449344.0,13.1,1.29,2.76,4.28,9.86,5.35,3.25,27.05,15.71,2.95,7.36,2.05,0.63,3.02,56.02,9.7,9.2,3.03,0.39,57.63,42.34,41.67,67.15,28.6,-20.2,-2.4,1.41,0.65,53.599998474121094,16.373113175898983,24.74818716504968,44.17510332815561,61.84798193454424,35.23974307713559,26.74783947971596,22.08238812210232,21.224602544769017,31.554869853421426,25.748013322382818,23.173211990144537,8,True,3.8,-56.76639431000559,-41.128972478130564,2026-11-04,2025-11-17,última,"A análise fundamentalista da AXIA3 revela uma empresa de serviços públicos que apresenta desafios operacionais significativos, uma vez que sua rentabilidade medida pelo ROE de 9,9% e pelo ROIC de 3,2% situa-se abaixo das médias do setor, de 12,1% e 9,6%, respectivamente. Essa qualidade operacional mais modesta não é compensada por múltiplos de preço atraentes, visto que o P/L de 13,1 e o P/VP de 1,29 convivem com um PEG ratio elevado de 3,02, indicando que o papel é negociado com um prêmio que não se justifica pelo seu crescimento. No quesito endividamento, a companhia demonstra solidez ao registrar uma relação Dívida Líquida/EBITDA de 2,95, que está abaixo do limite prudencial de três vezes e também abaixo da média setorial de 3,4, garantindo uma estrutura de capital equilibrada frente à sua rentabilidade atual. Essa postura conservadora no balanço, contudo, reflete-se em um dividend yield modesto de 2,76%, o qual se mostra sustentável diante do endividamento controlado, mas pouco atraente para o setor de utilidade pública. O crescimento histórico da AXIA3 também caminha em ritmo lento, com um CAGR de receita de cinco anos de 9,7% que fica muito abaixo da média setorial de 37,6%, confirmando o diagnóstico do checklist de critérios, no qual a empresa atendeu a apenas 3 dos 8 requisitos de qualidade e segurança. Sob a ótica do valuation, o preço atual de R$ 53,65 situa-se bem acima das referências de preço-teto, as quais exibem uma dispersão acentuada que vai desde R$ 16,39 pelo método de Bazin até R$ 61,91 pelo modelo de Graham. Com uma média de preço-teto de R$ 31,58 e um valor ajustado com margem de segurança de R$ 23,18, o papel apresenta um upside negativo de 56,8% em relação a essa métrica conservadora. Em balanço, os prós da AXIA3 concentram-se em sua excelente margem líquida de 27,05% e na sólida liquidez corrente de 2,05, enquanto os contras residem no crescimento muito abaixo de seus pares, no valuation esticado frente aos modelos teóricos e na rentabilidade que não supera o custo de oportunidade da taxa Selic.",,False,True,59.55,-9.99,Em Alta,53.709999084472656,-0.20480471462782646,-20.990564021914714,False,False,False,sem sinal (Em Alta)
PNVL3,SMALL11,SMALL11,Bens de primeira necessidade,41.64,36.64,70.0,,,0.0,,36.35,42.7,36.65,22.7,True,103,Não,4,8,False,,True,,False,False,True,False,True,True,7,10,False,True,False,False,True,False,True,True,False,False,True,0.81,True,1832839040.0,13.31,1.39,2.7,2.49,10.45,8.49,9.66,2.33,5.77,4.17,6.05,1.75,1.07,1.91,33.15,17.6,8.39,4.98,0.9,66.54,33.46,8.82,16.07,39.2,-23.6,2.2,1.41,0.7,12.270000457763672,2.18278636322614,4.0490687037844895,12.21468866005775,13.53129648882698,8.73599856703865,5.7338740112438895,6.510726507089212,12.270000457763672,9.006521913686377,8.73599856703865,7.8623987103347845,7,True,6.2,-35.92177329251882,-26.597216155867166,n/d,n/d,,,,False,False,,,Em Alta,12.420000076293945,-1.2077263897653068,-24.702119548239352,False,False,False,sem sinal (Em Alta)
VAMO3,BOVA11+SMALL11,BOVA11,Bens Industriais,41.16,44.89,20.0,,,0.7,,52.09,52.66,27.21,28.37,False,104,Não,4,8,False,,True,,False,False,False,False,False,False,2,10,True,False,True,False,False,False,True,True,False,True,False,3.87,False,3714091264.0,11.65,1.11,4.14,2.93,9.57,14.8,15.52,5.1,3.89,3.09,2.79,1.67,4.84,1.85,34.13,-1.9,5.09,7.32,0.32,88.84,11.16,2.48,4.82,22.6,-36.9,-7.0,2.06,0.65,3.0399999618530273,0.636213658933836,1.1801763373222658,3.457510686227691,4.009963182307975,2.4093855629370275,2.8236728197509677,1.730991316400728,8.97296108460449,,,,6,False,14.1,,,n/d,n/d,,,,False,False,,,Em Baixa,3.319999933242798,-8.43373424758721,-38.46153994654984,False,False,False,sem sinal (Em Baixa; sem novo topo (-8.4%))
UNIP6,SMALL11,SMALL11,Materiais,39.31,42.72,20.0,,,1.0,,51.72,10.94,34.97,97.16,False,105,Não,4,8,False,,True,,False,False,True,False,False,False,2,10,False,True,True,False,False,False,True,True,False,True,True,1.25,True,6373624832.0,24.68,3.29,11.14,15.84,13.34,34.18,11.66,5.09,8.88,2.72,3.27,2.39,1.85,,390.97,-46.1,10.79,4.48,0.47,74.89,24.93,53.05,71.62,7.6,-20.3,-6.5,0.71,0.4,57.099998474121094,64.61048072557946,94.07285993644369,24.061587687636116,30.057774990414213,,30.036623802606314,6.180655079104333,20.10066765540817,,,,5,False,15.2,,,n/d,n/d,,,,False,False,,,Em Baixa,63.5,-10.078742560439224,-21.454790725479523,False,False,False,sem sinal (Em Baixa; sem novo topo (-10.1%))
AUAU3,SMALL11,SMALL11,Consumo discricionário,39.09,34.22,66.66666666666667,,,0.9,,31.38,52.09,30.07,10.64,False,106,Não,2,8,False,,,,,,False,True,True,,2,3,False,False,False,False,False,True,True,False,False,False,True,0.51,True,2840619520.0,14.89,0.9,0.91,0.92,6.04,,7.01,3.84,3.1,2.53,5.05,1.26,0.7,2.86,13.7,22.2,9.73,5.6,,,,2.8,3.87,17.7,-14.6,-1.5,0.87,0.42,3.299999952316284,0.21684239470974298,0.3634814045735554,2.653561778099203,4.27598909598371,1.359135937919053,0.5323397964800847,1.3182160385963642,10.551969709485947,,,,3,False,48.7,,,n/d,n/d,,,,False,False,,,Lateral,3.619999885559082,-8.839777440859676,-18.186061169569857,False,False,False,sem sinal (Lateral)
HAPV3,BOVA11+SMALL11,BOVA11,Cuidados de saúde,38.81,35.85,55.55555555555556,,,0.2,P/L=-18.59<2,12.07,81.06,47.95,5.67,True,107,Não,2,8,False,,False,,False,,False,True,True,False,5,9,False,False,False,False,True,False,True,False,False,False,True,0.16,True,3126078464.0,-18.59,0.07,0.0,0.13,-0.36,-1.11,2.12,-0.55,4.15,3.07,7.69,1.84,0.33,,,41.3,5.62,1.55,0.45,33.25,66.74,6.09,41.71,8.0,-84.2,-39.9,1.58,0.35,6.579999923706055,0.06304627444060888,0.11695083908732948,,,,,,14.71821264961132,,,,2,False,233.5,,,n/d,n/d,,,,False,False,,,Em Baixa,11.130000114440918,-40.88050443801292,-84.5757150791335,False,False,False,sem sinal (Em Baixa; sem novo topo (-40.9%))
EMBJ3,BOVA11,BOVA11,Bens Industriais,38.74,33.81,66.66666666666667,,,0.7,,44.47,12.26,49.4,8.51,False,108,Não,4,8,False,,False,,False,,True,True,True,False,6,9,False,False,False,False,True,True,True,True,False,False,True,0.14,True,69581692928.0,30.63,3.98,1.02,0.71,13.01,5.09,9.61,5.28,11.65,0.52,0.76,1.44,0.69,3.01,21.89,113.9,16.92,3.7,0.82,70.5,26.66,68.4,103.57,42.9,-5.6,19.1,0.83,0.37,97.75,4.990675799730838,9.257703608500703,42.28493307215148,41.99455568779873,34.71007977470821,17.696696289002702,28.909315060554803,43.280360647538366,,,,6,False,8.7,,,n/d,n/d,,,,False,False,,,Em Alta,101.29000091552734,-3.4949164611811856,-7.000991750611862,False,False,False,sem sinal (Em Alta)
NATU3,BOVA11+SMALL11,BOVA11,Bens de primeira necessidade,38.35,42.91,12.5,,,0.0,P/L=-4.53<2,39.45,56.23,54.25,2.48,True,109,Fundo duplo,2,8,False,,False,,,,False,True,False,False,1,8,False,False,False,False,False,True,True,False,False,True,True,0.35,True,12263580672.0,-4.53,0.96,0.0,0.0,-21.11,16.32,10.18,-12.47,5.17,2.58,3.54,1.68,0.54,,,-88.9,9.34,2.55,0.77,55.21,44.79,7.2,10.7,24.0,-16.5,-1.6,1.16,0.42,8.930000305175781,,,,,,,,10.99513176664049,10.99513176664049,10.99513176664049,9.895618589976442,1,True,1.0,10.813194309086338,23.125771454540377,n/d,n/d,,,Fundo duplo,False,False,,,Lateral,8.760000228881836,1.9406400896366804,-19.910308424271673,False,True,False,Fundo duplo — rompeu pescoço ~R$8.73 (candidato)
AZZA3,BOVA11+SMALL11,BOVA11,Consumo discricionário,37.97,39.38,30.0,,,0.9,,24.83,62.45,43.8,38.3,False,110,Não,1,8,False,,True,,False,False,False,True,False,True,3,10,False,False,False,False,False,False,True,False,False,True,True,0.38,True,3044769024.0,9.33,0.38,16.91,3.53,4.03,11.4,5.88,2.85,3.59,2.74,6.52,2.26,0.49,3.45,32.97,-94.3,3.15,3.33,0.93,48.36,51.64,14.54,31.78,3.6,-52.6,-19.4,1.24,0.48,15.0600004196167,3.801509007147382,4.837590078066349,14.67196713703748,37.9388028614282,10.064505637579948,48.41183707977873,7.05278117348776,28.562561083579517,,,,4,False,12.7,,,n/d,n/d,,,,False,False,,,Em Baixa,17.010000228881836,-11.463843521613647,-53.871236636414565,False,False,False,sem sinal (Em Baixa; sem novo topo (-11.5%))
SMFT3,BOVA11+SMALL11,BOVA11,Consumo discricionário,37.94,37.58,40.0,,,0.9,,49.56,40.01,13.61,25.53,False,111,Não,1,8,False,,False,,False,False,True,False,False,False,4,10,False,False,False,False,False,False,True,False,True,False,False,1.82,False,10709249024.0,15.66,1.77,5.78,2.63,11.3,9.4,10.6,8.53,3.94,4.32,5.7,1.2,2.24,2.36,41.16,-6.3,8.63,5.98,0.3,73.66,26.34,16.61,26.03,5.1,-33.0,-7.5,1.29,0.61,17.450000762939453,3.27622049066089,6.077389010175951,14.76452810401965,15.721869870005493,10.33758722275712,13.01098978897402,7.633652089391657,,11.257669347553984,11.67428850586557,10.506859655279014,6,True,4.8,-39.78877251631058,-35.48613836474338,n/d,n/d,,,,False,False,,,Em Baixa,19.940000534057617,-12.487460904854197,-33.91099046310695,False,False,False,sem sinal (Em Baixa; sem novo topo (-12.5%))
RAIL3,BOVA11,BOVA11,Bens Industriais,37.28,35.03,50.0,,,0.7,,50.27,26.42,22.29,13.48,False,112,Rompimento,2,8,False,,False,,False,False,False,False,True,True,5,10,False,False,False,False,True,False,True,False,True,False,False,1.64,False,27336851456.0,22.01,1.87,0.75,1.31,8.48,1.9,12.06,8.53,6.07,3.16,3.66,1.31,2.01,3.65,28.84,56.8,11.48,7.07,0.25,73.88,25.74,12.33,17.04,19.5,-13.6,2.5,1.14,0.58,14.729999542236328,1.378525174793965,2.557164199242805,8.867446339601605,10.890884890435855,4.915425297095217,7.6931337173910626,4.326366509667036,11.596879837632533,,,,7,False,8.4,,,n/d,n/d,,,Rompimento,False,False,,,Em Alta,14.529999732971191,1.3764612039964597,-14.996340562345111,False,True,False,"Rompimento (vol x0.4, +1.4% do topo, MM50>MM200)"
TIMS3,BOVA11,BOVA11,Comunicação,36.97,31.14,70.0,,,0.4,,31.11,7.74,37.39,77.3,False,113,Não,3,8,False,,True,,False,False,False,True,True,True,7,10,False,False,False,True,True,False,True,False,True,True,True,0.49,True,44773752832.0,3282.69,1.79,7.83,8.95,0.05,11.85,0.76,15.78,114.52,1.05,2.63,0.85,0.66,1313.08,29387.79,2.5,8.92,7.75,0.43,57.89,42.11,17.94,27.96,5.1,-32.6,-15.5,0.81,0.49,18.850000381469727,12.053700787132273,15.040922286552009,,,,30.75,,0.7006755889226713,,,,3,False,43.9,,,n/d,n/d,,,,False,False,,,Em Baixa,18.899999618530273,-0.2645462331730686,-33.50883595009474,False,False,False,sem sinal (Em Baixa; sem novo topo (-0.3%))
CBAV3,SMALL11,SMALL11,Materiais,36.96,38.19,30.0,,,1.0,,39.03,39.2,38.9,30.5,False,114,Não,4,8,False,,False,,False,False,True,True,True,False,3,10,False,True,False,False,True,False,True,True,False,False,True,0.57,True,7252950016.0,12.17,1.44,0.39,3.04,11.81,-1.32,6.25,6.41,6.53,1.95,4.36,2.06,0.89,1.64,37.03,28.1,9.52,3.49,0.48,67.68,30.73,3.02,11.18,269.2,-0.4,3.3,0.25,0.12,11.140000343322754,2.420868470402717,4.490711012597039,12.128595279295519,12.622632207225458,9.592698654460944,0.792385542081216,6.7245256038549455,7.152473899017708,,,,6,False,15.9,,,n/d,n/d,,,,False,False,,,Em Alta,11.180000305175781,-0.3577814021571091,-0.4468207232840138,False,False,False,sem sinal (Em Alta)
YDUQ3,BOVA11+SMALL11,BOVA11,Consumo discricionário,36.26,35.6,40.0,,,0.9,,34.82,43.66,25.21,39.72,False,115,Não,1,8,False,,False,,False,False,False,False,True,False,4,10,False,False,False,False,False,False,True,False,False,False,False,1.48,True,2167903744.0,21.1,0.82,6.51,3.6,3.89,5.03,11.35,2.04,3.87,3.14,3.87,1.61,1.72,22.57,75.97,1.0,4.02,7.39,0.4,70.08,29.69,7.32,14.76,16.4,-42.3,-7.3,1.61,0.58,8.520000457763672,2.191058245094793,2.3697908123633478,3.119501622958909,9.715892999792255,1.8312813011444933,5.908632712687107,1.3159849469234677,14.175629105918253,,,,6,False,10.8,,,n/d,n/d,,,,False,False,,,Lateral,8.880000114440918,-4.054050135560294,-44.277302295485974,False,False,False,sem sinal (Lateral)
RAPT4,SMALL11,SMALL11,Bens Industriais,36.0,40.59,10.0,,,0.7,P/L=-4.86<2,19.47,82.59,32.16,47.52,False,116,Não,1,8,False,,False,,False,False,False,False,True,False,1,10,False,False,False,False,False,False,True,False,False,False,True,1.82,False,1691135744.0,-4.86,0.56,0.0,4.31,-11.45,8.95,9.51,-2.65,3.86,2.95,4.35,2.12,2.11,,,0.5,3.8,5.22,0.76,74.66,17.25,4.35,6.9,11.5,-29.7,-2.2,1.3,0.58,4.849999904632568,1.4918133976683323,1.554801074458773,,,,,,13.343553978667625,,,,2,False,8.9,,,n/d,n/d,,,,False,False,,,Lateral,5.070000171661377,-4.3392556130174125,-30.911682082476933,False,False,False,sem sinal (Lateral)
POSI3,SMALL11,SMALL11,Tecnologia de informação,35.62,36.61,30.0,,,0.5,,21.47,52.33,36.69,65.25,False,117,Não,0,8,False,,True,,False,False,False,True,True,False,3,10,False,False,False,False,False,False,False,False,False,True,False,0.5,True,476339328.0,39.02,0.31,5.24,6.9,0.8,10.68,6.93,0.36,3.76,3.07,6.21,1.82,0.81,3.39,269.09,11.5,2.04,3.74,0.97,64.77,35.23,3.28,4.72,4.9,-27.1,-12.2,1.09,0.5,3.440000057220459,1.6944827916984526,3.143265578600629,1.1681189328080746,4.691645931519576,1.6218031712407384,0.7445919647652398,0.8727832026264106,15.15626855531571,,,,6,False,20.4,,,n/d,n/d,,,,False,False,,,Em Baixa,3.5299999713897705,-2.5495726600212487,-28.333334989017843,False,False,False,sem sinal (Em Baixa; sem novo topo (-2.5%))
SIMH3,SMALL11,SMALL11,Industrials,35.0,37.65,20.0,,,0.7,P/L=-21.00<2,26.94,81.54,16.83,17.73,False,118,Não,5,8,False,,False,,False,False,False,False,True,False,2,10,False,True,True,False,True,False,True,True,False,False,False,7.83,False,3846973952.0,-21.0,0.65,2.61,2.25,-3.1,-1.12,11.25,-0.4,3.77,3.53,4.39,1.28,6.05,,,8.8,2.1,6.03,0.36,91.64,5.09,5.63,14.3,17.1,-53.9,-23.4,2.34,0.7,6.590000152587891,1.058845080392684,1.9641576241284289,,,,,,47.191022319906814,,,,2,False,44.6,,,n/d,n/d,,,,False,False,,,Em Baixa,7.659999847412109,-13.968664701549738,-54.89172241805237,False,False,False,sem sinal (Em Baixa; sem novo topo (-14.0%))
ARML3,SMALL11,SMALL11,Bens Industriais,34.19,34.93,30.0,,,0.7,,33.67,36.57,27.99,50.35,False,119,Fundo duplo,2,8,False,,True,,False,False,False,False,True,False,3,10,False,False,False,False,False,False,True,True,False,True,False,1.74,False,1269944576.0,20.69,0.93,12.63,4.8,4.51,11.22,9.85,3.11,4.87,3.29,4.68,1.89,2.12,589.16,99.22,20.9,3.31,5.25,0.54,75.09,23.96,2.71,6.17,35.7,-40.5,-1.1,1.87,0.56,3.6700000762939453,1.2571370415551844,1.2607409695734886,1.270634929839559,3.9685843253701325,0.8568777428106922,2.294168027106242,0.4777745070870096,5.016703416467269,,,,5,False,10.5,,,n/d,n/d,,,Fundo duplo,False,False,,,Em Alta,3.700000047683716,-0.8108100271120633,-41.74603229867747,False,True,False,Fundo duplo — rompeu pescoço ~R$3.56 (candidato)
JSLG3,SMALL11,SMALL11,Bens Industriais,33.85,36.3,20.0,,,0.7,P/L=-15.05<2,21.05,58.18,14.24,94.33,False,120,Não,1,8,False,,True,,False,False,False,False,False,False,2,10,False,False,False,False,False,False,True,False,False,True,False,5.26,False,1569529088.0,-15.05,1.33,34.82,13.88,-8.83,13.19,9.68,-1.07,4.25,4.15,6.0,1.38,6.52,,,-44.0,3.07,4.78,0.43,89.08,10.92,3.88,8.64,41.8,-36.3,-11.2,2.09,0.61,5.5,5.450925729788398,7.936547862571908,,,,,,,6.693736796180153,6.693736796180153,6.024363116562138,2,True,1.5,9.533874846584322,21.70430538509369,n/d,n/d,,,,False,False,,,Lateral,5.730000019073486,-4.013961925093956,-37.641721198385895,False,False,False,sem sinal (Lateral)
CSNA3,BOVA11+SMALL11,BOVA11,Materiais,33.74,37.93,10.0,,,1.0,P/L=-2.56<2,15.62,79.22,7.6,95.74,False,121,Não,2,8,False,,False,,False,False,False,False,True,False,1,10,False,False,False,False,False,False,True,True,False,False,False,3.31,False,6842644480.0,-2.56,0.55,0.0,15.41,-21.59,-7.63,8.07,-5.82,4.26,5.46,9.47,1.15,3.57,,,5.7,-49.98,2.17,0.39,84.35,12.8,4.28,10.89,20.6,-52.6,-8.9,1.66,0.53,5.159999847412109,5.680046749957947,10.126907446491288,,,,,,,7.903477098224617,7.903477098224617,7.113129388402156,2,True,1.8,37.85134881291901,53.168165347687804,n/d,n/d,,,,False,False,,,Lateral,5.159999847412109,0.0,-54.416961249818876,False,False,False,sem sinal (Lateral)
BRAP4,BOVA11+SMALL11,BOVA11,Basic Materials,33.53,35.04,25.0,,,1.0,DY5a=24.3%>=20,14.87,39.59,74.72,,False,122,Não,4,6,False,,True,,False,False,False,True,,False,2,8,False,True,True,False,,,True,True,False,True,True,,True,8624539648.0,14.72,1.07,10.77,24.28,7.26,23.82,-0.47,0.0,-224.37,,,5.68,0.0,2.03,357.34,,2.93,-0.74,,4.4,95.6,14.28,25.49,53.6,-13.9,-2.3,0.92,0.63,21.940000534057617,38.04328390162616,70.57029163751653,19.748981458985284,26.22298333896711,44.71467500147612,15.342069641277186,10.783476194165507,,25.80924492274956,22.985982398976198,20.68738415907858,6,True,6.5,-5.709281424285262,17.63557107797553,n/d,n/d,,,,False,False,,,Lateral,22.0,-0.27272484519265117,-14.397185905325705,False,False,False,sem sinal (Lateral)
CASH3,SMALL11,SMALL11,Comunicação,32.93,28.94,55.55555555555556,,,0.4,P/L=-5.77<2,1.35,45.58,83.44,2.48,False,123,Bandeira de alta,2,8,False,,False,,False,,False,True,True,False,5,9,False,False,False,False,True,True,False,False,False,False,True,-0.29,True,588557120.0,-5.77,1.35,0.0,0.0,-23.45,-3.01,-16.62,-20.31,-9.05,-1.12,-2.8,2.68,0.0,,,18.2,6.57,9.61,1.74,18.27,80.69,3.24,5.65,74.4,0.0,28.7,0.94,0.32,5.650000095367432,,,,,,,,,,,,0,True,,,,n/d,n/d,,,Bandeira de alta,False,False,,,Em Alta,5.599999904632568,0.8928605640421639,-1.9097244642949929,False,True,False,"Bandeira de alta — mastro +29%, recuo 38%, bandeira 10d (candidato)"
MYPK3,SMALL11,SMALL11,Consumo discricionário,32.89,35.16,20.0,,,0.9,,24.86,51.83,28.48,53.19,False,124,Não,1,8,False,,True,,False,False,False,False,True,False,2,10,False,False,False,False,False,False,True,False,False,False,True,0.95,True,1380877312.0,15.48,0.35,3.33,5.41,2.23,4.01,8.93,0.6,3.51,2.9,4.54,1.73,1.23,42.87,83.81,0.1,3.97,3.75,0.65,66.29,30.03,8.74,13.84,5.5,-33.4,-1.0,0.79,0.48,9.220000267028809,3.5653861527493755,3.6730065190055097,4.3827537228349875,18.788957858063167,3.4396000564169102,7.740397734131565,1.726322047127591,21.947998002802464,,,,6,False,12.7,,,n/d,n/d,,,,False,False,,,Em Baixa,9.399999618530273,-1.914886795810411,-33.72631444105679,False,False,False,sem sinal (Em Baixa; sem novo topo (-1.9%))
TTEN3,SMALL11,SMALL11,Bens de primeira necessidade,32.8,29.76,50.0,,,0.0,,35.33,31.57,24.19,11.35,True,125,Não,2,8,False,,True,,False,True,True,False,False,True,5,10,False,True,False,False,False,False,True,False,False,True,False,0.75,True,5745056256.0,9.75,1.15,1.59,0.95,11.76,18.41,4.0,3.19,17.63,7.5,18.75,1.36,1.03,0.91,9.29,-37.7,5.71,1.74,0.97,64.13,35.82,9.93,17.74,15.6,-35.3,-21.3,0.81,0.37,11.479999542236328,0.7809266064019866,1.448618854875685,15.601025018936545,16.262297502084806,13.682258548689207,1.6817797448788183,11.040876252369582,,,,,4,False,20.8,,,n/d,n/d,,,,False,False,,,Em Baixa,11.800000190734863,-2.7118698586953704,-35.865922978277,False,False,False,sem sinal (Em Baixa; sem novo topo (-2.7%))
DESK3,SMALL11,SMALL11,Comunicação,31.74,32.05,30.0,,,0.4,,39.33,26.76,34.38,7.8,False,126,Não,3,8,False,,True,,False,False,False,False,False,True,3,10,False,True,True,False,False,False,True,False,False,False,True,0.9,True,2132288000.0,39.54,1.54,0.77,0.44,3.91,6.21,11.53,4.4,5.27,2.09,2.53,1.41,1.21,12.22,17.24,-50.0,10.79,6.52,0.32,62.73,36.49,7.85,19.0,133.6,-3.5,1.3,0.67,0.19,18.34000015258789,0.5710984104158524,0.7668261923872537,4.44857197469948,11.14838353179591,1.703181902177831,0.6741532832022655,2.182567798919963,18.34000015258789,,,,3,False,32.1,,,n/d,n/d,,,,False,False,,,Lateral,19.0,-3.47368340743216,-4.429392172038671,False,False,False,sem sinal (Lateral)
DXCO3,SMALL11,SMALL11,Materiais,31.41,33.42,20.0,,,1.0,P/L=-131.24<2,14.01,71.65,27.6,36.88,False,127,Não,2,8,False,,True,,False,False,False,False,True,False,2,10,False,False,False,False,False,False,True,True,False,False,False,0.88,True,4711848960.0,-131.24,0.68,0.0,3.45,-0.52,6.92,4.35,-0.43,4.74,3.22,8.04,1.98,1.19,,,5.2,8.37,2.48,0.51,62.06,36.03,4.44,6.09,17.0,-14.8,2.5,1.18,0.61,5.190000057220459,1.2796192362982504,2.1416172854773445,,,,,,5.701066565194959,1.7106182608877973,1.7106182608877973,1.5395564347990176,2,True,4.5,-70.33609984922548,-67.04011094358387,n/d,n/d,,,,False,False,,,Em Alta,5.289999961853027,-1.8903573790866268,-16.55948179605091,False,False,False,sem sinal (Em Alta)
PRNR3,SMALL11,SMALL11,Bens Industriais,30.34,32.16,20.0,,,0.7,,39.09,25.92,32.67,15.6,False,128,Não,2,8,False,,False,,False,False,False,False,True,False,2,10,False,False,False,False,True,False,True,False,False,False,True,1.2,True,993064640.0,22.38,2.05,0.0,1.69,9.17,4.0,10.43,2.55,5.74,2.44,3.27,1.85,1.76,3.92,37.74,27.8,4.98,6.01,0.64,70.26,25.54,14.63,21.97,19.1,-20.7,-6.3,1.17,0.6,17.420000076293945,2.098064397526794,3.74528592641537,9.924901359806718,12.199230578229837,5.756652480744226,5.540121101901945,4.8728604469736485,15.889253443393992,7.006508649011956,5.648386791323086,5.083548112190777,6,True,7.6,-70.81774919674807,-59.77894019330814,n/d,n/d,,,,False,False,,,Em Baixa,18.950000762939453,-8.073881926367687,-21.14078788608268,False,False,False,sem sinal (Em Baixa; sem novo topo (-8.1%))
BRAV3,BOVA11+SMALL11,BOVA11,Energia,30.0,29.41,33.333333333333336,,,0.9,,22.83,56.12,19.5,12.06,False,129,Não,1,8,False,,False,,False,,False,False,False,True,3,9,False,False,False,False,False,False,True,False,False,False,False,1.17,True,8338549248.0,155.26,0.69,0.68,1.08,0.44,3.55,8.3,0.44,3.19,3.05,5.14,1.26,1.55,,167.44,-17.3,5.1,3.71,0.27,72.43,27.57,13.35,21.64,34.5,-17.0,-7.9,0.46,0.22,17.950000762939453,1.3826856318242926,2.01319027993617,,,,1.6666666666666667,,17.950000762939453,,,,3,False,13.0,,,n/d,n/d,,,,False,False,,,Em Baixa,19.450000762939453,-7.712081959699146,-18.943354833273997,False,False,False,sem sinal (Em Baixa; sem novo topo (-7.7%))
LWSA3,SMALL11,SMALL11,Tecnologia de informação,29.57,31.26,20.0,,,0.5,P/L=-11.59<2,12.22,51.4,49.66,29.79,False,130,Fundo duplo,1,7,False,,False,,False,False,False,True,True,False,2,10,False,False,False,False,False,,True,False,False,False,True,,True,2350964224.0,-11.59,0.97,7.29,2.95,-8.41,-2.3,5.89,-13.29,6.1,,,1.18,0.03,,,1.2,11.25,-3.98,1.15,32.17,67.83,3.38,4.67,23.9,-10.2,9.7,1.37,0.54,4.190000057220459,0.8815764253081981,0.9757949057630119,,,,,,,0.928685665535605,0.928685665535605,0.8358170989820446,2,True,1.1,-80.05209814874073,-77.83566460971191,n/d,n/d,,,Fundo duplo,False,False,,,Em Alta,4.21999979019165,-0.7108941815807235,-11.803869456412407,False,True,False,Fundo duplo — rompeu pescoço ~R$4.11 (candidato)
LJQQ3,SMALL11,SMALL11,Consumo discricionário,28.91,32.05,11.11111111111111,,,0.9,P/L=-1.20<2,6.56,87.76,13.12,45.39,False,131,Não,0,8,False,,False,,False,,False,False,True,False,1,9,False,False,False,False,False,False,False,False,False,False,False,4.22,False,256577408.0,-1.2,0.81,0.0,4.11,-67.62,-9.94,2.03,-6.88,0.97,34.56,86.39,1.77,7.9,,,8.8,17.71,-0.01,0.82,89.26,10.74,0.96,2.83,29.2,-56.2,-13.4,2.16,0.59,1.2400000095367432,0.3640700052433495,0.6753498597264133,,,,,,,0.5197099324848814,0.5197099324848814,0.46773893923639326,2,True,1.9,-62.27911809362503,-58.087908992916695,n/d,n/d,,,,False,False,,,Lateral,1.2799999713897705,-3.1249970896168877,-56.794423031999926,False,False,False,sem sinal (Lateral)
DASA3,SMALL11,SMALL11,Cuidados de saúde,28.19,33.16,0.0,,,0.2,P/L=-3.66<2,17.64,78.96,22.82,9.22,True,132,Não,2,8,False,,False,,False,,False,False,False,False,0,9,False,False,False,False,False,False,True,True,False,False,True,0.98,True,3349535488.0,-3.66,0.48,0.0,0.77,-13.13,-13.32,7.28,-9.6,4.1,4.54,8.74,1.27,1.12,,,-9.8,11.76,3.53,0.48,62.87,36.98,1.24,4.6,116.1,-41.7,-7.0,2.04,0.41,2.680000066757202,0.14710867887097237,0.2141902364361358,,,,,,,0.18064945765355409,0.18064945765355409,0.16258451188819867,2,True,1.5,-93.93341388663,-93.25934876292224,n/d,n/d,,,,False,False,,,Lateral,2.9000000953674316,-7.586207633636488,-43.81551200265109,False,False,False,sem sinal (Lateral)
MRVE3,BOVA11+SMALL11,BOVA11,Consumo discricionário,28.03,31.01,11.11111111111111,,,0.9,P/L=-5.34<2,15.16,65.58,25.83,26.24,False,133,Não,1,8,False,,False,,False,,False,False,True,False,1,9,False,False,False,False,False,False,True,False,False,False,False,1.18,True,3089960960.0,-5.34,0.67,0.0,2.67,-12.58,-7.71,6.84,-4.93,5.42,3.03,6.21,1.89,1.69,,,10.7,3.07,3.75,0.89,78.42,18.67,4.2,10.43,30.7,-47.4,-3.6,1.58,0.57,5.489999771118164,1.0466412157242886,1.9415194551685555,,,,,,3.0413532273998247,2.0098379660975563,1.9415194551685555,1.7473675096517,3,True,2.9,-68.17181088341269,-63.39092805302236,n/d,n/d,,,,False,False,,,Em Alta,5.460000038146973,0.5494456549742566,-47.863248714735896,False,False,False,sem sinal (Em Alta)
EQTL3,BOVA11,BOVA11,Serviços públicos,27.91,27.54,30.0,,,0.1,,34.32,19.56,19.72,32.62,True,134,Não,1,8,False,,True,,False,False,False,False,False,True,3,10,False,False,False,False,False,False,True,False,False,False,True,2.15,True,46834814976.0,48.82,1.79,4.25,3.15,3.67,8.85,9.18,1.75,8.0,4.81,7.33,1.57,2.27,,153.94,-54.9,22.59,4.62,0.33,74.15,23.5,33.78,45.35,10.4,-17.8,-5.6,1.2,0.82,37.279998779296875,8.396728360564447,12.225636492981835,7.941662992721989,18.91654184689593,,6.267048420977274,2.039960136866775,37.279998779296875,,,,5,False,18.3,,,n/d,n/d,,,,False,False,,,Em Baixa,39.18000030517578,-4.84941682256167,-19.516409704418614,False,False,False,sem sinal (Em Baixa; sem novo topo (-4.8%))
CAML3,SMALL11,SMALL11,Bens de primeira necessidade,27.48,30.56,10.0,,,0.0,,25.41,36.88,25.39,48.23,True,135,Rompimento,1,8,False,,True,,False,False,False,False,False,False,1,10,False,False,False,False,False,False,True,False,False,False,False,1.5,True,1688302592.0,15.36,0.57,6.06,4.35,3.69,8.66,5.74,0.99,7.84,5.55,13.55,1.87,1.99,12.52,66.76,-58.5,4.74,3.09,0.76,72.01,27.99,4.24,7.23,16.7,-31.5,-7.7,1.39,0.57,4.949999809265137,1.536795471691663,1.7050124734699876,2.553861959348723,7.935301011143238,1.7959766090553135,1.7828635255940877,1.1093534088862158,0.4683691121991904,,,,6,False,16.9,,,n/d,n/d,,,Rompimento,False,False,,,Lateral,4.909999847412109,0.8146631995133324,-32.23672438471949,False,True,False,"Rompimento (vol x0.4, +0.8% do topo, MM50>MM200)"
HBOR3,SMALL11,SMALL11,Imobiliário,26.39,27.52,20.0,,,0.8,,14.67,35.76,38.24,43.26,False,136,Rompimento,1,8,False,,True,,False,False,False,True,False,False,2,10,False,False,False,False,False,False,False,True,False,False,False,1.25,True,270694976.0,58.45,0.18,6.69,3.93,0.31,3.0,2.16,0.41,13.35,15.28,38.21,2.55,0.72,,229.73,-64.6,2.19,1.03,0.81,57.57,22.01,1.68,4.23,21.4,-51.8,-5.3,1.64,0.41,2.0399999618530273,0.5727167901123128,0.8338756464035275,0.3629768965486994,2.9832723851423375,,0.26415074528231325,0.0932371973277566,,,,,4,False,32.0,,,n/d,n/d,,,Rompimento,False,False,,,Lateral,2.0,1.9999980926513672,-52.05001333673079,False,True,False,"Rompimento (vol x0.5, +2.0% do topo, MM50>MM200)"
GFSA3,SMALL11,SMALL11,Consumo discricionário,26.15,30.76,0.0,,,0.9,P/L=-0.05<2,0.68,100.0,26.05,2.48,False,137,Não,1,7,False,,False,,False,,False,False,False,False,0,9,False,False,False,False,False,,False,True,False,False,True,,True,34620808.0,-0.05,0.02,0.0,0.0,-39.87,-13.41,-6.27,-124.06,-5.67,,,1.31,1.06,,,-55.9,0.73,-4.96,0.96,67.49,32.51,0.2,13.76,10.0,-98.4,-76.0,1.18,0.25,0.2199999988079071,,,,,,,,,,,,0,True,,,,n/d,n/d,,,,False,False,,,Em Baixa,0.25,-12.000000476837158,-98.42180770853469,False,False,False,sem sinal (Em Baixa; sem novo topo (-12.0%))
SOJA3,SMALL11,SMALL11,Bens de primeira necessidade,26.15,27.24,20.0,,,0.0,,29.97,27.55,13.41,41.84,True,138,Não,2,8,False,,True,,False,False,False,False,False,False,2,10,False,False,False,False,True,False,True,False,False,True,True,0.66,True,967684672.0,42.14,0.73,4.11,3.84,1.73,13.98,5.66,0.89,9.48,4.7,11.63,0.95,1.47,,161.9,-0.4,7.06,2.47,1.35,45.47,36.89,4.98,10.46,37.8,-34.4,9.1,0.83,0.33,6.860000133514404,1.8825551717780193,2.7410003301087964,1.6930232887648269,5.866873004842955,,1.0522259290281606,0.43488372939426184,1.5316977275599888,,,,5,False,13.5,,,n/d,n/d,,,,False,False,,,Em Alta,6.889999866485596,-0.43540977579863416,-34.3903073714719,False,False,False,sem sinal (Em Alta)
ORVR3,SMALL11,SMALL11,Bens Industriais,25.47,20.16,55.55555555555556,,,0.7,,22.11,8.78,38.83,2.48,False,139,Não,2,8,False,,False,,False,,False,True,True,False,5,9,False,False,False,False,True,False,True,False,False,False,False,0.28,True,9052403712.0,179.58,1.86,0.0,0.0,1.04,-2.35,3.71,3.35,20.52,4.88,12.21,2.38,0.74,172.67,,135.8,14.67,2.86,0.49,63.86,33.58,13.27,20.97,24.1,-21.4,-12.5,1.11,0.66,16.479999542236328,,,,,,,,0.5960901738267781,0.5960901738267781,0.5960901738267781,0.5364811564441003,1,True,1.0,-96.74465308649334,-96.38294787388149,n/d,n/d,,,,False,False,,,Em Baixa,17.8799991607666,-7.829975862651262,-22.35571615525611,False,False,False,sem sinal (Em Baixa; sem novo topo (-7.8%))
RCSL4,SMALL11,SMALL11,Bens Industriais,25.09,27.31,12.5,,,0.7,P/L=-6.36<2,38.07,,15.51,2.48,False,140,Não,2,7,False,,False,,False,,True,,False,False,1,8,True,True,False,False,False,,False,False,False,True,True,,True,76373512.0,-6.36,-6.4,0.0,0.0,100.56,,-2.72,0.0,-111.13,,,1.21,,,,-99.2,,-11.18,0.2,170.21,-69.4,0.26,2.7,130.8,-77.8,4.5,0.2,0.02,0.6000000238418579,,,,,,,,,,,,0,True,,,,n/d,n/d,,,,False,False,,,Lateral,0.7799999713897705,-23.076917198752767,-78.35888131338409,False,False,False,sem sinal (Lateral)
MGLU3,BOVA11+SMALL11,BOVA11,Consumo discricionário,24.94,27.38,11.11111111111111,,,0.9,,19.43,50.18,20.18,20.57,False,141,Não,1,8,False,,False,,False,,False,True,False,False,1,9,False,False,False,False,False,False,True,False,False,False,False,0.6,True,3606811904.0,39.8,0.32,1.79,2.35,0.79,-2.27,6.07,0.23,2.4,4.67,10.76,1.1,0.76,756.58,93.34,-2.6,5.74,1.9,0.75,70.25,29.75,3.88,11.0,19.8,-57.7,-21.4,2.02,0.59,4.650000095367432,0.7789591571472209,0.7823084812875704,0.838118072590006,6.180558132924267,0.2801518477572401,0.4174861900112066,0.3159774202525128,,,,,5,False,22.1,,,n/d,n/d,,,,False,False,,,Lateral,4.789999961853027,-2.9227529770467164,-59.370028808686605,False,False,False,sem sinal (Lateral)
MBRF3,BOVA11,BOVA11,Bens de primeira necessidade,24.81,29.19,0.0,,,0.0,DY5a=21.3%>=20,41.61,24.9,6.59,,True,142,Não,1,8,False,,False,,False,False,False,False,False,False,0,10,False,False,False,False,False,False,True,False,False,True,True,4.51,False,25597102080.0,69.28,2.22,9.54,21.28,3.2,39.26,6.29,0.22,5.97,4.84,10.77,1.05,5.39,21.65,1474.55,-51.3,26.59,2.68,0.43,89.92,7.97,14.52,27.52,26.5,-33.2,8.1,1.02,0.31,18.3700008392334,27.927554094813825,37.360861255728715,2.53371194536514,7.026191922057724,6.492057736907339,3.046690502845772,1.2416872061820992,15.127678278231983,,,,4,False,30.1,,,n/d,n/d,,,,False,False,,,Em Alta,19.540000915527344,-5.987717612460353,-33.58640296249998,False,False,False,sem sinal (Em Alta)
CSAN3,BOVA11+SMALL11,BOVA11,Consumo discricionário,24.42,26.96,10.0,,,0.9,P/L=-1.67<2,16.3,35.67,41.48,24.11,False,143,Não,2,8,False,,False,,False,False,False,False,True,False,1,10,False,False,False,False,False,True,True,False,False,False,True,1.47,True,14791374848.0,-1.67,2.99,0.0,2.53,-1.79,-64.7,8.59,-22.18,4.7,0.5,0.82,1.67,1.1,,,26.5,6.3,5.56,0.41,77.05,3.93,3.13,8.0,19.8,-53.1,-9.4,1.91,0.64,3.75,0.67831896174306,1.258281674033376,,,,,,3.4417841524552486,0.9683003178882179,0.9683003178882179,0.8714702860993961,2,True,5.1,-76.76079237068278,-74.17865818964754,n/d,n/d,,,,False,False,,,Lateral,3.9100000858306885,-4.092073716583977,-53.30012298004825,False,False,False,sem sinal (Lateral)
KLBN11,BOVA11,BOVA11,Materiais,23.46,25.84,10.0,,,1.0,,22.8,19.24,20.19,67.38,False,144,Não,2,8,False,,True,,False,False,False,False,False,False,1,10,False,True,False,False,False,False,True,False,False,True,False,0.49,True,133025464320.0,41.67,2.47,6.2,7.1,5.92,28.81,5.45,0.86,6.35,3.99,9.97,2.0,2.3,,295.69,-51.7,10.83,2.09,0.37,77.43,12.36,16.08,21.02,16.4,-10.9,6.8,0.54,0.46,18.719999313354492,9.488494183350152,13.815247530957821,4.6721380575686755,8.752595552360933,,11.016666666666667,1.200123374677668,7.139413852360166,,,,6,False,11.5,,,n/d,n/d,,,,False,False,,,Em Alta,18.739999771118164,-0.10672602992501945,-11.90588558421416,False,False,False,sem sinal (Em Alta)
CVCB3,SMALL11,SMALL11,Consumo discricionário,23.1,21.3,33.333333333333336,,,0.9,P/L=-6.93<2,10.87,49.38,19.07,2.48,False,145,Não,2,8,False,,False,,False,,False,False,False,False,3,9,False,False,False,False,False,True,True,False,False,False,True,1.13,True,911397504.0,-6.93,2.83,0.0,0.0,-40.86,-60.02,5.9,-8.94,2.86,1.33,3.17,0.68,1.67,,,-4.5,12.07,4.12,0.67,87.19,12.81,1.08,2.72,62.0,-35.7,9.2,1.14,0.29,1.75,,,,,,,,3.46441066449098,3.46441066449098,3.46441066449098,3.1179695980418822,1,True,1.0,78.16969131667899,97.96632368519886,n/d,n/d,,,,False,False,,,Em Alta,1.7400000095367432,0.5747120924395333,-37.27598480547265,False,False,False,sem sinal (Em Alta)
HBSA3,SMALL11,SMALL11,Bens Industriais,22.81,24.88,11.11111111111111,,,0.7,P/L=-26.47<2,24.91,19.31,42.97,2.48,False,146,Rompimento,2,8,False,,False,,False,,False,False,True,False,1,9,False,False,False,False,True,False,True,False,False,False,False,1.26,True,4761338880.0,-26.47,2.26,0.0,0.0,-8.56,-15.0,11.14,-5.52,7.91,3.09,3.88,3.26,1.56,,,68.3,12.35,5.08,0.41,66.67,33.33,2.98,4.38,17.4,-20.1,2.9,0.75,0.35,3.5,,,,,,,,1.7149151130591174,1.7149151130591174,1.7149151130591174,1.5434236017532057,1,True,1.0,-55.90218280705126,-51.00242534116808,n/d,n/d,,,Rompimento,False,False,,,Em Alta,3.4800000190734863,0.5747120924395333,-20.273346094611234,False,True,False,"Rompimento (vol x0.3, +0.6% do topo, MM50>MM200)"
AURE3,BOVA11+SMALL11,BOVA11,Serviços públicos,21.39,21.64,20.0,,,0.1,P/L=-10.33<2,13.12,26.2,10.82,70.21,True,147,Não,2,8,False,,False,,False,False,False,False,True,False,2,10,False,False,False,False,False,False,True,True,False,False,False,1.74,True,11313397760.0,-10.33,0.98,0.0,7.48,-9.47,2.89,2.64,-8.09,11.76,6.49,16.23,1.12,1.85,,,5.9,-76.29,2.04,0.26,71.73,25.67,10.05,14.61,7.8,-25.9,-10.5,1.14,0.6,10.829999923706055,5.7864870235711585,10.591414396477282,,,,,,3.1020888119669925,6.493330077338477,5.7864870235711585,5.207838321214043,3,True,3.4,-51.91284988087141,-40.04311982380474,n/d,n/d,,,,False,False,,,Em Baixa,11.15999984741211,-2.9569886041044935,-26.125511347683638,False,False,False,sem sinal (Em Baixa; sem novo topo (-3.0%))
ENEV3,BOVA11,BOVA11,Serviços públicos,21.28,19.15,33.333333333333336,,,0.1,,27.68,8.43,21.69,2.48,True,148,Não,1,8,False,,True,,False,,False,False,False,True,3,9,False,False,False,False,False,False,True,False,False,False,True,1.16,True,50985205760.0,53.91,2.55,0.0,0.0,4.73,2.64,5.85,5.03,12.38,3.9,9.34,1.28,1.2,11.4,,-91.5,27.52,4.12,0.26,62.34,34.87,14.89,27.59,78.3,-3.8,2.8,1.11,0.54,26.549999237060547,,,5.563992686875247,10.741155795299688,2.329465709354413,,2.7798806737545023,12.829015389233867,6.848702050903543,5.563992686875247,5.007593418187723,5,True,5.5,-81.13900729911232,-74.20451130806967,n/d,n/d,,,,False,False,,,Lateral,26.979999542236328,-1.5937743234673896,-5.58322032473898,False,False,False,sem sinal (Lateral)
TUPY3,SMALL11,SMALL11,Bens Industriais,19.31,22.72,0.0,,,0.7,P/L=-2.63<2,6.33,41.94,27.41,39.01,False,149,Não,2,8,False,,False,,False,False,False,False,False,False,0,10,False,False,False,False,False,False,True,True,False,False,False,0.83,True,2002606592.0,-2.63,0.89,0.0,3.58,-33.8,2.01,1.49,-8.26,8.44,3.88,9.69,2.16,1.72,,,-5.8,5.4,1.31,0.87,73.24,26.66,11.34,16.19,34.7,-5.7,5.6,1.24,0.54,15.270000457763672,3.906519783845679,5.687892805279309,,,,,,5.265522653024638,4.953311747383208,5.265522653024638,4.7389703877221745,3,True,1.5,-68.96548627598268,-67.56181009238402,n/d,n/d,,,,False,False,,,Em Baixa,15.479999542236328,-1.356583273143419,-7.454542680220166,False,False,False,sem sinal (Em Baixa; sem novo topo (-1.4%))
BBDC1,BOVA11,BOVA11,Produtos financeiros,,,,,,0.4,,,,,,False,150,Não,0,0,False,,,,,,,,,,0.0,0.0,,,,,,,,,True,True,True,,True,,,,,,,,,,,,,,,,,,,,,,,,,,,,,,,,,,,,,,,,,,0,True,,,,n/d,n/d,,,,False,False,,,,,,,False,False,False,histórico insuficiente
BBDC2,BOVA11,BOVA11,Produtos financeiros,,,,,,0.4,,,,,,False,151,Não,0,0,False,,,,,,,,,,0.0,0.0,,,,,,,,,True,True,True,,True,,,,,,,,,,,,,,,,,,,,,,,,,,,,,,,,,,,,,,,,,,0,True,,,,n/d,n/d,,,,False,False,,,,,,,False,False,False,histórico insuficiente
MOVI1,SMALL11,SMALL11,Bens Industriais,,,,,,0.7,,,,,,False,152,Não,0,0,False,,,,,,,,,,0.0,0.0,,,,,,,,,True,True,True,,True,,,,,,,,,,,,,,,,,,,,,,,,,,,,,,,,,,,,,,,,,,0,True,,,,n/d,n/d,,,,False,False,,,,,,,False,False,False,histórico insuficiente
