ticker,origem,grupo,setor,investment,investment_base,consistencia,basileia,solvencia,ciclicidade,dado_suspeito,quality,value,safety,dividend,regulado,rank_invest,oportunidade_grafica,criterios_ok,criterios_aplicaveis,passa_checklist,mais_5a_bolsa,sem_prejuizo_anual,lucro_20t,div_ge5_5a,div_sem_corte,roe_ge_10,divida_menor_patrim,cresc_receita_5a,cresc_lucro_5a,n_ok,n_aplic,roe_roic_ge_selic,roe_ge_setor,roic_ge_setor,margem_ge_15,cagr_ge_setor,divida_ok,marketcap_ok,insider_ok,margem_ok,roe_ok,alavancagem_ok,div_liq_patrim,nde_ok,market_cap,pl,pvp,dy,dy_teto,roe,roe_medio,roic,mrg_liq,ev_ebitda,div_liq_ebitda,lev_roic_adj,liq_corr,div_patrim,peg,payout,cresc_5a,pl_fut,roa,liq_geral,grau_endiv,indep_fin,min_52s,max_52s,dist_min52,dist_max52,dist_mm100,beta,corr_ibov,close,teto_bazin,teto_gordon,teto_dcf,teto_graham,teto_lynch,teto_projetivo,teto_graham_selic,teto_mult_ebitda,teto_medio,teto_mediana,teto_ajustado,teto_n_metodos,teto_confiavel,teto_dispersao,teto_upside_pct,teto_upside_media_pct,prox_resultado,ex_dividendo,ex_tipo,tese_ia,strategy,in_wishlist,in_carteira,preco_medio,var_pm_pct,trend,breakout_level,pct_to_level,dist_52w_high_pct,fund_ok,breakout,aprovado,note
JHSF3,SMALL11,SMALL11,Imobiliário,77.69,75.52,90.0,,,0.8,,86.74,81.65,45.14,70.42,False,1,Não,7,8,False,,True,,False,True,True,True,True,True,9,10,True,True,True,True,True,True,True,False,True,True,True,0.36,True,6885968384.0,3.27,0.93,6.61,7.91,28.4,16.71,13.12,52.59,4.46,1.22,1.3,1.73,0.86,0.22,25.86,90.2,6.06,7.25,0.72,61.6,36.26,5.05,13.85,105.9,-25.0,-6.4,1.38,0.61,10.390000343322754,5.868716031740068,10.886468238877827,42.10015429633837,28.261256735062123,72.7865533927224,19.57807411896471,38.446178640429764,17.947877686270285,,,,6,False,12.4,,,n/d,2026-08-31,próxima,,,False,False,,,Em Baixa,10.930000305175781,-4.94053016263244,-26.59161854099229,True,False,False,sem sinal (Em Baixa; sem novo topo (-4.9%))
VULC3,SMALL11,SMALL11,Consumo discricionário,76.39,77.52,70.0,,,0.9,,87.66,61.1,65.75,96.48,False,2,Não,6,8,False,,True,,False,False,True,True,False,True,7,10,True,True,True,True,False,True,True,False,True,True,True,0.25,True,4275076864.0,4.63,1.62,29.1,15.45,35.06,31.82,17.83,24.89,6.23,0.76,0.6,2.96,0.37,0.46,71.52,-64.7,5.97,11.45,1.64,37.42,62.57,13.47,20.08,1.0,-32.2,-8.6,0.91,0.6,13.609999656677246,15.015755438863026,27.85422633909091,38.94870312116058,23.572268024496047,74.76041635100925,48.40383479503916,26.30532738193961,8.655042371031668,,,,6,False,8.6,,,n/d,2025-12-23,última,,,False,False,,,Em Baixa,14.039999961853027,-3.0626802446161006,-32.72283136554288,True,False,False,sem sinal (Em Baixa; sem novo topo (-3.1%))
MDNE3,SMALL11,SMALL11,Imobiliário,74.84,72.17,90.0,,,0.8,,73.06,77.21,60.19,79.58,False,3,Não,7,8,False,,True,,False,True,True,True,True,True,9,10,True,True,True,True,True,True,True,False,True,True,True,0.26,True,2537789184.0,4.39,1.07,16.46,9.27,24.38,16.15,10.98,21.43,4.24,0.91,1.16,2.38,0.48,0.3,40.71,19.5,3.84,6.4,1.12,72.76,27.27,20.62,34.28,19.0,-28.4,-11.1,1.67,0.64,24.540000915527344,16.253884776151377,30.150956259760804,74.06720094094243,53.70833445174577,132.64060248356085,25.79451766754657,65.72549926722739,43.53105147803891,,,,6,False,8.2,,,n/d,2026-01-02,última,,,False,False,,,Em Baixa,25.09000015258789,-2.192105355582541,-28.413063624879488,True,False,False,sem sinal (Em Baixa; sem novo topo (-2.2%))
POMO3,SMALL11,SMALL11,Bens Industriais,73.71,74.37,70.0,,,0.7,,80.4,74.45,52.45,90.85,False,4,Não,5,8,False,,True,,False,False,True,True,False,True,7,10,True,True,True,False,False,True,True,False,True,True,True,0.46,True,5201467392.0,4.33,1.23,22.69,11.86,28.32,24.74,18.39,13.19,4.59,1.29,0.98,1.94,0.81,0.31,51.33,-14.0,,8.76,1.02,59.93,39.42,3.85,6.69,8.8,-37.3,-22.9,0.92,0.45,4.190000057220459,3.5480729694796747,6.581675358384796,12.821593708584542,8.61209444827186,24.808771928759143,11.29418312461635,10.968275451560336,5.1537581426214665,9.238596705673224,9.790184949916098,8.811166454924487,6,True,7.0,110.29036598079655,120.4915651433637,n/d,2026-08-26,próxima,,,False,False,,,Em Baixa,4.539999961853027,-7.709249065493684,-37.841965029431755,True,False,False,sem sinal (Em Baixa; sem novo topo (-7.7%))
PSSA3,BOVA11,BOVA11,Insurance,73.0,72.65,75.0,,1.8,0.3,,76.06,53.13,100.0,51.41,False,5,Não,4,6,False,,True,,False,False,True,,True,True,6,8,True,False,True,,True,,True,False,True,True,True,,True,30921469952.0,8.35,1.91,6.33,5.34,22.84,17.35,79.28,8.13,,,,,,0.66,44.55,0.3,7.74,6.06,,71.59,28.18,43.07,55.45,12.0,-13.0,-5.3,0.74,0.49,48.2400016784668,18.38294919383472,34.10037075456341,76.54850565744731,57.29789298233228,103.99268489729923,48.492859617587676,61.426682706140014,,44.381171305858274,41.29661518607554,37.166953667467986,4,True,4.2,-22.954078826124004,-7.999233495738068,2026-11-05,2026-06-23,última,,,False,False,,,Em Baixa,54.25,-11.07833791987687,-13.159311717356125,True,False,False,sem sinal (Em Baixa; sem novo topo (-11.1%))
POMO4,BOVA11+SMALL11,BOVA11,Bens Industriais,72.12,72.5,70.0,,,0.7,,80.4,70.93,52.45,80.99,False,6,Não,5,8,False,,True,,False,False,True,True,False,True,7,10,True,True,True,False,False,True,True,False,True,True,True,0.44,True,5598715904.0,4.62,1.31,21.26,9.48,28.32,24.74,18.39,13.19,4.82,1.29,0.98,1.94,0.81,0.31,43.78,-14.0,4.61,8.76,1.02,59.93,39.42,4.05,7.92,11.4,-43.0,-21.2,0.97,0.48,4.510000228881836,3.0527743843872224,5.662896483038297,12.934524465948986,8.69583293316033,23.893689353820054,11.575137762178509,11.811905361357189,5.186344183602181,11.394332934729363,11.575137762178509,10.417623985960658,7,True,7.8,130.9894336423016,152.64595025429432,n/d,2026-08-26,próxima,,,False,False,,,Em Baixa,4.809999942779541,-6.237000363129841,-43.27722875916081,True,False,False,sem sinal (Em Baixa; sem novo topo (-6.2%))
CURY3,BOVA11+SMALL11,BOVA11,Consumo discricionário,71.95,70.53,80.0,,,0.9,,90.16,39.54,57.07,86.62,False,7,Rompimento,6,8,False,,True,,False,False,True,True,True,True,8,10,True,True,True,True,False,True,True,False,True,True,True,-0.13,True,10036191232.0,8.5,5.64,15.88,10.4,66.38,57.38,37.72,17.89,5.47,-0.15,-0.06,1.92,0.66,1.1,88.4,8.2,6.79,16.3,0.91,70.61,24.44,26.99,40.16,20.7,-18.9,3.9,1.32,0.58,32.58000183105469,24.20136284928149,44.89352808541717,50.786473442526415,22.319956743093055,69.38361258498088,53.12760892459693,28.796457031987693,25.44421854454374,39.869152275803415,36.84499255870243,33.16049330283219,8,True,3.1,1.7817416794132512,22.37308175287098,n/d,2026-08-17,última,"A Cury apresenta uma sólida eficiência operacional no setor de consumo discricionário, evidenciada por um retorno sobre o patrimônio líquido de 66,4% e um retorno sobre o capital investido de 37,7%, ambos posicionados muito acima dos pares setoriais, que registram médias de 12,5% e 13,1%, respectivamente. Essa expressiva qualidade operacional convive com múltiplos de preço mistos, uma vez que o indicador preço/lucro de 8,5 sugere uma avaliação atrativa frente à alta rentabilidade, enquanto o preço/valor patrimonial de 5,64 sinaliza um prêmio exigido pelo mercado sobre o valor contábil da empresa. A excelente rentabilidade é sustentada por uma estrutura financeira extremamente saudável, visto que a relação dívida líquida sobre Ebitda de -0,15 indica uma posição de caixa líquido e está muito abaixo da média do setor de 2,67, garantindo robustez mesmo com uma relação dívida/patrimônio de 0,66 e liquidez corrente de 1,92. Esse cenário de endividamento sob controle e margem líquida de 17,89% confere alta sustentabilidade ao expressivo dividendo distribuído de 15,88%, o qual se mostra plenamente coerente com a forte geração de lucro da companhia. Por outro lado, o crescimento da receita nos últimos cinco anos, de 8,2%, ficou abaixo da média setorial de 28,5%, o que se reflete no checklist de critérios da empresa, no qual ela atende a 6 dos 8 requisitos avaliados devido a esse menor ritmo de expansão e à ocorrência de venda por parte de iniciados. Sob a ótica do valuation, as estimativas de preço-teto revelam uma dispersão relevante entre os métodos, variando desde os mais conservadores baseados em ativos e dividendos históricos, como Graham a R$ 22,32 e Bazin a R$ 24,20, até projeções mais otimistas de fluxo de caixa e crescimento, como Gordon a R$ 44,89, fluxo de caixa descontado a R$ 50,79 e Lynch a R$ 69,38. A média dessas metodologias situa-se em R$ 39,87 e a mediana em R$ 36,84, resultando em um preço-teto ajustado com margem de segurança de R$ 33,16, o que confere um potencial de valorização de 1,8% em relação ao preço atual de R$ 32,58. Como principais prós, destacam-se a rentabilidade excepcional, a sólida saúde financeira com caixa líquido e o retorno de dividendos altamente atrativo; em contrapartida, figuram como contras o crescimento histórico de receita abaixo de seus pares e a pressão sobre o valuation expressa no elevado múltiplo patrimonial.",Rompimento,False,False,,,Em Alta,32.31999969482422,0.8044620627645216,-19.052738880929233,True,True,True,"Rompimento (vol x0.9, +0.8% do topo, MM50>MM200)"
PETR4,BOVA11,BOVA11,Energia,70.88,74.57,50.0,,,0.9,DY5a=41.0%>=20,86.22,84.0,36.58,,False,8,Não,7,8,False,,True,,True,False,True,True,True,False,5,10,True,True,True,True,True,True,True,False,True,True,True,0.61,True,564985135104.0,4.07,1.13,5.45,41.02,27.73,30.77,19.69,24.32,2.66,1.29,0.92,0.85,0.76,0.27,166.94,96.8,4.19,10.07,0.28,65.87,33.99,26.84,47.05,54.0,-12.1,-0.1,0.35,0.24,41.349998474121094,121.14947227913967,224.73227107780409,134.61608839855143,91.45981752413398,304.7911435438901,55.98246,122.93242789603569,57.310883023273405,139.12182046785355,122.04095008758767,109.8368550788289,8,True,5.4,165.62722885605504,236.4493968601304,n/d,2026-08-24,última,,,False,False,,,Em Alta,42.971248626708984,-3.7728718722410903,-13.243166677838703,True,False,False,sem sinal (Em Alta)
MILS3,SMALL11,SMALL11,Bens Industriais,70.35,68.65,80.0,,,0.7,,84.77,54.07,57.46,54.93,False,9,Não,6,8,False,,True,,False,True,True,True,True,True,8,10,True,True,True,True,False,True,True,False,True,True,True,0.65,True,3588365568.0,8.22,1.96,5.38,5.71,23.81,18.37,20.65,23.53,4.88,1.28,0.87,2.98,0.99,0.65,46.96,21.3,8.42,11.12,0.54,61.6,38.32,10.3,15.81,52.9,-0.4,8.2,0.74,0.47,15.75,6.426879066780337,11.921860668877525,25.38777372262773,18.61263551273508,35.144014425232946,12.228414860248593,20.3287793399054,17.804439718543723,20.203988321167287,18.61263551273508,16.751371961461572,7,True,5.5,6.357917215629039,28.279290928046265,n/d,2026-04-22,última,,,False,False,,,Em Alta,15.8100004196167,-0.37950928541565787,-1.1919672859786345,True,False,False,sem sinal (Em Alta)
LEVE3,SMALL11,SMALL11,Consumo discricionário,70.26,70.31,70.0,,,0.9,,86.35,57.46,35.44,100.0,False,10,Pivô de alta,6,8,False,,True,,True,False,True,False,True,True,7,10,True,True,True,False,False,True,True,True,True,True,True,1.08,True,4470076416.0,6.31,4.56,8.79,19.55,72.29,64.73,34.45,13.0,5.17,1.2,0.49,1.43,1.7,0.24,123.36,25.8,6.47,14.14,0.81,77.23,22.71,24.65,35.6,33.8,-7.4,0.2,0.65,0.46,32.97999954223633,46.055390279081855,85.43274896769684,69.25277241436312,29.163846477395776,156.79872999478445,98.51666666666667,63.24215443122973,25.258659338597777,78.35175846160264,69.25277241436312,62.32749517292681,7,True,6.2,88.98573692551504,137.57355836606453,n/d,2026-04-30,última,"A Metal Leve (LEVE3) apresenta uma notável eficiência operacional no setor de consumo discricionário, evidenciada por um ROE de 72,3% e um ROIC de 34,4% que se posicionam muito acima das médias setoriais de 12,5% e 13,1%, respectivamente. Essa alta qualidade no retorno sobre o capital convive com múltiplos de preço atrativos, uma vez que o P/L de 6,31 indica um papel descontado, embora o P/VP de 4,56 reflita o forte ágio sobre o valor patrimonial decorrente da alta rentabilidade. A sólida saúde financeira da companhia é reforçada por uma relação de Dívida Líquida sobre EBITDA de 1,2 vezes, patamar significativamente abaixo da média do setor de 2,67 vezes, o que demonstra que a empresa consegue gerar retornos expressivos sem comprometer sua estrutura de capital. Esse endividamento controlado, somado à forte geração de caixa, confere sustentabilidade ao robusto dividend yield de 8,79%, mostrando-se plenamente coerente com a capacidade de distribuição de lucros da empresa. No que tange ao crescimento, contudo, o CAGR de receita de cinco anos de 25,8% ficou ligeiramente abaixo da média setorial de 28,5%, sugerindo uma expansão mais madura que a de seus pares. No checklist de critérios fundamentalistas, a companhia atende a 6 de 8 requisitos, falhando apenas na margem líquida de 13,0%, que ficou abaixo do sarrafo de 15%, e no ritmo de crescimento frente ao setor. Sob a ótica de valuation, as estimativas de preço-teto revelam uma ampla dispersão entre os métodos, variando desde os conservadores R$ 29,16 de Graham até os otimistas R$ 156,80 de Lynch, resultando em uma média de R$ 78,35 e uma mediana de R$ 69,25. Tomando como referência o preço-teto ajustado com margem de segurança de R$ 62,33, o papel exibe um expressivo potencial de valorização de 89,0% frente à cotação atual de R$ 32,98. Em balanço, a LEVE3 destaca-se positivamente por sua rentabilidade excepcional, endividamento abaixo dos pares e forte retorno em dividendos, enquanto os principais pontos de atenção residem no crescimento ligeiramente inferior ao do setor e em uma margem líquida que não atinge os patamares mais elevados da categoria.",Pivô de alta,False,False,,,Em Alta,34.0,-3.0000013463637454,-8.920186754772374,True,True,True,Pivô de alta
RIAA3,SMALL11,SMALL11,Consumo discricionário,70.16,70.19,70.0,,,0.9,,65.64,94.09,39.18,92.96,False,11,Não,4,8,False,,False,,False,False,True,True,True,True,7,10,True,True,False,False,False,True,True,False,True,False,True,0.47,True,3539544576.0,2.24,0.63,47.47,13.14,28.35,8.06,8.96,14.35,2.52,2.11,3.3,1.61,0.68,0.15,29.44,16.6,5.28,4.35,1.05,64.01,35.99,6.06,10.43,16.4,-32.4,-18.0,1.63,0.62,7.050000190734863,6.617251152840846,12.275000888519768,41.702010056802195,28.150499406910065,88.56764241106909,51.88018214566937,38.08259031602314,36.93298583798085,,,,6,False,13.4,,,n/d,n/d,,,,False,False,,,Em Baixa,7.960000038146973,-11.432158832300088,-34.92384963775389,False,False,False,sem sinal (Em Baixa; sem novo topo (-11.4%))
ABCB10,SMALL11,SMALL11,Produtos financeiros,70.12,73.67,50.0,,,0.4,,75.67,70.07,,,False,12,Não,1,3,False,,,,,,True,,False,,1,2,True,False,,,False,,,,True,True,True,,True,,,0.84,,,14.9,,,40.92,,,,,,,,-2.9,,1.54,,,,,,,,,,,,,,,,,,,,,,,0,True,,,,n/d,n/d,,,,False,False,,,,,,,False,False,False,histórico insuficiente
PETR3,BOVA11,BOVA11,Energia,70.03,73.56,50.0,,,0.9,DY5a=38.9%>=20,86.22,80.37,36.58,,False,13,Não,7,8,False,,True,,True,False,True,True,True,False,5,10,True,True,True,True,True,True,True,False,True,True,True,0.65,True,592623894528.0,4.54,1.26,4.89,38.86,27.73,30.77,19.69,24.32,2.85,1.29,0.92,0.85,0.76,0.3,176.43,96.8,3.11,10.07,0.28,65.87,33.99,28.69,52.45,60.2,-12.3,-0.6,0.38,0.23,45.97999954223633,127.6301657283526,236.75395742609405,134.19272994154875,91.18995946884571,303.83259609407264,55.98246,122.54581375794267,55.9815638034286,141.01365577753563,125.08798974314763,112.57919076883287,8,True,5.4,144.84382751117653,206.6847698595631,2026-08-06,2026-08-24,última,,,False,False,,,Em Alta,48.05994415283203,-4.327813207567233,-13.442217841334402,True,False,False,sem sinal (Em Alta)
VTRU3,SMALL11,SMALL11,Consumo discricionário,69.4,72.82,50.0,,,0.9,P/L=1.84<2,85.85,89.85,55.11,7.04,False,14,Rompimento,7,8,False,,True,,,,True,True,False,True,4,8,True,True,True,True,False,True,True,True,True,False,True,0.37,True,2063456384.0,1.84,0.5,0.19,0.21,27.23,9.79,15.07,46.56,2.88,2.1,1.95,2.56,0.56,,0.38,-23.9,4.1,6.37,0.37,51.99,48.01,10.1,16.86,36.8,-18.0,3.7,1.16,0.52,13.819999694824219,0.20353981711085764,0.2963539737134087,78.11304175335427,68.34478455827119,,0.4165,20.0647511097215,37.824328576498765,,,,2,False,383.8,,,n/d,n/d,,,Rompimento,False,False,,,Em Alta,13.520000457763672,2.2189291930702293,-20.336187391124415,False,True,False,"Rompimento (vol x1.4, +2.2% do topo, MM50>MM200)"
BRSR6,SMALL11,SMALL11,Produtos financeiros,68.84,69.96,62.5,17.35,,0.4,,45.54,91.23,90.71,85.21,False,15,Não,2,6,False,,True,,False,False,True,,False,True,5,8,False,False,False,,False,,True,True,True,False,True,,True,5725642752.0,3.61,0.48,11.73,10.16,13.26,9.63,0.0,22.38,,,,,,0.43,36.69,-29.2,4.3,1.0,,93.0,6.99,10.06,18.55,39.1,-24.5,-4.1,1.07,0.64,14.0,10.162551367826948,18.851532787318988,51.38504155124654,50.44813029652846,71.96961890657695,33.9731973641602,30.825178569605384,,34.73659056757524,33.9731973641602,30.57587762774418,3,True,5.1,118.39912591245843,148.11850405410888,n/d,n/d,,,,False,False,,,Em Baixa,14.380000114440918,-2.642559884678364,-24.828062018151186,False,False,False,sem sinal (Em Baixa; sem novo topo (-2.6%))
PLPL3,SMALL11,SMALL11,Consumo discricionário,68.78,72.09,50.0,,,0.9,,77.84,82.63,52.43,59.15,False,16,Rompimento,5,8,False,,True,,False,False,True,False,False,True,5,10,True,True,True,False,False,True,True,False,True,True,True,0.57,True,1512720768.0,4.54,1.24,7.25,6.32,27.32,38.02,24.26,8.62,1.89,1.22,0.7,3.0,1.2,0.3,28.7,-37.3,2.93,7.78,1.2,73.04,24.14,6.46,17.36,15.3,-57.1,-18.7,1.47,0.51,7.449999809265137,3.3637297291774995,6.239718647624262,21.742840853031506,14.8939109083963,34.98727166243657,10.95072400487419,19.855726363900477,33.623300410052664,,,,6,False,10.4,,,n/d,2025-12-30,última,"A Plano&Plano (PLPL3) apresenta uma sólida eficiência operacional no setor de consumo discricionário, evidenciada por um ROE de 27,3% e um ROIC de 24,3% que se posicionam significativamente acima dos pares setoriais de 12,5% e 13,1%, respectivamente. Essa elevada qualidade de retorno convive com múltiplos de preço bastante descontados, visto que o P/L de 4,54 e o P/VP de 1,24 sugerem uma assimetria favorável entre a alta rentabilidade gerada e o valor de mercado cobrado pelas ações. No âmbito financeiro, a companhia concilia essa forte rentabilidade com um endividamento controlado, apresentando uma relação Dívida Líquida/EBITDA de 1,22 que está confortavelmente abaixo da média do setor de 2,67, além de uma robusta liquidez corrente de 3,0. O dividend yield de 7,25% mostra-se coerente e sustentável diante da capacidade de geração de lucro da empresa e de sua estrutura de capital desalavancada, embora o investidor deva monitorar a margem líquida de 8,62%. Por outro lado, o crescimento histórico acende um alerta, dado que o CAGR de receita de cinco anos contraiu 37,3%, situando-se bem abaixo da média setorial de 28,5% de expansão. Esse descompasso no crescimento reflete-se no checklist de critérios fundamentais, no qual a empresa atende a 5 dos 8 requisitos, penalizada pela margem abaixo de 15%, pelo CAGR inferior ao do setor e por vendas de papéis por parte de insiders. Sob a ótica de valuation, as estimativas de preço-teto revelam uma enorme dispersão entre os métodos de cálculo, variando desde os conservadores R$ 3,36 por Bazin e R$ 6,24 por Gordon, até os otimistas R$ 14,89 por Graham, R$ 21,74 por fluxo de caixa descontado e R$ 34,99 por Lynch, o que exige cautela na definição de uma referência única de valor justo. Em balanço, PLPL3 destaca-se positivamente por seus excelentes indicadores de retorno sobre o capital, múltiplos de preço atrativos e endividamento sob controle, mas traz como contrapartidas uma severa retração histórica em suas receitas, margens moderadas e uma tendência gráfica de baixa no curto prazo.",Rompimento,False,False,,,Em Baixa,7.360000133514404,1.222821659213169,-57.13620273804707,True,True,True,"Rompimento (vol x1.0, +1.2% do topo, MM50>MM200)"
CXSE3,BOVA11,BOVA11,Insurance,68.48,65.12,87.5,,1.6,0.3,,63.99,32.61,100.0,81.69,False,17,Não,4,6,False,,True,,True,True,True,,True,True,7,8,True,False,False,,True,,True,True,True,True,True,,True,57419997184.0,12.4,4.07,7.23,9.62,32.79,28.44,-1.21,75.43,,,,,,0.97,119.34,12.8,11.13,20.76,,8.23,91.77,12.68,22.04,51.0,-13.2,2.1,0.68,0.53,19.139999389648438,13.15731116818023,24.406812216974327,20.452015476842078,12.779831608750202,34.612447463066395,22.898448930232796,16.542428043910437,,20.22864694805736,21.675232203537437,19.507708983183694,4,True,1.9,1.9211578122313,5.687813966168154,2026-11-09,2026-11-04,próxima,,,False,False,,,Em Baixa,19.75,-3.0886106853243667,-13.560170038761331,True,False,False,sem sinal (Em Baixa; sem novo topo (-3.1%))
VLID3,SMALL11,SMALL11,Bens Industriais,67.55,67.12,70.0,,,0.7,,62.15,74.26,66.3,73.24,False,18,Não,4,8,False,,True,,False,False,True,True,False,True,7,10,True,False,True,False,False,True,True,False,True,True,True,0.1,True,1370900096.0,6.13,0.81,11.01,8.58,13.18,13.73,15.68,11.15,3.19,0.48,0.43,2.3,0.41,0.98,52.6,-32.9,10.07,7.18,1.13,45.32,54.23,16.3,22.63,7.5,-22.5,-1.7,0.93,0.52,17.530000686645508,10.74426543689855,19.93061238544681,37.89111078271664,37.31646064248518,42.403902487052996,34.52246248428089,18.869315306644456,31.492643486072765,31.775215367814244,34.52246248428089,31.070216235852797,7,True,3.9,77.24024540125849,81.26191741692772,2026-11-04,2026-08-13,última,,,False,False,,,Em Baixa,18.46053695678711,-5.040678244190966,-23.22124503926587,True,False,False,sem sinal (Em Baixa; sem novo topo (-5.0%))
LAVV3,SMALL11,SMALL11,Imobiliário,66.9,64.59,80.0,,,0.8,,66.53,56.43,55.2,95.07,False,19,Não,5,8,False,,True,,True,False,True,True,False,True,8,10,True,True,False,True,False,True,True,False,True,True,True,0.37,True,2024699776.0,5.31,1.32,24.76,14.03,24.9,19.67,8.69,19.91,6.82,1.5,2.42,4.12,0.86,0.84,74.47,-30.3,2.96,4.85,1.47,60.31,33.37,9.22,18.94,12.4,-45.3,-10.5,1.48,0.71,10.359999656677246,10.378633216458834,19.252364616531132,25.851223248770907,18.561658317524046,39.764502023938086,24.314048853440607,13.006887617252884,10.359999656677246,20.186164693824217,18.907011467027587,17.01631032032483,8,True,3.8,64.25010506016231,94.84715601137876,n/d,2026-02-03,última,,,False,False,,,Em Baixa,10.569999694824219,-1.9867553851472985,-45.41622810041136,True,False,False,sem sinal (Em Baixa; sem novo topo (-2.0%))
DIRR3,BOVA11+SMALL11,BOVA11,Consumo discricionário,66.76,66.19,70.0,,,0.9,,71.92,55.05,54.53,91.55,False,20,Não,5,8,False,,True,,False,False,True,False,True,True,7,10,True,True,False,True,False,True,True,False,True,True,True,0.5,True,3694495232.0,6.47,2.38,14.57,12.12,36.78,26.14,9.99,17.73,4.76,0.6,0.83,4.18,1.16,0.82,78.42,8.6,4.91,5.44,1.01,82.45,14.5,10.3,16.95,9.6,-33.4,-11.8,1.48,0.64,11.289999961853027,9.774107116375554,18.13096870087665,23.1209427348613,13.6472321924953,35.000950978895645,25.51476119598885,13.36818444215321,9.880299501333878,18.554680857872548,15.889100446685976,14.300190402017378,8,True,3.6,26.662448630073232,64.34615518658661,n/d,2025-12-17,última,,,False,False,,,Em Baixa,11.8100004196167,-4.403051983808048,-34.58059107868944,True,False,False,sem sinal (Em Baixa; sem novo topo (-4.4%))
GRND3,SMALL11,SMALL11,Consumo discricionário,66.31,63.89,80.0,,,0.9,DY5a=20.2%>=20,62.72,62.83,67.84,,False,21,Não,5,8,False,,True,,True,False,True,True,False,True,8,10,True,True,False,True,False,True,True,False,True,True,True,-0.31,True,3148538368.0,5.47,0.99,40.55,20.24,18.04,16.72,7.81,24.95,8.35,-3.59,-6.43,2.05,0.02,0.36,110.69,-24.5,4.65,2.66,2.01,29.93,70.07,3.37,4.83,3.6,-27.8,-10.1,0.72,0.45,3.490000009536743,5.044350409047963,9.35727000878397,8.453839145587175,7.113861845580963,19.140767876801153,6.059476722895763,7.720109710309798,2.2882505430466136,,,,6,False,8.4,,,2026-11-05,2026-04-24,última,,,False,False,,,Em Baixa,3.5937836170196533,-2.887864672525231,-28.516762653782312,True,False,False,sem sinal (Em Baixa; sem novo topo (-2.9%))
TGMA3,SMALL11,SMALL11,Bens Industriais,66.25,65.59,70.0,,,0.7,,78.74,31.03,70.08,83.8,False,22,Rompimento,6,8,False,,True,,False,False,True,True,True,True,7,10,True,True,True,False,False,True,True,True,True,True,True,0.03,True,2321009664.0,9.02,2.3,10.46,10.07,25.55,24.91,27.01,10.14,6.23,0.07,0.04,2.22,0.23,3.84,90.8,23.5,6.93,14.79,1.33,34.75,65.25,26.65,39.14,32.1,-10.1,14.5,0.91,0.51,35.20000076293945,25.31139907611215,31.13019017356151,34.28259768815133,36.657829351145296,48.45443000127379,48.463028854650425,16.18810974135277,30.16806884283779,33.831956716135636,32.70639393085642,29.43575453777078,8,True,3.0,-16.375699148386367,-3.886488685091649,n/d,n/d,,,Rompimento,False,False,,,Em Alta,34.70000076293945,1.4409221585205634,-10.967450727991201,False,True,False,"Rompimento (vol x0.7, +1.4% do topo, MM50>MM200)"
LREN3,BOVA11+SMALL11,BOVA11,Consumo discricionário,66.19,65.52,70.0,,,0.9,,68.22,74.48,56.72,48.59,False,23,Não,6,8,False,,True,,False,False,True,True,True,True,7,10,True,True,True,False,False,True,True,True,True,True,True,0.13,True,10646955008.0,7.18,1.03,8.55,4.36,14.41,11.89,23.53,9.35,1.92,0.59,0.35,1.69,0.32,0.73,31.34,3.2,6.47,6.22,1.29,46.72,53.28,10.5,16.05,5.5,-31.0,-20.2,1.46,0.66,11.079999923706055,3.454302384211566,6.407730922712454,20.4470750681205,19.326365203212898,22.0038575399476,16.468637771693686,13.719793854116501,30.395635651029696,,,,6,False,8.8,,,2026-11-05,2026-06-24,última,,,False,False,,,Em Baixa,13.670000076293945,-18.94659940111765,-32.89649636084019,True,False,False,sem sinal (Em Baixa; sem novo topo (-18.9%))
INTB3,SMALL11,SMALL11,Tecnologia de informação,66.06,67.13,60.0,,,0.5,,72.22,57.31,78.29,46.48,False,24,Pivô de alta,5,8,False,,True,,False,False,True,True,True,True,6,10,True,True,True,False,False,True,True,False,True,True,True,-0.17,True,4623493120.0,7.6,1.37,8.69,4.3,18.07,19.14,17.52,13.1,5.96,-1.0,-0.8,2.64,0.26,0.62,32.68,14.3,7.11,5.97,1.67,43.4,56.17,9.95,15.13,42.0,-6.6,3.0,1.03,0.48,14.130000114440918,4.339755647159453,8.050246725480784,24.634539673202912,20.77142752850562,30.6115073648923,16.75489077569444,19.183286852575588,14.373607035735159,19.19707227944097,19.183286852575588,17.264958167318028,7,True,7.1,22.186539472658385,35.86038304289527,n/d,n/d,,,Pivô de alta,False,False,,,Lateral,15.130000114440918,-6.609385277172231,-9.76465323702297,False,True,False,Pivô de alta
CEAB3,BOVA11+SMALL11,BOVA11,Consumo discricionário,65.09,64.81,66.66666666666667,,,0.9,,59.9,91.3,43.81,62.68,False,25,Não,5,8,False,,False,,False,,True,True,False,True,6,9,True,True,True,False,False,True,True,False,False,False,True,0.51,True,2400104960.0,4.11,0.61,6.95,6.49,14.79,7.33,14.93,7.02,1.85,1.94,1.82,1.67,0.72,0.38,26.66,-9.5,4.3,5.91,0.81,60.22,39.78,7.28,17.96,9.9,-55.5,-24.5,1.73,0.58,8.0,3.7067942850753566,6.876103398814785,25.79075425790754,23.965992419028545,33.73958279737528,9.621504033571808,18.470910231042495,,,,,5,False,9.1,,,n/d,n/d,,,,False,False,,,Em Baixa,9.720000267028809,-17.695475512106906,-55.73768057875918,False,False,False,sem sinal (Em Baixa; sem novo topo (-17.7%))
ALPA4,SMALL11,SMALL11,Consumo discricionário,65.0,64.12,70.0,,,0.9,,75.58,43.55,58.41,75.35,False,26,Pivô de alta,6,8,False,,False,,False,False,True,True,True,True,7,10,True,True,True,False,True,True,True,False,True,False,True,0.19,True,8992642048.0,12.37,2.4,14.13,8.78,19.37,-7.05,17.96,14.52,7.93,0.82,0.64,1.91,0.39,0.13,108.59,92.8,10.78,7.61,0.98,45.48,54.52,8.0,16.06,65.6,-17.6,8.2,1.08,0.46,13.239999771118164,8.302142137387513,15.400473664853836,14.181891428238938,11.526269399577288,32.10994285639005,10.329989999999999,12.951010285410655,6.364116594565261,11.293699072861926,11.526269399577288,10.373642459619559,7,True,5.0,-21.649224781342514,-14.700156585364244,n/d,n/d,,,Pivô de alta,False,False,,,Em Alta,13.529999732971191,-2.14338483057267,-18.372377733597013,False,True,False,Pivô de alta
MULT3,BOVA11+SMALL11,BOVA11,Imobiliário,63.22,62.02,70.0,,,0.8,,86.33,41.48,43.93,40.14,False,27,Não,7,8,False,,True,,False,False,True,True,True,True,7,10,True,True,True,True,True,True,True,False,True,True,True,0.74,True,13513602048.0,9.97,2.05,4.17,3.71,20.52,17.07,18.7,43.42,7.45,2.13,1.59,1.64,0.75,0.77,36.98,62.0,10.4,10.89,0.29,52.11,47.88,25.46,35.12,8.1,-21.6,-6.7,1.26,0.8,27.520000457763672,7.290978505888661,13.524765128423466,36.57372177185242,28.874547442789623,45.93352493983287,26.49482250051946,29.811027434561225,24.262072813064204,29.35349743300618,28.874547442789623,25.98709269851066,7,True,6.3,-5.570158916260349,6.662416223635126,2026-10-29,2026-07-01,última,,,False,False,,,Em Baixa,29.06999969482422,-5.331954775825187,-21.991401365487327,True,False,False,sem sinal (Em Baixa; sem novo topo (-5.3%))
VIVA3,BOVA11+SMALL11,BOVA11,Consumo discricionário,62.29,62.69,60.0,,,0.9,,76.47,53.48,66.07,16.9,False,28,Não,6,8,False,,True,,False,False,True,True,True,True,6,10,True,True,True,True,False,True,True,False,True,True,True,0.28,True,5189430784.0,8.71,1.6,3.23,1.97,18.4,21.98,17.32,18.56,5.75,1.1,0.89,4.19,0.4,0.58,17.17,0.4,6.91,10.38,1.73,37.54,62.46,20.42,35.35,8.1,-37.6,-4.5,1.13,0.52,22.06999969482422,3.1080724456235362,5.76547438663166,33.573765322206754,28.043002931433033,43.00378985776037,10.853405399094557,30.65981587914731,14.900092506627805,,,,6,False,13.8,,,n/d,2025-12-22,última,,,False,False,,,Em Baixa,22.600000381469727,-2.3451357420332997,-38.50911316460526,True,False,False,sem sinal (Em Baixa; sem novo topo (-2.3%))
BBSE3,BOVA11,BOVA11,Insurance,62.22,59.97,75.0,,1.3,0.3,,67.91,31.94,61.0,92.25,False,29,Não,5,6,False,,True,,True,False,True,,False,True,6,8,True,True,False,,True,,True,True,True,True,True,,True,75514568704.0,8.05,6.79,12.22,12.82,84.38,83.67,0.0,87.93,,,,,,,103.22,-0.1,8.83,28.81,,55.04,44.96,28.17,40.52,38.1,-4.0,8.9,0.54,0.51,38.900001525878906,35.628925600504914,51.87571567433516,50.255902592439824,24.957900564258203,,59.50416498381771,12.909139814266824,,49.316177212774406,51.06580913338749,45.95922822004874,4,True,1.7,18.14711161251128,26.776800201321226,2026-11-03,2026-08-07,última,,,False,False,,,Em Baixa,40.03296661376953,-2.8300802656502033,-4.576603732256002,True,False,False,sem sinal (Em Baixa; sem novo topo (-2.8%))
CYRE3,BOVA11+SMALL11,BOVA11,Consumo discricionário,61.9,58.7,80.0,,,0.9,,60.93,61.58,45.31,68.31,False,30,Não,4,8,False,,True,,False,False,True,True,True,True,8,10,True,True,False,True,False,False,True,False,True,True,False,0.53,True,9058869248.0,5.32,0.97,9.66,7.26,18.26,15.44,7.03,20.62,8.57,3.1,6.18,3.37,0.73,0.47,38.64,16.4,4.61,3.68,1.17,56.08,39.17,19.83,35.31,24.7,-30.0,8.5,1.73,0.67,24.729999542236328,12.830533674692179,23.800639966553987,61.592574047863025,51.638507817411686,85.84612579802551,33.664255275260146,45.155108210498454,5.1420385584367265,,,,6,False,16.7,,,n/d,n/d,,,,False,False,,,Lateral,23.940000534057617,3.2999122412501247,-31.334450105126642,False,False,False,sem sinal (Lateral)
SEER3,SMALL11,SMALL11,Consumo discricionário,61.78,62.1,60.0,,,0.9,,69.98,81.82,40.22,21.13,False,31,Não,6,8,False,,False,,False,False,True,True,True,False,6,10,True,True,True,False,True,True,True,False,True,False,True,0.74,True,1540326784.0,5.57,0.99,4.06,2.42,17.83,-1.1,17.04,11.85,2.57,1.79,1.47,1.64,0.92,0.37,13.48,29.3,4.81,9.65,0.47,59.3,40.7,8.27,13.75,45.5,-12.5,0.8,1.44,0.48,12.029999732971191,2.0800175086695534,3.858432478582021,28.61714478669089,24.300302609918276,37.6248188718028,9.158754146,26.13339259765735,37.85603071648073,,,,5,False,18.2,,,n/d,n/d,,,,False,False,,,Em Baixa,12.350000381469727,-2.591098288374738,-14.861998333060999,False,False,False,sem sinal (Em Baixa; sem novo topo (-2.6%))
TEND3,SMALL11,SMALL11,Consumo discricionário,61.52,63.55,50.0,,,0.9,,76.9,59.47,53.13,34.51,False,32,Pivô de alta,5,8,False,,False,,False,False,True,True,False,False,5,10,True,True,True,False,False,True,True,False,True,False,True,0.24,True,4099965440.0,6.57,2.47,4.71,3.32,37.61,-8.65,14.39,12.08,4.52,0.47,0.46,1.96,0.79,0.44,21.82,-11.5,4.9,7.18,0.76,81.81,18.11,19.95,36.71,67.5,-8.9,5.3,1.6,0.56,33.43000030517578,7.930922177531123,14.711860639320232,67.41971142215816,39.36375120302754,93.22418798524696,22.514801130999526,61.568189298725564,31.11815152963563,,,,6,False,11.8,,,n/d,n/d,,,Pivô de alta,False,False,,,Em Alta,33.66999816894531,-0.7127944069533321,-10.211679090656766,False,True,False,Pivô de alta
ABCB4,SMALL11,SMALL11,Produtos financeiros,61.44,65.66,37.5,16.87,,0.4,,51.24,70.06,83.86,83.1,False,33,Não,2,6,False,,True,,False,False,True,,False,True,3,8,True,False,False,,False,,True,False,True,True,True,,True,5939979776.0,5.81,0.82,11.47,10.05,14.05,14.98,0.0,40.92,,,,,,0.99,58.38,-2.9,4.82,1.54,,89.78,10.19,19.15,26.85,20.4,-14.2,-2.7,0.91,0.69,23.049999237060547,16.54376616781284,30.071471893004773,51.50946629191572,50.09186275696137,63.06344045567126,45.810975239404556,25.180545404586706,,35.98391989803447,37.94122356620466,34.1471012095842,4,True,3.1,48.14361101878637,56.112455917908854,n/d,n/d,,,,False,False,,,Em Baixa,24.15999984741211,-4.5943734162335215,-15.655474320920526,False,False,False,sem sinal (Em Baixa; sem novo topo (-4.6%))
TOTS3,BOVA11+SMALL11+Wishlist,BOVA11,Tecnologia de informação,61.35,58.06,80.0,,,0.5,,86.12,31.58,50.01,14.08,False,34,Rompimento,6,8,False,,True,,False,False,True,True,True,True,8,10,True,True,True,True,True,False,True,False,True,True,True,0.55,True,18674229248.0,12.97,3.39,2.2,1.39,26.12,14.98,23.37,21.63,7.48,2.09,1.25,1.84,0.92,0.86,18.02,269.5,15.48,7.39,1.0,42.41,54.01,27.05,47.43,21.1,-30.9,5.3,0.97,0.44,32.75,3.2493566925275488,6.0275566646386025,33.45701619121048,23.427865725111776,41.38326859640598,10.59424454785779,30.55319969159599,24.250734925692914,,,,6,False,12.7,,,2026-11-04,2026-06-16,última,"A TOTVS (TOTS3) apresenta uma sólida eficiência operacional no setor de tecnologia da informação, com um ROE de 26,1% e um ROIC de 23,4% que se posicionam significativamente acima dos pares setoriais (9,1% e 13,4%, respectivamente), sugerindo uma alta capacidade de gerar valor sobre o capital empregado. Essa qualidade superior convive com múltiplos de preço que demandam atenção, pois o P/L de 12,97 e o P/VP de 3,39 indicam que o mercado cobra um prêmio pelo papel, embora o PEG de 0,86 sinalize que esse preço está atrativo quando ajustado ao forte crescimento projetado. No âmbito financeiro, a excelente rentabilidade traduzida em uma margem líquida de 21,63% contrasta com um endividamento mais pressionado, visto que a relação Dívida Líquida/EBITDA de 2,09 está acima da média do setor (1,16), ainda que a liquidez corrente de 1,84 garanta conforto no curto prazo. Essa alavancagem mais alta e o foco na expansão ajudam a explicar o modesto dividend yield de 2,2%, demonstrando que a companhia prioriza a retenção de lucros para sustentar seu crescimento em vez de focar em proventos imediatos. O perfil de expansão da empresa é altamente robusto, evidenciado por um impressionante CAGR de receita de cinco anos de 269,5%, patamar que supera com folga a média setorial de 74,1%. No checklist de critérios fundamentalistas, a TOTS3 atende a 6 dos 8 requisitos avaliados, falhando apenas no nível de endividamento comparado ao setor e no histórico de transações de insiders, o que reforça a solidez do seu modelo de negócios. Sob a ótica de valuation, a análise dos preços-teto revela uma enorme dispersão entre os métodos de cálculo: enquanto os modelos baseados em dividendos como Bazin (R$ 3,25) e Gordon (R$ 6,03) apontam forte desvalorização frente ao preço atual de R$ 32,75, as metodologias focadas em fluxo de caixa e crescimento, como o DCF (R$ 33,46) e a fórmula de Lynch (R$ 41,38), mostram-se muito mais alinhadas à realidade da empresa e sugerem potencial de valorização. Como prós, destacam-se o crescimento exponencial da receita, a rentabilidade muito acima da média e os fortes indicadores de qualidade operacional; como contras, pesam o endividamento superior ao dos pares, o baixo retorno em dividendos e a expressiva divergência nas métricas de valuation que dependem da distribuição de proventos.",Rompimento,True,False,,,Em Alta,32.5099983215332,0.738239590458023,-31.318343688182093,True,True,True,"Rompimento (vol x0.6, +0.7% do topo, MM50>MM200)"
SAPR11,SMALL11,SMALL11,Serviços públicos,60.94,59.34,70.0,,,0.1,,57.82,57.67,64.59,59.86,True,35,Não,4,8,False,,True,,False,False,False,True,True,True,7,10,False,False,True,False,False,True,True,True,False,True,True,0.21,True,10170409984.0,22.04,0.83,1.66,6.34,3.76,14.91,11.83,6.04,3.93,0.89,1.05,1.86,0.6,1.92,139.81,11.5,6.33,5.91,0.51,53.34,46.66,31.45,47.9,7.0,-29.7,-11.6,0.97,0.55,33.650001525878906,15.246886801767193,28.282975017278144,20.229696924586907,37.31912959637818,27.24280547968912,15.033916666666668,15.115018834219656,77.67169119949854,22.6386327600837,20.229696924586907,18.206727232128216,7,True,5.2,-45.89382940108894,-32.723234075715546,n/d,n/d,,,,False,False,,,Em Baixa,35.279998779296875,-4.62017378065922,-30.931854099421408,False,False,False,sem sinal (Em Baixa; sem novo topo (-4.6%))
BBDC3,BOVA11,BOVA11,Produtos financeiros,60.45,60.09,62.5,15.65,,0.4,,48.9,69.36,66.43,74.65,False,36,Não,3,6,False,,True,,False,False,True,,True,True,5,8,True,False,False,,True,,True,False,True,True,True,,True,160978944000.0,6.14,0.87,9.85,8.7,14.13,11.35,0.0,26.07,,,,,,0.93,53.43,17.8,,1.07,,92.32,7.66,12.77,17.96,15.8,-17.7,-5.5,1.16,0.84,14.779999732971191,9.186484945828067,17.04092957451106,31.89495056382219,30.33345456974609,36.78693480727625,25.58128744616013,16.38749076540083,,20.925913132580362,21.311108510335593,19.179997659302035,4,True,3.5,29.769945912213647,41.582635390032394,2026-11-04,2026-09-02,próxima,,,False,False,,,Em Baixa,15.921855926513672,-7.171627471148123,-18.747469599208177,True,False,False,sem sinal (Em Baixa; sem novo topo (-7.2%))
ITSA4,BOVA11,BOVA11,Financial Services,60.44,59.34,66.66666666666667,,,0.4,,60.65,48.61,,80.28,False,37,Não,5,6,False,,True,,False,False,True,,True,True,6,9,True,True,True,,True,,True,False,True,True,True,,True,144014458880.0,7.81,1.51,8.91,9.4,19.36,17.48,0.38,214.29,,,,,,1.52,73.41,28.4,6.76,0.38,0.64,16.02,79.82,9.72,14.81,32.2,-13.3,-3.5,1.23,0.88,12.850000381469727,8.627042016972684,14.347309092233102,19.544862183496473,17.749266449763482,23.935395358538017,17.384950311822188,9.719867294471685,,14.976040901131112,15.866129702027646,14.27951673182488,4,True,2.3,11.124640528544894,16.54506191865357,n/d,2026-09-01,próxima,,,False,False,,,Em Baixa,13.729999542236328,-6.409316752411687,-14.619635228414229,True,False,False,sem sinal (Em Baixa; sem novo topo (-6.4%))
CMIN3,BOVA11,BOVA11,Materiais,60.02,65.32,30.0,,,1.0,,82.75,45.84,34.18,97.89,False,38,Fundo duplo,7,8,False,,True,,False,False,True,False,True,False,3,10,True,True,True,False,True,True,True,True,True,True,True,0.16,True,31647055872.0,13.9,4.42,18.25,16.61,31.79,32.01,20.33,13.41,5.4,0.2,0.14,1.17,1.24,0.15,230.86,90.7,14.63,8.29,0.53,80.09,19.91,4.08,6.24,44.1,-5.7,19.3,1.09,0.48,5.880000114440918,6.975750809416621,12.940017751467833,5.605036080312384,3.5583614350927157,12.690647729009175,6.133333333333334,5.118561250700368,5.348622529323849,7.296291364832035,5.869184706822859,5.282266236140573,8,True,3.6,-10.165541950115742,24.0865854222144,n/d,2026-04-17,última,"A CSN Mineração (CMIN3) apresenta uma notável eficiência operacional, com um ROE de 31,8% e um ROIC de 20,3% que se posicionam muito acima dos pares do setor de materiais (8,4% e 8,7%, respectivamente), sugerindo uma forte capacidade de geração de valor sobre o capital empregado. No entanto, essa elevada qualidade operacional convive com múltiplos de preço esticados, visto que o P/L de 13,9 e o P/VP de 4,42 indicam que o mercado já cobra um prêmio considerável pelo papel, embora o PEG de 0,15 aponte que esse preço está desalinhado positivamente com o crescimento projetado. No âmbito financeiro, a excelente rentabilidade é acompanhada por um endividamento sob controle, evidenciado pela relação Dívida Líquida/EBITDA de apenas 0,2, patamar substancialmente abaixo da média do setor de 2,17, o que confere segurança financeira mesmo com uma relação Dívida/Patrimônio de 1,24. Essa estrutura de capital robusta e a forte geração de caixa dão sustentabilidade ao expressivo dividend yield de 18,25%, o qual se mostra coerente com o lucro e com a saúde do balanço, posicionando a empresa como uma forte pagadora de proventos. O crescimento histórico da companhia também é um destaque, com um CAGR de receita nos últimos cinco anos de 90,7%, superando com folga a média setorial de 17,7%, o que se reflete no checklist de critérios fundamentalistas, onde a empresa atende a expressivos 7 de 8 requisitos analisados. Sob a ótica do valuation, os métodos de preço-teto revelam uma dispersão acentuada entre as premissas, variando desde os conservadores R$ 3,56 de Graham e R$ 5,61 do fluxo de caixa descontado até os otimistas R$ 12,94 de Gordon e R$ 12,69 de Lynch. Essa disparidade resulta em uma média de R$ 7,30 e uma mediana de R$ 5,87, sendo que o preço-teto ajustado com margem de segurança fica em R$ 5,28, o que gera um upside negativo de 10,2% em relação à cotação atual de R$ 5,88. Em suma, os principais prós do ativo residem em sua rentabilidade excepcional, endividamento muito abaixo dos pares, forte crescimento histórico e proventos altamente atrativos, enquanto os contras concentram-se no valuation esticado frente ao preço-teto ajustado, na margem líquida abaixo de 15% e em uma tendência gráfica lateralizada que exige cautela do investidor.",Fundo duplo,False,False,,,Lateral,5.96999979019165,-1.5075323101115812,-7.733794967360163,True,True,True,Fundo duplo — rompeu pescoço ~R$4.78 (candidato)
ITUB4,BOVA11,BOVA11,Produtos financeiros,59.94,57.28,75.0,15.95,,0.4,,58.52,40.17,70.71,67.61,False,39,Não,4,6,False,,True,,False,False,True,,True,True,6,8,True,True,False,,True,,True,False,True,True,True,,True,434702614528.0,9.16,2.06,8.04,7.16,22.45,19.06,0.0,32.58,,,,,,1.18,65.55,8.1,7.74,1.58,,92.99,6.67,33.18,48.4,18.9,-18.5,-4.8,1.18,0.85,39.439998626708984,20.161275745304266,37.39916650753941,57.05021635413689,43.06721646336476,64.10972928489694,45.28400689669809,32.4309406972427,,39.97366637591966,41.34158670211875,37.20742803190687,4,True,2.8,-5.660676147412957,1.3531130015031811,n/d,2026-09-01,próxima,,,False,False,,,Em Baixa,42.380001068115234,-6.937240130506206,-19.01273240052025,True,False,False,sem sinal (Em Baixa; sem novo topo (-6.9%))
ISAE4,BOVA11,BOVA11,Serviços públicos,59.45,59.35,60.0,,,0.1,,61.14,48.74,60.22,76.06,True,40,Não,5,8,False,,True,,False,False,True,True,True,True,6,10,False,True,False,True,True,False,True,True,True,True,True,0.67,True,18671603712.0,6.51,0.83,6.65,8.95,12.71,14.91,9.63,26.39,7.37,3.41,4.96,5.28,0.79,1.23,58.28,220.0,8.91,6.2,0.28,54.58,44.81,20.95,31.63,26.3,-16.3,-5.8,0.97,0.68,26.459999084472656,16.918934939417362,28.679828341875435,49.21350852397792,53.994751083210815,57.93925170267027,43.013884460065945,24.406572665850696,30.067219960943827,38.02924395975153,36.540552210504885,32.8864969894544,8,True,3.4,24.287596853141856,43.72352711859306,n/d,2026-04-20,última,,,False,False,,,Em Baixa,26.709999084472656,-0.935979066151793,-17.424505095350096,True,False,False,sem sinal (Em Baixa; sem novo topo (-0.9%))
EZTC3,SMALL11,SMALL11,Consumo discricionário,58.99,57.05,70.0,,,0.9,,50.83,60.82,67.72,54.23,False,41,Rompimento,3,8,False,,True,,False,False,True,True,False,True,7,10,False,False,False,True,False,True,True,False,True,False,True,0.0,True,3261742336.0,5.75,0.58,9.09,5.69,10.15,7.87,5.14,36.95,9.74,0.07,0.17,3.06,0.34,0.84,32.72,-22.5,5.15,2.75,2.48,28.86,69.9,10.13,16.23,16.1,-27.5,-7.6,1.36,0.62,11.760000228881836,4.779815381815517,8.866557533267784,27.099130962205965,30.545741359143516,25.604650632625866,14.19260756846341,14.242808391694135,5.0722134441353095,20.09191607456678,19.92372951216,17.931356560944003,6,True,6.4,52.477518809104254,70.8496231592094,n/d,n/d,,,Rompimento,False,False,,,Em Baixa,11.270000457763672,4.347823879462331,-28.482480186440974,False,True,False,"Rompimento (vol x1.5, +4.3% do topo, MM50>MM200)"
ABEV3,BOVA11,BOVA11,Bens de primeira necessidade,58.87,58.67,60.0,,,0.0,,79.37,17.32,66.34,53.52,True,42,Não,7,8,False,,True,,False,False,True,True,True,True,6,10,True,True,True,True,True,True,True,False,True,True,True,-0.17,True,236080185344.0,14.53,2.67,5.17,5.43,18.4,17.07,20.62,18.41,8.22,-0.57,-0.39,1.02,0.03,3.75,78.92,24.6,13.79,10.3,0.81,38.81,60.59,11.06,16.9,38.4,-9.4,-2.9,0.67,0.46,15.3100004196167,5.9395269773417105,8.534880597078802,10.815015422794087,11.659448912023235,9.810403792240514,14.90925677619887,5.384140018563597,10.696897227359731,9.718696215450066,10.253650509800122,9.22828545882011,8,True,2.8,-39.723806623833205,-36.52060124702869,2026-10-29,2026-09-22,próxima,,,False,False,,,Em Baixa,15.869999885559082,-3.5286671076283693,-9.902405525152158,True,False,False,sem sinal (Em Baixa; sem novo topo (-3.5%))
BLAU3,SMALL11,SMALL11,Cuidados de saúde,58.68,63.74,30.0,,,0.2,,63.16,57.17,84.69,40.85,True,43,Pivô de alta,5,8,False,,True,,False,False,True,True,False,False,3,10,False,True,True,False,False,True,True,True,True,True,True,-0.01,True,2136610816.0,8.97,0.9,8.27,3.82,10.02,13.86,12.24,13.09,4.82,-0.09,-0.1,3.23,0.37,1.36,34.23,-14.8,6.67,5.15,1.38,37.94,62.5,8.35,13.7,10.8,-32.5,-7.1,0.77,0.26,9.25,2.521670917965907,4.677699552826757,13.663600891861758,15.44242552617786,10.73109422262332,7.312738777796768,7.0261968184710515,10.333423801216131,9.88388279871052,10.333423801216131,9.300081421094518,7,True,6.1,0.5414207685893846,6.852787013086692,n/d,n/d,,,Pivô de alta,False,False,,,Lateral,9.300000190734863,-0.5376364484882101,-35.237985562341045,False,True,False,Pivô de alta
KEPL3,SMALL11,SMALL11,Bens Industriais,58.65,63.71,30.0,,,0.7,,64.59,46.71,65.52,98.59,False,44,Rompimento,6,8,False,,True,,False,False,True,True,False,False,3,10,True,True,True,False,False,True,True,True,True,True,True,-0.02,True,1108849024.0,8.02,1.41,4.62,16.62,17.52,36.22,12.97,9.71,6.39,-0.07,-0.08,2.04,0.43,,133.27,-56.2,11.59,6.76,1.34,48.81,51.19,5.69,10.45,12.5,-38.8,-6.8,1.04,0.5,6.400000095367432,7.596590938149569,11.060636405945772,8.29925199399268,9.027645547658164,,8.87647993724503,2.131813355599768,5.369614780864673,8.371703267309314,8.587865965618855,7.7290793690569695,6,True,5.2,20.76686334194866,30.807861602519004,n/d,n/d,,,Rompimento,False,False,,,Em Baixa,6.349999904632568,0.7874045903274229,-39.047618139357795,False,True,False,"Rompimento (vol x1.0, +0.8% do topo, MM50>MM200)"
TAEE11,BOVA11+SMALL11,BOVA11,Serviços públicos,58.64,58.4,60.0,,,0.1,,73.33,27.1,48.41,89.44,True,45,Não,6,8,False,,True,,True,False,True,False,True,True,6,10,True,True,True,True,False,False,True,True,True,True,True,0.45,True,40161812480.0,8.01,1.61,7.96,11.16,20.14,22.05,11.11,36.48,9.29,4.36,5.49,3.48,1.36,3.75,89.38,13.5,8.97,6.9,0.24,66.19,33.81,31.41,43.57,23.7,-10.8,-1.7,0.88,0.69,38.86000061035156,30.97422558314344,37.33904008942356,41.77389235468468,51.329243794063935,64.51021342797708,16.342100463568002,19.48042941943218,27.991219248338233,36.21754554757889,34.1566328362835,30.74096955265515,8,True,3.9,-20.893028641727962,-6.799935721227901,n/d,n/d,,,,False,False,,,Em Baixa,39.42622375488281,-1.436158705057633,-11.302801590912704,False,False,False,sem sinal (Em Baixa; sem novo topo (-1.4%))
BBDC4,BOVA11,BOVA11,Produtos financeiros,58.45,57.73,62.5,15.65,,0.4,,48.9,61.05,66.43,71.83,False,46,Não,3,6,False,,True,,False,False,True,,True,True,5,8,True,False,False,,True,,True,False,True,True,True,,True,182762307584.0,6.96,0.98,9.56,8.33,14.13,11.35,0.0,26.07,,,,,,1.17,57.99,17.8,5.58,1.07,,92.32,7.66,14.99,20.89,12.0,-19.7,-6.6,1.23,0.82,16.780000686645508,9.985664099891691,18.366759200249085,31.674537199103373,30.47653407949944,34.39875972310931,27.993389967091936,15.437124836770158,,22.00508761658402,23.18007458367051,20.86206712530346,4,True,3.2,24.326974205112496,31.138776615765806,n/d,n/d,,,,False,False,,,Em Baixa,18.188608169555664,-7.744448996751174,-20.994294759860686,False,False,False,sem sinal (Em Baixa; sem novo topo (-7.7%))
VBBR3,BOVA11,BOVA11,Consumo discricionário,58.09,55.99,70.0,,,0.9,,61.7,52.67,46.78,57.04,False,47,Não,6,8,False,,True,,False,False,True,True,True,True,7,10,True,True,True,False,True,True,True,False,False,True,True,0.74,True,40778899456.0,8.03,1.72,4.46,6.06,21.49,20.83,16.06,2.48,5.92,1.52,1.33,2.01,0.93,0.73,48.69,677.0,10.36,9.71,0.57,65.98,33.8,19.01,36.13,79.3,-5.6,6.1,1.06,0.65,34.09000015258789,14.764029626124751,27.38727495646141,56.250622916785744,43.51071962247149,72.55360772024832,38.45081140628864,40.76646229951829,21.066678450311915,42.85516819601226,40.76646229951829,36.68981606956646,7,True,4.9,7.626330024469685,25.711845128164292,n/d,n/d,,,,False,False,,,Em Baixa,35.439998626708984,-3.809250921086893,-6.93420923140049,False,False,False,sem sinal (Em Baixa; sem novo topo (-3.8%))
CPFE3,BOVA11,BOVA11,Serviços públicos,57.93,59.33,50.0,,,0.1,,76.75,41.55,29.8,84.51,True,48,Não,6,8,False,,True,,False,False,True,False,True,True,5,10,True,True,True,False,False,True,True,True,True,True,True,1.44,True,50975739904.0,8.22,2.17,8.71,10.15,26.43,27.84,15.57,13.16,5.52,2.35,2.11,0.92,1.55,1.88,83.46,21.5,10.13,8.79,0.29,71.02,27.73,35.03,52.32,26.3,-15.4,-3.1,0.96,0.66,44.2400016784668,32.08407763132491,48.69139716298315,58.34154951601694,49.68675315451532,78.1730471894993,59.711393433377026,29.167042406109235,77.5826194355271,54.17973499116913,54.014151335266135,48.61273620173952,8,True,2.7,9.884119252647071,22.46775075856373,n/d,n/d,,,,False,False,,,Em Baixa,46.349998474121094,-4.552312546099402,-16.515439541177656,False,False,False,sem sinal (Em Baixa; sem novo topo (-4.6%))
ALUP11,SMALL11,SMALL11,Serviços públicos,57.9,55.76,70.0,,,0.1,,61.2,51.46,52.15,49.3,True,49,Não,7,8,False,,True,,False,False,True,False,True,True,7,10,True,True,True,True,True,False,True,True,True,True,True,0.81,True,15534924800.0,7.6,1.09,3.38,4.76,14.38,12.27,10.21,27.68,6.18,3.48,4.77,3.17,1.11,0.83,36.16,176.5,11.78,5.7,0.32,60.84,28.54,28.44,36.3,14.8,-10.0,-0.8,0.82,0.67,32.65999984741211,11.097999441547552,20.58678896407071,56.94013131292242,53.82541566292831,59.89734831209908,28.272753891825882,36.27955938165171,53.576987975700334,44.19699792874263,53.576987975700334,48.2192891781303,7,True,5.4,47.64020025539306,35.32455032220303,n/d,n/d,,,,False,False,,,Em Baixa,32.741859436035156,-0.25001508782043214,-10.82896174015665,False,False,False,sem sinal (Em Baixa; sem novo topo (-0.3%))
TFCO4,SMALL11,SMALL11,Consumo discricionário,57.9,59.3,50.0,,,0.9,,80.76,29.93,69.27,16.2,False,50,Não,5,8,False,,True,,False,False,True,True,False,True,5,10,True,True,True,False,False,True,True,False,True,True,True,0.22,True,1966777856.0,13.18,3.16,2.52,1.72,23.99,26.81,27.1,13.1,8.15,0.48,0.25,3.17,0.28,0.88,22.72,-89.0,8.53,16.03,1.67,41.96,57.74,12.65,18.1,2.5,-28.4,-12.6,1.25,0.68,12.960000038146973,1.5956790165733539,2.9599845757435714,13.028831601323777,9.525658668173282,16.444575630063092,6.104046666666666,11.898027349133413,6.356984826109779,,,,6,False,10.3,,,n/d,n/d,,,,False,False,,,Em Baixa,14.989999771118164,-13.542359999781139,-28.704476692052218,False,False,False,sem sinal (Em Baixa; sem novo topo (-13.5%))
RECV3,BOVA11+SMALL11,BOVA11,Energia,57.37,62.2,30.0,,,0.9,,54.7,71.21,54.9,88.03,False,51,Rompimento,3,8,False,,True,,False,False,True,True,False,False,3,10,False,False,False,True,False,True,True,False,True,True,True,0.36,True,3107975680.0,6.18,0.7,16.23,10.71,11.26,17.76,10.15,16.73,3.26,1.18,1.63,2.91,0.72,1.62,66.19,-14.8,6.46,5.06,0.52,50.04,49.96,8.89,13.47,19.1,-21.4,-2.6,0.7,0.39,10.59000015258789,8.101227362482744,11.551027785452241,17.452163107053284,24.151492148125946,24.87656900340325,21.049269828115367,8.678711550277338,10.233600813099995,15.76175769975127,14.501595446252763,13.051435901627487,8,True,3.1,23.24301901391468,48.836236757745,n/d,n/d,,,Rompimento,False,False,,,Lateral,10.569999694824219,0.18921909499642897,-23.19619983114777,False,True,False,"Rompimento (vol x0.7, +0.2% do topo, MM50>MM200)"
BPAC11,BOVA11,BOVA11,Produtos financeiros,56.48,53.21,75.0,15.65,,0.4,,59.63,41.38,66.43,27.46,False,52,Não,4,6,False,,True,,False,False,True,,True,True,6,8,True,True,False,,True,,True,False,True,True,True,,True,182630154240.0,11.24,2.57,2.68,2.74,22.88,20.48,0.0,39.8,,,,,,0.75,30.77,20.0,8.9,2.41,,90.46,8.68,41.91,63.41,29.3,-14.5,-1.1,1.58,0.85,54.20000076293945,10.596875841091755,19.657204685225203,63.892349653820965,47.834455464321465,85.52991754620786,11.768333333333333,58.3469759102818,,14.007471286550098,11.768333333333333,10.5915,3,True,6.0,-80.45848735994448,-74.15595739967583,n/d,n/d,,,,False,False,,,Em Baixa,55.99077224731445,-3.1983332476020476,-16.04117771877931,False,False,False,sem sinal (Em Baixa; sem novo topo (-3.2%))
GMAT3,SMALL11,SMALL11,Bens de primeira necessidade,56.22,54.38,66.66666666666667,,,0.0,,48.04,71.72,57.59,33.1,True,53,Fundo duplo,4,8,False,,True,,False,,True,True,False,True,6,9,True,True,False,False,False,True,True,False,False,True,True,0.48,True,10685860864.0,6.1,0.89,2.77,3.24,14.52,15.23,10.1,4.11,4.31,2.06,2.86,1.74,0.56,0.52,19.76,-35.4,5.21,5.7,1.0,52.91,42.64,3.57,7.15,30.0,-35.1,12.5,1.23,0.52,4.639999866485596,1.073494104114275,1.99133156313198,10.078688234579367,9.446029690082037,11.326279139086125,4.230026072002111,7.602765638944097,7.2410239750103,,,,6,False,10.6,,,n/d,n/d,,,Fundo duplo,False,False,,,Em Alta,4.300000190734863,7.906968852776419,-35.927796812498826,False,True,False,Fundo duplo — rompeu pescoço ~R$4.03 (candidato)
CMIG4,BOVA11,BOVA11,Serviços públicos,55.84,55.11,60.0,,,0.1,,55.37,51.02,37.55,99.3,True,54,Não,5,8,False,,True,,True,False,True,True,False,True,6,10,True,True,False,False,False,True,True,True,True,True,True,0.67,True,30065768448.0,6.36,1.0,10.35,17.43,15.75,21.33,9.3,10.51,6.36,2.49,3.75,1.17,0.78,,110.87,-20.4,9.08,5.94,0.42,57.36,42.63,9.61,13.28,9.3,-20.8,-6.5,0.96,0.73,10.510000228881836,13.086966565901376,19.0546233199524,17.18616389628476,19.768122639258515,,14.127676775544375,4.414577814018203,14.722381675726727,16.324322478778026,15.954272786005744,14.358845507405169,6,True,4.5,36.620791576641224,55.32180897502015,n/d,n/d,,,,False,False,,,Em Baixa,11.279999732971191,-6.826236899976723,-21.188719205178362,False,False,False,sem sinal (Em Baixa; sem novo topo (-6.8%))
SANB11,BOVA11,BOVA11,Produtos financeiros,55.81,56.83,50.0,14.99,,0.4,,52.03,60.48,57.0,69.01,False,55,Pivô de alta,3,6,False,,True,,True,False,True,,True,False,4,8,True,False,False,,True,,True,False,True,True,True,,True,159538626560.0,7.17,1.13,7.78,7.32,15.69,10.65,0.0,28.66,,,,,,0.96,52.47,49.8,6.51,1.11,,90.04,9.86,25.1,36.14,18.3,-17.8,7.1,1.16,0.65,29.690000534057617,15.520224640466807,28.79001670806593,54.866458448572295,49.47692096413685,61.18292634636837,36.64283818246783,30.47133159014448,,33.95488449489322,32.71642744526688,29.444784700740193,4,True,3.5,-0.8259206093180649,14.364715002087403,n/d,n/d,,,Pivô de alta,False,False,,,Em Alta,29.93000030517578,-0.8018702595090188,-18.566229561124214,False,True,False,Pivô de alta
BMOB3,SMALL11,SMALL11,Comunicação,55.68,53.15,70.0,,,0.4,,58.08,28.04,71.15,57.75,False,56,Rompimento,7,8,False,,True,,False,False,True,True,False,True,7,10,True,True,True,False,True,True,True,True,True,True,True,-0.3,True,1983909760.0,12.4,2.11,8.49,6.18,16.97,10.68,11.27,8.49,6.82,-1.91,-2.38,1.69,0.05,3.13,76.69,-1.0,10.62,6.02,1.43,47.82,51.18,18.09,27.93,31.5,-14.8,-2.1,1.2,0.62,23.780000686645508,10.504981655338955,15.2215972950233,19.84847166416833,22.052155775124422,19.44680932736826,22.99285751133411,9.891671195536906,19.450385702693556,17.42611626582348,19.448597515030908,17.503737763527816,8,True,2.3,-26.393030874226785,-26.719445909815608,n/d,n/d,,,Rompimento,False,False,,,Lateral,23.73871612548828,0.1739123587770619,-15.592001662704892,False,True,False,"Rompimento (vol x1.0, +0.2% do topo, MM50>MM200)"
IGTI11,BOVA11+SMALL11,BOVA11,Imobiliário,55.55,53.0,70.0,,,0.8,,69.95,37.19,50.2,21.83,False,57,Não,3,7,False,,True,,False,False,True,True,False,True,7,10,False,False,True,True,False,True,,False,True,False,True,0.48,True,,10.99,1.42,1.24,2.45,12.93,7.32,12.16,41.91,8.46,2.15,2.47,2.73,0.9,1.16,26.98,-35.4,11.01,5.46,0.48,51.02,48.98,21.57,30.19,12.8,-19.4,-5.6,1.31,0.79,24.329999923706055,4.265826969219717,7.913109027902573,29.333257414841235,29.21395447941907,26.33700607878938,2.9731723904166363,19.05301343059025,18.007271217472862,,,,6,False,9.9,,,n/d,n/d,,,,False,False,,,Em Baixa,25.56999969482422,-4.849432091972849,-20.037062853148278,False,False,False,sem sinal (Em Baixa; sem novo topo (-4.8%))
WEGE3,BOVA11+Carteira,BOVA11,Bens Industriais,55.36,54.54,60.0,,,0.7,,86.35,6.82,60.03,19.72,False,58,Rompimento,6,8,False,,True,,False,False,True,True,False,True,6,10,True,True,True,True,False,True,True,False,True,True,True,-0.17,True,208029253632.0,32.93,10.92,4.09,2.33,33.16,31.31,24.33,15.58,21.41,-0.35,-0.2,1.59,0.29,4.27,76.73,-2.1,26.84,11.21,1.12,56.49,40.84,34.11,53.79,45.3,-7.8,7.8,0.75,0.44,49.58000183105469,8.252002701618549,15.307465011502408,19.94943893900621,12.401968187216015,15.12548809804349,20.74522888508173,11.324388917282278,12.98629942513824,14.511535020611115,14.055893761590866,12.65030438543178,8,True,2.5,-74.48506672400283,-70.73107203573812,2026-10-21,2026-06-22,última,"A WEG (WEGE3) consolida-se como uma operação de altíssima eficiência operacional no setor de bens industriais, entregando um ROE de 33,2% e um ROIC de 24,3% que superam com folga as médias setoriais de 14,5% e 12,6%, respectivamente. Essa excepcional qualidade de retorno, contudo, convive com múltiplos de preço extremamente esticados, evidenciados pelo P/L de 32,93 e pelo P/VP de 10,92, o que sugere que o mercado cobra um prêmio elevado pela resiliência da companhia. No âmbito financeiro, a excelente rentabilidade é sustentada por uma estrutura de capital exemplar, onde a relação dívida líquida sobre EBITDA negativa de -0,35 fica muito abaixo do endividamento médio do setor de 2,38, indicando uma robusta posição de caixa líquido. Esse balanço desalavancado confere total sustentabilidade ao pagamento de proventos, embora o dividend yield atual de 4,09% seja moderado, refletindo que o lucro gerado é reinvestido ou precificado de forma esticada pelo mercado, em vez de distribuído integralmente em altos payouts. Por outro lado, o crescimento recente acende um sinal de alerta, visto que o CAGR de receita de cinco anos contraiu 2,1%, situando-se significativamente abaixo da média setorial de 27,1%, o que é corroborado pelo checklist de critérios da empresa, no qual ela atende a 6 dos 8 requisitos avaliados devido a esse fraco desempenho de expansão e a vendas de insiders. Sob a ótica do valuation, as metodologias de preço-teto revelam uma dispersão notável, variando desde os conservadores R$ 8,25 pelo método de Bazin até R$ 19,95 pelo fluxo de caixa descontado, resultando em uma média de R$ 14,51 e uma mediana de R$ 14,06. Diante do preço atual de R$ 49,58, o preço-teto ajustado com margem de segurança de R$ 12,65 aponta para um expressivo upside negativo de -74,5%, sinalizando que a cotação de mercado atual em tendência de alta e sinal gráfico de rompimento embute projeções futuras bastante otimistas. Em suma, os prós da tese residem na rentabilidade muito acima dos pares, na sólida liquidez corrente de 1,59 e na ausência de endividamento líquido, enquanto os contras concentram-se no valuation esticado frente aos modelos clássicos e na recente perda de tração no crescimento da receita comparada ao setor.",Rompimento,False,True,49.82,-0.48,Em Alta,49.27000045776367,0.6291888987432825,-8.667873268803072,False,True,False,"Rompimento (vol x1.6, +0.6% do topo, MM50>MM200)"
UGPA3,BOVA11,BOVA11,Consumo discricionário,55.09,52.46,70.0,,,0.9,,63.74,39.8,43.8,50.7,False,59,Não,7,8,False,,True,,False,False,True,True,True,True,7,10,True,True,True,False,True,True,True,True,False,True,True,0.63,True,35826143232.0,11.21,2.16,2.88,4.95,19.25,16.17,21.5,2.26,5.22,1.13,0.74,1.64,0.98,1.31,55.48,44.3,12.3,9.73,0.63,64.07,31.75,16.6,33.72,102.5,-0.3,18.0,1.0,0.56,33.619998931884766,11.884401779076333,22.045565300186595,39.73817893376209,32.40852551699374,40.546613418221604,23.78010069884006,24.16893068275144,25.566486313447477,27.51735033040992,24.86770849809946,22.380937648289514,8,True,3.4,-33.42968959150166,-18.151840557279662,n/d,n/d,,,,False,False,,,Em Alta,33.720001220703125,-0.29656668208232206,-1.7246424097558166,False,False,False,sem sinal (Em Alta)
EVEN3,SMALL11,SMALL11,Consumo discricionário,54.54,53.58,60.0,,,0.9,,40.54,71.68,48.02,78.17,False,60,Não,1,8,False,,True,,False,False,True,True,False,True,6,10,False,False,False,False,False,False,True,False,True,False,True,0.36,True,896783040.0,4.35,0.45,21.26,9.09,10.28,7.88,4.93,12.83,7.19,2.85,7.13,4.66,0.64,0.7,39.55,-37.5,2.94,2.92,1.27,57.92,36.05,4.15,8.43,8.9,-46.4,-18.1,1.35,0.63,4.519999980926514,2.9350433212123224,5.444505360848858,13.767816033856622,15.324235117165141,15.903749169558832,9.471435211183172,6.834912648998449,1.4464546889691399,,,,6,False,11.0,,,n/d,n/d,,,,False,False,,,Em Baixa,4.730000019073486,-4.439747088798274,-47.01710406703058,False,False,False,sem sinal (Em Baixa; sem novo topo (-4.4%))
VIVT3,BOVA11,BOVA11,Comunicação,54.37,46.32,100.0,,,0.4,,45.51,36.87,52.13,61.97,False,61,Não,5,8,False,,True,,True,True,True,True,True,True,10,10,False,True,True,False,True,False,True,True,True,False,True,0.16,True,95868190720.0,14.39,1.45,8.45,6.45,10.05,7.53,9.1,10.68,4.17,0.56,0.86,0.95,0.3,19.8,92.77,18.5,9.84,5.51,0.48,46.12,53.66,29.28,40.95,2.5,-26.7,-12.7,0.82,0.56,30.0,13.814219654449749,14.676678194274302,15.82099669036707,31.152873793818326,14.955267523138225,30.37744171199433,6.52190794977579,38.80831925964276,18.18848364540254,14.955267523138225,13.459740770824403,7,True,6.0,-55.13419743058532,-39.37172118199154,n/d,n/d,,,,False,False,,,Em Baixa,31.649999618530273,-5.213268999738752,-27.232009073857267,False,False,False,sem sinal (Em Baixa; sem novo topo (-5.2%))
PGMN3,SMALL11,SMALL11,Bens de primeira necessidade,53.64,57.81,30.0,,,0.0,,46.76,76.05,44.38,88.73,True,62,Não,4,8,False,,True,,False,False,False,False,True,False,3,10,False,True,True,False,True,False,True,False,False,False,True,0.99,True,2523215872.0,7.32,0.7,7.11,10.75,9.61,5.91,12.78,2.1,2.6,3.59,3.94,1.78,1.02,3.57,78.66,11.1,5.15,6.26,0.83,68.82,31.1,3.13,7.54,12.1,-53.4,-16.9,1.52,0.59,3.509999990463257,2.694277162698206,3.2213095997089,4.095040444629302,7.355188608855169,6.136182372263043,8.50420167869765,1.8989790875351584,,4.843596993483919,4.095040444629302,3.685536400166372,7,True,4.5,5.001037327066982,37.994216713506354,n/d,n/d,,,,False,False,,,Em Baixa,3.5399999618530273,-0.847456828052251,-53.93700730737312,False,False,False,sem sinal (Em Baixa; sem novo topo (-0.8%))
FLRY3,BOVA11+SMALL11,BOVA11,Cuidados de saúde,52.89,49.87,70.0,,,0.2,,56.52,31.21,51.11,64.08,True,63,Fundo duplo,5,8,False,,True,,False,False,True,True,True,True,7,10,False,True,True,False,True,False,True,True,True,True,True,0.7,True,10133192704.0,14.43,1.88,6.3,6.57,13.0,10.93,12.7,8.01,5.97,1.78,1.96,1.86,0.98,21.26,94.78,14.4,12.37,6.47,0.55,61.45,37.83,13.07,18.68,42.6,-0.2,16.4,0.96,0.6,18.639999389648438,8.745140380649891,9.25302284189222,9.76266475113344,16.975597239552542,9.36118043199392,17.552667339141024,4.001855352208201,16.083829419140137,11.466994719463923,9.56192259156368,8.605730332407314,8,True,4.4,-53.8319173058212,-38.48178597134494,n/d,n/d,,,Fundo duplo,False,False,,,Em Alta,18.68000030517578,-0.2141376599242406,-3.443168927474638,False,True,False,Fundo duplo — rompeu pescoço ~R$17.30 (candidato)
COGN3,BOVA11+SMALL11,BOVA11,Consumo discricionário,52.63,52.11,55.55555555555556,,,0.9,,43.52,74.96,46.72,44.37,False,64,Não,3,8,False,,False,,False,,False,True,True,False,5,9,False,False,False,False,True,True,True,False,True,False,True,0.39,True,4344201728.0,6.29,0.32,5.54,4.02,5.11,0.79,10.24,8.96,3.28,2.52,3.44,1.88,0.5,1.65,25.27,30.7,4.43,4.35,0.45,44.22,55.77,2.03,4.57,6.9,-52.5,-12.5,1.6,0.62,2.1700000762939453,0.6228125152856525,0.8890945896734218,3.5178045349452867,7.255221841107573,2.703577542440828,2.2325128479706926,1.7496698285190309,4.906142470300746,,,,5,False,11.6,,,n/d,n/d,,,,False,False,,,Em Baixa,2.259999990463257,-3.9822971039421673,-54.091007034278164,False,False,False,sem sinal (Em Baixa; sem novo topo (-4.0%))
RDOR3,BOVA11,BOVA11,Cuidados de saúde,52.25,49.12,70.0,,,0.2,,63.56,23.01,52.0,43.66,True,65,Rompimento,5,8,False,,True,,False,False,True,False,True,True,7,10,True,True,True,False,True,False,True,False,True,True,True,0.72,True,78517231616.0,16.04,3.73,12.58,4.01,23.26,13.61,15.63,8.35,6.8,1.12,1.01,2.9,2.51,1.93,64.29,22.9,13.4,6.35,0.64,79.71,18.16,32.33,44.66,11.6,-19.2,1.7,1.19,0.65,36.06999969482422,10.32734667443655,19.157228081079797,29.79597855089906,22.11977982655244,27.689918959172996,22.95497934994834,17.746599212776225,27.144420543932515,22.11703139984974,22.53737958825039,20.28364162942535,8,True,2.9,-43.765894646414694,-38.68302859169867,n/d,n/d,,,Rompimento,False,False,,,Lateral,34.540000915527344,4.42964313474894,-19.75885395890232,False,True,False,"Rompimento (vol x0.8, +4.4% do topo, MM50>MM200)"
ASAI3,BOVA11+SMALL11,BOVA11,Bens de primeira necessidade,51.81,53.89,40.0,,,0.0,,70.98,63.87,24.97,9.86,True,66,Rompimento,5,8,False,,True,,False,False,True,False,True,False,4,10,True,True,True,False,True,False,True,False,False,True,True,3.55,False,11992573952.0,11.66,1.77,1.25,0.83,15.21,29.87,21.18,1.24,2.72,3.72,2.46,1.12,4.25,0.85,9.71,123.2,9.54,6.76,0.41,88.47,11.53,7.01,10.43,27.9,-14.1,3.5,1.68,0.63,8.960000038146973,0.5329077799188203,0.9885439317494117,10.181818225167012,9.355421567964147,11.19304002413374,0.7359287832457172,8.686260804563911,,,,,4,False,21.0,,,n/d,n/d,,,Rompimento,False,False,,,Lateral,8.829999923706055,1.472254989401578,-15.612609136348022,False,True,False,"Rompimento (vol x2.3, +1.5% do topo, MM50>MM200)"
SBFG3,SMALL11,SMALL11,Consumo discricionário,51.8,48.59,70.0,,,0.9,,42.6,84.46,28.13,26.76,False,67,Não,3,8,False,,True,,False,True,True,True,True,True,7,10,False,True,False,False,True,False,True,False,False,True,False,0.81,True,1962950656.0,4.51,0.59,6.62,2.69,13.07,10.92,8.98,5.0,3.94,3.49,5.45,1.62,1.0,0.39,12.15,185.0,3.75,4.63,0.8,67.87,32.13,7.96,14.95,6.9,-43.1,-18.2,1.63,0.67,8.510000228881836,1.637947945349258,3.0383934386228737,25.001663643610712,24.746088060733097,26.749440327731904,6.7109643684077405,18.658704615460497,14.233957711374334,,,,6,False,16.3,,,n/d,n/d,,,,False,False,,,Em Baixa,9.529999732971191,-10.703038118253417,-44.322845941903424,False,False,False,sem sinal (Em Baixa; sem novo topo (-10.7%))
HYPE3,BOVA11+SMALL11,BOVA11,Cuidados de saúde,51.24,53.22,40.0,,,0.2,,59.83,41.84,58.03,42.25,True,68,Pivô de alta,3,8,False,,True,,False,False,True,True,True,False,4,10,False,True,False,True,False,False,True,False,True,True,True,0.41,True,15347111936.0,8.64,1.04,4.91,3.87,12.1,12.72,10.74,19.82,7.42,2.16,2.82,1.86,0.52,1.07,33.45,4.6,6.77,6.32,0.5,50.22,49.77,19.85,26.59,9.8,-18.0,0.9,1.07,0.6,21.799999237060547,6.028554345793752,11.182968311447407,33.431711792945855,34.49643348400799,30.086211300441256,25.30591858361604,19.511548393348413,13.40148489337126,23.916610965596885,25.30591858361604,22.775326725254438,7,True,5.7,4.473979460218547,9.709228452348029,n/d,n/d,,,Pivô de alta,False,False,,,Lateral,21.84000015258789,-0.1831543738455732,-18.67055636992362,False,True,False,Pivô de alta
SBSP3,BOVA11,BOVA11,Serviços públicos,51.02,51.2,50.0,,,0.1,,71.49,33.68,40.73,24.65,True,69,Não,7,8,False,,True,,False,False,True,False,False,True,5,10,True,True,True,True,False,True,True,True,True,True,True,0.75,True,86827466752.0,10.46,1.86,2.84,2.57,17.8,17.28,12.72,19.67,7.8,2.25,2.48,1.47,1.14,0.8,26.86,-33.9,9.99,7.77,0.3,59.31,40.69,22.14,35.21,11.5,-29.9,-15.5,1.12,0.71,24.690000534057617,4.528795217843462,8.400915129099621,31.275574290273745,26.551560089953732,36.79121579285436,11.806877002681507,25.62152608874692,25.17925941757476,,,,6,False,8.1,,,n/d,n/d,,,,False,False,,,Em Baixa,28.010000228881836,-11.852908488736391,-30.09230426589815,False,False,False,sem sinal (Em Baixa; sem novo topo (-11.9%))
MDIA3,SMALL11,SMALL11,Bens de primeira necessidade,50.94,54.63,30.0,,,0.0,,38.74,63.89,89.23,33.8,True,70,Não,3,8,False,,True,,False,False,False,True,False,True,3,10,False,False,False,False,True,True,True,False,False,False,True,-0.04,True,5808751616.0,8.98,0.69,5.97,3.26,7.65,8.74,8.32,6.23,4.33,-0.31,-0.53,2.55,0.21,1.66,29.26,-0.9,7.43,3.48,1.38,34.41,65.59,16.79,28.44,3.1,-39.1,-10.3,0.7,0.4,17.309999465942383,4.028449975644791,6.922307408476789,23.659501438924735,32.985692026103564,16.71223336934571,20.3004620853361,11.706621641791143,21.931936106542626,,,,6,False,8.2,,,n/d,n/d,,,,False,False,,,Em Baixa,17.549514770507812,-1.3647973046407968,-40.04429185860444,False,False,False,sem sinal (Em Baixa; sem novo topo (-1.4%))
LOGG3,SMALL11,SMALL11,Imobiliário,50.77,49.14,60.0,,,0.8,,51.49,51.21,18.99,93.66,False,71,Não,2,8,False,,True,,True,True,True,True,False,False,6,10,False,False,False,True,False,False,True,False,True,False,False,0.57,True,2089558272.0,5.52,0.59,28.58,13.45,10.63,8.83,3.04,136.74,19.06,121.08,302.7,0.52,0.64,2.02,74.24,-33.1,3.88,0.1,0.28,45.7,53.91,15.97,28.1,49.7,-15.0,-4.8,0.93,0.52,23.899999618530273,22.96133601733414,29.324526359765194,39.49704754384081,62.819374590295816,70.08903035270892,41.76900676852177,19.017444705106808,,40.78253804822477,39.49704754384081,35.54734278945673,7,True,3.7,48.7336542126803,70.63823723497067,n/d,n/d,,,,False,False,,,Em Baixa,25.680269241333008,-6.932441424474423,-16.1419148638688,False,False,False,sem sinal (Em Baixa; sem novo topo (-6.9%))
BEEF3,BOVA11+SMALL11,BOVA11,Bens de primeira necessidade,50.68,54.33,30.0,,,0.0,,67.63,58.77,28.4,35.21,True,72,Não,5,8,False,,False,,False,False,True,False,False,True,3,10,True,True,True,False,False,True,True,False,False,True,True,9.15,False,4014128896.0,8.57,2.49,4.98,3.4,29.04,144.02,16.55,0.8,3.8,2.98,2.52,1.43,13.46,0.57,29.13,-57.5,4.9,5.34,0.65,95.87,2.86,3.04,7.18,33.2,-43.6,7.4,0.88,0.35,4.050000190734863,0.9834174969746797,1.8242394568880307,6.261668906328697,4.158686841231277,8.695198111863299,3.760485277130923,5.718203303137905,12.820801335810762,,,,5,False,13.0,,,n/d,n/d,,,,False,False,,,Lateral,3.990000009536743,1.50376393620828,-44.632918103088045,False,False,False,sem sinal (Lateral)
GGPS3,SMALL11,SMALL11,Bens Industriais,50.5,50.59,50.0,,,0.7,,61.11,44.69,50.05,19.01,False,73,Rompimento,5,8,False,,True,,False,False,True,False,True,True,5,10,True,True,False,False,True,True,True,False,False,True,True,0.48,True,9434474496.0,10.02,2.04,2.4,2.32,20.36,19.43,11.88,5.1,6.4,1.03,1.22,2.87,1.38,0.67,23.2,207.7,7.64,7.28,0.78,74.55,25.29,11.0,19.55,14.0,-35.9,-3.4,1.13,0.64,12.539999961853027,2.0737992313943083,3.8468975742364413,16.582335278897464,13.15648423765553,21.669978908913745,9.294207014285712,15.143113726389386,10.08588892548888,,,,6,False,10.4,,,n/d,n/d,,,Rompimento,False,False,,,Lateral,12.199999809265137,2.786886540192257,-36.183205062113075,False,True,False,"Rompimento (vol x0.9, +2.8% do topo, MM50>MM200)"
CSMG3,BOVA11+SMALL11,BOVA11,Serviços públicos,50.17,48.44,60.0,,,0.1,,64.4,15.59,34.84,85.92,True,74,Não,5,8,False,,True,,False,False,True,False,False,True,6,10,True,True,True,False,False,True,True,False,True,True,True,0.9,True,21044570112.0,16.04,2.34,4.01,10.18,14.6,15.68,11.59,14.88,8.8,2.77,3.34,1.22,1.06,,163.31,-21.2,11.51,6.35,0.28,51.64,48.36,26.5,67.45,109.4,-17.7,-4.1,0.89,0.48,55.5,40.36268322071383,58.76806676935935,35.98503740648379,42.9708685040943,,33.8014680094549,9.243409333808339,47.31284142717968,43.20016088954765,41.666775862404066,37.50009827616366,6,True,6.4,-32.432255358263674,-22.161872271085326,n/d,n/d,,,,False,False,,,Em Baixa,63.90999984741211,-13.15912981926357,-18.1657324539393,False,False,False,sem sinal (Em Baixa; sem novo topo (-13.2%))
BRBI11,SMALL11,SMALL11,Produtos financeiros,49.96,52.9,33.333333333333336,20.63,,0.4,,33.25,35.71,100.0,90.14,False,75,Não,4,5,False,,True,,False,False,True,,False,True,3,9,True,True,True,,False,,,True,True,True,True,,True,,8.16,1.61,11.13,11.84,19.7,21.77,1.85,0.0,,,,,,12.19,96.6,-22.4,6.33,0.94,0.23,95.52,4.48,11.74,20.71,9.5,-37.9,-16.9,0.97,0.48,12.859999656677246,10.874548128724765,11.496972118798478,11.90131694288041,16.82961568340781,19.71212212356147,7.38241558969151,4.873141834292192,,10.41381319502379,11.185760123761622,10.06718411138546,4,True,1.6,-21.717073249233586,-19.02166817231081,n/d,n/d,,,,False,False,,,Em Baixa,14.185785293579102,-9.345874123034593,-39.27130707365525,False,False,False,sem sinal (Em Baixa; sem novo topo (-9.3%))
EGIE3,BOVA11+Wishlist,BOVA11,Serviços públicos,49.74,51.46,40.0,,,0.1,,78.53,23.28,19.82,63.38,True,76,Não,7,8,False,,True,,False,False,True,False,True,False,4,10,True,True,True,True,True,False,True,True,True,True,True,1.43,True,40862609408.0,10.03,2.65,1.66,6.54,26.37,32.12,11.59,28.94,8.6,3.56,4.3,1.09,2.06,1.11,65.59,270.0,11.0,6.68,0.19,74.84,23.06,26.83,37.14,7.5,-22.3,-9.6,0.9,0.61,28.850000381469727,13.476793986486939,24.99945284493327,38.111914761163895,26.543835596203554,44.907351608760685,42.35229042998681,24.08739123719862,24.8974245271389,29.922056873984083,25.77164422056841,23.194479798511573,8,True,3.3,-19.603190669594163,3.715966995975961,2026-08-05,2026-08-21,última,"A Engie Brasil Energia (EGIE3) apresenta uma sólida eficiência operacional no setor de serviços públicos, com um ROE de 26,4% e um ROIC de 11,6% que se posicionam confortavelmente acima das médias setoriais de 12,1% e 9,6%, respectivamente. Essa elevada rentabilidade, contudo, convive com múltiplos de preço que sugerem uma avaliação esticada pelo mercado, uma vez que o P/L de 10,03 e o P/VP de 2,65 indicam que a alta qualidade da empresa já está precificada, não configurando a clássica pechincha de ROE alto com múltiplos baixos. No âmbito financeiro, a forte geração de caixa expressa na margem líquida de 28,94% é contraposta por um endividamento robusto, visto que a relação Dívida Líquida/EBITDA de 3,56 está acima do par setorial de 3,4 e a relação Dívida/Patrimônio atinge 2,06, exigindo atenção quanto à liquidez corrente de 1,09. Esse passivo mais alongado e a necessidade de retenção de capital ajudam a explicar o atual dividend yield de apenas 1,66%, o qual se mostra temporariamente modesto frente ao lucro histórico, sugerindo que o payout atual prioriza a sustentabilidade financeira e a desalavancagem em detrimento de distribuições imediatas vultosas. O crescimento da companhia é um dos grandes destaques, com um CAGR de receita de cinco anos de 270,0% que supera com folga a média setorial de 37,6%, desempenho que chancela o sucesso da tese de expansão e reflete o cumprimento de 7 dos 8 critérios do checklist fundamentalista, falhando apenas no quesito de endividamento máximo. Sob a ótica do valuation, os métodos de precificação revelam uma dispersão acentuada entre si, variando desde os conservadores R$ 13,48 pelo modelo de Bazin até os otimistas R$ 44,91 pelo critério de Lynch, resultando em uma média de R$ 29,92 e uma mediana de R$ 25,77. Frente ao preço atual de R$ 28,85, o preço-teto ajustado com margem de segurança de R$ 23,19 aponta para um upside negativo de 19,6%, sinalizando que o papel negocia sem margem de proteção no momento, em linha com uma tendência gráfica de baixa. Como balanço final, os prós da empresa residem em sua excepcional rentabilidade, forte histórico de crescimento de receita e governança robusta atestada pelo checklist, enquanto os contras concentram-se na alavancagem financeira acima da média do setor, no dividend yield momentaneamente baixo e na ausência de desconto em relação ao seu valor intrínseco ajustado.",,True,False,,,Em Baixa,29.540605545043945,-2.337816543811788,-24.194938585398006,False,False,False,sem sinal (Em Baixa; sem novo topo (-2.3%))
MOTV3,BOVA11,BOVA11,Bens Industriais,49.7,53.18,30.0,,,0.7,,73.08,53.64,25.25,18.31,False,77,Rompimento,6,8,False,,True,,False,False,True,False,True,False,3,10,True,True,False,True,True,False,True,True,True,True,False,1.9,False,30390282240.0,7.54,1.65,1.44,2.26,21.85,19.92,11.72,19.27,6.53,3.69,4.41,1.77,2.45,0.5,17.03,58.4,10.02,6.62,0.44,77.07,22.24,13.52,17.55,11.8,-13.8,1.4,1.3,0.78,15.119999885559082,2.4398829428044375,4.525982858902231,26.57029157608194,20.33365271794082,34.60986200035124,10.38593205872702,24.26419079778049,8.83212583199841,,,,6,False,14.2,,,n/d,n/d,,,Rompimento,False,False,,,Em Baixa,14.970000267028809,1.0020014419147794,-14.802613161932943,False,True,False,"Rompimento (vol x2.4, +1.0% do topo, MM50>MM200)"
CPLE3,BOVA11,BOVA11,Serviços públicos,49.6,44.23,80.0,,,0.1,,47.89,30.53,35.77,78.87,True,78,Não,5,8,False,,True,,False,False,True,True,True,True,8,10,False,True,True,False,True,True,True,False,True,False,True,0.9,True,43504791552.0,13.66,1.77,7.41,9.15,12.99,9.34,9.82,11.41,8.97,2.97,4.24,1.3,0.98,0.27,125.04,50.0,13.15,5.45,0.3,61.78,38.29,10.29,16.67,42.4,-12.1,-2.4,1.11,0.75,14.649999618530273,9.578902374596568,17.768863904876635,14.2102851351044,14.132431515454144,32.17423049457601,8.56043112128839,12.976939632812323,12.061366698974672,15.182931359710393,13.554685574133234,12.199217016719912,8,True,3.8,-16.72889191553597,3.637759420184783,n/d,n/d,,,,False,False,,,Em Baixa,14.930000305175781,-1.8754231809924304,-13.168706797829488,False,False,False,sem sinal (Em Baixa; sem novo topo (-1.9%))
ALOS3,BOVA11+SMALL11,BOVA11,Imobiliário,48.81,43.31,80.0,,,0.8,,50.18,39.26,24.29,60.56,False,79,Não,3,8,False,,True,,False,True,False,True,True,True,8,10,False,False,False,True,True,False,True,False,True,False,False,0.56,True,13283747840.0,14.03,1.02,10.91,6.38,7.27,9.51,6.39,31.4,4.8,3.4,7.45,0.72,0.56,18.3,89.45,60.8,13.67,3.66,0.27,46.56,50.55,20.42,32.08,30.1,-17.2,-3.6,1.2,0.81,26.559999465942383,12.095839136390731,12.894844289087253,14.4152591724424,33.30354002524292,13.521566546858304,24.697372885320465,5.969673610448125,64.9533816160684,,,,7,False,10.9,,,n/d,n/d,,,,False,False,,,Em Baixa,27.261404037475586,-2.572884986294177,-18.09285086071385,False,False,False,sem sinal (Em Baixa; sem novo topo (-2.6%))
ANIM3,SMALL11,SMALL11,Consumo discricionário,48.6,50.12,40.0,,,0.9,,45.58,72.75,26.45,61.27,False,80,Não,3,8,False,,False,,False,False,False,False,True,False,4,10,True,False,True,False,False,False,True,False,False,False,False,2.04,False,1035336960.0,6.59,0.42,3.1,6.44,6.36,-2.07,14.6,3.71,3.12,3.71,3.56,1.49,1.61,1.8,42.41,4.4,3.65,6.53,0.35,72.15,22.61,1.93,5.17,42.0,-47.0,-9.9,2.1,0.52,2.740000009536743,1.2596496414907399,1.7684043421028788,4.169355427420831,7.812220106719857,4.198816918476743,1.4093081880914495,2.06790543313807,,2.478906658453452,1.9181548876204744,1.726339398858427,6,True,6.2,-36.99491266971556,-9.528954385932087,n/d,n/d,,,,False,False,,,Lateral,2.509999990463257,9.163347408261814,-48.189312919684426,False,False,False,sem sinal (Lateral)
ECOR3,SMALL11,SMALL11,Bens Industriais,48.49,44.69,70.0,,,0.7,,49.58,57.73,28.11,23.24,False,81,Não,1,8,False,,True,,False,True,True,False,False,True,7,10,False,False,False,False,False,False,True,False,False,True,False,5.91,False,4834567680.0,8.5,1.13,4.53,2.52,13.28,19.86,11.52,4.59,5.12,4.62,5.62,2.52,6.64,0.81,21.43,-89.7,8.37,6.86,0.19,88.21,11.06,5.87,11.74,18.4,-40.8,-8.6,1.82,0.73,6.949999809265137,1.2517444088427567,2.3219858784033134,10.83382323208977,10.637201034373245,10.59280611164891,1.8755146337650637,7.546697301247287,10.17050614593439,,,,5,False,8.7,,,n/d,n/d,,,,False,False,,,Em Baixa,7.239999771118164,-4.005524461615262,-41.75645172406745,False,False,False,sem sinal (Em Baixa; sem novo topo (-4.0%))
GOAU4,BOVA11+SMALL11,BOVA11,Materiais,48.44,51.7,30.0,,,1.0,,30.76,73.86,59.97,73.94,False,82,Não,4,8,False,,True,,False,False,False,True,True,False,3,10,False,False,True,False,True,True,True,False,False,True,True,0.5,True,13015249920.0,16.23,0.67,2.8,8.58,4.13,12.06,10.0,1.14,1.95,0.99,1.38,2.88,0.28,0.22,139.28,73.2,4.85,5.06,1.04,34.12,23.4,6.63,11.41,48.5,-13.7,-1.4,0.9,0.56,9.84000015258789,6.031752834367726,11.188901507752131,8.03327184360995,14.154342588382482,18.18854002326782,6.1112762116739185,7.336044476051354,40.23059672158782,10.149161355015053,8.03327184360995,7.229944659248956,7,True,6.7,-26.524953789279138,3.141882089766579,n/d,n/d,,,,False,False,,,Em Baixa,11.407694816589355,-13.742431658687815,-13.966292100581457,False,False,False,sem sinal (Em Baixa; sem novo topo (-13.7%))
FESA4,SMALL11,SMALL11,Materiais,47.45,52.29,20.0,,,1.0,,28.67,71.37,72.18,71.13,False,83,Não,2,8,False,,True,,False,False,False,True,False,False,2,10,False,False,False,False,False,True,True,False,False,True,True,-0.12,True,1748556672.0,12.26,0.55,13.72,8.28,4.49,15.62,3.69,6.78,3.41,-3.62,-9.04,3.61,0.12,,101.5,-76.0,3.69,-1.74,1.53,26.31,73.65,4.8,8.69,7.5,-40.6,-19.6,1.13,0.56,5.159999847412109,3.0513958619625723,4.442832375017505,4.377161371377319,9.425716386762948,,5.097990988367283,1.1243532643510423,6.276329732058853,,,,6,False,8.4,,,n/d,n/d,,,,False,False,,,Em Baixa,6.159999847412109,-16.23376663588899,-42.02247113956371,False,False,False,sem sinal (Em Baixa; sem novo topo (-16.2%))
IRBR3,SMALL11+Carteira,SMALL11,Insurance,46.62,49.81,28.571428571428573,,2.87,0.3,,18.25,74.83,100.0,28.87,False,84,Não,1,6,False,,False,,False,,False,,False,False,2,7,False,False,False,,False,,True,False,True,False,True,,True,4297076224.0,-28.47,0.79,3.08,2.94,-2.76,2.79,0.0,4.89,,,,,,,,-23.0,6.09,2.3,,66.23,33.77,44.53,62.39,18.9,-15.2,-0.4,1.08,0.61,52.939998626708984,11.116163901804242,16.185134641026977,,,,26.3277,,,17.876332847610406,16.185134641026977,14.56662117692428,3,True,2.4,-72.48465894448435,-66.23284225286787,2026-11-12,2026-07-01,última,"A análise fundamentalista do IRB Brasil (IRBR3) revela uma companhia em momento de profunda reestruturação, onde a desconexão entre qualidade e preço fica evidente pelo ROE negativo de -2,8% e ROIC nulo de 0,0%, ambos severamente abaixo das médias setoriais de 34,3% e 19,5%, respectivamente. Essa fragilidade operacional faz com que o papel negocie com um P/L negativo de -28,47 e um P/VP descontado de 0,79, indicando que o mercado precifica o atual momento de destruição de valor e a ausência de retornos sobre o capital investido. No quesito crescimento, a empresa apresenta uma retração histórica com CAGR de receita nos últimos cinco anos de -23,0%, desempenho muito inferior à média de queda do setor de -2,5%, o que reforça a perda de tração operacional da resseguradora. Essa conjuntura é corroborada pelo checklist de critérios de seleção, no qual o ativo atendeu a apenas 1 de 6 requisitos possíveis, falhando em superar a taxa Selic, as médias dos pares e em demonstrar consistência nas transações de insiders. Sob a ótica de proventos, o atual dividend yield de 3,08% mostra-se desalinhado com a realidade de prejuízo e rentabilidade deprimida, sugerindo que a distribuição recente carece de sustentabilidade recorrente frente à geração de caixa atual. No campo do valuation, as métricas de preço-teto evidenciam uma expressiva dispersão e um severo prêmio no preço atual de R$ 52,94, uma vez que o método de Bazin aponta R$ 11,12 e o de Gordon R$ 16,19, resultando em uma média de R$ 17,88 e um valor ajustado com margem de segurança de R$ 14,57. Essa distância em relação às avaliações teóricas gera um upside negativo de -72,5% contra o preço ajustado, sinalizando que a cotação de tela está fortemente esticada frente aos fundamentos de fluxo de caixa e dividendos projetados. Em suma, o investimento em IRBR3 apresenta como pontos positivos a robustez em termos de segurança financeira refletida em seu score máximo de proteção e o desconto patrimonial pelo P/VP abaixo de um, enquanto os pontos negativos concentram-se na tendência gráfica de baixa, na severa contração de receita, na rentabilidade deficitária e no elevado prêmio de preço em relação ao valor intrínseco calculado.",,False,True,57.62,-8.12,Em Baixa,54.38999938964844,-2.6659326699963515,-18.206492457432986,False,False,False,sem sinal (Em Baixa; sem novo topo (-2.7%))
GGBR4,BOVA11,BOVA11,Materiais,46.45,49.35,30.0,,,1.0,,34.56,60.96,59.69,66.2,False,85,Não,4,8,False,,True,,False,False,False,True,True,False,3,10,False,False,True,False,True,True,True,False,False,True,True,0.18,True,44049739776.0,19.58,0.82,2.56,7.06,4.18,12.63,10.03,3.22,4.83,0.97,1.36,2.87,0.28,0.27,138.15,73.5,7.88,5.03,1.04,34.14,65.6,15.69,26.05,43.0,-13.8,-1.4,0.84,0.52,22.450000762939453,11.314051362873442,20.987565278130234,15.19216088401163,26.576289699038945,34.39734539776219,11.887333533584622,13.873595977097418,23.03202693646428,19.657546133620343,18.08986308107093,16.28087677296384,8,True,3.0,-27.479393230844018,-12.438550264679293,n/d,n/d,,,,False,False,,,Em Baixa,26.04621124267578,-13.807038752124024,-14.230835151515365,False,False,False,sem sinal (Em Baixa; sem novo topo (-13.8%))
PRIO3,BOVA11,BOVA11,Energia,46.32,44.69,55.55555555555556,,,0.9,,60.98,38.48,34.96,6.34,False,86,Não,3,8,False,,True,,False,,True,True,True,False,5,9,False,False,False,True,True,False,True,False,True,True,True,0.77,True,48551100416.0,13.9,1.91,0.0,0.18,13.71,30.11,10.92,18.11,5.85,1.73,2.21,1.34,0.9,1.04,2.47,189.4,6.7,6.59,0.25,59.83,40.17,34.2,72.1,78.0,-15.6,-0.4,0.13,0.06,60.880001068115234,0.7716535780883574,1.4314173873539031,58.033094543347254,56.045639204299775,59.34392155654073,2.041288258759713,48.513837635781535,21.61857332271003,,,,5,False,76.9,,,n/d,n/d,,,,False,False,,,Em Alta,62.849998474121094,-3.134443045081403,-16.5798872735579,False,False,False,sem sinal (Em Alta)
SMTO3,SMALL11,SMALL11,Bens de primeira necessidade,46.14,50.75,20.0,,,0.0,,45.53,69.57,46.4,35.92,True,87,Fundo duplo,3,8,False,,True,,False,False,True,False,False,False,2,10,False,True,False,False,False,True,True,False,True,True,True,0.99,True,5958394368.0,7.89,0.87,1.12,3.4,11.0,14.59,6.36,11.43,3.86,2.38,5.23,3.16,1.65,0.98,26.83,-39.3,9.56,3.45,0.45,68.55,31.45,12.82,21.12,44.0,-12.6,13.9,0.59,0.24,18.459999084472656,4.484582525127631,8.318900584111756,31.000632176078916,33.42141293239761,26.787550931707262,11.120473318622185,18.086335641443526,39.71865914645217,,,,6,False,8.9,,,n/d,n/d,,,Fundo duplo,False,False,,,Lateral,19.270000457763672,-4.203432039695021,-13.726883331063588,False,True,False,Fundo duplo — rompeu pescoço ~R$16.37 (candidato)
QUAL3,SMALL11,SMALL11,Cuidados de saúde,46.05,50.65,20.0,,,0.2,,52.87,72.78,37.01,12.68,True,88,Pivô de alta,4,8,False,,False,,False,False,False,True,True,False,2,10,True,False,True,False,True,False,False,True,False,False,True,0.61,True,478052832.0,17.75,0.35,0.55,1.25,1.96,0.44,22.61,1.9,1.49,2.45,1.52,0.58,0.89,11.63,22.16,60.1,3.45,5.32,0.47,66.78,32.76,1.39,2.71,21.6,-37.6,-2.5,1.95,0.57,1.690000057220459,0.1506862968400711,0.17169687803774103,0.774905894763351,3.2162128109518098,0.2641169346773998,0.5414796436172654,0.34566002239822236,,,,,6,False,21.3,,,n/d,n/d,,,Pivô de alta,False,False,,,Em Alta,1.7200000286102295,-1.744184354113687,-39.76697915807603,False,True,False,Pivô de alta
SAUD3,SMALL11,SMALL11,Cuidados de saúde,45.77,43.26,60.0,,,0.2,,49.83,7.87,66.16,56.34,True,89,Não,3,8,False,,True,,False,False,False,True,False,True,6,10,False,False,False,False,False,True,True,True,True,True,True,-0.69,True,40636198912.0,38.65,2.18,0.96,6.04,5.63,39.67,4.59,9.86,21.0,-7.41,-18.52,1.06,0.01,,233.59,-19.6,9.23,5.03,0.66,34.2,65.77,10.45,16.09,33.0,-13.6,-2.7,0.76,0.38,13.899999618530273,6.000512463883257,8.736746147414022,3.740232756344498,7.18295344201423,,14.516166036785778,0.960746600874205,6.264540414104337,,,,6,False,15.1,,,n/d,n/d,,,,False,False,,,Em Baixa,14.470000267028809,-3.9391889286784054,-15.65198620437146,False,False,False,sem sinal (Em Baixa; sem novo topo (-3.9%))
MOVI3,SMALL11,SMALL11,Bens Industriais,45.41,48.13,30.0,,,0.7,,48.26,73.09,12.87,55.63,False,90,Não,4,8,False,,False,,False,False,True,False,True,False,3,10,False,False,True,False,True,False,True,True,False,False,False,5.5,False,2998888960.0,6.54,0.72,9.25,5.83,11.08,3.58,13.78,2.89,3.56,3.65,3.71,0.68,6.43,0.95,38.1,97.0,3.36,6.78,0.22,91.5,8.5,6.45,14.83,15.1,-50.0,-23.5,2.33,0.66,7.420000076293945,3.0874503611738486,5.727220419977489,15.03287477230807,16.21959651842132,14.390854935797707,14.99868039719251,7.922199668215433,,13.712841258387007,14.99868039719251,13.498812357473259,5,True,5.3,81.92469297406649,84.80917947963333,n/d,n/d,,,,False,False,,,Em Baixa,7.960000038146973,-6.7839190862458265,-50.434202111296024,False,False,False,sem sinal (Em Baixa; sem novo topo (-6.8%))
SYNE3,SMALL11,SMALL11,Imobiliário,44.85,45.71,40.0,,,0.8,DY5a=128.2%>=20,44.14,57.68,34.28,,False,91,Não,2,8,False,,False,,False,False,False,True,False,False,4,10,False,False,False,True,False,False,False,True,True,True,False,0.72,True,563258048.0,10.06,0.78,71.9,128.24,7.8,14.02,6.47,16.16,4.61,3.1,6.71,1.45,0.5,1.29,1290.13,-67.2,12.3,3.08,0.36,40.97,29.56,3.49,5.11,5.7,-27.8,-6.1,0.99,0.44,3.690000057220459,33.80143549133481,62.70166283642606,4.860089538585594,6.248436206479063,11.003976313778704,6.468000000000001,2.7782420197930806,9.10127301965185,,,,5,False,22.6,,,n/d,n/d,,,,False,False,,,Em Baixa,4.079999923706055,-9.55882043574502,-29.23632464758683,False,False,False,sem sinal (Em Baixa; sem novo topo (-9.6%))
BBAS3,BOVA11+Carteira,BOVA11,Produtos financeiros,44.75,50.44,12.5,14.56,,0.4,,39.28,61.35,50.86,72.54,False,92,Não,2,6,False,,True,,False,False,False,,False,False,1,8,False,False,False,,False,,True,True,True,True,True,,True,111722643456.0,7.36,0.59,2.96,8.35,7.99,14.73,0.0,21.83,,,,,,2.39,61.43,-13.8,4.26,0.79,,92.12,7.71,17.8,27.31,9.9,-28.4,-5.7,1.21,0.73,19.56999969482422,11.666797823332507,15.421087987120101,25.104311322292666,44.54686696093374,30.386947548339364,15.824845373102685,12.25417619917221,,17.004260626461992,15.622966680111393,14.060670012100253,4,True,2.2,-28.15191501602857,-13.110572858316406,2026-11-11,2026-09-02,próxima,"O Banco do Brasil (BBAS3) apresenta um cenário de valuation descontado que contrasta diretamente com seus indicadores de rentabilidade atuais, uma vez que o baixo preço sobre lucro de 7,36 e o preço sobre valor patrimonial de 0,59, bem abaixo do valor patrimonial teórico, convivem com um ROE de 8,0% e um ROIC de 0,0%, ambos posicionados abaixo das médias do setor de 15,9% e 0,2%, respectivamente. Essa relação entre qualidade e preço sugere que o mercado precifica a instituição com desconto devido à sua rentabilidade inferior à dos pares, embora o banco ainda consiga sustentar uma margem líquida robusta de 21,83%. No âmbito do crescimento, o desempenho histórico recente é desafiador, visto que o CAGR de receita de cinco anos contraiu 13,8%, ficando significativamente abaixo da média setorial positiva de 4,2%, o que reflete a perda de tração operacional frente aos concorrentes. Quanto aos proventos, o dividend yield de 2,96% mostra-se tímido e condizente com o momento de contração de receitas, sugerindo que a distribuição de lucros é feita de forma conservadora para preservar a estrutura de capital da instituição. O checklist de critérios fundamentalistas reforça essa postura de cautela ao aprovar apenas 2 de 6 requisitos possíveis, falhando em quesitos vitais como rentabilidade mínima equivalente à taxa Selic ou superior à média do setor, além de registrar uma tendência gráfica de baixa no mercado. Sob a ótica do valuation por múltiplos métodos de preço-teto, observa-se uma dispersão acentuada entre as metodologias, variando desde os conservadores R$ 11,67 pelo método de Bazin e R$ 15,42 por Gordon, até os otimistas R$ 44,55 de Graham e R$ 30,39 de Lynch. Essa divergência resulta em uma média de preço-teto de R$ 17,00 e uma mediana de R$ 15,62, o que posiciona o preço atual de R$ 19,57 acima do preço-teto ajustado com margem de segurança de R$ 14,06, gerando um upside negativo de 28,2% em relação a essa métrica de referência. Em um balanço final, os prós do ativo concentram-se no seu elevado valor de mercado de mais de R$ 111 bilhões, na sólida margem líquida e na ausência de venda de ações por insiders, enquanto os contras residem no crescimento negativo de receita, na rentabilidade abaixo da média setorial e no preço atual desfavorável frente às principais métricas de preço-teto ajustadas.",,False,True,22.29,-12.2,Em Baixa,21.049999237060547,-7.030876940036402,-28.946134838027724,False,False,False,sem sinal (Em Baixa; sem novo topo (-7.0%))
VALE3,BOVA11,BOVA11,Materiais,44.41,48.72,20.0,,,1.0,,49.63,35.89,43.42,87.32,False,93,Rompimento,4,8,False,,True,,False,False,False,True,False,False,2,10,True,False,True,False,False,True,True,False,False,True,True,0.41,True,334928510976.0,33.02,1.74,7.27,10.47,5.27,24.52,18.11,4.76,4.55,1.04,0.8,1.19,0.55,,345.62,-43.5,9.57,7.92,0.39,60.3,38.73,50.64,87.63,55.4,-10.2,1.7,0.85,0.57,78.69999694824219,58.83949685793001,85.6703074251461,24.787400613619585,49.24961229440224,,42.833333333333336,6.36709328948745,87.21202998583144,,,,6,False,13.7,,,n/d,n/d,,,Rompimento,False,False,,,Em Alta,77.12999725341797,2.0355241160787685,-11.691378099657157,False,True,False,"Rompimento (vol x0.9, +2.0% do topo, MM50>MM200)"
RENT3,BOVA11+Wishlist,BOVA11,Bens Industriais,44.25,43.23,50.0,,,0.7,,54.07,45.95,18.41,37.32,False,94,Não,1,8,False,,True,,False,False,True,False,True,True,5,10,False,False,False,False,False,False,True,False,False,False,False,1.34,True,39379521536.0,11.06,1.4,6.08,3.47,12.63,7.58,12.27,7.39,4.92,4.1,4.68,1.14,1.71,1.42,38.32,24.5,7.74,6.27,0.33,70.15,29.84,32.03,51.57,11.3,-30.9,-14.0,1.76,0.79,35.650001525878906,8.823433614410847,16.367469354732123,42.709088627296154,42.97434148367212,36.277933604662614,50.14199040583466,24.393708070569996,54.38971422125846,38.17917796686088,42.709088627296154,38.43817976456654,7,True,6.2,7.820976491862575,7.094463766420889,2026-11-05,2026-06-29,última,"A análise fundamentalista da Localiza (RENT3) revela uma empresa de grande porte no setor de Bens Industriais que atualmente enfrenta desafios operacionais e de endividamento, refletidos em um retorno sobre o patrimônio líquido (ROE) de 12,6% e um retorno sobre o capital investido (ROIC) de 12,3%, ambos ligeiramente abaixo das médias setoriais de 14,5% e 12,6%, respectivamente. Essa rentabilidade mais tímida convive com múltiplos de valuation moderados, como o preço sobre lucro (P/L) de 11,06 e o preço sobre valor patrimonial (P/VP) de 1,4, sugerindo que o mercado já precifica a compressão das margens, que se situam em 7,39% no nível líquido. O endividamento é um ponto de atenção crucial, dado que a relação dívida líquida por EBITDA de 4,1 vezes está significativamente acima da média dos pares de 2,38 vezes, o que compromete a flexibilidade financeira da companhia frente a uma liquidez corrente apertada de 1,14. Apesar dessa alavancagem elevada, o rendimento de dividendos (DY) de 6,08% apresenta-se em um patamar razoável, embora sua sustentabilidade futura possa ser pressionada pela necessidade de desalavancagem e pela geração de lucro líquido moderada. No quesito expansão, o crescimento anual composto (CAGR) da receita nos últimos cinco anos atingiu expressivos 24,5%, contudo este desempenho ainda se posiciona abaixo da média de 27,1% registrada pelo seu setor. Essa perda de tração frente aos concorrentes é corroborada pelo checklist de critérios fundamentalistas, no qual a empresa atendeu a apenas 1 de 8 requisitos possíveis, falhando em superar a taxa Selic e em manter o endividamento sob controle. Sob a ótica de valuation, as estimativas de preço-teto revelam uma enorme dispersão entre os métodos de fluxo de caixa descontado (DCF) e Graham, que apontam para a faixa de R$ 42,71 e R$ 42,97, e os modelos baseados em dividendos como Bazin e Gordon, que limitam o valor a R$ 8,82 e R$ 16,37. Tomando como referência o preço-teto ajustado com margem de segurança de R$ 38,44, que fica próximo à média de R$ 38,18 e à mediana de R$ 42,71, o papel apresenta um potencial de valorização (upside) de 7,8% em relação à cotação atual de R$ 35,65. Em balanço, a RENT3 tem como prós sua robusta escala de mercado e um crescimento histórico de receita ainda forte, enquanto os contras residem no endividamento muito acima do setor, rentabilidade abaixo dos pares e uma tendência gráfica de baixa que reflete o momento operacional desafiador.",,True,False,,,Em Baixa,39.20000076293945,-9.056120326448546,-32.337026123601696,False,False,False,sem sinal (Em Baixa; sem novo topo (-9.1%))
RADL3,BOVA11,BOVA11,Bens de primeira necessidade,44.22,43.2,50.0,,,0.0,,63.07,19.71,42.08,14.79,True,95,Pivô de alta,6,8,False,,True,,False,False,True,False,True,True,5,10,True,True,True,False,True,True,True,False,False,True,True,1.09,True,34253824000.0,23.92,4.4,2.4,1.44,18.41,18.18,16.71,2.88,6.88,2.06,1.72,1.41,1.18,1.99,34.56,14.4,16.78,7.8,0.84,70.85,29.09,16.14,26.71,21.4,-26.7,2.3,1.22,0.58,19.59000015258789,2.0215547119691677,3.749983990702806,10.851484198235347,9.057717523549277,11.050249767340206,7.5671641016737325,8.390001911784012,14.268789651700308,9.27648444928367,9.057717523549277,8.151945771194349,7,True,7.1,-58.38720925115738,-52.64683830000776,n/d,n/d,,,Pivô de alta,False,False,,,Lateral,20.549999237060547,-4.671528565029637,-27.784592298122924,False,True,False,Pivô de alta
RANI3,SMALL11,SMALL11,Materiais,44.16,48.42,20.0,,,1.0,,49.36,44.49,36.67,77.46,False,96,Não,3,8,False,,True,,False,False,False,False,False,False,2,10,False,True,True,False,False,False,True,False,False,True,True,0.78,True,1787514240.0,13.94,1.26,5.14,9.01,9.03,25.63,11.69,7.65,5.03,2.42,2.89,2.1,1.38,,125.62,-70.2,5.48,4.4,0.56,63.24,36.76,7.24,9.51,7.5,-18.2,-3.2,0.65,0.47,7.78000020980835,5.007638628799211,7.291121843531651,5.804304317217133,8.805503789555662,,4.91387477971708,1.4909408067576977,7.482269761699905,6.550785520086774,6.5477130803743915,5.892941772336952,6,True,5.9,-24.255249184856808,-15.799674249004369,n/d,n/d,,,,False,False,,,Em Baixa,8.35505485534668,-6.882715380023308,-19.82188790870523,False,False,False,sem sinal (Em Baixa; sem novo topo (-6.9%))
SLCE3,BOVA11+SMALL11,BOVA11,Bens de primeira necessidade,42.66,46.66,20.0,,,0.0,,52.89,35.55,37.13,65.49,True,97,Não,2,8,False,,True,,False,False,False,False,True,False,2,10,False,False,False,False,True,False,True,False,False,True,True,1.87,True,7891619328.0,20.21,1.45,5.12,7.05,7.16,17.38,10.84,4.41,6.47,4.42,5.7,2.2,1.82,0.84,142.47,24.2,11.3,6.41,0.63,73.5,23.57,12.62,19.32,26.1,-17.7,4.7,0.51,0.37,15.90999984741211,8.011259043519965,14.860885525729536,10.430850963790718,13.941011217898312,23.617021050092195,9.17819432070187,9.525531823537188,8.936869495263364,12.312702930066644,9.978191393663952,8.980372254297556,8,True,2.9,-43.55517070757051,-22.61028882367082,n/d,n/d,,,,False,False,,,Em Alta,15.890000343322754,0.1258622004860932,-18.32648757041181,False,False,False,sem sinal (Em Alta)
USIM5,BOVA11+SMALL11,BOVA11,Materiais,42.6,46.59,20.0,,,1.0,P/L=-3.84<2,10.34,87.56,71.01,58.45,False,98,Não,4,8,False,,False,,False,False,False,True,True,False,2,10,False,False,False,False,True,True,True,True,False,False,True,-0.02,True,8579670528.0,-3.84,0.43,0.0,6.26,-11.18,-0.65,4.67,-9.36,3.56,-0.18,-0.44,4.44,0.27,,,301.7,6.09,1.64,1.4,33.58,58.33,4.16,12.04,67.5,-42.1,-17.6,0.92,0.35,6.96999979019165,3.1188219595303535,5.785414734928805,,,,,,9.526511531301223,6.143582741920127,5.785414734928805,5.206873261435925,3,True,3.1,-25.295933742162212,-11.856772928952974,n/d,n/d,,,,False,False,,,Em Baixa,7.519999980926514,-7.313832342152471,-42.77504420726647,False,False,False,sem sinal (Em Baixa; sem novo topo (-7.3%))
ENGI11,BOVA11,BOVA11,Serviços públicos,42.24,42.64,40.0,,,0.1,,50.94,39.18,23.57,52.11,True,99,Não,3,8,False,,True,,False,False,False,False,True,True,4,10,False,False,True,False,False,False,True,True,False,True,True,2.32,True,14468809728.0,15.08,1.17,2.5,5.38,7.78,17.19,10.25,4.13,5.72,4.32,5.9,1.56,1.99,10.28,81.14,7.9,19.59,4.83,0.34,74.62,23.0,42.0,57.51,12.5,-17.9,-3.8,1.32,0.86,47.2400016784668,18.156405817904066,20.579345917399777,25.36192495986403,53.3467002990466,21.451953559606306,23.33743286253424,11.257421898365253,121.09686705407505,,,,7,False,10.8,,,n/d,n/d,,,,False,False,,,Em Baixa,49.778621673583984,-5.099819781599857,-19.386901471619666,False,False,False,sem sinal (Em Baixa; sem novo topo (-5.1%))
FRAS3,SMALL11,SMALL11,Consumo discricionário,42.23,40.86,50.0,,,0.9,,54.54,15.69,46.14,31.69,False,100,Rompimento,5,8,False,,True,,False,False,True,False,True,True,5,10,True,False,True,False,True,True,True,False,False,True,True,0.6,True,6475774976.0,22.25,2.59,2.65,3.07,11.62,14.99,15.27,5.39,7.51,1.64,1.51,2.41,1.13,6.03,68.23,155.0,14.4,6.92,0.72,65.64,34.06,18.96,25.01,23.2,-6.6,9.8,0.81,0.53,23.350000381469727,5.114427474428636,7.202559906409332,10.556469462456588,14.59026773421743,7.092388219416534,8.429566139486898,5.238787039419317,10.334127114932393,8.56982413634589,7.816063022948115,7.034456720653304,8,True,2.9,-69.87384751292869,-63.29839830261075,n/d,n/d,,,Rompimento,False,False,,,Em Alta,23.299999237060547,0.21459719333229987,-7.059302930233091,False,True,False,"Rompimento (vol x0.6, +0.2% do topo, MM50>MM200)"
PNVL3,SMALL11,SMALL11,Bens de primeira necessidade,41.9,36.94,70.0,,,0.0,,36.82,43.31,36.47,22.54,True,101,Pivô de alta,4,8,False,,True,,False,False,True,False,True,True,7,10,False,True,False,False,True,False,True,True,False,False,True,0.81,True,1819395200.0,12.56,1.31,2.86,2.49,10.45,8.49,9.66,2.33,5.57,4.17,6.05,1.75,1.07,1.75,31.28,17.6,8.33,4.98,0.9,66.54,33.46,8.82,16.07,38.2,-24.2,1.3,1.4,0.7,12.180000305175781,2.1666662354696706,4.019165866796238,12.849124525762665,14.243216991812538,9.379078960379072,5.744344356450679,6.967979814243,12.180000305175781,9.340415831517138,9.379078960379072,8.441171064341166,7,True,6.6,-30.696462620332067,-23.31350084163781,n/d,n/d,,,Pivô de alta,False,False,,,Lateral,12.4399995803833,-2.0900263985339174,-25.25441878355007,False,True,False,Pivô de alta
SUZB3,BOVA11,BOVA11,Materiais,41.89,47.52,10.0,,,1.0,,52.63,59.13,29.8,30.99,False,102,Fundo triplo,5,8,False,,False,,False,False,True,False,False,False,1,10,True,True,False,True,False,False,True,True,True,True,False,1.68,False,57070522368.0,7.17,1.18,0.01,3.06,16.44,27.73,5.54,17.08,6.37,3.68,9.21,3.38,1.99,0.56,21.96,-64.0,6.35,3.15,0.57,73.83,26.09,39.68,58.97,16.8,-21.4,7.8,0.44,0.27,46.34000015258789,10.138650326449993,18.807196355564738,85.63528619550759,75.5695277891077,102.71379552982052,15.998141520971346,69.38497637216281,21.495517101108952,,,,6,False,10.1,,,n/d,n/d,,,Fundo triplo,False,False,,,Lateral,46.31999969482422,0.043178881466854335,-22.305607709169607,False,True,False,Fundo triplo — rompeu pescoço ~R$43.58 (candidato)
AXIA3,BOVA11+Carteira,BOVA11,Serviços públicos,41.78,38.56,60.0,,,0.1,,40.19,23.41,50.22,45.77,True,103,Pivô de alta,3,8,False,,True,,False,False,False,True,True,True,6,10,False,False,False,True,False,True,True,False,True,False,True,0.54,True,122157301760.0,12.82,1.26,2.82,4.28,9.86,5.35,3.25,27.05,15.46,2.95,7.36,2.05,0.63,2.88,54.83,9.7,9.21,3.03,0.39,57.63,42.34,41.39,67.15,29.6,-20.1,-2.4,1.39,0.65,53.650001525878906,16.388387474293737,25.106036315793155,45.79263210481762,63.318659585666786,36.537098611083856,26.778107463208006,22.896311773695782,21.282966111848452,32.26252493005092,25.942071889500582,23.347864700550524,8,True,3.9,-56.48114811462155,-39.864820107249024,2026-11-04,2025-11-17,última,"A análise fundamentalista da AXIA3 revela uma empresa de serviços públicos que opera com uma eficiência operacional robusta, traduzida em uma margem líquida de 27,05%, mas que entrega indicadores de retorno abaixo de seus pares. O retorno sobre o patrimônio líquido de 9,9% e o retorno sobre o capital investido de 3,2% situam-se abaixo das médias setoriais de 12,1% e 9,6%, respectivamente, sugerindo que a companhia enfrenta desafios para rentabilizar seus ativos e capital próprio com a mesma eficiência que seus concorrentes. Essa qualidade operacional moderada não é compensada por múltiplos de preço atraentes, uma vez que o índice preço/lucro de 12,82 e o preço/valor patrimonial de 1,26 convivem com uma taxa de crescimento de receita de cinco anos de 9,7%, que fica muito aquém da média do setor de 37,6%, indicando que o papel carrega um prêmio de preço desalinhado com sua expansão histórica. No âmbito financeiro, a rentabilidade contida é contrabalançada por uma estrutura de endividamento saudável, visto que a relação dívida líquida/EBITDA de 2,95 está abaixo do limite prudencial e da média setorial de 3,4, o que, somado a uma liquidez corrente confortável de 2,05, confere solidez ao balanço. Essa postura conservadora se reflete em um rendimento de dividendos modesto de 2,82%, patamar coerente com a necessidade de preservação de caixa frente ao endividamento existente, embora pouco atrativo para investidores focados em geração de renda imediata. O checklist de critérios reforça essa postura de cautela ao registrar o atendimento de apenas 3 dos 8 requisitos avaliados, penalizado principalmente pelas taxas de retorno inferiores à taxa Selic e pela ocorrência de venda de ações por parte de pessoas de dentro da empresa. Sob a ótica do valor justo, os métodos de avaliação apontam uma expressiva dispersão, variando desde os conservadores R$ 16,39 pelo método de Bazin até R$ 63,32 pelo modelo de Graham, resultando em uma média de R$ 32,26 e uma mediana de R$ 25,94. Diante do preço atual de R$ 53,65, o valor ajustado com margem de segurança de R$ 23,35 sinaliza um potencial de desvalorização de 56,5%, evidenciando que a cotação de mercado está esticada em relação aos fundamentos de fluxo de caixa e dividendos projetados. Como pontos positivos, destacam-se a excelente margem líquida, o endividamento controlado abaixo da média do setor e a sólida liquidez de curto prazo; em contrapartida, pesam contra o ativo o fraco crescimento histórico comparado aos pares, o baixo retorno sobre o capital e o valuation atual significativamente acima do preço-teto estimado pelos modelos matemáticos.",Pivô de alta,False,True,59.55,-9.91,Lateral,53.709999084472656,-0.1117064971447701,-20.91685668928345,False,True,False,Pivô de alta
VAMO3,BOVA11+SMALL11,BOVA11,Bens Industriais,41.55,45.35,20.0,,,0.7,,52.19,54.23,27.43,28.17,False,104,Não,4,8,False,,True,,False,False,False,False,False,False,2,10,True,False,True,False,False,False,True,True,False,True,False,3.87,False,3677438976.0,10.91,1.04,4.41,2.93,9.57,14.8,15.52,5.1,3.83,3.09,2.79,1.67,4.84,1.68,31.96,-1.9,5.04,7.32,0.32,88.84,11.16,2.48,4.82,21.4,-37.6,-8.1,2.05,0.65,3.009999990463257,0.6298002101346222,1.1682793897997241,3.655591189151068,4.238661238286214,2.6046723998748393,2.640588270642566,1.8662563933607696,9.198296956105558,,,,6,False,14.6,,,n/d,n/d,,,,False,False,,,Em Baixa,3.3299999237060547,-9.609607825055456,-39.06882680975385,False,False,False,sem sinal (Em Baixa; sem novo topo (-9.6%))
AZZA3,BOVA11+SMALL11,BOVA11,Consumo discricionário,39.92,39.9,40.0,,,0.9,,25.11,62.24,46.2,38.03,False,105,Não,2,8,False,,True,,False,False,False,True,True,True,4,10,False,False,False,False,False,True,True,False,False,True,True,0.02,True,2959855104.0,9.26,0.37,17.02,3.53,4.03,11.4,5.88,2.85,3.58,2.18,5.18,2.26,0.49,3.42,32.72,21.9,3.06,3.32,0.93,48.36,51.64,14.54,31.78,0.7,-53.9,-22.0,1.26,0.49,14.640000343322754,3.6951388293200402,4.706896839291422,14.384871434973224,37.51681749325965,9.873209691295827,48.41659564291383,6.917949864180472,21.521794838594463,,,,4,False,13.1,,,n/d,n/d,,,,False,False,,,Em Baixa,17.010000228881836,-13.932979739382844,-55.15769637029446,False,False,False,sem sinal (Em Baixa; sem novo topo (-13.9%))
AUAU3,SMALL11,SMALL11,Consumo discricionário,39.33,34.51,66.66666666666667,,,0.9,,31.62,52.75,30.17,10.56,False,106,Pivô de alta,2,8,False,,,,,,False,True,True,,2,3,False,False,False,False,False,True,True,False,False,False,True,0.51,True,2866443264.0,14.45,0.87,0.94,0.92,6.04,,7.01,3.84,2.99,2.53,5.05,1.26,0.7,2.76,13.29,22.2,9.82,5.6,,,,2.8,3.87,18.7,-13.8,-0.7,0.88,0.42,3.3299999237060547,0.21881732048397215,0.36790006998498925,2.7675566262804687,4.454940754022573,1.4188879371870011,0.5373129221405835,1.3742436646350968,12.357595617995454,,,,3,False,56.5,,,n/d,n/d,,,Pivô de alta,False,False,,,Lateral,3.680000066757202,-9.51087327994442,-17.442298787853883,False,True,False,Pivô de alta
UNIP6,SMALL11,SMALL11,Materiais,39.23,42.62,20.0,,,1.0,,51.82,10.38,34.93,97.18,False,107,Não,4,8,False,,True,,False,False,True,False,False,False,2,10,False,True,True,False,False,False,True,True,False,True,True,1.25,True,6487479296.0,25.0,3.33,11.0,15.84,13.34,34.18,11.66,5.09,8.96,2.72,3.27,2.39,1.85,,395.99,-46.1,10.99,4.48,0.47,74.89,24.93,53.05,71.62,9.6,-18.8,-4.9,0.71,0.41,58.119998931884766,65.75643252560363,95.74136575727888,24.17791955566406,30.215148678884642,,30.036623802606314,6.2105370287214,20.570035365516503,,,,5,False,15.4,,,n/d,n/d,,,,False,False,,,Em Baixa,63.5,-8.472442626953125,-20.051705759523454,False,False,False,sem sinal (Em Baixa; sem novo topo (-8.5%))
HAPV3,BOVA11+SMALL11,BOVA11,Cuidados de saúde,39.05,36.14,55.55555555555556,,,0.2,P/L=-18.41<2,12.49,81.2,48.28,5.63,True,108,Não,2,8,False,,False,,False,,False,True,True,False,5,9,False,False,False,False,True,False,True,False,False,False,True,0.16,True,3050064640.0,-18.41,0.07,0.0,0.13,-0.36,-1.11,2.12,-0.55,4.13,3.07,7.69,1.84,0.33,,,41.3,5.49,1.55,0.45,33.25,66.74,6.09,41.71,5.4,-84.6,-41.6,1.58,0.35,6.420000076293945,0.0613760399881119,0.11385255417794757,,,,,,14.115386227925189,,,,2,False,230.0,,,n/d,n/d,,,,False,False,,,Em Baixa,11.779999732971191,-45.50084701339232,-84.95077332569798,False,False,False,sem sinal (Em Baixa; sem novo topo (-45.5%))
NATU3,BOVA11+SMALL11,BOVA11,Bens de primeira necessidade,38.88,43.53,12.5,,,0.0,P/L=-4.27<2,39.49,58.22,54.8,2.46,True,109,Não,2,8,False,,False,,,,False,True,False,False,1,8,False,False,False,False,False,True,True,False,False,True,True,0.35,True,12030118912.0,-4.27,0.9,0.0,0.0,-21.11,16.32,10.18,-12.47,4.95,2.58,3.54,1.68,0.54,,,-88.9,9.16,2.55,0.77,55.21,44.79,7.2,10.7,21.7,-18.1,-3.7,1.2,0.43,8.760000228881836,,,,,,,,11.047295132688639,11.047295132688639,11.047295132688639,9.942565619419776,1,True,1.0,13.499604562098133,26.110671735664592,n/d,n/d,,,,False,False,,,Em Baixa,8.420000076293945,4.038006526213023,-21.434972837814982,False,False,False,sem sinal (Em Baixa; sem novo topo (+4.0%))
EMBJ3,BOVA11,BOVA11,Bens Industriais,38.76,33.84,66.66666666666667,,,0.7,,44.62,12.0,49.58,8.45,False,110,Não,4,8,False,,False,,False,,True,True,True,False,6,9,False,False,False,False,True,True,True,True,False,False,True,0.14,True,68578004992.0,31.22,4.06,1.0,0.71,13.01,5.09,9.61,5.28,11.87,0.52,0.76,1.44,0.69,3.09,22.32,113.9,16.73,3.7,0.82,70.5,26.66,68.4,103.57,40.9,-7.0,17.7,0.82,0.37,96.33999633789062,4.919793622499637,9.126217169736826,40.88741036121239,40.58994084391919,33.39208158819415,17.63215568083535,27.846170531617243,40.979900828737925,,,,6,False,8.3,,,n/d,n/d,,,,False,False,,,Em Alta,101.29000091552734,-4.886962713886112,-8.342464305130303,False,False,False,sem sinal (Em Alta)
SMFT3,BOVA11+SMALL11,BOVA11,Consumo discricionário,37.62,37.2,40.0,,,0.9,,49.68,38.42,13.52,25.35,False,111,Não,1,8,False,,False,,False,False,True,False,False,False,4,10,False,False,False,False,False,False,True,False,True,False,False,1.82,False,10709249024.0,15.8,1.78,5.73,2.63,11.3,9.4,10.6,8.53,3.96,4.32,5.7,1.2,2.24,2.39,41.53,-6.3,8.63,5.98,0.3,73.66,26.34,16.61,26.03,5.1,-33.0,-7.6,1.28,0.62,17.450000762939453,3.2760835975580678,6.077135073470215,14.633703171452387,15.608032643944714,10.20015846936116,13.005940686101813,7.537281025744835,,11.17704184501252,11.603049577731486,10.442744619958338,6,True,4.8,-40.156193906095524,-35.94818706970791,n/d,n/d,,,,False,False,,,Em Baixa,20.040000915527344,-12.924151867583566,-33.91099046310695,False,False,False,sem sinal (Em Baixa; sem novo topo (-12.9%))
RAIL3,BOVA11,BOVA11,Bens Industriais,37.27,35.02,50.0,,,0.7,,50.38,26.15,22.36,13.38,False,112,Rompimento,2,8,False,,False,,False,False,False,False,True,True,5,10,False,False,False,False,True,False,True,False,True,False,False,1.64,False,26965680128.0,21.57,1.83,0.76,1.31,8.48,1.9,12.06,8.53,5.99,3.16,3.66,1.31,2.01,3.55,28.26,56.8,11.65,7.07,0.25,73.88,25.74,12.33,17.04,17.8,-14.7,1.0,1.14,0.58,14.529999732971191,1.3598044100246152,2.5224371805956607,8.9254750330027,10.969990411075472,4.980524742014525,7.696681032002975,4.375380393166168,11.249694646480055,,,,6,False,8.3,,,n/d,n/d,,,Rompimento,False,False,,,Lateral,14.25,1.9649104068153678,-16.150496448475483,False,True,False,"Rompimento (vol x0.9, +2.0% do topo, MM50>MM200)"
TIMS3,BOVA11,BOVA11,Comunicação,36.91,31.07,70.0,,,0.4,,31.12,7.4,37.72,76.76,False,113,Não,3,8,False,,True,,False,False,False,True,True,True,7,10,False,False,False,True,True,False,True,False,True,True,True,0.49,True,44763660288.0,3254.66,1.78,7.9,8.95,0.05,11.85,0.76,15.78,113.5,1.05,2.63,0.85,0.66,1301.86,29135.75,2.5,8.87,7.75,0.43,57.89,42.11,17.94,27.96,4.5,-33.0,-16.3,0.8,0.49,18.739999771118164,11.982903209006794,14.952579221673691,,,,30.75,,0.6962391905232365,,,,3,False,44.2,,,n/d,n/d,,,,False,False,,,Em Baixa,18.899999618530273,-0.8465600563041242,-33.89685019308995,False,False,False,sem sinal (Em Baixa; sem novo topo (-0.8%))
CBAV3,SMALL11,SMALL11,Materiais,36.79,37.99,30.0,,,1.0,,39.21,38.0,39.08,30.28,False,114,Não,5,8,False,,False,,False,False,True,True,True,False,3,10,False,True,False,False,True,True,True,True,False,False,True,0.57,True,7278992896.0,12.13,1.43,0.4,3.04,11.81,-1.32,6.25,6.41,6.51,1.95,4.36,2.06,0.89,1.63,36.9,28.1,9.56,3.49,0.48,67.68,30.73,3.02,11.18,270.5,0.0,3.8,0.31,0.15,11.180000305175781,2.4296121528427266,4.506930543523258,12.212283927747656,12.733114819371565,9.672110407786137,0.7924908650655506,6.779198843199116,7.307661395663775,,,,6,False,16.1,,,n/d,n/d,,,,False,False,,,Em Alta,11.180000305175781,0.0,-0.08935903112140542,False,False,False,sem sinal (Em Alta)
POSI3,SMALL11,SMALL11,Tecnologia de informação,36.29,37.4,30.0,,,0.5,,21.77,51.85,40.78,64.79,False,115,Não,0,8,False,,True,,False,False,False,True,True,False,3,10,False,False,False,False,False,False,False,False,False,True,True,0.47,True,474954624.0,38.91,0.31,5.25,6.9,0.8,10.68,6.93,0.27,3.76,2.39,4.83,1.82,0.78,3.38,268.3,11.5,2.03,3.74,0.97,64.77,35.23,3.28,4.72,4.6,-27.3,-12.7,1.09,0.5,3.430000066757202,1.689358882511283,3.1337607270584305,1.1680159569399364,4.6846152218001915,1.6215889263136933,0.7445919647652398,0.8727062621664433,9.25092832997826,,,,6,False,12.4,,,n/d,n/d,,,,False,False,,,Em Baixa,3.5299999713897705,-2.832858511134717,-28.541668115390618,False,False,False,sem sinal (Em Baixa; sem novo topo (-2.8%))
RAPT4,SMALL11,SMALL11,Bens Industriais,36.26,40.89,10.0,,,0.7,P/L=-4.78<2,19.79,83.19,32.36,47.18,False,116,Não,1,8,False,,False,,False,False,False,False,True,False,1,10,False,False,False,False,False,False,True,False,False,False,True,1.82,False,1677188224.0,-4.78,0.55,0.0,4.31,-11.45,8.95,9.51,-2.65,3.84,2.95,4.35,2.12,2.11,,,0.5,3.77,5.22,0.76,74.66,17.25,4.35,6.9,10.6,-30.3,-3.1,1.34,0.59,4.809999942779541,1.4794185027057498,1.541882839486659,,,,,,12.989868478888349,,,,2,False,8.8,,,n/d,n/d,,,,False,False,,,Em Baixa,5.099999904632568,-5.686273868154523,-31.48148211042149,False,False,False,sem sinal (Em Baixa; sem novo topo (-5.7%))
YDUQ3,BOVA11+SMALL11,BOVA11,Consumo discricionário,35.98,35.27,40.0,,,0.9,,35.04,42.03,25.25,39.44,False,117,Não,1,8,False,,False,,False,False,False,False,True,False,4,10,False,False,False,False,False,False,True,False,False,False,False,1.48,True,2223882240.0,21.44,0.83,6.41,3.6,3.89,5.03,11.35,2.04,3.89,3.14,3.87,1.61,1.72,24.16,77.19,1.0,4.13,7.39,0.4,70.08,29.69,7.32,14.76,19.4,-40.8,-5.2,1.63,0.59,8.739999771118164,2.2476346824254696,2.42101175664966,3.1363879604015574,9.827685355919407,1.8293656082760068,5.905845202217133,1.3163561654106222,12.815215995963582,,,,6,False,9.7,,,n/d,n/d,,,,False,False,,,Lateral,8.880000114440918,-1.5765804225056357,-42.83845786184721,False,False,False,sem sinal (Lateral)
SIMH3,SMALL11,SMALL11,Industrials,35.16,37.84,20.0,,,0.7,P/L=-19.98<2,27.2,81.64,17.13,17.61,False,118,Não,5,8,False,,False,,False,False,False,False,True,False,2,10,False,True,True,False,True,False,True,True,False,False,False,7.83,False,3829460992.0,-19.98,0.62,2.75,2.25,-3.1,-1.12,11.25,-0.4,3.76,3.53,4.39,1.28,6.05,,,8.8,2.09,6.03,0.36,91.64,5.09,5.63,14.3,16.5,-54.1,-24.1,2.33,0.7,6.559999942779541,1.053466681675942,1.954180694508872,,,,,,49.40977844345064,,,,2,False,46.9,,,n/d,n/d,,,,False,False,,,Em Baixa,7.659999847412109,-14.360312356979977,-55.097072609284204,False,False,False,sem sinal (Em Baixa; sem novo topo (-14.4%))
ARML3,SMALL11,SMALL11,Bens Industriais,34.54,35.34,30.0,,,0.7,,33.89,37.78,28.22,50.0,False,119,Fundo duplo,2,8,False,,True,,False,False,False,False,True,False,3,10,False,False,False,False,False,False,True,True,False,True,False,1.74,False,1280325632.0,19.29,0.87,13.54,4.79,4.51,11.22,9.85,3.11,4.76,3.29,4.68,1.89,2.12,56.87,92.48,20.9,3.33,5.25,0.54,75.09,23.96,2.71,6.17,36.8,-40.0,-0.8,1.84,0.55,3.700000047683716,1.2670309249280172,1.3028929580920532,1.4088442640289673,4.28417545380731,0.9846225508301961,2.173299921083388,0.5532971898125109,5.184427633155422,,,,6,False,9.4,,,n/d,n/d,,,Fundo duplo,False,False,,,Lateral,3.549999952316284,4.225354855837682,-41.26984229103444,False,True,False,Fundo duplo — rompeu pescoço ~R$3.56 (candidato)
JSLG3,SMALL11,SMALL11,Bens Industriais,33.95,36.41,20.0,,,0.7,P/L=-14.42<2,21.36,58.13,14.14,94.37,False,120,Não,1,8,False,,True,,False,False,False,False,False,False,2,10,False,False,False,False,False,False,True,False,False,True,False,5.26,False,1572382848.0,-14.42,1.27,36.34,13.87,-8.83,13.19,9.68,-1.07,4.21,4.15,6.0,1.38,6.52,,,-44.0,3.08,4.78,0.43,89.08,10.92,3.88,8.64,42.1,-36.2,-11.4,2.1,0.62,5.510000228881836,5.460017777761098,7.94978588442016,,,,,,,6.704901831090629,6.704901831090629,6.034411647981566,2,True,1.5,9.517448227150993,21.68605358572333,n/d,n/d,,,,False,False,,,Em Baixa,5.760000228881836,-4.340277605310638,-37.528339914623444,False,False,False,sem sinal (Em Baixa; sem novo topo (-4.3%))
CSNA3,BOVA11+SMALL11,BOVA11,Materiais,33.73,37.92,10.0,,,1.0,P/L=-2.60<2,15.97,78.28,7.94,95.77,False,121,Não,2,8,False,,False,,False,False,False,False,True,False,1,10,False,False,False,False,False,False,True,True,False,False,False,3.31,False,6736557056.0,-2.6,0.56,0.0,15.41,-21.59,-7.63,8.07,-5.82,4.27,5.46,9.47,1.15,3.57,,,5.7,-5.75,2.17,0.39,84.35,12.8,4.28,10.89,18.7,-53.4,-10.5,1.66,0.54,5.079999923706055,5.5919840939767065,9.969901279839434,,,,,,,7.78094268690807,7.78094268690807,7.002848418217263,2,True,1.8,37.851348885619984,53.16816542846665,n/d,n/d,,,,False,False,,,Em Baixa,5.159999847412109,-1.5503861641813277,-55.12367437581509,False,False,False,sem sinal (Em Baixa; sem novo topo (-1.6%))
BRAP4,BOVA11+SMALL11,BOVA11,Basic Materials,33.2,34.65,25.0,,,1.0,DY5a=24.3%>=20,14.99,37.97,74.72,,False,122,Não,4,6,False,,True,,False,False,False,True,,False,2,8,False,True,True,False,,,True,True,False,True,True,,True,8604884992.0,14.45,1.05,10.97,24.27,7.26,23.82,-0.47,0.0,-220.14,,,5.68,0.0,1.99,350.65,,2.93,-0.74,,4.4,95.6,14.28,25.49,53.2,-14.1,-2.6,0.92,0.63,21.889999389648438,37.942222781953255,70.38282326052328,20.072144769054795,26.656825893214485,45.44636551484105,15.342069641277186,10.959932072064813,,26.06992677873426,23.364485331134638,21.028036798021176,6,True,6.4,-3.9377003913251607,19.095146211207602,n/d,n/d,,,,False,False,,,Em Baixa,22.0,-0.5000027743252811,-14.592274262900517,False,False,False,sem sinal (Em Baixa; sem novo topo (-0.5%))
MYPK3,SMALL11,SMALL11,Consumo discricionário,33.0,35.3,20.0,,,0.9,,25.15,51.85,28.72,52.82,False,123,Não,1,8,False,,True,,False,False,False,False,True,False,2,10,False,False,False,False,False,False,True,False,False,False,True,0.95,True,1379379584.0,15.45,0.34,3.34,5.42,2.23,4.01,8.93,0.6,3.51,2.9,4.54,1.73,1.23,42.41,83.66,0.1,3.97,3.75,0.65,66.29,30.03,8.74,13.84,5.4,-33.5,-1.2,0.78,0.49,9.210000038146973,3.562432709206973,3.67092490614029,4.387649661101686,19.061066242455066,3.4452426838467725,7.613744425285681,1.7289758989745951,20.193858777570735,,,,6,False,11.7,,,n/d,n/d,,,,False,False,,,Em Baixa,9.539999961853027,-3.4591187109602073,-33.79819643728648,False,False,False,sem sinal (Em Baixa; sem novo topo (-3.5%))
TTEN3,SMALL11,SMALL11,Bens de primeira necessidade,32.92,29.91,50.0,,,0.0,,35.59,31.57,24.37,11.27,True,124,Não,2,8,False,,True,,False,True,True,False,False,True,5,10,False,True,False,False,False,False,True,False,False,True,False,0.75,True,5735047680.0,9.4,1.11,1.65,0.95,11.76,18.41,4.0,3.19,17.23,7.5,18.75,1.36,1.03,0.88,8.95,-37.7,5.7,1.74,0.97,64.13,35.82,9.93,17.74,15.4,-35.4,-21.7,0.81,0.38,11.460000038146973,0.7792719065467144,1.4455493866441553,16.153723458026313,16.828695872248332,14.214816003302168,1.741983299182193,11.462365367274293,,,,,4,False,21.6,,,n/d,n/d,,,,False,False,,,Em Baixa,11.800000190734863,-2.881357178746935,-35.97765205378297,False,False,False,sem sinal (Em Baixa; sem novo topo (-2.9%))
CASH3,SMALL11,SMALL11,Comunicação,32.5,28.43,55.55555555555556,,,0.4,P/L=-5.66<2,1.34,43.54,83.49,2.46,False,125,Não,2,8,False,,False,,False,,False,True,True,False,5,9,False,False,False,False,True,True,False,False,False,False,True,-0.29,True,581265216.0,-5.66,1.33,0.0,0.0,-23.45,-3.01,-16.62,-20.31,-8.83,-1.12,-2.8,2.68,0.0,,,18.2,6.49,9.61,1.74,18.27,80.69,3.24,5.6,72.2,-0.4,27.7,0.96,0.33,5.579999923706055,,,,,,,,,,,,0,True,,,,n/d,n/d,,,,False,False,,,Em Alta,5.599999904632568,-0.3571425226269853,-3.125005174014095,False,False,False,sem sinal (Em Alta)
DESK3,SMALL11,SMALL11,Comunicação,31.76,32.07,30.0,,,0.4,,39.51,26.32,34.65,7.75,False,126,Rompimento,3,8,False,,True,,False,False,False,False,False,True,3,10,False,True,True,False,False,False,True,False,False,False,True,0.9,True,2208556544.0,39.11,1.53,0.78,0.44,3.91,6.21,11.53,4.4,5.23,2.09,2.53,1.41,1.21,12.06,17.05,-50.0,11.18,6.52,0.32,62.73,36.49,7.85,19.0,142.0,0.0,5.0,0.68,0.2,19.0,0.5916775938260741,0.7950536082095966,4.662824168707756,11.65078630453671,1.7874295770742796,0.6882468011065569,2.2882006485793336,19.0,,,,3,False,32.1,,,n/d,n/d,,,Rompimento,False,False,,,Em Alta,18.950000762939453,0.2638482060556502,-0.9901017653460298,False,True,False,"Rompimento (vol x1.0, +0.3% do topo, MM50>MM200)"
DXCO3,SMALL11,SMALL11,Materiais,31.52,33.55,20.0,,,1.0,P/L=-128.70<2,14.36,71.42,27.84,36.62,False,127,Pivô de alta,2,8,False,,True,,False,False,False,False,True,False,2,10,False,False,False,False,False,False,True,True,False,False,False,0.88,True,4675533824.0,-128.7,0.67,0.0,3.45,-0.52,6.92,4.35,-0.43,4.69,3.22,8.04,1.98,1.19,,,5.2,8.31,2.48,0.51,62.06,36.03,4.44,6.09,16.1,-15.4,1.7,1.17,0.61,5.150000095367432,1.2683962252480332,2.1228340460742086,,,,,,5.9889415897138685,1.6956151356611209,1.6956151356611209,1.5260536220950087,2,True,4.7,-70.36789138183246,-67.07543486870274,n/d,n/d,,,Pivô de alta,False,False,,,Lateral,5.289999961853027,-2.6465003307212798,-17.202568021167885,False,True,False,Pivô de alta
PRNR3,SMALL11,SMALL11,Bens Industriais,30.34,32.16,20.0,,,0.7,,38.38,26.71,33.31,15.49,False,128,Não,3,8,False,,False,,False,False,False,False,True,False,2,10,False,False,False,False,True,True,True,False,False,False,True,1.18,True,981093120.0,21.39,1.96,0.0,1.69,9.17,4.0,10.43,2.06,5.58,2.34,3.13,1.85,1.75,3.65,36.06,27.8,4.92,6.02,0.64,70.26,25.54,14.63,21.97,17.6,-21.7,-7.6,1.17,0.61,17.209999084472656,2.072597792683087,3.775021099287439,10.467582175698887,12.607781635710205,6.073750646234867,5.548158130330276,5.114486573641898,15.990153966197848,7.264463376817262,5.810954388282571,5.229858949454314,6,True,7.7,-69.61150942667487,-57.7892866747944,n/d,n/d,,,,False,False,,,Em Baixa,19.450000762939453,-11.516717689466393,-22.0914487750401,False,False,False,sem sinal (Em Baixa; sem novo topo (-11.5%))
BRAV3,BOVA11+SMALL11,BOVA11,Energia,30.1,29.53,33.333333333333336,,,0.9,,23.13,56.02,19.6,11.97,False,129,Não,1,8,False,,False,,False,,False,False,False,True,3,9,False,False,False,False,False,False,True,False,False,False,False,1.17,True,8454684672.0,154.83,0.69,0.68,1.08,0.44,3.55,8.3,0.44,3.19,3.05,5.14,1.26,1.55,,166.95,-17.3,5.17,3.71,0.27,72.43,27.57,13.35,21.64,36.3,-15.9,-6.8,0.48,0.23,18.200000762939453,1.4018021029104388,2.041023861837599,,,,1.6666666666666667,,18.200000762939453,,,,3,False,13.0,,,n/d,n/d,,,,False,False,,,Em Baixa,19.450000762939453,-6.4267349664159585,-17.814432246623202,False,False,False,sem sinal (Em Baixa; sem novo topo (-6.4%))
BRKM5,BOVA11+SMALL11,BOVA11,Materiais,29.56,30.36,25.0,,,1.0,P/L=-0.68<2,38.62,16.92,2.55,82.39,False,130,Não,5,8,False,,False,,False,,True,,True,False,2,8,True,True,False,False,True,False,True,True,False,False,False,,True,3275540224.0,-0.68,-0.3,0.0,9.77,44.02,-59.65,1.85,-7.85,8.23,7.47,18.68,0.77,,,,21.6,-3.32,3.46,0.31,120.15,-19.72,4.11,12.7,0.0,-67.6,-48.6,0.85,0.2,4.110000133514404,2.868183345405823,5.3204801057278015,,,,,,,4.094331725566812,4.094331725566812,3.684898553010131,2,True,1.9,-10.34310381252408,-0.3812264583600955,n/d,n/d,,,,False,False,,,Em Baixa,6.050000190734863,-32.066115637342094,-70.17416391031945,False,False,False,sem sinal (Em Baixa; sem novo topo (-32.1%))
LWSA3,SMALL11,SMALL11,Tecnologia de informação,29.25,30.88,20.0,,,0.5,P/L=-11.76<2,12.36,49.5,49.93,29.58,False,131,Rompimento,1,7,False,,False,,False,False,False,True,True,False,2,10,False,False,False,False,False,,True,False,False,False,True,,True,2367796736.0,-11.76,0.99,6.15,2.95,-8.41,-2.3,5.89,-13.29,6.2,,,1.18,0.03,,,1.2,11.33,-3.98,1.15,32.17,67.83,3.38,4.67,24.8,-9.6,10.6,1.36,0.54,4.21999979019165,0.8881979183719727,0.9831240708979773,,,,,,,0.935660994634975,0.935660994634975,0.8420948951714775,2,True,1.1,-80.04514367207507,-77.82793741341673,n/d,n/d,,,Rompimento,False,False,,,Lateral,4.139999866485596,1.9323653692280285,-11.172399210763972,False,True,False,"Rompimento (vol x1.3, +1.9% do topo, MM50>MM200)"
LJQQ3,SMALL11,SMALL11,Consumo discricionário,29.13,32.31,11.11111111111111,,,0.9,P/L=-1.09<2,6.97,88.1,13.21,45.07,False,132,Não,0,8,False,,False,,False,,False,False,True,False,1,9,False,False,False,False,False,False,False,False,False,False,False,4.22,False,252439072.0,-1.09,0.73,0.0,4.11,-67.62,-9.94,2.03,-6.88,0.85,34.56,86.39,1.77,7.9,,,8.8,17.43,-0.01,0.82,89.26,10.74,0.96,2.83,27.1,-56.9,-15.2,2.16,0.59,1.2200000286102295,0.3579768030146158,0.6640469695921123,,,,,,,0.511011886303364,0.511011886303364,0.4599106976730276,2,True,1.9,-62.302402714126345,-58.11378079347372,n/d,n/d,,,,False,False,,,Em Baixa,1.309999942779541,-6.870222755762178,-57.49128650670413,False,False,False,sem sinal (Em Baixa; sem novo topo (-6.9%))
DASA3,SMALL11,SMALL11,Cuidados de saúde,28.33,33.33,0.0,,,0.2,P/L=-3.67<2,17.82,78.98,23.22,9.15,True,133,Não,2,8,False,,False,,False,,False,False,False,False,0,9,False,False,False,False,False,False,True,True,False,False,True,0.98,True,3274545664.0,-3.67,0.48,0.0,0.77,-13.13,-13.32,7.28,-9.6,4.1,4.54,8.74,1.27,1.12,,,-9.8,11.49,3.53,0.48,62.87,36.98,1.24,4.6,111.3,-43.0,-9.2,2.0,0.4,2.619999885559082,0.14330375175561824,0.20865026255618016,,,,,,,0.1759770071558992,0.1759770071558992,0.1583793064403093,2,True,1.5,-93.95498803976045,-93.28332004417827,n/d,n/d,,,,False,False,,,Em Baixa,2.9000000953674316,-9.655179331050102,-45.07337744160369,False,False,False,sem sinal (Em Baixa; sem novo topo (-9.7%))
MRVE3,BOVA11+SMALL11,BOVA11,Consumo discricionário,28.27,31.3,11.11111111111111,,,0.9,P/L=-5.04<2,15.51,66.33,25.68,26.06,False,134,Não,1,8,False,,False,,False,,False,False,True,False,1,9,False,False,False,False,False,False,True,False,False,False,False,1.18,True,3073075968.0,-5.04,0.63,0.0,2.67,-12.58,-7.71,6.84,-4.93,5.34,3.03,6.21,1.89,1.69,,,10.7,3.06,3.75,0.89,78.42,18.67,4.2,10.43,30.0,-47.7,-4.5,1.6,0.58,5.460000038146973,1.0405565855768442,1.9302324662450459,,,,,,2.8575083616724215,1.942765804498104,1.9302324662450459,1.7372092196205413,3,True,2.7,-68.18298154792468,-64.41820895742256,n/d,n/d,,,,False,False,,,Em Alta,5.159999847412109,5.81395735671042,-48.14814647097474,False,False,False,sem sinal (Em Alta)
EQTL3,BOVA11,BOVA11,Serviços públicos,28.18,27.86,30.0,,,0.1,,34.59,20.16,20.09,32.39,True,135,Não,1,8,False,,True,,False,False,False,False,False,True,3,10,False,False,False,False,False,False,True,False,False,False,True,2.15,True,46671499264.0,47.74,1.75,4.34,3.15,3.67,8.85,9.18,1.75,7.91,4.81,7.33,1.57,2.27,,150.54,-54.9,22.52,4.62,0.33,74.15,23.5,33.78,45.35,10.0,-18.1,-6.0,1.2,0.82,37.150001525878906,8.367448545783304,12.183005082660493,8.093004102830763,19.279237939069553,,6.267048420977274,2.078834845095265,37.150001525878906,,,,5,False,17.9,,,n/d,n/d,,,,False,False,,,Em Baixa,39.209999084472656,-5.253755691643258,-19.79706008065878,False,False,False,sem sinal (Em Baixa; sem novo topo (-5.3%))
CAML3,SMALL11,SMALL11,Bens de primeira necessidade,27.62,30.73,10.0,,,0.0,,25.75,37.02,25.49,47.89,True,136,Não,1,8,False,,True,,False,False,False,False,False,False,1,10,False,False,False,False,False,False,True,False,False,False,False,1.5,True,1650784768.0,15.11,0.56,6.16,4.35,3.69,8.66,5.74,0.99,7.8,5.55,13.55,1.87,1.99,11.93,65.67,-58.5,4.64,3.09,0.76,72.01,27.99,4.21,7.23,15.0,-33.0,-10.0,1.4,0.57,4.840000152587891,1.5025027326348561,1.6729113941835074,2.5474785971316067,7.892423639597566,1.7979062822280012,1.8430262155147874,1.1107670964425909,0.035191189996481985,,,,6,False,224.3,,,n/d,n/d,,,,False,False,,,Em Alta,4.909999847412109,-1.4256557433726447,-33.74257031203742,False,False,False,sem sinal (Em Alta)
HBOR3,SMALL11,SMALL11,Imobiliário,26.5,27.65,20.0,,,0.8,,15.02,35.74,38.28,42.96,False,137,Não,1,8,False,,True,,False,False,False,True,False,False,2,10,False,False,False,False,False,False,False,True,False,False,False,1.25,True,264060304.0,57.28,0.18,6.83,3.93,0.31,3.0,2.16,0.41,13.32,15.28,38.21,2.55,0.72,,225.13,-64.6,2.14,1.03,0.81,57.57,22.01,1.68,4.23,18.5,-53.0,-7.8,1.67,0.42,1.9900000095367432,0.5586583805852912,0.8134066021321841,0.3613128508935427,2.939724151280826,,0.26415074528231325,0.0928097570289732,,,,,4,False,31.7,,,n/d,n/d,,,,False,False,,,Em Baixa,2.009999990463257,-0.9950239314132636,-53.22525700906506,False,False,False,sem sinal (Em Baixa; sem novo topo (-1.0%))
SOJA3,SMALL11,SMALL11,Bens de primeira necessidade,26.35,27.47,20.0,,,0.0,,30.27,27.68,13.88,41.55,True,138,Não,2,8,False,,True,,False,False,False,False,False,False,2,10,False,False,False,False,True,False,True,False,False,True,True,0.66,True,971916480.0,40.74,0.7,4.25,3.84,1.73,13.98,5.66,0.89,9.31,4.7,11.63,0.95,1.47,,156.52,-0.4,7.09,2.47,1.35,45.47,36.89,4.98,10.46,38.4,-34.1,9.4,0.82,0.33,6.889999866485596,1.8907878416411685,2.7529870974295414,1.7588610361180705,6.1199932086309445,,1.0159422763030517,0.4517953485632956,1.2960267329412256,,,,5,False,13.5,,,n/d,n/d,,,,False,False,,,Lateral,6.659999847412109,3.453453818964536,-34.10338707688446,False,False,False,sem sinal (Lateral)
GFSA3,SMALL11,SMALL11,Consumo discricionário,26.18,30.8,0.0,,,0.9,P/L=-0.06<2,0.67,100.0,26.27,2.46,False,139,Não,1,7,False,,False,,False,,False,False,False,False,0,9,False,False,False,False,False,,False,True,False,False,True,,True,33047134.0,-0.06,0.02,0.0,0.0,-39.87,-13.41,-6.27,-124.06,-5.68,,,1.31,1.06,,,-55.9,0.7,-4.96,0.96,67.49,32.51,0.2,13.83,5.0,-98.5,-77.4,1.21,0.26,0.20999999344348907,,,,,,,,,,,,0,True,,,,n/d,n/d,,,,False,False,,,Em Baixa,0.25,-16.00000262260437,-98.498927827883,False,False,False,sem sinal (Em Baixa; sem novo topo (-16.0%))
RCSL4,SMALL11,SMALL11,Bens Industriais,25.7,27.72,14.285714285714286,,,0.7,P/L=-6.36<2,38.26,,16.62,2.46,False,140,Não,2,6,False,,False,,False,,True,,,False,1,7,True,True,False,False,,,False,False,False,True,True,,True,95466880.0,-6.36,-6.4,0.0,0.0,100.56,,-2.72,0.0,-111.13,,,1.22,,,,,,-14.18,0.2,170.21,-69.4,0.26,2.7,188.5,-72.2,29.8,0.22,0.03,0.75,,,,,,,,,,,,0,True,,,,n/d,n/d,,,,False,False,,,Em Alta,0.7799999713897705,-3.846150319251662,-72.94860271665605,False,False,False,sem sinal (Em Alta)
ORVR3,SMALL11,SMALL11,Bens Industriais,25.54,20.24,55.55555555555556,,,0.7,,22.41,8.37,39.09,2.46,False,141,Não,2,8,False,,False,,False,,False,True,True,False,5,9,False,False,False,False,True,False,True,False,False,False,False,0.28,True,9024940032.0,175.21,1.81,0.0,0.0,1.04,-2.35,3.71,3.35,20.12,4.88,12.21,2.38,0.74,168.47,,135.8,14.62,2.86,0.49,63.86,33.58,13.27,20.97,23.8,-21.7,-12.9,1.1,0.67,16.43000030517578,,,,,,,,0.5020442606439419,0.5020442606439419,0.5020442606439419,0.45183983457954774,1,True,1.0,-97.24990976149155,-96.94434417943506,n/d,n/d,,,,False,False,,,Em Baixa,17.8799991607666,-8.109613666942995,-22.591283816796405,False,False,False,sem sinal (Em Baixa; sem novo topo (-8.1%))
MGLU3,BOVA11+SMALL11,BOVA11,Consumo discricionário,25.28,27.78,11.11111111111111,,,0.9,,19.75,50.96,20.53,20.42,False,142,Não,1,8,False,,False,,False,,False,True,False,False,1,9,False,False,False,False,False,False,True,False,False,False,False,0.6,True,3521489152.0,36.47,0.29,1.95,2.34,0.79,-2.27,6.07,0.23,2.3,4.67,10.76,1.1,0.76,318.08,85.49,-2.6,5.6,1.9,0.75,70.25,29.75,3.88,11.0,17.0,-58.7,-23.8,2.01,0.59,4.539999961853027,0.7601321063839337,0.7672875997377082,0.897555170667815,6.621863553251451,0.30607058616141064,0.4177451123125095,0.34152687670316323,,,,,6,False,21.6,,,n/d,n/d,,,,False,False,,,Em Baixa,4.920000076293945,-7.723579442038508,-60.33116905902411,False,False,False,sem sinal (Em Baixa; sem novo topo (-7.7%))
MBRF3,BOVA11,BOVA11,Bens de primeira necessidade,24.75,29.12,0.0,,,0.0,DY5a=21.3%>=20,41.83,23.89,7.06,,True,143,Não,1,8,False,,False,,False,False,False,False,False,False,0,10,False,False,False,False,False,False,True,False,False,True,True,4.51,False,25513494528.0,69.85,2.24,9.46,21.3,3.2,39.26,6.29,0.22,5.98,4.84,10.77,1.05,5.39,21.83,1487.47,-51.3,26.51,2.68,0.43,89.92,7.97,14.52,27.52,26.1,-33.5,7.6,1.02,0.31,18.309999465942383,27.85107494017667,37.2585491421919,2.5048277325555475,6.943403056792157,6.421002826821604,3.046690502845772,1.227532022688601,11.742903264598107,,,,4,False,30.4,,,n/d,n/d,,,,False,False,,,Em Alta,19.540000915527344,-6.294787062202989,-33.80332766829179,False,False,False,sem sinal (Em Alta)
CSAN3,BOVA11+SMALL11,BOVA11,Consumo discricionário,24.38,26.92,10.0,,,0.9,P/L=-1.56<2,16.42,35.24,41.64,23.94,False,144,Não,2,8,False,,False,,False,False,False,False,True,False,1,10,False,False,False,False,False,True,True,False,False,False,True,1.47,True,14791374848.0,-1.56,2.79,0.0,2.53,-1.79,-64.7,8.59,-22.18,4.62,0.5,0.82,1.67,1.1,,,26.5,6.3,5.56,0.41,77.05,3.93,3.13,8.0,19.8,-53.1,-9.8,1.91,0.65,3.75,0.6782855607317353,1.2582197151573689,,,,,,3.40392002364466,0.9682526379445521,0.9682526379445521,0.8714273741500969,2,True,5.0,-76.76193668933075,-74.17992965481194,n/d,n/d,,,,False,False,,,Em Baixa,4.050000190734863,-7.407411768057937,-53.30012298004825,False,False,False,sem sinal (Em Baixa; sem novo topo (-7.4%))
KLBN11,BOVA11,BOVA11,Materiais,23.46,25.84,10.0,,,1.0,,23.09,18.68,20.43,66.9,False,145,Rompimento,1,8,False,,True,,False,False,False,False,False,False,1,10,False,False,False,False,False,False,True,False,False,True,False,0.49,True,133167587328.0,41.53,2.46,6.22,7.1,5.92,28.81,5.45,0.86,6.34,3.99,9.97,2.0,2.3,,294.68,-51.7,10.85,2.09,0.37,77.43,12.36,16.08,21.02,16.5,-10.8,6.9,0.55,0.47,18.739999771118164,9.49803044110058,13.829132322242447,4.692896643862964,8.794523651240791,,11.016666666666667,1.2054555939593055,7.496420208399984,,,,6,False,11.5,,,n/d,n/d,,,Rompimento,False,False,,,Lateral,18.68000030517578,0.321196279240743,-11.81176578297335,False,True,False,"Rompimento (vol x1.2, +0.3% do topo, MM50>MM200)"
CVCB3,SMALL11,SMALL11,Consumo discricionário,23.43,21.68,33.333333333333336,,,0.9,P/L=-6.45<2,11.02,50.87,18.77,2.46,False,146,Bandeira de alta,2,8,False,,False,,False,,False,False,False,False,3,9,False,False,False,False,False,True,True,False,False,False,True,1.13,True,906189568.0,-6.45,2.64,0.0,0.0,-40.86,-60.02,5.9,-8.94,2.69,1.33,3.17,0.68,1.67,,,-4.5,12.0,4.12,0.67,87.19,12.81,1.08,2.72,61.1,-36.0,8.4,1.14,0.29,1.7400000095367432,,,,,,,,3.728887318328863,3.728887318328863,3.728887318328863,3.3559985864959767,1,True,1.0,92.87348092540965,114.30386769489962,n/d,n/d,,,Bandeira de alta,False,False,,,Em Alta,1.6200000047683716,7.407407679948075,-37.634407407622625,False,True,False,"Bandeira de alta — mastro +33%, recuo 44% (candidato)"
HBSA3,SMALL11,SMALL11,Bens Industriais,22.93,25.01,11.11111111111111,,,0.7,P/L=-26.39<2,25.19,19.23,43.11,2.46,False,147,Não,2,8,False,,False,,False,,False,False,True,False,1,9,False,False,False,False,True,False,True,False,False,False,False,1.26,True,4734131200.0,-26.39,2.26,0.0,0.0,-8.56,-15.0,11.14,-5.52,7.9,3.09,3.88,3.26,1.56,,,68.3,12.28,5.08,0.41,66.67,33.33,2.98,4.38,16.8,-20.5,2.2,0.77,0.36,3.4800000190734863,,,,,,,,1.636358446411673,1.636358446411673,1.636358446411673,1.4727226017705057,1,True,1.0,-57.680385238543685,-52.978205820604096,n/d,n/d,,,,False,False,,,Lateral,3.4800000190734863,0.0,-20.728926539594806,False,False,False,sem sinal (Lateral)
AURE3,BOVA11+SMALL11,BOVA11,Serviços públicos,21.64,21.93,20.0,,,0.1,P/L=-9.88<2,13.34,27.02,11.03,69.72,True,148,Não,2,8,False,,False,,False,False,False,False,True,False,2,10,False,False,False,False,False,False,True,True,False,False,False,1.74,True,11188041728.0,-9.88,0.94,0.0,7.48,-9.47,2.89,2.64,-8.09,11.58,6.49,16.23,1.12,1.85,,,5.9,-75.44,2.04,0.26,71.73,25.67,10.05,14.61,6.6,-26.7,-11.6,1.12,0.59,10.710000038146973,5.722370910474035,10.474058162800992,,,,,,2.9868195378824955,6.3944162037191745,5.722370910474035,5.150133819426631,3,True,3.5,-51.912849663092075,-40.294900271302645,n/d,n/d,,,,False,False,,,Em Baixa,11.279999732971191,-5.053188903525607,-26.944064463700656,False,False,False,sem sinal (Em Baixa; sem novo topo (-5.1%))
ENEV3,BOVA11,BOVA11,Serviços públicos,21.4,19.3,33.333333333333336,,,0.1,,28.0,8.15,22.1,2.46,True,149,Pivô de alta,1,8,False,,True,,False,,False,False,False,True,3,9,False,False,False,False,False,False,True,False,False,False,True,1.16,True,51254054912.0,52.72,2.49,0.0,0.0,4.73,2.64,5.85,5.03,12.18,3.9,9.34,1.28,1.2,11.15,,-91.5,27.66,4.12,0.26,62.34,34.87,14.31,27.59,86.5,-3.3,3.4,1.1,0.55,26.690000534057617,,,5.719585418256253,11.049750380358939,2.3946074075510726,,2.8576178763865285,12.918081482562094,6.987928513022977,5.719585418256253,5.147626876430628,5,True,5.4,-80.71327548359532,-73.81817769502825,n/d,n/d,,,Pivô de alta,False,False,,,Lateral,27.15999984741211,-1.7304834904086963,-5.085349439892706,False,True,False,Pivô de alta
TUPY3,SMALL11,SMALL11,Bens Industriais,19.31,22.72,0.0,,,0.7,P/L=-2.56<2,6.29,42.09,27.45,38.73,False,150,Não,2,8,False,,False,,False,False,False,False,False,False,0,10,False,False,False,False,False,False,True,True,False,False,False,0.83,True,2013098240.0,-2.56,0.87,0.0,3.58,-33.8,2.01,1.49,-8.26,8.33,3.88,9.69,2.16,1.72,,,-5.8,5.42,1.31,0.87,73.24,26.66,11.34,16.19,35.4,-5.2,6.3,1.25,0.55,15.350000381469727,3.9266701613733876,5.717231754959653,,,,,,5.079183152512682,4.907695022948574,5.079183152512682,4.571264837261414,3,True,1.5,-70.21977378723865,-68.0280462476531,n/d,n/d,,,,False,False,,,Em Baixa,15.779999732971191,-2.7249642508105465,-6.969694657759229,False,False,False,sem sinal (Em Baixa; sem novo topo (-2.7%))
BBDC1,BOVA11,BOVA11,Produtos financeiros,,,,,,0.4,,,,,,False,151,Não,0,0,False,,,,,,,,,,0.0,0.0,,,,,,,,,True,True,True,,True,,,,,,,,,,,,,,,,,,,,,,,,,,,,,,,,,,,,,,,,,,0,True,,,,n/d,n/d,,,,False,False,,,,,,,False,False,False,histórico insuficiente
BBDC2,BOVA11,BOVA11,Produtos financeiros,,,,,,0.4,,,,,,False,152,Não,0,0,False,,,,,,,,,,0.0,0.0,,,,,,,,,True,True,True,,True,,,,,,,,,,,,,,,,,,,,,,,,,,,,,,,,,,,,,,,,,,0,True,,,,n/d,n/d,,,,False,False,,,,,,,False,False,False,histórico insuficiente
MOVI1,SMALL11,SMALL11,Bens Industriais,,,,,,0.7,,,,,,False,153,Não,0,0,False,,,,,,,,,,0.0,0.0,,,,,,,,,True,True,True,,True,,,,,,,,,,,,,,,,,,,,,,,,,,,,,,,,,,,,,,,,,,0,True,,,,n/d,n/d,,,,False,False,,,,,,,False,False,False,histórico insuficiente
