ticker,origem,grupo,setor,investment,investment_base,consistencia,basileia,solvencia,ciclicidade,dado_suspeito,quality,value,safety,dividend,regulado,rank_invest,oportunidade_grafica,criterios_ok,criterios_aplicaveis,passa_checklist,mais_5a_bolsa,sem_prejuizo_anual,lucro_20t,div_ge5_5a,div_sem_corte,roe_ge_10,divida_menor_patrim,cresc_receita_5a,cresc_lucro_5a,n_ok,n_aplic,roe_roic_ge_selic,roe_ge_setor,roic_ge_setor,margem_ge_15,cagr_ge_setor,divida_ok,marketcap_ok,insider_ok,margem_ok,roe_ok,alavancagem_ok,div_liq_patrim,nde_ok,market_cap,pl,pvp,dy,dy_teto,roe,roe_medio,roic,mrg_liq,ev_ebitda,div_liq_ebitda,lev_roic_adj,liq_corr,div_patrim,peg,payout,cresc_5a,pl_fut,roa,liq_geral,grau_endiv,indep_fin,min_52s,max_52s,dist_min52,dist_max52,dist_mm100,beta,corr_ibov,close,teto_bazin,teto_gordon,teto_dcf,teto_graham,teto_lynch,teto_projetivo,teto_graham_selic,teto_mult_ebitda,teto_medio,teto_mediana,teto_ajustado,teto_n_metodos,teto_confiavel,teto_dispersao,teto_upside_pct,teto_upside_media_pct,prox_resultado,ex_dividendo,ex_tipo,tese_ia,strategy,in_wishlist,in_carteira,preco_medio,var_pm_pct,trend,breakout_level,pct_to_level,dist_52w_high_pct,fund_ok,breakout,aprovado,note
JHSF3,SMALL11,SMALL11,Imobiliário,77.48,75.27,90.0,,,0.8,,86.74,81.37,44.52,69.93,False,1,Não,7,8,False,,True,,False,True,True,True,True,True,9,10,True,True,True,True,True,True,True,False,True,True,True,0.36,True,6733535744.0,3.26,0.93,6.63,7.91,28.4,16.71,13.12,52.59,4.45,1.22,1.3,1.73,0.86,0.22,25.78,90.2,5.92,7.25,0.72,61.6,36.26,4.95,13.85,105.1,-26.6,-8.1,1.38,0.61,10.15999984741211,5.7390926437244945,10.646016854108938,41.29447790742652,27.67799880047428,71.39487568200141,19.57807411896471,37.71042888149894,17.479182445986247,,,,6,False,12.4,,,n/d,2026-08-31,próxima,,,False,False,,,Em Baixa,11.149999618530273,-8.878922017834656,-28.216639097456486,True,False,False,sem sinal (Em Baixa; sem novo topo (-8.9%))
VULC3,SMALL11,SMALL11,Consumo discricionário,76.36,77.48,70.0,,,0.9,,87.66,61.2,65.74,95.8,False,2,Não,6,8,False,,True,,False,False,True,True,False,True,7,10,True,True,True,True,False,True,True,False,True,True,True,0.25,True,4293923840.0,4.67,1.64,28.85,15.45,35.06,31.82,17.83,24.89,6.27,0.76,0.6,2.96,0.37,0.48,72.14,-64.7,5.99,11.45,1.64,37.42,62.57,13.47,20.08,1.5,-31.9,-8.7,0.92,0.6,13.670000076293945,15.084112092778177,27.98102793210352,38.78533212224727,23.430384293670603,73.8086328491524,48.30691193472042,25.789767032607664,8.630044464581562,,,,6,False,8.6,,,n/d,2025-12-23,última,,,False,False,,,Em Baixa,14.180000305175781,-3.596616487347204,-32.426236328767075,True,False,False,sem sinal (Em Baixa; sem novo topo (-3.6%))
MDNE3,SMALL11,SMALL11,Imobiliário,74.82,72.14,90.0,,,0.8,,73.06,77.45,59.98,79.02,False,3,Não,7,8,False,,True,,False,True,True,True,True,True,9,10,True,True,True,True,True,True,True,False,True,True,True,0.26,True,2431272448.0,4.38,1.07,16.51,9.26,24.38,16.15,10.98,21.43,4.23,0.91,1.16,2.38,0.48,0.3,40.57,19.5,3.68,6.4,1.12,72.76,27.27,19.63,34.28,19.7,-31.4,-15.4,1.67,0.63,23.510000228881836,15.556165030825108,28.85668613218057,71.12043448234802,51.51277527306067,127.48819888931986,25.80183479150976,63.22015027319751,41.54649601907847,,,,6,False,8.2,,,n/d,2026-01-02,última,,,False,False,,,Em Baixa,25.110000610351562,-6.371964725521073,-31.417733179499095,True,False,False,sem sinal (Em Baixa; sem novo topo (-6.4%))
PLPL3,SMALL11,SMALL11,Consumo discricionário,73.88,74.56,70.0,,,0.9,,77.84,82.19,65.19,59.44,False,4,Não,5,8,False,,True,,False,False,True,True,True,True,7,10,True,True,True,False,False,True,True,False,True,True,True,-0.11,True,1401043456.0,4.61,1.26,7.14,6.32,27.32,38.02,24.26,8.62,1.92,-0.24,-0.14,3.0,0.62,0.31,29.14,16.7,2.72,7.78,1.2,73.04,24.14,6.46,17.36,6.8,-60.3,-26.2,1.48,0.51,6.900000095367432,3.1154008129903104,5.779068508097025,19.831887475839142,13.580151674688896,31.912280436524036,10.95072400487419,18.110629317558768,14.303465002344291,,,,7,False,10.2,,,n/d,2025-12-30,última,,,False,False,,,Em Baixa,7.5,-7.999998728434243,-60.30064258156551,True,False,False,sem sinal (Em Baixa; sem novo topo (-8.0%))
POMO3,SMALL11,SMALL11,Bens Industriais,73.54,74.17,70.0,,,0.7,,80.17,74.47,52.24,90.21,False,5,Não,5,8,False,,True,,False,False,True,True,False,True,7,10,True,True,True,False,False,True,True,False,True,True,True,0.46,True,5189052928.0,4.35,1.23,22.59,11.85,28.32,24.74,18.39,13.19,4.6,1.29,0.98,1.94,0.81,0.32,51.56,-14.0,,8.76,1.02,59.93,39.42,3.85,6.69,8.6,-37.5,-23.8,0.94,0.46,4.179999828338623,3.5391687606939093,6.565158051087201,12.73218338516937,8.571766632368943,24.5715721546731,11.287696581799791,10.8523182979189,5.170088126502553,9.196535179141128,9.712042465143922,8.74083821862953,6,True,6.9,109.11097075579673,120.0128123640706,n/d,2026-08-26,próxima,,,False,False,,,Em Baixa,4.989999771118164,-16.2324645277095,-37.99031695498357,True,False,False,sem sinal (Em Baixa; sem novo topo (-16.2%))
PSSA3,BOVA11,BOVA11,Insurance,73.29,72.99,75.0,,1.8,0.3,,76.06,54.64,100.0,51.05,False,6,Não,4,6,False,,True,,False,False,True,,True,True,6,8,True,False,True,,True,,True,False,True,True,True,,True,29851013120.0,8.17,1.87,6.47,5.33,22.84,17.35,79.28,8.13,,,,,,0.63,43.58,0.3,7.48,6.06,,71.59,28.18,43.07,55.45,8.1,-16.0,-8.6,0.74,0.49,46.56999969482422,17.745364324615952,32.91765082216259,75.52662129209557,56.51525123994185,103.85643081705336,48.5875518991083,61.39492091114364,,43.6942970844956,40.752601360635445,36.677341224571904,4,True,4.3,-21.242556442086002,-6.175011013900056,2026-11-05,2026-06-23,última,,,False,False,,,Em Baixa,54.70000076293945,-14.862890228008007,-16.165615959622304,True,False,False,sem sinal (Em Baixa; sem novo topo (-14.9%))
CURY3,BOVA11+SMALL11,BOVA11,Consumo discricionário,72.04,70.63,80.0,,,0.9,,90.38,40.54,56.09,86.01,False,7,Não,7,8,False,,True,,False,False,True,True,True,True,8,10,True,True,True,True,True,True,True,False,True,True,True,-0.21,True,9210622976.0,8.38,5.57,16.1,10.4,66.38,57.38,37.72,18.37,5.39,-0.2,-0.08,1.94,0.71,0.98,87.14,33.5,6.22,16.14,0.91,70.61,24.44,26.99,40.16,10.8,-25.6,-4.9,1.27,0.57,29.899999618530273,22.209165741900602,41.19800245122561,47.27625238013437,20.759306206775015,67.5545034887831,53.53805626523743,28.67226450398653,23.751448038942403,38.11987488462313,34.93513347760607,31.441620129845465,8,True,3.3,5.155921508305927,27.49122197646672,n/d,2026-05-18,última,,,False,False,,,Lateral,32.31999969482422,-7.48762406913478,-25.711389178797507,True,False,False,sem sinal (Lateral)
POMO4,BOVA11+SMALL11,BOVA11,Bens Industriais,71.95,72.29,70.0,,,0.7,,80.17,70.89,52.24,80.42,False,8,Não,5,8,False,,True,,False,False,True,True,False,True,7,10,True,True,True,False,False,True,True,False,True,True,True,0.44,True,5549059072.0,4.65,1.32,21.12,9.48,28.32,24.74,18.39,13.19,4.84,1.29,0.98,1.94,0.81,0.31,44.06,-14.0,4.57,8.76,1.02,59.93,39.42,4.05,7.92,10.4,-43.6,-22.5,0.98,0.49,4.46999979019165,3.0252751385731873,5.611885382053263,12.73709617635255,8.558256916730283,23.527709417827825,11.575137762178509,11.631612357272898,5.155438154799276,11.256733738173512,11.575137762178509,10.417623985960658,7,True,7.8,133.05647594927527,151.82850708122479,n/d,2026-08-26,próxima,,,False,False,,,Em Baixa,5.369999885559082,-16.75977866941296,-43.78031520539255,True,False,False,sem sinal (Em Baixa; sem novo topo (-16.8%))
MILS3,SMALL11,SMALL11,Bens Industriais,70.38,68.68,80.0,,,0.7,,84.77,54.34,57.46,54.55,False,9,Não,6,8,False,,True,,False,True,True,True,True,True,8,10,True,True,True,True,False,True,True,False,True,True,True,0.65,True,3565582336.0,8.16,1.94,5.41,5.72,23.81,18.37,20.65,23.53,4.86,1.28,0.87,2.98,0.99,0.64,46.64,21.3,8.36,11.12,0.54,61.6,38.32,10.3,15.81,52.0,-1.0,7.9,0.75,0.48,15.649999618530273,6.389485101987568,11.852494864186939,25.41207045901055,18.65776617291419,35.32865339351402,12.302068480298066,20.43947272452397,17.943009675233974,20.27650510995453,18.65776617291419,16.79198955562277,7,True,5.5,7.297060478776829,29.56233612904551,n/d,2026-04-22,última,,,False,False,,,Em Alta,15.8100004196167,-1.0120227504099244,-1.8193222677992948,True,False,False,sem sinal (Em Alta)
LEVE3,SMALL11,SMALL11,Consumo discricionário,70.08,70.1,70.0,,,0.9,,86.35,57.06,35.24,99.3,False,10,Pivô de alta,6,8,False,,True,,True,False,True,False,True,True,7,10,True,True,True,False,False,True,True,True,True,True,True,1.08,True,4367067136.0,6.27,4.53,8.85,19.55,72.29,64.73,34.45,13.0,5.14,1.2,0.49,1.43,1.7,0.24,122.58,25.8,6.32,14.14,0.81,77.23,22.71,24.26,35.6,32.8,-9.5,-2.2,0.65,0.46,32.220001220703125,44.99391779515807,83.46371751001821,68.08851932604726,28.67701478072886,154.16268526652215,98.51666666666667,62.178949724163935,24.864376985967773,77.1544958670436,68.08851932604726,61.27966739344254,7,True,6.2,90.19138755980858,139.4614926875533,n/d,2026-04-30,última,"A Metal Leve (LEVE3) apresenta uma notável eficiência operacional no setor de consumo discricionário, evidenciada por um ROE de 72,3% e um ROIC de 34,4%, ambos posicionados muito acima dos pares setoriais, que registram médias de 12,5% e 13,1%, respectivamente. Essa alta qualidade de retorno convive com múltiplos de preço atrativos, uma vez que o P/L de 6,27 vezes sugere um papel descontado, embora o P/VP de 4,53 reflita o forte prêmio sobre o valor patrimonial decorrente da alta rentabilidade sobre o patrimônio líquido. No balanço entre rentabilidade e endividamento, a companhia demonstra solidez ao manter a relação de dívida líquida sobre EBITDA em 1,2 vezes, patamar significativamente abaixo da média do setor de 2,63 vezes, o que mitiga o risco do endividamento sobre o patrimônio de 1,7 vezes. Essa estrutura financeira saudável confere sustentabilidade ao expressivo dividend yield de 8,85%, que se mostra coerente com a forte geração de lucro e com a capacidade de distribuição da empresa. Por outro lado, o crescimento da receita nos últimos cinco anos, com um CAGR de 25,8%, ficou abaixo da média setorial de 32,5%, o que se reflete no checklist de critérios fundamentalistas, no qual a empresa atendeu a 6 dos 8 requisitos estipulados, falhando justamente no avanço frente aos pares e na margem líquida de 13,0%, que ficou abaixo do sarrafo de 15%. Sob a ótica do valuation, as estimativas de preço-teto revelam uma dispersão acentuada entre os métodos, variando desde os conservadores R$ 28,68 pelo modelo de Graham até os otimistas R$ 154,16 por Lynch, resultando em uma média de R$ 77,15 e uma mediana de R$ 68,09. Tomando como referência o preço-teto ajustado com margem de segurança de R$ 61,28, o papel exibe um expressivo potencial de valorização de 90,2% em relação à cotação atual de R$ 32,22. Em suma, o investimento em LEVE3 traz como prós a rentabilidade excepcional, o endividamento controlado abaixo do setor e o robusto retorno via dividendos, enquanto os contras residem no crescimento de receita inferior ao de seus pares e em uma pontuação de segurança moderada de 35 pontos.",Pivô de alta,False,False,,,Em Alta,34.0,-5.23529052734375,-11.019049888572063,True,True,True,Pivô de alta
RIAA3,SMALL11,SMALL11,Consumo discricionário,70.07,70.08,70.0,,,0.9,,65.64,93.9,39.18,92.31,False,11,Não,4,8,False,,False,,False,False,True,True,True,True,7,10,True,True,False,False,False,True,True,False,True,False,True,0.47,True,3424070144.0,2.24,0.63,47.47,13.13,28.35,8.06,8.96,14.35,2.52,2.11,3.3,1.61,0.68,0.15,29.42,16.6,5.11,4.35,1.05,64.01,35.99,5.72,10.43,19.2,-34.6,-21.0,1.63,0.61,6.820000171661377,6.397639750380908,11.867621736956586,40.341518872550544,27.23211426856263,85.65489244654168,51.88018214566937,36.84017949870655,35.728079849703,,,,6,False,13.4,,,n/d,n/d,,,,False,False,,,Em Baixa,8.079999923706055,-15.594056484430673,-37.04690147032207,False,False,False,sem sinal (Em Baixa; sem novo topo (-15.6%))
VTRU3,SMALL11,SMALL11,Consumo discricionário,69.48,72.92,50.0,,,0.9,P/L=1.85<2,85.85,90.24,55.11,6.99,False,12,Rompimento,7,8,False,,True,,,,True,True,False,True,4,8,True,True,True,True,False,True,True,True,True,False,True,0.37,True,2018663680.0,1.85,0.5,0.19,0.21,27.23,9.79,15.07,46.56,2.89,2.1,1.95,2.56,0.56,,0.38,-23.9,4.01,6.37,0.37,51.99,48.01,10.08,16.86,34.1,-19.8,1.4,1.16,0.51,13.520000457763672,0.1990986372966361,0.2898876159039022,76.00432689769848,66.68023150872943,,0.4136666666666666,19.523089464106615,36.536624332108396,,,,2,False,381.7,,,n/d,n/d,,,Rompimento,False,False,,,Em Alta,13.15999984741211,2.7355669796786275,-22.065498789947924,False,True,False,"Rompimento (vol x1.1, +2.7% do topo, MM50>MM200)"
PETR4,BOVA11,BOVA11,Energia,69.02,74.14,40.0,,,0.9,DY5a=39.1%>=20,86.22,82.77,36.19,,False,13,Não,7,8,False,,True,,False,False,True,True,True,False,4,10,True,True,True,True,True,True,True,False,True,True,True,0.66,True,605292396544.0,4.28,1.19,5.18,39.11,27.73,30.77,19.69,24.32,2.74,1.29,0.92,0.85,0.76,0.29,167.39,96.8,4.48,10.07,0.28,65.87,33.99,27.61,48.52,60.4,-8.7,3.5,0.35,0.24,44.29999923706055,123.75303967389834,229.56188859508143,137.14368922688132,93.11070448923404,310.5140133438823,56.64301999999999,125.2406520486992,59.54352921514344,141.9388170741025,124.49684586129877,112.04716127516889,8,True,5.5,152.92813364527632,220.40365579816793,n/d,2026-08-24,próxima,,,False,False,,,Em Alta,44.31999969482422,-0.045127386961618665,-9.882293313609647,True,False,False,sem sinal (Em Alta)
BRSR6,SMALL11,SMALL11,Produtos financeiros,68.86,69.98,62.5,17.35,,0.4,,45.54,91.53,90.71,84.62,False,14,Não,2,6,False,,True,,False,False,True,,False,True,5,8,False,False,False,,False,,True,True,True,False,True,,True,5463898624.0,3.57,0.47,11.88,10.16,13.26,9.63,0.0,22.38,,,,,,0.42,36.28,-29.2,4.11,1.0,,93.0,6.99,10.04,18.55,33.1,-28.0,-9.1,1.08,0.64,13.359999656677246,9.696598459442361,17.98719014226558,49.58543289943235,48.923178946415526,69.64796679908822,33.99030573096876,29.874021246830445,,33.854309590888896,33.99030573096876,30.59127515787188,3,True,5.1,128.97661634731068,153.40052740172578,n/d,n/d,,,,False,False,,,Em Baixa,14.380000114440918,-7.093188106023385,-28.26449531219547,False,False,False,sem sinal (Em Baixa; sem novo topo (-7.1%))
CXSE3,BOVA11,BOVA11,Insurance,68.74,65.43,87.5,,1.6,0.3,,63.99,34.11,100.0,81.12,False,15,Não,4,6,False,,True,,True,True,True,,True,True,7,8,True,False,False,,True,,True,True,True,True,True,,True,54749999104.0,12.1,3.97,7.41,9.63,32.79,28.44,-1.21,75.43,,,,,,0.95,116.46,12.8,10.62,20.76,,8.23,91.77,12.48,22.04,46.2,-17.2,-2.4,0.69,0.54,18.25,12.546896524246842,23.27449305247789,19.984504132231404,12.490107874663696,33.82285548259966,22.898448930232796,16.164285714285715,,19.67608565979723,21.441476531232098,19.29732887810889,4,True,1.9,5.738788373199388,7.814167998888943,2026-11-09,2026-11-04,próxima,,,False,False,,,Em Baixa,19.892946243286133,-8.258938737345789,-17.579574341795134,True,False,False,sem sinal (Em Baixa; sem novo topo (-8.3%))
ABCB10,SMALL11,SMALL11,Produtos financeiros,68.47,71.73,50.0,,,0.4,,75.67,64.63,,,False,16,Não,1,3,False,,,,,,True,,False,,1,2,True,False,,,False,,,,True,True,True,,True,,,0.92,,,14.9,,,40.92,,,,,,,,-2.9,,1.54,,,,,,,,,,,,,,,,,,,,,,,0,True,,,,n/d,n/d,,,,False,False,,,,,,,False,False,False,histórico insuficiente
PETR3,BOVA11,BOVA11,Energia,67.92,72.85,40.0,,,0.9,DY5a=37.2%>=20,86.22,78.12,36.19,,False,17,Não,7,8,False,,True,,False,False,True,True,True,False,4,10,True,True,True,True,True,True,True,False,True,True,True,0.7,True,635930083328.0,4.77,1.32,4.65,37.2,27.73,30.77,19.69,24.32,2.95,1.29,0.92,0.85,0.76,0.32,177.45,96.8,3.34,10.07,0.28,65.87,33.99,29.5,53.92,67.3,-8.5,3.5,0.38,0.23,49.34000015258789,131.1061251319311,243.20186211973214,137.0555559794108,93.27048829872966,310.3144663684773,56.58797333333334,125.16016810195254,57.94369867879904,144.33004225154573,128.13314661694181,115.31983195524764,8,True,5.5,133.72483096597455,192.52136563679278,2026-08-06,2026-08-24,próxima,,,False,False,,,Em Alta,49.40999984741211,-0.14167110916897263,-9.654870529779725,True,False,False,sem sinal (Em Alta)
VLID3,SMALL11,SMALL11,Bens Industriais,67.48,67.04,70.0,,,0.7,,62.15,74.31,66.09,72.73,False,18,Não,4,8,False,,True,,False,False,True,True,False,True,7,10,True,False,True,False,False,True,True,False,True,True,True,0.1,True,1355259392.0,6.13,0.81,11.01,8.58,13.18,13.73,15.68,11.15,3.19,0.46,0.41,2.3,0.41,0.98,52.6,-32.9,9.96,7.53,1.13,45.32,54.23,16.3,22.63,6.3,-23.4,-3.1,0.94,0.52,17.329999923706055,10.621208260778577,19.70234132374426,37.458808970490246,36.8907150460014,41.91990551318949,34.52256327238017,18.654585439549987,31.246004210440322,31.48498911082798,34.52256327238017,31.070306945142153,7,True,3.9,79.28624975145244,81.67910703657321,2026-11-04,2026-08-13,última,,,False,False,,,Em Baixa,18.46053695678711,-6.124074482380681,-24.097224567711105,True,False,False,sem sinal (Em Baixa; sem novo topo (-6.1%))
LAVV3,SMALL11,SMALL11,Imobiliário,66.99,64.69,80.0,,,0.8,,66.53,57.26,55.0,94.41,False,19,Não,5,8,False,,True,,True,False,True,True,False,True,8,10,True,True,False,True,False,True,True,False,True,True,True,0.37,True,1903530496.0,5.27,1.31,24.94,14.02,24.9,19.67,8.69,19.91,6.78,1.5,2.42,4.12,0.86,0.81,73.87,-30.3,2.78,4.85,1.47,60.31,33.37,9.22,18.94,5.6,-48.6,-16.7,1.45,0.71,9.739999771118164,9.752333579275346,18.090578789555767,24.48861422529709,17.58365889509133,37.931005448281276,24.348219140268494,12.494941761216984,9.739999771118164,19.303668951263056,17.837118842323548,16.053406958091195,8,True,3.9,64.81937715947446,98.18962428011405,n/d,2026-02-03,última,,,False,False,,,Em Baixa,10.569999694824219,-7.852411993090957,-48.68282399352185,True,False,False,sem sinal (Em Baixa; sem novo topo (-7.9%))
DIRR3,BOVA11+SMALL11,BOVA11,Consumo discricionário,66.91,66.36,70.0,,,0.9,,71.92,56.13,54.34,90.91,False,20,Não,5,8,False,,True,,False,False,True,False,True,True,7,10,True,True,False,True,False,True,True,False,True,True,True,0.31,True,5449639424.0,6.37,2.34,14.79,12.12,36.78,26.14,9.99,17.73,4.7,0.6,0.83,4.18,1.16,0.76,77.21,8.6,4.56,5.44,1.01,82.45,14.5,10.3,16.95,1.7,-38.2,-18.5,1.47,0.64,10.479999542236328,9.072864373036369,16.83016341198246,21.799057132595184,12.875819439894014,33.733260206147825,25.620136891991812,13.064888161441809,9.30550460634233,17.787711777928976,14.947525786712134,13.452773208040922,8,True,3.7,28.36616217227652,69.73008163064533,n/d,2025-12-17,última,,,False,False,,,Em Baixa,11.8100004196167,-11.261649704696087,-39.274102934879096,True,False,False,sem sinal (Em Baixa; sem novo topo (-11.3%))
TGMA3,SMALL11,SMALL11,Bens Industriais,66.68,66.09,70.0,,,0.7,,78.74,33.47,69.86,83.22,False,21,Rompimento,6,8,False,,True,,False,False,True,True,True,True,7,10,True,True,True,False,False,True,True,True,True,True,True,0.03,True,2266940672.0,8.93,2.28,10.56,10.07,25.55,24.91,27.01,10.14,6.17,0.07,0.04,2.22,0.23,3.46,89.91,23.5,6.77,14.79,1.33,34.75,65.25,26.65,39.14,29.0,-12.2,12.3,0.9,0.5,34.380001068115234,24.723934450795625,31.08816172954404,34.57831691589538,36.141318466773505,48.68948642487729,48.57168419983946,16.525659229099706,29.952703773416243,33.78390814878016,32.833239322719706,29.549915390447737,8,True,2.9,-14.04911439094464,-1.7338362443737876,n/d,2026-08-07,última,"A Tegma (TGMA3) apresenta-se como um ativo de alta qualidade operacional no setor de bens industriais, evidenciado por um ROE de 25,6% e um ROIC de 27,0% que se posicionam muito acima das médias setoriais de 14,5% e 12,6%, respectivamente. Essa forte rentabilidade convive com múltiplos de valuation mistos, pois enquanto o P/L de 8,93 sugere um preço atrativo, o P/VP de 2,28 indica um prêmio sobre o valor patrimonial, refletindo a alta eficiência da empresa em gerar valor sobre o capital empregado. A saúde financeira da companhia é um dos seus maiores destaques, uma vez que a relação Dívida Líquida/EBITDA de apenas 0,07 está substancialmente abaixo do par setorial de 2,38, demonstrando um endividamento extremamente baixo e controlado que, somado a uma liquidez corrente de 2,22, garante robustez ao balanço. Esse cenário de baixo endividamento e alta geração de caixa confere sustentabilidade ao expressivo Dividend Yield de 10,56%, o qual se mostra plenamente coerente com a lucratividade e a capacidade de distribuição da empresa. Por outro lado, o crescimento da receita nos últimos cinco anos, com um CAGR de 23,5%, ficou ligeiramente abaixo da média do setor de 27,1%, o que se reflete em um PEG ratio mais esticado de 3,46. No checklist de critérios fundamentalistas, a TGMA3 atende a 6 dos 8 requisitos avaliados, falhando apenas na margem líquida de 10,14% (que ficou abaixo do sarrafo de 15%) e no crescimento histórico inferior ao de seus pares. Sob a ótica do valuation, as estimativas de preço-teto revelam uma dispersão relevante entre os métodos, variando desde os conservadores R$ 24,72 por Bazin até os otimistas R$ 48,69 por Lynch, resultando em uma média de R$ 33,78 e uma mediana de R$ 32,83. Frente ao preço atual de R$ 34,38, o papel negocia ligeiramente acima dessas referências e apresenta um upside negativo de 14,0% em relação ao preço-teto ajustado com margem de segurança, que é de R$ 29,55. Em suma, os principais prós da TGMA3 residem em sua rentabilidade excepcional, endividamento quase nulo e proventos robustos, enquanto os contras concentram-se no crescimento abaixo da média setorial e na ausência de margem de segurança nos preços atuais.",Rompimento,False,False,,,Em Alta,34.06999969482422,0.9098954390014624,-13.041503615777927,True,True,True,"Rompimento (vol x0.9, +0.9% do topo, MM50>MM200)"
LREN3,BOVA11+SMALL11,BOVA11,Consumo discricionário,65.83,65.09,70.0,,,0.9,,68.22,73.04,56.52,48.25,False,22,Não,6,8,False,,True,,False,False,True,True,True,True,7,10,True,True,True,False,False,True,True,True,True,True,True,0.13,True,10560473088.0,7.41,1.07,8.29,4.36,14.41,11.89,23.53,9.35,1.99,0.59,0.35,1.69,0.32,0.76,32.32,3.2,6.42,6.22,1.29,46.72,53.28,10.5,16.05,4.7,-31.5,-21.4,1.46,0.67,10.989999771118164,3.42436231097658,6.352192086861555,19.651484071162706,18.513475240296998,20.93338770264622,15.91678365821376,13.053488529416422,28.642182798334687,,,,6,False,8.4,,,2026-11-05,2026-06-24,última,,,False,False,,,Em Baixa,13.850000381469727,-20.649823332698467,-33.441561848953164,True,False,False,sem sinal (Em Baixa; sem novo topo (-20.6%))
GRND3,SMALL11,SMALL11,Consumo discricionário,65.74,64.99,70.0,,,0.9,,62.72,52.77,67.84,100.0,False,23,Não,5,8,False,,True,,False,False,True,True,False,True,7,10,True,True,False,True,False,True,True,False,True,True,True,-0.31,True,3238754304.0,5.59,1.01,39.64,19.56,18.04,16.72,7.81,24.95,8.57,-3.59,-6.43,2.05,0.02,,109.33,-24.5,4.79,2.66,2.01,29.93,70.07,3.43,4.92,4.7,-27.1,-9.9,0.76,0.47,3.5899999141693115,5.015081704156212,7.3019589612514455,6.679069607756858,7.166698040406156,,5.269110193822403,1.7156401327617208,2.311216361884217,5.623855811546215,5.974089900789631,5.376680910710668,6,True,4.3,49.768274074033684,56.653368969439555,n/d,n/d,,,,False,False,,,Em Baixa,3.75,-4.266668955485031,-27.798860122580273,False,False,False,sem sinal (Em Baixa; sem novo topo (-4.3%))
INTB3,SMALL11,SMALL11,Tecnologia de informação,65.73,66.74,60.0,,,0.5,,72.0,56.26,78.29,46.15,False,24,Fundo duplo,5,8,False,,True,,False,False,True,True,True,True,6,10,True,True,True,False,False,True,True,False,True,True,True,-0.17,True,4600588288.0,7.72,1.39,8.55,4.3,18.07,19.14,17.52,13.1,6.07,-1.0,-0.8,2.64,0.26,0.64,33.2,14.3,7.08,5.97,1.67,43.4,56.17,9.95,15.13,41.3,-7.1,2.4,1.03,0.47,14.0600004196167,4.318536272199111,8.01088478492935,24.131477404134873,20.35919220371624,29.8163808496349,16.740905188347533,18.684363400809872,14.0600004196167,18.829029178741354,18.684363400809872,16.815927060728885,7,True,6.9,19.601184629177393,33.91912245230693,n/d,n/d,,,Fundo duplo,False,False,,,Lateral,15.130000114440918,-7.07204022954997,-10.211677064666846,False,True,False,Fundo duplo — rompeu pescoço ~R$13.81 (candidato)
CEAB3,BOVA11+SMALL11,BOVA11,Consumo discricionário,65.07,64.79,66.66666666666667,,,0.9,,59.9,91.56,43.61,62.24,False,25,Não,5,8,False,,False,,False,,True,True,False,True,6,9,True,True,True,False,False,True,True,False,False,False,True,0.51,True,2292100096.0,4.19,0.62,6.83,6.49,14.79,7.33,14.93,7.02,1.89,1.94,1.82,1.67,0.72,0.39,27.18,-9.5,4.11,5.91,0.81,60.22,39.78,7.28,17.96,4.9,-57.5,-28.7,1.72,0.58,7.639999866485596,3.5399884803831614,6.566678631110765,24.159904112394777,22.4844233478593,31.46614680972297,9.614841883373693,17.214953620720443,,,,,5,False,8.9,,,n/d,n/d,,,,False,False,,,Em Baixa,9.779999732971191,-21.881389825308894,-57.72948569142218,False,False,False,sem sinal (Em Baixa; sem novo topo (-21.9%))
ALPA4,SMALL11,SMALL11,Consumo discricionário,64.82,63.9,70.0,,,0.9,,75.58,43.06,58.21,74.83,False,26,Pivô de alta,6,8,False,,False,,False,False,True,True,True,True,7,10,True,True,True,False,True,True,True,False,True,False,True,0.19,True,8720960512.0,12.51,2.42,13.98,8.78,19.37,-7.05,17.96,14.52,8.01,0.82,0.64,1.91,0.39,0.13,109.81,92.8,10.45,7.61,0.98,45.48,54.52,7.74,16.06,65.9,-20.0,5.2,1.11,0.47,12.84000015258789,8.050127606309823,14.932986709704721,13.599520545306918,11.069294705240331,30.791367272393025,10.329989999999999,12.419184799865187,6.103131550478226,10.929176559557886,11.069294705240331,9.962365234716298,7,True,5.0,-22.41148663297802,-14.881803507182045,n/d,n/d,,,Pivô de alta,False,False,,,Em Alta,13.529999732971191,-5.099775269779528,-20.838466731522796,False,True,False,Pivô de alta
MULT3,BOVA11+SMALL11,BOVA11,Imobiliário,63.1,61.88,70.0,,,0.8,,86.33,41.18,43.73,39.86,False,27,Não,7,8,False,,True,,False,False,True,True,True,True,7,10,True,True,True,True,True,True,True,False,True,True,True,0.74,True,13189512192.0,9.94,2.04,4.18,3.71,20.52,17.07,18.7,43.42,7.43,2.13,1.59,1.64,0.75,0.77,36.86,62.0,10.15,10.89,0.29,52.11,47.88,25.22,35.12,6.5,-23.5,-9.2,1.27,0.8,26.860000610351562,7.115263321916752,13.198813462155574,35.80432676933181,28.293651593356557,45.0301869242954,26.500393570550532,29.224231763502246,23.5668842743778,28.80264119393856,28.293651593356557,25.464286434020902,7,True,6.3,-5.196255192163946,7.232466639774837,2026-10-29,2026-07-01,última,,,False,False,,,Em Baixa,29.06999969482422,-7.60233611170672,-23.862246653975916,True,False,False,sem sinal (Em Baixa; sem novo topo (-7.6%))
BBSE3,BOVA11,BOVA11,Insurance,62.43,60.21,75.0,,1.3,0.3,,67.91,33.14,61.0,91.61,False,28,Não,5,6,False,,True,,True,False,True,,False,True,6,8,True,True,False,,True,,True,True,True,True,True,,True,72195031040.0,7.86,6.63,12.51,12.83,84.38,83.67,0.0,87.93,,,,,,,100.83,-0.1,8.44,28.81,,55.04,44.96,28.02,40.52,32.7,-8.2,4.6,0.54,0.51,37.189998626708984,34.07781566715773,49.61729961138166,49.2081406765615,24.43708413962328,,59.50416498381771,12.640003168292585,,48.10185523472965,49.41272014397158,44.471448129574426,4,True,1.7,19.57905289524824,29.340836275761582,2026-11-03,2026-08-07,última,,,False,False,,,Em Baixa,40.03296661376953,-7.101567102155992,-8.771315245517197,True,False,False,sem sinal (Em Baixa; sem novo topo (-7.1%))
VIVA3,BOVA11+SMALL11,BOVA11,Consumo discricionário,62.35,62.77,60.0,,,0.9,,76.47,53.88,66.07,16.78,False,29,Não,6,8,False,,True,,False,False,True,True,True,True,6,10,True,True,True,True,False,True,True,False,True,True,True,0.28,True,5060106752.0,8.68,1.6,3.24,1.97,18.4,21.98,17.32,18.56,5.73,1.1,0.89,4.19,0.4,0.58,17.11,0.4,6.74,10.38,1.73,37.54,62.46,20.42,35.35,5.4,-39.1,-7.3,1.13,0.52,21.520000457763672,3.029635327275895,5.619973532096785,32.85023111352173,27.391365396397653,42.07544947561263,10.853405399094557,29.999078979140602,14.591558630935726,,,,6,False,13.9,,,n/d,2025-12-22,última,,,False,False,,,Em Baixa,22.84000015258789,-5.779333126119335,-40.04150742438293,True,False,False,sem sinal (Em Baixa; sem novo topo (-5.8%))
SEER3,SMALL11,SMALL11,Consumo discricionário,61.98,62.33,60.0,,,0.9,,69.98,83.26,39.62,20.98,False,30,Não,5,8,False,,False,,False,False,True,True,True,False,6,10,True,True,True,False,False,True,True,False,True,False,True,0.8,True,1421249280.0,5.26,0.94,4.3,2.42,17.83,-1.1,17.04,11.85,2.46,1.79,1.47,1.64,0.92,0.35,12.72,29.3,4.44,9.65,0.47,59.3,40.7,7.9,13.75,40.5,-19.3,-7.2,1.43,0.48,11.100000381469727,1.9179377910503954,3.5577746023984838,27.961027576896168,23.678678118859235,36.75877087390712,9.158754146,25.53422140984481,40.682222654568726,,,,5,False,21.2,,,n/d,n/d,,,,False,False,,,Em Baixa,12.350000381469727,-10.121457177244576,-21.443734666884527,False,False,False,sem sinal (Em Baixa; sem novo topo (-10.1%))
TEND3,SMALL11,SMALL11,Consumo discricionário,61.4,63.41,50.0,,,0.9,,76.9,59.33,52.73,34.27,False,31,Não,5,8,False,,False,,False,False,True,True,False,False,5,10,True,True,True,False,False,True,True,False,True,False,True,0.24,True,3819112192.0,6.59,2.48,4.69,3.32,37.61,-8.65,14.39,12.08,4.53,0.47,0.46,1.96,0.79,0.44,21.89,-11.5,4.57,7.18,0.76,81.81,18.11,19.56,36.71,59.2,-15.2,-1.8,1.59,0.56,31.139999389648438,7.388909085479433,13.706426353564346,62.610772672661874,36.53770887188449,86.57734719900435,22.514801130999526,57.176630138808214,28.915100383980327,,,,6,False,11.7,,,n/d,n/d,,,,False,False,,,Em Alta,33.66999816894531,-7.5141042972504675,-16.36230233950623,False,False,False,sem sinal (Em Alta)
ABCB4,SMALL11,SMALL11,Produtos financeiros,61.39,65.61,37.5,16.87,,0.4,,51.24,70.1,83.86,82.52,False,32,Não,2,6,False,,True,,False,False,True,,False,True,3,8,True,False,False,,False,,True,False,True,True,True,,True,5860093440.0,5.81,0.82,11.46,10.05,14.05,14.98,0.0,40.92,,,,,,0.99,58.38,-2.9,4.76,1.54,,89.78,10.19,18.99,26.85,19.7,-15.3,-4.1,0.91,0.69,22.739999771118164,16.320280570953408,29.667190887699746,50.82005061258889,49.418177237798744,62.21486263975013,45.81119024061564,24.84311436124298,,35.65467807796442,37.739190564157695,33.965271507741924,4,True,3.1,49.3635525488477,56.79278116462012,n/d,n/d,,,,False,False,,,Em Baixa,24.15999984741211,-5.877483796615368,-16.78982394266102,False,False,False,sem sinal (Em Baixa; sem novo topo (-5.9%))
TOTS3,BOVA11+SMALL11+Wishlist,BOVA11,Tecnologia de informação,61.28,57.98,80.0,,,0.5,,86.12,31.84,49.34,13.99,False,33,Pivô de alta,6,8,False,,True,,False,False,True,True,True,True,8,10,True,True,True,True,True,False,True,False,True,True,True,0.55,True,18349213696.0,13.08,3.42,2.19,1.39,26.12,14.98,23.37,21.63,7.53,2.09,1.25,1.84,0.92,0.87,18.17,269.5,15.21,7.39,1.0,42.41,54.01,27.05,47.43,19.0,-32.1,3.2,0.97,0.44,32.18000030517578,3.192274474234473,5.921669149704947,32.598241899356196,22.82235087014609,40.32047761597243,10.59424454785779,29.76896052695925,23.55072765225805,,,,6,False,12.6,,,2026-11-04,2026-06-16,última,"A TOTVS (TOTS3) apresenta-se como uma operação de alta eficiência operacional no setor de tecnologia da informação, o que é evidenciado por um ROE de 26,1% e um ROIC de 23,4% que se posicionam significativamente acima dos pares setoriais (9,1% e 13,4%, respectivamente), sugerindo uma forte capacidade de geração de valor sobre o capital empregado. Essa qualidade superior convive com múltiplos de preço que demandam atenção, pois o P/L de 13,08 e o P/VP de 3,42 mostram que o mercado cobra um prêmio pelo papel, embora o indicador PEG de 0,87 indique que esse preço está atrativo quando ponderado pelo forte crescimento contratado. No âmbito financeiro, a excelente rentabilidade traduzida em uma margem líquida de 21,63% ajuda a sustentar um endividamento cuja relação Dívida Líquida/EBITDA de 2,09 está acima da média do setor (1,16), mas que ainda se mantém em patamar controlável e com confortável liquidez corrente de 1,84. Essa alavancagem mais elevada e o foco no reinvestimento explicam o modesto dividend yield de 2,19%, demonstrando que a companhia prioriza a expansão em detrimento da distribuição imediata de proventos aos acionistas. O perfil de crescimento da empresa é robusto, com um CAGR de receita nos últimos cinco anos de 269,5% que supera com folga a média setorial de 74,1%, o que valida o cumprimento de 6 dos 8 critérios do checklist fundamentalista, falhando apenas no nível de endividamento comparado aos pares e nas transações de insiders. Sob a ótica do valuation, os métodos de preço-teto revelam uma enorme dispersão que reflete a natureza de crescimento da tese: enquanto as metodologias focadas em dividendos como Bazin (R$ 3,19) e Gordon (R$ 5,92) apontam forte desvalorização, as métricas de fluxo de caixa descontado (R$ 32,60) e o modelo de Lynch (R$ 40,32) mostram-se muito mais aderentes ao preço atual de R$ 32,18, restando a fórmula de Graham em R$ 22,82. Em termos de prós e contras, o ativo destaca-se positivamente pelo seu crescimento exponencial de receita, rentabilidade muito acima da média e forte sinal gráfico de pivô de alta, enquanto os pontos de atenção residem no endividamento superior ao dos pares setoriais, no baixo retorno em dividendos e na expressiva divergência entre as métricas de valor justo.",Pivô de alta,True,False,,,Em Alta,32.5099983215332,-1.0150662362195417,-32.51372400611565,True,True,True,Pivô de alta
SAPR11,SMALL11,SMALL11,Serviços públicos,60.84,59.22,70.0,,,0.1,,57.82,57.08,64.59,60.14,True,34,Não,4,8,False,,True,,False,False,False,True,True,True,7,10,False,False,True,False,False,True,True,True,False,True,True,0.21,True,10043467776.0,22.06,0.83,1.66,6.34,3.76,14.91,11.83,6.04,3.93,0.89,1.05,1.86,0.6,1.92,139.92,11.5,6.25,5.91,0.51,53.34,46.66,31.45,47.9,5.7,-30.6,-13.2,0.97,0.55,33.22999954223633,15.05518494094335,27.927368065449915,19.959088573646024,36.83662170557399,26.87749700403104,15.033916666666668,14.912828443705335,76.15609957570291,22.37178648571662,19.959088573646024,17.963179716281424,7,True,5.1,-45.94288304623754,-32.675935016847035,n/d,n/d,,,,False,False,,,Em Baixa,36.22999954223633,-8.280430687012984,-31.79392711485496,False,False,False,sem sinal (Em Baixa; sem novo topo (-8.3%))
CYRE3,BOVA11+SMALL11,BOVA11,Consumo discricionário,60.53,58.86,70.0,,,0.9,,60.93,62.53,45.12,67.83,False,35,Rompimento,4,8,False,,True,,False,False,True,True,False,True,7,10,True,True,False,True,False,False,True,False,True,True,False,0.53,True,8465445888.0,5.14,0.94,10.0,7.26,18.26,15.44,7.03,20.56,8.37,3.08,6.13,3.37,0.73,0.45,37.33,-2.0,4.31,3.68,1.17,56.08,39.17,19.83,35.31,16.5,-34.5,0.8,1.72,0.67,23.110000610351562,11.990038280091511,22.24152100956975,59.57344515314361,49.87073049461024,84.10530953888704,30.75887775868983,44.34953679520307,5.075463930454974,,,,6,False,16.6,,,n/d,n/d,,,Rompimento,False,False,,,Lateral,22.56999969482422,2.3925605796582206,-35.832554413498805,False,True,False,"Rompimento (vol x1.4, +2.4% do topo, MM50>MM200)"
ITSA4,BOVA11,BOVA11,Financial Services,60.42,59.32,66.66666666666667,,,0.4,,60.65,48.78,,79.72,False,36,Não,5,6,False,,True,,False,False,True,,True,True,6,9,True,True,True,,True,,True,False,True,True,True,,True,140091883520.0,7.72,1.49,9.01,9.4,19.36,17.48,0.38,214.29,,,,,,1.45,72.56,28.4,6.58,0.38,0.64,16.02,79.82,9.45,14.81,32.3,-15.6,-6.3,1.24,0.88,12.5,8.39183569652647,14.242051450255971,19.628190082865256,17.482336999533576,23.820273677275924,17.41209079793664,9.732420010430754,,14.918542006896086,15.827071124096305,14.244364011686674,4,True,2.3,13.954912093493398,19.34833605516868,n/d,2026-09-01,próxima,,,False,False,,,Em Baixa,13.880000114440918,-9.9423638549192,-16.945172921251373,True,False,False,sem sinal (Em Baixa; sem novo topo (-9.9%))
BBDC3,BOVA11,BOVA11,Produtos financeiros,60.37,59.99,62.5,15.65,,0.4,,48.9,69.15,66.43,74.13,False,37,Não,3,6,False,,True,,False,False,True,,True,True,5,8,True,False,False,,True,,True,False,True,True,True,,True,156077703168.0,6.13,0.87,9.87,8.7,14.13,11.35,0.0,26.07,,,,,,0.93,53.33,17.8,,1.07,,92.32,7.66,12.38,17.96,15.7,-20.2,-8.6,1.16,0.84,14.329999923706055,8.905449542862312,16.51960890200959,30.974306523508194,29.433884650498353,35.75341793976474,25.58451049541313,15.934199380198539,,20.495968865948306,21.05205969871136,18.946853728840225,4,True,3.5,32.218100695845294,43.028394801607206,2026-11-04,2026-09-02,próxima,,,False,False,,,Em Baixa,16.13422966003418,-11.182620889532469,-21.221344844737043,True,False,False,sem sinal (Em Baixa; sem novo topo (-11.2%))
CMIN3,BOVA11,BOVA11,Materiais,60.05,65.35,30.0,,,1.0,,82.75,46.11,33.99,97.9,False,38,Fundo duplo,7,8,False,,True,,False,False,True,False,True,False,3,10,True,True,True,False,True,True,True,True,True,True,True,0.18,True,31754698752.0,13.74,4.37,18.46,16.61,31.79,32.01,20.33,13.41,5.34,0.2,0.14,1.17,1.24,0.15,228.24,90.7,14.68,8.29,0.53,80.09,19.91,4.08,6.24,44.6,-5.4,20.4,1.1,0.49,5.900000095367432,7.000436766901796,12.98581020260283,5.689592522825215,3.6116794065174167,12.882096278094828,6.133333333333334,5.195778832164914,5.412237592239494,7.363870616834978,5.911462928079274,5.320316635271347,8,True,3.6,-9.825143232645727,24.811364369586197,n/d,2026-04-17,última,"A CSN Mineração (CMIN3) apresenta uma notável eficiência operacional, com um ROE de 31,8% e um ROIC de 20,3% que se posicionam muito acima dos pares do setor de materiais (8,4% e 8,7%, respectivamente), sugerindo uma forte capacidade de geração de valor sobre o capital empregado. Essa elevada qualidade, contudo, convive com múltiplos de preço mistos: enquanto o P/L de 13,74 e o P/VP de 4,37 indicam que o mercado cobra um prêmio patrimonial pelo papel, o indicador PEG em patamar bastante descontado de 0,15 sinaliza que o preço atual pode não estar acompanhando totalmente o ritmo de crescimento dos lucros. No âmbito financeiro, a excelente rentabilidade é sustentada por um endividamento sob controle, visto que a relação Dívida Líquida/EBITDA de 0,2 está significativamente abaixo da média setorial de 2,17, conferindo robustez ao balanço mesmo diante de uma relação Dívida/Patrimônio de 1,24 e liquidez corrente de 1,17. Esse perfil gerador de caixa viabiliza um expressivo Dividend Yield de 18,46%, o qual se mostra coerente com a forte lucratividade e a baixa alavancagem financeira, embora a sustentabilidade de proventos tão elevados no longo prazo dependa da manutenção das margens operacionais, hoje com margem líquida em 13,41%. O histórico de expansão da companhia é outro ponto de destaque, com um CAGR de receita nos últimos cinco anos de 90,7%, patamar que supera com folga a média setorial de 17,7% e ajuda a explicar por que a empresa atendeu a 7 dos 8 critérios do checklist de qualidade, falhando apenas no patamar de margem estipulado. Sob a ótica do valuation, os métodos de precificação revelam uma dispersão acentuada entre si, variando desde a visão conservadora de Graham a R$ 3,61 e do fluxo de caixa descontado (DCF) a R$ 5,69, até as projeções otimistas de Gordon a R$ 12,99 e Lynch a R$ 12,88. Essa divergência resulta em uma média de preço-teto de R$ 7,36 e uma mediana de R$ 5,91, sendo que o preço-teto ajustado com margem de segurança fica em R$ 5,32, o que aponta para um upside negativo de 9,8% em relação ao preço atual de R$ 5,90, indicando escassez de margem de segurança no momento atual. Em suma, o ativo traz como prós o seu crescimento acelerado frente aos pares, o endividamento muito abaixo do setor e o retorno em dividendos altamente atrativo, enquanto os contras residem na ausência de desconto frente ao preço-teto ajustado e em uma margem líquida ligeiramente abaixo do sarrafo ideal do checklist.",Fundo duplo,False,False,,,Em Alta,5.909999847412109,-0.1692005465796509,-7.419964643397659,True,True,True,Fundo duplo — rompeu pescoço ~R$4.78 (candidato)
ITUB4,BOVA11,BOVA11,Produtos financeiros,59.96,57.31,75.0,15.95,,0.4,,58.52,40.47,70.71,67.13,False,39,Não,4,6,False,,True,,False,False,True,,True,True,6,8,True,True,False,,True,,True,False,True,True,True,,True,425444245504.0,9.13,2.05,8.07,7.16,22.45,19.06,0.0,32.58,,,,,,1.17,65.34,8.1,7.57,1.58,,92.99,6.67,32.61,48.4,18.4,-20.3,-7.0,1.19,0.85,38.599998474121094,19.73061799786917,36.60029638604731,56.018617719836186,42.32200432760474,63.156286221326624,45.304660570062815,31.975093614152037,,39.41354816845387,40.95247847805506,36.85723063024956,4,True,2.8,-4.5149427791815855,2.1076417784788637,n/d,2026-09-01,próxima,,,False,False,,,Em Baixa,43.16999816894531,-10.586054872968898,-20.737613726838788,True,False,False,sem sinal (Em Baixa; sem novo topo (-10.6%))
ISAE4,BOVA11,BOVA11,Serviços públicos,59.33,59.21,60.0,,,0.1,,61.14,48.29,59.98,76.22,True,40,Não,5,8,False,,True,,False,False,True,True,True,True,6,10,False,True,False,True,True,False,True,True,True,True,True,0.67,True,18361116672.0,6.5,0.83,6.66,8.95,12.71,14.91,9.63,26.39,7.36,3.41,4.96,5.28,0.79,1.22,58.19,220.0,8.76,6.2,0.28,54.58,44.81,20.47,31.63,27.1,-17.7,-7.6,0.98,0.69,26.020000457763672,16.63763602686023,28.24291838248556,48.53822151165539,53.137710012692935,57.109007406761755,43.11927015457692,24.06622507997751,29.312792115648755,37.52047258633238,36.216031135112836,32.59442802160155,8,True,3.4,25.266823398061256,44.198585419844896,n/d,2026-04-20,última,,,False,False,,,Em Baixa,26.889999389648438,-3.2353995969954585,-18.79763833854744,True,False,False,sem sinal (Em Baixa; sem novo topo (-3.2%))
ABEV3,BOVA11,BOVA11,Bens de primeira necessidade,59.1,58.94,60.0,,,0.0,,79.37,18.57,66.34,53.15,True,41,Não,7,8,False,,True,,False,False,True,True,True,True,6,10,True,True,True,True,True,True,True,False,True,True,True,-0.17,True,231299973120.0,14.3,2.63,5.26,5.43,18.4,17.07,20.62,18.41,8.07,-0.57,-0.39,1.02,0.03,3.48,77.67,24.6,13.51,10.3,0.81,38.81,60.59,11.06,16.9,35.6,-11.3,-4.9,0.68,0.46,15.0,5.819252126169334,8.575330949459685,11.041063352560512,11.602100554224403,10.007475737419309,14.942249906892767,5.511532891372548,10.662151853998639,9.77014467151215,10.334813795708975,9.301332416138077,8,True,2.7,-37.99111722574615,-34.865702189919,2026-10-29,2026-09-22,próxima,,,False,False,,,Em Baixa,15.989999771118164,-6.191368263221275,-11.72672239831638,True,False,False,sem sinal (Em Baixa; sem novo topo (-6.2%))
BLAU3,SMALL11,SMALL11,Cuidados de saúde,58.76,63.83,30.0,,,0.2,,63.16,57.82,84.45,40.56,True,42,Não,5,8,False,,True,,False,False,True,True,False,False,3,10,False,True,True,False,False,True,True,True,True,True,True,-0.01,True,2069625216.0,8.94,0.9,8.29,3.82,10.02,13.86,12.24,13.09,4.81,-0.09,-0.1,3.23,0.37,1.35,34.12,-14.8,6.47,5.15,1.38,37.94,62.5,8.35,13.7,7.3,-34.6,-10.2,0.76,0.25,8.960000038146973,2.442398980908894,4.530650109585999,13.279642114703286,14.983361454621866,10.441004735862567,7.313546440072136,6.836171073493936,10.048176499988802,9.633221775475514,10.048176499988802,9.043358849989922,7,True,6.1,0.9303438782148454,7.513635429266929,n/d,n/d,,,,False,False,,,Em Baixa,9.300000190734863,-3.655915544245003,-37.26836196411902,False,False,False,sem sinal (Em Baixa; sem novo topo (-3.7%))
EZTC3,SMALL11,SMALL11,Consumo discricionário,58.74,56.75,70.0,,,0.9,,50.83,59.79,67.71,53.85,False,43,Não,3,8,False,,True,,False,False,True,True,False,True,7,10,False,False,False,True,False,True,True,False,True,False,True,0.0,True,3125836544.0,5.89,0.6,8.88,5.69,10.15,7.87,5.14,36.95,9.97,0.07,0.17,3.06,0.34,0.87,33.51,-22.5,4.94,2.75,2.48,28.86,69.9,9.84,16.23,14.5,-30.5,-11.8,1.33,0.61,11.270000457763672,4.580215078731443,8.496298971046825,25.35271749836479,28.436878352091895,23.79941178374087,14.268383836166226,13.228069742851131,4.74795751088484,18.930293364043624,19.033897809953547,17.130508028958193,6,True,6.2,52.00095237935272,67.97065301805674,n/d,n/d,,,,False,False,,,Em Baixa,11.318214416503906,-0.4259855571381532,-31.462371034840398,False,False,False,sem sinal (Em Baixa; sem novo topo (-0.4%))
KEPL3,SMALL11,SMALL11,Bens Industriais,58.72,63.79,30.0,,,0.7,,64.59,47.94,65.1,97.2,False,44,Não,6,8,False,,True,,False,False,True,True,False,False,3,10,True,True,True,False,False,True,True,True,True,True,True,-0.02,True,1062069376.0,7.88,1.38,4.71,16.6,17.52,36.22,12.97,9.71,6.28,-0.07,-0.08,2.04,0.43,,130.82,-56.2,11.1,6.76,1.34,48.81,51.19,5.69,10.45,7.7,-41.3,-11.2,1.03,0.5,6.130000114440918,7.268850416164935,10.583446205936147,8.090355480988013,8.817573525689655,,8.87647993724503,2.078154498550493,5.265969804073989,8.150445895016295,8.453964503338835,7.6085680530049515,6,True,5.1,24.120194306046685,32.95996317872256,n/d,n/d,,,,False,False,,,Em Baixa,6.380000114440918,-3.9184952275178375,-41.61904652913412,False,False,False,sem sinal (Em Baixa; sem novo topo (-3.9%))
TAEE11,BOVA11+SMALL11,BOVA11,Serviços públicos,58.56,58.3,60.0,,,0.1,,73.33,26.94,48.41,88.81,True,45,Não,6,8,False,,True,,True,False,True,False,True,True,6,10,True,True,True,True,False,False,True,True,True,True,True,0.45,True,38828597248.0,7.96,1.6,8.0,11.16,20.14,22.05,11.11,36.48,9.26,4.36,5.49,3.48,1.36,3.54,88.82,13.5,8.68,6.9,0.24,66.19,33.81,30.9,43.57,21.6,-13.8,-5.1,0.88,0.69,37.56999969482422,29.944701857812447,36.48598290331789,41.077702474740455,49.93624997968088,63.29224274512083,16.189785314445842,19.287739945389056,26.844516609476663,35.38236522874801,33.21534238056517,29.893808142508654,8,True,3.9,-20.431705122885756,-5.8228226879053935,n/d,n/d,,,,False,False,,,Em Baixa,39.42622375488281,-4.708094976579402,-14.247196033815401,False,False,False,sem sinal (Em Baixa; sem novo topo (-4.7%))
BBDC4,BOVA11,BOVA11,Produtos financeiros,58.35,57.62,62.5,15.65,,0.4,,48.9,60.78,66.43,71.33,False,46,Não,3,6,False,,True,,False,False,True,,True,True,5,8,True,False,False,,True,,True,False,True,True,True,,True,176572465152.0,6.95,0.98,9.58,8.33,14.13,11.35,0.0,26.07,,,,,,1.17,57.89,17.8,5.4,1.07,,92.32,7.66,14.51,20.89,11.9,-22.3,-9.9,1.23,0.83,16.239999771118164,9.662594092509915,17.803957860012847,30.75360274818747,29.516974336859334,33.36711306562689,27.99688529680032,14.981264484443349,,21.55425999937764,22.900421578406583,20.610379420565923,4,True,3.2,26.91120511725751,32.72327772879995,n/d,n/d,,,,False,False,,,Em Baixa,18.49909782409668,-12.211936357436004,-23.536794844232702,False,False,False,sem sinal (Em Baixa; sem novo topo (-12.2%))
CPFE3,BOVA11,BOVA11,Serviços públicos,57.92,59.32,50.0,,,0.1,,76.55,42.08,29.8,83.92,True,47,Não,6,8,False,,True,,False,False,True,False,True,True,5,10,True,True,True,False,False,True,True,True,True,True,True,1.44,True,48763408384.0,8.12,2.15,8.82,10.15,26.43,27.84,15.57,13.16,5.48,2.35,2.11,0.92,1.55,1.75,82.43,21.5,9.69,8.79,0.29,71.02,27.73,35.03,52.32,20.8,-19.1,-7.4,0.95,0.66,42.31999969482422,30.68716220259576,48.04755979772883,58.28760328812622,48.044056648486084,77.10873468033753,60.56421143270708,29.13433629965541,74.487863906757,53.29519103204924,53.16758154292752,47.85082338863477,8,True,2.6,13.069054191148721,25.933817146428993,n/d,n/d,,,,False,False,,,Em Baixa,46.349998474121094,-8.694711784180475,-20.138642877593593,False,False,False,sem sinal (Em Baixa; sem novo topo (-8.7%))
TFCO4,SMALL11,SMALL11,Consumo discricionário,57.71,59.07,50.0,,,0.9,,81.65,29.8,66.36,16.08,False,48,Não,5,8,False,,True,,False,False,True,True,False,True,5,10,True,True,True,False,False,True,True,False,True,True,True,0.2,True,1957672320.0,13.45,3.23,2.47,1.72,23.99,26.81,27.1,13.23,8.3,0.47,0.24,2.83,0.3,0.9,23.18,-1.4,8.49,15.28,1.67,41.96,57.74,12.77,18.1,1.0,-28.7,-13.4,1.25,0.68,12.899999618530273,1.5878502721160224,2.9454622547752214,12.708178062864395,9.283645602580306,16.03939762732925,6.080625000000001,11.6052041177856,6.2110087393649085,,,,6,False,10.1,,,n/d,n/d,,,,False,False,,,Em Baixa,15.010000228881836,-14.057298988520706,-29.03455086664154,False,False,False,sem sinal (Em Baixa; sem novo topo (-14.1%))
ALUP11,SMALL11,SMALL11,Serviços públicos,57.62,55.44,70.0,,,0.1,,61.2,50.7,51.66,48.95,True,49,Não,7,8,False,,True,,False,False,True,False,True,True,7,10,True,True,True,True,True,False,True,True,True,True,True,0.85,True,15282828288.0,7.64,1.1,3.36,4.76,14.38,12.27,10.21,27.68,6.19,3.48,4.77,3.17,1.11,0.83,36.34,176.5,11.59,5.7,0.32,60.84,28.54,28.18,36.3,14.0,-11.5,-2.5,0.82,0.67,32.130001068115234,10.917683612363211,20.252303100933755,55.7228421665611,52.57254206560851,58.501800232818404,27.806445603818695,35.43190400296568,51.920615980589055,43.172636164756454,51.920615980589055,46.72855438253015,7,True,5.4,45.43589427048617,34.368611047447395,n/d,n/d,,,,False,False,,,Em Baixa,32.741859436035156,-1.8687343310945903,-12.27600833070024,False,False,False,sem sinal (Em Baixa; sem novo topo (-1.9%))
VBBR3,BOVA11,BOVA11,Consumo discricionário,57.57,55.38,70.0,,,0.9,,61.7,50.83,46.19,56.64,False,50,Não,6,8,False,,True,,False,False,True,True,True,True,7,10,True,True,True,False,True,True,True,False,False,True,True,0.74,True,41400934400.0,8.2,1.76,4.36,6.06,21.49,20.83,16.06,2.48,6.02,1.52,1.33,2.01,0.93,0.76,49.73,677.0,10.61,9.71,0.57,65.98,33.8,18.16,36.13,90.5,-4.2,8.0,1.09,0.66,34.61000061035156,14.991596826613744,27.80941211336849,55.92469610819002,43.21451128531487,71.19521699343129,38.37351584144106,39.93811979123986,20.912480023204417,42.48113602231285,39.93811979123986,35.94430781211588,7,True,4.7,3.8552648894355723,22.742372936009424,n/d,n/d,,,,False,False,,,Lateral,36.130001068115234,-4.2070313114523366,-5.514606603498007,False,False,False,sem sinal (Lateral)
RECV3,BOVA11+SMALL11,BOVA11,Energia,57.23,62.04,30.0,,,0.9,,54.7,70.8,54.9,87.41,False,51,Não,3,8,False,,True,,False,False,True,True,False,False,3,10,False,False,False,True,False,True,True,False,True,True,True,0.36,True,3079525120.0,6.18,0.7,16.23,10.71,11.26,17.76,10.15,16.73,3.26,1.18,1.63,2.91,0.72,1.62,66.18,-14.8,6.41,5.06,0.52,50.04,49.96,8.89,13.47,18.2,-22.0,-3.8,0.71,0.39,10.510000228881836,8.038973507574925,11.46347160133558,17.3221492690576,23.969044791997696,24.687917451212034,21.049468093944945,8.614195273851886,10.40894108722206,15.694270134524592,14.39281043519659,12.953529391676932,8,True,3.1,23.249563364234717,49.327019911914064,n/d,n/d,,,,False,False,,,Lateral,10.569999694824219,-0.5676392400632002,-23.77639794874098,False,False,False,sem sinal (Lateral)
BPAC11,BOVA11,BOVA11,Produtos financeiros,56.74,53.52,75.0,15.65,,0.4,,59.63,42.7,66.43,27.27,False,52,Não,4,6,False,,True,,False,False,True,,True,True,6,8,True,True,False,,True,,True,False,True,True,True,,True,174711685120.0,11.08,2.54,2.72,2.74,22.88,20.48,0.0,39.8,,,,,,0.74,30.33,20.0,8.52,2.41,,90.46,8.68,41.48,63.41,25.0,-18.2,-5.5,1.57,0.84,51.849998474121094,10.1369234478152,18.803992995697193,62.0047364424282,46.3610505390373,83.00242828350443,11.768333333333333,56.62319327950048,,13.569749925615241,11.768333333333333,10.5915,3,True,6.1,-79.5728055705029,-73.8288325458909,n/d,n/d,,,,False,False,,,Em Baixa,56.29629898071289,-7.898033417996264,-19.681462252912997,False,False,False,sem sinal (Em Baixa; sem novo topo (-7.9%))
GMAT3,SMALL11,SMALL11,Bens de primeira necessidade,56.72,54.97,66.66666666666667,,,0.0,,48.04,73.9,57.59,33.57,True,53,Rompimento,4,8,False,,True,,False,,True,True,False,True,6,9,True,True,False,False,False,True,True,False,False,True,True,0.48,True,9557397504.0,5.89,0.85,2.87,3.24,14.52,15.23,10.1,4.11,4.18,2.06,2.86,1.74,0.56,0.5,19.08,-35.4,4.66,5.7,1.0,52.91,42.64,3.57,7.15,16.2,-42.0,0.3,1.21,0.52,4.150000095367432,0.9601294763061027,1.7810401785478203,9.335738754434374,8.79776293948708,10.560950677138901,4.233767827650159,7.086068973845424,6.873907403846603,,,,6,False,11.0,,,n/d,n/d,,,Rompimento,False,False,,,Lateral,4.03000020980835,2.9776644990494594,-42.69404327219031,False,True,False,"Rompimento (vol x1.4, +3.0% do topo, MM50>MM200)"
BMOB3,SMALL11,SMALL11,Comunicação,55.88,53.39,70.0,,,0.4,,58.08,28.88,71.15,58.04,False,54,Não,7,8,False,,True,,False,False,True,True,False,True,7,10,True,True,True,False,True,True,True,True,True,True,True,-0.3,True,1902150528.0,12.22,2.07,8.62,6.18,16.97,10.68,11.27,8.49,6.71,-1.91,-2.38,1.69,0.05,2.95,75.57,-1.0,10.18,6.02,1.43,47.82,51.18,17.95,27.93,27.0,-18.4,-6.3,1.2,0.62,22.799999237060547,10.071917110054773,14.901175183406968,19.71714219136228,21.503309996142185,19.272679967712907,23.406208611481194,9.845491562516315,18.939592179309958,17.207189600248324,19.106136073511433,17.19552246616029,8,True,2.4,-24.581039291397822,-24.52986764894851,n/d,n/d,,,,False,False,,,Em Baixa,23.73871612548828,-3.9543709249710957,-19.070553316976646,False,False,False,sem sinal (Em Baixa; sem novo topo (-4.0%))
SANB11,BOVA11,BOVA11,Produtos financeiros,55.84,56.87,50.0,14.99,,0.4,,52.03,60.8,57.0,68.53,False,55,Pivô de alta,3,6,False,,True,,True,False,True,,True,False,4,8,True,False,False,,True,,True,False,True,True,True,,True,158786322432.0,7.15,1.12,7.81,7.32,15.69,10.65,0.0,28.66,,,,,,0.96,52.33,49.8,6.31,1.11,,90.04,9.86,24.53,36.14,20.5,-18.2,6.6,1.17,0.65,29.549999237060547,15.447346572187888,28.65482789140853,54.760488096650654,49.53209541256255,61.15959488877829,36.65061372888032,30.471714127616846,,33.87831907228185,32.65272081014443,29.38744872912999,4,True,3.5,-0.5500863354564567,14.647444829009926,n/d,n/d,,,Pivô de alta,False,False,,,Em Alta,29.93000030517578,-1.2696326904130362,-18.950233975042753,False,True,False,Pivô de alta
CMIG4,BOVA11,BOVA11,Serviços públicos,55.72,54.96,60.0,,,0.1,,55.37,50.9,37.3,98.6,True,56,Não,5,8,False,,True,,True,False,True,True,False,True,6,10,True,True,False,False,False,True,True,True,True,True,True,0.67,True,28721246208.0,6.25,0.98,10.53,17.43,15.75,21.33,9.3,10.51,6.3,2.49,3.75,1.17,0.78,,108.95,-20.4,8.67,5.94,0.42,57.36,42.63,9.45,13.28,6.2,-24.4,-11.0,0.97,0.72,10.039999961853027,12.500696373196245,18.201013919373732,16.706559936523437,19.24296206468457,,14.127676775544375,4.291382840837751,14.15379224573121,15.822116885842261,15.430176091127324,13.887158482014591,6,True,4.5,38.31831209939083,57.59080623464526,n/d,n/d,,,,False,False,,,Em Baixa,11.34000015258789,-11.463846324889083,-24.713107617336316,False,False,False,sem sinal (Em Baixa; sem novo topo (-11.5%))
IGTI11,BOVA11+SMALL11,BOVA11,Imobiliário,55.55,53.0,70.0,,,0.8,,69.95,37.42,50.0,21.68,False,57,Não,3,7,False,,True,,False,False,True,True,False,True,7,10,False,False,True,True,False,True,,False,True,False,True,0.49,True,,10.96,1.42,1.25,2.45,12.93,7.32,12.16,41.91,8.44,2.15,2.47,2.73,0.9,1.16,26.9,-35.4,10.67,5.46,0.48,51.02,48.98,21.57,30.19,9.3,-21.9,-8.8,1.3,0.78,23.579999923706055,4.133603321611316,7.66783416158899,28.506842973458497,28.352124621197458,25.615877317956212,2.97344762403598,18.529928333461505,17.357727410577056,,,,6,False,9.6,,,n/d,n/d,,,,False,False,,,Em Baixa,25.56999969482422,-7.782556882552372,-22.502011601532967,False,False,False,sem sinal (Em Baixa; sem novo topo (-7.8%))
WEGE3,BOVA11+Carteira,BOVA11,Bens Industriais,55.38,54.57,60.0,,,0.7,,86.35,6.85,60.24,19.58,False,58,Rompimento,6,8,False,,True,,False,False,True,True,False,True,6,10,True,True,True,True,False,True,True,False,True,True,True,-0.16,True,206728527872.0,33.07,10.96,4.07,2.33,33.16,31.31,24.33,15.58,21.5,-0.35,-0.2,1.59,0.29,4.35,77.06,-2.1,26.67,11.21,1.12,56.49,40.84,34.11,53.79,44.5,-8.4,7.1,0.76,0.45,49.27000045776367,8.20061144209253,15.212134225081645,19.740777322811265,12.275846544056407,14.805253299975893,20.724272507987617,11.10403966002926,12.930868905193735,14.374225488403543,13.868061102584814,12.481254992326333,8,True,2.5,-74.66763775854682,-70.8256030954866,2026-10-21,2026-06-22,última,"A WEG (WEGE3) consolida-se como uma operação de altíssima eficiência operacional no setor de bens industriais, entregando um ROE de 33,2% e um ROIC de 24,3% que superam com folga as médias setoriais de 14,5% e 12,6%, respectivamente. Essa excepcional qualidade de retorno, contudo, convive com múltiplos de preço extremamente esticados, evidenciados pelo P/L de 33,07 e pelo P/VP de 10,96, o que sugere que o mercado cobra um prêmio elevado pela resiliência da companhia. No âmbito financeiro, a excelente rentabilidade é sustentada por uma estrutura de capital exemplar, onde a relação dívida líquida sobre EBITDA negativa de -0,35 fica muito abaixo dos pares de 2,38, indicando uma posição de caixa líquido altamente confortável. Esse endividamento sob controle e a forte geração de caixa dão suporte a um dividend yield de 4,07%, que se mostra sustentável e coerente com a lucratividade da empresa, mesmo que o foco histórico da companhia seja o reinvestimento. Por outro lado, o crescimento recente acende um sinal de alerta, visto que o CAGR de receita de cinco anos contraiu 2,1%, situando-se bem abaixo da média setorial de 27,1%, um descompasso que se reflete no checklist de critérios, no qual a empresa atendeu a 6 dos 8 requisitos devido a essa perda de ritmo frente aos pares e a vendas de papéis por insiders. Sob a ótica do valuation, os métodos de preço-teto revelam uma dispersão acentuada, variando desde os conservadores R$ 8,20 pelo modelo de Bazin até R$ 19,74 pelo fluxo de caixa descontado, resultando em uma média de R$ 14,37 e mediana de R$ 13,87. Frente ao preço atual de R$ 49,27, o preço-teto ajustado com margem de segurança de R$ 12,48 aponta para um expressivo upside negativo de 74,7%, sinalizando que a cotação de mercado em tendência de alta embutiu expectativas bastante otimistas que descolaram dos fundamentos históricos de valor. Em suma, o investimento em WEGE3 apresenta como prós uma rentabilidade formidável, saúde financeira impecável com caixa líquido e forte governança, enquanto os contras residem no valuation severamente esticado perante os modelos clássicos e na recente desaceleração do crescimento de receita em comparação ao seu setor.",Rompimento,False,True,49.82,-1.1,Em Alta,49.16999816894531,0.20338070478416181,-9.238931834083852,False,True,False,"Rompimento (vol x1.1, +0.2% do topo, MM50>MM200)"
UGPA3,BOVA11,BOVA11,Consumo discricionário,55.02,52.38,70.0,,,0.9,,63.74,39.74,43.61,50.35,False,59,Rompimento,7,8,False,,True,,False,False,True,True,True,True,7,10,True,True,True,False,True,True,True,True,False,True,True,0.63,True,36849143808.0,11.16,2.15,2.89,5.11,19.25,16.17,21.5,2.26,5.2,1.13,0.74,1.64,0.98,1.35,57.04,44.3,12.65,9.73,0.63,64.07,31.75,16.19,34.58,113.5,0.0,18.4,1.03,0.57,34.58000183105469,12.624617224790724,23.41866495198679,41.05600575819664,33.48612882862086,41.46139460740341,23.714168754862197,24.384151740854474,26.425711869850527,28.321355467070703,25.4049318053525,22.86443862481725,8,True,3.3,-33.879591052294955,-18.099034217989505,n/d,n/d,,,Rompimento,False,False,,,Em Alta,34.31999969482422,0.7575819887599922,-1.5936185780319412,False,True,False,"Rompimento (vol x1.3, +0.8% do topo, MM50>MM200)"
EVEN3,SMALL11,SMALL11,Consumo discricionário,54.36,53.36,60.0,,,0.9,,40.54,72.1,46.63,77.62,False,60,Não,1,8,False,,True,,False,False,True,True,False,True,6,10,False,False,False,False,False,False,True,False,True,False,False,0.36,True,849166272.0,4.32,0.44,21.41,9.09,10.28,7.88,4.93,12.83,7.16,3.58,8.96,4.66,0.64,0.69,39.26,-35.3,2.78,2.32,1.27,57.92,36.05,4.15,8.43,3.1,-49.3,-23.2,1.34,0.63,4.28000020980835,2.778660815577702,5.154415812896637,13.127315458324219,14.725391080413168,15.190685978044105,9.47400516911667,6.534889442939551,0.7861618511746724,,,,6,False,19.3,,,n/d,n/d,,,,False,False,,,Em Baixa,4.949999809265137,-13.535345965119404,-49.83035250746168,False,False,False,sem sinal (Em Baixa; sem novo topo (-13.5%))
VIVT3,BOVA11,BOVA11,Comunicação,54.36,46.31,100.0,,,0.4,,45.51,36.84,52.36,61.54,False,61,Não,5,8,False,,True,,True,True,True,True,True,True,10,10,False,True,True,False,True,False,True,True,True,False,True,0.16,True,93727129600.0,14.34,1.44,8.48,6.44,10.05,7.53,9.1,10.68,4.16,0.56,0.86,0.95,0.3,18.78,92.4,18.5,9.62,5.51,0.48,46.12,53.66,29.28,40.95,0.2,-28.4,-15.3,0.81,0.55,29.329999923706055,13.499223764912063,14.387207274811637,15.570500721959041,30.615933027274085,14.741294529715361,30.536792116756217,6.445861070946807,38.20992116002673,17.97097321519646,14.741294529715361,13.267165076743826,7,True,5.9,-54.76588778978959,-38.72835573834635,n/d,n/d,,,,False,False,,,Em Baixa,32.630001068115234,-10.113395759688814,-28.857154429259012,False,False,False,sem sinal (Em Baixa; sem novo topo (-10.1%))
PGMN3,SMALL11,SMALL11,Bens de primeira necessidade,53.26,57.37,30.0,,,0.0,,46.76,74.97,43.88,88.11,True,62,Não,4,8,False,,True,,False,False,False,False,True,False,3,10,False,True,True,False,True,False,True,False,False,False,True,0.99,True,2422574592.0,7.43,0.71,7.0,10.75,9.61,5.91,12.78,2.1,2.62,3.59,3.94,1.78,1.02,3.84,79.85,11.1,4.94,6.26,0.83,68.82,31.1,3.13,7.54,7.7,-55.3,-21.7,1.53,0.6,3.369999885559082,2.5868130360570407,3.060288326177849,3.8327486684118917,6.959812888294945,5.752687125544759,8.49473499158384,1.763856226632386,,4.635848751814673,3.8327486684118917,3.4494738015707025,7,True,4.8,2.358276519598035,37.56228217335939,n/d,n/d,,,,False,False,,,Em Baixa,3.5399999618530273,-4.802262093950926,-55.77427905286873,False,False,False,sem sinal (Em Baixa; sem novo topo (-4.8%))
FLRY3,BOVA11+SMALL11,BOVA11,Cuidados de saúde,52.77,49.73,70.0,,,0.2,,56.52,31.01,50.87,63.64,True,63,Rompimento,5,8,False,,True,,False,False,True,True,True,True,7,10,False,True,True,False,True,False,True,True,True,True,True,0.7,True,10154938368.0,14.51,1.89,6.26,6.57,13.0,10.93,12.7,8.01,6.0,1.78,1.96,1.86,0.98,23.89,95.33,14.4,12.4,6.47,0.55,61.45,37.83,12.84,18.68,45.5,0.0,17.3,0.96,0.61,18.68000030517578,8.765946786954014,9.219208895332333,9.671108519578636,16.920123543201818,9.23986099554806,17.5402552899396,3.93072136487339,16.048074697232998,11.416912511582606,9.455484757563347,8.509936281807013,8,True,4.5,-54.443596666060465,-38.88162566882157,n/d,n/d,,,Rompimento,False,False,,,Em Alta,18.541507720947266,0.7469326999338444,-3.235960678022387,False,True,False,"Rompimento (vol x2.3, +0.7% do topo, MM50>MM200)"
COGN3,BOVA11+SMALL11,BOVA11,Consumo discricionário,52.69,52.19,55.55555555555556,,,0.9,,43.52,75.41,46.72,44.06,False,64,Não,2,8,False,,False,,False,,False,True,True,False,5,9,False,False,False,False,False,True,True,False,True,False,True,0.39,True,4224085248.0,6.21,0.32,5.62,4.02,5.11,0.79,10.24,8.96,3.26,2.52,3.44,1.88,0.5,1.62,24.95,30.7,4.3,4.35,0.45,44.22,55.77,2.03,4.57,3.9,-53.8,-15.9,1.64,0.63,2.109999895095825,0.6054130270547281,0.8658247484018176,3.470891449293045,7.099910980401375,2.667995707676265,2.2328741726552948,1.7267971080806752,4.899183273787854,,,,5,False,11.7,,,n/d,n/d,,,,False,False,,,Em Baixa,2.3299999237060547,-9.442061622916341,-55.36038390050892,False,False,False,sem sinal (Em Baixa; sem novo topo (-9.4%))
RDOR3,BOVA11,BOVA11,Cuidados de saúde,52.26,49.13,70.0,,,0.2,,63.56,22.97,52.24,43.36,True,65,Não,5,8,False,,True,,False,False,True,False,True,True,7,10,True,True,True,False,True,False,True,False,True,True,True,0.72,True,74555449344.0,15.91,3.7,12.68,4.01,23.26,13.61,15.63,8.35,6.75,1.12,1.01,2.9,2.51,1.89,63.77,22.9,12.74,6.35,0.64,79.71,18.16,32.33,44.66,5.9,-23.3,-3.7,1.17,0.65,34.25,9.805699220905774,18.18957205478021,28.523727215587673,21.174632569831253,26.769839164690502,22.980846892374586,17.153988945651417,26.064632454196282,21.332867314752214,22.07773973110292,19.869965757992627,8,True,2.9,-41.98550143651788,-37.714256015322,n/d,n/d,,,,False,False,,,Em Baixa,34.63999938964844,-1.1258643086609954,-23.807616435828514,False,False,False,sem sinal (Em Baixa; sem novo topo (-1.1%))
ASAI3,BOVA11+SMALL11,BOVA11,Bens de primeira necessidade,51.87,53.97,40.0,,,0.0,,71.19,63.87,24.97,9.79,True,66,Não,5,8,False,,True,,False,False,True,False,True,False,4,10,True,True,True,False,True,False,True,False,False,True,True,3.55,False,11243037696.0,11.79,1.79,1.24,0.83,15.21,29.87,21.18,1.24,2.74,3.72,2.46,1.12,4.25,0.86,9.82,123.2,8.94,6.76,0.41,88.47,11.53,7.01,10.43,19.9,-19.5,-3.2,1.67,0.63,8.399999618530273,0.4994953419538193,0.9265638593243346,9.44020313363241,8.67335469945862,10.366139587901971,0.7358242918155073,8.046346020406684,,,,,4,False,20.8,,,n/d,n/d,,,,False,False,,,Em Baixa,8.829999923706055,-4.869765672606086,-20.88682499492036,False,False,False,sem sinal (Em Baixa; sem novo topo (-4.9%))
SBFG3,SMALL11,SMALL11,Consumo discricionário,51.76,48.54,70.0,,,0.9,,42.6,84.49,27.93,26.57,False,67,Não,3,8,False,,True,,False,True,True,True,True,True,7,10,False,True,False,False,True,False,True,False,False,True,False,0.81,True,1891444736.0,4.52,0.59,6.61,2.69,13.07,10.92,8.98,5.0,3.95,3.49,5.45,1.62,1.0,0.39,12.16,185.0,3.62,4.63,0.8,67.87,32.13,7.96,14.95,3.0,-45.2,-21.9,1.62,0.67,8.199999809265137,1.5758677349655912,2.9232346483611718,24.03761006034581,23.818251576294514,25.70854487267802,6.710898893081709,17.937992553324847,13.41468215105991,,,,6,False,16.3,,,n/d,n/d,,,,False,False,,,Em Baixa,9.649999618530273,-15.025905353206392,-46.3510410837197,False,False,False,sem sinal (Em Baixa; sem novo topo (-15.0%))
HYPE3,BOVA11+SMALL11,BOVA11,Cuidados de saúde,51.31,53.31,40.0,,,0.2,,59.83,42.34,58.03,41.96,True,68,Pivô de alta,3,8,False,,True,,False,False,True,True,True,False,4,10,False,True,False,True,False,False,True,False,True,True,True,0.41,True,14903595008.0,8.53,1.03,4.97,3.87,12.1,12.72,10.74,19.82,7.36,2.16,2.82,1.86,0.52,1.05,33.02,4.6,6.58,6.32,0.5,50.22,49.77,19.85,26.59,6.6,-20.4,-2.1,1.05,0.59,21.170000076293945,5.854056725598201,10.859275225984662,32.88423224043315,33.87809571629486,29.721421937496853,25.318031456095753,19.272710019895822,13.20520650594855,23.591281871735664,25.318031456095753,22.786228310486177,7,True,5.8,7.634521626677149,11.437325397806951,n/d,n/d,,,Pivô de alta,False,False,,,Lateral,21.84000015258789,-3.067765895663488,-21.020899627984736,False,True,False,Pivô de alta
SBSP3,BOVA11,BOVA11,Serviços públicos,51.0,51.18,50.0,,,0.1,,71.49,33.85,40.48,24.48,True,69,Não,7,8,False,,True,,False,False,True,False,False,True,5,10,True,True,True,True,False,True,True,True,True,True,True,0.76,True,83521765376.0,10.41,1.85,2.85,2.57,17.8,17.28,12.72,19.67,7.77,2.25,2.48,1.47,1.14,0.8,26.73,-33.9,9.61,7.77,0.3,59.31,40.69,21.8,35.21,9.0,-32.5,-19.2,1.13,0.71,23.75,4.355873349462977,8.080145063253822,30.229346781940443,25.67105067776809,35.613196936143225,11.809321792009346,24.79799744937814,24.137154684204226,,,,6,False,8.2,,,n/d,n/d,,,,False,False,,,Em Baixa,28.010000228881836,-15.208854673586325,-32.753838081344924,False,False,False,sem sinal (Em Baixa; sem novo topo (-15.2%))
LOGG3,SMALL11,SMALL11,Imobiliário,50.85,49.23,60.0,,,0.8,,51.49,52.0,18.79,93.01,False,70,Não,2,8,False,,True,,True,True,True,True,False,False,6,10,False,False,False,True,False,False,True,False,True,False,False,0.57,True,2040597888.0,5.48,0.58,28.77,13.45,10.63,8.83,3.04,136.74,18.99,121.08,302.7,0.52,0.64,1.96,73.7,-33.1,3.79,0.1,0.28,45.7,53.91,15.57,28.1,49.9,-16.9,-7.1,0.93,0.52,23.34000015258789,22.42103480057748,28.798950004763416,39.07628437679585,62.09946198672523,69.18752127074664,41.79258402164067,18.86266350412054,,40.31978570933854,39.07628437679585,35.16865593911626,7,True,3.7,50.67975882261011,72.74972341792365,n/d,n/d,,,,False,False,,,Em Baixa,25.680269241333008,-9.113101839985383,-18.106788656367723,False,False,False,sem sinal (Em Baixa; sem novo topo (-9.1%))
MDIA3,SMALL11,SMALL11,Bens de primeira necessidade,50.77,54.43,30.0,,,0.0,,38.74,63.47,89.23,32.87,True,71,Não,3,8,False,,True,,False,False,False,True,False,True,3,10,False,False,False,False,True,True,True,False,False,False,True,-0.04,True,5805395968.0,9.03,0.69,5.93,3.22,7.65,8.74,8.32,6.23,4.36,-0.31,-0.53,2.55,0.21,1.67,29.11,-0.9,7.43,3.48,1.38,34.41,65.59,16.82,28.49,2.9,-39.3,-11.1,0.71,0.4,17.299999237060547,3.9833515305316056,6.854692644500104,23.548847094921605,32.87523928127602,16.565714850884337,20.302666726830076,11.648861159747218,21.778578054578553,,,,6,False,8.3,,,n/d,n/d,,,,False,False,,,Em Baixa,17.579999923706055,-1.5927229116078467,-40.182835072926245,False,False,False,sem sinal (Em Baixa; sem novo topo (-1.6%))
GGPS3,SMALL11,SMALL11,Bens Industriais,50.51,50.6,50.0,,,0.7,,61.11,44.82,50.05,18.88,False,72,Rompimento,5,8,False,,True,,False,False,True,False,True,True,5,10,True,True,False,False,True,True,True,False,False,True,True,0.48,True,9103440896.0,9.94,2.02,2.42,2.31,20.36,19.43,11.88,5.1,6.36,1.03,1.22,2.87,1.38,0.66,23.0,207.7,7.2,7.28,0.78,74.55,25.29,11.0,19.55,10.0,-38.1,-7.4,1.12,0.64,12.100000381469727,2.000193691757605,3.710359298210357,16.129276162421917,12.80877999251376,21.07673213346603,9.395602678571429,14.72937672190983,9.88462504651306,,,,6,False,10.5,,,n/d,n/d,,,Rompimento,False,False,,,Em Baixa,11.720000267028809,3.2423217216978273,-38.422388720765035,False,True,False,"Rompimento (vol x1.3, +3.2% do topo, MM50>MM200)"
BRBI11,SMALL11,SMALL11,Produtos financeiros,50.42,53.44,33.333333333333336,20.63,,0.4,,33.25,38.12,100.0,89.51,False,73,Não,4,5,False,,True,,False,False,True,,False,True,3,9,True,True,True,,False,,,True,True,True,True,,True,,8.0,1.58,11.36,11.84,19.7,21.77,1.85,0.0,,,,,,7.66,94.7,-22.4,5.98,0.94,0.23,95.52,4.48,11.74,20.71,3.5,-41.3,-22.1,0.96,0.48,12.149999618530273,10.273028992485168,11.217231731355653,11.84528241696864,16.210409516589163,19.56416083620575,7.409931244513777,5.05437264935486,,10.18636859633081,10.74513036192041,9.670617325728369,4,True,1.6,-20.406439264578545,-16.161572706592352,n/d,n/d,,,,False,False,,,Em Baixa,14.185785293579102,-14.35088458564422,-42.6241356463942,False,False,False,sem sinal (Em Baixa; sem novo topo (-14.4%))
BEEF3,BOVA11+SMALL11,BOVA11,Bens de primeira necessidade,50.36,53.95,30.0,,,0.0,,67.63,57.36,28.4,34.97,True,74,Não,5,8,False,,False,,False,False,True,False,False,True,3,10,True,True,True,False,False,True,True,False,False,True,True,9.15,False,3954660352.0,8.7,2.53,4.9,3.4,29.04,144.02,16.55,0.8,3.82,2.98,2.52,1.43,13.46,0.58,29.59,-57.5,4.83,5.34,0.65,95.87,2.86,3.04,7.18,31.3,-44.4,5.5,0.87,0.35,3.990000009536743,0.9693269154340013,1.7981014281300722,6.076724152455384,4.034077793072167,8.43914677691117,3.760485277130923,5.549310358091334,12.329163493376157,,,,5,False,12.7,,,n/d,n/d,,,,False,False,,,Lateral,3.819999933242798,4.450263855099923,-45.45317723920104,False,False,False,sem sinal (Lateral)
CSMG3,BOVA11+SMALL11,BOVA11,Serviços públicos,50.04,48.28,60.0,,,0.1,,64.4,15.6,34.35,85.31,True,75,Não,5,8,False,,True,,False,False,True,False,False,True,6,10,True,True,True,False,False,True,True,False,True,True,True,0.9,True,20665389056.0,16.03,2.34,4.01,10.18,14.6,15.68,11.59,14.88,8.8,2.77,3.34,1.22,1.06,,163.21,-21.2,11.3,6.35,0.28,51.64,48.36,24.75,67.45,120.2,-19.2,-5.8,0.91,0.48,54.5,39.636031054730445,57.71006121568753,35.35870243293824,42.20977833411036,,33.8014680094549,9.082523839230015,46.00869250560613,42.4541222587546,40.9229046944204,36.83061422497836,6,True,6.4,-32.42089133031493,-22.102527965587882,n/d,n/d,,,,False,False,,,Em Baixa,64.25,-15.175097276264593,-19.640223761075525,False,False,False,sem sinal (Em Baixa; sem novo topo (-15.2%))
EGIE3,BOVA11+Wishlist,BOVA11,Serviços públicos,49.89,51.63,40.0,,,0.1,,78.53,24.15,19.82,62.94,True,76,Não,7,8,False,,True,,False,False,True,False,True,False,4,10,True,True,True,True,True,False,True,True,True,True,True,1.43,True,39134621696.0,9.88,2.61,1.68,6.54,26.37,32.12,11.59,28.94,8.52,3.56,4.3,1.09,2.06,1.06,64.6,270.0,10.54,6.68,0.19,74.84,23.06,26.61,37.14,3.8,-25.6,-13.6,0.9,0.61,27.6299991607666,12.904469715741394,23.93779132270029,37.05440170851796,25.809132356944048,44.39021533194765,42.45397718712947,23.879367997789096,23.950708801054628,29.297508052728066,24.87992057899934,22.391928521099405,8,True,3.4,-18.95791096188316,6.035139133588019,2026-08-05,2026-08-21,última,"A Engie Brasil (EGIE3) apresenta uma sólida eficiência operacional no setor de serviços públicos, com um ROE de 26,4% e um ROIC de 11,6% que se posicionam acima dos pares setoriais, sugerindo uma forte capacidade de geração de valor sobre o capital empregado. Essa alta qualidade de rentabilidade convive com múltiplos de preço que mostram sinais mistos, pois o P/L de 9,88 indica um valuation razoável, enquanto o P/VP de 2,61 reflete um prêmio em relação ao valor patrimonial, o que é corroborado pelo score de valor de apenas 24,0. No âmbito financeiro, a excelente rentabilidade é acompanhada por um endividamento elevado, visto que a relação Dívida Líquida/EBITDA de 3,56 está ligeiramente acima da média do setor de 3,4, exigindo atenção quanto à liquidez corrente de 1,09. Esse passivo mais pressionado e o reinvestimento no negócio ajudam a explicar o atual dividend yield de 1,68%, que se mostra temporariamente baixo e desalinhado com o histórico da companhia, sugerindo que o payout e a geração de lucro estão sendo direcionados para suportar a estrutura de capital e o forte crescimento. O avanço operacional é um dos grandes destaques da empresa, evidenciado por um impressionante CAGR de receita de cinco anos de 270,0%, patamar muito acima da média setorial de 37,6%, o que permitiu à companhia atender a 7 dos 8 critérios do checklist de qualidade e segurança. Sob a ótica do valuation, as estimativas de preço-teto revelam uma dispersão acentuada entre os métodos, variando desde os conservadores R$ 12,90 por Bazin até os otimistas R$ 44,39 por Lynch, resultando em uma média de R$ 29,30 e uma mediana de R$ 24,88. Quando ponderado pelo preço-teto ajustado com margem de segurança, fixado em R$ 22,39, o papel apresenta um upside negativo de 19,0% frente à cotação atual de R$ 27,63, indicando que o preço de tela atual não oferece margem de proteção. Em suma, os principais prós do investimento concentram-se no crescimento vigoroso da receita, nas margens robustas e no cumprimento quase integral dos critérios de qualidade, ao passo que os contras residem no endividamento acima da média setorial, no rendimento de dividendos momentaneamente tímido e na ausência de desconto em relação ao preço-teto ajustado.",,True,False,,,Em Baixa,29.540605545043945,-6.4677292459832,-27.400555429279617,False,False,False,sem sinal (Em Baixa; sem novo topo (-6.5%))
MOTV3,BOVA11,BOVA11,Bens Industriais,49.67,53.14,30.0,,,0.7,,73.08,53.54,25.25,18.18,False,77,Não,6,8,False,,True,,False,False,True,False,True,False,3,10,True,True,False,True,True,False,True,True,True,True,False,1.9,False,29144119296.0,7.55,1.65,1.43,2.26,21.85,19.92,11.72,19.27,6.53,3.69,4.41,1.77,2.45,0.5,17.06,58.4,9.61,6.62,0.44,77.07,22.24,12.73,17.55,13.9,-17.4,-3.0,1.3,0.78,14.5,2.339767812185323,4.340269291603774,25.447019867549663,19.486947421475357,33.14658932060855,10.38593205872702,23.23841059602649,8.64881906530882,,,,6,False,14.2,,,n/d,n/d,,,,False,False,,,Em Baixa,14.970000267028809,-3.139614286206638,-18.296156183714597,False,False,False,sem sinal (Em Baixa; sem novo topo (-3.1%))
CPLE3,BOVA11,BOVA11,Serviços públicos,49.65,44.3,80.0,,,0.1,,47.89,31.24,35.52,78.32,True,78,Não,5,8,False,,True,,False,False,True,True,True,True,8,10,False,True,True,False,True,True,True,False,True,False,True,0.9,True,42019987456.0,13.47,1.75,7.51,9.16,12.99,9.34,9.82,11.41,8.88,2.97,4.24,1.3,0.98,0.27,123.34,50.0,12.7,5.45,0.3,61.78,38.29,10.16,16.67,39.3,-15.1,-5.9,1.13,0.76,14.149999618530273,9.254465018198067,17.167032608757413,13.91889346291953,13.824354596989199,31.51447576510083,8.56043112128839,12.710838558590668,11.707420994176376,14.83223901575256,13.267596577789934,11.940836920010941,8,True,3.7,-15.61245765424828,4.8214799690089905,n/d,n/d,,,,False,False,,,Em Baixa,14.930000305175781,-5.2243849343734166,-16.132232240258194,False,False,False,sem sinal (Em Baixa; sem novo topo (-5.2%))
ANIM3,SMALL11,SMALL11,Consumo discricionário,48.99,50.58,40.0,,,0.9,,45.58,74.77,26.45,60.84,False,79,Não,3,8,False,,False,,False,False,False,False,True,False,4,10,True,False,True,False,False,False,True,False,False,False,False,2.04,False,895528640.0,6.22,0.4,3.28,6.43,6.36,-2.07,14.6,3.71,3.09,3.71,3.56,1.49,1.61,1.63,40.01,4.4,3.16,6.53,0.35,72.15,22.61,1.93,5.17,22.8,-54.2,-23.4,2.11,0.53,2.369999885559082,1.088826616567652,1.5538667828277244,3.884051312440199,7.127125333008402,3.904587864869078,1.3457442072761652,1.9317418228094714,,2.284803101131715,1.7428043028185978,1.568523872536738,6,True,6.5,-33.81755492504068,-3.5948012042738564,n/d,n/d,,,,False,False,,,Lateral,2.259999990463257,4.867252015929324,-55.185648896458986,False,False,False,sem sinal (Lateral)
ALOS3,BOVA11+SMALL11,BOVA11,Imobiliário,48.56,43.01,80.0,,,0.8,,50.18,39.32,24.3,57.34,False,80,Não,3,8,False,,True,,False,True,False,True,True,True,8,10,False,False,False,True,True,False,True,False,True,False,False,0.56,True,13043680256.0,14.07,1.02,10.88,6.1,7.27,9.51,6.39,31.4,4.82,3.4,7.45,0.72,0.56,13.6,85.77,60.8,13.43,3.66,0.27,46.56,50.55,20.35,32.44,28.2,-19.6,-6.6,1.2,0.81,26.079999923706055,11.356204061362646,12.38898582518926,14.44401799763676,32.65515204766366,13.216954461883127,24.893970801786125,6.156859023450347,62.1435885674925,,,,7,False,10.1,,,n/d,n/d,,,,False,False,,,Em Baixa,27.56999969482422,-5.404424329383961,-20.473330803466027,False,False,False,sem sinal (Em Baixa; sem novo topo (-5.4%))
GOAU4,BOVA11+SMALL11,BOVA11,Materiais,48.49,51.75,30.0,,,1.0,,30.98,73.88,59.96,73.43,False,81,Não,4,8,False,,True,,False,False,False,True,True,False,3,10,False,False,True,False,True,True,True,False,False,True,True,0.5,True,13028476928.0,16.4,0.68,2.77,8.58,4.13,12.06,10.0,1.14,1.97,0.99,1.38,2.88,0.28,0.22,140.75,73.2,4.85,5.06,1.04,34.12,23.4,6.41,11.41,53.7,-13.7,-0.8,0.9,0.56,9.850000381469727,6.038291445549736,11.20103063149476,7.958079576492308,13.991076331702201,18.018293380737305,6.1112762116739185,7.267378330230714,39.30366688938892,10.083632272554421,7.958079576492308,7.162271618843077,7,True,6.5,-27.28658536585368,2.3718972795596427,n/d,n/d,,,,False,False,,,Em Baixa,11.407694816589355,-13.654769523237864,-13.878857470784123,False,False,False,sem sinal (Em Baixa; sem novo topo (-13.7%))
ECOR3,SMALL11,SMALL11,Bens Industriais,48.4,44.59,70.0,,,0.7,,49.58,57.39,28.11,23.08,False,82,Não,1,8,False,,True,,False,True,True,False,False,True,7,10,False,False,False,False,False,False,True,False,False,True,False,5.91,False,4653706240.0,8.53,1.13,4.52,2.52,13.28,19.86,11.52,4.59,5.12,4.62,5.62,2.52,6.64,0.82,21.48,-89.7,8.06,6.86,0.19,88.21,11.06,5.87,11.74,14.0,-43.0,-12.6,1.85,0.74,6.690000057220459,1.2035124859412192,2.2325156614209614,10.39185237493213,10.221241349662568,10.153094951092923,1.8754005557267062,7.235514849111758,10.261770382205158,,,,5,False,8.6,,,n/d,n/d,,,,False,False,,,Em Baixa,7.239999771118164,-7.596681371341562,-43.935345037094166,False,False,False,sem sinal (Em Baixa; sem novo topo (-7.6%))
SMTO3,SMALL11,SMALL11,Bens de primeira necessidade,46.67,51.38,20.0,,,0.0,,45.53,72.0,46.65,35.66,True,83,Fundo duplo,3,8,False,,True,,False,False,True,False,False,False,2,10,False,True,False,False,False,True,True,False,True,True,True,0.99,True,5942256128.0,7.54,0.83,1.18,3.4,11.0,14.59,6.36,11.43,3.78,2.38,5.23,3.16,1.65,0.92,25.65,-39.3,9.54,3.45,0.45,68.55,31.45,12.82,21.12,43.6,-12.8,12.9,0.61,0.25,18.40999984741211,4.472894330354983,8.297218982808493,32.35179018278652,34.907626847573816,28.274941530524277,11.133920304009067,19.075145256032837,41.8667053195644,,,,6,False,9.4,,,n/d,n/d,,,Fundo duplo,False,False,,,Lateral,17.799999237060547,3.426969867962182,-13.960555607673331,False,True,False,Fundo duplo — rompeu pescoço ~R$16.37 (candidato)
IRBR3,SMALL11+Carteira,SMALL11,Insurance,46.61,49.79,28.571428571428573,,2.87,0.3,,18.25,74.83,100.0,28.67,False,84,Não,1,6,False,,False,,False,,False,,False,False,2,7,False,False,False,,False,,True,False,True,False,True,,True,4058439936.0,-27.82,0.77,3.15,2.94,-2.76,2.79,0.0,4.89,,,,,,,,-23.0,5.75,2.3,,66.23,33.77,44.53,62.39,12.3,-19.9,-6.0,1.1,0.61,50.0,10.491470704941849,15.275581346395333,,,,26.3277,,,17.364917350445726,15.275581346395333,13.7480232117558,3,True,2.5,-72.5039535764884,-65.27016529910854,2026-11-12,2026-07-01,última,"A análise fundamentalista do IRB Brasil (IRBR3) revela uma companhia em momento de profunda reestruturação, onde a desconexão entre qualidade e preço reflete o ceticismo do mercado. O retorno sobre o patrimônio líquido (ROE) negativo de -2,8% e o retorno sobre o capital investido (ROIC) nulo de 0,0% situam-se drasticamente abaixo das médias setoriais de 34,3% e 19,5%, respectivamente, justificando por que múltiplos aparentemente baratos, como o preço sobre valor patrimonial (P/VP) de 0,77, convivem com um preço sobre lucro (P/L) negativo de -27,82. Essa fragilidade operacional é corroborada por uma margem líquida de apenas 4,89% e por uma severa contração na receita, cujo indicador de crescimento composto anual (CAGR) de cinco anos recuou 23,0%, desempenho muito inferior à média de retração de 2,5% observada entre seus pares de setor. No âmbito dos proventos, o rendimento de dividendos (DY) de 3,15% mostra-se desalinhado com a sustentabilidade financeira de longo prazo, uma vez que a distribuição ocorre em um cenário de prejuízo e rentabilidade deprimida, limitando a perenidade desses pagamentos. O rigoroso checklist de critérios fundamentalistas reforça esse diagnóstico ao aprovar apenas um dos seis requisitos avaliados, falhando em demonstrar rentabilidade superior à taxa Selic ou aos concorrentes, além de registrar vendas recentes por parte de agentes internos. Sob a ótica de avaliação por preço-teto, os métodos clássicos apontam para uma expressiva dispersão e um severo prêmio no preço atual de R$ 50,00, dado que a fórmula de Bazin sugere um limite de R$ 10,49 e o modelo de Gordon estabelece R$ 15,28, resultando em uma média de R$ 17,36 e uma mediana de R$ 15,28. Quando ponderado o preço-teto ajustado com margem de segurança de R$ 13,75, o papel apresenta um expressivo potencial de desvalorização de -72,5% frente à cotação de tela, evidenciando que o valor de mercado atual descolou-se dos fundamentos intrínsecos calculados. Em suma, o ativo apresenta como pontos positivos uma robusta nota de segurança de 100 pontos e um valor de mercado consolidado acima de R$ 4 bilhões, mas carrega como graves desvantagens a tendência gráfica de baixa, a destruição histórica de receita, a rentabilidade deficitária e um valuation severamente esticado perante os modelos matemáticos de desconto.",,False,True,57.62,-13.22,Em Baixa,56.060001373291016,-10.809848777810082,-22.74885751385246,False,False,False,sem sinal (Em Baixa; sem novo topo (-10.8%))
GGBR4,BOVA11,BOVA11,Materiais,46.37,49.26,30.0,,,1.0,,34.56,60.78,59.69,65.73,False,85,Não,4,8,False,,True,,False,False,False,True,True,False,3,10,False,False,True,False,True,True,True,False,False,True,True,0.18,True,43461099520.0,19.58,0.82,2.56,7.06,4.18,12.63,10.03,3.22,4.83,0.97,1.36,2.87,0.28,0.27,138.16,73.5,7.78,5.03,1.04,34.14,65.6,15.39,26.05,44.0,-15.0,-2.1,0.83,0.52,22.149999618530273,11.163750263170074,20.708756738180487,14.989146830721456,26.22114862763982,33.93769093748255,11.887333533584622,13.688202011451295,22.638110853315034,19.404267474443166,17.84895178445097,16.064056606005874,8,True,3.0,-27.47604116179313,-12.39608212810116,n/d,n/d,,,,False,False,,,Em Baixa,26.04621124267578,-14.95884214346579,-15.376975317890839,False,False,False,sem sinal (Em Baixa; sem novo topo (-15.0%))
PRIO3,BOVA11,BOVA11,Energia,45.91,44.21,55.55555555555556,,,0.9,,60.75,37.16,34.76,6.29,False,86,Rompimento,3,8,False,,True,,False,,True,True,True,False,5,9,False,False,False,True,True,False,True,False,True,True,True,0.77,True,50122149888.0,14.17,1.94,0.0,0.18,13.71,30.11,10.92,18.11,5.93,1.73,2.21,1.34,0.9,1.06,2.51,189.4,6.9,6.59,0.25,59.83,40.17,34.2,72.1,83.8,-12.8,2.5,0.1,0.05,62.849998474121094,0.7966232811188878,1.4777361864755367,58.76940577149643,56.860508657709524,60.067729447534795,2.107219586101381,49.111057293517895,22.640869741106666,,,,5,False,75.4,,,n/d,n/d,,,Rompimento,False,False,,,Em Alta,62.040000915527344,1.3056053298526438,-13.880521261787637,False,True,False,"Rompimento (vol x0.8, +1.3% do topo, MM50>MM200)"
SAUD3,SMALL11,SMALL11,Cuidados de saúde,45.74,43.22,60.0,,,0.2,,49.83,7.87,66.16,55.94,True,87,Não,3,8,False,,True,,False,False,False,True,False,True,6,10,False,False,False,False,False,True,True,True,True,True,True,-0.69,True,40694669312.0,38.62,2.18,0.96,6.04,5.63,39.67,4.59,9.86,20.98,-7.41,-18.52,1.06,0.01,,233.41,-19.6,9.24,5.03,0.66,34.2,65.77,10.45,16.09,33.2,-13.5,-2.5,0.77,0.38,13.920000076293945,6.009189131720234,8.749379375784661,3.7485241013323938,7.196082193205712,,14.516166036785778,0.9628763831719198,6.282877632929078,,,,6,False,15.1,,,n/d,n/d,,,,False,False,,,Em Baixa,16.09000015258789,-13.486638009415596,-15.530619374611254,False,False,False,sem sinal (Em Baixa; sem novo topo (-13.5%))
MOVI3,SMALL11,SMALL11,Bens Industriais,45.1,47.77,30.0,,,0.7,,48.26,71.97,12.67,55.24,False,88,Não,4,8,False,,False,,False,False,True,False,True,False,3,10,False,False,True,False,True,False,True,True,False,False,False,5.54,False,2855378432.0,6.62,0.73,9.14,5.82,11.08,3.58,13.78,2.89,3.57,3.65,3.71,0.68,6.43,0.97,38.56,97.0,3.22,6.78,0.22,91.5,8.5,6.1,14.83,16.8,-52.0,-27.9,2.37,0.66,7.119999885559082,2.96233252676504,5.495126837149149,14.250755057954354,15.363169458708008,13.58643916615959,14.991491101046382,7.475401688457595,,11.860397218245845,13.918597112056972,12.526737400851275,6,True,5.2,75.93732587353321,66.57861529325761,n/d,n/d,,,,False,False,,,Em Baixa,7.960000038146973,-10.55276568545641,-52.43821136569535,False,False,False,sem sinal (Em Baixa; sem novo topo (-10.6%))
QUAL3,SMALL11,SMALL11,Cuidados de saúde,44.99,50.97,11.11111111111111,,,0.2,,52.26,72.86,39.88,12.59,True,89,Não,3,7,False,,False,,False,False,False,True,,False,1,9,True,False,True,False,,False,False,True,False,False,True,0.61,True,455423104.0,17.53,0.34,0.56,1.25,1.96,0.44,22.61,1.09,1.48,2.0,1.24,0.92,0.89,11.45,21.88,,3.29,4.68,0.47,66.78,32.76,1.39,2.71,15.8,-40.5,-7.7,1.96,0.57,1.6100000143051147,0.14351690420125843,0.16360870252893497,0.74785821915619,3.1281438945097286,0.25524740911156957,1.0830178600120792,0.33374706322469,,,,,5,False,21.8,,,n/d,n/d,,,,False,False,,,Lateral,1.7200000286102295,-6.395349562522712,-42.618247849865284,False,False,False,sem sinal (Lateral)
BBAS3,BOVA11+Carteira,BOVA11,Produtos financeiros,44.91,50.63,12.5,14.56,,0.4,,39.28,62.33,50.86,72.03,False,90,Não,2,6,False,,True,,False,False,False,,False,False,1,8,False,False,False,,False,,True,True,True,True,True,,True,105214533632.0,7.29,0.58,2.98,8.35,7.99,14.73,0.0,21.83,,,,,,2.33,60.84,-13.8,4.01,0.79,,92.12,7.71,17.8,27.31,3.5,-32.5,-11.6,1.22,0.74,18.43000030517578,10.986052498150089,14.590979655368635,23.983499930080196,42.51467275133047,29.008729715686695,15.832088114256115,11.72612553754866,,16.348155049463756,15.211533884812376,13.690380496331139,4,True,2.2,-25.716873197845757,-11.29595887813074,2026-11-11,2026-09-02,próxima,"A análise fundamentalista do Banco do Brasil (BBAS3) revela uma interessante assimetria entre preço e qualidade, uma vez que o papel é negociado a múltiplos de valuation bastante descontados, com um P/L de 7,29 e um P/VP de 0,58, enquanto seus indicadores de rentabilidade, como o ROE de 8,0% e o ROIC de 0,0%, situam-se abaixo das médias do setor de produtos financeiros, que são de 15,9% e 0,2%, respectivamente. Essa combinação sugere que, embora o mercado precifique a ação com desconto, a eficiência operacional e o retorno sobre o capital investido estão aquém dos seus pares, o que é corroborado por uma margem líquida de 21,83% que convive com um encolhimento na receita, evidenciado pelo CAGR de cinco anos negativo em -13,8%, bem abaixo do crescimento setorial médio de 4,2%. No que tange aos proventos, o dividend yield atual de 2,98% mostra-se tímido e reflete uma geração de caixa que, embora sustentável frente à ausência de alavancagem financeira crítica mensurada no setor, ainda não se traduz em retornos robustos ao acionista no curto prazo. Essa fragilidade operacional é ratificada pelo checklist de critérios de investimento, no qual o ativo atendeu a apenas 2 dos 6 requisitos avaliados, falhando em superar a taxa Selic e a média setorial em rentabilidade e crescimento, destacando-se positivamente apenas pelo seu elevado valor de mercado de R$ 105,21 bilhões e pela ausência de venda de ações por insiders. Sob a ótica do valuation, as metodologias de preço-teto apresentam uma dispersão acentuada, variando desde os conservadores R$ 10,99 pelo método de Bazin e R$ 14,59 por Gordon, até os otimistas R$ 42,51 por Graham e R$ 23,98 por fluxo de caixa descontado. Essa disparidade resulta em uma média de preço-teto de R$ 16,35 e uma mediana de R$ 15,21, as quais, quando ajustadas pela margem de segurança, estabelecem um teto de referência de R$ 13,69, indicando que o preço atual de R$ 18,43 carrega um upside negativo de -25,7% em relação a essa métrica de segurança. Em termos de tendência de mercado, o papel se encontra graficamente em baixa, o que exige cautela analítica antes da divulgação do próximo resultado em novembro de 2026 e da data ex-dividendo em setembro do mesmo ano. Como balanço final, os prós de BBAS3 concentram-se em seu robusto valor de mercado, no forte desconto patrimonial e na sólida margem líquida, ao passo que os contras residem na rentabilidade e no crescimento historicamente abaixo da média do setor, no dividend yield modesto e no preço atual negociado acima do preço-teto ajustado recomendado pelas métricas de segurança.",,False,True,22.29,-17.32,Em Baixa,21.350000381469727,-13.67681510126949,-33.08519279305844,False,False,False,sem sinal (Em Baixa; sem novo topo (-13.7%))
SYNE3,SMALL11,SMALL11,Imobiliário,44.83,45.68,40.0,,,0.8,DY5a=128.6%>=20,44.14,57.57,34.28,,False,91,Não,2,8,False,,False,,False,False,False,True,False,False,4,10,False,False,False,True,False,False,False,True,True,True,False,0.72,True,552572864.0,10.15,0.79,71.3,128.58,7.8,14.02,6.47,16.16,4.64,3.1,6.71,1.45,0.5,1.3,1305.08,-67.2,12.07,3.08,0.36,40.97,29.56,3.49,5.11,3.7,-29.2,-8.0,1.0,0.45,3.619999885559082,33.24704450958069,61.673267565272184,4.72561561415348,6.063917011731763,10.699507050913542,6.468000000000001,2.701370780187791,8.660140190647773,,,,5,False,22.8,,,n/d,n/d,,,,False,False,,,Em Baixa,4.090000152587891,-11.49144864289119,-30.57872826418464,False,False,False,sem sinal (Em Baixa; sem novo topo (-11.5%))
VALE3,BOVA11,BOVA11,Materiais,44.57,48.91,20.0,,,1.0,,49.63,36.9,43.42,86.71,False,92,Rompimento,4,8,False,,True,,False,False,False,True,False,False,2,10,True,False,True,False,False,True,True,False,False,True,True,0.41,True,319309873152.0,32.12,1.69,7.48,10.47,5.27,24.52,18.11,4.76,4.44,1.04,0.8,1.19,0.55,,336.19,-43.5,9.02,7.92,0.39,60.3,38.73,48.99,87.63,53.2,-14.4,-3.1,0.82,0.56,75.02999877929688,56.09450001715013,81.6735920249706,24.29364842169015,48.3053327219788,,43.333333333333336,6.240264086340739,85.50172365505388,,,,6,False,13.7,,,n/d,n/d,,,Rompimento,False,False,,,Lateral,74.56759643554688,0.6201116381023164,-15.809452982042282,False,True,False,"Rompimento (vol x1.5, +0.6% do topo, MM50>MM200)"
RANI3,SMALL11,SMALL11,Materiais,44.26,48.54,20.0,,,1.0,,49.36,45.21,36.67,76.92,False,93,Não,3,8,False,,True,,False,False,False,False,False,False,2,10,False,True,True,False,False,False,True,False,False,True,True,0.78,True,1778323840.0,13.78,1.24,5.2,9.01,9.03,25.63,11.69,7.65,5.0,2.42,2.89,2.1,1.38,,124.16,-70.2,5.45,4.4,0.56,63.24,36.76,7.02,9.51,10.2,-18.6,-4.1,0.66,0.47,7.739999771118164,4.981494655050438,7.253056217753439,5.841509261221256,8.881713410589771,,4.91387477971708,1.5004975712202955,7.485306000698566,6.559492387505092,6.547282739487347,5.892554465538613,6,True,5.9,-23.86880310350008,-15.252033831036272,n/d,n/d,,,,False,False,,,Em Baixa,8.384929656982422,-7.691536032472291,-20.234119215969127,False,False,False,sem sinal (Em Baixa; sem novo topo (-7.7%))
RENT3,BOVA11+Wishlist,BOVA11,Bens Industriais,44.19,43.17,50.0,,,0.7,,54.07,45.81,18.41,37.06,False,94,Não,1,8,False,,True,,False,False,True,False,True,True,5,10,False,False,False,False,False,False,True,False,False,False,False,1.37,True,37468536832.0,11.14,1.41,6.04,3.46,12.63,7.58,12.27,7.39,4.93,4.1,4.68,1.14,1.71,1.44,38.58,24.5,7.36,6.27,0.33,70.15,29.84,31.14,51.57,8.9,-34.2,-18.8,1.78,0.79,33.91999816894531,8.391158583887531,15.56559917311137,40.344701592327226,40.59709214923609,34.16506910545343,50.12681065305927,22.980810775387425,52.55911136579431,36.6198849734813,40.344701592327226,36.31023143309451,7,True,6.3,7.046678635547576,7.959572377005042,2026-11-05,2026-06-29,última,"A Localiza (RENT3) apresenta um perfil financeiro desafiador no setor de bens industriais, onde sua rentabilidade medida pelo ROE de 12,6% e pelo ROIC de 12,3% situa-se ligeiramente abaixo da média dos seus pares, que registram 14,5% e 12,6%, respectivamente. Essa qualidade operacional mais modesta convive com múltiplos de preço que parecem descontados, como o P/L de 11,14 e o P/VP de 1,41, sugerindo que o mercado já precifica parte dessa compressão de retorno. No entanto, a relação entre rentabilidade e endividamento exige cautela, uma vez que a alavancagem financeira medida pela relação Dívida Líquida/EBITDA está em 4,1 vezes, patamar significativamente acima da média setorial de 2,38 vezes. Quanto aos proventos, o dividend yield de 6,04% mostra-se atraente, mas sua sustentabilidade futura pode ser pressionada pela combinação de uma margem líquida de 7,39% e o elevado endividamento, que consome parte relevante do fluxo de caixa para o serviço da dívida. No quesito crescimento, o CAGR de receita nos últimos cinco anos atingiu expressivos 24,5%, embora ainda fique abaixo da média de 27,1% observada no restante do setor. Essa perda de tração frente aos concorrentes e a estrutura de capital pesada refletem-se no checklist de critérios fundamentalistas, no qual a companhia atendeu a apenas um dos oito requisitos avaliados, penalizada principalmente por não superar a taxa Selic e por violar os limites saudáveis de endividamento. Sob a ótica do valuation, a análise dos preços-teto revela uma enorme dispersão entre as metodologias, variando desde os conservadores R$ 8,39 pelo método de Bazin e R$ 15,57 por Gordon, até os mais otimistas R$ 40,34 pelo fluxo de caixa descontado e R$ 40,60 por Graham. Tomando como referência a média de R$ 36,62 e o preço-teto ajustado com margem de segurança de R$ 36,31, o papel apresenta um potencial de valorização de 7,0% em relação à cotação atual de R$ 33,92, o que indica uma margem de segurança estreita diante dos riscos. Em suma, o investimento em RENT3 coloca em balanço, como prós, a forte escala de mercado traduzida em um robusto faturamento histórico e múltiplos de avaliação relativamente baixos, contrapondo-se, como contras, a uma tendência gráfica de baixa, rentabilidade abaixo dos pares e um endividamento elevado que limita a flexibilidade financeira da empresa.",,True,False,,,Em Baixa,39.20000076293945,-13.469394110282707,-35.62053711759998,False,False,False,sem sinal (Em Baixa; sem novo topo (-13.5%))
RADL3,BOVA11,BOVA11,Bens de primeira necessidade,44.11,43.07,50.0,,,0.0,,63.07,19.43,41.83,14.69,True,95,Não,6,8,False,,True,,False,False,True,False,True,True,5,10,True,True,True,False,True,True,True,False,False,True,True,1.09,True,32225521664.0,24.06,4.43,2.39,1.44,18.41,18.18,16.71,2.88,6.92,2.06,1.72,1.41,1.18,2.0,34.75,14.4,15.79,7.8,0.84,70.85,29.09,16.14,26.71,14.2,-31.0,-4.3,1.21,0.57,18.43000030517578,1.9013931679996894,3.527084326639424,10.149522196324982,8.46772853950336,10.30782015363059,7.564753330436888,7.83008110261225,13.313457321076212,8.737206710031959,8.46772853950336,7.6209556855530245,7,True,7.0,-58.64918307455048,-52.592476585156376,n/d,n/d,,,,False,False,,,Em Baixa,20.549999237060547,-10.316296888524889,-32.06074652285449,False,False,False,sem sinal (Em Baixa; sem novo topo (-10.3%))
FESA4,SMALL11,SMALL11,Materiais,43.63,47.8,20.0,,,1.0,,28.67,53.59,72.18,70.63,False,96,Não,2,8,False,,True,,False,False,False,True,False,False,2,10,False,False,False,False,False,True,True,False,False,True,True,-0.12,True,1704504064.0,12.04,0.54,13.96,8.28,4.49,15.62,3.69,6.78,3.33,-3.62,-9.04,3.61,0.12,836.37,99.68,-76.0,3.59,-1.74,1.53,26.31,73.65,4.8,8.69,4.8,-42.1,-22.7,1.13,0.56,5.03000020980835,2.9745332588993225,2.97802364107065,2.987602350325941,9.357269522030355,3.4647737229102056,5.226192997959058,1.1198339810169542,6.1778101886163,,,,6,False,8.4,,,n/d,n/d,,,,False,False,,,Em Baixa,6.159999847412109,-18.34415041549857,-43.48314128760611,False,False,False,sem sinal (Em Baixa; sem novo topo (-18.3%))
USIM5,BOVA11+SMALL11,BOVA11,Materiais,42.95,47.0,20.0,,,1.0,P/L=-3.54<2,10.34,89.08,71.01,58.74,False,97,Não,4,8,False,,False,,False,False,False,True,True,False,2,10,False,False,False,False,True,True,True,True,False,False,True,-0.02,True,8062674944.0,-3.54,0.4,0.0,6.26,-11.18,-0.65,4.67,-9.36,3.26,-0.18,-0.44,4.44,0.27,,,301.7,5.73,1.64,1.4,33.58,58.33,3.97,12.04,65.0,-45.6,-22.5,0.93,0.35,6.550000190734863,2.928359221796963,5.432106356433366,,,,,,9.705704701814605,6.022056760014979,5.432106356433366,4.888895720790029,3,True,3.3,-25.36037284845437,-8.06020481444677,n/d,n/d,,,,False,False,,,Em Baixa,7.559999942779541,-13.35978518107418,-46.22331669440517,False,False,False,sem sinal (Em Baixa; sem novo topo (-13.4%))
FRAS3,SMALL11,SMALL11,Consumo discricionário,42.77,41.49,50.0,,,0.9,,54.54,15.94,49.1,31.47,False,98,Rompimento,5,8,False,,True,,False,False,True,False,True,True,5,10,True,False,True,False,True,True,True,False,False,True,True,0.48,True,6461907456.0,22.3,2.59,2.65,3.07,11.62,14.99,15.27,5.39,7.52,1.25,1.15,2.41,1.01,6.07,68.39,141.0,14.37,6.9,0.72,65.64,34.06,18.96,25.01,22.9,-6.8,9.6,0.82,0.53,23.299999237060547,5.103749844171569,7.173562613971081,10.489831733728666,14.542693540747104,7.042443473369203,8.428083066962218,5.203866424977897,11.105959652291679,8.636273793777427,7.800822840466649,7.020740556419985,8,True,2.8,-69.86806529481373,-62.934446023325485,n/d,n/d,,,Rompimento,False,False,,,Em Alta,22.729999542236328,2.507697784001528,-7.258323964055569,False,True,False,"Rompimento (vol x0.8, +2.5% do topo, MM50>MM200)"
SLCE3,BOVA11+SMALL11,BOVA11,Bens de primeira necessidade,42.58,46.56,20.0,,,0.0,,52.89,35.33,37.13,65.03,True,99,Não,2,8,False,,True,,False,False,False,False,True,False,2,10,False,False,False,False,True,False,True,False,False,True,True,1.91,True,7881699328.0,20.41,1.46,5.07,7.05,7.16,17.38,10.84,4.41,6.5,4.42,5.7,2.2,1.82,0.84,143.88,24.2,11.28,6.41,0.63,73.5,23.57,12.62,19.32,25.9,-17.8,3.9,0.5,0.36,15.890000343322754,8.001188570283183,14.842204797875306,10.315654314014035,13.807569420084569,23.356198446824234,9.032508696563744,9.42033337355244,8.797113764315322,12.196596422939104,9.867993843783237,8.881194459404913,8,True,2.9,-44.10828025477708,-23.243573571952002,n/d,n/d,,,,False,False,,,Lateral,15.149999618530273,4.884493355942854,-18.429154431599326,False,False,False,sem sinal (Lateral)
ENGI11,BOVA11,BOVA11,Serviços públicos,42.21,42.6,40.0,,,0.1,,50.94,39.18,23.57,51.75,True,100,Não,3,8,False,,True,,False,False,False,False,True,True,4,10,False,False,True,False,False,False,True,True,False,True,True,2.32,True,13709227008.0,14.86,1.16,2.54,5.38,7.78,17.19,10.25,4.13,5.69,4.32,5.9,1.56,1.99,9.53,79.96,7.9,18.56,4.83,0.34,74.62,23.0,41.02,57.51,9.1,-22.2,-9.0,1.31,0.86,44.7599983215332,17.202701122493714,19.660884844694483,24.589496263532606,51.1379037367685,20.90417747011473,23.358659534068952,10.999080168939047,115.61801123318567,,,,7,False,10.5,,,n/d,n/d,,,,False,False,,,Em Baixa,49.778621673583984,-10.08188492031714,-23.61892407661316,False,False,False,sem sinal (Em Baixa; sem novo topo (-10.1%))
SUZB3,BOVA11,BOVA11,Materiais,42.06,47.72,10.0,,,1.0,,52.63,59.99,29.8,30.77,False,101,Rompimento,5,8,False,,False,,False,False,True,False,False,False,1,10,True,True,False,True,False,False,True,True,True,True,False,1.68,False,55383285760.0,6.96,1.14,0.01,3.06,16.44,27.73,5.54,17.08,6.29,3.68,9.21,3.38,1.99,0.54,21.32,-64.0,6.17,3.15,0.57,73.83,26.09,39.68,58.97,13.3,-23.7,4.1,0.43,0.27,44.970001220703125,9.8389050452268,18.251168858895713,85.61099370320636,75.72810912354937,103.36792136364375,16.01313589717266,69.79478029313226,21.24156204581304,,,,6,False,10.5,,,n/d,n/d,,,Rompimento,False,False,,,Lateral,44.15999984741211,1.8342422465802644,-24.60257003332552,False,True,False,"Rompimento (vol x2.0, +1.8% do topo, MM50>MM200)"
VAMO3,BOVA11+SMALL11,BOVA11,Bens Industriais,41.84,45.69,20.0,,,0.7,,52.19,55.68,27.43,27.97,False,102,Não,4,8,False,,True,,False,False,False,False,False,False,2,10,True,False,True,False,False,False,True,True,False,True,False,3.87,False,3347569152.0,10.6,1.01,4.54,2.93,9.57,14.8,15.52,5.1,3.81,3.09,2.79,1.67,4.84,1.61,31.04,-1.9,4.58,7.32,0.32,88.84,11.16,2.48,4.82,10.5,-43.2,-17.0,2.06,0.66,2.740000009536743,0.5730592392549397,1.063024888817913,3.4250000119209285,3.972173446398807,2.4628406501930047,2.642774521745827,1.762863058830654,8.739324130946441,,,,6,False,15.3,,,n/d,n/d,,,,False,False,,,Em Baixa,3.4200000762939453,-19.883042444083177,-44.53441340487693,False,False,False,sem sinal (Em Baixa; sem novo topo (-19.9%))
PNVL3,SMALL11,SMALL11,Bens de primeira necessidade,41.81,36.84,70.0,,,0.0,,36.82,43.35,35.97,22.38,True,103,Não,4,8,False,,True,,False,False,True,False,True,True,7,10,False,True,False,False,True,False,True,True,False,False,True,0.81,True,1719313536.0,12.57,1.31,2.86,2.49,10.45,8.49,9.66,2.33,5.57,4.17,6.05,1.75,1.07,1.75,31.3,17.6,7.87,4.98,0.9,66.54,33.46,8.82,16.07,30.6,-28.4,-4.8,1.38,0.69,11.510000228881836,2.046903822289933,3.7970065903478254,12.132657361390955,13.454368075711354,8.853920352689448,5.744254368517766,6.578478869116701,11.510000228881836,8.867240835236554,8.853920352689448,7.968528317420503,7,True,6.6,-30.76865196383559,-22.960550313577343,n/d,n/d,,,,False,False,,,Em Baixa,12.4399995803833,-7.475879283532983,-29.366039790355458,False,False,False,sem sinal (Em Baixa; sem novo topo (-7.5%))
AXIA3,BOVA11+Carteira,BOVA11,Serviços públicos,41.81,38.6,60.0,,,0.1,,40.19,23.69,50.22,45.45,True,104,Pivô de alta,3,8,False,,True,,False,False,False,True,True,True,6,10,False,False,False,True,False,True,True,False,True,False,True,0.54,True,118058819584.0,12.66,1.25,2.86,4.28,9.86,5.35,3.25,27.05,15.3,2.95,7.36,2.05,0.63,2.8,54.14,9.7,8.9,3.03,0.39,57.63,42.34,40.32,67.15,28.6,-22.8,-6.0,1.4,0.65,51.849998474121094,15.838543184200535,24.45220077113015,45.16372211048151,61.8255726523502,36.033835931155295,26.79540345002814,22.581465899665826,20.62544462503444,31.66452357800576,25.623802110579145,23.061421899521232,8,True,3.9,-55.52281084245077,-38.93052167820241,2026-11-04,2025-11-17,última,"A análise fundamentalista da AXIA3 revela uma empresa de serviços públicos que apresenta desafios em sua eficiência operacional, com um ROE de 9,9% e um ROIC de 3,2% que se posicionam abaixo das médias setoriais de 12,1% e 9,6%, respectivamente. Essa rentabilidade pressionada convive com múltiplos de preço que não parecem descontados o suficiente para compensar o desempenho, visto que o P/L de 12,66 e o P/VP de 1,25 não configuram uma clara assimetria de valor para uma empresa com retornos abaixo de seus pares. Por outro lado, a saúde financeira é um ponto de sustentação, com uma relação Dívida Líquida/EBITDA de 2,95 que está abaixo da média setorial de 3,4, indicando um endividamento controlado que, somado à liquidez corrente de 2,05, confere segurança ao balanço. Essa estrutura de capital conservadora, contudo, não se traduz em proventos robustos, pois o dividend yield de 2,86% é modesto e reflete a necessidade de reter caixa diante de uma rentabilidade menor, embora seja sustentável pelo baixo endividamento. No quesito expansão, o crescimento da AXIA3 é tímido, com um CAGR de receita de 5 anos de 9,7% que fica muito aquém da média do setor de 37,6%, evidenciando uma perda de ritmo frente aos concorrentes. Esse panorama de subdesempenho é corroborado pelo checklist de critérios de investimento, no qual o papel atendeu a apenas 3 dos 8 requisitos avaliados, falhando em superar a taxa Selic e as médias setoriais de rentabilidade e crescimento. No campo do valuation, as estimativas de preço-teto mostram uma enorme dispersão entre os métodos, variando desde os conservadores R$ 15,84 por Bazin e R$ 24,45 por Gordon até os mais otimistas R$ 61,83 por Graham, resultando em uma média de R$ 31,66 e uma mediana de R$ 25,62. Frente ao preço atual de R$ 51,85, o preço-teto ajustado com margem de segurança de R$ 23,06 projeta um upside negativo de 55,5%, sugerindo que a ação negocia com um prêmio esticado em relação aos seus fundamentos. Em balanço, os prós da AXIA3 concentram-se em sua sólida liquidez, margem líquida robusta de 27,05% e endividamento menor que a média do setor, enquanto os contras pesam significativamente na baixa rentabilidade comparativa, crescimento muito abaixo dos pares e um valuation atual que não oferece margem de segurança.",Pivô de alta,False,True,59.55,-12.93,Lateral,53.709999084472656,-3.4630434594240755,-23.57016321776929,False,True,False,Pivô de alta
AZZA3,BOVA11+SMALL11,BOVA11,Consumo discricionário,39.71,39.66,40.0,,,0.9,,25.11,61.36,46.2,37.76,False,105,Não,2,8,False,,True,,False,False,False,True,True,True,4,10,False,False,False,False,False,True,True,False,False,True,True,0.02,True,3060943104.0,9.64,0.39,16.35,3.53,4.03,11.4,5.88,2.85,3.67,2.18,5.18,2.26,0.49,3.63,34.06,21.9,3.17,3.32,0.93,48.36,51.64,14.87,31.78,1.8,-52.4,-20.7,1.29,0.51,15.140000343322754,3.820728853281037,4.841207728624826,14.214392889390268,37.037897340777164,9.72239512636527,48.39119061106912,6.819001492856151,20.9161030224964,,,,5,False,12.7,,,n/d,n/d,,,,False,False,,,Em Baixa,17.010000228881836,-10.993532395043404,-53.626196965304416,False,False,False,sem sinal (Em Baixa; sem novo topo (-11.0%))
AUAU3,SMALL11,SMALL11,Consumo discricionário,39.3,34.47,66.66666666666667,,,0.9,,31.62,52.62,30.17,10.49,False,106,Não,2,8,False,,,,,,False,True,True,,2,3,False,False,False,False,False,True,True,False,False,False,True,0.7,True,2771756032.0,14.4,0.87,0.94,0.92,6.04,,7.01,3.84,2.98,2.53,5.05,1.26,0.7,2.75,13.25,22.2,9.5,5.6,,,,2.8,3.87,14.8,-16.7,-4.1,0.87,0.42,3.2200000286102295,0.2115801130738232,0.35585578408063195,2.686361979075694,4.315252991063856,1.3774018672069495,0.5195556122830765,1.3338576178164296,12.21428964696128,,,,3,False,57.7,,,n/d,n/d,,,,False,False,,,Em Baixa,3.680000066757202,-12.500000809845702,-20.169427520812434,False,False,False,sem sinal (Em Baixa; sem novo topo (-12.5%))
UNIP6,SMALL11,SMALL11,Materiais,39.12,42.49,20.0,,,1.0,,51.82,10.12,34.93,96.5,False,107,Não,4,8,False,,True,,False,False,True,False,False,False,2,10,False,True,True,False,False,False,True,True,False,True,True,1.25,True,6594636800.0,25.08,3.35,10.96,15.84,13.34,34.18,11.66,5.09,8.98,2.72,3.27,2.39,1.85,,397.19,-46.1,11.17,4.48,0.47,74.89,24.93,52.32,71.62,12.9,-17.5,-3.4,0.73,0.42,59.08000183105469,66.83145625687982,97.30660031001702,24.49888433185681,30.57353032219591,,30.036623802606314,6.292982651177505,20.70135480813592,,,,5,False,15.5,,,n/d,n/d,,,,False,False,,,Em Baixa,63.689998626708984,-7.2381800833028365,-18.731151807956834,False,False,False,sem sinal (Em Baixa; sem novo topo (-7.2%))
NATU3,BOVA11+SMALL11,BOVA11,Bens de primeira necessidade,38.93,43.59,12.5,,,0.0,P/L=-4.26<2,39.49,58.45,54.8,2.45,True,108,Não,2,8,False,,False,,,,False,True,False,False,1,8,False,False,False,False,False,True,True,False,False,True,True,0.35,True,11302268928.0,-4.26,0.9,0.0,0.0,-21.11,16.32,10.18,-12.47,4.94,2.58,3.54,1.68,0.54,,,-88.9,8.61,2.55,0.77,55.21,44.79,7.2,10.7,14.3,-23.1,-10.0,1.21,0.44,8.229999542236328,,,,,,,,10.422802282194437,10.422802282194437,10.422802282194437,9.380522053974994,1,True,1.0,13.979618174146768,26.64402019349641,n/d,n/d,,,,False,False,,,Em Baixa,8.5,-3.1764759736902626,-26.188342387395004,False,False,False,sem sinal (Em Baixa; sem novo topo (-3.2%))
HAPV3,BOVA11+SMALL11,BOVA11,Cuidados de saúde,38.93,36.0,55.55555555555556,,,0.2,P/L=-18.93<2,12.49,80.45,48.52,5.59,True,109,Não,2,8,False,,False,,False,,False,True,True,False,5,9,False,False,False,False,True,False,True,False,False,False,True,0.16,True,3107075072.0,-18.93,0.07,0.0,0.13,-0.36,-1.11,2.12,-0.55,4.18,3.07,7.69,1.84,0.33,,,41.3,5.59,1.55,0.45,33.25,66.74,6.09,41.71,7.4,-84.3,-40.9,1.62,0.36,6.539999961853027,0.06225926237945428,0.11549093171388768,,,,,,13.787952319791609,,,,2,False,221.5,,,n/d,n/d,,,,False,False,,,Em Baixa,11.90999984741211,-45.08816082584514,-84.66947964077463,False,False,False,sem sinal (Em Baixa; sem novo topo (-45.1%))
EMBJ3,BOVA11,BOVA11,Bens Industriais,38.72,33.79,66.66666666666667,,,0.7,,44.62,11.83,49.58,8.39,False,110,Não,4,8,False,,False,,False,,True,True,True,False,6,9,False,False,False,False,True,True,True,True,False,False,True,0.14,True,69240004608.0,30.92,4.02,1.01,0.72,13.01,5.09,9.61,5.28,11.76,0.52,0.76,1.44,0.69,3.05,22.12,113.9,16.71,3.7,0.82,70.5,26.66,68.4,103.57,42.2,-6.1,19.7,0.82,0.37,97.2699966430664,4.9703734307460055,9.22004271403384,41.68264733249126,41.38446934269194,34.125095221232044,17.803243313622875,28.439405325030332,42.083527935208664,,,,6,False,8.5,,,n/d,n/d,,,,False,False,,,Em Alta,101.29000091552734,-3.9688066305908043,-7.4576652662251774,False,False,False,sem sinal (Em Alta)
SMFT3,BOVA11+SMALL11,BOVA11,Consumo discricionário,37.88,37.5,40.0,,,0.9,,49.68,39.71,13.52,25.17,False,111,Não,1,8,False,,False,,False,False,True,False,False,False,4,10,False,False,False,False,False,False,True,False,True,False,False,1.82,False,10623329280.0,15.54,1.76,5.83,2.63,11.3,9.4,10.6,8.53,3.92,4.32,5.7,1.2,2.24,2.32,40.84,-6.3,8.56,5.98,0.3,73.66,26.34,16.61,26.03,4.2,-33.5,-8.5,1.3,0.63,17.309999465942383,3.2494240288349054,6.02768157348875,14.759169428811877,15.700246548325733,10.373885470092166,13.015426697329316,7.656345493104562,,11.255459201858734,11.69465608371074,10.525190475339667,6,True,4.8,-39.19589370266535,-34.97712565500666,n/d,n/d,,,,False,False,,,Em Baixa,20.040000915527344,-13.622761102120052,-34.44122236269903,False,False,False,sem sinal (Em Baixa; sem novo topo (-13.6%))
RAIL3,BOVA11,BOVA11,Bens Industriais,37.39,35.17,50.0,,,0.7,,50.38,26.8,22.36,13.29,False,112,Pivô de alta,2,8,False,,False,,False,False,False,False,True,True,5,10,False,False,False,False,True,False,True,False,True,False,False,1.64,False,26444003328.0,21.59,1.83,0.76,1.31,8.48,1.9,12.06,8.53,6.0,3.16,3.66,1.31,2.01,3.55,28.29,56.8,11.43,7.07,0.25,73.88,25.74,12.33,17.04,15.6,-16.4,-1.2,1.14,0.58,14.25,1.3335497918732155,2.4737348639248147,8.745368226030568,10.753609392158118,4.878583521558938,7.696526410361103,4.2862056046755965,11.169442259983533,,,,6,False,8.4,,,n/d,n/d,,,Pivô de alta,False,False,,,Lateral,14.4399995803833,-1.315786605987268,-17.76631468905798,False,True,False,Pivô de alta
TIMS3,BOVA11,BOVA11,Comunicação,36.82,30.97,70.0,,,0.4,,31.12,7.65,37.49,75.52,False,113,Não,3,8,False,,True,,False,False,False,True,True,True,7,10,False,False,False,True,True,False,True,False,True,True,True,0.49,True,43975397376.0,3224.89,1.76,7.97,8.95,0.05,11.85,0.76,15.78,112.41,1.05,2.63,0.85,0.66,1289.96,28865.77,2.5,8.71,7.75,0.43,57.89,42.11,17.94,27.96,2.6,-34.2,-18.7,0.79,0.49,18.40999984741211,11.770474388034676,14.68750499724327,,,,30.75,,0.6939802788688717,,,,3,False,44.3,,,n/d,n/d,,,,False,False,,,Em Baixa,19.43000030517578,-5.249616272481283,-35.060886194127136,False,False,False,sem sinal (Em Baixa; sem novo topo (-5.2%))
YDUQ3,BOVA11+SMALL11,BOVA11,Consumo discricionário,36.74,36.16,40.0,,,0.9,,35.04,45.7,25.25,39.16,False,114,Não,1,8,False,,False,,False,False,False,False,True,False,4,10,False,False,False,False,False,False,True,False,False,False,False,1.48,True,2002511744.0,19.0,0.74,7.23,3.6,3.89,5.03,11.35,2.04,3.73,3.14,3.87,1.61,1.72,15.46,68.41,1.0,3.72,7.39,0.4,70.08,29.69,7.32,14.76,7.5,-46.7,-15.6,1.66,0.62,7.869999885559082,2.0238999058438143,2.2459337995638493,3.283227753132597,9.955734923002648,2.000357702679471,5.925849691369951,1.4265162977742831,14.66556730038189,,,,6,False,10.3,,,n/d,n/d,,,,False,False,,,Em Baixa,8.380000114440918,-6.085921502590108,-48.528450587351735,False,False,False,sem sinal (Em Baixa; sem novo topo (-6.1%))
CBAV3,SMALL11,SMALL11,Materiais,36.52,37.67,30.0,,,1.0,,39.21,36.97,38.89,30.07,False,115,Rompimento,5,8,False,,False,,False,False,True,True,True,False,3,10,False,True,False,False,True,True,True,True,False,False,True,0.57,True,7278992896.0,12.17,1.44,0.39,3.04,11.81,-1.32,6.25,6.41,6.53,1.95,4.36,2.06,0.89,1.64,37.03,28.1,9.56,3.49,0.48,67.68,30.73,2.83,11.18,295.3,0.0,4.0,0.34,0.16,11.180000305175781,2.4297691159482544,4.507221710084012,12.172144950170837,12.66795579710097,9.627038086123493,0.7923827793462124,6.7484547904697205,7.239159730295168,,,,6,False,16.0,,,n/d,n/d,,,Rompimento,False,False,,,Em Alta,11.170000076293945,0.08952756323663547,-0.08935903112140542,False,True,False,"Rompimento (vol x0.7, +0.1% do topo, MM50>MM200)"
POSI3,SMALL11,SMALL11,Tecnologia de informação,36.22,37.32,30.0,,,0.5,,21.77,51.89,40.56,64.34,False,116,Não,0,8,False,,True,,False,False,False,True,True,False,3,10,False,False,False,False,False,False,False,False,False,True,True,0.47,True,470800512.0,38.68,0.31,5.28,6.89,0.8,10.68,6.93,0.27,3.75,2.39,4.83,1.82,0.78,3.36,266.65,11.5,2.02,3.74,0.97,64.77,35.23,3.28,4.72,3.7,-28.0,-13.7,1.1,0.5,3.4000000953674316,1.6741741813130715,3.1055931063357476,1.1646846241886883,4.65742755893486,1.6168159161093192,0.7445919647652398,0.8702171909032466,9.212534779467202,,,,6,False,12.4,,,n/d,n/d,,,,False,False,,,Em Baixa,3.549999952316284,-4.225348139821284,-29.166667494508925,False,False,False,sem sinal (Em Baixa; sem novo topo (-4.2%))
RAPT4,SMALL11,SMALL11,Bens Industriais,35.99,40.58,10.0,,,0.7,P/L=-4.76<2,19.79,82.08,32.36,46.85,False,117,Não,1,8,False,,False,,False,False,False,False,True,False,1,10,False,False,False,False,False,False,True,False,False,False,True,1.82,False,1642319488.0,-4.76,0.54,0.0,4.31,-11.45,8.95,9.51,-2.65,3.84,2.95,4.35,2.12,2.11,,,0.5,3.69,5.22,0.76,74.66,17.25,4.35,6.9,8.3,-31.7,-5.5,1.35,0.59,4.710000038146973,1.4485427969557734,1.5097034928272393,,,,,,12.905466923367685,,,,2,False,8.9,,,n/d,n/d,,,,False,False,,,Em Baixa,5.139999866485596,-8.365755632453542,-32.90598218028289,False,False,False,sem sinal (Em Baixa; sem novo topo (-8.4%))
SIMH3,SMALL11,SMALL11,Industrials,35.15,37.82,20.0,,,0.7,P/L=-19.56<2,27.2,81.6,17.13,17.48,False,118,Não,5,8,False,,False,,False,False,False,False,True,False,2,10,False,True,True,False,True,False,True,True,False,False,False,7.83,False,3566769408.0,-19.56,0.61,2.8,2.25,-3.1,-1.12,11.25,-0.4,3.75,3.53,4.39,1.28,6.05,,,8.8,1.95,6.03,0.36,91.64,5.09,5.63,14.3,8.5,-57.3,-30.5,2.34,0.69,6.110000133514404,0.9798900299439063,1.8176960055459461,,,,,,48.07977346884064,,,,2,False,49.1,,,n/d,n/d,,,,False,False,,,Em Baixa,7.730000019073486,-20.95730765280457,-58.177302630247695,False,False,False,sem sinal (Em Baixa; sem novo topo (-21.0%))
ARML3,SMALL11,SMALL11,Bens Industriais,34.75,35.59,30.0,,,0.7,,33.89,38.92,28.22,49.65,False,119,Não,2,8,False,,True,,False,False,False,False,True,False,3,10,False,False,False,False,False,False,True,True,False,True,False,1.76,False,1141912064.0,18.45,0.83,14.16,4.79,4.51,11.22,9.85,3.11,4.69,3.29,4.68,1.89,2.12,35.1,88.34,20.9,2.97,5.25,0.54,75.09,23.96,2.71,6.17,22.0,-46.5,-12.6,1.83,0.55,3.299999952316284,1.128667182771417,1.1788662420188303,1.3344065382132921,4.000073406115944,0.9504674185079529,2.1773398581500936,0.5369186657690348,4.93751177672036,,,,6,False,9.2,,,n/d,n/d,,,,False,False,,,Em Baixa,3.559999942779541,-7.303370636019069,-47.61904996178491,False,False,False,sem sinal (Em Baixa; sem novo topo (-7.3%))
JSLG3,SMALL11,SMALL11,Bens Industriais,33.91,36.37,20.0,,,0.7,P/L=-14.31<2,21.36,58.25,14.14,93.71,False,120,Não,1,8,False,,True,,False,False,False,False,False,False,2,10,False,False,False,False,False,False,True,False,False,True,False,5.26,False,1495333120.0,-14.31,1.26,36.62,13.87,-8.83,13.19,9.68,-1.07,4.21,4.15,6.0,1.38,6.52,,,-44.0,2.93,4.78,0.43,89.08,10.92,3.81,8.64,37.5,-39.4,-16.4,2.1,0.62,5.239999771118164,5.19143340870945,7.55872704308096,,,,,,,6.375080225895205,6.375080225895205,5.737572203305685,2,True,1.5,9.495657517583144,21.661841686203488,n/d,n/d,,,,False,False,,,Em Baixa,5.760000228881836,-9.027785366331786,-40.58956970040353,False,False,False,sem sinal (Em Baixa; sem novo topo (-9.0%))
CSNA3,BOVA11+SMALL11,BOVA11,Materiais,33.82,38.02,10.0,,,1.0,P/L=-2.42<2,15.97,78.94,7.94,95.1,False,121,Não,2,8,False,,False,,False,False,False,False,True,False,1,10,False,False,False,False,False,False,True,True,False,False,False,3.31,False,6351989760.0,-2.42,0.52,0.0,15.41,-21.59,-7.63,8.07,-5.82,4.23,5.46,9.47,1.15,3.57,,,5.7,-5.43,2.17,0.39,84.35,12.8,4.28,10.89,11.9,-56.0,-16.3,1.68,0.55,4.789999961853027,5.272756718684584,9.400753484710176,,,,,,,7.3367551016973795,7.3367551016973795,6.603079591527642,2,True,1.8,37.85134956396157,53.1681661821795,n/d,n/d,,,,False,False,,,Em Baixa,4.949999809265137,-3.232320274288303,-57.685511563722635,False,False,False,sem sinal (Em Baixa; sem novo topo (-3.2%))
BRAP4,BOVA11+SMALL11,BOVA11,Basic Materials,33.64,35.17,25.0,,,1.0,DY5a=24.3%>=20,14.99,39.84,74.72,,False,122,Não,4,6,False,,True,,False,False,False,True,,False,2,8,False,True,True,False,,,True,True,False,True,True,,True,8266822144.0,14.14,1.03,11.21,24.25,7.26,23.82,-0.47,0.0,-215.28,,,5.68,0.0,1.95,342.9,,2.81,-0.74,,4.4,95.6,13.96,25.49,50.6,-17.5,-6.6,0.89,0.62,21.030000686645508,36.42741714940659,67.57285881214922,19.706330204954238,26.13889527948993,44.6181061244247,15.342069641277186,10.76018745983507,,25.498834309897948,22.922612742222086,20.630351467999876,6,True,6.3,-1.9003766314635295,21.24980255511948,n/d,n/d,,,,False,False,,,Em Baixa,22.0,-4.409087787974963,-17.9477121527284,False,False,False,sem sinal (Em Baixa; sem novo topo (-4.4%))
MYPK3,SMALL11,SMALL11,Consumo discricionário,32.96,35.25,20.0,,,0.9,,25.15,51.77,28.72,52.45,False,123,Não,1,8,False,,True,,False,False,False,False,True,False,2,10,False,False,False,False,False,False,True,False,False,False,True,0.95,True,1361407232.0,15.28,0.34,3.38,5.42,2.23,4.01,8.93,0.6,3.5,2.9,4.54,1.73,1.23,39.83,82.8,0.1,3.92,3.75,0.65,66.29,30.03,8.74,13.84,4.0,-34.3,-2.4,0.83,0.5,9.09000015258789,3.5181874365052708,3.63119607838831,4.385743495017513,18.917076230256598,3.4517085610759857,7.742135616530874,1.732684431029633,20.261763396706733,,,,6,False,11.7,,,n/d,n/d,,,,False,False,,,Em Baixa,9.710000038146973,-6.385168724236179,-34.660759826909306,False,False,False,sem sinal (Em Baixa; sem novo topo (-6.4%))
TTEN3,SMALL11,SMALL11,Bens de primeira necessidade,32.81,29.78,50.0,,,0.0,,35.59,31.47,23.86,11.19,True,124,Não,2,8,False,,True,,False,True,True,False,False,True,5,10,False,True,False,False,False,False,True,False,False,True,False,0.75,True,5649972736.0,9.61,1.13,1.61,0.95,11.76,18.41,4.0,3.19,17.47,7.5,18.75,1.36,1.03,0.9,9.14,-37.7,5.62,1.74,0.97,64.13,35.82,9.93,17.74,13.7,-36.4,-23.6,0.82,0.38,11.289999961853027,0.7667711037719281,1.4223603974969266,15.566337096207347,16.251156923514866,13.670490760701886,1.6783043094126657,11.029179881370885,,,,,4,False,21.2,,,n/d,n/d,,,,False,False,,,Em Baixa,12.069999694824219,-6.462301182208529,-36.92737317063685,False,False,False,sem sinal (Em Baixa; sem novo topo (-6.5%))
CASH3,SMALL11,SMALL11,Comunicação,32.5,28.43,55.55555555555556,,,0.4,P/L=-5.79<2,1.34,43.54,83.49,2.45,False,125,Não,2,8,False,,False,,False,,False,True,True,False,5,9,False,False,False,False,True,True,False,False,False,False,True,-0.29,True,583348608.0,-5.79,1.36,0.0,0.0,-23.45,-3.01,-16.62,-20.31,-9.09,-1.12,-2.8,2.68,0.0,,,18.2,6.51,9.61,1.74,18.27,80.69,3.24,5.6,72.8,0.0,29.7,0.97,0.33,5.599999904632568,,,,,,,,,,,,0,True,,,,n/d,n/d,,,,False,False,,,Em Alta,5.460000038146973,2.564100100869404,-2.777783296726144,False,False,False,sem sinal (Em Alta)
DESK3,SMALL11,SMALL11,Comunicação,31.76,32.07,30.0,,,0.4,,39.51,26.35,34.65,7.69,False,126,Não,3,8,False,,True,,False,False,False,False,False,True,3,10,False,True,True,False,False,False,True,False,False,False,True,0.9,True,2196932608.0,39.34,1.54,0.77,0.44,3.91,6.21,11.53,4.4,5.25,2.09,2.53,1.41,1.21,12.14,17.15,-50.0,11.12,6.52,0.32,62.73,36.49,7.85,18.95,140.7,-0.3,4.5,0.68,0.2,18.899999618530273,0.5886462646913332,0.7906544487423223,4.609265560927798,11.517958681662064,1.765727404157177,0.674174729085643,2.2616374962289223,18.899999618530273,,,,3,False,32.1,,,n/d,n/d,,,,False,False,,,Em Alta,18.950000762939453,-0.2638582712195303,-1.511208480753623,False,False,False,sem sinal (Em Alta)
DXCO3,SMALL11,SMALL11,Materiais,31.61,33.66,20.0,,,1.0,P/L=-127.17<2,14.36,71.97,27.84,36.36,False,127,Não,2,8,False,,True,,False,False,False,False,True,False,2,10,False,False,False,False,False,False,True,True,False,False,False,0.88,True,4530274304.0,-127.17,0.66,0.0,3.44,-0.52,6.92,4.35,-0.43,4.66,3.22,8.04,1.98,1.19,,,5.2,8.05,2.48,0.51,62.06,36.03,4.44,6.09,12.5,-18.1,-1.3,1.18,0.6,4.989999771118164,1.226814115578123,2.0532407152539314,,,,,,5.8716342597906825,1.6400274154160273,1.6400274154160273,1.4760246738744245,2,True,4.8,-70.42034586018276,-67.1337176224253,n/d,n/d,,,,False,False,,,Em Baixa,5.289999961853027,-5.671081151194879,-19.774920587828305,False,False,False,sem sinal (Em Baixa; sem novo topo (-5.7%))
PRNR3,SMALL11,SMALL11,Bens Industriais,30.14,31.93,20.0,,,0.7,,38.38,26.0,33.1,15.38,False,128,Não,3,8,False,,False,,False,False,False,False,True,False,2,10,False,False,False,False,True,True,True,False,False,False,True,1.18,True,955439936.0,21.79,2.0,0.0,1.69,9.17,4.0,10.43,2.06,5.65,2.34,3.13,1.85,1.75,3.76,36.73,27.8,4.79,6.02,0.64,70.26,25.54,14.63,21.97,14.6,-23.7,-10.3,1.16,0.6,16.760000228881836,2.0181078604807117,3.646153661081309,9.926116033057196,12.04263895963171,5.758979294184178,5.5449429484860335,4.859663403157941,15.420179027905244,6.963082383266394,5.6519611213351055,5.086765009201595,6,True,7.6,-69.64937386793243,-58.45416295837995,n/d,n/d,,,,False,False,,,Em Baixa,19.739999771118164,-15.096249122537486,-24.12856444947391,False,False,False,sem sinal (Em Baixa; sem novo topo (-15.1%))
BRAV3,BOVA11+SMALL11,BOVA11,Energia,29.87,29.26,33.333333333333336,,,0.9,,23.13,54.99,19.6,11.89,False,129,Não,1,8,False,,False,,False,,False,False,False,True,3,9,False,False,False,False,False,False,True,False,False,False,False,1.17,True,8733410304.0,160.38,0.71,0.66,1.08,0.44,3.55,8.3,0.44,3.24,3.05,5.14,1.26,1.55,,172.9,-17.3,5.34,3.71,0.27,72.43,27.57,13.35,21.64,40.8,-13.1,-4.0,0.51,0.24,18.799999237060547,1.447712587042787,2.1078695267342975,,,,1.6666666666666667,,18.799999237060547,,,,3,False,13.0,,,n/d,n/d,,,,False,False,,,Em Baixa,20.389999389648438,-7.79794114851764,-15.105024929057919,False,False,False,sem sinal (Em Baixa; sem novo topo (-7.8%))
BRKM5,BOVA11+SMALL11,BOVA11,Materiais,29.54,30.34,25.0,,,1.0,P/L=-0.73<2,38.62,17.31,2.27,81.82,False,130,Não,5,8,False,,False,,False,,True,,True,False,2,8,True,True,False,False,True,False,True,True,False,False,False,,True,4040629760.0,-0.73,-0.32,0.0,9.77,44.02,-59.65,1.85,-7.85,8.28,7.47,18.68,0.77,,,,21.6,-6.01,3.46,0.31,120.15,-19.72,4.93,12.7,2.8,-60.1,-37.4,0.93,0.22,5.070000171661377,3.5367181188078747,6.5606121103886075,,,,,,,5.048665114598241,5.048665114598241,4.543798603138417,2,True,1.9,-10.378728810782857,-0.42080978975874705,n/d,n/d,,,,False,False,,,Em Baixa,6.050000190734863,-16.198346912026306,-63.2075452111188,False,False,False,sem sinal (Em Baixa; sem novo topo (-16.2%))
LWSA3,SMALL11,SMALL11,Tecnologia de informação,29.51,31.19,20.0,,,0.5,P/L=-11.53<2,12.36,50.8,49.93,29.37,False,131,Rompimento,1,7,False,,False,,False,False,False,True,True,False,2,10,False,False,False,False,False,,True,False,False,False,True,,True,2278022400.0,-11.53,0.97,6.27,2.95,-8.41,-2.3,5.89,-13.29,6.07,,,1.18,0.03,,,1.2,10.9,-3.98,1.15,32.17,67.83,3.38,4.67,20.0,-13.0,6.7,1.36,0.54,4.059999942779541,0.8550990094933646,0.946487716132968,,,,,,,0.9007933628131664,0.9007933628131664,0.8107140265318498,2,True,1.1,-80.03167394192567,-77.8129710465841,n/d,n/d,,,Rompimento,False,False,,,Lateral,3.985538959503174,1.8682788961031482,-14.540267286325193,False,True,False,"Rompimento (vol x0.7, +1.9% do topo, MM50>MM200)"
LJQQ3,SMALL11,SMALL11,Consumo discricionário,29.43,32.66,11.11111111111111,,,0.9,P/L=-1.03<2,6.97,89.63,13.21,44.76,False,132,Não,0,8,False,,False,,False,,False,False,True,False,1,9,False,False,False,False,False,False,False,False,False,False,False,4.22,False,215193952.0,-1.03,0.69,0.0,4.1,-67.62,-9.94,2.03,-6.88,0.79,34.56,86.39,1.77,7.9,,,8.8,14.86,-0.01,0.82,89.26,10.74,0.96,2.83,8.3,-63.3,-28.6,2.12,0.59,1.0399999618530273,0.3048180256146292,0.5654374375151371,,,,,,,0.43512773156488316,0.43512773156488316,0.39161495840839483,2,True,1.9,-62.344714156466694,-58.16079350718522,n/d,n/d,,,,False,False,,,Em Baixa,1.309999942779541,-20.610686467178862,-63.76306608630986,False,False,False,sem sinal (Em Baixa; sem novo topo (-20.6%))
EQTL3,BOVA11,BOVA11,Serviços públicos,28.5,28.23,30.0,,,0.1,,34.79,21.14,20.34,32.17,True,133,Não,1,8,False,,True,,False,False,False,False,False,True,3,10,False,False,False,False,False,False,True,False,False,False,True,2.15,True,44937805824.0,47.0,1.72,4.41,3.15,3.67,8.85,9.18,1.75,7.86,4.81,7.33,1.57,2.27,,148.2,-54.9,21.68,4.62,0.33,74.15,23.5,33.29,45.35,7.5,-21.1,-9.7,1.21,0.82,35.77000045776367,8.056625175851671,11.730446256040036,7.9150639310796205,18.871092888175625,,6.267048420977274,2.0331276855932545,35.77000045776367,,,,5,False,17.6,,,n/d,n/d,,,,False,False,,,Em Baixa,39.209999084472656,-8.773268826908087,-22.77633701763474,False,False,False,sem sinal (Em Baixa; sem novo topo (-8.8%))
DASA3,SMALL11,SMALL11,Cuidados de saúde,28.28,33.27,0.0,,,0.2,P/L=-3.61<2,17.82,78.98,22.99,9.09,True,134,Não,2,8,False,,False,,False,,False,False,False,False,0,9,False,False,False,False,False,False,True,True,False,False,True,0.98,True,3224552704.0,-3.61,0.47,0.0,0.76,-13.13,-13.32,7.28,-9.6,4.07,4.54,8.74,1.27,1.12,,,-9.8,11.32,3.53,0.48,62.87,36.98,1.24,4.6,108.1,-43.9,-10.8,2.03,0.41,2.5799999237060547,0.140101484807027,0.2039877618790313,,,,,,,0.17204462334302917,0.17204462334302917,0.15484016100872625,2,True,1.5,-93.99844319428098,-93.33160354920109,n/d,n/d,,,,False,False,,,Em Baixa,2.9000000953674316,-11.034488315105817,-45.91195106871003,False,False,False,sem sinal (Em Baixa; sem novo topo (-11.0%))
MRVE3,BOVA11+SMALL11,BOVA11,Consumo discricionário,28.25,31.28,11.11111111111111,,,0.9,P/L=-4.97<2,15.51,66.33,25.68,25.87,False,135,Rompimento,1,8,False,,False,,False,,False,False,True,False,1,9,False,False,False,False,False,False,True,False,False,False,False,1.18,True,2864827392.0,-4.97,0.63,0.0,2.67,-12.58,-7.71,6.84,-4.93,5.32,3.03,6.21,1.89,1.69,,,10.7,2.85,3.75,0.89,78.42,18.67,4.2,10.43,21.2,-51.2,-12.3,1.59,0.58,5.090000152587891,0.9696997101857272,1.7987929623945238,,,,,,2.6871554575596885,1.8185493767133132,1.7987929623945238,1.6189136661550714,3,True,2.8,-68.1942314808778,-64.27211547746782,n/d,n/d,,,Rompimento,False,False,,,Lateral,4.909999847412109,3.6659941093613924,-51.661915653708434,False,True,False,"Rompimento (vol x1.1, +3.7% do topo, MM50>MM200)"
CAML3,SMALL11,SMALL11,Bens de primeira necessidade,27.34,30.4,10.0,,,0.0,,25.75,35.85,25.49,47.55,True,136,Rompimento,1,8,False,,True,,False,False,False,False,False,False,1,10,False,False,False,False,False,False,True,False,False,False,False,1.5,True,1674659712.0,15.58,0.58,5.97,4.34,3.69,8.66,5.74,0.99,7.87,5.55,13.55,1.87,1.99,13.07,67.69,-58.5,4.71,3.09,0.76,72.01,27.99,4.05,7.23,21.3,-32.0,-9.3,1.42,0.58,4.909999847412109,1.5236428680359746,1.6853542927048561,2.4899694463295488,7.747739573095417,1.7449078908716098,1.7822632606940851,1.0780994150983036,0.03462128620209939,,,,6,False,223.8,,,n/d,n/d,,,Rompimento,False,False,,,Lateral,4.809999942779541,2.079000121043273,-32.78430590877813,False,True,False,"Rompimento (vol x1.4, +2.1% do topo, MM50>MM200)"
SOJA3,SMALL11,SMALL11,Bens de primeira necessidade,26.59,27.75,20.0,,,0.0,,30.27,28.9,13.88,41.26,True,137,Não,2,8,False,,True,,False,False,False,False,False,False,2,10,False,False,False,False,True,False,True,False,False,True,True,0.66,True,899974976.0,39.02,0.68,4.44,3.84,1.73,13.98,5.66,0.89,9.1,4.7,11.63,0.95,1.47,,149.91,-0.4,6.57,2.47,1.35,45.47,36.89,4.98,10.46,28.1,-39.0,1.2,0.8,0.32,6.380000114440918,1.7508311844698539,2.5492102045881073,1.7004613323983993,5.8750809737890375,,1.0522259290281606,0.4367943257671713,1.2574173866305989,,,,5,False,13.5,,,n/d,n/d,,,,False,False,,,Lateral,6.320000171661377,0.9493661574342616,-38.98107312951355,False,False,False,sem sinal (Lateral)
HBOR3,SMALL11,SMALL11,Imobiliário,26.44,27.58,20.0,,,0.8,,15.02,35.74,38.08,42.66,False,138,Não,1,8,False,,True,,False,False,False,True,False,False,2,10,False,False,False,False,False,False,False,True,False,False,False,1.25,True,242829328.0,53.75,0.17,7.28,3.93,0.31,3.0,2.16,0.41,13.21,15.28,38.21,2.55,0.72,,211.23,-64.6,1.97,1.03,0.81,57.57,22.01,1.68,4.23,8.9,-56.8,-15.6,1.66,0.42,1.8300000429153442,0.5136933422988668,0.7479375063871502,0.3540837292338526,2.871631204845663,,0.26415074528231325,0.09095282605320117,,,,,4,False,31.6,,,n/d,n/d,,,,False,False,,,Em Baixa,2.009999990463257,-8.955221313529805,-56.986039562536675,False,False,False,sem sinal (Em Baixa; sem novo topo (-9.0%))
GFSA3,SMALL11,SMALL11,Consumo discricionário,26.08,30.68,0.0,,,0.9,P/L=-0.06<2,0.67,100.0,25.68,2.45,False,139,Não,1,7,False,,False,,False,,False,False,False,False,0,9,False,False,False,False,False,,False,True,False,False,True,,True,34620808.0,-0.06,0.02,0.0,0.0,-39.87,-13.41,-6.27,-124.06,-5.68,,,1.31,1.06,,,-55.9,0.73,-4.96,0.96,67.49,32.51,0.2,13.83,10.0,-98.4,-77.0,1.24,0.27,0.2199999988079071,,,,,,,,,,,,0,True,,,,n/d,n/d,,,,False,False,,,Em Baixa,0.27000001072883606,-18.518522197817433,-98.42744816006295,False,False,False,sem sinal (Em Baixa; sem novo topo (-18.5%))
RCSL4,SMALL11,SMALL11,Bens Industriais,25.7,27.71,14.285714285714286,,,0.7,P/L=-5.94<2,38.26,,16.62,2.45,False,140,Não,2,6,False,,False,,False,,True,,,False,1,7,True,True,False,False,,,False,False,False,True,True,,True,89102424.0,-5.94,-5.97,0.0,0.0,100.56,,-2.72,0.0,-103.72,,,1.22,,,,,,-14.18,0.2,170.21,-69.4,0.26,2.7,169.2,-74.1,19.5,0.22,0.03,0.699999988079071,,,,,,,,,,,,0,True,,,,n/d,n/d,,,,False,False,,,Em Alta,0.7799999713897705,-10.256408492959167,-74.7520296321827,False,False,False,sem sinal (Em Alta)
ORVR3,SMALL11,SMALL11,Bens Industriais,25.55,20.26,55.55555555555556,,,0.7,,22.41,8.6,38.88,2.45,False,141,Não,2,8,False,,False,,False,,False,True,True,False,5,9,False,False,False,False,True,False,True,False,False,False,False,0.28,True,8761277440.0,174.34,1.81,0.0,0.0,1.04,-2.35,3.71,3.35,20.04,4.88,12.21,2.38,0.74,167.63,,135.8,14.2,2.86,0.49,63.86,33.58,12.9,20.97,23.6,-23.9,-15.6,1.1,0.66,15.949999809265137,,,,,,,,0.5267844648154367,0.5267844648154367,0.5267844648154367,0.47410601833389304,1,True,1.0,-97.02754843885019,-96.69727604316688,n/d,n/d,,,,False,False,,,Em Baixa,17.8799991607666,-10.794180324887204,-24.85277021153731,False,False,False,sem sinal (Em Baixa; sem novo topo (-10.8%))
MGLU3,BOVA11+SMALL11,BOVA11,Consumo discricionário,25.28,27.78,11.11111111111111,,,0.9,,19.75,51.19,20.34,20.28,False,142,Não,1,8,False,,False,,False,,False,True,False,False,1,9,False,False,False,False,False,False,True,False,False,False,False,0.6,True,3226738944.0,36.47,0.29,1.95,2.34,0.79,-2.27,6.07,0.23,2.3,4.67,10.76,1.1,0.76,314.75,85.33,-2.6,5.14,1.9,0.75,70.25,29.75,3.88,11.0,7.2,-62.2,-31.6,1.96,0.59,4.159999847412109,0.6952579219727789,0.7018725269324378,0.8225111860650789,6.067610485147757,0.28011052776659356,0.41775017276823034,0.3130278715293705,,,,,6,False,21.7,,,n/d,n/d,,,,False,False,,,Em Baixa,5.159999847412109,-19.379845534327465,-63.65146871188043,False,False,False,sem sinal (Em Baixa; sem novo topo (-19.4%))
MBRF3,BOVA11,BOVA11,Bens de primeira necessidade,24.46,28.78,0.0,,,0.0,DY5a=21.3%>=20,41.83,22.66,7.06,,True,143,Não,1,8,False,,False,,False,False,False,False,False,False,0,10,False,False,False,False,False,False,True,False,False,True,True,4.51,False,27227400192.0,73.93,2.37,8.94,21.32,3.2,39.26,6.29,0.22,6.1,4.84,10.77,1.05,5.39,23.1,1575.99,-51.3,28.29,2.68,0.43,89.92,7.97,14.52,27.52,34.6,-29.0,14.0,1.02,0.31,19.540000915527344,29.75287269027521,39.8027319101015,2.525572356336101,7.002148431252935,6.4800246259101915,3.046690502845772,1.2376982667213896,11.341215600988255,,,,4,False,32.2,,,n/d,n/d,,,,False,False,,,Em Alta,18.270000457763672,6.951288593011484,-29.356467739259507,False,False,False,sem sinal (Em Alta)
CSAN3,BOVA11+SMALL11,BOVA11,Consumo discricionário,24.22,26.73,10.0,,,0.9,P/L=-1.62<2,16.42,34.85,41.25,23.78,False,144,Não,2,8,False,,False,,False,False,False,False,True,False,1,10,False,False,False,False,False,True,True,False,False,False,True,1.47,True,14357494784.0,-1.62,2.91,0.0,2.53,-1.79,-64.7,8.59,-22.18,4.67,0.5,0.82,1.67,1.1,,,26.5,6.12,5.56,0.41,77.05,3.93,3.13,8.0,16.3,-54.5,-13.5,1.95,0.66,3.640000104904175,0.65836256348107,1.2212625552573848,,,,,,3.264431296215689,0.9398125593692275,0.9398125593692275,0.8458313034323047,2,True,5.0,-76.76287694902219,-74.18097438780242,n/d,n/d,,,,False,False,,,Em Baixa,4.099999904632568,-11.219507571418285,-54.66998473289695,False,False,False,sem sinal (Em Baixa; sem novo topo (-11.2%))
CVCB3,SMALL11,SMALL11,Consumo discricionário,23.7,22.0,33.333333333333336,,,0.9,P/L=-6.22<2,11.02,52.15,18.78,2.45,False,145,Bandeira de alta,2,8,False,,False,,False,,False,False,False,False,3,9,False,False,False,False,False,True,True,False,False,False,True,0.73,True,812445760.0,-6.22,2.54,0.0,0.0,-40.86,-60.02,5.9,-8.94,2.61,1.23,2.93,0.68,1.67,,,-4.5,10.76,4.12,0.67,87.19,12.81,1.08,2.72,44.4,-42.6,-3.5,1.17,0.3,1.559999942779541,,,,,,,,3.406792149082738,3.406792149082738,3.406792149082738,3.0661129341744644,1,True,1.0,96.54570811787313,118.3841201309701,n/d,n/d,,,Bandeira de alta,False,False,,,Lateral,1.5499999523162842,0.6451606948963517,-44.08602279179101,False,True,False,"Bandeira de alta — mastro +28%, recuo 33% (candidato)"
KLBN11,BOVA11,BOVA11,Materiais,23.21,25.54,10.0,,,1.0,,23.09,17.68,20.43,66.43,False,146,Pivô de alta,1,8,False,,True,,False,False,False,False,False,False,1,10,False,False,False,False,False,False,True,False,False,True,False,0.49,True,131391070208.0,41.11,2.43,6.28,7.1,5.92,28.81,5.45,0.86,6.31,3.99,9.97,2.0,2.3,,291.69,-51.7,10.7,2.09,0.37,77.43,12.36,16.08,21.02,15.0,-12.0,5.4,0.56,0.47,18.489999771118164,9.37079800260666,13.6438818917953,4.677596633899998,8.77508414512876,,11.016666666666667,1.2015255089825543,7.372511386444779,,,,6,False,11.4,,,n/d,n/d,,,Pivô de alta,False,False,,,Lateral,18.639999389648438,-0.8047190098813717,-12.98823637120864,False,True,False,Pivô de alta
HBSA3,SMALL11,SMALL11,Bens Industriais,22.92,25.0,11.11111111111111,,,0.7,P/L=-26.47<2,25.19,19.18,43.11,2.45,False,147,Rompimento,2,8,False,,False,,False,,False,False,True,False,1,9,False,False,False,False,True,False,True,False,False,False,False,1.26,True,4734131200.0,-26.47,2.26,0.0,0.0,-8.56,-15.0,11.14,-5.52,7.91,3.09,3.88,3.26,1.56,,,68.3,12.28,5.08,0.41,66.67,33.33,2.98,4.38,16.8,-20.5,1.8,0.77,0.36,3.4800000190734863,,,,,,,,1.6582182551338565,1.6582182551338565,1.6582182551338565,1.4923964296204708,1,True,1.0,-57.11504536089613,-52.3500504009957,n/d,n/d,,,Rompimento,False,False,,,Lateral,3.380000114440918,2.9585769599628886,-20.728926539594806,False,True,False,"Rompimento (vol x1.4, +3.0% do topo, MM50>MM200)"
AURE3,BOVA11+SMALL11,BOVA11,Serviços públicos,21.63,21.92,20.0,,,0.1,P/L=-9.86<2,13.34,27.14,11.03,69.23,True,148,Não,2,8,False,,False,,False,False,False,False,True,False,2,10,False,False,False,False,False,False,True,True,False,False,False,1.74,True,10686616576.0,-9.86,0.93,0.0,7.48,-9.47,2.89,2.64,-8.09,11.57,6.49,16.23,1.12,1.85,,,5.9,-72.06,2.04,0.26,71.73,25.67,10.05,14.61,1.8,-30.0,-15.8,1.1,0.59,10.229999542236328,5.465905818596698,10.0046320575944,,,,,,2.7578706061471956,6.0761361607794315,5.465905818596698,4.919315236737028,3,True,3.6,-51.91284988404172,-40.604726953378155,n/d,n/d,,,,False,False,,,Em Baixa,11.279999732971191,-9.308512549568027,-30.21828343305063,False,False,False,sem sinal (Em Baixa; sem novo topo (-9.3%))
ENEV3,BOVA11,BOVA11,Serviços públicos,21.46,19.37,33.333333333333336,,,0.1,,28.0,8.64,21.85,2.45,True,149,Não,1,8,False,,True,,False,,False,False,False,True,3,9,False,False,False,False,False,False,True,False,False,False,True,1.17,True,48513810432.0,51.22,2.42,0.0,0.0,4.73,2.64,5.85,5.03,11.93,3.9,9.34,1.28,1.2,10.83,,-91.5,26.28,4.12,0.26,62.34,34.87,13.71,27.59,85.0,-8.1,-1.6,1.13,0.56,25.360000610351562,,,5.593724268984816,10.80470835335413,2.3419133714752616,,2.7947351595811094,12.49872046498291,6.806760323675644,5.593724268984816,5.034351842086334,5,True,5.3,-80.1484553591399,-73.15946309205833,n/d,n/d,,,,False,False,,,Em Baixa,27.15999984741211,-6.6273904535093635,-9.81507875714942,False,False,False,sem sinal (Em Baixa; sem novo topo (-6.6%))
TUPY3,SMALL11,SMALL11,Bens Industriais,19.41,22.83,0.0,,,0.7,P/L=-2.53<2,6.29,42.67,27.45,38.46,False,150,Não,2,8,False,,False,,False,False,False,False,False,False,0,10,False,False,False,False,False,False,True,True,False,False,False,0.83,True,1938344704.0,-2.53,0.86,0.0,3.58,-33.8,2.01,1.49,-8.26,8.28,3.88,9.69,2.16,1.72,,,-5.8,5.22,1.31,0.87,73.24,26.66,11.34,16.19,30.3,-8.7,2.7,1.23,0.52,14.779999732971191,3.7804358502211364,5.504314597921975,,,,,,5.063572783384453,4.782774410509188,5.063572783384453,4.557215505046008,3,True,1.5,-69.16633567401371,-67.64022667849049,n/d,n/d,,,,False,False,,,Em Baixa,15.8100004196167,-6.514868180316469,-10.42424404259884,False,False,False,sem sinal (Em Baixa; sem novo topo (-6.5%))
BBDC1,BOVA11,BOVA11,Produtos financeiros,,,,,,0.4,,,,,,False,151,Não,0,0,False,,,,,,,,,,0.0,0.0,,,,,,,,,True,True,True,,True,,,,,,,,,,,,,,,,,,,,,,,,,,,,,,,,,,,,,,,,,,0,True,,,,n/d,n/d,,,,False,False,,,,,,,False,False,False,histórico insuficiente
BBDC2,BOVA11,BOVA11,Produtos financeiros,,,,,,0.4,,,,,,False,152,Não,0,0,False,,,,,,,,,,0.0,0.0,,,,,,,,,True,True,True,,True,,,,,,,,,,,,,,,,,,,,,,,,,,,,,,,,,,,,,,,,,,0,True,,,,n/d,n/d,,,,False,False,,,,,,,False,False,False,histórico insuficiente
MOVI1,SMALL11,SMALL11,Bens Industriais,,,,,,0.7,,,,,,False,153,Não,0,0,False,,,,,,,,,,0.0,0.0,,,,,,,,,True,True,True,,True,,,,,,,,,,,,,,,,,,,,,,,,,,,,,,,,,,,,,,,,,,0,True,,,,n/d,n/d,,,,False,False,,,,,,,False,False,False,histórico insuficiente
