ticker,origem,grupo,setor,investment,investment_base,consistencia,basileia,solvencia,ciclicidade,dado_suspeito,quality,value,safety,dividend,regulado,rank_invest,oportunidade_grafica,criterios_ok,criterios_aplicaveis,passa_checklist,mais_5a_bolsa,sem_prejuizo_anual,lucro_20t,div_ge5_5a,div_sem_corte,roe_ge_10,divida_menor_patrim,cresc_receita_5a,cresc_lucro_5a,n_ok,n_aplic,roe_roic_ge_selic,roe_ge_setor,roic_ge_setor,margem_ge_15,cagr_ge_setor,divida_ok,marketcap_ok,insider_ok,margem_ok,roe_ok,alavancagem_ok,div_liq_patrim,nde_ok,market_cap,pl,pvp,dy,dy_teto,roe,roe_medio,roic,mrg_liq,ev_ebitda,div_liq_ebitda,lev_roic_adj,liq_corr,div_patrim,peg,payout,cresc_5a,pl_fut,roa,liq_geral,grau_endiv,indep_fin,min_52s,max_52s,dist_min52,dist_max52,dist_mm100,beta,corr_ibov,close,teto_bazin,teto_gordon,teto_dcf,teto_graham,teto_lynch,teto_projetivo,teto_graham_selic,teto_mult_ebitda,teto_medio,teto_mediana,teto_ajustado,teto_n_metodos,teto_confiavel,teto_dispersao,teto_upside_pct,teto_upside_media_pct,prox_resultado,ex_dividendo,ex_tipo,tese_ia,strategy,in_wishlist,in_carteira,preco_medio,var_pm_pct,trend,breakout_level,pct_to_level,dist_52w_high_pct,fund_ok,breakout,aprovado,note
JHSF3,SMALL11,SMALL11,Imobiliário,77.48,75.27,90.0,,,0.8,,86.74,81.37,44.52,69.93,False,1,Não,7,8,False,,True,,False,True,True,True,True,True,9,10,True,True,True,True,True,True,True,False,True,True,True,0.36,True,6733535744.0,3.26,0.93,6.63,7.91,28.4,16.71,13.12,52.59,4.45,1.22,1.3,1.73,0.86,0.22,25.78,90.2,5.92,7.25,0.72,61.6,36.26,4.95,13.85,105.1,-26.6,-8.3,1.38,0.61,10.15999984741211,5.738884134018669,10.64563006860463,41.29447790742652,27.67799880047428,71.39398024154694,19.57807411896471,37.71042888149894,17.479182445986247,,,,6,False,12.4,,,n/d,2026-08-31,próxima,,,False,False,,,Em Baixa,11.149999618530273,-8.878922017834656,-28.216639097456486,True,False,False,sem sinal (Em Baixa; sem novo topo (-8.9%))
VULC3,SMALL11,SMALL11,Consumo discricionário,76.39,77.52,70.0,,,0.9,,87.66,61.39,65.74,95.8,False,2,Não,6,8,False,,True,,False,False,True,True,False,True,7,10,True,True,True,True,False,True,True,False,True,True,True,0.25,True,4293923840.0,4.67,1.64,28.85,15.45,35.06,31.82,17.83,24.89,6.27,0.76,0.6,2.96,0.37,0.48,72.14,-64.7,5.99,11.45,1.64,37.42,62.57,13.47,20.08,1.5,-31.9,-8.7,0.92,0.6,13.670000076293945,15.084112168902319,27.9810280733138,38.78533212224727,23.430384293670603,73.80863270371408,48.306911878544526,25.789766797743372,8.630044464581562,,,,6,False,8.6,,,n/d,2025-12-23,última,,,False,False,,,Em Baixa,14.180000305175781,-3.596616487347204,-32.426236328767075,True,False,False,sem sinal (Em Baixa; sem novo topo (-3.6%))
MDNE3,SMALL11,SMALL11,Imobiliário,75.56,73.01,90.0,,,0.8,,73.06,77.66,64.07,79.02,False,3,Não,7,8,False,,True,,False,True,True,True,True,True,9,10,True,True,True,True,True,True,True,False,True,True,True,0.1,True,2431272448.0,4.38,1.07,16.51,9.26,24.38,16.15,10.98,21.43,4.23,0.36,0.45,2.38,0.48,0.3,40.57,10.0,3.68,6.3,1.12,72.76,27.27,19.63,34.28,19.7,-31.4,-15.4,1.67,0.63,23.510000228881836,15.556164996476895,28.856686068464636,71.12043448234802,51.51277527306067,127.48819889676837,25.80183479643218,63.22015034688956,38.98150663176923,,,,6,False,8.2,,,n/d,2026-01-02,última,,,False,False,,,Em Baixa,25.110000610351562,-6.371964725521073,-31.417733179499095,True,False,False,sem sinal (Em Baixa; sem novo topo (-6.4%))
PLPL3,SMALL11,SMALL11,Consumo discricionário,73.99,74.69,70.0,,,0.9,,77.84,82.4,65.58,59.44,False,4,Não,5,8,False,,True,,False,False,True,True,True,True,7,10,True,True,True,False,False,True,True,False,True,True,True,-0.11,True,1401043456.0,4.61,1.26,7.14,6.32,27.32,38.02,24.26,8.62,1.92,-0.24,-0.14,3.0,0.62,0.31,29.14,16.7,2.72,7.78,1.2,73.04,24.14,6.46,17.36,6.8,-60.3,-25.7,1.44,0.5,6.900000095367432,3.115400820071874,5.7790685212333255,19.831887475839142,13.580151674688896,31.91228045802987,10.95072400487419,18.110629317558768,14.303465002344291,,,,7,False,10.2,,,n/d,2025-12-30,última,,,False,False,,,Em Baixa,7.360000133514404,-6.250000404922851,-60.30064258156551,True,False,False,sem sinal (Em Baixa; sem novo topo (-6.3%))
POMO3,SMALL11,SMALL11,Bens Industriais,73.54,74.17,70.0,,,0.7,,80.17,74.68,52.03,90.21,False,5,Não,5,8,False,,True,,False,False,True,True,False,True,7,10,True,True,True,False,False,True,True,False,True,True,True,0.46,True,5189052928.0,4.35,1.23,22.59,11.85,28.32,24.74,18.39,13.19,4.6,1.29,0.98,1.94,0.81,0.32,51.57,-14.0,,8.76,1.02,59.93,39.42,3.85,6.69,8.6,-37.5,-23.6,0.92,0.45,4.179999828338623,3.539319160693158,6.565437043085809,12.73218338516937,8.571766632368943,24.571459894730673,11.287634984566541,10.851943477056773,5.170088126502553,9.196508941458331,9.711855054712858,8.740669549241572,6,True,6.9,109.10693560280902,120.01218466828414,n/d,2026-08-26,próxima,,,False,False,,,Em Baixa,4.989999771118164,-16.2324645277095,-37.99031695498357,True,False,False,sem sinal (Em Baixa; sem novo topo (-16.2%))
PSSA3,BOVA11,BOVA11,Insurance,73.34,73.05,75.0,,1.8,0.3,,76.06,54.87,100.0,51.05,False,6,Não,4,6,False,,True,,False,False,True,,True,True,6,8,True,False,True,,True,,True,False,True,True,True,,True,29851013120.0,8.17,1.87,6.47,5.33,22.84,17.35,79.28,8.13,,,,,,0.63,43.58,0.3,7.48,6.06,,71.59,28.18,43.07,55.45,8.1,-16.0,-8.6,0.74,0.49,46.56999969482422,17.745364283139974,32.91765074522465,75.52662129209557,56.51525123994185,103.85643087860431,48.58755190912267,61.39492099450705,,43.694297057395715,40.752601327173664,36.6773411944563,4,True,4.3,-21.242556506753406,-6.175011072091774,2026-11-05,2026-06-23,última,,,False,False,,,Em Baixa,54.70000076293945,-14.862890228008007,-16.165615959622304,True,False,False,sem sinal (Em Baixa; sem novo topo (-14.9%))
CURY3,BOVA11+SMALL11,BOVA11,Consumo discricionário,72.17,70.79,80.0,,,0.9,,90.38,40.89,56.48,86.01,False,7,Não,6,8,False,,True,,False,False,True,True,True,True,8,10,True,True,True,True,False,True,True,False,True,True,True,-0.21,True,9210622976.0,8.38,5.57,16.1,10.4,66.38,57.38,37.72,18.37,5.39,-0.2,-0.08,1.94,0.71,0.98,87.15,33.5,6.22,16.14,0.91,70.61,24.44,26.99,40.16,10.8,-25.6,-4.8,1.29,0.57,29.899999618530273,22.209742193458315,41.199071768865174,47.27625238013437,20.759306206775015,67.5501094547288,53.68399322113447,28.668897196799247,23.751448038942403,38.13735255760472,34.93398448283221,31.44058603454899,8,True,3.3,5.152462995564555,27.549675733003752,n/d,2026-05-18,última,,,False,False,,,Lateral,32.31999969482422,-7.48762406913478,-25.711389178797507,True,False,False,sem sinal (Lateral)
POMO4,BOVA11+SMALL11,BOVA11,Bens Industriais,71.96,72.3,70.0,,,0.7,,80.17,71.1,52.03,80.42,False,8,Não,5,8,False,,True,,False,False,True,True,False,True,7,10,True,True,True,False,False,True,True,False,True,True,True,0.44,True,5549059072.0,4.65,1.32,21.12,9.48,28.32,24.74,18.39,13.19,4.84,1.29,0.98,1.94,0.81,0.31,44.06,-14.0,4.57,8.76,1.02,59.93,39.42,4.05,7.92,10.4,-43.6,-22.3,0.96,0.48,4.46999979019165,3.0254217790401685,5.6121574001195125,12.73709617635255,8.558256916730283,23.528150916007984,11.575137762178509,11.631612357272898,5.155438154799276,11.256835669065856,11.575137762178509,10.417623985960658,7,True,7.8,133.05647594927527,151.83078741449384,n/d,2026-08-26,próxima,,,False,False,,,Em Baixa,5.369999885559082,-16.75977866941296,-43.78031520539255,True,False,False,sem sinal (Em Baixa; sem novo topo (-16.8%))
MILS3,SMALL11,SMALL11,Bens Industriais,70.41,68.72,80.0,,,0.7,,84.77,54.51,57.45,54.55,False,9,Não,6,8,False,,True,,False,True,True,True,True,True,8,10,True,True,True,True,False,True,True,False,True,True,True,0.65,True,3565582336.0,8.16,1.94,5.41,5.72,23.81,18.37,20.65,23.53,4.86,1.28,0.87,2.98,0.99,0.64,46.64,21.3,8.36,11.12,0.54,61.6,38.32,10.3,15.81,52.0,-1.0,7.9,0.75,0.48,15.649999618530273,6.389485066186472,11.852494797775906,25.41207045901055,18.65776617291419,35.32865345142994,12.30206848709003,20.439472799537295,17.943009675233974,20.276505120427412,18.65776617291419,16.79198955562277,7,True,5.5,7.297060478776829,29.562336195964868,n/d,2026-04-22,última,,,False,False,,,Em Alta,15.8100004196167,-1.0120227504099244,-1.8193222677992948,True,False,False,sem sinal (Em Alta)
LEVE3,SMALL11,SMALL11,Consumo discricionário,70.37,70.44,70.0,,,0.9,,86.13,57.73,36.62,99.3,False,10,Pivô de alta,6,8,False,,True,,True,False,True,False,True,True,7,10,True,True,True,False,False,True,True,True,True,True,True,0.96,True,4367067136.0,6.27,4.53,8.85,19.55,72.29,64.73,34.45,12.31,5.14,1.09,0.44,1.37,1.44,0.18,122.58,35.0,6.32,13.84,0.81,77.23,22.71,24.26,35.6,32.8,-9.5,-2.2,0.65,0.46,32.220001220703125,44.99391780044572,83.46371751982682,68.08851932604726,28.67701478072886,154.16268526652215,98.51666666666667,62.178949724163935,25.05340239658382,77.1544958692002,68.08851932604726,61.27966739344254,7,True,6.2,90.19138755980858,139.46149269424666,n/d,2026-04-30,última,"A Metal Leve (LEVE3) apresenta uma notável eficiência operacional no setor de consumo discricionário, evidenciada por um retorno sobre o patrimônio líquido de 72,3% e um retorno sobre o capital investido de 34,4%, ambos posicionados muito acima das médias dos seus pares setoriais de 12,5% e 13,1%, respectivamente. Essa alta qualidade técnica convive com múltiplos de preço atrativos, uma vez que o indicador preço sobre lucro de 6,27 sugere um papel descontado frente à sua capacidade de geração de caixa, embora o preço sobre valor patrimonial de 4,53 reflita o forte ágio sobre seus ativos tangíveis devido à alta rentabilidade. O perfil de endividamento da companhia é controlado, com a relação entre dívida líquida e EBITDA em 1,09, patamar significativamente abaixo da média setorial de 2,67, o que garante solidez financeira mesmo diante de uma relação dívida sobre patrimônio de 1,44 e liquidez corrente de 1,37. Essa estrutura de capital robusta suporta um pagamento de dividendos altamente atrativo, com rendimento de 8,85% que se mostra sustentável e coerente com a forte geração de lucro líquido, cuja margem se situa em 12,31%. Por outro lado, o crescimento da empresa demanda atenção, visto que a taxa de crescimento anual composta da receita nos últimos cinco anos, de 35,0%, ficou abaixo da média do setor de 76,6%, indicando uma expansão mais lenta que a de seus concorrentes diretos. No checklist de critérios fundamentalistas, a empresa atende a 6 de 8 requisitos, falhando apenas na margem líquida idealizada de 15% e no ritmo de crescimento frente aos pares, mas validando sua governança pela ausência de venda de ações por controladores e pelo porte adequado de mercado. Sob a ótica do valuation, as estimativas de preço-teto revelam uma dispersão acentuada entre os métodos analíticos, variando desde os conservadores 28,68 reais pelo modelo de Graham até os otimistas 154,16 reais pela fórmula de Lynch. Tomando como referência a média ponderada de 77,15 reais e a mediana de 68,09 reais, o preço-teto ajustado com margem de segurança de 61,28 reais sinaliza um expressivo potencial de valorização de 90,2% em relação à cotação atual de 32,22 reais. Em suma, o investimento em LEVE3 contrapõe, como pontos positivos, a rentabilidade excepcional, o endividamento sob controle e o robusto retorno em proventos, enquanto traz como pontos negativos o crescimento histórico inferior ao do setor e uma nota de segurança financeira moderada de 37 em 100.",Pivô de alta,False,False,,,Em Alta,34.0,-5.23529052734375,-11.019049888572063,True,True,True,Pivô de alta
VTRU3,SMALL11,SMALL11,Consumo discricionário,70.29,71.67,62.5,,,0.9,P/L=1.85<2,85.85,90.24,48.88,6.99,False,11,Rompimento,8,8,True,,True,,,,True,True,True,True,5,8,True,True,True,True,True,True,True,True,True,False,True,0.44,True,2018663680.0,1.85,0.5,0.19,0.21,27.23,9.79,15.07,48.63,2.89,2.49,2.31,2.13,0.76,,0.38,1514.7,4.01,6.01,0.37,51.99,48.01,10.08,16.86,34.1,-19.8,1.4,1.16,0.52,13.520000457763672,0.19909863731954786,0.3693279722277612,96.83243571101006,66.68023150872943,219.24325066643792,0.39176666666666665,88.42811110212996,58.95906814039705,,,,4,False,1101.2,,,n/d,n/d,,,Rompimento,False,False,,,Em Alta,13.15999984741211,2.7355669796786275,-22.065498789947924,False,True,False,"Rompimento (vol x1.1, +2.7% do topo, MM50>MM200)"
RIAA3,SMALL11,SMALL11,Consumo discricionário,70.1,70.12,70.0,,,0.9,,65.64,93.9,39.37,92.31,False,12,Não,4,8,False,,False,,False,False,True,True,True,True,7,10,True,True,False,False,False,True,True,False,True,False,True,0.47,True,3424070144.0,2.24,0.63,47.47,13.13,28.35,8.06,8.96,14.35,2.52,2.11,3.3,1.61,0.68,0.15,29.42,16.6,5.11,4.35,1.05,64.01,35.99,5.72,10.43,19.2,-34.6,-21.0,1.63,0.61,6.820000171661377,6.39763979021218,11.867621810843593,40.341518872550544,27.23211426856263,85.65489269548712,49.84566519878038,36.84017949870655,35.728079849703,,,,6,False,13.4,,,n/d,n/d,,,,False,False,,,Em Baixa,8.079999923706055,-15.594056484430673,-37.04690147032207,False,False,False,sem sinal (Em Baixa; sem novo topo (-15.6%))
PETR4,BOVA11,BOVA11,Energia,69.04,74.16,40.0,,,0.9,DY5a=39.1%>=20,86.22,82.98,35.99,,False,13,Não,7,8,False,,True,,False,False,True,True,True,False,4,10,True,True,True,True,True,True,True,False,True,True,True,0.66,True,605292396544.0,4.28,1.19,5.18,39.11,27.73,30.77,19.69,24.32,2.74,1.29,0.92,0.85,0.76,0.29,167.39,96.8,4.48,10.07,0.28,65.87,33.99,27.69,48.52,60.0,-8.7,3.6,0.37,0.25,44.29999923706055,123.75256168444228,229.56100192464044,137.14368922688132,93.11070448923404,310.5140133438823,56.64301999999999,125.2406520486992,59.54352921514344,141.93864649161537,124.49660686657074,112.04694617991368,8,True,5.5,152.92764810293113,220.4032707361136,n/d,2026-08-24,próxima,,,False,False,,,Em Alta,44.31999969482422,-0.045127386961618665,-9.882293313609647,True,False,False,sem sinal (Em Alta)
BRSR6,SMALL11,SMALL11,Produtos financeiros,68.91,70.04,62.5,17.35,,0.4,,45.54,91.78,90.71,84.62,False,14,Não,2,6,False,,True,,False,False,True,,False,True,5,8,False,False,False,,False,,True,True,True,False,True,,True,5463898624.0,3.57,0.47,11.88,10.16,13.26,9.63,0.0,22.38,,,,,,0.42,36.28,-29.2,4.11,1.0,,93.0,6.99,10.04,18.55,33.1,-28.0,-8.9,1.06,0.63,13.359999656677246,9.69707911364693,17.988081755815056,49.58543289943235,48.923178946415526,69.64895943107214,33.990231001494124,29.87346038105221,,33.85458188558051,33.990231001494124,30.591207901344713,3,True,5.1,128.9761129301782,153.40256553569742,n/d,n/d,,,,False,False,,,Em Baixa,14.380000114440918,-7.093188106023385,-28.26449531219547,False,False,False,sem sinal (Em Baixa; sem novo topo (-7.1%))
CXSE3,BOVA11,BOVA11,Insurance,68.84,65.55,87.5,,1.6,0.3,,63.99,34.58,100.0,81.12,False,15,Não,4,6,False,,True,,True,True,True,,True,True,7,8,True,False,False,,True,,True,True,True,True,True,,True,54749999104.0,12.1,3.97,7.41,9.62,32.79,28.44,-1.21,75.43,,,,,,0.95,116.46,12.8,10.62,20.76,,8.23,91.77,12.48,22.04,46.2,-17.2,-2.5,0.67,0.53,18.25,12.546422628819291,23.273613976459785,19.984504132231404,12.490107874663696,33.82230717384051,22.898448930232796,16.164285714285715,,19.67574741693582,21.441476531232098,19.29732887810889,4,True,1.9,5.738788373199388,7.812314613346971,2026-11-09,2026-11-04,próxima,,,False,False,,,Em Baixa,19.892946243286133,-8.258938737345789,-17.579574341795134,True,False,False,sem sinal (Em Baixa; sem novo topo (-8.3%))
ABCB10,SMALL11,SMALL11,Produtos financeiros,68.47,71.73,50.0,,,0.4,,75.67,64.63,,,False,16,Não,1,3,False,,,,,,True,,False,,1,2,True,False,,,False,,,,True,True,True,,True,,,0.92,,,14.9,,,40.92,,,,,,,,-2.9,,1.54,,,,,,,,,,,,,,,,,,,,,,,0,True,,,,n/d,n/d,,,,False,False,,,,,,,False,False,False,histórico insuficiente
PETR3,BOVA11,BOVA11,Energia,67.93,72.86,40.0,,,0.9,DY5a=37.2%>=20,86.22,78.32,35.99,,False,17,Não,7,8,False,,True,,False,False,True,True,True,False,4,10,True,True,True,True,True,True,True,False,True,True,True,0.7,True,635930083328.0,4.77,1.32,4.65,37.2,27.73,30.77,19.69,24.32,2.95,1.29,0.92,0.85,0.76,0.32,177.45,96.8,3.34,10.07,0.28,65.87,33.99,29.5,53.92,67.3,-8.5,3.6,0.4,0.24,49.34000015258789,131.10545942014772,243.200627224374,137.0555559794108,93.27048829872966,310.3144663684773,56.58797333333334,125.16016810195254,57.94369867879904,144.32980467565304,128.13281376105013,115.31953238494512,8,True,5.5,133.7242238109247,192.52088412910743,2026-08-06,2026-08-24,próxima,,,False,False,,,Em Alta,49.40999984741211,-0.14167110916897263,-9.654870529779725,True,False,False,sem sinal (Em Alta)
VLID3,SMALL11,SMALL11,Bens Industriais,67.63,67.21,70.0,,,0.7,,62.15,74.66,66.5,72.73,False,18,Não,4,8,False,,True,,False,False,True,True,False,True,7,10,True,False,True,False,False,True,True,False,True,True,True,0.1,True,1355259392.0,6.13,0.81,11.01,8.58,13.18,13.73,15.68,11.15,3.19,0.46,0.41,2.3,0.41,0.98,52.6,-32.9,9.96,7.53,1.13,45.32,54.23,16.3,22.63,6.3,-23.4,-3.1,0.94,0.52,17.329999923706055,10.621208275599853,19.702341351237724,37.458808970490246,36.8907150460014,41.919905519690836,34.522563269236954,18.654585422359673,31.246004210440322,31.484989112779594,34.522563269236954,31.07030694231326,7,True,3.9,79.28624973512875,81.67910704783469,2026-11-04,2026-08-13,última,,,False,False,,,Em Baixa,18.46053695678711,-6.124074482380681,-24.097224567711105,True,False,False,sem sinal (Em Baixa; sem novo topo (-6.1%))
LAVV3,SMALL11,SMALL11,Imobiliário,67.02,64.73,80.0,,,0.8,,66.53,57.41,55.0,94.41,False,19,Não,5,8,False,,True,,True,False,True,True,False,True,8,10,True,True,False,True,False,True,True,False,True,True,True,0.37,True,1903530496.0,5.27,1.31,24.94,14.02,24.9,19.67,8.69,19.91,6.78,1.5,2.42,4.12,0.86,0.81,73.89,-30.3,2.78,4.85,1.47,60.31,33.37,9.22,18.94,5.6,-48.6,-16.4,1.47,0.71,9.739999771118164,9.75423668274701,18.0941090464957,24.48861422529709,17.58365889509133,37.929426912425974,23.952575851869373,12.490771680889873,9.739999771118164,19.254174133241815,17.838883970793514,16.054995573714162,8,True,3.9,64.83568738185946,97.68146391887865,n/d,2026-02-03,última,,,False,False,,,Em Baixa,10.569999694824219,-7.852411993090957,-48.68282399352185,True,False,False,sem sinal (Em Baixa; sem novo topo (-7.9%))
DIRR3,BOVA11+SMALL11,BOVA11,Consumo discricionário,66.91,66.36,70.0,,,0.9,,71.92,56.29,54.14,90.91,False,20,Não,5,8,False,,True,,False,False,True,False,True,True,7,10,True,True,False,True,False,True,True,False,True,True,True,0.54,True,3429433856.0,6.37,2.34,14.79,12.12,36.78,26.14,9.99,17.73,4.7,0.6,0.83,4.18,1.16,0.76,77.21,8.6,4.56,5.44,1.01,82.45,14.5,10.3,16.95,1.7,-38.2,-18.4,1.46,0.64,10.479999542236328,9.072864340094373,16.83016335087506,21.799057132595184,12.875819439894014,33.73326030337276,25.462958162275374,13.06488826806319,9.30550460634233,17.768064450439034,14.947525809469125,13.452773228522213,8,True,3.7,28.366162367708704,69.54260712350666,n/d,2025-12-17,última,,,False,False,,,Em Baixa,11.8100004196167,-11.261649704696087,-39.274102934879096,True,False,False,sem sinal (Em Baixa; sem novo topo (-11.3%))
TGMA3,SMALL11,SMALL11,Bens Industriais,66.73,66.15,70.0,,,0.7,,78.74,33.52,70.07,83.22,False,21,Rompimento,6,8,False,,True,,False,False,True,True,True,True,7,10,True,True,True,False,False,True,True,True,True,True,True,0.03,True,2266940672.0,8.93,2.28,10.56,10.07,25.55,24.91,27.01,10.14,6.17,0.07,0.04,2.22,0.23,3.46,89.9,23.5,6.77,14.79,1.33,34.75,65.25,26.65,39.14,29.0,-12.2,12.1,0.91,0.51,34.380001068115234,24.723478488732763,31.088869945042557,34.57974236435324,36.141318466773505,48.69040256703504,47.81492035571107,16.526684414201846,29.952703773416243,33.68976504690828,32.8343061546979,29.55087553922811,8,True,2.9,-14.046321637161796,-2.0076672477101765,n/d,2026-08-07,última,"A Tegma (TGMA3) apresenta-se como uma operação de alta eficiência no setor de bens industriais, destacando-se por indicadores de rentabilidade excepcionais, com ROE de 25,6% e ROIC de 27,0% que se posicionam muito acima das médias setoriais de 14,5% e 12,6%, respectivamente. Essa expressiva qualidade operacional convive com múltiplos de preço que sugerem um valuation misto, onde o P/L de 8,93 indica um patamar atrativo, enquanto o P/VP de 2,28 reflete o prêmio cobrado pelo mercado sobre o seu patrimônio líquido. O perfil de endividamento é extremamente conservador, evidenciado pela relação Dívida Líquida/EBITDA de apenas 0,07, patamar substancialmente abaixo da média dos pares de 2,37, o que garante uma sólida liquidez corrente de 2,22 e robustez financeira para a companhia. Essa estrutura de capital desalavancada, somada à forte geração de caixa, sustenta um excelente Dividend Yield de 10,56%, mostrando-se plenamente coerente e sustentável frente ao lucro líquido e à saúde do balanço. No quesito expansão, contudo, o crescimento de receita medido pelo CAGR de 5 anos de 23,5% ficou ligeiramente abaixo da média do setor de 27,1%, o que ajuda a explicar o PEG ratio mais esticado de 3,46. No checklist de critérios fundamentalistas, a empresa demonstra forte consistência ao atender 6 dos 8 requisitos avaliados, falhando apenas na margem líquida de 10,14% (abaixo do sarrafo de 15%) e no já mencionado crescimento inferior aos pares. Sob a ótica de valuation, a análise dos preços-teto revela uma dispersão relevante entre as metodologias, variando desde os conservadores R$ 24,72 pelo método de Bazin até os otimistas R$ 48,69 pelo modelo de Lynch. Com o papel cotado a R$ 34,38, o preço atual situa-se ligeiramente acima da média estimada de R$ 33,69 e da mediana de R$ 32,83, resultando em um upside negativo de 14,0% quando comparado ao preço-teto ajustado com margem de segurança de R$ 29,55. Em balanço, os principais prós residem na espetacular rentabilidade sobre o capital, endividamento quase nulo e proventos altamente atrativos, ao passo que os contras concentram-se no crescimento de receita abaixo da média setorial e na ausência de margem de segurança nos preços atuais.",Rompimento,False,False,,,Em Alta,34.06999969482422,0.9098954390014624,-13.041503615777927,True,True,True,"Rompimento (vol x0.8, +0.9% do topo, MM50>MM200)"
LREN3,BOVA11+SMALL11,BOVA11,Consumo discricionário,65.86,65.13,70.0,,,0.9,,68.22,73.2,56.52,48.25,False,22,Não,6,8,False,,True,,False,False,True,True,True,True,7,10,True,True,True,False,False,True,True,True,True,True,True,0.13,True,10560473088.0,7.41,1.07,8.29,4.36,14.41,11.89,23.53,9.35,1.99,0.59,0.35,1.69,0.32,0.76,32.33,3.2,6.42,6.22,1.29,46.72,53.28,10.5,16.05,4.7,-31.5,-21.3,1.46,0.66,10.989999771118164,3.4248095824620255,6.353021775467058,19.651484071162706,18.513475240296998,20.933330424492404,15.173916306286513,13.052921353391156,28.642182798334687,,,,6,False,8.4,,,2026-11-05,2026-06-24,última,,,False,False,,,Em Baixa,13.850000381469727,-20.649823332698467,-33.44155392560501,True,False,False,sem sinal (Em Baixa; sem novo topo (-20.6%))
INTB3,SMALL11,SMALL11,Tecnologia de informação,65.81,66.83,60.0,,,0.5,,72.0,56.43,78.51,46.15,False,23,Fundo duplo,5,8,False,,True,,False,False,True,True,True,True,6,10,True,True,True,False,False,True,True,False,True,True,True,-0.17,True,4600588288.0,7.72,1.39,8.55,4.3,18.07,19.14,17.52,13.1,6.07,-1.0,-0.8,2.64,0.26,0.64,33.2,14.3,7.08,5.97,1.67,43.4,56.17,9.95,15.13,41.3,-7.1,2.4,1.03,0.48,14.0600004196167,4.318536266885799,8.010884775073155,24.131477404134873,20.35919220371624,29.81638085344098,16.740905189450004,18.684363409258886,14.0600004196167,18.829029179241548,18.684363409258886,16.815927068332996,7,True,6.9,19.601184683260687,33.91912245586448,n/d,n/d,,,Fundo duplo,False,False,,,Lateral,15.130000114440918,-7.07204022954997,-10.211677064666846,False,True,False,Fundo duplo — rompeu pescoço ~R$13.81 (candidato)
GRND3,SMALL11,SMALL11,Consumo discricionário,65.74,64.99,70.0,,,0.9,,62.72,52.77,67.84,100.0,False,24,Não,5,8,False,,True,,False,False,True,True,False,True,7,10,True,True,False,True,False,True,True,False,True,True,True,-0.31,True,3238754304.0,5.59,1.01,39.64,19.56,18.04,16.72,7.81,24.95,8.57,-3.59,-6.43,2.05,0.02,,109.33,-24.5,4.79,2.66,2.01,29.93,70.07,3.43,4.92,4.7,-27.1,-9.6,0.73,0.46,3.5899999141693115,5.015290531738649,7.302263014211473,6.679069607756858,7.166698040406156,,5.269110193822403,1.7156401327617208,2.311216361884217,5.623941291636626,5.974089900789631,5.376680910710668,6,True,4.3,49.768274074033684,56.65575003051073,n/d,n/d,,,,False,False,,,Em Baixa,3.75,-4.266668955485031,-27.798860122580273,False,False,False,sem sinal (Em Baixa; sem novo topo (-4.3%))
CEAB3,BOVA11+SMALL11,BOVA11,Consumo discricionário,65.18,64.92,66.66666666666667,,,0.9,,59.9,91.75,44.01,62.24,False,25,Não,5,8,False,,False,,False,,True,True,False,True,6,9,True,True,True,False,False,True,True,False,False,False,True,0.51,True,2292100096.0,4.19,0.62,6.83,6.49,14.79,7.33,14.93,7.02,1.89,1.94,1.82,1.67,0.72,0.39,27.18,-9.5,4.11,5.91,0.81,60.22,39.78,7.28,17.96,4.9,-57.5,-28.5,1.71,0.58,7.639999866485596,3.5399884803831614,6.566678631110765,24.159904112394777,22.4844233478593,31.46614680972297,9.614841883373693,17.214953620720443,,,,,5,False,8.9,,,n/d,n/d,,,,False,False,,,Em Baixa,9.779999732971191,-21.881389825308894,-57.72948569142218,False,False,False,sem sinal (Em Baixa; sem novo topo (-21.9%))
ALPA4,SMALL11,SMALL11,Consumo discricionário,64.78,63.86,70.0,,,0.9,,75.58,43.06,58.01,74.83,False,26,Pivô de alta,6,8,False,,False,,False,False,True,True,True,True,7,10,True,True,True,False,True,True,True,False,True,False,True,0.19,True,8720960512.0,12.51,2.42,13.98,8.78,19.37,-7.05,17.96,14.52,8.01,0.82,0.64,1.91,0.39,0.13,109.81,92.8,10.45,7.61,0.98,45.48,54.52,7.74,16.06,65.9,-20.0,5.1,1.08,0.46,12.84000015258789,8.050127606666257,14.932986710365906,13.599520545306918,11.069294705240331,30.791367272393025,10.329989999999999,12.419184799865187,6.103131550478226,10.929176559703262,11.069294705240331,9.962365234716298,7,True,5.0,-22.41148663297802,-14.88180350604984,n/d,n/d,,,Pivô de alta,False,False,,,Em Alta,13.529999732971191,-5.099775269779528,-20.838466731522796,False,True,False,Pivô de alta
MULT3,BOVA11+SMALL11,BOVA11,Imobiliário,63.16,61.95,70.0,,,0.8,,86.33,41.34,43.93,39.86,False,27,Não,7,8,False,,True,,False,False,True,True,True,True,7,10,True,True,True,True,True,True,True,False,True,True,True,0.74,True,13189512192.0,9.94,2.04,4.18,3.71,20.52,17.07,18.7,43.42,7.43,2.13,1.59,1.64,0.75,0.77,36.86,62.0,10.15,10.89,0.29,52.11,47.88,25.22,35.12,6.5,-23.5,-9.2,1.26,0.8,26.860000610351562,7.115263326126792,13.198813469965199,35.80432676933181,28.293651593356557,45.03018691813044,26.500393569500467,29.224231755899925,23.5668842743778,28.802641192937454,28.293651593356557,25.464286434020902,7,True,6.3,-5.196255192163946,7.23246663604773,2026-10-29,2026-07-01,última,,,False,False,,,Em Baixa,29.06999969482422,-7.60233611170672,-23.862246653975916,True,False,False,sem sinal (Em Baixa; sem novo topo (-7.6%))
BBSE3,BOVA11,BOVA11,Insurance,62.43,60.21,75.0,,1.3,0.3,,67.91,33.14,61.0,91.61,False,28,Não,5,6,False,,True,,True,False,True,,False,True,6,8,True,True,False,,True,,True,True,True,True,True,,True,72195031040.0,7.86,6.63,12.51,12.83,84.38,83.67,0.0,87.93,,,,,,,100.82,-0.1,8.44,28.81,,55.04,44.96,28.02,40.52,32.7,-8.2,4.5,0.53,0.5,37.189998626708984,34.0729433009208,49.61020544614069,49.2081406765615,24.43708413962328,,59.50416498381771,12.640003168292585,,48.098863601860174,49.4091730613511,44.46825575521599,4,True,1.7,19.57046893591423,29.332792089206205,2026-11-03,2026-08-07,última,,,False,False,,,Em Baixa,40.03296661376953,-7.101567102155992,-8.771315245517197,True,False,False,sem sinal (Em Baixa; sem novo topo (-7.1%))
VIVA3,BOVA11+SMALL11,BOVA11,Consumo discricionário,62.36,62.78,60.0,,,0.9,,76.47,54.06,65.87,16.78,False,29,Não,6,8,False,,True,,False,False,True,True,True,True,6,10,True,True,True,True,False,True,True,False,True,True,True,0.28,True,5060106752.0,8.68,1.6,3.24,1.97,18.4,21.98,17.32,18.56,5.73,1.1,0.89,4.19,0.4,0.58,17.11,0.4,6.74,10.38,1.73,37.54,62.46,20.42,35.35,5.4,-39.1,-7.3,1.13,0.52,21.520000457763672,3.029635329004483,5.619973535303315,32.85023111352173,27.391365396397653,42.07544947840068,10.853405399094557,29.999078979140602,14.591558630935726,,,,6,False,13.9,,,n/d,2025-12-22,última,,,False,False,,,Em Baixa,22.84000015258789,-5.779333126119335,-40.04150742438293,True,False,False,sem sinal (Em Baixa; sem novo topo (-5.8%))
SEER3,SMALL11,SMALL11,Consumo discricionário,62.02,62.38,60.0,,,0.9,,69.98,83.46,39.62,20.98,False,30,Não,5,8,False,,False,,False,False,True,True,True,False,6,10,True,True,True,False,False,True,True,False,True,False,True,0.84,True,1421249280.0,5.26,0.94,4.3,2.42,17.83,-1.1,17.04,11.85,2.46,1.79,1.47,1.64,0.92,0.35,12.72,29.3,4.44,9.65,0.47,59.3,40.7,7.9,13.75,40.5,-19.3,-7.2,1.44,0.48,11.100000381469727,1.9179377926654557,3.5577746053944206,27.961027576896168,23.678678118859235,36.75877087820575,9.158754146,25.53422140984481,40.682222654568726,,,,5,False,21.2,,,n/d,n/d,,,,False,False,,,Em Baixa,12.350000381469727,-10.121457177244576,-21.443734666884527,False,False,False,sem sinal (Em Baixa; sem novo topo (-10.1%))
ABCB4,SMALL11,SMALL11,Produtos financeiros,61.49,65.72,37.5,16.87,,0.4,,51.24,70.56,83.86,82.52,False,31,Não,2,6,False,,True,,False,False,True,,False,True,3,8,True,False,False,,False,,True,False,True,True,True,,True,5860093440.0,5.81,0.82,11.46,10.05,14.05,14.98,0.0,40.92,,,,,,0.99,58.38,-2.9,4.76,1.54,,89.78,10.19,18.99,26.85,19.7,-15.3,-4.1,0.91,0.69,22.739999771118164,16.320280528944288,29.667190894085476,50.82005075434072,49.418177237798744,62.21486262115527,45.81119024975303,24.843114413183063,,35.65467810678088,37.73919057191925,33.96527151472733,4,True,3.1,49.36355257956626,56.792781291341576,n/d,n/d,,,,False,False,,,Em Baixa,24.15999984741211,-5.877483796615368,-16.78982394266102,False,False,False,sem sinal (Em Baixa; sem novo topo (-5.9%))
TEND3,SMALL11,SMALL11,Consumo discricionário,61.37,63.38,50.0,,,0.9,,76.9,59.52,52.33,34.27,False,32,Não,5,8,False,,False,,False,False,True,True,False,False,5,10,True,True,True,False,False,True,True,False,True,False,True,0.24,True,3819112192.0,6.59,2.48,4.69,3.32,37.61,-8.65,14.39,12.08,4.53,0.47,0.46,1.96,0.79,0.44,21.89,-11.5,4.57,7.18,0.76,81.81,18.11,19.56,36.71,59.2,-15.2,-1.8,1.58,0.56,31.139999389648438,7.388909085479433,13.706426353564346,62.610772672661874,36.53770887188449,86.57734719900435,22.371698581438093,57.176630138808214,28.915100383980327,,,,6,False,11.7,,,n/d,n/d,,,,False,False,,,Em Alta,33.66999816894531,-7.5141042972504675,-16.36230233950623,False,False,False,sem sinal (Em Alta)
TOTS3,BOVA11+SMALL11+Wishlist,BOVA11,Tecnologia de informação,61.36,58.07,80.0,,,0.5,,86.12,32.21,49.34,13.99,False,33,Pivô de alta,6,8,False,,True,,False,False,True,True,True,True,8,10,True,True,True,True,True,False,True,False,True,True,True,0.55,True,18349213696.0,13.08,3.42,2.19,1.39,26.12,14.98,23.37,21.63,7.53,2.09,1.25,1.84,0.92,0.87,18.17,269.5,15.21,7.39,1.0,42.41,54.01,27.05,47.43,19.0,-32.1,3.3,0.96,0.44,32.18000030517578,3.1924819635435444,5.922054042373275,32.598241899356196,22.82235087014609,40.32069969933077,10.31544863870364,29.76896052695925,23.55072765225805,,,,6,False,12.6,,,2026-11-04,2026-06-16,última,"A TOTVS (TOTS3) apresenta-se como uma operação de alta eficiência operacional no setor de tecnologia, o que é evidenciado por um ROE de 26,1% e um ROIC de 23,4% que se posicionam significativamente acima dos pares setoriais (9,1% e 13,4%, respectivamente), sugerindo uma forte capacidade de geração de valor sobre o capital empregado. Essa qualidade superior convive com múltiplos de preço que demandam atenção, pois o P/L de 13,08 e o P/VP de 3,42 revelam que o mercado cobra um prêmio pelo papel, embora o PEG de 0,87 indique que esse preço está atrativo quando ajustado ao forte ritmo de crescimento. No âmbito financeiro, a excelente rentabilidade traduzida em uma margem líquida de 21,63% suporta um endividamento cuja relação Dívida Líquida/EBITDA de 2,09 está acima da média do setor (1,16), mas ainda controlada e respaldada por uma confortável liquidez corrente de 1,84. Essa alavancagem mais alta e o foco no reinvestimento explicam o modesto dividend yield de 2,19%, indicando que a distribuição de proventos é secundária frente à estratégia de expansão da companhia. O crescimento histórico é o grande destaque da tese, com um CAGR de receita de cinco anos de impressionantes 269,5%, patamar amplamente superior à média setorial de 85,6%. Esse desempenho robusto é chancelado pelo checklist de critérios fundamentalistas, no qual a empresa atende a 6 dos 8 requisitos avaliados, falhando apenas no endividamento acima do setor e nas transações de insiders. Sob a ótica do valuation, as estimativas de preço-teto revelam uma enorme dispersão entre os métodos de fluxo de caixa e crescimento, como o DCF de R$ 32,60 e o modelo de Lynch de R$ 40,32, que mostram upside frente à cotação atual de R$ 32,18, em contraste com as abordagens de dividendos de Bazin (R$ 3,19) e Gordon (R$ 5,92), que penalizam o papel pelo baixo payout atual. Em balanço, os prós residem na extraordinária rentabilidade, no crescimento de receita muito acima dos pares e na sólida eficiência operacional, enquanto os contras concentram-se no endividamento superior à média do setor, na baixa atratividade para geração de renda passiva imediata e no valuation esticado por métricas tradicionais de dividendos.",Pivô de alta,True,False,,,Lateral,32.5099983215332,-1.0150662362195417,-32.51371844048004,True,True,True,Pivô de alta
SAPR11,SMALL11,SMALL11,Serviços públicos,60.85,59.23,70.0,,,0.1,,57.82,57.12,64.59,60.14,True,34,Não,4,8,False,,True,,False,False,False,True,True,True,7,10,False,False,True,False,False,True,True,True,False,True,True,0.21,True,10043467776.0,22.06,0.83,1.66,6.34,3.76,14.91,11.83,6.04,3.93,0.89,1.05,1.86,0.6,1.92,139.92,11.5,6.25,5.91,0.51,53.34,46.66,31.45,47.9,5.7,-30.6,-13.2,0.97,0.55,33.22999954223633,15.055184914824654,27.927368016999733,19.959088573646024,36.83662170557399,26.87749698745526,15.033916666666668,14.912828443705335,76.15609957570291,22.371786472695952,19.959088573646024,17.963179716281424,7,True,5.1,-45.94288304623754,-32.675935056030504,n/d,n/d,,,,False,False,,,Em Baixa,36.22999954223633,-8.280430687012984,-31.79392711485496,False,False,False,sem sinal (Em Baixa; sem novo topo (-8.3%))
CYRE3,BOVA11+SMALL11,BOVA11,Consumo discricionário,60.7,59.06,70.0,,,0.9,,60.93,62.72,45.9,67.83,False,35,Rompimento,4,8,False,,True,,False,False,True,True,False,True,7,10,True,True,False,True,False,False,True,False,True,True,False,0.53,True,8465445888.0,5.14,0.94,10.0,7.26,18.26,15.44,7.03,20.56,8.37,3.08,6.13,3.37,0.73,0.45,37.33,-2.0,4.31,3.68,1.17,56.08,39.17,19.83,35.31,16.5,-34.5,1.1,1.72,0.67,23.110000610351562,11.990038284090833,22.241521016988496,59.57344515314361,49.87073049461024,84.10530953955626,30.758877758062205,44.34953678877664,5.075463930454974,,,,6,False,16.6,,,n/d,n/d,,,Rompimento,False,False,,,Lateral,22.56999969482422,2.3925605796582206,-35.832554413498805,False,True,False,"Rompimento (vol x1.4, +2.4% do topo, MM50>MM200)"
BBDC3,BOVA11,BOVA11,Produtos financeiros,60.47,60.11,62.5,15.65,,0.4,,48.9,69.63,66.43,74.13,False,36,Não,3,6,False,,True,,False,False,True,,True,True,5,8,True,False,False,,True,,True,False,True,True,True,,True,156077703168.0,6.13,0.87,9.87,8.7,14.13,11.35,0.0,26.07,,,,,,0.93,53.34,17.8,,1.07,,92.32,7.66,12.4,17.96,15.5,-20.2,-8.5,1.15,0.84,14.329999923706055,8.905780241131142,16.52022234729827,30.974306523508194,29.433884650498353,35.753519017663635,25.584443327675828,15.933788176743146,,20.496188109903358,21.05233283748705,18.947099553738347,4,True,3.5,32.219816152226535,43.029924766409835,2026-11-04,2026-09-02,próxima,,,False,False,,,Em Baixa,16.13422966003418,-11.182620889532469,-21.221344844737043,True,False,False,sem sinal (Em Baixa; sem novo topo (-11.2%))
ITSA4,BOVA11,BOVA11,Financial Services,60.46,59.36,66.66666666666667,,,0.4,,60.65,48.9,,79.72,False,37,Não,5,6,False,,True,,False,False,True,,True,True,6,9,True,True,True,,True,,True,False,True,True,True,,True,140091883520.0,7.72,1.49,9.01,9.4,19.36,17.48,0.38,214.29,,,,,,1.45,72.56,28.4,6.58,0.38,0.64,16.02,79.82,9.47,14.81,32.0,-15.6,-6.3,1.23,0.88,12.5,8.391865502997806,14.242013492607304,19.628068054391697,17.482336999533576,23.820246943002374,17.412082548542468,9.732369229741668,,14.91850739963482,15.827048020574885,14.244343218517397,4,True,2.3,13.954745748139175,19.34805919707856,n/d,2026-09-01,próxima,,,False,False,,,Em Baixa,13.880000114440918,-9.9423638549192,-16.945172921251373,True,False,False,sem sinal (Em Baixa; sem novo topo (-9.9%))
BLAU3,SMALL11,SMALL11,Cuidados de saúde,60.3,63.88,40.0,,,0.2,,63.16,57.87,84.68,40.56,True,38,Não,6,8,False,,True,,False,False,True,True,True,False,4,10,False,True,True,False,True,True,True,True,True,True,True,-0.01,True,2069625216.0,8.94,0.9,8.29,3.82,10.02,13.86,12.24,13.09,4.81,-0.09,-0.1,3.23,0.37,1.35,34.12,4.7,6.47,5.15,1.38,37.94,62.5,8.35,13.7,7.3,-34.6,-10.2,0.76,0.25,8.960000038146973,2.442398969888162,4.53065008914254,13.279642114703286,14.983361454621866,10.441004734064034,7.313546441130416,6.8361710832115765,10.048950939968305,9.633332408120287,10.048950939968305,9.044055845971474,7,True,6.1,0.9381228511901263,7.5148701686006625,n/d,n/d,,,,False,False,,,Em Baixa,9.300000190734863,-3.655915544245003,-37.26836633034468,False,False,False,sem sinal (Em Baixa; sem novo topo (-3.7%))
ITUB4,BOVA11,BOVA11,Produtos financeiros,60.06,57.42,75.0,15.95,,0.4,,58.52,40.92,70.71,67.13,False,39,Não,4,6,False,,True,,False,False,True,,True,True,6,8,True,True,False,,True,,True,False,True,True,True,,True,425444245504.0,9.13,2.05,8.07,7.16,22.45,19.06,0.0,32.58,,,,,,1.17,65.34,8.1,7.57,1.58,,92.99,6.67,32.63,48.4,18.3,-20.3,-7.0,1.18,0.85,38.599998474121094,19.730894305993605,36.60080893761813,56.018617719836186,42.32200432760474,63.15584147752484,45.30457422890859,31.974547739821414,,39.41372379808913,40.95269158326336,36.85742242493703,4,True,2.8,-4.514445901733277,2.1080967775519266,n/d,2026-09-01,próxima,,,False,False,,,Em Baixa,43.16999816894531,-10.586054872968898,-20.737613726838788,True,False,False,sem sinal (Em Baixa; sem novo topo (-10.6%))
ISAE4,BOVA11,BOVA11,Serviços públicos,59.34,59.22,60.0,,,0.1,,61.14,48.35,59.98,76.22,True,40,Não,5,8,False,,True,,False,False,True,True,True,True,6,10,False,True,False,True,True,False,True,True,True,True,True,0.67,True,18361116672.0,6.5,0.83,6.66,8.95,12.71,14.91,9.63,26.39,7.36,3.41,4.96,5.28,0.79,1.22,58.19,220.0,8.76,6.2,0.28,54.58,44.81,20.58,31.63,26.4,-17.7,-7.6,0.98,0.68,26.020000457763672,16.638200487549405,28.24299340304624,48.53670374989067,53.137710012692935,57.109218766895815,43.11916742468362,24.065593741985882,29.312792115648755,37.520297462799164,36.215979770166186,32.594381793149566,8,True,3.4,25.26664573299142,44.19791238552462,n/d,2026-04-20,última,,,False,False,,,Em Baixa,26.889999389648438,-3.2353995969954585,-18.79763833854744,True,False,False,sem sinal (Em Baixa; sem novo topo (-3.2%))
ABEV3,BOVA11,BOVA11,Bens de primeira necessidade,59.11,58.95,60.0,,,0.0,,79.37,18.59,66.34,53.15,True,41,Não,7,8,False,,True,,False,False,True,True,True,True,6,10,True,True,True,True,True,True,True,False,True,True,True,-0.17,True,231299973120.0,14.3,2.63,5.26,5.43,18.4,17.07,20.62,18.41,8.07,-0.57,-0.39,1.02,0.03,3.48,77.67,24.6,13.51,10.3,0.81,38.81,60.59,11.06,16.9,35.6,-11.3,-4.9,0.67,0.46,15.0,5.81925214231927,8.575330935605855,11.041063304081364,11.602100554224403,10.007475711628201,14.797179513810164,5.511532865222572,10.662151853998639,9.752010860111309,10.33481378281342,9.301332404532078,8,True,2.7,-37.99111730311948,-34.98659426592461,2026-10-29,2026-09-22,próxima,,,False,False,,,Em Baixa,15.989999771118164,-6.191368263221275,-11.72672239831638,True,False,False,sem sinal (Em Baixa; sem novo topo (-6.2%))
EZTC3,SMALL11,SMALL11,Consumo discricionário,58.85,56.88,70.0,,,0.9,,50.83,60.16,67.9,53.85,False,42,Não,3,8,False,,True,,False,False,True,True,False,True,7,10,False,False,False,True,False,True,True,False,True,False,True,0.0,True,3125836544.0,5.89,0.6,8.88,5.69,10.15,7.87,5.14,36.95,9.97,0.07,0.17,3.06,0.34,0.87,33.51,-22.5,4.94,2.75,2.48,28.86,69.9,9.84,16.23,14.5,-30.5,-11.8,1.34,0.62,11.270000457763672,4.580215102796129,8.496299015686818,25.35271749836479,28.436878352091895,23.799411806744544,14.268383833777431,13.228069721356556,4.74795751088484,18.930293371337005,19.03389782026099,17.13050803823489,6,True,6.2,52.00095246166592,67.97065308277175,n/d,n/d,,,,False,False,,,Em Baixa,11.318214416503906,-0.4259855571381532,-31.462375395415354,False,False,False,sem sinal (Em Baixa; sem novo topo (-0.4%))
KEPL3,SMALL11,SMALL11,Bens Industriais,58.72,63.79,30.0,,,0.7,,64.59,47.94,65.1,97.2,False,43,Não,6,8,False,,True,,False,False,True,True,False,False,3,10,True,True,True,False,False,True,True,True,True,True,True,-0.02,True,1062069376.0,7.88,1.38,4.71,16.6,17.52,36.22,12.97,9.71,6.28,-0.07,-0.08,2.04,0.43,,130.82,-56.2,11.1,6.76,1.34,48.81,51.19,5.69,10.45,7.7,-41.3,-11.2,1.03,0.5,6.130000114440918,7.268850399997988,10.58344618239707,8.090355480988013,8.817573525689655,,8.43265594038278,2.078154498550493,5.265969804073989,8.076475222254917,8.261505710685396,7.435355139616857,6,True,5.1,21.294535086562448,31.753263808732022,n/d,n/d,,,,False,False,,,Em Baixa,6.380000114440918,-3.9184952275178375,-41.61904652913412,False,False,False,sem sinal (Em Baixa; sem novo topo (-3.9%))
BBDC4,BOVA11,BOVA11,Produtos financeiros,58.45,57.73,62.5,15.65,,0.4,,48.9,61.23,66.43,71.33,False,44,Não,3,6,False,,True,,False,False,True,,True,True,5,8,True,False,False,,True,,True,False,True,True,True,,True,176880795648.0,6.95,0.98,9.58,8.33,14.13,11.35,0.0,26.07,,,,,,1.17,57.89,17.8,5.4,1.07,,92.32,7.66,14.51,20.89,11.9,-22.3,-9.8,1.22,0.82,16.239999771118164,9.66302580700032,17.80388359889555,30.752100502168325,29.516974336859334,33.36712868872206,27.101914194212288,14.980727673377402,,21.33023102556912,22.45289889655392,20.207609006898526,4,True,3.2,24.43109169765205,31.34378895437928,n/d,2026-09-02,próxima,,,False,False,,,Em Baixa,18.49909782409668,-12.211936357436004,-23.53680885638445,True,False,False,sem sinal (Em Baixa; sem novo topo (-12.2%))
CPFE3,BOVA11,BOVA11,Serviços públicos,57.93,59.33,50.0,,,0.1,,76.55,42.12,29.8,83.92,True,45,Não,6,8,False,,True,,False,False,True,False,True,True,5,10,True,True,True,False,False,True,True,True,True,True,True,1.44,True,48763408384.0,8.12,2.15,8.82,10.15,26.43,27.84,15.57,13.16,5.48,2.35,2.11,0.92,1.55,1.75,82.44,21.5,9.69,8.79,0.29,71.02,27.73,35.03,52.32,20.8,-19.1,-7.4,0.95,0.65,42.31999969482422,30.688558144966613,48.044201533616075,58.280878134905024,48.044056648486084,77.10597621156803,60.447392848130804,29.131089561051585,74.487863906757,53.27875212368515,53.16253983426055,47.8462858508345,8,True,2.6,13.058332220843916,25.894972844721444,n/d,n/d,,,,False,False,,,Em Baixa,46.349998474121094,-8.694711784180475,-20.138642877593593,False,False,False,sem sinal (Em Baixa; sem novo topo (-8.7%))
TFCO4,SMALL11,SMALL11,Consumo discricionário,57.82,59.2,50.0,,,0.9,,81.65,30.16,66.56,16.08,False,46,Não,5,8,False,,True,,False,False,True,True,False,True,5,10,True,True,True,False,False,True,True,False,True,True,True,0.2,True,1957672320.0,13.45,3.23,2.47,1.72,23.99,26.81,27.1,13.23,8.3,0.47,0.24,2.83,0.3,0.9,23.18,-1.4,8.49,15.28,1.67,41.96,57.74,12.77,18.1,1.0,-28.7,-13.4,1.25,0.68,12.899999618530273,1.5878502681073394,2.9454622473391145,12.708178062864395,9.283645602580306,16.039397623156646,6.080625000000001,11.6052041177856,6.2110087393649085,,,,6,False,10.1,,,n/d,n/d,,,,False,False,,,Em Baixa,15.010000228881836,-14.057298988520706,-29.034558345226223,False,False,False,sem sinal (Em Baixa; sem novo topo (-14.1%))
ALUP11,SMALL11,SMALL11,Serviços públicos,57.68,55.51,70.0,,,0.1,,61.2,50.77,51.9,48.95,True,47,Não,7,8,False,,True,,False,False,True,False,True,True,7,10,True,True,True,True,True,False,True,True,True,True,True,0.85,True,15282828288.0,7.64,1.1,3.36,4.76,14.38,12.27,10.21,27.68,6.19,3.48,4.77,3.17,1.11,0.83,36.34,176.5,11.59,5.7,0.32,60.84,28.54,28.18,36.3,14.0,-11.5,-2.5,0.82,0.67,32.130001068115234,10.91768359291514,20.252303064857585,55.7228421665611,52.57254206560851,58.50180023633343,27.806445556657724,35.431904027576046,51.920615980589055,43.17263615688335,51.920615980589055,46.72855438253015,7,True,5.4,45.43589427048617,34.36861102294348,n/d,n/d,,,,False,False,,,Em Baixa,32.741859436035156,-1.8687343310945903,-12.27600833070024,False,False,False,sem sinal (Em Baixa; sem novo topo (-1.9%))
VBBR3,BOVA11,BOVA11,Consumo discricionário,57.52,55.32,70.0,,,0.9,,61.48,50.99,46.19,56.64,False,48,Não,6,8,False,,True,,False,False,True,True,True,True,7,10,True,True,True,False,True,True,True,False,False,True,True,0.74,True,41400934400.0,8.2,1.76,4.36,6.06,21.49,20.83,16.06,2.48,6.02,1.52,1.33,2.01,0.93,0.76,49.72,677.0,10.61,9.71,0.57,65.98,33.8,18.16,36.13,90.5,-4.2,7.9,1.07,0.65,34.61000061035156,14.990892114701316,27.80810487277094,55.92469610819002,43.21451128531487,71.19613402301127,38.37368980783896,39.939452486031705,20.912480023204417,42.481295515194596,39.939452486031705,35.94550723742854,7,True,4.7,3.8587304349180895,22.742833764899718,n/d,n/d,,,,False,False,,,Em Baixa,36.130001068115234,-4.2070313114523366,-5.514606603498007,False,False,False,sem sinal (Em Baixa; sem novo topo (-4.2%))
RECV3,BOVA11+SMALL11,BOVA11,Energia,57.35,62.18,30.0,,,0.9,,54.7,70.88,55.49,87.41,False,49,Não,3,8,False,,True,,False,False,True,True,False,False,3,10,False,False,False,True,False,True,True,False,True,True,True,0.36,True,3084497152.0,6.18,0.7,16.23,10.71,11.26,17.76,10.15,16.73,3.26,1.18,1.63,2.91,0.72,1.62,66.18,-14.8,6.41,5.06,0.52,50.04,49.96,8.89,13.47,18.2,-22.0,-3.8,0.7,0.39,10.510000228881836,8.038973484356603,11.463471594810963,17.322149309228596,23.969044791997696,24.687917435215258,21.049468098309013,8.614195296858457,10.40894108722206,15.69427013724983,14.39281045201978,12.953529406817802,8,True,3.1,23.249563508296276,49.32701993784401,n/d,n/d,,,,False,False,,,Lateral,10.569999694824219,-0.5676392400632002,-23.77639794874098,False,False,False,sem sinal (Lateral)
BPAC11,BOVA11,BOVA11,Produtos financeiros,56.79,53.58,75.0,15.65,,0.4,,59.63,42.92,66.43,27.27,False,50,Não,4,6,False,,True,,False,False,True,,True,True,6,8,True,True,False,,True,,True,False,True,True,True,,True,174711685120.0,11.08,2.54,2.72,2.74,22.88,20.48,0.0,39.8,,,,,,0.74,30.33,20.0,8.52,2.41,,90.46,8.68,41.48,63.41,25.0,-18.2,-5.5,1.57,0.84,51.849998474121094,10.136923398646323,18.803992904488926,62.0047364424282,46.3610505390373,83.0024282213777,11.768333333333333,56.62319327950048,,13.56974987882286,11.768333333333333,10.5915,3,True,6.1,-79.5728055705029,-73.82883263613658,n/d,n/d,,,,False,False,,,Em Baixa,56.29629898071289,-7.898033417996264,-19.681462252912997,False,False,False,sem sinal (Em Baixa; sem novo topo (-7.9%))
GMAT3,SMALL11,SMALL11,Bens de primeira necessidade,56.74,54.99,66.66666666666667,,,0.0,,48.04,73.99,57.59,33.57,True,51,Rompimento,4,8,False,,True,,False,,True,True,False,True,6,9,True,True,False,False,False,True,True,False,False,True,True,0.48,True,9557397504.0,5.89,0.85,2.87,3.24,14.52,15.23,10.1,4.11,4.18,2.06,2.86,1.74,0.56,0.5,19.08,-35.4,4.66,5.7,1.0,52.91,42.64,3.57,7.15,16.2,-42.0,0.5,1.19,0.52,4.150000095367432,0.9601294715024975,1.781040169637133,9.335738754434374,8.79776293948708,10.560950675485932,4.2337678281752185,7.086068979983279,6.873907403846603,,,,6,False,11.0,,,n/d,n/d,,,Rompimento,False,False,,,Lateral,4.03000020980835,2.9776644990494594,-42.69403944187445,False,True,False,"Rompimento (vol x1.3, +3.0% do topo, MM50>MM200)"
SANB11,BOVA11,BOVA11,Produtos financeiros,55.93,56.98,50.0,14.99,,0.4,,52.03,61.27,57.0,68.53,False,52,Pivô de alta,3,6,False,,True,,True,False,True,,True,False,4,8,True,False,False,,True,,True,False,True,True,True,,True,158786322432.0,7.15,1.12,7.81,7.32,15.69,10.65,0.0,28.66,,,,,,0.96,52.33,49.8,6.31,1.11,,90.04,9.86,24.53,36.14,20.5,-18.2,6.6,1.17,0.65,29.549999237060547,15.44734658246112,28.654827910465375,54.760488096650654,49.53209541256255,61.15959488632753,36.6506137270184,30.471714113432395,,33.87831907914889,32.65272081874189,29.387448736867704,4,True,3.5,-0.5500863092713026,14.647444852248647,n/d,n/d,,,Pivô de alta,False,False,,,Em Alta,29.93000030517578,-1.2696326904130362,-18.9502252928766,False,True,False,Pivô de alta
BMOB3,SMALL11,SMALL11,Comunicação,55.89,53.4,70.0,,,0.4,,58.08,28.94,71.15,58.04,False,53,Não,6,8,False,,True,,False,False,True,True,False,True,7,10,True,True,True,False,False,True,True,True,True,True,True,-0.3,True,1902150528.0,12.22,2.07,8.62,6.18,16.97,10.68,11.27,8.49,6.71,-1.91,-2.38,1.69,0.05,2.95,75.57,-1.0,10.18,6.02,1.43,47.82,51.18,17.95,27.93,27.0,-18.4,-6.3,1.2,0.62,22.799999237060547,10.071917121162219,14.901175176430822,19.717142160387162,21.503309996142185,19.272679954049224,23.406208608302467,9.8454915459289,18.939592179309958,17.207189592714116,19.10613606667959,17.19552246001163,8,True,2.4,-24.581039318365626,-24.529867681993288,n/d,n/d,,,,False,False,,,Em Baixa,23.73871612548828,-3.9543709249710957,-19.070553316976646,False,False,False,sem sinal (Em Baixa; sem novo topo (-4.0%))
TAEE11,BOVA11+SMALL11,BOVA11,Serviços públicos,55.82,56.85,50.0,,,0.1,,73.33,26.96,41.12,88.81,True,54,Não,6,8,False,,True,,True,False,True,False,False,True,5,10,True,True,True,True,False,False,True,True,True,True,True,0.43,True,38828597248.0,7.96,1.6,8.0,11.16,20.14,22.05,11.11,33.52,9.26,4.41,5.56,2.29,1.49,3.54,88.82,-3.2,8.68,6.46,0.24,66.19,33.81,30.9,43.57,21.6,-13.8,-5.1,0.88,0.69,37.56999969482422,29.944701695411965,36.48598304134806,41.07770285292016,49.93624997968088,63.29224291739622,16.18978532980682,19.287740233214667,26.725078635497937,35.36743558565959,33.21534236838001,29.893808131542006,8,True,3.9,-20.431705152075676,-5.8625608918172585,n/d,n/d,,,,False,False,,,Em Baixa,39.42622375488281,-4.708094976579402,-14.247203684461663,False,False,False,sem sinal (Em Baixa; sem novo topo (-4.7%))
CMIG4,BOVA11,BOVA11,Serviços públicos,55.76,55.01,60.0,,,0.1,,55.37,50.9,37.54,98.6,True,55,Não,5,8,False,,True,,True,False,True,True,False,True,6,10,True,True,False,False,False,True,True,True,True,True,True,0.67,True,28721246208.0,6.25,0.98,10.53,17.43,15.75,21.33,9.3,10.51,6.3,2.49,3.75,1.17,0.78,,108.95,-20.4,8.67,5.94,0.42,57.36,42.63,9.5,13.28,5.7,-24.4,-10.9,0.95,0.71,10.039999961853027,12.500938360048867,18.20136625223115,16.706559936523437,19.24296206468457,,14.127676775544375,4.291382840837751,14.15379224573121,15.822215939127268,15.430176091127324,13.887158482014591,6,True,4.5,38.31831209939083,57.59179282115306,n/d,n/d,,,,False,False,,,Em Baixa,11.34000015258789,-11.463846324889083,-24.713107617336316,False,False,False,sem sinal (Em Baixa; sem novo topo (-11.5%))
IGTI11,BOVA11+SMALL11,BOVA11,Imobiliário,55.66,53.13,70.0,,,0.8,,69.95,37.76,50.2,21.68,False,56,Não,3,7,False,,True,,False,False,True,True,False,True,7,10,False,False,True,True,False,True,,False,True,False,True,0.49,True,,10.96,1.42,1.25,2.45,12.93,7.32,12.16,41.91,8.44,2.15,2.47,2.73,0.9,1.16,26.9,-35.4,10.67,5.46,0.48,51.02,48.98,21.57,30.19,9.3,-21.9,-8.8,1.3,0.78,23.579999923706055,4.133603329422096,7.667834176077987,28.506842973458497,28.352124621197458,25.615877313794407,2.9734476238574445,18.529928324574083,17.357727410577056,,,,6,False,9.6,,,n/d,n/d,,,,False,False,,,Em Baixa,25.56999969482422,-7.782556882552372,-22.502011601532967,False,False,False,sem sinal (Em Baixa; sem novo topo (-7.8%))
WEGE3,BOVA11+Carteira,BOVA11,Bens Industriais,55.39,54.58,60.0,,,0.7,,86.35,6.88,60.24,19.58,False,57,Rompimento,6,8,False,,True,,False,False,True,True,False,True,6,10,True,True,True,True,False,True,True,False,True,True,True,-0.17,True,206728527872.0,33.07,10.96,4.07,2.33,33.16,31.31,24.33,15.58,21.5,-0.35,-0.2,1.59,0.29,4.35,77.06,-2.1,26.67,11.21,1.12,56.49,40.84,34.11,53.79,44.4,-8.4,7.1,0.75,0.44,49.27000045776367,8.200588206463804,15.212091122990357,19.740777322811265,12.275846544056407,14.805351332384898,20.307018939520827,11.10410746345273,12.930868905193735,14.322081229609253,13.868110118789318,12.481299106910386,8,True,2.5,-74.66754822214811,-70.93143678395792,2026-10-21,2026-06-22,última,"A WEG (WEGE3) se consolida como uma referência de eficiência operacional no setor de bens industriais, apresentando um ROE de 33,2% e um ROIC de 24,3% que se posicionam muito acima dos pares setoriais, de 14,5% e 12,6% respectivamente, o que sugere uma capacidade excepcional de gerar valor sobre o capital empregado. Essa alta qualidade, contudo, convive com múltiplos de preço bastante esticados, evidenciados pelo P/L de 33,07 e pelo P/VP de 10,96, indicando que o mercado cobra um prêmio elevado por essa excelência e que não há uma relação de pechincha entre qualidade e preço no momento. No âmbito financeiro, a excelente rentabilidade é sustentada por uma estrutura de capital extremamente robusta, com o indicador de Dívida Líquida sobre EBITDA em -0,35, patamar que fica bem abaixo da média do setor de 2,37 e revela uma posição de caixa líquido altamente confortável. Esse endividamento sob controle e a forte geração de caixa dão suporte a um dividend yield de 4,07% que se mostra sustentável e coerente com o lucro e a saúde financeira da companhia, embora o retorno direto ao acionista seja moderado devido ao foco na retenção para reinvestimentos. Por outro lado, o crescimento recente acende um sinal de alerta, visto que o CAGR de receita de 5 anos de -2,1% ficou significativamente abaixo da média setorial de 27,1%, sugerindo uma desaceleração que destoa do histórico da empresa. No checklist de critérios fundamentalistas, a WEGE3 atende a 6 dos 8 requisitos avaliados, falhando justamente na expansão de receita frente aos pares e na venda de ações por parte de insiders, o que pondera o otimismo gerado pela tendência técnica de alta e pelo sinal gráfico de rompimento. Sob a ótica do valuation, as estimativas de preço-teto revelam uma dispersão relevante entre os métodos, variando desde R$ 8,20 pelo modelo de Bazin até R$ 19,74 pelo fluxo de caixa descontado, resultando em uma média de R$ 14,32 e uma mediana de R$ 13,87. Frente ao preço atual de R$ 49,27, o preço-teto ajustado com margem de segurança de R$ 12,48 aponta para um upside negativo de -74,7%, evidenciando um descolamento expressivo entre o valor intrínseco calculado por essas metodologias e a cotação de mercado. Em balanço, os prós da companhia residem em sua rentabilidade espetacular, eficiência operacional com margem líquida de 15,58% e endividamento negativo, enquanto os contras concentram-se no valuation severamente esticado, no crescimento de receita abaixo da média do setor e na sinalização negativa das transações de insiders.",Rompimento,False,True,49.82,-1.1,Em Alta,49.16999816894531,0.20338070478416181,-9.23893834815127,False,True,False,"Rompimento (vol x1.2, +0.2% do topo, MM50>MM200)"
CMIN3,BOVA11,BOVA11,Materiais,54.93,61.09,20.0,,,1.0,,82.75,28.74,34.36,97.9,False,58,Fundo duplo,6,8,False,,True,,False,False,True,False,False,False,2,10,True,True,True,False,False,True,True,True,True,True,True,0.15,True,31754698752.0,13.74,4.37,18.46,16.61,31.79,32.01,20.33,13.41,5.34,0.18,0.12,1.17,1.22,,228.23,-10.5,14.68,8.04,0.53,80.09,19.91,4.08,6.24,44.6,-5.4,20.2,1.1,0.49,5.900000095367432,7.000252738455631,10.1923679871914,4.465793376406207,3.6116794065174167,,5.166666666666667,1.1471200019065397,5.414458127320152,,,,6,False,8.9,,,n/d,n/d,,,Fundo duplo,False,False,,,Lateral,5.909999847412109,-0.1692005465796509,-7.419964643397659,False,True,False,Fundo duplo — rompeu pescoço ~R$4.78 (candidato)
UGPA3,BOVA11,BOVA11,Consumo discricionário,54.92,52.26,70.0,,,0.9,,63.52,39.84,43.41,50.35,False,59,Rompimento,6,8,False,,True,,False,False,True,True,True,True,7,10,True,True,True,False,False,True,True,True,False,True,True,0.63,True,36849143808.0,11.16,2.15,2.89,5.11,19.25,16.17,21.5,2.26,5.2,1.13,0.74,1.64,0.98,1.35,57.04,44.3,12.65,9.73,0.63,64.07,31.75,16.7,34.58,107.1,0.0,18.3,1.01,0.56,34.58000183105469,12.624617231325944,23.418664964109627,41.05600575819664,33.48612882862086,41.461394597989305,23.714168753617226,24.384151729783813,26.425711869850527,28.321355466686743,25.40493179981717,22.864438619835454,8,True,3.3,-33.87959106670154,-18.099034219099853,n/d,n/d,,,Rompimento,False,False,,,Em Alta,34.31999969482422,0.7575819887599922,-1.5936185780319412,False,True,False,"Rompimento (vol x1.2, +0.8% do topo, MM50>MM200)"
EVEN3,SMALL11,SMALL11,Consumo discricionário,54.51,53.54,60.0,,,0.9,,40.76,72.27,46.83,77.62,False,60,Não,1,8,False,,True,,False,False,True,True,False,True,6,10,False,False,False,False,False,False,True,False,True,False,False,0.36,True,849166272.0,4.32,0.44,21.41,9.09,10.28,7.88,4.93,12.83,7.16,3.58,8.96,4.66,0.64,0.69,39.26,-35.3,2.78,2.32,1.27,57.92,36.05,4.15,8.43,3.1,-49.3,-23.2,1.34,0.63,4.28000020980835,2.7786608065585536,5.154415796166117,13.127315458324219,14.725391080413168,15.190685961795742,9.165907441170019,6.534889451098634,0.7861618511746724,,,,6,False,19.3,,,n/d,n/d,,,,False,False,,,Em Baixa,4.949999809265137,-13.535345965119404,-49.83035250746168,False,False,False,sem sinal (Em Baixa; sem novo topo (-13.5%))
VIVT3,BOVA11,BOVA11,Comunicação,54.33,46.27,100.0,,,0.4,,45.51,36.85,52.13,61.54,False,61,Não,5,8,False,,True,,True,True,True,True,True,True,10,10,False,True,True,False,True,False,True,True,True,False,True,0.16,True,93727129600.0,14.34,1.44,8.48,6.44,10.05,7.53,9.1,10.68,4.16,0.56,0.86,0.95,0.3,18.81,92.41,18.5,9.62,5.51,0.48,46.12,53.66,29.28,40.95,0.2,-28.4,-15.1,0.82,0.55,29.329999923706055,13.501177130383512,14.387636617030807,15.568712551194233,30.615933027274085,14.740453195863857,30.53638489239693,6.44413351452386,38.20992116002673,17.970632989809612,14.740453195863857,13.266407876277471,7,True,5.9,-54.7684694483928,-38.72951572943989,n/d,n/d,,,,False,False,,,Em Baixa,32.630001068115234,-10.113395759688814,-28.857154429259012,False,False,False,sem sinal (Em Baixa; sem novo topo (-10.1%))
PGMN3,SMALL11,SMALL11,Bens de primeira necessidade,53.2,57.29,30.0,,,0.0,,46.56,74.99,43.88,88.11,True,62,Não,4,8,False,,True,,False,False,False,False,True,False,3,10,False,True,True,False,True,False,True,False,False,False,True,0.99,True,2422574592.0,7.43,0.71,7.0,10.75,9.61,5.91,12.78,2.1,2.62,3.59,3.94,1.78,1.02,3.84,79.85,11.1,4.94,6.26,0.83,68.82,31.1,3.13,7.54,7.7,-55.3,-21.2,1.5,0.59,3.369999885559082,2.586813036411478,3.0602883262988803,3.8327486680383207,6.959812888294945,5.752687125735749,8.154945591836377,1.7638562263326452,,4.587307408992628,3.8327486680383207,3.4494738012344888,7,True,4.6,2.358276509621371,36.121886195007846,n/d,n/d,,,,False,False,,,Em Baixa,3.5399999618530273,-4.802262093950926,-55.77427905286873,False,False,False,sem sinal (Em Baixa; sem novo topo (-4.8%))
FLRY3,BOVA11+SMALL11,BOVA11,Cuidados de saúde,52.81,49.78,70.0,,,0.2,,56.52,31.02,51.12,63.64,True,63,Rompimento,5,8,False,,True,,False,False,True,True,True,True,7,10,False,True,True,False,True,False,True,True,True,True,True,0.7,True,10154938368.0,14.51,1.89,6.26,6.57,13.0,10.93,12.7,8.01,6.0,1.78,1.96,1.86,0.98,23.85,95.32,14.4,12.4,6.47,0.55,61.45,37.83,12.84,18.68,45.5,0.0,17.0,0.96,0.6,18.68000030517578,8.76529048108817,9.219242374155709,9.671867771550575,16.920123543201818,9.240422234310609,17.540417050999782,3.931472178783914,16.048074697232998,11.417113791415447,9.456145002930592,8.510530502637533,8,True,4.5,-54.44041561241587,-38.88054815367408,n/d,n/d,,,Rompimento,False,False,,,Em Alta,18.541507720947266,0.7469326999338444,-3.235960678022387,False,True,False,"Rompimento (vol x2.1, +0.7% do topo, MM50>MM200)"
COGN3,BOVA11+SMALL11,BOVA11,Consumo discricionário,52.71,52.21,55.55555555555556,,,0.9,,43.52,75.5,46.72,44.06,False,64,Não,2,8,False,,False,,False,,False,True,True,False,5,9,False,False,False,False,False,True,True,False,True,False,True,0.39,True,4224085248.0,6.21,0.32,5.62,4.02,5.11,0.79,10.24,8.96,3.26,2.52,3.44,1.88,0.5,1.62,24.95,30.7,4.3,4.35,0.45,44.22,55.77,2.03,4.57,3.9,-53.8,-15.6,1.6,0.62,2.109999895095825,0.6054745292096133,0.8659005939712956,3.470842903792298,7.099910980401375,2.6680903612356897,2.1708471828011935,1.7267694517916663,4.899183273787854,,,,5,False,11.7,,,n/d,n/d,,,,False,False,,,Em Baixa,2.3299999237060547,-9.442061622916341,-55.36038390050892,False,False,False,sem sinal (Em Baixa; sem novo topo (-9.4%))
RDOR3,BOVA11,BOVA11,Cuidados de saúde,52.27,49.14,70.0,,,0.2,,63.56,23.01,52.23,43.36,True,65,Não,5,8,False,,True,,False,False,True,False,True,True,7,10,True,True,True,False,True,False,True,False,True,True,True,0.72,True,74555449344.0,15.91,3.7,12.68,4.01,23.26,13.61,15.63,8.35,6.75,1.12,1.01,2.9,2.51,1.89,63.77,22.9,12.74,6.35,0.64,79.71,18.16,32.33,44.66,5.9,-23.3,-3.6,1.17,0.64,34.25,9.805953162325006,18.190043116112886,28.523727215587673,21.174632569831253,26.76923568553295,22.667391401826702,17.153469158039226,26.064632454196282,21.293635595431496,21.921011985828976,19.72891078724608,8,True,2.9,-42.397340767164735,-37.828801181221905,n/d,n/d,,,,False,False,,,Em Baixa,34.63999938964844,-1.1258643086609954,-23.80760992843718,False,False,False,sem sinal (Em Baixa; sem novo topo (-1.1%))
ASAI3,BOVA11+SMALL11,BOVA11,Bens de primeira necessidade,51.92,54.02,40.0,,,0.0,,71.19,64.06,24.97,9.79,True,66,Não,5,8,False,,True,,False,False,True,False,True,False,4,10,True,True,True,False,True,False,True,False,False,True,True,3.55,False,11243037696.0,11.79,1.79,1.24,0.83,15.21,29.87,21.18,1.24,2.74,3.72,2.46,1.12,4.25,0.86,9.82,123.2,8.94,6.76,0.41,88.47,11.53,7.01,10.43,19.9,-19.5,-3.1,1.65,0.62,8.399999618530273,0.49954743475969077,0.9266604914792264,9.44020313363241,8.67335469945862,10.36609051892663,0.7358232843787653,8.04627629522788,,,,,4,False,20.8,,,n/d,n/d,,,,False,False,,,Em Baixa,8.829999923706055,-4.869765672606086,-20.88682499492036,False,False,False,sem sinal (Em Baixa; sem novo topo (-4.9%))
SBFG3,SMALL11,SMALL11,Consumo discricionário,51.83,48.62,70.0,,,0.9,,42.6,84.69,28.13,26.57,False,67,Não,3,8,False,,True,,False,True,True,True,True,True,7,10,False,True,False,False,True,False,True,False,False,True,False,0.81,True,1891444736.0,4.52,0.59,6.61,2.69,13.07,10.92,8.98,5.01,3.95,3.46,5.39,1.62,1.0,0.39,12.17,222.5,3.62,4.64,0.8,67.87,32.13,7.96,14.95,3.0,-45.2,-21.7,1.62,0.67,8.199999809265137,1.576511909168027,2.9244295915066902,24.03761006034581,23.818251576294514,25.709361392552957,6.710859780799929,17.93725164992417,13.01488335358812,,,,6,False,16.3,,,n/d,n/d,,,,False,False,,,Em Baixa,9.649999618530273,-15.025905353206392,-46.3510410837197,False,False,False,sem sinal (Em Baixa; sem novo topo (-15.0%))
HYPE3,BOVA11+SMALL11,BOVA11,Cuidados de saúde,51.36,53.36,40.0,,,0.2,,59.83,42.52,58.03,41.96,True,68,Pivô de alta,4,8,False,,True,,False,False,True,True,True,False,4,10,False,True,False,True,True,False,True,False,True,True,True,0.41,True,14903595008.0,8.53,1.03,4.97,3.87,12.1,12.72,10.74,19.82,7.36,2.16,2.82,1.86,0.52,1.05,33.02,4.6,6.58,6.32,0.5,50.22,49.77,19.85,26.59,6.6,-20.4,-2.1,1.07,0.6,21.170000076293945,5.854145144609932,10.859439243251423,32.88423224043315,33.87809571629486,29.72141727481926,25.318017321792382,19.272615871332132,13.20520650594855,23.591289167695965,25.318017321792382,22.786215589613146,7,True,5.8,7.634461537527493,11.437359861483266,n/d,n/d,,,Pivô de alta,False,False,,,Lateral,21.84000015258789,-3.067765895663488,-21.020899627984736,False,True,False,Pivô de alta
SBSP3,BOVA11,BOVA11,Serviços públicos,51.02,51.2,50.0,,,0.1,,71.49,33.93,40.48,24.48,True,69,Não,7,8,False,,True,,False,False,True,False,False,True,5,10,True,True,True,True,False,True,True,True,True,True,True,0.75,True,83521765376.0,10.41,1.85,2.85,2.57,17.8,17.28,12.72,19.67,7.77,2.25,2.48,1.47,1.14,0.8,26.73,-33.9,9.61,7.77,0.3,59.31,40.69,21.86,35.21,8.6,-32.5,-19.1,1.11,0.71,23.75,4.355978621077254,8.080340342098307,30.229346781940443,25.67105067776809,35.613076174938456,11.56121503630818,24.797832551921534,24.137154684204226,,,,6,False,8.2,,,n/d,n/d,,,,False,False,,,Em Baixa,28.010000228881836,-15.208854673586325,-32.753838081344924,False,False,False,sem sinal (Em Baixa; sem novo topo (-15.2%))
LOGG3,SMALL11,SMALL11,Imobiliário,50.9,49.29,60.0,,,0.8,,51.49,52.07,18.99,93.01,False,70,Não,2,8,False,,True,,True,True,True,True,False,False,6,10,False,False,False,True,False,False,True,False,True,False,False,0.57,True,2040597888.0,5.48,0.58,28.77,13.45,10.63,8.83,3.04,136.74,18.99,121.08,302.7,0.52,0.64,1.96,73.7,-33.1,3.79,0.1,0.28,45.7,53.91,15.57,28.1,49.9,-16.9,-7.1,0.93,0.52,23.34000015258789,22.421034807736277,28.79895000682836,39.076284367121055,62.09946198672523,69.18752127838182,41.792584020623714,18.862663497423917,,40.319785709262916,39.076284367121055,35.16865593040895,7,True,3.7,50.679758785303704,72.74972341759964,n/d,n/d,,,,False,False,,,Em Baixa,25.680269241333008,-9.113101839985383,-18.106788656367723,False,False,False,sem sinal (Em Baixa; sem novo topo (-9.1%))
MDIA3,SMALL11,SMALL11,Bens de primeira necessidade,50.86,54.54,30.0,,,0.0,,38.74,63.51,89.72,32.87,True,71,Não,3,8,False,,True,,False,False,False,True,False,True,3,10,False,False,False,False,True,True,True,False,False,False,True,-0.04,True,5805395968.0,9.03,0.69,5.93,3.22,7.65,8.74,8.32,6.23,4.36,-0.31,-0.53,2.55,0.21,1.67,29.11,-0.9,7.43,3.48,1.38,34.41,65.59,16.82,28.49,2.9,-39.3,-11.1,0.71,0.4,17.299999237060547,3.9833514730443715,6.854692573347767,23.548847190336453,32.87523928127602,16.565714823325667,20.302666733019063,11.648861198447628,21.778578054578553,,,,6,False,8.3,,,n/d,n/d,,,,False,False,,,Em Baixa,17.579999923706055,-1.5927229116078467,-40.182835072926245,False,False,False,sem sinal (Em Baixa; sem novo topo (-1.6%))
GGPS3,SMALL11,SMALL11,Bens Industriais,50.62,50.73,50.0,,,0.7,,61.11,44.99,50.46,18.88,False,72,Rompimento,5,8,False,,True,,False,False,True,False,True,True,5,10,True,True,False,False,True,True,True,False,False,True,True,0.48,True,9103440896.0,9.94,2.02,2.42,2.31,20.36,19.43,11.88,5.1,6.36,1.03,1.22,2.87,1.38,0.66,23.0,207.7,7.2,7.28,0.78,74.55,25.29,11.0,19.55,10.0,-38.1,-7.4,1.12,0.64,12.100000381469727,2.0001936905176185,3.7103592959101817,16.129276162421917,12.80877999251376,21.076732131719577,9.395602678571429,14.72937672190983,9.88462504651306,,,,6,False,10.5,,,n/d,n/d,,,Rompimento,False,False,,,Em Baixa,11.720000267028809,3.2423217216978273,-38.422388720765035,False,True,False,"Rompimento (vol x1.3, +3.2% do topo, MM50>MM200)"
BRBI11,SMALL11,SMALL11,Produtos financeiros,50.43,53.45,33.333333333333336,20.63,,0.4,,33.25,38.16,100.0,89.51,False,73,Não,4,5,False,,True,,False,False,True,,False,True,3,9,True,True,True,,False,,,True,True,True,True,,True,,8.0,1.58,11.36,11.84,19.7,21.77,1.85,0.0,,,,,,7.66,94.7,-22.4,5.98,0.94,0.23,95.52,4.48,11.74,20.71,3.5,-41.3,-22.1,0.96,0.48,12.149999618530273,10.273028901673822,11.21723179328913,11.845282587079486,16.210409516589163,19.564160927743586,7.409931256607207,5.054372806785407,,10.186368634662411,10.745130347481476,9.670617312733329,4,True,1.6,-20.4064393715336,-16.161572391105906,n/d,n/d,,,,False,False,,,Em Baixa,14.185785293579102,-14.35088458564422,-42.6241356463942,False,False,False,sem sinal (Em Baixa; sem novo topo (-14.4%))
BEEF3,BOVA11+SMALL11,BOVA11,Bens de primeira necessidade,50.37,53.97,30.0,,,0.0,,67.63,57.45,28.4,34.97,True,74,Não,5,8,False,,False,,False,False,True,False,False,True,3,10,True,True,True,False,False,True,True,False,False,True,True,9.15,False,3954660352.0,8.7,2.53,4.9,3.4,29.04,144.02,16.55,0.8,3.82,2.98,2.52,1.43,13.46,0.58,29.59,-57.5,4.83,5.34,0.65,95.87,2.86,3.04,7.18,31.3,-44.4,5.7,0.88,0.35,3.990000009536743,0.9693873026182884,1.7982134463569248,6.076724152455384,4.034077793072167,8.439243951690482,3.760485277130923,5.549310358091334,12.329163493376157,,,,5,False,12.7,,,n/d,n/d,,,,False,False,,,Lateral,3.819999933242798,4.450263855099923,-45.45317360673609,False,False,False,sem sinal (Lateral)
CSMG3,BOVA11+SMALL11,BOVA11,Serviços públicos,50.08,48.33,60.0,,,0.1,,64.4,15.6,34.59,85.31,True,75,Não,6,8,False,,True,,False,False,True,False,False,True,6,10,True,True,True,True,False,True,True,False,True,True,True,0.9,True,20665389056.0,16.03,2.34,4.01,10.18,14.6,15.68,11.59,15.47,8.8,2.76,3.34,1.22,1.06,,163.21,-21.2,11.3,6.32,0.28,51.64,48.36,25.13,67.45,116.9,-19.2,-5.9,0.88,0.47,54.5,39.63533118895184,57.70904221111388,35.35870243293824,42.20977833411036,,33.10759623213471,9.082523839230015,46.012497907164345,42.33882471773556,40.9225547615311,36.830299285378,6,True,6.4,-32.42146920114129,-22.314083086723734,n/d,n/d,,,,False,False,,,Em Baixa,64.25,-15.175097276264593,-19.640223761075525,False,False,False,sem sinal (Em Baixa; sem novo topo (-15.2%))
EGIE3,BOVA11+Wishlist,BOVA11,Serviços públicos,49.93,51.68,40.0,,,0.1,,78.53,24.32,19.82,62.94,True,76,Não,7,8,False,,True,,False,False,True,False,True,False,4,10,True,True,True,True,True,False,True,True,True,True,True,1.43,True,39134621696.0,9.88,2.61,1.68,6.54,26.37,32.12,11.59,28.94,8.52,3.56,4.3,1.09,2.06,1.06,64.61,270.0,10.54,6.68,0.19,74.84,23.06,26.62,37.14,3.8,-25.6,-13.6,0.89,0.61,27.6299991607666,12.905246766093546,23.93923275110353,37.05440170851796,25.809132356944048,44.388447700952526,42.70040200711623,23.877564805823905,23.950708801054628,29.328142112200794,24.87992057899934,22.391928521099405,8,True,3.4,-18.95791096188316,6.146011592521083,2026-08-05,2026-08-21,última,"A Engie Brasil (EGIE3) se destaca no setor de serviços públicos por apresentar uma eficiência operacional notável, com ROE de 26,4% e ROIC de 11,6% que se posicionam bem acima dos pares setoriais de 12,1% e 9,6%, respectivamente, sugerindo forte capacidade de geração de valor sobre o capital empregado. Essa alta qualidade de retorno convive com múltiplos de preço que exigem atenção, pois o P/L de 9,88 e o P/VP de 2,61 indicam que o mercado cobra um prêmio por essa eficiência, não configurando uma pechincha óbvia apesar do PEG de 1,06. No âmbito financeiro, a excelente rentabilidade traduzida em uma margem líquida de 28,94% é contraposta por um endividamento robusto, visto que a relação Dívida Líquida/EBITDA de 3,56 está ligeiramente acima da média do setor de 3,4, exigindo uma gestão de caixa cuidadosa diante de uma liquidez corrente de 1,09. O atual dividend yield de 1,68% mostra-se tímido e abaixo do potencial histórico, o que sugere que o fluxo de proventos atual está priorizando a sustentabilidade do balanço e o manejo da dívida em detrimento de distribuições agressivas no curto prazo. Em termos de expansão, a companhia entrega um crescimento formidável, com um CAGR de receita de cinco anos de 270,0% que supera com folga a média setorial de 36,5%, refletindo-se em um checklist rigoroso no qual a empresa atende a 7 de 8 critérios de qualidade e governança. Sob a ótica do valuation, as estimativas de preço-teto revelam uma dispersão acentuada entre as metodologias, variando desde os conservadores R$ 12,91 pelo método de Bazin até os otimistas R$ 44,39 pelo modelo de Lynch, resultando em uma média de R$ 29,33 e uma mediana de R$ 24,88. Frente ao preço atual de R$ 27,63, o preço-teto ajustado com margem de segurança fica em R$ 22,39, o que aponta para um upside negativo de 19,0% em relação a essa métrica mais prudente e corrobora a atual tendência gráfica de baixa do papel. Como balanço final, os prós da EGIE3 concentram-se em sua rentabilidade muito acima da média, forte histórico de crescimento e excelente governança corporativa, enquanto os contras residem no endividamento superior ao dos pares, no dividend yield momentaneamente baixo e na ausência de margem de segurança no preço atual.",,True,False,,,Em Baixa,29.540605545043945,-6.4677292459832,-27.400563065066674,False,False,False,sem sinal (Em Baixa; sem novo topo (-6.5%))
CPLE3,BOVA11,BOVA11,Serviços públicos,49.68,44.33,80.0,,,0.1,,47.89,31.35,35.52,78.32,True,77,Não,5,8,False,,True,,False,False,True,True,True,True,8,10,False,True,True,False,True,True,True,False,True,False,True,0.9,True,42019987456.0,13.47,1.75,7.51,9.16,12.99,9.34,9.82,11.41,8.88,2.97,4.24,1.3,0.98,0.27,123.34,50.0,12.7,5.45,0.3,61.78,38.29,10.22,16.67,38.5,-15.1,-5.9,1.11,0.75,14.149999618530273,9.254605852881038,17.167293857094325,13.91889346291953,13.824354596989199,31.51447576510083,8.56043112128839,12.710838558590668,11.707420994176376,14.832289276130044,13.267596577789934,11.940836920010941,8,True,3.7,-15.61245765424828,4.821835166032606,n/d,n/d,,,,False,False,,,Em Baixa,14.930000305175781,-5.2243849343734166,-16.132232240258194,False,False,False,sem sinal (Em Baixa; sem novo topo (-5.2%))
MOTV3,BOVA11,BOVA11,Bens Industriais,49.67,53.14,30.0,,,0.7,,73.08,53.72,25.04,18.18,False,78,Não,6,8,False,,True,,False,False,True,False,True,False,3,10,True,True,False,True,True,False,True,True,True,True,False,1.9,False,29144119296.0,7.55,1.65,1.43,2.26,21.85,19.92,11.72,19.27,6.53,3.69,4.41,1.77,2.45,0.5,17.06,58.4,9.61,6.62,0.44,77.07,22.24,12.83,17.55,13.0,-17.4,-2.9,1.29,0.78,14.5,2.339800071859101,4.340329133298633,25.447019867549663,19.486947421475357,33.14664913987119,9.891363865454304,23.23841059602649,8.64881906530882,,,,6,False,14.2,,,n/d,n/d,,,,False,False,,,Em Baixa,14.970000267028809,-3.139614286206638,-18.296156183714597,False,False,False,sem sinal (Em Baixa; sem novo topo (-3.1%))
ANIM3,SMALL11,SMALL11,Consumo discricionário,49.06,50.66,40.0,,,0.9,,45.81,74.85,26.26,60.84,False,79,Não,3,8,False,,False,,False,False,False,False,True,False,4,10,True,False,True,False,False,False,True,False,False,False,False,2.04,False,895528640.0,6.22,0.4,3.28,6.43,6.36,-2.07,14.6,3.71,3.09,3.71,3.56,1.49,1.61,1.63,40.02,4.4,3.16,6.53,0.35,72.15,22.61,1.93,5.17,22.8,-54.2,-22.9,2.06,0.52,2.369999885559082,1.0891484011752335,1.554199991115411,3.883736427397754,7.127125333008402,3.905025621890844,1.3457344597953005,1.9315617264003,,2.2849011046291405,1.7428808587578555,1.5685927728820699,6,True,6.5,-33.81464773733356,-3.5906660354064424,n/d,n/d,,,,False,False,,,Lateral,2.259999990463257,4.867252015929324,-55.185648896458986,False,False,False,sem sinal (Lateral)
ALOS3,BOVA11+SMALL11,BOVA11,Imobiliário,48.63,43.09,80.0,,,0.8,,50.18,39.34,24.7,57.34,False,80,Não,3,8,False,,True,,False,True,False,True,True,True,8,10,False,False,False,True,True,False,True,False,True,False,False,0.56,True,13043680256.0,14.07,1.02,10.88,6.1,7.27,9.51,6.39,31.4,4.82,3.4,7.45,0.72,0.56,13.6,85.77,60.8,13.43,3.66,0.27,46.56,50.55,20.35,32.44,28.2,-19.6,-6.6,1.2,0.81,26.079999923706055,11.356204071414096,12.388985830204314,14.444017990699194,32.65515204766366,13.216954461654204,24.893970800426235,6.156859017019833,62.1435885674925,,,,7,False,10.1,,,n/d,n/d,,,,False,False,,,Em Baixa,27.56999969482422,-5.404424329383961,-20.473330803466027,False,False,False,sem sinal (Em Baixa; sem novo topo (-5.4%))
ECOR3,SMALL11,SMALL11,Bens Industriais,48.54,44.75,70.0,,,0.7,,49.58,57.54,28.73,23.08,False,81,Não,1,8,False,,True,,False,True,True,False,False,True,7,10,False,False,False,False,False,False,True,False,False,True,False,5.91,False,4653706240.0,8.53,1.13,4.52,2.52,13.28,19.86,11.52,4.59,5.12,4.62,5.62,2.52,6.64,0.82,21.49,-89.7,8.06,6.86,0.19,88.21,11.06,5.87,11.74,14.0,-43.0,-12.4,1.81,0.73,6.690000057220459,1.2040800914469838,2.233568569634155,10.39185237493213,10.221241349662568,10.152971250622503,1.8753777042468087,7.234851522613502,10.261770382205158,,,,5,False,8.6,,,n/d,n/d,,,,False,False,,,Em Baixa,7.239999771118164,-7.596681371341562,-43.935345037094166,False,False,False,sem sinal (Em Baixa; sem novo topo (-7.6%))
GOAU4,BOVA11+SMALL11,BOVA11,Materiais,48.51,51.78,30.0,,,1.0,,30.98,73.87,60.15,73.43,False,82,Não,4,8,False,,True,,False,False,False,True,True,False,3,10,False,False,True,False,True,True,True,False,False,True,True,0.5,True,13028476928.0,16.4,0.68,2.77,8.58,4.13,12.06,10.0,1.14,1.97,0.99,1.38,2.88,0.28,0.22,140.74,73.2,4.85,5.06,1.04,34.12,23.4,6.41,11.41,53.7,-13.7,-1.1,0.91,0.56,9.850000381469727,6.037965011687898,11.20042509668105,7.958079576492308,13.991076331702201,18.018293380737305,6.1112762116739185,7.267378330230714,39.30366688938892,10.0834991341722,7.958079576492308,7.162271618843077,7,True,6.5,-27.28658536585368,2.370545620909237,n/d,n/d,,,,False,False,,,Em Baixa,11.407694816589355,-13.654769523237864,-13.878857470784123,False,False,False,sem sinal (Em Baixa; sem novo topo (-13.7%))
SMTO3,SMALL11,SMALL11,Bens de primeira necessidade,46.76,51.48,20.0,,,0.0,,45.53,72.19,46.9,35.66,True,83,Fundo duplo,3,8,False,,True,,False,False,True,False,False,False,2,10,False,True,False,False,False,True,True,False,True,True,True,0.99,True,5942256128.0,7.54,0.83,1.18,3.4,11.0,14.59,6.36,11.43,3.78,2.38,5.23,3.16,1.65,0.92,25.65,-39.3,9.54,3.45,0.45,68.55,31.45,12.82,21.12,43.6,-12.8,13.4,0.61,0.25,18.40999984741211,4.473085391455438,8.297573401149837,32.35179018278652,34.907626847573816,28.275002051788512,11.13390790130664,19.074960308887594,41.8667053195644,,,,6,False,9.4,,,n/d,n/d,,,Fundo duplo,False,False,,,Lateral,17.799999237060547,3.426969867962182,-13.960555607673331,False,True,False,Fundo duplo — rompeu pescoço ~R$16.37 (candidato)
IRBR3,SMALL11+Carteira,SMALL11,Insurance,46.61,49.79,28.571428571428573,,2.87,0.3,,18.25,74.83,100.0,28.67,False,84,Não,1,6,False,,False,,False,,False,,False,False,2,7,False,False,False,,False,,True,False,True,False,True,,True,4058439936.0,-27.82,0.77,3.15,2.94,-2.76,2.79,0.0,4.79,,,,,,,,-28.5,5.75,2.72,,66.23,33.77,44.53,62.39,12.3,-19.9,-6.0,1.07,0.6,50.0,10.494727003983131,15.28032251779944,,,,26.059050000000003,,,17.278033173927525,15.28032251779944,13.752290266019497,3,True,2.5,-72.49541946796101,-65.44393365214495,2026-11-12,2026-07-01,última,"A análise fundamentalista do IRB Brasil (IRBR3) revela uma companhia em momento de profunda reestruturação, onde a desconexão entre qualidade e preço fica evidente pelo ROE negativo de -2,8% e ROIC nulo de 0,0%, ambos severamente abaixo das médias setoriais de 34,3% e 19,5%, respectivamente. Essa baixa eficiência operacional convive com múltiplos de valuation aparentemente depreciados, como o P/VP de 0,77, mas o P/L negativo de -27,82 confirma que o desconto patrimonial reflete a ausência de lucros consistentes, e não uma oportunidade clássica de barganha. No âmbito da rentabilidade versus endividamento, a margem líquida de 4,79% mostra-se tímida para sustentar uma estrutura de capital robusta, embora o indicador de segurança financeira atinja a nota máxima de 100,0 no score de saúde. Quanto aos proventos, o dividend yield de 3,15% carece de sustentabilidade no longo prazo, dado que a geração de caixa atual e o histórico recente de prejuízos limitam a capacidade de distribuição recorrente sem comprometer o patrimônio. O crescimento histórico também é um ponto de atenção, visto que o CAGR de receita nos últimos cinco anos contraiu -28,5%, desempenho muito inferior à média dos pares de -3,9%, o que se reflete no checklist de critérios fundamentais, onde a empresa atendeu a apenas 1 de 6 requisitos avaliados. Sob a ótica do valuation, as estimativas de preço-teto calculadas apontam para uma expressiva dispersão entre os métodos, variando de R$ 10,49 pelo modelo de Bazin a R$ 15,28 pela fórmula de Gordon, gerando uma média de R$ 17,28 e um preço ajustado com margem de segurança de R$ 13,75. Frente à cotação atual de R$ 50,0, o papel apresenta um expressivo upside negativo de -72,5% em relação ao valor justo ajustado, sinalizando que o preço de tela carrega um prêmio elevado não justificado pelos fundamentos vigentes. Em suma, o investimento em IRBR3 apresenta como prós a excelente nota de segurança financeira e o desconto em relação ao valor patrimonial, enquanto os contras pesam significativamente na forma de destruição de valor operacional, contração acelerada de receita, tendência gráfica de baixa e um preço de mercado muito desalinhado de suas métricas de fluxo de caixa e dividendos.",,False,True,57.62,-13.22,Em Baixa,56.060001373291016,-10.809848777810082,-22.74885751385246,False,False,False,sem sinal (Em Baixa; sem novo topo (-10.8%))
GGBR4,BOVA11,BOVA11,Materiais,46.45,49.35,30.0,,,1.0,,34.56,61.0,59.87,65.73,False,85,Não,4,8,False,,True,,False,False,False,True,True,False,3,10,False,False,True,False,True,True,True,False,False,True,True,0.18,True,43461099520.0,19.58,0.82,2.56,7.06,4.18,12.63,10.03,3.22,4.83,0.97,1.36,2.87,0.28,0.27,138.15,73.5,7.78,5.03,1.04,34.14,65.6,15.39,26.05,44.0,-15.0,-2.4,0.84,0.52,22.149999618530273,11.163067388795193,20.70749000621508,14.989146830721456,26.22114862763982,33.93769093748255,11.887333533584622,13.688202011451295,22.638110853315034,19.40402377365063,17.848318418468267,16.06348657662144,8,True,3.0,-27.47861465792971,-12.397182357431792,n/d,n/d,,,,False,False,,,Em Baixa,26.04621124267578,-14.95884214346579,-15.376975317890839,False,False,False,sem sinal (Em Baixa; sem novo topo (-15.0%))
PRIO3,BOVA11,BOVA11,Energia,46.02,44.34,55.55555555555556,,,0.9,,60.75,37.5,34.96,6.29,False,86,Rompimento,3,8,False,,True,,False,,True,True,True,False,5,9,False,False,False,True,True,False,True,False,True,True,True,0.77,True,50122149888.0,14.17,1.94,0.0,0.18,13.71,30.11,10.92,18.11,5.93,1.73,2.21,1.34,0.9,1.06,2.51,189.4,6.9,6.59,0.25,59.83,40.17,34.2,72.1,83.8,-12.8,2.7,0.14,0.07,62.849998474121094,0.7966232811188878,1.4777361864755367,58.76940577149643,56.860508657709524,60.067729447534795,2.107219586101381,49.111057293517895,22.640869741106666,,,,5,False,75.4,,,n/d,n/d,,,Rompimento,False,False,,,Em Alta,62.040000915527344,1.3056053298526438,-13.880521261787637,False,True,False,"Rompimento (vol x0.8, +1.3% do topo, MM50>MM200)"
SAUD3,SMALL11,SMALL11,Cuidados de saúde,45.74,43.22,60.0,,,0.2,,49.83,7.87,66.16,55.94,True,87,Não,3,8,False,,True,,False,False,False,True,False,True,6,10,False,False,False,False,False,True,True,True,True,True,True,-0.69,True,40694669312.0,38.62,2.18,0.96,6.04,5.63,39.67,4.59,9.86,20.98,-7.41,-18.52,1.06,0.01,,233.41,-19.6,9.24,5.03,0.66,34.2,65.77,10.45,16.09,33.2,-13.5,-2.5,0.77,0.38,13.920000076293945,6.009189120332641,8.749379359204324,3.7485241013323938,7.196082193205712,,14.387704390442543,0.9628763831719198,6.282877632929078,,,,6,False,14.9,,,n/d,n/d,,,,False,False,,,Em Baixa,16.09000015258789,-13.486638009415596,-15.530619374611254,False,False,False,sem sinal (Em Baixa; sem novo topo (-13.5%))
MOVI3,SMALL11,SMALL11,Bens Industriais,45.18,47.86,30.0,,,0.7,,48.26,72.32,12.67,55.24,False,88,Não,4,8,False,,False,,False,False,True,False,True,False,3,10,False,False,True,False,True,False,True,True,False,False,False,5.5,False,2877639936.0,6.62,0.73,9.14,5.82,11.08,3.58,13.78,2.89,3.57,3.65,3.71,0.68,6.43,0.97,38.56,97.0,3.22,6.78,0.22,91.5,8.5,6.1,14.83,16.8,-52.0,-27.5,2.33,0.66,7.119999885559082,2.9623325244915666,5.495126832931856,14.250755057954354,15.363169458708008,13.586439164878252,14.991491101506618,7.475401690674322,,11.860397217775569,13.918597111416304,12.526737400274675,6,True,5.2,75.93732586543491,66.5786152866526,n/d,n/d,,,,False,False,,,Em Baixa,7.960000038146973,-10.55276568545641,-52.43821136569535,False,False,False,sem sinal (Em Baixa; sem novo topo (-10.6%))
QUAL3,SMALL11,SMALL11,Cuidados de saúde,44.99,50.97,11.11111111111111,,,0.2,,52.26,72.87,39.88,12.59,True,89,Não,3,7,False,,False,,False,False,False,True,,False,1,9,True,False,True,False,,False,False,True,False,False,True,0.61,True,455423104.0,17.53,0.34,0.56,1.25,1.96,0.44,22.61,1.09,1.48,2.0,1.24,0.92,0.89,11.45,21.88,,3.29,4.68,0.47,66.78,32.76,1.39,2.71,15.8,-40.5,-7.6,1.95,0.57,1.6100000143051147,0.1435318115636548,0.16362504060908697,0.7478552197195338,3.1281438945097286,0.2552552240118499,1.0056590002836563,0.3337444920028239,,,,,5,False,21.8,,,n/d,n/d,,,,False,False,,,Lateral,1.7200000286102295,-6.395349562522712,-42.618247849865284,False,False,False,sem sinal (Lateral)
BBAS3,BOVA11+Carteira,BOVA11,Produtos financeiros,44.93,50.65,12.5,14.56,,0.4,,39.28,62.42,50.86,72.03,False,90,Não,2,6,False,,True,,False,False,False,,False,False,1,8,False,False,False,,False,,True,True,True,True,True,,True,105214533632.0,7.29,0.58,2.98,8.35,7.99,14.73,0.0,21.83,,,,,,2.33,60.84,-13.8,4.01,0.79,,92.12,7.71,17.8,27.31,3.5,-32.5,-11.5,1.19,0.73,18.43000030517578,10.98633925453518,14.591172255681224,23.983190505422954,42.51467275133047,29.00895964812757,15.832068636130511,11.725923913399175,,16.348192662942466,15.211620445905869,13.690458401315283,4,True,2.2,-25.716450490396745,-11.295754789806878,2026-11-11,2026-09-02,próxima,"O Banco do Brasil (BBAS3) apresenta atualmente uma intrigante assimetria entre qualidade e preço, onde múltiplos de valuation bastante descontados, evidenciados pelo P/L de 7,29 e pelo P/VP de 0,58, convivem com indicadores de rentabilidade que decepcionam ao se posicionarem abaixo dos pares. O ROE de 8,0% e o ROIC de 0,0% situam-se abaixo das médias setoriais de 15,9% e 0,2%, respectivamente, sugerindo que a instituição enfrenta desafios para rentabilizar seu patrimônio e capital investido no mesmo patamar de seus concorrentes diretos. Essa perda de tração também é refletida no crescimento, visto que o CAGR de receita de cinco anos recuou 13,8%, enquanto a média do setor avançou 4,2%, evidenciando uma contração operacional que justifica o fraco desempenho de apenas dois critérios atendidos no checklist de seis possíveis. No que tange aos proventos, o dividend yield de 2,98% mostra-se tímido e condizente com o momento de transição, embora a robusta margem líquida de 21,83% garanta sustentabilidade ao payout atual, mesmo diante de uma eficiência operacional pressionada. Sob a ótica do valuation, as estimativas de preço-teto revelam uma enorme dispersão entre os métodos de cálculo, variando desde os conservadores R$ 10,99 pelo método de Bazin e R$ 14,59 por Gordon, até os otimistas R$ 23,98 por DCF e R$ 42,51 pelo modelo de Graham. Essa divergência resulta em uma média de preço-teto de R$ 16,35 e uma mediana de R$ 15,21, valores que, quando ajustados pela margem de segurança para R$ 13,69, colocam o preço atual de R$ 18,43 em uma zona de prêmio, gerando um upside negativo de 25,7% frente ao teto ajustado. Em um balanço final, o ativo traz como pontos positivos o seu robusto valor de mercado de R$ 105,21 bilhões, a sólida margem líquida e a ausência de venda de ações por insiders, contrapondo-se aos pontos negativos de uma tendência gráfica de baixa, contração histórica de receita e indicadores de rentabilidade muito aquém da média do seu setor.",,False,True,22.29,-17.32,Em Baixa,21.350000381469727,-13.67681510126949,-33.08519279305844,False,False,False,sem sinal (Em Baixa; sem novo topo (-13.7%))
SYNE3,SMALL11,SMALL11,Imobiliário,44.9,45.76,40.0,,,0.8,DY5a=128.6%>=20,44.14,57.67,34.49,,False,91,Não,2,8,False,,False,,False,False,False,True,False,False,4,10,False,False,False,True,False,False,False,True,True,True,False,0.72,True,552572864.0,10.15,0.79,71.3,128.58,7.8,14.02,6.47,16.16,4.64,3.1,6.71,1.45,0.5,1.3,1305.08,-67.2,12.07,3.08,0.36,40.97,29.56,3.49,5.11,3.7,-29.2,-8.1,0.99,0.44,3.619999885559082,33.247044452469495,61.6732674593309,4.72561561415348,6.063917011731763,10.699507050913542,6.468000000000001,2.701370780187791,8.660140190647773,,,,5,False,22.8,,,n/d,n/d,,,,False,False,,,Em Baixa,4.090000152587891,-11.49144864289119,-30.57872826418464,False,False,False,sem sinal (Em Baixa; sem novo topo (-11.5%))
VALE3,BOVA11,BOVA11,Materiais,44.54,48.87,20.0,,,1.0,,49.63,36.9,43.22,86.71,False,92,Rompimento,4,8,False,,True,,False,False,False,True,False,False,2,10,True,False,True,False,False,True,True,False,False,True,True,0.41,True,319309873152.0,32.12,1.69,7.48,10.47,5.27,24.52,18.11,4.76,4.44,1.04,0.8,1.19,0.55,,336.2,-43.5,9.02,7.92,0.39,60.3,38.73,48.99,87.63,53.2,-14.4,-3.1,0.84,0.57,75.02999877929688,56.095487914623035,81.67503040369114,24.29364842169015,48.3053327219788,,43.333333333333336,6.240264086340739,85.50172365505388,,,,6,False,13.7,,,n/d,n/d,,,Rompimento,False,False,,,Lateral,74.56759643554688,0.6201116381023164,-15.809452982042282,False,True,False,"Rompimento (vol x1.5, +0.6% do topo, MM50>MM200)"
RANI3,SMALL11,SMALL11,Materiais,44.29,48.58,20.0,,,1.0,,49.36,45.21,36.86,76.92,False,93,Não,3,8,False,,True,,False,False,False,False,False,False,2,10,False,True,True,False,False,False,True,False,False,True,True,0.78,True,1778323840.0,13.78,1.24,5.2,9.01,9.03,25.63,11.69,7.65,5.0,2.42,2.89,2.1,1.38,,124.16,-70.2,5.45,4.4,0.56,63.24,36.76,7.02,9.51,10.2,-18.6,-4.1,0.65,0.47,7.739999771118164,4.98149466475876,7.253056231888755,5.841509261221256,8.881713410589771,,4.91387477971708,1.5004975712202955,7.485306000698566,6.559492391479032,6.547282746555005,5.892554471899505,6,True,5.9,-23.86880302131801,-15.252033779693374,n/d,n/d,,,,False,False,,,Em Baixa,8.384929656982422,-7.691536032472291,-20.234119215969127,False,False,False,sem sinal (Em Baixa; sem novo topo (-7.7%))
RENT3,BOVA11+Wishlist,BOVA11,Bens Industriais,44.25,43.24,50.0,,,0.7,,54.07,45.9,18.61,37.06,False,94,Não,1,8,False,,True,,False,False,True,False,True,True,5,10,False,False,False,False,False,False,True,False,False,False,False,1.37,True,37468536832.0,11.14,1.41,6.04,3.46,12.63,7.58,12.27,7.39,4.93,4.1,4.68,1.14,1.71,1.44,38.59,24.5,7.36,6.27,0.33,70.15,29.84,31.14,51.57,8.9,-34.2,-18.7,1.75,0.79,33.91999816894531,8.392352269962425,15.567813460780297,40.344701592327226,40.59709214923609,34.16445857381556,50.126488193805116,22.979484064936337,52.55911136579431,36.619878485813565,40.344701592327226,36.31023143309451,7,True,6.3,7.046678635547576,7.959553250625073,2026-11-05,2026-06-29,última,"A Localiza (RENT3) apresenta um momento de transição em que a qualidade de seus retornos financeiros roda ligeiramente abaixo de seus pares de bens industriais, com o ROE de 12,6% frente à média setorial de 14,5% e o ROIC de 12,3% contra 12,6% do setor, sugerindo que a companhia enfrenta desafios para rentabilizar seu capital acima do custo de oportunidade atual. Essa rentabilidade mais tímida convive com múltiplos de preço que parecem descontados, como o P/L de 11,14 e o P/VP de 1,41, indicando que o mercado já precifica essa compressão de margens, a qual se reflete em uma margem líquida de 7,39%. O grande ponto de atenção reside na relação entre rentabilidade e endividamento, uma vez que a alavancagem medida pela relação Dívida Líquida/EBITDA está em 4,1 vezes, patamar significativamente acima da média setorial de 2,37 vezes, o que eleva o risco financeiro diante de uma liquidez corrente apertada de 1,14. Apesar dessa pressão no balanço, o rendimento de dividendos de 6,04% mostra-se razoável, mas sua sustentabilidade futura pode ser testada caso o payout e a geração de lucro líquido não compensem o elevado serviço da dívida em um cenário de crescimento de receita em desaceleração, visto que o CAGR de receita de cinco anos de 24,5% ficou abaixo dos 27,1% do setor. Essa perda de tração operacional é corroborada pelo checklist de critérios fundamentalistas, no qual a empresa atendeu a apenas um dos oito requisitos avaliados, falhando em superar a taxa Selic e as médias setoriais de eficiência. No campo do valuation, a análise dos preços-teto revela uma dispersão acentuada entre as metodologias, variando desde os conservadores R$ 8,39 pelo modelo de Bazin e R$ 15,57 por Gordon, até os mais otimistas R$ 40,34 pelo fluxo de caixa descontado e R$ 40,60 por Graham. A média dessas métricas resulta em R$ 36,62 e o preço-teto ajustado com margem de segurança fica em R$ 36,31, o que confere um upside potencial de 7,0% em relação à cotação atual de R$ 33,92. Em suma, o investimento em RENT3 coloca na balança, como prós, o valuation atrativo por múltiplos de preço e o potencial de valorização frente ao preço-teto ajustado, enquanto os contras pesam na alavancagem financeira muito acima do setor, no crescimento abaixo de seus pares e no fraco desempenho no checklist de qualidade e segurança.",,True,False,,,Em Baixa,39.20000076293945,-13.469394110282707,-35.62053711759998,False,False,False,sem sinal (Em Baixa; sem novo topo (-13.5%))
RADL3,BOVA11,BOVA11,Bens de primeira necessidade,44.16,43.13,50.0,,,0.0,,63.07,19.46,42.08,14.69,True,95,Não,6,8,False,,True,,False,False,True,False,True,True,5,10,True,True,True,False,True,True,True,False,False,True,True,1.09,True,32225521664.0,24.06,4.43,2.39,1.44,18.41,18.18,16.71,2.88,6.92,2.06,1.72,1.41,1.18,2.0,34.75,14.4,15.79,7.8,0.84,70.85,29.09,16.14,26.71,14.2,-31.0,-4.1,1.19,0.57,18.43000030517578,1.901526407186366,3.5273314853307083,10.149522196324982,8.46772853950336,10.307554271987156,7.564723053415797,7.8298652444707,13.313457321076212,8.737168873158417,8.46772853950336,7.6209556855530245,7,True,7.0,-58.64918307455048,-52.592681885606275,n/d,n/d,,,,False,False,,,Em Baixa,20.549999237060547,-10.316296888524889,-32.06074652285449,False,False,False,sem sinal (Em Baixa; sem novo topo (-10.3%))
FESA4,SMALL11,SMALL11,Materiais,43.63,47.8,20.0,,,1.0,,28.67,53.59,72.18,70.63,False,96,Não,2,8,False,,True,,False,False,False,True,False,False,2,10,False,False,False,False,False,True,True,False,False,True,True,-0.12,True,1704504064.0,12.04,0.54,13.96,8.28,4.49,15.62,3.69,6.78,3.33,-3.62,-9.04,3.61,0.12,836.37,99.68,-76.0,3.59,-1.74,1.53,26.31,73.65,4.8,8.69,4.8,-42.1,-22.4,1.14,0.56,5.03000020980835,2.974533261741996,2.978023642878536,2.987602349284478,9.357269522030355,3.4647737244287358,5.226192997735556,1.119833979893757,6.1778101886163,,,,6,False,8.4,,,n/d,n/d,,,,False,False,,,Em Baixa,6.159999847412109,-18.34415041549857,-43.48314128760611,False,False,False,sem sinal (Em Baixa; sem novo topo (-18.3%))
USIM5,BOVA11+SMALL11,BOVA11,Materiais,42.95,47.0,20.0,,,1.0,P/L=-3.54<2,10.34,89.08,71.01,58.74,False,97,Não,4,8,False,,False,,False,False,False,True,True,False,2,10,False,False,False,False,True,True,True,True,False,False,True,-0.02,True,8062674944.0,-3.54,0.4,0.0,6.26,-11.18,-0.65,4.67,-9.36,3.26,-0.18,-0.44,4.44,0.27,,,301.7,5.73,1.64,1.4,33.58,58.33,3.97,12.04,65.0,-45.6,-22.5,0.93,0.35,6.550000190734863,2.9283592228695894,5.432106358423088,,,,,,9.705704701814605,6.022056761035761,5.432106358423088,4.888895722580779,3,True,3.3,-25.360372821114684,-8.060204798862324,n/d,n/d,,,,False,False,,,Em Baixa,7.559999942779541,-13.35978518107418,-46.22331669440517,False,False,False,sem sinal (Em Baixa; sem novo topo (-13.4%))
FRAS3,SMALL11,SMALL11,Consumo discricionário,42.81,41.54,50.0,,,0.9,,54.54,15.98,49.29,31.47,False,98,Rompimento,5,8,False,,True,,False,False,True,False,True,True,5,10,True,False,True,False,True,True,True,False,False,True,True,0.48,True,6461907456.0,22.3,2.59,2.65,3.07,11.62,14.99,15.27,5.39,7.52,1.25,1.15,2.41,1.01,6.07,68.39,141.0,14.37,6.9,0.72,65.64,34.06,18.96,25.01,22.9,-6.8,9.6,0.82,0.53,23.299999237060547,5.103749854353921,7.173562616172629,10.489831716019994,14.542693540747104,7.042443463197061,8.4280830656734,5.203866414565831,11.105959652291679,8.636273790377702,7.800822840923015,7.020740556830714,8,True,2.8,-69.86806529305095,-62.93444603791658,n/d,n/d,,,Rompimento,False,False,,,Em Alta,22.729999542236328,2.507697784001528,-7.258323964055569,False,True,False,"Rompimento (vol x0.8, +2.5% do topo, MM50>MM200)"
ENGI11,BOVA11,BOVA11,Serviços públicos,42.26,42.66,40.0,,,0.1,,50.94,39.19,23.82,51.75,True,99,Não,3,8,False,,True,,False,False,False,False,True,True,4,10,False,False,True,False,False,False,True,True,False,True,True,2.32,True,13709227008.0,14.86,1.16,2.54,5.38,7.78,17.19,10.25,4.13,5.69,4.32,5.9,1.56,1.99,9.53,79.96,7.9,18.56,4.83,0.34,74.62,23.0,41.02,57.51,9.1,-22.2,-9.0,1.31,0.86,44.7599983215332,17.20270108796272,19.66088482738008,24.589496291236333,51.1379037367685,20.904177475193322,23.35865953694088,10.999080192580347,115.61801123318567,,,,7,False,10.5,,,n/d,n/d,,,,False,False,,,Em Baixa,49.778621673583984,-10.08188492031714,-23.61892407661316,False,False,False,sem sinal (Em Baixa; sem novo topo (-10.1%))
SUZB3,BOVA11,BOVA11,Materiais,42.13,47.8,10.0,,,1.0,,52.63,60.17,29.99,30.77,False,100,Rompimento,5,8,False,,False,,False,False,True,False,False,False,1,10,True,True,False,True,False,False,True,True,True,True,False,1.68,False,55383285760.0,6.96,1.14,0.01,3.06,16.44,27.73,5.54,17.08,6.29,3.68,9.21,3.38,1.99,0.54,21.32,-64.0,6.17,3.15,0.57,73.83,26.09,39.68,58.97,13.3,-23.7,4.3,0.43,0.27,44.970001220703125,9.838909687614553,18.251177470524993,85.61099370320636,75.72810912354937,103.36792001686037,16.013135662693283,69.79477357689704,21.24156204581304,,,,6,False,10.5,,,n/d,n/d,,,Rompimento,False,False,,,Lateral,44.15999984741211,1.8342422465802644,-24.60257003332552,False,True,False,"Rompimento (vol x2.0, +1.8% do topo, MM50>MM200)"
SLCE3,BOVA11+SMALL11,BOVA11,Bens de primeira necessidade,42.13,46.03,20.0,,,0.0,,52.69,33.16,37.63,65.03,True,101,Não,2,8,False,,True,,False,False,False,False,True,False,2,10,False,False,False,False,True,False,True,False,False,True,True,2.02,True,7881699328.0,20.41,1.46,5.07,7.05,7.16,17.38,10.84,4.41,6.5,4.47,5.78,2.2,1.82,1.21,143.88,16.8,11.28,6.41,0.63,73.5,23.57,12.62,19.32,25.9,-17.8,4.2,0.51,0.37,15.890000343322754,8.001188560761554,14.842204780212684,10.315654314014035,13.807569420084569,18.56779253397766,9.032508696563744,9.42033337355244,8.603487390909947,11.57384238375958,9.867993843783237,8.881194459404913,8,True,2.3,-44.10828025477708,-27.162730436169547,n/d,n/d,,,,False,False,,,Lateral,15.149999618530273,4.884493355942854,-18.429154431599326,False,False,False,sem sinal (Lateral)
AXIA3,BOVA11+Carteira,BOVA11,Serviços públicos,41.9,38.7,60.0,,,0.1,,40.19,23.72,50.72,45.45,True,102,Não,3,8,False,,True,,False,False,False,True,True,True,6,10,False,False,False,True,False,True,True,False,True,False,True,0.54,True,118058819584.0,12.66,1.25,2.86,4.28,9.86,5.35,3.25,27.05,15.3,2.95,7.36,2.05,0.63,2.8,54.14,9.7,8.9,3.03,0.39,57.63,42.34,40.85,67.15,26.9,-22.8,-5.9,1.39,0.64,51.849998474121094,15.838543198590875,24.452200779699286,45.16372208527472,61.8255726523502,36.03383592720434,26.79540344878473,22.581465887179615,20.62544462503444,31.664523575514778,25.623802114242007,23.061421902817806,8,True,3.9,-55.52281083609285,-38.930521683006624,2026-11-04,2025-11-17,última,"A análise fundamentalista da AXIA3 revela uma empresa de serviços públicos que atualmente entrega indicadores de rentabilidade abaixo de seus pares, com um ROE de 9,9% frente à média setorial de 12,1% e um ROIC de 3,2% contra os 9,6% do setor. Essa qualidade operacional mais tímida não é compensada por múltiplos de preço descontados, uma vez que o P/L de 12,66 e o P/VP de 1,25 convivem com um PEG de 2,8, sugerindo que o papel está caro para o crescimento que entrega. No âmbito financeiro, a companhia demonstra solidez ao manter o endividamento sob controle, com uma relação dívida líquida sobre EBITDA de 2,95 que se posiciona abaixo do limite setorial de 3,4, além de uma confortável liquidez corrente de 2,05. Contudo, essa estrutura de capital equilibrada não se traduz em proventos robustos, visto que o dividend yield de 2,86% é modesto e reflete uma geração de retorno pressionada pela baixa eficiência dos ativos. O ritmo de expansão da empresa também caminha a passos lentos, evidenciado por um CAGR de receita nos últimos cinco anos de 9,7%, patamar muito abaixo dos 36,5% registrados pela média do setor. Essa perda de tração é ratificada pelo checklist de critérios de investimento, no qual a AXIA3 atendeu a apenas 3 dos 8 requisitos avaliados, falhando em superar a taxa Selic e a média dos concorrentes em termos de rentabilidade. Sob a ótica do valuation, os métodos de precificação apresentam uma dispersão acentuada, variando desde os conservadores R$ 15,84 pelo modelo de Bazin até os R$ 61,83 pela fórmula de Graham. Diante dessa volatilidade de premissas, a média dos preços-teto calculada em R$ 31,66 e o preço ajustado com margem de segurança de R$ 23,06 evidenciam que a cotação atual de R$ 51,85 embute um expressivo upside negativo de 55,5%. Em balanço, a AXIA3 destaca-se positivamente por sua robusta margem líquida de 27,05% e pelo perfil de endividamento seguro e inferior ao do setor, mas esbarra negativamente em uma rentabilidade fraca, no crescimento muito abaixo de seus pares e em um preço de tela que descolou significativamente de suas referências de valor justo.",,False,True,59.55,-12.93,Em Baixa,53.709999084472656,-3.4630434594240755,-23.57016321776929,False,False,False,sem sinal (Em Baixa; sem novo topo (-3.5%))
VAMO3,BOVA11+SMALL11,BOVA11,Bens Industriais,41.85,45.71,20.0,,,0.7,,52.19,55.77,27.43,27.97,False,103,Não,4,8,False,,True,,False,False,False,False,False,False,2,10,True,False,True,False,False,False,True,True,False,True,False,3.87,False,3347569152.0,10.6,1.01,4.54,2.93,9.57,14.8,15.52,5.1,3.81,3.09,2.79,1.67,4.84,1.61,31.04,-1.9,4.58,7.32,0.32,88.84,11.16,2.48,4.82,10.5,-43.2,-16.8,2.03,0.65,2.740000009536743,0.5730592415529763,1.0630248930807709,3.4250000119209285,3.972173446398807,2.4628406501492375,2.642774521450532,1.7628630568953398,8.739324130946441,,,,6,False,15.3,,,n/d,n/d,,,,False,False,,,Em Baixa,3.3399999141693115,-17.964069462612365,-44.53441340487693,False,False,False,sem sinal (Em Baixa; sem novo topo (-18.0%))
PNVL3,SMALL11,SMALL11,Bens de primeira necessidade,41.79,36.81,70.0,,,0.0,,36.62,43.39,36.22,22.38,True,104,Não,4,8,False,,True,,False,False,True,False,True,True,7,10,False,True,False,False,True,False,True,True,False,False,True,0.81,True,1719313536.0,12.57,1.31,2.86,2.49,10.45,8.49,9.66,2.33,5.57,4.17,6.05,1.75,1.07,1.75,31.3,17.6,7.87,4.98,0.9,66.54,33.46,8.82,16.07,30.6,-28.4,-4.7,1.38,0.69,11.510000228881836,2.047077732690773,3.7973291941413843,12.132657361390955,13.454368075711354,8.8538596167302,5.744239476574112,6.578318941112087,11.510000228881836,8.867253270648847,8.8538596167302,7.9684736550571795,7,True,6.6,-30.769126875757724,-22.960442273507443,n/d,n/d,,,,False,False,,,Em Baixa,12.4399995803833,-7.475879283532983,-29.36604817437449,False,False,False,sem sinal (Em Baixa; sem novo topo (-7.5%))
AZZA3,BOVA11+SMALL11,BOVA11,Consumo discricionário,39.79,39.75,40.0,,,0.9,,25.11,61.4,46.6,37.76,False,105,Não,2,8,False,,True,,False,False,False,True,True,True,4,10,False,False,False,False,False,True,True,False,False,True,True,0.02,True,3060943104.0,9.64,0.39,16.35,3.53,4.03,11.4,5.88,2.85,3.67,2.18,5.18,2.26,0.49,3.63,34.06,21.9,3.17,3.32,0.93,48.36,51.64,14.87,31.78,1.8,-52.4,-20.3,1.27,0.5,15.140000343322754,3.82072885946359,4.841207735405967,14.214392886299375,37.037897340777164,9.722395131855887,48.391190610022164,6.819001490663569,20.9161030224964,,,,5,False,12.7,,,n/d,n/d,,,,False,False,,,Em Baixa,17.010000228881836,-10.993532395043404,-53.626196965304416,False,False,False,sem sinal (Em Baixa; sem novo topo (-11.0%))
UNIP6,SMALL11,SMALL11,Materiais,39.18,42.56,20.0,,,1.0,,51.82,10.12,35.3,96.5,False,106,Não,4,8,False,,True,,False,False,True,False,False,False,2,10,False,True,True,False,False,False,True,True,False,True,True,1.25,True,6594636800.0,25.08,3.35,10.96,15.84,13.34,34.18,11.66,5.09,8.98,2.72,3.27,2.39,1.85,,397.19,-46.1,11.17,4.48,0.47,74.89,24.93,53.05,71.62,11.4,-17.5,-3.4,0.72,0.41,59.08000183105469,66.83145657046164,97.30660076659215,24.49888433185681,30.57353032219591,,29.50263937944887,6.292982651177505,20.70135480813592,,,,5,False,15.5,,,n/d,n/d,,,,False,False,,,Em Baixa,63.689998626708984,-7.2381800833028365,-18.731151807956834,False,False,False,sem sinal (Em Baixa; sem novo topo (-7.2%))
NATU3,BOVA11+SMALL11,BOVA11,Bens de primeira necessidade,38.93,43.59,12.5,,,0.0,P/L=-4.26<2,39.49,58.45,54.8,2.45,True,107,Não,2,8,False,,False,,,,False,True,False,False,1,8,False,False,False,False,False,True,True,False,False,True,True,0.35,True,11302268928.0,-4.26,0.9,0.0,0.0,-21.11,16.32,10.18,-12.47,4.94,2.58,3.54,1.68,0.54,,,-88.9,8.61,2.55,0.77,55.21,44.79,7.2,10.7,14.3,-23.1,-9.9,1.18,0.43,8.229999542236328,,,,,,,,10.422802282194437,10.422802282194437,10.422802282194437,9.380522053974994,1,True,1.0,13.979618174146768,26.64402019349641,n/d,n/d,,,,False,False,,,Em Baixa,8.5,-3.1764759736902626,-26.188342387395004,False,False,False,sem sinal (Em Baixa; sem novo topo (-3.2%))
EMBJ3,BOVA11,BOVA11,Bens Industriais,38.73,33.8,66.66666666666667,,,0.7,,44.62,11.89,49.57,8.39,False,108,Não,4,8,False,,False,,False,,True,True,True,False,6,9,False,False,False,False,True,True,True,True,False,False,True,0.14,True,69240004608.0,30.92,4.02,1.01,0.72,13.01,5.09,9.61,5.28,11.76,0.52,0.76,1.44,0.69,3.05,22.12,113.9,16.71,3.7,0.82,70.5,26.66,68.4,103.57,42.2,-6.1,19.3,0.83,0.38,97.2699966430664,4.969483371250509,9.218391653669693,41.68264733249126,41.38446934269194,34.12631337323825,17.803326618344734,28.440424336345536,42.083527935208664,,,,6,False,8.5,,,n/d,n/d,,,,False,False,,,Em Alta,101.29000091552734,-3.9688066305908043,-7.4576652662251774,False,False,False,sem sinal (Em Alta)
SMFT3,BOVA11+SMALL11,BOVA11,Consumo discricionário,37.96,37.6,40.0,,,0.9,,49.68,39.78,13.91,25.17,False,109,Não,1,8,False,,False,,False,False,True,False,False,False,4,10,False,False,False,False,False,False,True,False,True,False,False,1.82,False,10623329280.0,15.54,1.76,5.83,2.63,11.3,9.4,10.6,8.53,3.92,4.32,5.7,1.2,2.24,2.32,40.84,-6.3,8.56,5.98,0.3,73.66,26.34,16.61,26.03,4.2,-33.5,-8.5,1.29,0.62,17.309999465942383,3.2495333221073683,6.027884312509168,14.759169428811877,15.700246548325733,10.373811030542754,13.015407760437112,7.656236811874426,,11.255459315416845,11.694609395489934,10.525148455940942,6,True,4.8,-39.19613644905484,-34.97712499898058,n/d,n/d,,,,False,False,,,Em Baixa,20.040000915527344,-13.622761102120052,-34.44122236269903,False,False,False,sem sinal (Em Baixa; sem novo topo (-13.6%))
HAPV3,BOVA11+SMALL11,BOVA11,Cuidados de saúde,37.94,35.81,50.0,,,0.2,P/L=-18.93<2,12.29,80.45,48.04,5.59,True,110,Não,1,7,False,,False,,False,,False,True,,False,4,8,False,False,False,False,,False,True,False,False,False,True,0.16,True,3107075072.0,-18.93,0.07,0.0,0.13,-0.36,-1.11,2.12,-1.35,4.18,3.36,8.4,1.79,0.33,,,,5.59,1.21,0.45,33.25,66.74,6.09,41.71,7.4,-84.3,-40.9,1.59,0.36,6.539999961853027,0.06225926210273958,0.09064948562158882,,,,,,16.297186384008597,,,,2,False,261.8,,,n/d,n/d,,,,False,False,,,Em Baixa,11.90999984741211,-45.08816082584514,-84.66947964077463,False,False,False,sem sinal (Em Baixa; sem novo topo (-45.1%))
RAIL3,BOVA11,BOVA11,Bens Industriais,37.4,35.18,50.0,,,0.7,,50.38,26.85,22.36,13.29,False,111,Pivô de alta,2,8,False,,False,,False,False,False,False,True,True,5,10,False,False,False,False,True,False,True,False,True,False,False,1.64,False,26446039040.0,21.59,1.83,0.76,1.31,8.48,1.9,12.06,8.53,6.0,3.16,3.66,1.31,2.01,3.55,28.29,56.8,11.43,7.07,0.25,73.88,25.74,12.33,17.04,15.6,-16.4,-1.2,1.14,0.58,14.25,1.333549790960755,2.4737348622322006,8.745368226030568,10.753609392158118,4.87858352205053,7.463298337435325,4.286205605356511,11.169442259983533,,,,7,False,8.4,,,n/d,n/d,,,Pivô de alta,False,False,,,Lateral,14.4399995803833,-1.315786605987268,-17.76631468905798,False,True,False,Pivô de alta
TIMS3,BOVA11,BOVA11,Comunicação,36.86,31.01,70.0,,,0.4,,31.12,7.65,37.72,75.52,False,112,Não,3,8,False,,True,,False,False,False,True,True,True,7,10,False,False,False,True,True,False,True,False,True,True,True,0.49,True,43975397376.0,3224.89,1.76,7.97,8.95,0.05,11.85,0.76,15.78,112.41,1.05,2.63,0.85,0.66,1289.96,28866.92,2.5,8.71,7.75,0.43,57.89,42.11,17.94,27.96,2.6,-34.2,-18.4,0.8,0.49,18.40999984741211,11.77094241237361,14.68808901022272,,,,30.75,,0.6939802788688717,,,,3,False,44.3,,,n/d,n/d,,,,False,False,,,Em Baixa,19.43000030517578,-5.249616272481283,-35.060886194127136,False,False,False,sem sinal (Em Baixa; sem novo topo (-5.2%))
YDUQ3,BOVA11+SMALL11,BOVA11,Consumo discricionário,36.74,36.16,40.0,,,0.9,,35.04,45.72,25.25,39.16,False,113,Não,1,8,False,,False,,False,False,False,False,True,False,4,10,False,False,False,False,False,False,True,False,False,False,False,1.48,True,2002511744.0,19.0,0.74,7.23,3.6,3.89,5.03,11.35,2.04,3.73,3.14,3.87,1.61,1.72,15.46,68.41,1.0,3.72,7.39,0.4,70.08,29.69,7.32,14.76,7.5,-46.7,-15.2,1.64,0.61,7.869999885559082,2.0238999041089,2.245933798090363,3.283227753793002,9.955734923002648,2.0003577023459473,5.64366637286046,1.4265162983681792,14.66556730038189,,,,6,False,10.3,,,n/d,n/d,,,,False,False,,,Em Baixa,8.380000114440918,-6.085921502590108,-48.528450587351735,False,False,False,sem sinal (Em Baixa; sem novo topo (-6.1%))
CBAV3,SMALL11,SMALL11,Materiais,36.51,37.66,30.0,,,1.0,,39.21,37.06,38.7,30.07,False,114,Rompimento,5,8,False,,False,,False,False,True,True,True,False,3,10,False,True,False,False,True,True,True,True,False,False,True,0.57,True,7278992896.0,12.17,1.44,0.39,3.04,11.81,-1.32,6.25,6.41,6.53,1.95,4.36,2.06,0.89,1.64,37.03,28.1,9.56,3.49,0.48,67.68,30.73,2.83,11.18,295.3,0.0,3.9,0.31,0.15,11.180000305175781,2.4297192869900655,4.507129277366571,12.172144950170837,12.66795579710097,9.627063151596206,0.7923834407857581,6.748506576709387,7.239159730295168,,,,6,False,16.0,,,n/d,n/d,,,Rompimento,False,False,,,Em Alta,11.170000076293945,0.08952756323663547,-0.08935903112140542,False,True,False,"Rompimento (vol x0.7, +0.1% do topo, MM50>MM200)"
POSI3,SMALL11,SMALL11,Tecnologia de informação,36.26,37.37,30.0,,,0.5,,21.77,51.94,40.78,64.34,False,115,Não,0,8,False,,True,,False,False,False,True,True,False,3,10,False,False,False,False,False,False,False,False,False,True,True,0.47,True,470800512.0,38.68,0.31,5.28,6.89,0.8,10.68,6.93,0.27,3.75,2.39,4.83,1.82,0.78,3.36,266.65,11.5,2.02,3.74,0.97,64.77,35.23,3.28,4.72,3.7,-28.0,-13.7,1.1,0.5,3.4000000953674316,1.6741741821649465,3.105593107915976,1.1646846241886883,4.65742755893486,1.6168159164176505,0.7445919647652398,0.8702171909032466,9.212534779467202,,,,6,False,12.4,,,n/d,n/d,,,,False,False,,,Em Baixa,3.549999952316284,-4.225348139821284,-29.166667494508925,False,False,False,sem sinal (Em Baixa; sem novo topo (-4.2%))
RAPT4,SMALL11,SMALL11,Bens Industriais,35.99,40.58,10.0,,,0.7,P/L=-4.76<2,19.79,82.08,32.36,46.85,False,116,Não,1,8,False,,False,,False,False,False,False,True,False,1,10,False,False,False,False,False,False,True,False,False,False,True,1.82,False,1642319488.0,-4.76,0.54,0.0,4.31,-11.45,8.95,9.51,-2.65,3.84,2.95,4.35,2.12,2.11,,,0.5,3.69,5.22,0.76,74.66,17.25,4.35,6.9,8.3,-31.7,-5.4,1.34,0.58,4.710000038146973,1.4485427999494938,1.5097034959473612,,,,,,12.905466923367685,,,,2,False,8.9,,,n/d,n/d,,,,False,False,,,Em Baixa,5.139999866485596,-8.365755632453542,-32.90598218028289,False,False,False,sem sinal (Em Baixa; sem novo topo (-8.4%))
SIMH3,SMALL11,SMALL11,Industrials,35.1,37.77,20.0,,,0.7,P/L=-19.56<2,27.2,81.6,16.92,17.48,False,117,Não,5,8,False,,False,,False,False,False,False,True,False,2,10,False,True,True,False,True,False,True,True,False,False,False,7.83,False,3566769408.0,-19.56,0.61,2.8,2.25,-3.1,-1.12,11.25,-0.4,3.75,3.53,4.39,1.28,6.05,,,8.8,1.95,6.03,0.36,91.64,5.09,5.63,14.3,8.5,-57.3,-30.2,2.32,0.69,6.110000133514404,0.980191404740279,1.8182550557932176,,,,,,48.07977346884064,,,,2,False,49.1,,,n/d,n/d,,,,False,False,,,Em Baixa,7.710000038146973,-20.752268439898913,-58.177302630247695,False,False,False,sem sinal (Em Baixa; sem novo topo (-20.8%))
ARML3,SMALL11,SMALL11,Bens Industriais,34.9,35.76,30.0,,,0.7,,33.89,38.93,29.07,49.65,False,118,Não,2,8,False,,True,,False,False,False,False,True,False,3,10,False,False,False,False,False,False,True,True,False,True,False,1.76,False,1141912064.0,18.45,0.83,14.16,4.79,4.51,11.22,9.85,3.11,4.69,3.06,4.35,1.89,2.12,35.23,88.39,20.9,2.97,5.81,0.54,75.09,23.96,2.71,6.17,22.0,-46.5,-12.3,1.82,0.55,3.299999952316284,1.1292319445490713,1.1792582472673743,1.3341826673747945,4.000073406115944,0.9505393734438813,2.1772966762783907,0.5366945231147193,4.707948156096266,,,,6,False,8.8,,,n/d,n/d,,,,False,False,,,Em Baixa,3.559999942779541,-7.303370636019069,-47.61904996178491,False,False,False,sem sinal (Em Baixa; sem novo topo (-7.3%))
JSLG3,SMALL11,SMALL11,Bens Industriais,34.08,36.56,20.0,,,0.7,P/L=-14.31<2,21.58,58.25,14.55,93.71,False,119,Não,1,8,False,,True,,False,False,False,False,False,False,2,10,False,False,False,False,False,False,True,False,False,True,False,5.26,False,1495333120.0,-14.31,1.26,36.62,13.87,-8.83,13.19,9.68,-1.07,4.21,4.15,6.0,1.38,6.52,,,-44.0,2.93,4.78,0.43,89.08,10.92,3.81,8.64,37.5,-39.4,-16.4,2.09,0.62,5.239999771118164,5.191433399094222,7.5587270290811865,,,,,,,6.3750802140877045,6.3750802140877045,5.737572192678934,2,True,1.5,9.495657314782546,21.66184146086949,n/d,n/d,,,,False,False,,,Em Baixa,5.760000228881836,-9.027785366331786,-40.58956970040353,False,False,False,sem sinal (Em Baixa; sem novo topo (-9.0%))
CSNA3,BOVA11+SMALL11,BOVA11,Materiais,33.84,38.05,10.0,,,1.0,P/L=-2.42<2,15.97,78.94,8.12,95.1,False,120,Não,2,8,False,,False,,False,False,False,False,True,False,1,10,False,False,False,False,False,False,True,True,False,False,False,3.31,False,6351989760.0,-2.42,0.52,0.0,15.41,-21.59,-7.63,8.07,-5.82,4.23,5.46,9.47,1.15,3.57,,,5.7,-5.43,2.17,0.39,84.35,12.8,4.28,10.89,11.9,-56.0,-16.0,1.67,0.54,4.789999961853027,5.2727567052402895,9.400753460740455,,,,,,,7.336755082990372,7.336755082990372,6.603079574691335,2,True,1.8,37.85134921247288,53.16816579163655,n/d,n/d,,,,False,False,,,Em Baixa,4.889999866485596,-2.044987880632343,-57.685511563722635,False,False,False,sem sinal (Em Baixa; sem novo topo (-2.0%))
BRAP4,BOVA11+SMALL11,BOVA11,Basic Materials,33.67,35.2,25.0,,,1.0,DY5a=24.3%>=20,14.99,39.94,74.72,,False,121,Não,4,6,False,,True,,False,False,False,True,,False,2,8,False,True,True,False,,,True,True,False,True,True,,True,8266822144.0,14.14,1.03,11.21,24.25,7.26,23.82,-0.47,0.0,-215.28,,,5.68,0.0,1.95,342.9,,2.81,-0.74,,4.4,95.6,13.96,25.49,50.6,-17.5,-6.5,0.92,0.63,21.030000686645508,36.42741694466344,67.57285843235067,19.706330204954238,26.13889527948993,44.6181061244247,15.342069641277186,10.76018745983507,,25.49883427577409,22.922612742222086,20.630351467999876,6,True,6.3,-1.9003766314635295,21.249802392856722,n/d,n/d,,,,False,False,,,Em Baixa,22.0,-4.409087787974963,-17.9477121527284,False,False,False,sem sinal (Em Baixa; sem novo topo (-4.4%))
AUAU3,SMALL11,SMALL11,Consumo discricionário,33.3,33.29,33.333333333333336,,,0.9,,31.17,52.69,25.23,10.49,False,122,Não,1,8,False,,,,,,False,True,False,,1,3,False,False,False,False,False,False,True,False,False,False,False,0.77,True,2771756032.0,14.4,0.87,0.94,0.92,6.04,,7.01,3.33,2.98,3.87,7.74,1.19,0.74,2.75,13.25,-18.6,9.5,4.03,,,,2.8,3.87,14.8,-16.7,-4.1,0.86,0.42,3.2200000286102295,0.2115801130738232,0.35585578408063195,2.686361979075694,4.315252991063856,1.3774018672069495,0.5195556122830765,1.3338576178164296,,,,,3,False,20.4,,,n/d,n/d,,,,False,False,,,Em Baixa,3.680000066757202,-12.500000809845702,-20.169427520812434,False,False,False,sem sinal (Em Baixa; sem novo topo (-12.5%))
MYPK3,SMALL11,SMALL11,Consumo discricionário,32.89,35.17,20.0,,,0.9,,25.15,51.78,28.32,52.45,False,123,Não,1,8,False,,True,,False,False,False,False,True,False,2,10,False,False,False,False,False,False,True,False,False,False,True,0.95,True,1361407232.0,15.28,0.34,3.38,5.42,2.23,4.01,8.93,0.6,3.5,2.9,4.54,1.73,1.23,39.83,82.8,0.1,3.92,3.75,0.65,66.29,30.03,8.74,13.84,4.0,-34.3,-2.5,0.79,0.48,9.09000015258789,3.518187428348479,3.631196071265923,4.385743496583314,18.917076230256598,3.451708556149036,7.742135616861024,1.732684432630322,20.261763396706733,,,,6,False,11.7,,,n/d,n/d,,,,False,False,,,Em Baixa,9.710000038146973,-6.385168724236179,-34.660759826909306,False,False,False,sem sinal (Em Baixa; sem novo topo (-6.4%))
TTEN3,SMALL11,SMALL11,Bens de primeira necessidade,32.85,29.82,50.0,,,0.0,,35.59,31.66,23.86,11.19,True,124,Não,2,8,False,,True,,False,True,True,False,False,True,5,10,False,True,False,False,False,False,True,False,False,True,False,0.75,True,5649972736.0,9.61,1.13,1.61,0.95,11.76,18.41,4.0,3.19,17.47,7.5,18.75,1.36,1.03,0.9,9.14,-37.7,5.62,1.74,0.97,64.13,35.82,9.93,17.74,13.7,-36.4,-23.4,0.8,0.37,11.289999961853027,0.7670876395113416,1.4229475712935387,15.566337096207347,16.251156923514866,13.670430750532294,1.678297583243749,11.02885230486488,,,,,4,False,21.2,,,n/d,n/d,,,,False,False,,,Em Baixa,11.800000190734863,-4.3220357681204025,-36.92737317063685,False,False,False,sem sinal (Em Baixa; sem novo topo (-4.3%))
CASH3,SMALL11,SMALL11,Comunicação,32.54,28.48,55.55555555555556,,,0.4,P/L=-5.79<2,1.34,43.54,83.71,2.45,False,125,Não,2,8,False,,False,,False,,False,True,True,False,5,9,False,False,False,False,True,True,False,False,False,False,True,-0.29,True,583348608.0,-5.79,1.36,0.0,0.0,-23.45,-3.01,-16.62,-20.31,-9.09,-1.12,-2.8,2.68,0.0,,,18.2,6.51,9.61,1.74,18.27,80.69,3.24,5.6,72.8,0.0,29.2,0.96,0.33,5.599999904632568,,,,,,,,,,,,0,True,,,,n/d,n/d,,,,False,False,,,Em Alta,5.460000038146973,2.564100100869404,-2.777783296726144,False,False,False,sem sinal (Em Alta)
DESK3,SMALL11,SMALL11,Comunicação,31.89,32.22,30.0,,,0.4,,39.74,26.37,34.87,7.69,False,126,Não,3,8,False,,True,,False,False,False,False,False,True,3,10,False,True,True,False,False,False,True,False,False,False,True,0.9,True,2196932608.0,39.34,1.54,0.77,0.44,3.91,6.21,11.53,4.54,5.25,2.09,2.54,1.41,1.21,12.14,17.15,-30.5,11.12,6.45,0.32,62.73,36.49,7.85,18.95,140.7,-0.3,4.5,0.68,0.2,18.899999618530273,0.5886462650830551,0.7906544492322601,4.60926556071669,11.517958681662064,1.7657274040821511,0.6882200359386186,2.261637496094139,18.899999618530273,,,,3,False,32.1,,,n/d,n/d,,,,False,False,,,Em Alta,18.950000762939453,-0.2638582712195303,-1.511208480753623,False,False,False,sem sinal (Em Alta)
DXCO3,SMALL11,SMALL11,Materiais,31.65,33.7,20.0,,,1.0,P/L=-127.17<2,14.36,71.97,28.03,36.36,False,127,Não,2,8,False,,True,,False,False,False,False,True,False,2,10,False,False,False,False,False,False,True,True,False,False,False,0.88,True,4530274304.0,-127.17,0.66,0.0,3.44,-0.52,6.92,4.35,-0.43,4.66,3.22,8.04,1.98,1.19,,,5.2,8.05,2.48,0.51,62.06,36.03,4.44,6.09,12.5,-18.1,-1.3,1.17,0.6,4.989999771118164,1.2268141112756001,2.053240708053073,,,,,,5.8716342597906825,1.6400274096643366,1.6400274096643366,1.476024668697903,2,True,4.8,-70.42034596392068,-67.13371773768964,n/d,n/d,,,,False,False,,,Em Baixa,5.289999961853027,-5.671081151194879,-19.774920587828305,False,False,False,sem sinal (Em Baixa; sem novo topo (-5.7%))
PRNR3,SMALL11,SMALL11,Bens Industriais,30.49,32.34,20.0,,,0.7,,39.27,26.04,33.1,15.38,False,128,Não,3,8,False,,False,,False,False,False,False,True,False,2,10,False,False,False,False,True,True,True,False,False,False,True,1.18,True,955439936.0,21.79,2.0,0.0,1.69,9.17,4.0,10.43,2.55,5.65,2.35,3.15,1.85,1.75,3.76,36.73,27.8,4.79,5.94,0.64,70.26,25.54,14.63,21.97,14.6,-23.7,-10.3,1.16,0.6,16.760000228881836,2.0181078573428963,3.6461536579218823,9.92611603988955,12.04263895963171,5.75897929619647,5.544942948760516,4.859663405690034,15.415701807132644,6.963082384681694,5.651961122478493,5.086765010230644,6,True,7.6,-69.64937386179253,-58.45416294993544,n/d,n/d,,,,False,False,,,Em Baixa,19.739999771118164,-15.096249122537486,-24.12856444947391,False,False,False,sem sinal (Em Baixa; sem novo topo (-15.1%))
BRAV3,BOVA11+SMALL11,BOVA11,Energia,29.9,29.3,33.333333333333336,,,0.9,,23.13,54.99,19.79,11.89,False,129,Não,1,8,False,,False,,False,,False,False,False,True,3,9,False,False,False,False,False,False,True,False,False,False,False,1.17,True,8733410304.0,160.38,0.71,0.66,1.08,0.44,3.55,8.3,0.44,3.24,3.05,5.14,1.26,1.55,,172.91,-17.3,5.34,3.71,0.27,72.43,27.57,13.35,21.64,40.8,-13.1,-3.9,0.49,0.23,18.799999237060547,1.4477835203021652,2.1079728055599527,,,,1.6666666666666667,,18.799999237060547,,,,3,False,13.0,,,n/d,n/d,,,,False,False,,,Em Baixa,19.860000610351562,-5.337368281542321,-15.105024929057919,False,False,False,sem sinal (Em Baixa; sem novo topo (-5.3%))
BRKM5,BOVA11+SMALL11,BOVA11,Materiais,29.54,30.34,25.0,,,1.0,P/L=-0.73<2,38.62,17.31,2.27,81.82,False,130,Não,5,8,False,,False,,False,,True,,True,False,2,8,True,True,False,False,True,False,True,True,False,False,False,,True,4040629760.0,-0.73,-0.32,0.0,9.77,44.02,-59.65,1.85,-7.85,8.28,7.47,18.68,0.77,,,,21.6,-6.01,3.46,0.31,120.15,-19.72,4.93,12.7,2.8,-60.1,-37.4,0.93,0.22,5.070000171661377,3.5367180978762267,6.5606120715604,,,,,,,5.048665084718314,5.048665084718314,4.543798576246482,2,True,1.9,-10.378729341195758,-0.4208103791063955,n/d,n/d,,,,False,False,,,Em Baixa,6.050000190734863,-16.198346912026306,-63.2075452111188,False,False,False,sem sinal (Em Baixa; sem novo topo (-16.2%))
LJQQ3,SMALL11,SMALL11,Consumo discricionário,29.43,32.66,11.11111111111111,,,0.9,P/L=-1.03<2,6.97,89.63,13.21,44.76,False,131,Não,0,8,False,,False,,False,,False,False,True,False,1,9,False,False,False,False,False,False,False,False,False,False,False,4.22,False,215193952.0,-1.03,0.69,0.0,4.1,-67.62,-9.94,2.03,-6.88,0.79,34.56,86.39,1.77,7.9,,,8.8,14.86,-0.01,0.82,89.26,10.74,0.96,2.83,8.3,-63.3,-28.6,2.12,0.59,1.0399999618530273,0.30481802616674925,0.5654374385393198,,,,,,,0.43512773235303454,0.43512773235303454,0.3916149591177311,2,True,1.9,-62.34471408826128,-58.160793431401416,n/d,n/d,,,,False,False,,,Em Baixa,1.309999942779541,-20.610686467178862,-63.76306608630986,False,False,False,sem sinal (Em Baixa; sem novo topo (-20.6%))
LWSA3,SMALL11,SMALL11,Tecnologia de informação,29.29,30.93,20.0,,,0.5,P/L=-11.53<2,12.36,50.8,48.63,29.37,False,132,Rompimento,1,7,False,,False,,False,False,False,True,True,False,2,10,False,False,False,False,False,,True,False,False,False,True,,True,2278022400.0,-11.53,0.97,6.27,2.95,-8.41,-2.3,5.89,-14.56,6.07,,,1.14,0.03,,,47.1,10.9,-4.0,1.15,32.17,67.83,3.38,4.67,20.0,-13.0,6.6,1.36,0.54,4.059999942779541,0.8551117966247086,1.5862323827388343,,,,,,,1.2206720896817713,1.2206720896817713,1.0986048807135942,2,True,1.9,-72.94076610352187,-69.93418455946875,n/d,n/d,,,Rompimento,False,False,,,Lateral,3.985538959503174,1.8682788961031482,-14.540267286325193,False,True,False,"Rompimento (vol x0.7, +1.9% do topo, MM50>MM200)"
EQTL3,BOVA11,BOVA11,Serviços públicos,28.54,28.28,30.0,,,0.1,,34.79,21.14,20.59,32.17,True,133,Não,1,8,False,,True,,False,False,False,False,False,True,3,10,False,False,False,False,False,False,True,False,False,False,True,2.15,True,44937805824.0,47.0,1.72,4.41,3.15,3.67,8.85,9.18,1.75,7.86,4.81,7.33,1.57,2.27,,148.2,-54.9,21.68,4.62,0.33,74.15,23.5,33.29,45.35,7.5,-21.1,-9.6,1.2,0.82,35.77000045776367,8.056625181632832,11.730446264457402,7.9150639310796205,18.871092888175625,,6.267048420977274,2.0331276855932545,35.77000045776367,,,,5,False,17.6,,,n/d,n/d,,,,False,False,,,Em Baixa,39.209999084472656,-8.773268826908087,-22.77633701763474,False,False,False,sem sinal (Em Baixa; sem novo topo (-8.8%))
DASA3,SMALL11,SMALL11,Cuidados de saúde,28.28,33.27,0.0,,,0.2,P/L=-3.61<2,17.82,78.98,22.99,9.09,True,134,Não,2,8,False,,False,,False,,False,False,False,False,0,9,False,False,False,False,False,False,True,True,False,False,True,0.98,True,3224552704.0,-3.61,0.47,0.0,0.76,-13.13,-13.32,7.28,-9.6,4.07,4.54,8.74,1.27,1.12,,,-9.8,11.32,3.53,0.48,62.87,36.98,1.24,4.6,108.1,-43.9,-10.8,2.02,0.4,2.5799999237060547,0.140101484807027,0.2039877618790313,,,,,,,0.17204462334302917,0.17204462334302917,0.15484016100872625,2,True,1.5,-93.99844319428098,-93.33160354920109,n/d,n/d,,,,False,False,,,Em Baixa,2.9000000953674316,-11.034488315105817,-45.91195106871003,False,False,False,sem sinal (Em Baixa; sem novo topo (-11.0%))
MRVE3,BOVA11+SMALL11,BOVA11,Consumo discricionário,28.25,31.28,11.11111111111111,,,0.9,P/L=-4.97<2,15.51,66.33,25.68,25.87,False,135,Rompimento,1,8,False,,False,,False,,False,False,True,False,1,9,False,False,False,False,False,False,True,False,False,False,False,1.18,True,2864827392.0,-4.97,0.63,0.0,2.67,-12.58,-7.71,6.84,-4.93,5.32,3.03,6.21,1.89,1.69,,,10.7,2.85,3.75,0.89,78.42,18.67,4.2,10.43,21.2,-51.2,-11.8,1.58,0.57,5.090000152587891,0.9696997120805639,1.798792965909446,,,,,,2.6871554575596885,1.8185493785165663,1.798792965909446,1.6189136693185013,3,True,2.8,-68.1942314187279,-64.27211544204046,n/d,n/d,,,Rompimento,False,False,,,Lateral,4.909999847412109,3.6659941093613924,-51.661915653708434,False,True,False,"Rompimento (vol x1.0, +3.7% do topo, MM50>MM200)"
CAML3,SMALL11,SMALL11,Bens de primeira necessidade,27.35,30.41,10.0,,,0.0,,25.75,35.86,25.49,47.55,True,136,Rompimento,1,8,False,,True,,False,False,False,False,False,False,1,10,False,False,False,False,False,False,True,False,False,False,False,1.5,True,1674659712.0,15.58,0.58,5.97,4.35,3.69,8.66,5.74,0.99,7.87,5.55,13.55,1.87,1.99,13.07,67.7,-58.5,4.71,3.09,0.76,72.01,27.99,4.05,7.23,21.3,-32.0,-9.1,1.4,0.57,4.909999847412109,1.5238811942446635,1.685559991120303,2.489883884111081,7.747739573095417,1.7449989286075056,1.7228478339401743,1.078022025811818,0.03462128620209939,,,,6,False,223.8,,,n/d,n/d,,,Rompimento,False,False,,,Em Alta,4.809999942779541,2.079000121043273,-32.78430590877813,False,True,False,"Rompimento (vol x1.4, +2.1% do topo, MM50>MM200)"
SOJA3,SMALL11,SMALL11,Bens de primeira necessidade,26.59,27.75,20.0,,,0.0,,30.27,28.9,13.88,41.26,True,137,Não,2,8,False,,True,,False,False,False,False,False,False,2,10,False,False,False,False,True,False,True,False,False,True,True,0.66,True,899974976.0,39.02,0.68,4.44,3.84,1.73,13.98,5.66,0.89,9.1,4.7,11.63,0.95,1.47,,149.91,-0.4,6.57,2.47,1.35,45.47,36.89,4.98,10.46,28.1,-39.0,1.2,0.81,0.32,6.380000114440918,1.7508311814840718,2.549210200240809,1.7004613323983993,5.8750809737890375,,1.0522259290281606,0.4367943257671713,1.2574173866305989,,,,5,False,13.5,,,n/d,n/d,,,,False,False,,,Lateral,6.320000171661377,0.9493661574342616,-38.98107312951355,False,False,False,sem sinal (Lateral)
HBOR3,SMALL11,SMALL11,Imobiliário,26.58,27.74,20.0,,,0.8,,15.02,35.74,38.88,42.66,False,138,Não,1,8,False,,True,,False,False,False,True,False,False,2,10,False,False,False,False,False,False,False,True,False,False,False,1.25,True,242829328.0,53.75,0.17,7.28,3.93,0.31,3.0,2.16,0.41,13.21,15.28,38.21,2.55,0.72,,211.23,-64.6,1.97,1.03,0.81,57.57,22.01,1.68,4.23,8.9,-56.8,-15.6,1.66,0.42,1.8300000429153442,0.5136933444027909,0.7479375094504637,0.3540837292338526,2.871631204845663,,0.26415074528231325,0.09095282605320117,,,,,4,False,31.6,,,n/d,n/d,,,,False,False,,,Em Baixa,2.009999990463257,-8.955221313529805,-56.986039562536675,False,False,False,sem sinal (Em Baixa; sem novo topo (-9.0%))
GFSA3,SMALL11,SMALL11,Consumo discricionário,26.08,30.68,0.0,,,0.9,P/L=-0.06<2,0.67,100.0,25.68,2.45,False,139,Não,1,7,False,,False,,False,,False,False,False,False,0,9,False,False,False,False,False,,False,True,False,False,True,,True,34620808.0,-0.06,0.02,0.0,0.0,-39.87,-13.41,-6.27,-124.06,-5.68,,,1.31,1.06,,,-55.9,0.73,-4.96,0.96,67.49,32.51,0.2,13.83,10.0,-98.4,-77.0,1.24,0.27,0.2199999988079071,,,,,,,,,,,,0,True,,,,n/d,n/d,,,,False,False,,,Em Baixa,0.27000001072883606,-18.518522197817433,-98.42744816006295,False,False,False,sem sinal (Em Baixa; sem novo topo (-18.5%))
RCSL4,SMALL11,SMALL11,Bens Industriais,25.84,27.88,14.285714285714286,,,0.7,P/L=-5.94<2,38.26,,17.24,2.45,False,140,Não,2,6,False,,False,,False,,True,,,False,1,7,True,True,False,False,,,False,False,False,True,True,,True,89102424.0,-5.94,-5.97,0.0,0.0,100.56,,-2.72,0.0,-103.72,,,1.22,,,,,,-14.18,0.2,170.21,-69.4,0.26,2.7,169.2,-74.1,20.5,0.22,0.03,0.699999988079071,,,,,,,,,,,,0,True,,,,n/d,n/d,,,,False,False,,,Em Alta,0.7799999713897705,-10.256408492959167,-74.7520296321827,False,False,False,sem sinal (Em Alta)
ORVR3,SMALL11,SMALL11,Bens Industriais,25.74,20.48,55.55555555555556,,,0.7,,22.64,8.6,39.5,2.45,False,141,Não,2,8,False,,False,,False,,False,True,True,False,5,9,False,False,False,False,True,False,True,False,False,False,False,0.28,True,8761277440.0,174.34,1.81,0.0,0.0,1.04,-2.35,3.71,3.35,20.04,4.88,12.21,2.38,0.74,167.63,,135.8,14.2,2.86,0.49,63.86,33.58,12.9,20.97,23.6,-23.9,-15.6,1.1,0.66,15.949999809265137,,,,,,,,0.5267844648154367,0.5267844648154367,0.5267844648154367,0.47410601833389304,1,True,1.0,-97.02754843885019,-96.69727604316688,n/d,n/d,,,,False,False,,,Em Baixa,17.8799991607666,-10.794180324887204,-24.85277021153731,False,False,False,sem sinal (Em Baixa; sem novo topo (-10.8%))
MGLU3,BOVA11+SMALL11,BOVA11,Consumo discricionário,25.28,27.78,11.11111111111111,,,0.9,,19.75,51.19,20.34,20.28,False,142,Não,1,8,False,,False,,False,,False,True,False,False,1,9,False,False,False,False,False,False,True,False,False,False,False,0.6,True,3226738944.0,36.47,0.29,1.95,2.34,0.79,-2.27,6.07,0.23,2.3,4.67,10.76,1.1,0.76,315.87,85.38,-2.6,5.14,1.9,0.75,70.25,29.75,3.88,11.0,7.2,-62.2,-31.2,1.98,0.59,4.159999847412109,0.695680825696829,0.7022758367273341,0.8224835261188376,6.067610485147757,0.2802260976949632,0.4177484617572497,0.3129984712624746,,,,,6,False,21.7,,,n/d,n/d,,,,False,False,,,Em Baixa,5.159999847412109,-19.379845534327465,-63.65146871188043,False,False,False,sem sinal (Em Baixa; sem novo topo (-19.4%))
MBRF3,BOVA11,BOVA11,Bens de primeira necessidade,24.46,28.78,0.0,,,0.0,DY5a=21.3%>=20,41.83,22.67,7.06,,True,143,Não,1,8,False,,False,,False,False,False,False,False,False,0,10,False,False,False,False,False,False,True,False,False,True,True,4.51,False,27227400192.0,73.93,2.37,8.94,21.32,3.2,39.26,6.29,0.22,6.1,4.84,10.77,1.05,5.39,23.1,1575.99,-51.3,28.29,2.68,0.43,89.92,7.97,14.52,27.52,34.6,-29.0,14.4,1.03,0.32,19.540000915527344,29.75287273861061,39.80273197476353,2.525572356336101,7.002148431252935,6.480024635063384,2.8290697526425017,1.2376982667213896,11.341215600988255,,,,4,False,32.2,,,n/d,n/d,,,,False,False,,,Em Alta,18.270000457763672,6.951288593011484,-29.356467739259507,False,False,False,sem sinal (Em Alta)
CSAN3,BOVA11+SMALL11,BOVA11,Consumo discricionário,24.19,26.69,10.0,,,0.9,P/L=-1.62<2,16.42,34.85,41.05,23.78,False,144,Não,2,8,False,,False,,False,False,False,False,True,False,1,10,False,False,False,False,False,True,True,False,False,False,True,1.47,True,14357494784.0,-1.62,2.91,0.0,2.53,-1.79,-64.7,8.59,-22.18,4.67,0.5,0.82,1.67,1.1,,,26.5,6.12,5.56,0.41,77.05,3.93,3.13,8.0,16.3,-54.5,-13.2,1.89,0.65,3.640000104904175,0.6583625641282813,1.2212625564579618,,,,,,3.264431296215689,0.9398125602931215,0.9398125602931215,0.8458313042638094,2,True,5.0,-76.76287692617865,-74.18097436242073,n/d,n/d,,,,False,False,,,Em Baixa,4.099999904632568,-11.219507571418285,-54.66998473289695,False,False,False,sem sinal (Em Baixa; sem novo topo (-11.2%))
CVCB3,SMALL11,SMALL11,Consumo discricionário,23.67,21.96,33.333333333333336,,,0.9,P/L=-6.22<2,11.02,52.15,18.58,2.45,False,145,Bandeira de alta,2,8,False,,False,,False,,False,False,False,False,3,9,False,False,False,False,False,True,True,False,False,False,True,0.73,True,812445760.0,-6.22,2.54,0.0,0.0,-40.86,-60.02,5.9,-8.94,2.61,1.23,2.93,0.68,1.67,,,-4.5,10.76,4.12,0.67,87.19,12.81,1.08,2.72,44.4,-42.6,-3.2,1.1,0.28,1.559999942779541,,,,,,,,3.406792149082738,3.406792149082738,3.406792149082738,3.0661129341744644,1,True,1.0,96.54570811787313,118.3841201309701,n/d,n/d,,,Bandeira de alta,False,False,,,Lateral,1.5499999523162842,0.6451606948963517,-44.08602279179101,False,True,False,"Bandeira de alta — mastro +28%, recuo 33% (candidato)"
KLBN11,BOVA11,BOVA11,Materiais,23.21,25.54,10.0,,,1.0,,23.09,17.68,20.43,66.43,False,146,Pivô de alta,1,8,False,,True,,False,False,False,False,False,False,1,10,False,False,False,False,False,False,True,False,False,True,False,0.49,True,131391070208.0,41.11,2.43,6.28,7.1,5.92,28.81,5.45,0.86,6.31,3.99,9.97,2.0,2.3,,291.69,-51.7,10.7,2.09,0.37,77.43,12.36,16.08,21.02,15.0,-12.0,5.4,0.56,0.47,18.489999771118164,9.370797986977326,13.643881869038989,4.677596633899998,8.77508414512876,,11.016666666666667,1.2015255089825543,7.372511386444779,,,,6,False,11.4,,,n/d,n/d,,,Pivô de alta,False,False,,,Lateral,18.639999389648438,-0.8047190098813717,-12.98823637120864,False,True,False,Pivô de alta
HBSA3,SMALL11,SMALL11,Bens Industriais,22.92,25.0,11.11111111111111,,,0.7,P/L=-26.47<2,25.19,19.18,43.11,2.45,False,147,Rompimento,2,8,False,,False,,False,,False,False,True,False,1,9,False,False,False,False,True,False,True,False,False,False,False,1.26,True,4734131200.0,-26.47,2.26,0.0,0.0,-8.56,-15.0,11.14,-5.52,7.91,3.09,3.88,3.26,1.56,,,68.3,12.28,5.08,0.41,66.67,33.33,2.98,4.38,16.8,-20.5,1.8,0.77,0.36,3.4800000190734863,,,,,,,,1.6582182551338565,1.6582182551338565,1.6582182551338565,1.4923964296204708,1,True,1.0,-57.11504536089613,-52.3500504009957,n/d,n/d,,,Rompimento,False,False,,,Lateral,3.380000114440918,2.9585769599628886,-20.728926539594806,False,True,False,"Rompimento (vol x1.4, +3.0% do topo, MM50>MM200)"
AURE3,BOVA11+SMALL11,BOVA11,Serviços públicos,21.63,21.92,20.0,,,0.1,P/L=-9.86<2,13.34,27.14,11.03,69.23,True,148,Não,2,8,False,,False,,False,False,False,False,True,False,2,10,False,False,False,False,False,False,True,True,False,False,False,1.74,True,10686616576.0,-9.86,0.93,0.0,7.48,-9.47,2.89,2.64,-8.09,11.57,6.49,16.23,1.12,1.85,,,5.9,-72.06,2.04,0.26,71.73,25.67,10.05,14.61,1.8,-30.0,-15.8,1.11,0.58,10.229999542236328,5.465905823757884,10.004632067041282,,,,,,2.7578706061471956,6.076136165648787,5.465905823757884,4.919315241382096,3,True,3.6,-51.91284983863538,-40.60472690577937,n/d,n/d,,,,False,False,,,Em Baixa,11.279999732971191,-9.308512549568027,-30.21828343305063,False,False,False,sem sinal (Em Baixa; sem novo topo (-9.3%))
ENEV3,BOVA11,BOVA11,Serviços públicos,21.47,19.38,33.333333333333336,,,0.1,,28.0,8.65,21.85,2.45,True,149,Não,1,8,False,,True,,False,,False,False,False,True,3,9,False,False,False,False,False,False,True,False,False,False,True,1.16,True,48699994112.0,51.22,2.42,0.0,0.0,4.73,2.64,5.85,5.03,11.93,3.9,9.34,1.28,1.2,10.83,,-91.5,26.28,4.12,0.26,62.34,34.87,14.0,27.59,81.1,-8.1,-1.6,1.1,0.54,25.360000610351562,,,5.593724268984816,10.80470835335413,2.3419133714752616,,2.7947351595811094,12.49872046498291,6.806760323675644,5.593724268984816,5.034351842086334,5,True,5.3,-80.1484553591399,-73.15946309205833,n/d,n/d,,,,False,False,,,Em Baixa,27.15999984741211,-6.6273904535093635,-9.81507875714942,False,False,False,sem sinal (Em Baixa; sem novo topo (-6.6%))
TUPY3,SMALL11,SMALL11,Bens Industriais,19.45,22.88,0.0,,,0.7,P/L=-2.53<2,6.29,42.67,27.66,38.46,False,150,Não,2,8,False,,False,,False,False,False,False,False,False,0,10,False,False,False,False,False,False,True,True,False,False,False,0.83,True,1938344704.0,-2.53,0.86,0.0,3.58,-33.8,2.01,1.49,-8.26,8.28,3.88,9.69,2.16,1.72,,,-5.8,5.22,1.31,0.87,73.24,26.66,11.34,16.19,30.3,-8.7,2.6,1.24,0.53,14.779999732971191,3.7804358587506792,5.50431461034099,,,,,,5.063572783384453,4.782774417492041,5.063572783384453,4.557215505046008,3,True,1.5,-69.16633567401371,-67.6402266312452,n/d,n/d,,,,False,False,,,Em Baixa,15.8100004196167,-6.514868180316469,-10.42424404259884,False,False,False,sem sinal (Em Baixa; sem novo topo (-6.5%))
BBDC1,BOVA11,BOVA11,Produtos financeiros,,,,,,0.4,,,,,,False,151,Não,0,0,False,,,,,,,,,,0.0,0.0,,,,,,,,,True,True,True,,True,,,,,,,,,,,,,,,,,,,,,,,,,,,,,,,,,,,,,,,,,,0,True,,,,n/d,n/d,,,,False,False,,,,,,,False,False,False,histórico insuficiente
BBDC2,BOVA11,BOVA11,Produtos financeiros,,,,,,0.4,,,,,,False,152,Não,0,0,False,,,,,,,,,,0.0,0.0,,,,,,,,,True,True,True,,True,,,,,,,,,,,,,,,,,,,,,,,,,,,,,,,,,,,,,,,,,,0,True,,,,n/d,n/d,,,,False,False,,,,,,,False,False,False,histórico insuficiente
MOVI1,SMALL11,SMALL11,Bens Industriais,,,,,,0.7,,,,,,False,153,Não,0,0,False,,,,,,,,,,0.0,0.0,,,,,,,,,True,True,True,,True,,,,,,,,,,,,,,,,,,,,,,,,,,,,,,,,,,,,,,,,,,0,True,,,,n/d,n/d,,,,False,False,,,,,,,False,False,False,histórico insuficiente
