ticker,origem,grupo,setor,investment,investment_base,consistencia,basileia,solvencia,ciclicidade,dado_suspeito,quality,value,safety,dividend,rank_invest,oportunidade_grafica,criterios_ok,criterios_aplicaveis,passa_checklist,mais_5a_bolsa,sem_prejuizo_anual,lucro_20t,div_ge5_5a,div_sem_corte,roe_ge_10,divida_menor_patrim,cresc_receita_5a,cresc_lucro_5a,n_ok,n_aplic,roe_roic_ge_selic,roe_ge_setor,roic_ge_setor,margem_ge_15,cagr_ge_setor,divida_ok,marketcap_ok,insider_ok,margem_ok,roe_ok,alavancagem_ok,div_liq_patrim,nde_ok,market_cap,pl,pvp,dy,dy_teto,roe,roe_medio,roic,mrg_liq,ev_ebitda,div_liq_ebitda,liq_corr,div_patrim,peg,payout,cresc_5a,pl_fut,roa,liq_geral,grau_endiv,indep_fin,min_52s,max_52s,dist_min52,dist_max52,dist_mm100,beta,corr_ibov,close,teto_bazin,teto_gordon,teto_dcf,teto_graham,teto_lynch,teto_projetivo,teto_graham_selic,teto_mult_ebitda,teto_medio,teto_mediana,teto_ajustado,teto_n_metodos,teto_confiavel,teto_dispersao,teto_upside_pct,teto_upside_media_pct,prox_resultado,ex_dividendo,ex_tipo,tese_ia,strategy,in_wishlist,in_carteira,preco_medio,var_pm_pct,trend,breakout_level,pct_to_level,dist_52w_high_pct,fund_ok,breakout,aprovado,note
JHSF3,SMALL11,SMALL11,Imobiliário,78.02,75.9,90.0,,,0.8,,87.64,81.1,45.96,69.93,1,Não,7,8,False,,True,,False,True,True,True,True,True,9,10,True,True,True,True,True,True,True,False,True,True,True,0.28,True,6640751104.0,3.22,0.91,6.72,7.77,28.4,16.71,13.12,52.59,4.4,0.96,1.73,0.79,0.21,25.03,86.6,5.84,7.22,0.72,61.6,36.26,4.9,13.85,104.6,-27.7,-8.9,1.34,0.6,10.020000457763672,5.563282890519868,10.319889761914355,41.231368343282185,27.765811338771783,70.865207246501,19.57807411896471,37.65279675122374,16.46333028246504,,,,6,False,12.7,,,n/d,2026-08-31,próxima,,,False,False,,,Em Baixa,11.149999618530273,-10.13452196795278,-29.20577559983837,True,False,False,sem sinal (Em Baixa; sem novo topo (-10.1%))
VULC3,SMALL11,SMALL11,Consumo discricionário,76.46,77.6,70.0,,,0.9,,88.33,60.18,66.13,95.8,2,Não,6,8,False,,True,,False,False,True,True,False,True,7,10,True,True,True,True,False,True,True,False,True,True,True,0.25,True,4271936000.0,4.61,1.62,29.28,15.45,35.06,31.82,17.83,24.89,6.19,0.76,2.96,0.37,0.46,71.23,-64.7,5.96,11.45,1.64,37.42,62.57,13.47,20.08,1.0,-32.3,-10.0,0.88,0.57,13.600000381469727,15.009511973968925,27.842644711712357,39.08893818969064,23.60598950154391,75.340148956232,48.44799332957499,26.586106320582825,8.712440604724941,,,,6,False,8.6,,,n/d,2025-12-23,última,,,False,False,,,Em Baixa,14.180000305175781,-4.090267357006693,-32.77225994315703,True,False,False,sem sinal (Em Baixa; sem novo topo (-4.1%))
MDNE3,SMALL11,SMALL11,Imobiliário,75.58,73.03,90.0,,,0.8,,73.06,78.11,63.61,79.02,3,Não,7,8,False,,True,,False,True,True,True,True,True,9,10,True,True,True,True,True,True,True,False,True,True,True,0.19,True,2396111360.0,4.22,1.03,17.13,9.24,24.38,16.15,10.98,19.89,4.09,0.7,2.78,0.43,0.28,39.01,87.7,3.63,6.56,1.12,72.76,27.27,18.83,34.28,23.1,-32.4,-17.5,1.63,0.63,23.170000076293945,15.299116980606241,28.379861999024573,72.7494078224869,52.7160008653799,132.39532870580751,24.797020818618744,65.98408459142811,40.40450132224633,,,,6,False,8.7,,,n/d,2026-01-02,última,,,False,False,,,Em Baixa,25.110000610351562,-7.726007514543243,-32.40956563193556,True,False,False,sem sinal (Em Baixa; sem novo topo (-7.7%))
ABCB10,SMALL11,SMALL11,Produtos financeiros,74.39,78.69,50.0,,,0.4,,78.69,,,,4,Não,1,3,False,,,,,,True,,False,,1,2,True,False,,,False,,,,True,True,True,,True,,,,,,14.9,,,40.92,,,,,,,-2.9,,1.54,,,,,,,,,,,,,,,,,,,,,,,0,True,,,,n/d,n/d,,,,False,False,,,,,,,False,False,False,histórico insuficiente
POMO3,SMALL11,SMALL11,Bens Industriais,74.25,75.0,70.0,,,0.7,,80.84,76.96,51.82,90.21,5,Não,5,8,False,,True,,False,False,True,True,False,True,7,10,True,True,True,False,False,True,True,False,True,True,True,0.46,True,4841461248.0,4.02,1.14,24.46,11.85,28.32,24.74,18.39,13.19,4.34,1.29,1.94,0.81,0.27,47.65,-14.0,,8.72,1.02,59.93,39.42,3.85,6.69,1.3,-41.7,-29.3,0.89,0.45,3.9000000953674316,3.3018081753407875,6.12485416525716,12.854477926273251,8.641525672352358,25.882452925408025,11.397774289717844,11.632816116808657,5.103013861093563,9.292410338583805,10.019649981035101,9.017684982931591,6,True,7.8,131.22268621590908,138.26692593217325,n/d,2026-04-27,última,,,False,False,,,Em Baixa,4.989999771118164,-21.84368187869644,-42.144071837106075,True,False,False,sem sinal (Em Baixa; sem novo topo (-21.8%))
POMO4,BOVA11+SMALL11,BOVA11,Bens Industriais,73.02,73.55,70.0,,,0.7,,80.84,75.07,51.82,80.42,6,Não,5,8,False,,True,,False,False,True,True,False,True,7,10,True,True,True,False,False,True,True,False,True,True,True,0.46,True,5189052928.0,4.22,1.19,23.31,9.47,28.32,24.74,18.39,13.19,4.5,1.29,1.94,0.81,0.28,39.98,-14.0,4.28,8.72,1.02,59.93,39.42,4.05,7.92,3.2,-47.2,-28.0,0.94,0.48,4.179999828338623,2.8287434456871554,5.247319091749673,13.124407043954207,8.847851334577117,24.242276223862447,11.575137762178509,11.985307564667616,5.196540950909792,,,,7,False,8.6,,,n/d,2026-04-27,última,,,False,False,,,Em Baixa,5.380000114440918,-22.30483755718279,-47.42767699757875,True,False,False,sem sinal (Em Baixa; sem novo topo (-22.3%))
PSSA3,BOVA11,BOVA11,Insurance,72.89,72.52,75.0,,1.8,0.3,,76.51,51.92,100.0,51.05,7,Não,4,6,False,,True,,False,False,True,,True,True,6,8,True,False,True,,True,,True,False,True,True,True,,True,29806143488.0,8.39,1.92,6.3,5.33,22.84,17.35,79.28,8.13,,,,,0.66,44.76,0.3,7.46,6.06,,71.59,28.18,43.07,55.45,8.0,-16.1,-8.5,0.73,0.48,46.5,17.719670336567155,32.869988474332075,73.43563766388556,54.95568394221488,99.49397840258428,48.471933442582326,58.75937364170381,,43.12430747934178,40.6709609584572,36.60386486261148,4,True,4.1,-21.282011048147353,-7.259553807867136,2026-11-05,2026-06-23,última,,,False,False,,,Em Baixa,54.90999984741211,-15.31597135454822,-16.291628013241777,True,False,False,sem sinal (Em Baixa; sem novo topo (-15.3%))
CURY3,BOVA11+SMALL11,BOVA11,Consumo discricionário,71.17,69.61,80.0,,,0.9,,90.38,36.01,56.69,86.01,8,Não,6,8,False,,True,,False,False,True,True,True,True,8,10,True,True,True,True,False,True,True,False,True,True,True,-0.21,True,9688096768.0,8.71,5.78,15.5,10.4,66.38,57.38,37.72,18.37,5.61,-0.2,1.94,0.71,1.39,90.56,33.5,6.54,16.14,0.91,70.61,24.44,26.99,40.16,16.5,-21.7,-0.2,1.29,0.58,31.450000762939453,23.35758008681536,43.32831106104249,47.84299771629709,21.02514127537779,60.16148505630458,52.41807373697541,23.862831461652593,24.03710861874971,37.00419112665188,33.6827098398961,30.314438855906488,8,True,2.9,-3.610689600908079,17.660382286087128,n/d,2026-05-18,última,,,False,False,,,Lateral,32.31999969482422,-2.691828403773433,-21.86030445443281,True,False,False,sem sinal (Lateral)
VTRU3,SMALL11,SMALL11,Consumo discricionário,70.71,72.16,62.5,,,0.9,P/L=1.75<2,86.97,90.21,48.88,6.99,9,Não,8,8,True,,True,,,,True,True,True,True,5,8,True,True,True,True,True,True,True,True,True,False,True,0.4,True,2119643136.0,1.75,0.48,0.2,0.21,27.23,9.79,15.07,48.63,2.79,2.49,2.13,0.76,,0.36,1514.7,3.86,6.01,0.37,51.99,48.01,9.82,16.86,32.5,-22.8,-2.6,1.1,0.48,13.010000228881836,0.19142399149811773,0.35509150422900837,98.50428744724817,67.33314813740625,223.02857535226005,0.39176666666666665,89.95485872541155,75.54132783552441,,,,4,False,1165.1,,,n/d,n/d,,,,False,False,,,Lateral,13.15999984741211,-1.1398147436891493,-25.005336963702895,False,False,False,sem sinal (Lateral)
MILS3,SMALL11,SMALL11,Bens Industriais,70.68,69.04,80.0,,,0.7,,85.44,53.59,58.7,54.55,10,Não,6,8,False,,True,,False,True,True,True,True,True,8,10,True,True,True,True,False,True,True,False,True,True,True,0.65,True,3561025792.0,8.14,1.94,6.81,5.72,23.81,18.37,20.65,23.53,4.85,1.28,2.98,0.99,0.64,46.57,21.3,8.35,11.12,0.54,61.6,38.32,10.3,15.81,51.8,-1.1,8.8,0.77,0.48,15.630000114440918,6.387775021935415,11.849322665690195,25.44195350323613,18.656800726127518,35.41204639690923,12.303816294168772,20.482834583020797,17.510933846895597,20.236815430864034,18.656800726127518,16.791120653514767,7,True,5.5,7.428794181524423,29.474186069690255,n/d,2026-04-22,última,,,False,False,,,Em Alta,15.8100004196167,-1.138521824151506,-1.9447896744231197,True,False,False,sem sinal (Em Alta)
LEVE3,SMALL11,SMALL11,Consumo discricionário,70.45,70.53,70.0,,,0.9,,86.35,57.53,36.82,99.3,11,Não,6,8,False,,True,,True,False,True,False,True,True,7,10,True,True,True,False,False,True,True,True,True,True,True,0.96,True,4331826688.0,6.31,4.56,8.79,19.55,72.29,64.73,34.45,12.31,5.17,1.09,1.37,1.44,0.18,123.36,35.0,6.27,13.84,0.81,77.23,22.71,24.26,35.6,31.8,-10.2,-3.0,0.65,0.46,31.959999084472656,44.62859338261293,82.78604072474697,67.11093310130946,28.261871426759495,151.94928249353086,98.51666666666667,61.28621060572412,24.66833495352781,76.36279977162148,67.11093310130946,60.399839791178515,7,True,6.2,88.98573692551506,138.93242164929015,n/d,2026-04-30,última,,,False,False,,,Lateral,34.0,-6.000002692727479,-11.737089498636466,True,False,False,sem sinal (Lateral)
RIAA3,SMALL11,SMALL11,Consumo discricionário,70.37,70.44,70.0,,,0.9,,66.53,93.59,39.37,92.31,12,Não,4,8,False,,False,,False,False,True,True,True,True,7,10,True,True,False,False,False,True,True,False,True,False,True,0.47,True,3308595456.0,2.15,0.61,49.28,13.12,28.35,8.06,8.96,14.35,2.45,2.11,1.61,0.68,0.14,28.22,16.6,4.94,4.35,1.05,64.01,35.99,5.72,10.43,15.1,-36.8,-24.3,1.63,0.61,6.590000152587891,6.177994047934092,11.46017895891774,40.61279163804165,27.29559315075836,86.20554370227705,51.88018214566937,37.08790783549465,41.72015498676351,,,,6,False,14.0,,,n/d,n/d,,,,False,False,,,Em Baixa,8.079999923706055,-18.44059140083192,-39.16995330289025,False,False,False,sem sinal (Em Baixa; sem novo topo (-18.4%))
BRSR6,SMALL11,SMALL11,Produtos financeiros,69.67,70.93,62.5,17.35,,0.4,,47.78,91.3,90.71,84.62,13,Não,2,6,False,,True,,False,False,True,,False,True,5,8,False,False,False,,False,,True,True,True,False,True,,True,5484347392.0,3.52,0.47,12.02,10.16,13.26,9.63,0.0,22.38,,,,,0.41,35.76,-29.2,4.12,1.0,,93.0,6.99,9.81,18.55,36.7,-27.7,-9.3,1.05,0.61,13.40999984741211,9.7313802619225,18.051710385866233,50.477982380173415,49.45381174229039,71.15509796688058,34.011650520822066,30.574842951429666,,34.18044776228724,34.011650520822066,30.61048546873986,3,True,5.2,128.266113475364,154.88775653404244,n/d,n/d,,,,False,False,,,Em Baixa,14.380000114440918,-6.745481636364515,-27.996023080981058,False,False,False,sem sinal (Em Baixa; sem novo topo (-6.7%))
PETR4,BOVA11,BOVA11,Energia,69.47,74.67,40.0,,,0.9,DY5a=39.1%>=20,87.34,82.67,36.18,,14,Rompimento,7,8,False,,True,,False,False,True,True,True,False,4,10,True,True,True,True,True,True,True,False,True,True,True,0.66,True,589032914944.0,4.12,1.14,6.97,39.11,27.73,30.77,19.69,24.32,2.68,1.29,0.85,0.76,0.27,161.13,96.8,4.36,10.07,0.28,65.87,33.99,27.61,48.52,56.1,-11.2,0.5,0.37,0.25,43.11000061035156,120.43157629006575,223.40057401807195,138.64259905028112,94.3557246545851,313.90777143459877,57.3936825,126.60946781195483,58.89241918633427,117.10372050161327,120.43157629006575,108.38841866105918,7,True,5.5,151.42291145092904,171.63933853782956,n/d,2026-08-24,próxima,"A análise fundamentalista da Petrobras (PETR4) revela uma companhia que combina alta eficiência operacional com múltiplos de valuation bastante descontados, evidenciando que sua elevada qualidade convive com preços atrativos. O retorno sobre o patrimônio líquido (ROE) de 27,7% e o retorno sobre o capital investido (ROIC) de 19,7% situam-se confortavelmente acima das médias do setor, de 16,2% e 13,8% respectivamente, enquanto os múltiplos de preço sobre lucro (P/L) de 4,12 e preço sobre valor patrimonial (P/VP) de 1,14 sugerem que o mercado precifica o papel com forte desconto. Essa excelente rentabilidade é acompanhada por um endividamento sob controle, visto que a relação dívida líquida por EBITDA de 1,29 está abaixo da média setorial de 1,71, embora a liquidez corrente de 0,85 demande atenção no curto prazo. No quesito proventos, o rendimento de dividendos (DY) de 6,97% mostra-se sustentável e coerente com a robusta geração de caixa, suportado por uma margem líquida de 24,32% e um endividamento saudável que não compromete a distribuição. O crescimento histórico da petroleira também supera os pares, com um crescimento anual composto (CAGR) da receita nos últimos cinco anos de 96,8%, significativamente acima dos 70,2% da média do setor. Essa solidez é ratificada pelo checklist de critérios de investimento, no qual a empresa atende a 7 dos 8 requisitos avaliados, falhando apenas no indicador de vendas por investidores internos (insiders). Sob a ótica do valuation, as estimativas de preço-teto apresentam uma dispersão relevante entre os métodos, variando desde os conservadores 94,36 reais pelo modelo de Graham até os otimistas 313,91 reais pela fórmula de Lynch. Tomando como referência a média de 117,10 reais e o preço-teto ajustado com margem de segurança de 108,39 reais, o papel projeta um expressivo potencial de valorização (upside) de 151,4% em relação à cotação atual de 43,11 reais, em um momento técnico de tendência em alta e sinal gráfico de rompimento. Como balanço final, destacam-se como prós a formidável rentabilidade, o forte crescimento frente ao setor, o endividamento controlado e o elevado desconto patrimonial; por outro lado, figuram como contras a baixa liquidez de curto prazo, a ocorrência de vendas por insiders e a pontuação de segurança moderada de 36,0 no score geral.",Rompimento,False,False,,,Em Alta,43.04999923706055,0.13937601476043948,-12.303059657760118,True,True,True,"Rompimento (vol x1.2, +0.1% do topo, MM50>MM200)"
PLPL3,SMALL11,SMALL11,Consumo discricionário,69.23,72.62,50.0,,,0.9,,79.63,81.74,51.66,60.14,15,Não,5,8,False,,True,,False,False,True,False,False,True,5,10,True,True,True,False,False,True,True,False,True,True,True,0.43,True,1398296320.0,4.46,1.22,7.38,6.32,27.32,38.02,24.26,9.85,1.86,0.9,2.87,1.28,0.3,28.19,-37.9,2.71,8.79,1.2,73.04,24.14,6.46,17.36,6.7,-60.3,-27.3,1.35,0.48,6.889999866485596,3.1108856357569485,5.770692854329139,20.469170006935904,14.010806263887979,32.937757151991306,10.95072400487419,18.692600534635808,24.025402249824538,,,,6,False,10.6,,,n/d,2025-12-30,última,,,False,False,,,Em Baixa,7.5,-8.133335113525387,-60.358179198255236,True,False,False,sem sinal (Em Baixa; sem novo topo (-8.1%))
CXSE3,BOVA11,BOVA11,Insurance,68.94,65.67,87.5,,1.6,0.3,,64.66,33.85,100.0,81.12,16,Não,4,6,False,,True,,True,True,True,,True,True,7,8,True,False,False,,True,,True,True,True,True,True,,True,54149996544.0,11.91,3.9,7.53,9.63,32.79,28.44,-1.21,75.43,,,,,0.93,114.66,12.8,10.49,20.76,,8.23,91.77,12.48,22.04,44.6,-18.1,-3.1,0.69,0.54,18.049999237060547,12.41215241354687,23.024542727129443,20.080813592867525,12.562621141340205,33.98909521612352,22.898448930232796,16.24218475188056,,19.603989415944156,21.48963126155016,19.340668135395145,4,True,1.9,7.150520514619063,8.609364235832938,2026-11-09,2026-08-04,última,,,False,False,,,Em Baixa,20.138538360595703,-10.370857537614153,-18.265236893691995,True,False,False,sem sinal (Em Baixa; sem novo topo (-10.4%))
VLID3,SMALL11,SMALL11,Bens Industriais,68.8,68.59,70.0,,,0.7,,64.61,75.33,66.71,73.43,17,Não,4,8,False,,True,,False,False,True,True,False,True,7,10,True,False,True,False,False,True,True,False,True,True,True,0.1,True,1338739200.0,5.88,0.77,11.48,8.58,13.18,13.73,15.68,11.15,3.07,0.46,2.3,0.41,0.9,50.45,-32.9,9.83,7.53,1.13,45.32,54.23,16.3,22.63,4.9,-24.4,-4.8,0.93,0.51,17.110000610351562,10.485475818406387,19.450557643143846,38.5556986542786,38.142333443059485,43.969626805951876,34.61461194764675,19.71899625178153,31.578395917380067,32.29003152332031,34.61461194764675,31.153150752882077,7,True,4.2,82.07568463810806,88.72022426337504,2026-11-04,2026-08-13,última,,,False,False,,,Em Baixa,18.46053695678711,-7.315802078763567,-25.060781929063513,True,False,False,sem sinal (Em Baixa; sem novo topo (-7.3%))
PETR3,BOVA11,BOVA11,Energia,68.44,73.46,40.0,,,0.9,DY5a=37.2%>=20,87.34,78.31,36.18,,18,Pivô de alta,7,8,False,,True,,False,False,True,True,True,False,4,10,True,True,True,True,True,True,True,False,True,True,True,0.7,True,620463587328.0,4.59,1.27,6.25,37.2,27.73,30.77,19.69,24.32,2.87,1.29,0.85,0.76,0.31,170.76,96.8,3.25,10.07,0.28,65.87,33.99,29.5,53.92,63.2,-10.7,0.7,0.41,0.25,48.13999938964844,127.92099751554184,237.2934503913301,138.96622917491106,94.57778446998785,314.6405188865911,57.55876500000001,126.90500928425843,57.87093137165572,144.4667107617845,127.41300339990013,114.67170305991013,8,True,5.5,138.20462092604023,200.09703488456884,2026-08-06,2026-08-24,próxima,"A análise fundamentalista da PETR3 revela uma empresa de energia com forte geração de valor, onde a alta qualidade operacional convive com múltiplos de preço bastante descontados. O retorno sobre o patrimônio líquido de 27,7% e o retorno sobre o capital investido de 19,7% situam-se confortavelmente acima das médias do setor, de 16,2% e 13,8%, respectivamente, demonstrando uma eficiência superior que é negociada a um preço por lucro de apenas 4,59 e um preço pelo valor patrimonial de 1,27. Essa rentabilidade robusta, traduzida em uma margem líquida de 24,32%, é acompanhada por um endividamento controlado, visto que a relação entre dívida líquida e EBITDA de 1,29 está abaixo da média setorial de 1,71, embora a liquidez corrente de 0,85 demande atenção no curto prazo. O rendimento de dividendos de 6,25% mostra-se sustentável e coerente com a forte lucratividade e a desalavancagem da companhia, sendo suportado por um crescimento de receita nos últimos cinco anos de 96,8%, patamar que supera amplamente a média dos pares de 70,2%. No checklist de critérios de investimento, a empresa atende a 7 de 8 requisitos, falhando apenas na questão das transações de insiders, o que chancela a solidez do ativo sob a ótica de filtros quantitativos. Quanto ao valuation, a média dos preços-teto calculados atinge R$ 144,47 e a mediana fica em R$ 127,41, evidenciando uma dispersão relevante entre os métodos, que variam desde os conservadores R$ 94,58 de Graham até os otimistas R$ 314,64 de Lynch. Mesmo considerando o preço-teto ajustado com margem de segurança de R$ 114,67, o papel apresenta um expressivo potencial de valorização de 138,2% frente à cotação atual de R$ 48,14, em um momento técnico de tendência de alta com pivô de alta traçado no gráfico. Como balanço final, os prós concentram-se no crescimento vigoroso, na rentabilidade muito acima do setor, no valuation descontado e no endividamento sob controle, enquanto os contras residem na liquidez de curto prazo mais apertada, nas vendas de papéis por insiders e no escore de segurança moderado de 36,0.",Pivô de alta,False,False,,,Em Alta,48.619998931884766,-0.9872471262469484,-11.852159219622616,True,True,True,Pivô de alta
LAVV3,SMALL11,SMALL11,Imobiliário,67.3,65.06,80.0,,,0.8,,67.2,57.51,55.0,94.41,19,Não,5,8,False,,True,,True,False,True,True,False,True,8,10,True,True,False,True,False,True,True,False,True,True,True,0.37,True,1862489344.0,5.11,1.27,25.73,14.01,24.9,19.67,8.69,19.91,6.61,1.5,4.12,0.86,0.72,71.61,-30.3,2.72,4.85,1.47,60.31,33.37,9.22,18.94,3.4,-49.7,-19.0,1.46,0.71,9.529999732971191,9.538710237319696,17.694307490228034,24.710860364357778,17.7448297519146,39.31927659674628,24.47732474972756,13.270367888982705,9.529999732971191,19.535709601530982,17.719568621071318,15.947611758964186,8,True,4.1,67.34115640937337,104.99171195086996,n/d,2026-02-03,última,,,False,False,,,Em Baixa,10.569999694824219,-9.839167378238256,-49.78925203994861,True,False,False,sem sinal (Em Baixa; sem novo topo (-9.8%))
DIRR3,BOVA11+SMALL11,BOVA11,Consumo discricionário,67.19,66.69,70.0,,,0.9,,72.37,56.34,54.73,90.91,20,Não,5,8,False,,True,,False,False,True,False,True,True,7,10,True,True,False,True,False,True,True,False,True,True,True,0.54,True,3439251200.0,6.26,2.3,15.05,12.12,36.78,26.14,9.99,17.73,4.63,0.6,4.18,1.16,0.71,75.87,8.6,4.57,5.44,1.01,82.45,14.5,10.3,16.95,2.0,-38.0,-18.8,1.47,0.64,10.510000228881836,9.098836896932525,16.87834244380983,22.24560751320836,13.138412707556054,35.247554190144,25.736050189504308,13.85000648202586,9.494056175674984,18.21110832485699,15.364174462917845,13.82775701662606,8,True,3.9,31.56761860601027,73.27410017377782,n/d,2025-12-17,última,,,False,False,,,Em Baixa,11.8100004196167,-11.007621884378016,-39.100265273744114,True,False,False,sem sinal (Em Baixa; sem novo topo (-11.0%))
TGMA3,SMALL11,SMALL11,Bens Industriais,66.86,66.31,70.0,,,0.7,,79.41,32.62,70.49,83.22,21,Rompimento,6,8,False,,True,,False,False,True,True,True,True,7,10,True,True,True,False,False,True,True,True,True,True,True,0.03,True,2246499840.0,8.82,2.25,10.69,10.07,25.55,24.91,27.01,10.14,6.09,0.07,2.22,0.23,3.08,88.8,23.5,6.71,14.79,1.33,34.75,65.25,26.65,39.14,27.9,-13.0,11.6,0.89,0.49,34.06999969482422,24.49997219653989,31.679312853204113,35.67678163483193,36.27754062429717,49.94728459518964,48.70611791818069,17.270245020351073,29.48269560261769,34.19249380565152,33.678047244018025,30.310242519616224,8,True,2.9,-11.03538951830153,0.3595365774127446,n/d,2026-08-07,última,"A Tegma (TGMA3) apresenta-se como uma operação de alta eficiência no setor de bens industriais, destacada por um ROE de 25,6% e um ROIC de 27,0% que se posicionam muito acima das médias setoriais de 14,5% e 12,6%, respectivamente. Essa expressiva rentabilidade convive com múltiplos de preço mistos, pois enquanto o P/L de 8,82 sugere uma avaliação razoável, o P/VP de 2,25 indica um prêmio sobre o valor patrimonial, refletindo a forte geração de valor da companhia. O perfil financeiro é extremamente robusto, evidenciado por um endividamento mínimo com a relação Dívida Líquida/EBITDA em apenas 0,07 — drasticamente abaixo dos pares do setor, que registram 2,4 —, o que garante uma folga de liquidez corrente de 2,22 para sustentar as operações. Essa estrutura desalavancada e altamente rentável viabiliza um generoso Dividend Yield de 10,69%, o qual se mostra plenamente sustentável diante da sólida conversão de lucro em caixa e do baixo comprometimento financeiro com credores. Por outro lado, o crescimento da receita nos últimos cinco anos, com CAGR de 23,5%, ficou ligeiramente abaixo da média setorial de 26,1%, sinalizando que a empresa prioriza a rentabilidade em detrimento da expansão acelerada. No checklist de critérios fundamentalistas, o papel atende a 6 dos 8 requisitos avaliados, falhando apenas na margem líquida de 10,14% (abaixo do sarrafo de 15%) e no avanço da receita frente aos concorrentes, embora confirme sua solidez com governança limpa e forte retorno sobre o capital. Sob a ótica do valuation, as estimativas de preço-teto revelam uma dispersão acentuada entre os métodos, variando desde os conservadores R$ 24,50 por Bazin até os otimistas R$ 49,95 por Lynch, resultando em uma média de R$ 34,19 e mediana de R$ 33,68. Frente ao preço atual de R$ 34,07, o ativo negocia muito próximo de seu valor justo médio, mas apresenta um upside negativo de 11,0% quando comparado ao preço-teto ajustado com margem de segurança de R$ 30,31. Em suma, os principais pontos positivos de TGMA3 residem em sua rentabilidade excepcional, endividamento quase nulo e proventos robustos, enquanto os pontos negativos concentram-se no crescimento abaixo da média do setor e na ausência de margem de segurança nos preços atuais.",Rompimento,False,False,,,Em Alta,33.95000076293945,0.3534578179325454,-13.825600545996796,True,True,True,"Rompimento (vol x1.7, +0.4% do topo, MM50>MM200)"
LREN3,BOVA11+SMALL11,BOVA11,Consumo discricionário,66.27,65.61,70.0,,,0.9,,69.79,72.62,56.14,48.25,22,Não,6,8,False,,True,,False,False,True,True,True,True,7,10,True,True,True,False,False,True,True,True,True,True,True,0.13,True,10310634496.0,7.17,1.03,8.56,4.36,14.41,11.89,23.53,9.35,1.92,0.59,1.69,0.32,0.72,31.26,3.2,6.27,6.22,1.29,46.72,53.28,10.64,16.05,0.8,-33.1,-23.7,1.43,0.65,10.729999542236328,3.3419925747989416,6.199396226252037,19.828799711943002,18.72892162700599,21.34812770133153,15.938927885685874,13.314902999677459,29.43548365228159,,,,6,False,8.8,,,2026-11-05,2026-06-24,última,,,False,False,,,Em Baixa,13.899999618530273,-22.805756570438863,-35.01618646188952,True,False,False,sem sinal (Em Baixa; sem novo topo (-22.8%))
GRND3,SMALL11,SMALL11,Consumo discricionário,65.95,65.24,70.0,,,0.9,,63.39,52.75,67.65,100.0,23,Não,5,8,False,,True,,False,False,True,True,False,True,7,10,True,True,False,True,False,True,True,False,True,True,True,-0.31,True,3175603200.0,5.5,0.99,43.56,19.56,18.04,16.72,7.81,24.95,8.41,-3.59,2.05,0.02,,107.56,-24.5,4.69,2.66,2.01,29.93,70.07,3.43,4.92,2.6,-28.5,-12.1,0.7,0.43,3.5199999809265137,4.916906771858129,7.159016259825438,6.6559999639337715,7.155417489226952,,5.269110193822403,1.7097142764500213,2.296376704952789,5.575471230603248,5.962555078878087,5.366299570990279,6,True,4.2,52.45169318375373,58.39406990950338,n/d,n/d,,,,False,False,,,Em Baixa,3.7200000286102295,-5.376345326492771,-29.206680482554493,False,False,False,sem sinal (Em Baixa; sem novo topo (-5.4%))
CEAB3,BOVA11+SMALL11,BOVA11,Consumo discricionário,65.9,65.77,66.66666666666667,,,0.9,,61.92,91.41,43.81,62.94,24,Não,5,8,False,,False,,False,,True,True,False,True,6,9,True,True,True,False,False,True,True,False,False,False,True,0.51,True,2232097536.0,4.05,0.6,7.07,6.49,14.79,7.33,14.93,7.02,1.83,1.94,1.67,0.72,0.37,26.27,-9.5,4.0,5.91,0.81,60.22,39.78,7.38,17.96,0.8,-58.6,-31.1,1.67,0.56,7.440000057220459,3.447318715407441,6.3947762170808025,24.340740927943475,22.63919921766318,31.94841714244397,9.626500645851133,17.498905173872156,,,,,5,False,9.3,,,n/d,n/d,,,,False,False,,,Em Baixa,9.779999732971191,-23.92637770594125,-58.83604262165727,False,False,False,sem sinal (Em Baixa; sem novo topo (-23.9%))
ALPA4,SMALL11,SMALL11,Consumo discricionário,65.26,64.42,70.0,,,0.9,,76.25,44.09,58.02,74.83,25,Pivô de alta,6,8,False,,False,,False,False,True,True,True,True,7,10,True,True,True,False,True,True,True,False,True,False,True,0.19,True,8687000576.0,11.92,2.31,14.68,8.78,19.37,-7.05,17.96,14.52,7.66,0.82,1.91,0.39,0.13,104.61,92.8,10.41,7.61,0.98,45.48,54.52,7.74,16.06,65.3,-20.4,4.8,1.07,0.45,12.789999961853027,8.017673476561047,14.872784299020742,14.217072105247702,11.561593203593354,32.18959721942876,18.974999999999998,12.983137545169601,6.390655349371855,14.900939149799132,13.600104825208652,12.240094342687787,8,True,5.0,-4.2994966442952975,16.50460667898446,n/d,n/d,,,Pivô de alta,False,False,,,Em Alta,13.529999732971191,-5.469325836828087,-21.14672932616851,False,True,False,Pivô de alta
INTB3,SMALL11,SMALL11,Tecnologia de informação,65.04,65.93,60.0,,,0.5,,72.45,52.58,77.85,46.15,26,Pivô de alta,5,8,False,,True,,False,False,True,True,True,True,6,10,True,True,True,False,False,True,True,False,True,True,True,-0.17,True,4708568064.0,7.87,1.42,8.39,4.3,18.07,19.14,17.52,13.1,6.2,-1.0,2.64,0.26,0.66,33.84,14.3,7.24,5.97,1.67,43.4,56.17,9.95,15.13,44.6,-4.9,4.9,0.98,0.48,14.390000343322754,4.420233509587073,8.19953316028402,24.22712891347223,20.418344405455784,29.72119712234639,16.723424843084,18.623928774408835,13.920352383805747,18.833415657551,18.623928774408835,16.761535896967953,7,True,6.7,16.480441258263333,30.878493455283905,n/d,n/d,,,Pivô de alta,False,False,,,Em Alta,15.130000114440918,-4.890943592339214,-8.104270319712981,False,True,False,Pivô de alta
MULT3,BOVA11+SMALL11,BOVA11,Imobiliário,63.32,62.14,70.0,,,0.8,,87.22,40.59,44.14,39.16,27,Não,7,8,False,,True,,False,False,True,True,True,True,7,10,True,True,True,True,True,True,True,False,True,True,True,0.74,True,13007823872.0,9.77,2.0,4.26,3.71,20.52,17.07,18.7,43.42,7.33,2.13,1.64,0.75,0.75,36.22,62.0,10.01,10.89,0.29,52.11,47.88,25.11,35.12,5.5,-24.6,-10.8,1.24,0.79,26.489999771118164,7.01560892705704,13.013954559690807,35.92553704885524,28.425684661463272,45.53576545860267,26.53115312865938,29.54661458323743,22.82332785555729,28.82886247086659,28.425684661463272,25.583116195316947,7,True,6.5,-3.4234940869647956,8.829228840909508,2026-10-29,2026-07-01,última,,,False,False,,,Em Baixa,29.06999969482422,-8.875128829689704,-24.91105648254002,True,False,False,sem sinal (Em Baixa; sem novo topo (-8.9%))
VIVA3,BOVA11+SMALL11,BOVA11,Consumo discricionário,62.72,63.2,60.0,,,0.9,,76.81,54.99,66.07,16.78,28,Não,6,8,False,,True,,False,False,True,True,True,True,6,10,True,True,True,True,False,True,True,False,True,True,True,0.28,True,4883755008.0,8.3,1.53,3.39,1.97,18.4,21.98,17.32,18.56,5.49,1.1,4.19,0.4,0.55,16.35,0.4,6.5,10.38,1.73,37.54,62.46,20.42,35.35,1.7,-41.2,-11.0,1.14,0.52,20.770000457763672,2.9232542211800276,5.422636580288952,33.156928441610674,27.64668113359858,42.46693565818981,10.853405399094557,30.27915729384824,14.853290211075759,,,,6,False,14.5,,,n/d,2025-12-22,última,,,False,False,,,Em Baixa,22.84000015258789,-9.063045888770171,-42.131138859102045,True,False,False,sem sinal (Em Baixa; sem novo topo (-9.1%))
BBSE3,BOVA11,BOVA11,Insurance,62.17,59.91,75.0,,1.3,0.3,,68.14,31.54,61.0,91.61,29,Não,5,6,False,,True,,True,False,True,,False,True,6,8,True,True,False,,True,,True,True,True,True,True,,True,71166173184.0,7.84,6.62,12.53,12.83,84.38,83.67,0.0,87.93,,,,,,100.62,-0.1,8.32,28.81,,55.04,44.96,28.02,40.52,30.8,-9.5,3.6,0.52,0.49,36.65999984741211,33.60587284096922,48.930150856451185,48.63061204248545,24.13774482655851,,59.50416498381771,12.491654466957115,,47.66770018093089,48.78038144946832,43.902343304521494,4,True,1.8,19.755437772105267,30.026460390986152,2026-11-03,2026-08-07,última,,,False,False,,,Em Baixa,40.03296661376953,-8.425472933093282,-10.071425311184445,True,False,False,sem sinal (Em Baixa; sem novo topo (-8.4%))
ABCB4,SMALL11,SMALL11,Produtos financeiros,61.79,66.08,37.5,16.87,,0.4,,52.81,69.18,83.86,82.52,30,Não,2,6,False,,True,,False,False,True,,False,True,3,8,True,False,False,,False,,True,False,True,True,True,,True,5720935424.0,5.69,0.8,11.71,10.05,14.05,14.98,0.0,40.92,,,,,0.95,57.17,-2.9,4.64,1.54,,89.78,10.19,18.99,26.85,16.9,-17.3,-6.5,0.9,0.67,22.200000762939453,15.931156095989492,29.552294558060506,51.6959595973546,49.35635982638091,62.67856465218554,45.884851479457346,25.182057328298576,,35.766065432715486,37.718573018758924,33.946715716883034,4,True,3.2,52.91312860472273,61.108397313315145,n/d,n/d,,,,False,False,,,Em Baixa,24.15999984741211,-8.112579043259394,-18.765787574745506,False,False,False,sem sinal (Em Baixa; sem novo topo (-8.1%))
CYRE3,BOVA11+SMALL11,BOVA11,Consumo discricionário,61.57,60.08,70.0,,,0.9,,61.6,65.44,46.1,67.83,31,Não,4,8,False,,True,,False,False,True,True,False,True,7,10,True,True,False,True,False,False,True,False,True,True,False,0.56,True,7948947968.0,4.68,0.85,10.98,7.26,18.26,15.44,7.03,20.56,7.86,3.08,3.37,0.73,0.39,33.99,-2.0,4.05,3.68,1.17,56.08,39.17,19.83,35.31,9.4,-38.5,-5.9,1.69,0.66,21.700000762939453,11.25849558512306,20.88450931040327,61.43696797199738,51.60818893022907,89.56513917743015,30.9272715681608,47.51501929685681,5.274036315582308,,,,6,False,17.0,,,n/d,n/d,,,,False,False,,,Em Baixa,21.829999923706055,-0.5955069226795118,-39.747573283955475,False,False,False,sem sinal (Em Baixa; sem novo topo (-0.6%))
TOTS3,BOVA11+SMALL11+Wishlist,BOVA11,Tecnologia de informação,61.51,58.25,80.0,,,0.5,,86.79,31.54,49.56,13.99,32,Pivô de alta,6,8,False,,True,,False,False,True,True,True,True,8,10,True,True,True,True,True,False,True,False,True,True,True,0.55,True,18370899968.0,12.67,3.31,2.26,1.39,26.12,14.98,23.37,21.63,7.33,2.09,1.84,0.92,0.84,17.59,269.5,15.15,7.39,1.0,42.41,54.01,27.05,47.43,18.5,-32.4,2.4,0.9,0.41,32.04999923706055,3.178383056009995,5.89590056889854,33.51716573725748,23.475614987604015,41.45598668824374,10.59424454785779,30.608128711004948,23.70839419237552,,,,6,False,13.0,,,2026-11-04,2026-06-16,última,"A TOTVS (TOTS3) apresenta uma sólida eficiência operacional no setor de tecnologia da informação, evidenciada por um ROE de 26,1% e um ROIC de 23,4% que se posicionam significativamente acima dos pares setoriais (9,1% e 13,4%, respectivamente), sugerindo uma forte capacidade de geração de valor sobre o capital empregado. Essa elevada qualidade operacional convive com múltiplos de preço que demandam atenção, pois o P/VP de 3,31 indica um prêmio em relação ao valor patrimonial, embora o P/L de 12,67 e o PEG de 0,84 apontem para uma avaliação atraente quando confrontada com o forte crescimento de lucros. No âmbito financeiro, a excelente rentabilidade, traduzida em uma margem líquida de 21,63%, ajuda a suportar um endividamento cuja relação Dívida Líquida/EBITDA de 2,09 está acima da média do setor (1,16), mantendo-se, contudo, em patamar controlável pela liquidez corrente de 1,84. Essa alavancagem mais alta e o foco na expansão justificam o modesto Dividend Yield de 2,26%, demonstrando que a companhia prioriza a retenção de lucros para sustentar seu crescimento em detrimento de proventos agressivos. O perfil de expansão da empresa é altamente robusto, com um CAGR de receita de cinco anos de 269,5% que supera com folga a média setorial de 85,6%, o que corrobora o checklist de critérios no qual a ação atende a 6 de 8 requisitos, falhando apenas na relação de endividamento frente aos pares e nas transações de insiders. Sob a ótica do valuation, as estimativas de preço-teto revelam uma enorme dispersão entre os métodos de fluxo de caixa e crescimento, com o modelo de Lynch indicando R$ 41,46 e o DCF apontando R$ 33,52 — ambos acima do preço atual de R$ 32,05 —, enquanto os modelos focados em dividendos, como Bazin (R$ 3,18) e Gordon (R$ 5,90), mostram-se severamente defasados devido ao baixo payout atual. Como prós, destacam-se o crescimento exponencial de receita, a rentabilidade muito acima da média e o forte sinal gráfico de pivô de alta em uma tendência lateral; como contras, pesam o endividamento superior ao dos pares, a distribuição tímida de dividendos e a pressão vendedora por parte de insiders.",Pivô de alta,True,False,,,Lateral,32.5099983215332,-1.4149465032976427,-32.78635015591394,True,True,True,Pivô de alta
TEND3,SMALL11,SMALL11,Consumo discricionário,60.96,62.9,50.0,,,0.9,,77.57,56.09,52.73,34.27,33,Não,5,8,False,,False,,False,False,True,True,False,False,5,10,True,True,True,False,False,True,True,False,True,False,True,0.24,True,3930717440.0,6.84,2.57,4.53,3.32,37.61,-8.65,14.39,12.08,4.68,0.47,1.96,0.79,0.46,22.72,-11.5,4.71,7.18,0.76,81.81,18.11,19.56,36.71,63.9,-12.7,1.2,1.61,0.57,32.04999923706055,7.605139742190666,14.107534221763684,62.0851593407971,36.259738695779006,85.85116154189731,22.514801130999526,56.69663607725624,28.69946488263704,,,,6,False,11.3,,,n/d,n/d,,,,False,False,,,Lateral,33.66999816894531,-4.811401900754875,-13.918169597029362,False,False,False,sem sinal (Lateral)
BBDC3,BOVA11,BOVA11,Produtos financeiros,60.79,60.49,62.5,15.65,,0.4,,50.69,67.93,66.43,74.13,34,Não,3,6,False,,True,,False,False,True,,True,True,5,8,True,False,False,,True,,True,False,True,True,True,,True,154008289280.0,6.05,0.86,9.99,8.7,14.13,11.35,0.0,26.07,,,,,0.9,52.63,17.8,,1.07,,92.32,7.66,12.38,17.96,14.2,-21.3,-9.9,1.14,0.83,14.140000343322754,8.78637596752486,16.298727419758613,30.967769346946522,29.404497775353533,35.97539740757101,25.608318669397153,16.076560231644496,,20.415297850906786,20.953523044577885,18.858170740120098,4,True,3.5,33.367540892779225,44.379754987399124,2026-11-04,2026-08-04,última,,,False,False,,,Em Baixa,16.13422966003418,-12.360238813578416,-22.26585222936629,True,False,False,sem sinal (Em Baixa; sem novo topo (-12.4%))
ITSA4,BOVA11,BOVA11,Financial Services,60.66,59.6,66.66666666666667,,,0.4,,61.32,48.45,,79.72,35,Não,5,6,False,,True,,False,False,True,,True,True,6,9,True,True,True,,True,,True,False,True,True,True,,True,138747002880.0,7.62,1.48,9.13,9.4,19.36,17.48,0.38,214.29,,,,,1.39,71.62,28.4,6.52,0.38,0.64,16.02,79.82,9.45,14.81,31.0,-16.4,-7.2,1.23,0.88,12.380000114440918,8.311117385005272,14.43218981525144,20.15164285372496,17.486527064129838,24.19696549816596,17.44221911776531,9.951575373945046,,15.084292292936745,15.937204466508375,14.343484019857538,4,True,2.4,15.860128330098089,21.844040012094567,n/d,2026-09-01,próxima,,,False,False,,,Em Baixa,13.880000114440918,-10.8069163374097,-17.742498500817703,True,False,False,sem sinal (Em Baixa; sem novo topo (-10.8%))
ITUB4,BOVA11,BOVA11,Produtos financeiros,60.23,57.62,75.0,15.95,,0.4,,58.96,40.92,70.71,67.13,36,Não,4,6,False,,True,,False,False,True,,True,True,6,8,True,True,False,,True,,True,False,True,True,True,,True,422909214720.0,9.03,2.03,8.15,7.15,22.45,19.06,0.0,32.58,,,,,1.14,64.59,8.1,7.53,1.58,,92.99,6.67,32.62,48.43,17.6,-20.8,-7.7,1.18,0.85,38.369998931884766,19.60386159161077,36.36516325243797,56.301493449332575,42.51000460871363,64.17249804562536,45.375047676491064,32.58381266147458,,39.4113914924681,40.870105464464515,36.783094918018065,4,True,2.9,-4.135793740009753,2.7140802438697875,n/d,2026-08-03,última,,,False,False,,,Em Baixa,43.16999816894531,-11.118831226899296,-21.243305916848378,True,False,False,sem sinal (Em Baixa; sem novo topo (-11.1%))
SEER3,SMALL11,SMALL11,Consumo discricionário,59.85,61.59,50.0,,,0.9,,69.98,83.71,35.34,20.98,37,Não,5,8,False,,False,,False,False,True,False,True,False,5,10,True,True,True,False,False,True,True,False,True,False,True,0.82,True,1371313408.0,5.1,0.91,4.43,2.42,17.83,-1.1,17.04,10.92,2.4,1.82,1.56,1.16,0.34,12.32,72.6,4.29,8.94,0.47,59.3,40.7,7.9,13.75,35.6,-22.1,-10.5,1.43,0.48,10.710000038146973,1.8485153161517076,3.4289959114614175,27.825000099107328,23.581691156648844,36.574355882025195,3.5269733333333333,25.41000009050557,44.5894532025676,,,,5,False,24.1,,,n/d,n/d,,,,False,False,,,Em Baixa,12.350000381469727,-13.279354596486126,-24.203821999963694,False,False,False,sem sinal (Em Baixa; sem novo topo (-13.3%))
ABEV3,BOVA11,BOVA11,Bens de primeira necessidade,59.83,59.8,60.0,,,0.0,,81.27,18.19,66.84,53.15,38,Não,7,8,False,,True,,False,False,True,True,True,True,6,10,True,True,True,True,True,True,True,False,True,True,True,-0.17,True,227907567616.0,14.04,2.58,5.36,5.43,18.4,17.07,20.62,18.41,7.92,-0.57,1.02,0.03,3.21,76.26,24.6,13.31,10.3,0.81,38.81,60.59,11.06,16.9,33.6,-12.6,-6.1,0.64,0.44,14.779999732971191,5.733896926530527,8.699181244814477,11.407954499713652,11.648561002603211,10.316842774956601,14.979544595644523,5.703207403317053,10.499895285160916,9.87363546659262,10.408369030058758,9.367532127052883,8,True,2.6,-36.62021450409223,-33.195969925719716,2026-10-29,2026-09-22,próxima,,,False,False,,,Em Baixa,16.100000381469727,-8.198761597656778,-13.021398707908283,True,False,False,sem sinal (Em Baixa; sem novo topo (-8.2%))
EZTC3,SMALL11,SMALL11,Consumo discricionário,59.75,57.94,70.0,,,0.9,,52.18,61.84,68.1,53.85,39,Não,3,8,False,,True,,False,False,True,True,False,True,7,10,False,False,False,True,False,True,True,False,True,False,True,0.0,True,2931684864.0,5.42,0.55,9.65,5.69,10.15,7.87,5.14,36.95,9.17,0.07,3.06,0.34,0.77,30.83,-22.5,4.43,2.75,2.48,28.86,69.9,9.84,16.23,7.4,-34.9,-17.9,1.3,0.61,10.569999694824219,4.294759361307794,7.966778615225957,25.839943903398687,29.039239984093726,24.784993434809476,14.304758277876868,13.815876148391911,4.844471648757504,19.29193172729944,19.54487585634317,17.590388270708853,6,True,6.8,66.41805845389274,82.5159156508402,n/d,n/d,,,,False,False,,,Em Baixa,11.387590408325195,-7.179663863772756,-35.719375179316614,False,False,False,sem sinal (Em Baixa; sem novo topo (-7.2%))
KEPL3,SMALL11,SMALL11,Bens Industriais,59.37,64.55,30.0,,,0.7,,64.82,50.4,65.32,97.2,40,Não,6,8,False,,True,,False,False,True,True,False,False,3,10,True,True,True,False,False,True,True,True,True,True,True,-0.02,True,985836032.0,7.32,1.28,5.07,16.59,17.52,36.22,12.97,9.71,5.82,-0.07,2.04,0.43,,121.44,-56.2,10.3,6.76,1.34,48.81,51.19,5.69,10.45,0.0,-45.6,-18.6,0.96,0.48,5.690000057220459,6.742469415594063,9.817035469104956,8.084153086761306,8.817449975989357,,8.987435936460594,2.076561301132369,5.168311369725077,7.936142542272559,8.450801531375332,7.605721378237798,6,True,4.7,33.66821268457352,39.475262960706026,n/d,n/d,,,,False,False,,,Em Baixa,6.489999771118164,-12.326652420819318,-45.809523264567055,False,False,False,sem sinal (Em Baixa; sem novo topo (-12.3%))
BBDC4,BOVA11,BOVA11,Produtos financeiros,58.96,58.34,62.5,15.65,,0.4,,50.69,60.18,66.43,72.03,41,Não,3,6,False,,True,,False,False,True,,True,True,5,8,True,False,False,,True,,True,False,True,True,True,,True,174484635648.0,6.9,0.97,9.65,8.33,14.13,11.35,0.0,26.07,,,,,1.15,57.47,17.8,5.33,1.07,,92.32,7.66,14.51,20.89,10.4,-23.3,-11.2,1.21,0.82,16.020000457763672,9.530437147559036,17.67896090872201,30.7630443572998,29.37266625766366,33.29018293528237,28.012719980945175,14.972857850635956,,21.496290598631507,22.84584044483359,20.56125640035023,4,True,3.2,28.347414561937544,34.18408229953511,n/d,2026-08-04,última,,,False,False,,,Em Baixa,18.49909782409668,-13.40117982999024,-24.572637045151136,True,False,False,sem sinal (Em Baixa; sem novo topo (-13.4%))
ISAE4,BOVA11,BOVA11,Serviços públicos,58.64,58.4,60.0,,,0.1,,59.33,47.95,60.47,76.22,42,Não,5,8,False,,True,,False,False,True,True,True,True,6,10,False,True,False,True,True,False,True,True,True,True,True,0.67,True,18015346688.0,6.32,0.8,6.84,8.95,12.71,14.91,9.63,26.39,7.26,3.41,5.28,0.79,1.15,56.58,220.0,8.6,6.2,0.28,54.58,44.81,20.47,31.63,24.7,-19.3,-9.5,0.97,0.68,25.530000686645508,16.32670316438642,28.435784030869886,50.25420681577388,53.85655290595864,58.45778227357472,43.20269275005427,24.802895736384112,28.778383543233414,38.01437515252942,35.99053814664384,32.39148433197946,8,True,3.6,26.8761592667059,48.90079956956039,n/d,2026-04-20,última,,,False,False,,,Em Baixa,26.84000015258789,-4.880772945212053,-20.326813508738272,True,False,False,sem sinal (Em Baixa; sem novo topo (-4.9%))
BMOB3,SMALL11,SMALL11,Comunicação,58.08,54.21,80.0,,,0.4,,59.87,27.6,72.49,58.74,43,Não,7,8,False,,True,,False,False,True,True,True,True,8,10,True,True,True,False,True,True,True,True,True,True,True,-0.32,True,1877122304.0,12.22,2.07,10.18,6.18,16.97,10.68,11.27,8.91,6.71,-1.89,1.78,0.05,2.95,75.57,8.5,10.04,5.41,1.43,47.82,51.18,17.84,27.93,26.2,-19.4,-7.9,1.16,0.58,22.5,9.938822189217882,14.705465613826117,19.459296506651544,21.220372416800814,19.019793922811168,23.406373917153175,9.716797203482457,18.680509790294288,17.018428945029683,18.850151856552728,16.965136670897454,8,True,2.4,-24.599392573789093,-24.3625380220903,n/d,n/d,,,,False,False,,,Em Baixa,23.73871612548828,-5.218126030658709,-20.135411785093382,False,False,False,sem sinal (Em Baixa; sem novo topo (-5.2%))
RECV3,BOVA11+SMALL11,BOVA11,Energia,58.06,63.01,30.0,,,0.9,,56.04,71.51,55.87,87.41,44,Rompimento,3,8,False,,True,,False,False,True,True,False,False,3,10,False,False,False,True,False,True,True,False,True,True,True,0.36,True,3058083584.0,5.98,0.67,16.77,10.7,11.26,17.76,10.15,16.73,3.19,1.18,2.91,0.72,1.48,64.01,-14.8,6.35,5.06,0.52,50.04,49.96,8.89,13.47,17.2,-22.6,-5.4,0.7,0.39,10.420000076293945,7.9666761040425325,11.666747606004982,18.226830059405582,24.692836901074966,25.71268067180562,21.09900169182308,9.093616991261978,10.420000076293945,16.109798762714085,14.946788832705282,13.452109949434755,8,True,3.2,29.098942907294422,54.60459351977103,n/d,n/d,,,Rompimento,False,False,,,Em Alta,10.398945808410645,0.20246540631332355,-24.42912256016011,False,True,False,"Rompimento (vol x1.2, +0.2% do topo, MM50>MM200)"
CPFE3,BOVA11,BOVA11,Serviços públicos,57.89,59.28,50.0,,,0.1,,76.35,42.48,29.56,83.92,45,Não,6,8,False,,True,,False,False,True,False,True,True,5,10,True,True,True,False,False,True,True,True,True,True,True,1.44,True,48728842240.0,7.9,2.09,9.06,10.15,26.43,27.84,15.57,13.16,5.38,2.35,0.92,1.55,1.51,80.2,21.5,9.69,8.79,0.29,71.02,27.73,35.03,52.32,20.7,-19.2,-7.4,0.93,0.65,42.290000915527344,30.66438652244877,51.53830324187571,64.26557587325156,49.367628457571485,82.36173009237815,60.90625676168941,31.913029753138908,75.35604301340923,55.796619214470404,56.222280001782565,50.60005200160431,8,True,2.7,19.65015584340133,31.938089398300118,n/d,n/d,,,,False,False,,,Em Baixa,46.349998474121094,-8.759434071741335,-20.195253067667796,False,False,False,sem sinal (Em Baixa; sem novo topo (-8.8%))
BLAU3,SMALL11,SMALL11,Cuidados de saúde,57.75,62.65,30.0,,,0.2,,61.52,57.01,83.29,40.56,46,Não,5,8,False,,True,,False,False,True,True,False,False,3,10,False,True,True,False,False,True,True,True,True,True,True,0.01,True,2097343360.0,8.79,0.88,8.44,3.82,10.02,13.86,12.24,13.82,4.73,0.05,2.66,0.25,1.32,33.54,-56.7,6.46,5.87,1.38,37.94,62.5,8.35,13.7,8.7,-33.7,-9.3,0.79,0.26,9.079999923706055,2.474659074916464,4.5904925839700415,13.687144367361231,15.486074004020736,10.820564891842018,7.317523562022571,7.083587962218933,10.165946217631188,9.878761941295247,10.165946217631188,9.149351595868069,7,True,6.3,0.7637849421226361,8.796938593620297,n/d,n/d,,,,False,False,,,Em Baixa,9.300000190734863,-2.3655942206107117,-36.428211327080895,False,False,False,sem sinal (Em Baixa; sem novo topo (-2.4%))
TFCO4,SMALL11,SMALL11,Consumo discricionário,57.62,58.96,50.0,,,0.9,,82.1,28.22,66.75,16.08,47,Não,5,8,False,,True,,False,False,True,True,False,True,5,10,True,True,True,False,False,True,True,False,True,True,True,0.2,True,1953119616.0,13.55,3.25,2.45,1.72,23.99,26.81,27.1,13.23,8.36,0.47,2.83,0.3,0.9,23.34,-1.4,8.47,15.28,1.67,41.96,57.74,12.87,18.1,0.0,-28.9,-14.1,1.25,0.67,12.869999885559082,1.5835254103451333,2.9374396361902217,12.585055238646332,9.199378206192144,15.883347160754102,5.951250000000001,11.492767425480803,6.149441781986756,,,,6,False,10.0,,,n/d,n/d,,,,False,False,,,Em Baixa,15.010000228881836,-14.257163961963325,-29.19958533076069,False,False,False,sem sinal (Em Baixa; sem novo topo (-14.3%))
VBBR3,BOVA11,BOVA11,Consumo discricionário,57.5,55.29,70.0,,,0.9,,62.37,48.97,46.59,56.64,48,Pivô de alta,6,8,False,,True,,False,False,True,True,True,True,7,10,True,True,True,False,True,True,True,False,False,True,True,0.74,True,42357903360.0,8.11,1.74,4.41,6.07,21.49,20.83,16.06,2.48,5.97,1.52,2.01,0.93,0.74,49.19,677.0,10.86,9.71,0.57,65.98,33.8,18.16,36.13,95.0,-2.0,11.0,1.08,0.66,35.40999984741211,15.341851903550792,28.459135281086716,57.85234253738722,44.71282734846681,74.15653930386456,38.41324505622908,41.629573162004235,21.636398765315036,43.83715163633624,41.629573162004235,37.466615845803815,7,True,4.8,5.808009057481001,23.79879080835414,n/d,n/d,,,Pivô de alta,False,False,,,Lateral,36.130001068115234,-1.9928070839126732,-3.3306065660071216,False,True,False,Pivô de alta
SAPR11,SMALL11,SMALL11,Serviços públicos,57.38,55.15,70.0,,,0.1,,48.76,57.22,64.1,60.84,49,Não,4,8,False,,True,,False,False,False,True,True,True,7,10,False,False,True,False,False,True,True,True,False,True,True,0.21,True,9689846784.0,21.21,0.8,1.73,6.34,3.76,14.91,11.83,6.04,3.81,0.89,1.86,0.6,1.84,134.51,11.5,6.03,5.91,0.51,53.34,46.66,31.45,47.9,1.9,-33.1,-17.0,0.95,0.54,32.060001373291016,14.522862167905426,26.93990932146456,20.02805366318274,36.91811071739654,26.968886664003897,15.033916666666668,14.9643570766422,75.28505785854364,22.196585182466002,20.02805366318274,18.025248296864465,7,True,5.2,-43.77652050919379,-30.765488984171295,n/d,n/d,,,,False,False,,,Em Baixa,36.34000015258789,-11.777652067489274,-34.19540112887475,False,False,False,sem sinal (Em Baixa; sem novo topo (-11.8%))
GMAT3,SMALL11,SMALL11,Bens de primeira necessidade,57.27,55.61,66.66666666666667,,,0.0,,48.74,75.41,57.35,33.57,50,Não,4,8,False,,True,,False,,True,True,False,True,6,9,True,True,False,False,False,True,True,False,False,True,True,0.48,True,9050739712.0,5.49,0.8,3.08,3.24,14.52,15.23,10.1,4.11,3.93,2.06,1.74,0.56,0.46,17.78,-35.4,4.42,5.7,1.0,52.91,42.64,3.57,7.15,10.1,-45.1,-5.2,1.19,0.51,3.930000066757202,0.9092310412606412,1.6866235815384896,9.484972838712734,8.895137199775272,10.864435639683027,4.240894981559316,7.283988457426163,7.1493627212444855,,,,6,False,11.9,,,n/d,n/d,,,,False,False,,,Em Baixa,3.9800000190734863,-1.256280202931348,-45.73194973723545,False,False,False,sem sinal (Em Baixa; sem novo topo (-1.3%))
ALUP11,SMALL11,SMALL11,Serviços públicos,57.12,56.61,60.0,,,0.1,,64.42,48.94,52.13,49.65,51,Não,6,8,False,,True,,False,False,True,False,False,True,6,10,True,True,True,True,False,False,True,True,True,True,True,0.82,True,14935598080.0,7.41,1.07,3.47,4.76,14.38,12.27,10.21,25.17,6.09,3.73,3.3,1.14,0.8,35.25,-33.8,11.32,5.16,0.32,60.84,28.54,28.16,36.3,11.5,-13.5,-5.0,0.78,0.65,31.399999618530273,10.669122463842788,19.79122217042837,56.14709783340434,52.89564400271589,59.61400079455883,27.212609668380487,36.12139832272212,53.485666429761906,43.60966274599599,52.89564400271589,47.606079602444304,7,True,5.6,51.61172032100993,38.88427794839957,n/d,n/d,,,,False,False,,,Em Baixa,32.83126449584961,-4.359457058074234,-14.269118786756774,False,False,False,sem sinal (Em Baixa; sem novo topo (-4.4%))
BPAC11,BOVA11,BOVA11,Produtos financeiros,56.79,53.58,75.0,15.65,,0.4,,60.08,42.13,66.43,27.27,52,Não,4,6,False,,True,,False,False,True,,True,True,6,8,True,True,False,,True,,True,False,True,True,True,,True,170196467712.0,10.73,2.46,2.81,2.74,22.88,20.48,0.0,39.8,,,,,0.72,29.37,20.0,8.3,2.41,,90.46,8.68,41.48,63.41,21.8,-20.3,-8.0,1.6,0.81,50.5099983215332,9.873848615447004,18.315989181654192,62.37255151540678,46.633842178430726,83.49336956563431,11.768333333333333,56.95908478010734,,13.31939037681151,11.768333333333333,10.5915,3,True,6.3,-79.03088427646081,-73.63019041888734,n/d,n/d,,,,False,False,,,Em Baixa,56.29629898071289,-10.278296733435488,-21.757197180667156,False,False,False,sem sinal (Em Baixa; sem novo topo (-10.3%))
IGTI11,BOVA11+SMALL11,BOVA11,Imobiliário,56.26,53.84,70.0,,,0.8,,71.74,37.08,50.6,21.68,53,Não,3,7,False,,True,,False,False,True,True,False,True,7,10,False,False,True,True,False,True,,False,True,False,True,0.49,True,,10.81,1.4,1.26,2.45,12.93,7.32,12.16,41.91,8.35,2.15,2.73,0.9,1.14,26.52,-35.4,10.43,5.46,0.48,51.02,48.98,21.35,30.19,7.9,-23.6,-11.2,1.26,0.78,23.049999237060547,4.039207496603472,7.4927299061994415,28.252774272992802,28.105111306090862,25.489835755942703,2.974775017869276,18.430267633645,16.581917461793097,,,,6,False,9.5,,,n/d,n/d,,,,False,False,,,Em Baixa,25.56999969482422,-9.855301086584534,-24.243910973786132,False,False,False,sem sinal (Em Baixa; sem novo topo (-9.9%))
SANB11,BOVA11,BOVA11,Produtos financeiros,56.06,57.13,50.0,14.99,,0.4,,53.37,59.43,57.0,68.53,54,Fundo duplo,3,6,False,,True,,True,False,True,,True,False,4,8,True,False,False,,True,,True,False,True,True,True,,True,154218872832.0,7.08,1.11,7.89,7.32,15.69,10.65,0.0,28.66,,,,,0.94,51.81,49.8,6.13,1.11,,90.04,9.86,24.03,36.14,19.4,-20.6,3.5,1.18,0.64,28.700000762939453,15.000898762587033,27.826667204598944,53.71115961990787,48.56183053710297,60.31394027622823,36.67841278990693,30.095531032620425,,33.30428459425019,32.25253999725294,29.027285997527645,4,True,3.6,1.140366640724344,16.042800379490885,n/d,n/d,,,Fundo duplo,False,False,,,Em Alta,29.93000030517578,-4.1095874697456125,-21.281602166230662,False,True,False,Fundo duplo — rompeu pescoço ~R$27.67 (candidato)
UGPA3,BOVA11,BOVA11,Consumo discricionário,55.69,53.17,70.0,,,0.9,,64.41,41.94,44.0,48.95,55,Rompimento,6,8,False,,True,,False,False,True,True,True,True,7,10,True,True,True,False,False,True,True,True,False,True,True,0.63,True,36167143424.0,10.74,2.07,3.91,4.42,19.25,16.17,21.5,2.26,5.05,1.13,1.64,0.98,1.06,47.5,44.3,12.41,9.73,0.63,64.07,31.75,16.19,33.94,109.6,0.0,16.9,1.04,0.57,33.939998626708984,10.720877821521933,19.88722835892318,41.87197223499944,34.144107575983874,45.91517310390855,24.11663414094094,28.51874595254069,26.92882598826622,31.626098193651842,28.51874595254069,25.666871357286624,7,True,4.3,-24.375744266859943,-6.817620880032171,n/d,n/d,,,Rompimento,False,False,,,Lateral,33.81999969482422,0.3548164783192753,-1.0784107600475434,False,True,False,"Rompimento (vol x1.2, +0.4% do topo, MM50>MM200)"
WEGE3,BOVA11+Carteira,BOVA11,Bens Industriais,55.62,54.85,60.0,,,0.7,,87.02,6.92,60.03,19.58,56,Pivô de alta,6,8,False,,True,,False,False,True,True,False,True,6,10,True,True,True,True,False,True,True,False,True,True,True,-0.17,True,203539693568.0,32.53,10.79,4.14,2.33,33.16,31.31,24.33,15.58,21.15,-0.35,1.59,0.29,4.05,75.8,-2.1,26.26,11.21,1.12,56.49,40.84,34.11,53.79,42.2,-9.8,5.4,0.65,0.41,48.5099983215332,8.074081953513675,14.977422023767867,19.75891416416584,12.282018993845496,15.441219218172956,20.804652009955877,11.50545039485205,12.701752262452246,14.443188877590751,13.839587143110055,12.45562842879905,8,True,2.6,-74.32358511694672,-70.2263669813826,2026-10-21,2026-06-22,última,"A WEG (WEGE3) consolida-se como uma empresa de altíssima eficiência operacional no setor de bens industriais, apresentando um ROE de 33,2% e um ROIC de 24,3% que se posicionam muito acima das médias setoriais de 14,5% e 12,6%, respectivamente. Essa excepcional qualidade técnica, contudo, convive com múltiplos de preço extremamente esticados, evidenciados pelo P/L de 32,53 e pelo P/VP de 10,79, o que sugere que o mercado cobra um prêmio elevado pela robustez da companhia. No âmbito financeiro, a excelente rentabilidade é acompanhada por uma estrutura de capital extremamente saudável, com uma relação de dívida líquida sobre EBITDA negativa em 0,35 — bem abaixo dos 2,4 do setor —, indicando que a empresa possui caixa líquido e risco de endividamento praticamente nulo. Essa solidez financeira dá sustentabilidade ao pagamento de dividendos, embora o rendimento atual de 4,14% seja considerado moderado, refletindo o fato de que o lucro gerado é fortemente reinvestido ou precificado de forma esticada pelo mercado. Por outro lado, o crescimento recente acende um sinal de alerta, visto que o CAGR de receita de cinco anos contraiu 2,1%, situando-se significativamente abaixo da média setorial de 26,1%, o que justifica o não atendimento deste ponto específico no checklist de critérios da empresa. No crivo geral de fundamentos, a companhia atende a 6 dos 8 critérios avaliados, sendo penalizada apenas pelo crescimento inferior aos pares e pela movimentação de venda de insiders. Sob a ótica do valuation, há uma expressiva dispersão entre os métodos de cálculo de preço-teto, que variam desde os conservadores R$ 8,07 pelo método de Bazin até R$ 19,76 pelo fluxo de caixa descontado, resultando em uma média de R$ 14,44 e uma mediana de R$ 13,84. Frente ao preço atual de R$ 48,51, o valor ajustado com margem de segurança de R$ 12,46 aponta para um expressivo potencial de desvalorização de 74,3%, evidenciando que a cotação atual embutiu expectativas excessivamente otimistas. Em balanço, o ativo destaca-se positivamente por sua rentabilidade espetacular, saúde financeira impecável com caixa líquido e forte tendência gráfica de alta, mas traz como contrapartidas um valuation severamente esticado frente aos modelos matemáticos e um crescimento de receita recente abaixo da média de seus pares.",Pivô de alta,False,True,49.82,-2.63,Em Alta,49.16999816894531,-1.342281618853003,-10.638950527998558,False,True,False,Pivô de alta
TAEE11,BOVA11+SMALL11,BOVA11,Serviços públicos,55.61,56.6,50.0,,,0.1,,73.0,26.96,40.63,88.81,57,Não,6,8,False,,True,,True,False,True,False,False,True,5,10,True,True,True,True,False,False,True,True,True,True,True,0.43,True,38415196160.0,7.82,1.58,8.15,11.16,20.14,22.05,11.11,33.52,9.17,4.41,2.29,1.49,3.05,87.25,-3.2,8.58,6.46,0.24,66.19,33.81,30.22,43.57,23.0,-14.7,-6.2,0.87,0.68,37.16999816894531,29.62378132164956,37.20679833417123,42.64219562079012,50.15934754954851,65.23707028082887,16.06885345908871,20.36775941849515,26.081497750802324,35.92341296692181,33.4152898279104,30.07376084511936,8,True,4.1,-19.091303937041083,-3.353740283648965,n/d,n/d,,,,False,False,,,Em Baixa,39.42622375488281,-5.722652009395334,-15.16019941651443,False,False,False,sem sinal (Em Baixa; sem novo topo (-5.7%))
CMIN3,BOVA11,BOVA11,Materiais,55.4,61.65,20.0,,,1.0,,83.42,29.17,35.12,97.9,58,Pivô de alta,6,8,False,,True,,False,False,True,False,False,False,2,10,True,True,True,False,False,True,True,True,True,True,True,0.15,True,31808518144.0,13.46,4.28,18.85,16.61,31.79,32.01,20.33,13.41,5.23,0.18,1.17,1.22,,223.61,-10.5,14.35,8.04,0.53,80.09,19.91,4.08,6.24,44.9,-5.2,21.2,1.06,0.48,5.909999847412109,7.013076696739184,10.211039670452253,4.566418901417975,3.6934677755084038,,5.333333333333334,1.1729674925345621,5.769684579696389,,,,6,False,8.7,,,n/d,n/d,,,Pivô de alta,False,False,,,Em Alta,5.980000019073486,-1.1705714287309044,-7.26305322256896,False,True,False,Pivô de alta
RDOR3,BOVA11,BOVA11,Cuidados de saúde,55.38,52.8,70.0,,,0.2,,71.28,23.4,52.7,43.36,59,Não,5,8,False,,True,,False,False,True,False,True,True,7,10,True,True,True,False,True,False,True,False,True,True,True,0.72,True,73249374208.0,15.24,3.55,13.24,4.01,23.26,13.61,15.63,8.35,6.49,1.12,2.9,2.51,1.68,61.08,22.9,12.42,6.35,0.64,79.71,18.16,32.33,44.66,4.1,-24.7,-5.7,1.14,0.63,33.650001525878906,9.633322007212653,17.86981232337947,29.25607088043933,21.700497339800478,28.83776304989385,23.113425197405842,18.462574352862,26.12747553526816,21.875117585782725,22.406961268603162,20.166265141742848,8,True,3.0,-40.07053721458599,-34.99222408962025,n/d,n/d,,,,False,False,,,Em Baixa,34.540000915527344,-2.5767208050314294,-25.142363732308038,False,False,False,sem sinal (Em Baixa; sem novo topo (-2.6%))
EVEN3,SMALL11,SMALL11,Consumo discricionário,54.87,53.97,60.0,,,0.9,,42.11,71.42,47.02,77.62,60,Não,1,8,False,,True,,False,False,True,True,False,True,6,10,False,False,False,False,False,False,True,False,True,False,False,0.37,True,839246080.0,4.28,0.44,21.61,9.09,10.28,7.88,4.93,12.83,7.12,3.58,4.66,0.64,0.68,38.89,-35.3,2.75,2.32,1.27,57.92,36.05,4.23,8.43,0.0,-49.8,-25.4,1.27,0.6,4.230000019073486,2.7451821325619106,5.092312855902343,13.09521033942142,14.621213058402228,15.188608186018342,15.333467825507345,6.543045739317689,0.7857644380313645,,,,6,False,19.5,,,n/d,n/d,,,,False,False,,,Em Baixa,4.949999809265137,-14.545450867371645,-50.416448727265404,False,False,False,sem sinal (Em Baixa; sem novo topo (-14.5%))
PGMN3,SMALL11,SMALL11,Bens de primeira necessidade,54.6,58.94,30.0,,,0.0,,50.12,75.0,44.13,88.11,61,Não,4,8,False,,True,,False,False,False,False,True,False,3,10,False,True,True,False,True,False,True,False,False,False,True,0.99,True,2376487168.0,7.21,0.69,7.21,10.75,9.61,5.91,12.78,2.1,2.58,3.59,1.78,1.02,3.33,77.48,11.1,4.84,6.26,0.83,68.82,31.1,3.13,7.54,5.4,-56.2,-24.4,1.47,0.57,3.299999952316284,2.5330810643018227,3.0610532924890452,3.950685291097042,7.017994361137339,5.909071022077927,8.513668365458203,1.845285806453782,,4.690119886145022,3.950685291097042,3.555616761987338,7,True,4.6,7.745964041352038,42.124847088346385,n/d,n/d,,,,False,False,,,Em Baixa,3.5399999618530273,-6.779661359406175,-56.692913361190136,False,False,False,sem sinal (Em Baixa; sem novo topo (-6.8%))
VIVT3,BOVA11,BOVA11,Comunicação,54.58,46.57,100.0,,,0.4,,46.85,35.34,52.13,62.24,62,Não,5,8,False,,True,,True,True,True,True,True,True,10,10,False,True,True,False,True,False,True,True,True,False,True,0.16,True,95197110272.0,14.4,1.45,8.44,6.44,10.05,7.53,9.1,10.68,4.17,0.56,0.95,0.3,19.79,92.76,18.5,9.64,5.51,0.48,46.12,53.66,29.4,40.95,1.3,-27.3,-14.4,0.8,0.54,29.790000915527344,13.706787298731939,14.563558105319665,15.700439445319502,30.924061510916516,14.831531616746448,30.525873170616126,6.472825027336596,38.70169355432407,18.103582310712397,14.831531616746448,13.348378455071803,7,True,6.0,-55.19174875850954,-39.22933281523893,n/d,n/d,,,,False,False,,,Em Baixa,33.83000183105469,-11.942065317356187,-27.741382789637413,False,False,False,sem sinal (Em Baixa; sem novo topo (-11.9%))
CMIG4,BOVA11,BOVA11,Serviços públicos,54.35,53.35,60.0,,,0.1,,52.85,48.4,38.03,98.6,63,Não,5,8,False,,True,,True,False,True,True,False,True,6,10,True,True,False,False,False,True,True,True,True,True,True,0.67,True,29093136384.0,6.33,1.0,10.39,17.43,15.75,21.33,9.3,10.51,6.35,2.49,1.17,0.78,,110.33,-20.4,8.78,5.94,0.42,57.36,42.63,9.45,13.28,7.6,-23.4,-10.2,0.95,0.71,10.170000076293945,12.661615758964517,18.43531254505234,16.709004864685156,19.17389568288416,,14.127676775544375,4.292010864967203,13.86119269122131,15.828116386391976,15.418340820114764,13.876506738103288,6,True,4.5,36.44549295972113,55.63536153049773,n/d,n/d,,,,False,False,,,Em Baixa,11.279999732971191,-9.840422721223485,-23.73827647561977,False,False,False,sem sinal (Em Baixa; sem novo topo (-9.8%))
FLRY3,BOVA11+SMALL11,BOVA11,Cuidados de saúde,54.08,51.27,70.0,,,0.2,,59.71,30.86,51.6,63.64,64,Pivô de alta,5,8,False,,True,,False,False,True,True,True,True,7,10,False,True,True,False,True,False,True,True,True,True,True,0.7,True,9937487872.0,14.02,1.82,6.48,6.57,13.0,10.93,12.7,8.01,5.85,1.78,1.86,0.98,13.68,92.12,14.4,12.13,6.47,0.55,61.45,37.83,12.84,18.54,42.4,-1.4,15.2,0.95,0.6,18.280000686645508,8.579193808619635,9.351499816341564,10.151610568207355,17.165551690877788,9.902894532724996,17.61298475023042,4.322879887548819,15.766663817188535,11.60665985896739,10.027252550466176,9.02452729541956,8,True,4.1,-50.63169061031575,-36.50623948035921,n/d,n/d,,,Pivô de alta,False,False,,,Em Alta,18.541507720947266,-1.4103871067956408,-5.307993771379193,False,True,False,Pivô de alta
COGN3,BOVA11+SMALL11,BOVA11,Consumo discricionário,52.69,52.18,55.55555555555556,,,0.9,,44.64,74.63,45.14,44.06,65,Não,1,8,False,,False,,False,,False,True,True,False,5,9,False,False,False,False,False,False,True,False,True,False,True,0.4,True,4122532096.0,6.12,0.31,5.7,4.02,5.11,0.79,10.24,8.96,3.24,2.77,1.88,0.51,1.59,24.58,30.7,4.2,3.85,0.45,44.22,55.77,2.03,4.57,1.5,-54.9,-18.7,1.59,0.61,2.059999942779541,0.5908904194618628,0.8467790138769689,3.4454891618612424,7.0941751939391855,2.6490197357584107,2.2332794968228713,1.7146580890669731,6.423205026579713,,,,4,False,12.0,,,n/d,n/d,,,,False,False,,,Em Baixa,2.3299999237060547,-11.587982393452478,-56.41819375233852,False,False,False,sem sinal (Em Baixa; sem novo topo (-11.6%))
SBFG3,SMALL11,SMALL11,Consumo discricionário,52.4,49.29,70.0,,,0.9,,44.83,83.02,28.52,26.57,66,Não,3,8,False,,True,,False,True,True,True,True,True,7,10,False,True,False,False,True,False,True,False,False,True,False,0.81,True,1900671360.0,4.57,0.6,6.53,2.69,13.07,10.92,8.98,5.01,3.97,3.46,1.62,1.0,0.4,12.28,222.5,3.63,4.64,0.8,67.87,32.13,8.24,14.95,0.0,-44.9,-22.1,1.62,0.67,8.239999771118164,1.581179074163271,2.9330871825728675,23.89059014602093,23.60395257924959,25.516671888258017,6.709985605286775,17.81108481027022,12.569370880089183,,,,6,False,16.1,,,n/d,n/d,,,,False,False,,,Em Baixa,9.649999618530273,-14.611397960105377,-46.089339088595125,False,False,False,sem sinal (Em Baixa; sem novo topo (-14.6%))
MDIA3,SMALL11,SMALL11,Bens de primeira necessidade,52.23,54.39,40.0,,,0.0,,39.11,62.64,89.21,32.87,67,Não,3,8,False,,True,,False,False,False,True,True,True,4,10,False,False,False,False,True,True,True,False,False,False,True,-0.02,True,5744993280.0,8.96,0.69,6.16,3.22,7.65,8.74,8.32,6.67,4.32,-0.17,2.65,0.21,1.65,28.87,52.8,7.35,3.86,1.38,34.41,65.59,16.82,28.49,1.8,-39.9,-12.8,0.69,0.39,17.1200008392334,3.9407712244318045,6.79675399102031,23.53900298070049,32.66002331921899,16.553854059055492,20.30611364092026,11.63921636946539,21.466888953689196,,,,6,False,8.3,,,n/d,n/d,,,,False,False,,,Em Baixa,17.579999923706055,-2.6166045874230215,-40.805208649927295,False,False,False,sem sinal (Em Baixa; sem novo topo (-2.6%))
GGPS3,SMALL11,SMALL11,Bens Industriais,51.66,51.95,50.0,,,0.7,,62.01,48.1,50.66,18.88,68,Não,5,8,False,,True,,False,False,True,False,True,True,5,10,True,True,False,False,True,True,True,False,False,True,True,0.48,True,8614412288.0,9.33,1.9,2.58,2.31,20.36,19.43,11.88,5.1,6.03,1.03,2.87,1.38,0.62,21.58,207.7,6.81,7.28,0.78,74.55,25.29,11.0,19.55,4.1,-41.4,-13.6,1.05,0.58,11.449999809265137,1.8918703655016333,3.50941952800553,16.260717842739876,12.89968532206269,21.24717923429796,9.395602678571429,14.849410256388873,9.730877981416274,,,,6,False,11.2,,,n/d,n/d,,,,False,False,,,Em Baixa,11.800000190734863,-2.9661048797655076,-41.730279737676945,False,False,False,sem sinal (Em Baixa; sem novo topo (-3.0%))
LOGG3,SMALL11,SMALL11,Imobiliário,51.51,50.01,60.0,,,0.8,,53.06,52.0,19.19,93.01,69,Não,2,8,False,,True,,True,True,True,True,False,False,6,10,False,False,False,True,False,False,True,False,True,False,False,0.57,True,1998631936.0,5.39,0.57,29.27,13.45,10.63,8.83,3.04,136.74,18.81,121.08,0.52,0.64,1.84,72.48,-33.1,3.71,0.1,0.28,45.7,53.91,15.57,28.1,46.8,-18.7,-9.0,0.91,0.51,22.860000610351562,21.956681325154214,28.569104192938347,39.417525847273296,61.86367082135503,69.43823105231294,41.84535782847723,19.129274567207222,,40.31712080495976,39.417525847273296,35.47577326254597,7,True,3.6,55.1871054915094,76.36535314309303,n/d,n/d,,,,False,False,,,Em Baixa,25.868947982788086,-11.631502658857752,-19.790966192795366,False,False,False,sem sinal (Em Baixa; sem novo topo (-11.6%))
CPLE3,BOVA11,BOVA11,Serviços públicos,51.47,46.44,80.0,,,0.1,,52.12,31.59,36.25,78.32,70,Não,5,8,False,,True,,False,False,True,True,True,True,8,10,False,True,True,False,True,True,True,False,True,False,True,0.9,True,41040015360.0,13.06,1.7,7.75,9.16,12.99,9.34,9.82,11.41,8.7,2.97,1.3,0.98,0.26,119.61,50.0,12.4,5.45,0.3,61.78,38.29,10.16,16.67,36.0,-17.1,-8.2,1.1,0.75,13.819999694824219,9.040503431908203,16.770133866189717,14.021056351946468,13.91243804507136,31.74578796667125,8.56043112128839,12.80413447989074,11.528293464664605,14.79784734095384,13.35828626248105,12.022457636232945,8,True,3.7,-13.006816919572572,7.075598174548725,n/d,n/d,,,,False,False,,,Em Baixa,14.930000305175781,-7.434699180593851,-18.08815858006304,False,False,False,sem sinal (Em Baixa; sem novo topo (-7.4%))
HYPE3,BOVA11+SMALL11,BOVA11,Cuidados de saúde,51.46,53.48,40.0,,,0.2,,60.64,42.15,57.31,41.96,71,Não,4,8,False,,True,,False,False,True,True,True,False,4,10,False,True,False,True,True,False,True,False,True,True,True,0.42,True,14636077056.0,8.35,1.01,5.08,3.87,12.1,12.72,10.74,19.8,7.25,2.25,1.86,0.53,1.02,32.32,4.5,6.46,6.31,0.5,50.22,49.77,19.85,26.59,4.7,-21.8,-4.1,1.02,0.59,20.790000915527344,5.748297798991063,10.663092417128421,32.99012121326194,33.95797958310606,30.027075775665512,25.337887055553182,19.46745315141938,12.646953190349242,23.584366055211966,25.337887055553182,22.804098349997865,7,True,5.9,9.687817920999997,13.440909170896687,n/d,n/d,,,,False,False,,,Lateral,21.84000015258789,-4.807688780790276,-22.438565747555238,False,False,False,sem sinal (Lateral)
SBSP3,BOVA11,BOVA11,Serviços públicos,50.99,51.17,50.0,,,0.1,,72.13,32.08,41.22,24.48,72,Não,7,8,False,,True,,False,False,True,False,False,True,5,10,True,True,True,True,False,True,True,True,True,True,True,0.75,True,83978928128.0,10.37,1.85,2.86,2.57,17.8,17.28,12.72,19.67,7.75,2.25,1.47,1.14,0.79,26.62,-33.9,9.66,7.77,0.3,59.31,40.69,21.8,35.21,9.6,-32.2,-19.2,1.15,0.68,23.8799991607666,4.3792851566166,8.123573965523793,30.512052929619816,25.86129830741603,35.98884426861962,11.811280356657244,25.05704649328185,23.8799991607666,,,,6,False,8.2,,,n/d,n/d,,,,False,False,,,Em Baixa,28.270000457763672,-15.528833483946624,-32.38575620285229,False,False,False,sem sinal (Em Baixa; sem novo topo (-15.5%))
BRBI11,SMALL11,SMALL11,Produtos financeiros,50.89,53.99,33.333333333333336,20.63,,0.4,,33.92,39.09,100.0,89.51,73,Não,4,5,False,,True,,False,False,True,,False,True,3,9,True,True,True,,False,,,True,True,True,True,,True,,7.73,1.52,11.75,11.83,19.7,21.77,1.85,0.0,,,,,4.61,91.48,-22.4,5.89,0.94,0.23,95.52,4.48,11.74,20.71,1.8,-42.3,-24.5,0.92,0.46,11.949999809265137,10.101903252665187,11.669898158563422,12.756285477084834,16.53665311732172,20.889486635079013,7.456368173606909,5.760136305699314,,10.496113765480088,10.885900705614304,9.797310635052874,4,True,1.7,-18.014135636581585,-12.166410602432098,n/d,n/d,,,,False,False,,,Em Baixa,14.313851356506348,-16.514434084623385,-43.5685934478284,False,False,False,sem sinal (Em Baixa; sem novo topo (-16.5%))
BEEF3,BOVA11+SMALL11,BOVA11,Bens de primeira necessidade,50.87,54.55,30.0,,,0.0,,65.78,62.59,28.65,35.66,74,Não,5,8,False,,False,,False,False,True,False,False,True,3,10,True,True,True,False,False,True,True,False,False,True,True,9.15,False,3538380032.0,7.31,2.12,5.84,3.4,29.04,144.02,16.55,0.8,3.68,2.98,1.43,13.46,0.49,24.88,-57.5,4.32,5.34,0.65,95.87,2.86,3.04,7.18,17.4,-50.3,-5.8,0.79,0.32,3.569999933242798,0.8677827234040341,1.6097369519144833,6.470930111555003,4.301627977530063,8.987545434514152,3.760485277130923,5.909302215080418,12.682964883878055,,,,6,False,14.6,,,n/d,n/d,,,,False,False,,,Em Baixa,3.640000104904175,-1.9230815836259407,-51.19494583530893,False,False,False,sem sinal (Em Baixa; sem novo topo (-1.9%))
ANIM3,SMALL11,SMALL11,Consumo discricionário,50.68,52.56,40.0,,,0.9,,46.48,77.42,30.68,61.54,75,Não,3,8,False,,False,,False,False,False,False,True,False,4,10,True,False,True,False,False,False,True,False,False,False,False,1.82,False,827513856.0,5.57,0.35,3.67,6.43,6.36,-2.07,14.6,3.27,3.03,3.39,1.9,2.02,1.36,35.8,12.0,2.92,6.28,0.35,72.15,22.61,1.93,5.17,13.5,-57.6,-30.4,2.05,0.52,2.190000057220459,1.0053539360100652,1.4772654262936238,4.126676706526149,7.440014217826814,4.1323652553879535,0.9286307631598228,2.059482079785856,,,,,6,False,8.0,,,n/d,n/d,,,,False,False,,,Em Baixa,2.2699999809265137,-3.5242257435351254,-58.58926741766464,False,False,False,sem sinal (Em Baixa; sem novo topo (-3.5%))
ECOR3,SMALL11,SMALL11,Bens Industriais,50.41,46.95,70.0,,,0.7,,51.59,62.88,28.52,23.08,76,Não,1,8,False,,True,,False,True,True,False,False,True,7,10,False,False,False,False,False,False,True,False,False,True,False,5.91,False,4243289600.0,7.48,0.99,5.15,2.52,13.28,19.86,11.52,4.59,5.02,4.62,2.52,6.64,0.69,18.82,-89.7,7.35,6.86,0.19,88.21,11.06,5.87,11.74,3.9,-48.0,-20.6,1.75,0.72,6.099999904632568,1.0962165522759464,2.0334817044718805,10.805481114489506,10.632923542785178,10.843602750899434,1.881409622926671,7.704883734416214,10.10150852719452,,,,5,False,9.9,,,n/d,n/d,,,,False,False,,,Em Baixa,7.239999771118164,-15.745855007251352,-48.87976277999102,False,False,False,sem sinal (Em Baixa; sem novo topo (-15.7%))
CSMG3,BOVA11+SMALL11,BOVA11,Serviços públicos,50.16,48.42,60.0,,,0.1,,64.91,14.48,35.33,85.31,77,Não,6,8,False,,True,,False,False,True,False,False,True,6,10,True,True,True,True,False,True,True,False,True,True,True,0.9,True,20756391936.0,15.84,2.31,4.06,10.18,14.6,15.68,11.59,15.47,8.72,2.76,1.22,1.06,,161.28,-21.2,11.35,6.32,0.28,51.64,48.36,24.75,67.45,121.2,-18.8,-5.3,0.9,0.48,54.7400016784668,39.811849442055916,57.96605278763342,35.94040514242769,42.92521576892341,,33.8014680094549,9.231944727519203,45.82489210721779,42.71164720961886,41.36853260548966,37.231679344940694,6,True,6.3,-31.98451186824386,-21.973609974476048,n/d,n/d,,,,False,False,,,Em Baixa,64.38999938964844,-14.986795779862994,-19.286343372478132,False,False,False,sem sinal (Em Baixa; sem novo topo (-15.0%))
MOTV3,BOVA11,BOVA11,Bens Industriais,49.99,53.52,30.0,,,0.7,,73.53,54.57,24.84,18.18,78,Não,6,8,False,,True,,False,False,True,False,True,False,3,10,True,True,False,True,True,False,True,True,True,True,False,1.9,False,28058753024.0,7.13,1.56,1.52,2.26,21.85,19.92,11.72,19.27,6.36,3.69,1.77,2.45,0.48,16.11,58.4,9.29,6.62,0.44,77.07,22.24,12.73,17.55,9.6,-20.4,-6.8,1.26,0.77,13.960000038146973,2.2525405545778034,4.178462728741826,25.94249656457887,19.854987337377814,33.79180481574949,10.38593205872702,23.690883655200334,8.307884477556138,,,,6,False,15.0,,,n/d,n/d,,,,False,False,,,Em Baixa,14.970000267028809,-6.746828395897531,-21.33891980744148,False,False,False,sem sinal (Em Baixa; sem novo topo (-6.7%))
ASAI3,BOVA11+SMALL11,BOVA11,Bens de primeira necessidade,49.48,51.15,40.0,,,0.0,,64.44,64.5,25.22,9.79,79,Não,5,8,False,,True,,False,False,True,False,True,False,4,10,True,True,True,False,True,False,True,False,False,True,True,3.55,False,10814732288.0,11.09,1.69,1.32,0.83,15.21,29.87,21.18,1.24,2.66,3.72,1.12,4.25,0.8,9.23,123.2,8.09,6.76,0.41,88.47,11.53,7.01,10.43,15.3,-22.5,-6.9,1.62,0.61,8.079999923706055,0.48036912331806497,0.8910847237550105,9.653742018855294,8.853061687195893,10.665286530377479,0.7363996715885007,8.269078733907122,,,,,4,False,22.2,,,n/d,n/d,,,,False,False,,,Em Baixa,8.829999923706055,-8.49377130781691,-23.900657495859214,False,False,False,sem sinal (Em Baixa; sem novo topo (-8.5%))
ALOS3,BOVA11+SMALL11,BOVA11,Imobiliário,49.27,43.85,80.0,,,0.8,,51.52,39.84,24.5,58.04,80,Não,3,8,False,,True,,False,True,False,True,True,True,8,10,False,False,False,True,True,False,True,False,True,False,False,0.56,True,12838622208.0,13.69,1.0,11.61,6.09,7.27,9.51,6.39,31.4,4.65,3.4,0.72,0.56,11.36,83.42,60.8,13.22,3.66,0.27,46.56,50.55,20.35,32.44,26.1,-20.9,-8.3,1.17,0.8,25.670000076293945,11.173376263589036,12.373071785179821,14.831582602755686,32.90905450450741,13.686040651695084,24.936040797277297,6.429524869927134,66.00421440341545,,,,7,False,10.3,,,n/d,n/d,,,,False,False,,,Em Baixa,27.56999969482422,-6.891547477553894,-21.723567091732555,False,False,False,sem sinal (Em Baixa; sem novo topo (-6.9%))
EGIE3,BOVA11+Wishlist,BOVA11,Serviços públicos,48.75,50.29,40.0,,,0.1,,77.19,23.41,19.82,57.34,81,Não,7,8,False,,True,,False,False,True,False,True,False,4,10,True,True,True,True,True,False,True,True,True,True,True,1.43,True,39219605504.0,9.95,2.62,3.5,6.07,26.37,32.12,11.59,28.94,8.55,3.56,1.09,2.06,0.95,60.44,270.0,10.56,6.68,0.19,74.84,23.06,27.03,37.88,2.4,-26.9,-15.3,0.89,0.61,27.690000534057617,12.013863453297777,22.285716705867372,36.873618801634514,25.72480178663426,45.93660608193621,42.880305971794456,25.683469282568577,23.247459917517244,29.3307302501563,25.70413553460142,23.133721981141278,8,True,3.8,-16.454599007003612,5.925350973109045,2026-08-05,2026-05-05,última,"A Engie Brasil (EGIE3) apresenta uma sólida eficiência operacional no setor de serviços públicos, com um retorno sobre o patrimônio líquido de 26,4% e um retorno sobre o capital investido de 11,6% que se posicionam bem acima das médias setoriais de 12,1% e 9,6%, respectivamente. Essa elevada qualidade de rentabilidade convive com múltiplos de preço que sugerem uma avaliação mista, onde o preço sobre o lucro de 9,95 indica um patamar razoável, mas o preço sobre o valor patrimonial de 2,62 revela um prêmio em relação aos ativos tangíveis da companhia. O crescimento robusto é evidenciado pelo crescimento anual composto da receita nos últimos cinco anos de 270,0%, superando amplamente a média dos pares de 22,5%, o que ajudou a empresa a atender a sete dos oito critérios do checklist de investimento, falhando apenas no controle do endividamento. De fato, a relação entre dívida líquida e Ebitda de 3,56 vezes situa-se acima da média setorial de 3,42 vezes e do limite prudencial de três vezes, indicando uma alavancagem financeira que exige atenção, embora a liquidez corrente de 1,09 ainda garanta a cobertura das obrigações de curto prazo. Essa pressão do endividamento e a necessidade de reinvestimento parecem limitar o rendimento de dividendos atual a 3,5%, um patamar modesto que reflete uma postura de distribuição mais conservadora frente ao lucro gerado. Sob a ótica do valor justo, a análise dos preços-teto revela uma dispersão acentuada entre os métodos de avaliação, variando desde os conservadores R$ 12,01 por Bazin e R$ 22,29 por Gordon, passando por R$ 25,72 por Graham, até os mais otimistas R$ 36,87 por fluxo de caixa descontado e R$ 45,94 por Lynch. Diante dessa amplitude, a média dos modelos resulta em R$ 29,33 e a mediana em R$ 25,70, sendo que o preço-teto ajustado com margem de segurança fica estabelecido em R$ 23,13, o que aponta para um retorno potencial negativo de 16,5% em relação ao preço atual de R$ 27,69, cuja tendência gráfica de curto prazo é de baixa. Como balanço final, os pontos positivos residem na excepcional rentabilidade, no histórico de crescimento acelerado e no cumprimento de quase todos os critérios de qualidade, enquanto os fatores de risco concentram-se na alavancagem acima da média do setor, no rendimento de dividendos momentaneamente pressionado e na ausência de margem de segurança no preço atual.",,True,False,,,Em Baixa,30.1299991607666,-8.098236623538302,-28.6661559113773,False,False,False,sem sinal (Em Baixa; sem novo topo (-8.1%))
GOAU4,BOVA11+SMALL11,BOVA11,Materiais,48.38,51.62,30.0,,,1.0,,32.55,71.39,60.33,70.63,82,Não,4,8,False,,True,,False,False,False,True,True,False,3,10,False,False,True,False,True,True,True,False,False,True,True,0.5,True,13714340864.0,18.1,0.75,2.51,8.26,4.13,12.06,10.0,1.92,2.09,0.98,2.88,0.28,0.25,149.59,72.5,5.11,5.08,1.04,34.12,23.4,6.48,11.53,60.0,-10.1,3.9,0.91,0.57,10.369999885559082,6.121877232791864,11.356082266828906,7.591298258765625,13.35057870907173,17.18784511418632,6.1112762116739185,6.932430862721816,38.65912267130878,9.80734123657717,7.591298258765625,6.832168432889063,7,True,6.3,-34.11602209944753,-5.425830811873511,n/d,n/d,,,,False,False,,,Lateral,11.529999732971191,-10.060710097806624,-10.294121893267839,False,False,False,sem sinal (Lateral)
SYNE3,SMALL11,SMALL11,Imobiliário,47.02,46.5,50.0,,,0.8,DY5a=128.9%>=20,48.62,57.57,27.91,,83,Não,2,8,False,,False,,False,False,False,True,True,False,5,10,False,False,False,True,False,False,False,True,True,True,False,0.84,True,554099392.0,9.89,0.77,73.12,128.93,7.8,14.02,6.47,20.02,4.56,3.43,0.98,0.5,1.27,1275.15,5.2,12.1,3.02,0.36,40.97,29.56,3.49,5.11,4.0,-29.0,-8.3,0.96,0.43,3.630000114440918,33.43054837529916,62.013667236179934,4.863245856050773,6.239566093454853,11.01112269294515,6.468000000000001,2.7800463103807234,10.237383572427849,,,,5,False,22.3,,,n/d,n/d,,,,False,False,,,Em Baixa,4.079999923706055,-11.029407296076144,-30.386952399937872,False,False,False,sem sinal (Em Baixa; sem novo topo (-11.0%))
PRIO3,BOVA11,BOVA11,Energia,46.71,45.15,55.55555555555556,,,0.9,,62.54,37.06,35.54,6.29,84,Não,3,8,False,,True,,False,,True,True,True,False,5,9,False,False,False,True,True,False,True,False,True,True,True,0.77,True,49069465600.0,13.87,1.9,0.0,0.18,13.71,30.11,10.92,18.11,5.84,1.73,1.34,0.9,1.04,2.46,189.4,6.76,6.59,0.25,59.83,40.17,34.2,72.1,79.9,-14.7,-0.0,0.13,0.06,61.529998779296875,0.7798922944284143,1.4467002061647085,58.77955903573782,56.85427613767437,60.110484635348655,2.0630957694065803,49.13989358494303,21.902489487960793,,,,5,False,77.1,,,n/d,n/d,,,,False,False,,,Em Alta,61.58000183105469,-0.08120014659142027,-15.689235476787477,False,False,False,sem sinal (Em Alta)
SMTO3,SMALL11,SMALL11,Bens de primeira necessidade,46.58,51.27,20.0,,,0.0,,42.88,76.41,46.89,34.97,85,Não,3,8,False,,True,,False,False,True,False,False,False,2,10,False,True,False,False,False,True,True,False,True,True,True,0.99,True,5361264128.0,6.51,0.72,1.36,3.4,11.0,14.59,6.36,11.43,3.54,2.38,3.16,1.65,0.76,22.14,-39.3,8.6,3.45,0.45,68.55,31.45,12.82,21.12,29.6,-21.4,1.3,0.57,0.24,16.610000610351562,4.035813959440623,7.486434894762356,33.8068368797478,36.391852615773445,30.530069566368645,11.173569115772223,20.5508927840925,43.98719876334871,,,,6,False,10.9,,,n/d,n/d,,,,False,False,,,Em Baixa,15.899999618530273,4.465415150034557,-22.372882361987312,False,False,False,sem sinal (Em Baixa; sem novo topo (+4.5%))
MOVI3,SMALL11,SMALL11,Bens Industriais,46.37,49.26,30.0,,,0.7,,50.05,74.88,12.46,55.24,86,Não,4,8,False,,False,,False,False,True,False,True,False,3,10,False,False,True,False,True,False,True,True,False,False,False,5.5,False,2715974656.0,6.12,0.68,9.89,5.82,11.08,3.58,13.78,2.89,3.53,3.65,0.68,6.43,0.86,35.64,97.0,3.04,6.78,0.22,91.5,8.5,6.1,14.83,10.2,-54.7,-32.3,2.28,0.65,6.71999979019165,2.7956598653401645,5.1859490502060055,14.5490191536012,15.625371480043567,14.22494689238855,15.036833929024203,7.854825356906363,,13.45819936239278,14.5490191536012,13.09411723824108,5,True,5.6,94.85294117647054,100.27083009788247,n/d,n/d,,,,False,False,,,Em Baixa,7.960000038146973,-15.577892487598344,-55.11022264313286,False,False,False,sem sinal (Em Baixa; sem novo topo (-15.6%))
IRBR3,SMALL11+Carteira,SMALL11,Insurance,46.36,49.5,28.571428571428573,,2.87,0.3,,18.47,73.29,100.0,28.67,87,Não,1,6,False,,False,,False,,False,,False,False,2,7,False,False,False,,False,,True,False,True,False,True,,True,4037336320.0,-27.91,0.77,3.14,2.94,-2.76,2.79,0.0,4.79,,,,,,,-28.5,5.72,2.72,,66.23,33.77,44.53,62.39,11.7,-20.3,-6.4,1.05,0.59,49.7400016784668,10.436855454934,15.196061542383905,,,,26.3277,,,17.320205665772637,15.196061542383905,13.676455388145515,3,True,2.5,-72.50411152666636,-65.17851813167346,2026-11-12,2026-07-01,última,"A análise fundamentalista do IRB Brasil (IRBR3) revela uma severa desconexão entre qualidade e preço, uma vez que o papel é negociado a um P/VP descontado de 0,77, mas esse patamar de preço baixo convive com um ROE negativo de -2,8% e um ROIC nulo de 0,0%, ambos situando-se drasticamente abaixo da média de seus pares do setor de seguros, que registram 34,3% e 19,5%, respectivamente. Essa fragilidade operacional é corroborada por uma margem líquida modesta de 4,79% e por um histórico de crescimento severamente comprometido, evidenciado pelo CAGR de receita de cinco anos em queda de -28,5%, desempenho muito inferior à média setorial de -3,9%. No que tange aos dividendos e sua sustentabilidade, o Dividend Yield atual de 3,14% mostra-se incoerente com a realidade financeira da companhia, dado que o retorno ao acionista é pressionado por um lucro líquido inexistente no período, refletido no P/L negativo de -27,91, o que compromete a perenidade de novos proventos. O checklist de critérios fundamentalistas reforça esse cenário desafiador ao aprovar apenas um dos seis requisitos avaliados, falhando em demonstrar rentabilidade mínima frente à taxa Selic ou aos concorrentes, além de registrar vendas recentes por parte de insiders. Sob a ótica do valuation, as estimativas de preço-teto calculadas revelam uma dispersão notável entre os métodos aplicáveis, variando de R$ 10,44 pelo modelo de Bazin a R$ 15,20 pela fórmula de Gordon, gerando uma média de R$ 17,32 e um valor ajustado com margem de segurança de R$ 13,68. Frente ao preço atual de mercado de R$ 49,74, essa referência de valuation indica um expressivo upside negativo de -72,5%, sinalizando que a ação negocia com forte prêmio sobre seus fundamentos estimados, em consonância com a tendência gráfica de baixa do papel. Em um balanço final, os prós da empresa concentram-se em sua sólida pontuação de segurança financeira e no valor de mercado robusto acima de R$ 4 bilhões, enquanto os contras residem na destruição histórica de valor, rentabilidade deficitária, forte desvalorização implícita frente ao preço-teto e governança fragilizada pelas transações de insiders.",,False,True,57.62,-13.68,Em Baixa,55.29999923706055,-10.05424527179305,-23.150560861510883,False,False,False,sem sinal (Em Baixa; sem novo topo (-10.1%))
BBAS3,BOVA11+Carteira,BOVA11,Produtos financeiros,45.7,51.56,12.5,14.56,,0.4,,41.07,62.55,50.86,72.73,88,Não,2,6,False,,True,,False,False,False,,False,False,1,8,False,False,False,,False,,True,True,True,True,True,,True,103216431104.0,7.04,0.56,3.09,8.34,7.99,14.73,0.0,21.83,,,,,2.14,58.74,-13.8,3.93,0.79,,92.12,7.71,17.8,27.31,1.6,-33.8,-13.7,1.2,0.72,18.079999923706055,10.776240790026641,14.559473549893088,24.784269012275338,43.192599292074725,29.895493991308065,15.857757927197019,12.181866635195224,,16.49443531984802,15.208615738545053,13.687754164690547,4,True,2.3,-24.2933947873335,-8.769715766309716,2026-11-11,2026-09-02,próxima,"O Banco do Brasil (BBAS3) apresenta um cenário de valuation intrigante, onde múltiplos de preço historicamente baixos, como o P/L de 7,04 e o P/VP de 0,56, convivem com indicadores de rentabilidade que atualmente se posicionam abaixo dos seus pares de setor. O Retorno sobre o Patrimônio Líquido (ROE) de 8,0% e o Retorno sobre o Capital Injetado (ROIC) de 0,0% situam-se abaixo das médias setoriais de 15,9% e 0,2%, respectivamente, sugerindo que a aparente pechincha no preço reflete uma eficiência operacional pressionada no momento. Essa compressão de rentabilidade é acompanhada por uma retração histórica, visto que o CAGR de receita de cinco anos recuou 13,8%, contrastando negativamente com o crescimento médio de 4,2% do setor de produtos financeiros. No que tange aos proventos, o Dividend Yield de 3,09% mostra-se tímido diante da robusta margem líquida de 21,83%, indicando que a distribuição atual de dividendos é sustentável e plenamente suportada pelo lucro, embora o retorno imediato ao acionista seja moderado. Sob a ótica do checklist de critérios fundamentalistas, o ativo atendeu a apenas 2 de 6 requisitos possíveis, falhando em superar a taxa Selic ou as médias setoriais de rentabilidade e crescimento, embora preserve pontos positivos em governança, como a ausência de venda de ações por insiders e um valor de mercado robusto acima de R$ 103 bilhões. A análise de valuation por múltiplos métodos revela uma dispersão acentuada nas estimativas de preço-teto, variando desde os conservadores R$ 10,78 pelo método de Bazin e R$ 14,56 por Gordon, até os otimistas R$ 29,90 de Lynch e R$ 43,19 de Graham. Diante dessa amplitude, a média dos modelos de preço-teto situa-se em R$ 16,49 e a mediana em R$ 15,21, enquanto o preço-teto ajustado com margem de segurança fica estabelecido em R$ 13,69. Como a cotação atual de R$ 18,08 está acima desse referencial ajustado, projeta-se um upside negativo de -24,3% em relação ao teto de segurança, o que se alinha à tendência gráfica de baixa do papel no curto prazo. Em balanço, BBAS3 destaca-se positivamente por sua elevada margem líquida, forte capitalização de mercado e múltiplos de preço muito descontados, mas traz como contrapartidas o crescimento de receita negativo, rentabilidade abaixo da média do setor e um preço de tela que atualmente não oferece margem de segurança perante as métricas de valuation projetadas.",,False,True,22.29,-18.89,Em Baixa,21.270000457763672,-14.997651459350337,-34.35595826568979,False,False,False,sem sinal (Em Baixa; sem novo topo (-15.0%))
GGBR4,BOVA11,BOVA11,Materiais,45.57,48.32,30.0,,,1.0,,35.68,55.29,60.06,64.34,89,Não,4,8,False,,True,,False,False,False,True,True,False,3,10,False,False,True,False,True,True,True,False,False,True,True,0.18,True,45011181568.0,21.4,0.89,2.35,6.78,4.18,12.63,10.03,3.22,5.21,0.97,2.87,0.28,0.29,145.02,73.5,8.07,5.03,1.04,34.14,65.6,15.54,26.31,47.6,-12.8,0.9,0.82,0.52,22.940000534057617,11.103673706525354,20.59731472560453,14.203505003563711,24.933473967423808,32.1588792533518,11.887333533584622,12.97074796551856,22.398607174673426,18.781691916280728,17.40040986458412,15.660368878125707,8,True,2.9,-31.733354343755504,-18.12688980370032,n/d,n/d,,,,False,False,,,Lateral,26.309999465942383,-12.80881414021746,-13.237518643358637,False,False,False,sem sinal (Lateral)
RENT3,BOVA11+Wishlist,BOVA11,Bens Industriais,45.26,44.42,50.0,,,0.7,,55.86,46.89,19.24,37.06,90,Não,1,8,False,,True,,False,False,True,False,True,True,5,10,False,False,False,False,False,False,True,False,False,False,False,1.37,True,35911028736.0,10.66,1.35,6.31,3.46,12.63,7.58,12.27,7.39,4.82,4.1,1.14,1.71,1.34,36.9,24.5,7.06,6.27,0.33,70.15,29.84,31.14,51.57,4.4,-37.0,-22.8,1.71,0.78,32.5099983215332,8.038152834243242,14.910773507521213,40.408769020667435,40.65020307587143,34.86155527672466,50.22561343638309,23.42445916272823,53.33748752346578,40.48468124930677,40.52948604826943,36.47653744344249,6,True,6.6,12.200982241460224,24.529939524763012,2026-11-05,2026-06-29,última,"A análise fundamentalista da Localiza (RENT3) revela uma empresa de grande porte que atualmente navega por desafios operacionais e estruturais, refletidos em um retorno sobre o patrimônio líquido de 12,6% e um retorno sobre o capital investido de 12,3%, ambos ligeiramente abaixo das médias do seu setor, que são de 14,5% e 12,6%, respectivamente. Essa rentabilidade mais contida convive com múltiplos de preço que sugerem um valuation descontado, visto que o preço sobre o lucro de 10,66 e o preço sobre o valor patrimonial de 1,35 indicam que o mercado já precifica o momento mais brando da companhia. O endividamento, contudo, acende um sinal de alerta, pois a relação de dívida líquida sobre o EBITDA de 4,1 vezes supera significativamente a média setorial de 2,4 vezes, comprometendo a flexibilidade financeira mesmo diante de uma margem líquida de 7,39%. Apesar dessa alavancagem elevada, o rendimento de dividendos de 6,31% mostra-se atrativo, embora sua sustentabilidade futura exija cautela dado o patamar de endividamento e a necessidade de geração de lucro para suportar o payout. No quesito expansão, o crescimento anual composto da receita nos últimos cinco anos atingiu expressivos 24,5%, mas ainda assim ficou abaixo da média de 26,1% registrada pelos seus pares de setor. Essa perda de tração frente aos concorrentes é corroborada pelo checklist de critérios fundamentalistas, no qual a empresa atendeu a apenas um dos oito requisitos avaliados, falhando em superar a taxa Selic e em manter a alavancagem sob controle. No campo da avaliação por preço-teto, observa-se uma dispersão acentuada entre as metodologias, com modelos de fluxo de caixa descontado e Graham apontando para a casa dos 40 reais, enquanto o modelo de Bazin sugere um teto conservador de 8,04 reais. A média desses métodos resulta em 40,48 reais e, quando ajustada pela margem de segurança, estabelece um preço-teto de 36,48 reais, o que representa um potencial de valorização de 12,2% em relação à cotação atual de 32,51 reais. Como balanço final, o ativo apresenta como pontos positivos o seu robusto valor de mercado, o crescimento histórico consistente e um desconto relevante frente ao valor justo ajustado, enquanto os pontos negativos concentram-se na alavancagem financeira acima dos pares, na rentabilidade abaixo da média setorial e no fraco desempenho no checklist de qualidade.",,True,False,,,Em Baixa,39.20000076293945,-17.066332426531805,-38.29668799439351,False,False,False,sem sinal (Em Baixa; sem novo topo (-17.1%))
RADL3,BOVA11,BOVA11,Bens de primeira necessidade,45.2,44.35,50.0,,,0.0,,64.28,21.57,42.83,14.69,91,Não,6,8,False,,True,,False,False,True,False,True,True,5,10,True,True,True,False,True,True,True,False,False,True,True,1.08,True,30984060928.0,22.34,4.11,2.57,1.44,18.41,18.18,16.71,2.88,6.47,2.06,1.41,1.18,1.79,32.25,14.4,15.14,7.8,0.84,70.85,29.09,16.14,26.71,9.8,-33.7,-8.8,1.15,0.56,17.719999313354492,1.8274344873480908,3.389890974030708,10.509847399370948,8.771875608677494,11.037923359548488,7.59579665087521,8.337240934194046,13.664212169137302,9.986149353633914,9.64086150402422,8.6767753536218,6,True,7.5,-51.033997235639625,-43.644753156914874,n/d,n/d,,,,False,False,,,Em Baixa,20.549999237060547,-13.771289677725829,-34.67805181605216,False,False,False,sem sinal (Em Baixa; sem novo topo (-13.8%))
VALE3,BOVA11,BOVA11,Materiais,45.19,49.63,20.0,,,1.0,,50.75,37.61,43.6,86.71,92,Pivô de alta,4,8,False,,True,,False,False,False,True,False,False,2,10,True,False,True,False,False,True,True,False,False,True,True,0.41,True,306968166400.0,30.63,1.62,7.84,10.47,5.27,24.52,18.11,4.76,4.27,1.04,1.19,0.55,,320.58,-43.5,8.66,7.92,0.39,60.3,38.73,48.99,87.63,47.2,-17.7,-7.0,0.81,0.56,72.12999725341797,53.922977127069906,78.51185469701379,24.490759759567315,48.57090203295059,,43.333333333333336,6.290895707471276,90.86865922610053,,,,6,False,14.4,,,n/d,n/d,,,Pivô de alta,False,False,,,Lateral,74.56759643554688,-3.2689791526750667,-19.06352093871172,False,True,False,Pivô de alta
RANI3,SMALL11,SMALL11,Materiais,44.39,48.69,20.0,,,1.0,,50.26,43.9,37.05,76.92,93,Não,3,8,False,,True,,False,False,False,False,False,False,2,10,False,True,True,False,False,False,True,False,False,True,True,0.78,True,1777096960.0,13.85,1.25,5.17,9.01,9.03,25.63,11.69,7.65,5.01,2.42,2.1,1.38,,124.78,-70.2,5.44,4.4,0.56,63.24,36.76,7.0,9.51,10.4,-18.7,-4.8,0.65,0.47,7.730000019073486,4.974320244861882,7.242610276518901,5.804476548618358,8.812332207718292,,4.91387477971708,1.4909850475159792,8.02809859381139,6.629285441874316,6.52354341256863,5.871189071311767,6,True,5.9,-24.0467133657849,-14.239515840662332,n/d,n/d,,,,False,False,,,Em Baixa,8.384929656982422,-7.810794660197928,-20.33717335719042,False,False,False,sem sinal (Em Baixa; sem novo topo (-7.8%))
FESA4,SMALL11,SMALL11,Materiais,44.35,48.65,20.0,,,1.0,,29.79,54.69,72.18,71.33,94,Não,2,8,False,,True,,False,False,False,True,False,False,2,10,False,False,False,False,False,True,True,False,False,True,True,-0.12,True,1650285056.0,11.64,0.52,14.45,8.28,4.49,15.62,3.69,6.78,3.18,-3.62,3.61,0.12,71.53,96.38,-76.0,3.48,-1.74,1.53,26.31,73.65,4.8,8.69,1.5,-44.0,-25.9,1.1,0.55,4.869999885559082,2.8801544719185017,2.91876739194328,3.028528324320423,9.389490958724155,3.532186281513825,5.2339440222762645,1.1604803017156016,6.2530584197018175,,,,6,False,8.1,,,n/d,n/d,,,,False,False,,,Em Baixa,6.159999847412109,-20.941558341027754,-45.2808978169001,False,False,False,sem sinal (Em Baixa; sem novo topo (-20.9%))
PNVL3,SMALL11,SMALL11,Bens de primeira necessidade,44.21,39.66,70.0,,,0.0,,39.67,43.35,43.66,22.38,95,Pivô de alta,5,8,False,,True,,False,False,True,False,True,True,7,10,False,True,False,False,True,True,True,True,False,False,True,0.81,True,1684957056.0,12.18,1.27,2.95,2.49,10.45,8.49,9.66,2.33,5.46,2.55,1.75,1.07,1.67,30.31,19.0,7.72,5.04,0.9,66.54,33.46,8.82,16.07,28.0,-29.8,-7.4,1.33,0.68,11.279999732971191,2.004975678403014,3.7192298834375914,12.270935670104128,13.604257505496129,9.049122611001412,5.749779364209577,6.713465542877356,11.279999732971191,8.912398615728199,9.049122611001412,8.144210349901272,7,True,6.8,-27.799551926442657,-20.989372103640626,n/d,n/d,,,Pivô de alta,False,False,,,Lateral,12.4399995803833,-9.324757930388671,-30.77750287680422,False,True,False,Pivô de alta
QUAL3,SMALL11,SMALL11,Cuidados de saúde,43.99,49.99,10.0,,,0.2,,53.44,72.19,33.16,12.59,96,Não,4,8,False,,False,,False,False,False,False,True,False,1,10,True,False,True,False,True,False,False,True,False,False,True,0.61,True,458251808.0,18.08,0.35,0.54,1.25,1.96,0.44,22.61,1.09,1.5,2.0,0.92,1.37,11.91,22.56,32.0,3.31,4.68,0.47,66.78,32.76,1.39,2.71,16.5,-40.1,-7.8,1.87,0.55,1.6200000047683716,0.14436054106009338,0.16437345485633484,0.7287385368008594,3.0547314740536016,0.247790541879754,0.15469655969472307,0.3248548036305704,,,,,5,False,21.2,,,n/d,n/d,,,,False,False,,,Lateral,1.7200000286102295,-5.813954777818142,-42.261839794481524,False,False,False,sem sinal (Lateral)
FRAS3,SMALL11,SMALL11,Consumo discricionário,43.76,42.66,50.0,,,0.9,,56.1,17.32,49.68,31.47,97,Rompimento,5,8,False,,True,,False,False,True,False,True,True,5,10,True,False,True,False,True,True,True,False,False,True,True,0.48,True,6281639936.0,20.92,2.43,2.82,3.07,11.62,14.99,15.27,5.39,7.13,1.25,2.41,1.01,5.02,64.15,141.0,13.97,6.9,0.72,65.64,34.06,18.96,25.01,19.5,-9.4,6.7,0.79,0.52,22.649999618530273,4.961353030939897,7.35685346412471,11.467545131681149,15.068689400697174,7.8300151531522655,8.468061969726786,5.727075122766855,11.512533248749222,9.049015815229758,8.149038561439525,7.334134705295573,8,True,3.0,-67.61971378005933,-60.048494624138385,n/d,n/d,,,Rompimento,False,False,,,Em Alta,21.979999542236328,3.0482260702803243,-9.845536668738342,False,True,False,"Rompimento (vol x1.1, +3.0% do topo, MM50>MM200)"
AXIA3,BOVA11+Carteira,BOVA11,Serviços públicos,43.47,40.55,60.0,,,0.1,,44.08,23.92,50.97,45.45,98,Não,3,8,False,,True,,False,False,False,True,True,True,6,10,False,False,False,True,False,True,True,False,True,False,True,0.54,True,115668041728.0,12.18,1.2,2.97,4.28,9.86,5.35,3.25,27.05,14.86,2.95,2.05,0.63,2.58,52.09,9.7,8.72,3.03,0.39,57.63,42.34,40.32,67.15,26.0,-24.3,-8.1,1.36,0.64,50.79999923706055,15.517801478248773,24.527173356564134,47.087506252147215,63.029040760552846,37.539589168891716,26.84729141064202,23.526683994981852,20.485024761165914,32.32001389789931,25.687232383603074,23.11850914524277,8,True,4.1,-54.49112304636231,-36.3779244423283,2026-11-04,2025-11-17,última,"A análise fundamentalista da AXIA3 revela uma companhia de serviços públicos que opera com métricas de rentabilidade abaixo de seus pares, com um ROE de 9,9% e um ROIC de 3,2% que não superam a média do setor de 12,1% e 9,6%, respectivamente, e sequer batem a taxa Selic. Essa eficiência operacional mais tímida reflete-se em um crescimento histórico modesto, dado que o CAGR de receita de cinco anos de 9,7% situa-se bem abaixo dos 22,5% da média setorial. No entanto, a empresa demonstra solidez financeira ao conciliar essa rentabilidade moderada com um endividamento controlado, apresentando uma relação Dívida Líquida/EBITDA de 2,95 vezes que se posiciona abaixo do limite de segurança e da média setorial de 3,42 vezes, além de uma robusta liquidez corrente de 2,05. Sob a ótica de preço e qualidade, o papel não configura uma barganha evidente, pois os múltiplos de P/L em 12,18 e P/VP em 1,2 convivem com os retornos sobre o capital deprimidos, enquanto o PEG de 2,58 sinaliza que o preço atual está esticado frente ao crescimento entregue. Essa desconexão se reflete em um Dividend Yield de 2,97%, que se mostra sustentável pelo baixo endividamento e pela forte margem líquida de 27,05%, mas que permanece pouco atraente para o setor de utilidade pública. No checklist de critérios de investimento, a AXIA3 atendeu a apenas 3 dos 8 requisitos avaliados, penalizada principalmente pela ausência de sinal gráfico favorável, tendência de baixa e vendas de papéis por parte de iniciados. No campo do valuation, os métodos de preço-teto revelam uma enorme dispersão, variando desde os pessimistas R$ 15,52 pelo método de Bazin até os R$ 63,03 pela fórmula de Graham, que é a única métrica acima do preço atual de R$ 50,80. A média desses modelos resulta em R$ 32,32 e a mediana em R$ 25,69, o que gera um preço-teto ajustado com margem de segurança de R$ 23,12 e aponta para um expressivo upside negativo de 54,5% contra a cotação de tela. Em balanço, a AXIA3 traz como pontos positivos a sua excelente liquidez de curto prazo, a margem líquida elevada e o endividamento sob controle, mas peca pelo crescimento e rentabilidade abaixo da média do setor, pela tendência gráfica de baixa e por um preço atual que se mostra desalinhado com a maioria das métricas de valor justo.",,False,True,59.55,-14.69,Em Baixa,53.709999084472656,-5.417985285822469,-25.117921610666038,False,False,False,sem sinal (Em Baixa; sem novo topo (-5.4%))
USIM5,BOVA11+SMALL11,BOVA11,Materiais,43.29,47.4,20.0,,,1.0,P/L=-3.37<2,10.56,89.99,71.01,59.44,99,Não,4,8,False,,False,,False,False,False,True,True,False,2,10,False,False,False,False,True,True,True,True,False,False,True,-0.02,True,7607225856.0,-3.37,0.38,0.0,6.25,-11.18,-0.65,4.67,-9.36,3.09,-0.18,4.44,0.27,,,301.7,5.72,1.64,1.4,33.58,58.33,3.97,12.04,55.7,-48.7,-26.8,0.89,0.34,6.179999828338623,2.761057997297359,5.1217625849866,,,,,,10.003310268011175,5.962043616765044,5.1217625849866,4.60958632648794,3,True,3.6,-25.411222418639767,-3.5267996379891864,n/d,n/d,,,,False,False,,,Em Baixa,8.6899995803833,-28.883772994773448,-49.26108642450126,False,False,False,sem sinal (Em Baixa; sem novo topo (-28.9%))
SUZB3,BOVA11,BOVA11,Materiais,42.9,48.7,10.0,,,1.0,,53.74,61.61,30.18,30.77,100,Pivô de alta,5,8,False,,False,,False,False,True,False,False,False,1,10,True,True,False,True,False,False,True,True,True,True,False,1.68,False,53043318784.0,6.37,1.05,0.01,3.06,16.44,27.73,5.54,17.08,6.04,3.68,3.38,1.99,0.48,19.51,-64.0,5.91,3.15,0.57,73.83,26.09,39.68,58.97,8.5,-27.0,-0.8,0.39,0.25,43.06999969482422,9.423200962818255,17.480037786027864,89.58830391780546,78.99539263646503,110.17900312274763,22.457817635623254,74.29999808270868,26.067905208596454,,,,6,False,11.7,,,n/d,n/d,,,Pivô de alta,False,False,,,Lateral,43.099998474121094,-0.06960273865180833,-27.78814326204223,False,True,False,Pivô de alta
VAMO3,BOVA11+SMALL11,BOVA11,Bens Industriais,41.73,45.57,20.0,,,0.7,,52.86,54.17,27.23,27.97,101,Não,4,8,False,,True,,False,False,False,False,False,False,2,10,True,False,True,False,False,False,True,True,False,True,False,3.87,False,3310916864.0,10.56,1.01,4.56,2.93,9.57,14.8,15.52,5.1,3.8,3.09,1.67,4.84,1.6,30.91,-1.9,4.49,7.32,0.32,88.84,11.16,2.68,4.82,1.1,-43.8,-18.5,1.97,0.65,2.7100000381469727,0.5665845778424499,1.0510143918977444,3.400331487258274,3.9361161917167355,2.4479813135594153,2.6430783234844024,1.7521427823522477,8.36434176613229,,,,6,False,14.8,,,n/d,n/d,,,,False,False,,,Em Baixa,3.4200000762939453,-20.760234570414347,-45.14170026808093,False,False,False,sem sinal (Em Baixa; sem novo topo (-20.8%))
UNIP6,SMALL11,SMALL11,Materiais,40.09,43.63,20.0,,,1.0,,54.06,10.37,35.3,96.5,102,Não,4,8,False,,True,,False,False,True,False,False,False,2,10,False,True,True,False,False,False,True,True,False,True,True,1.25,True,6424971264.0,24.13,3.22,11.39,15.84,13.34,34.18,11.66,5.09,8.73,2.72,2.39,1.85,,382.12,-46.1,10.88,4.48,0.47,74.89,24.93,51.73,71.62,11.3,-19.6,-5.8,0.7,0.39,57.560001373291016,65.10794389445059,94.79716631032007,24.808289029516224,30.97458225448203,,30.036623802606314,6.372458857856503,22.876365590238773,,,,5,False,14.9,,,n/d,n/d,,,,False,False,,,Em Baixa,63.689998626708984,-9.624740753012517,-20.822023213260366,False,False,False,sem sinal (Em Baixa; sem novo topo (-9.6%))
AZZA3,BOVA11+SMALL11,BOVA11,Consumo discricionário,39.92,39.9,40.0,,,0.9,,26.46,59.76,46.4,37.76,103,Não,2,8,False,,True,,False,False,False,True,True,True,4,10,False,False,False,False,False,True,True,False,False,True,True,0.02,True,3109465088.0,9.77,0.39,16.14,3.53,4.03,11.4,5.88,2.85,3.7,2.18,2.26,0.49,3.7,34.51,21.9,3.22,3.32,0.93,48.36,51.64,14.87,31.78,3.4,-51.6,-20.6,1.26,0.49,15.380000114440918,3.8807710233357398,4.908480246462129,14.222068563235915,37.37386498761781,9.715504279104524,48.382554018741786,6.816794926929505,20.829419008208987,,,,5,False,12.5,,,n/d,n/d,,,,False,False,,,Em Baixa,17.149999618530273,-10.320697046412185,-52.89107795197398,False,False,False,sem sinal (Em Baixa; sem novo topo (-10.3%))
ENGI11,BOVA11,BOVA11,Serviços públicos,39.46,39.36,40.0,,,0.1,,43.75,38.95,23.82,51.75,104,Não,3,8,False,,True,,False,False,False,False,True,True,4,10,False,False,True,False,False,False,True,True,False,True,True,2.32,True,13565275136.0,14.5,1.13,2.6,5.38,7.78,17.19,10.25,4.13,5.63,4.32,1.56,1.99,8.48,78.01,7.9,18.36,4.83,0.34,74.62,23.0,40.66,57.51,8.9,-23.0,-10.2,1.3,0.85,44.290000915527344,17.02109026403254,19.72170905696585,25.279403625493376,51.90076096152366,21.658660954709433,23.393400841580537,11.443807150408066,115.9239665713579,,,,7,False,10.1,,,n/d,n/d,,,,False,False,,,Em Baixa,49.778621673583984,-11.026060130888048,-24.42095510650839,False,False,False,sem sinal (Em Baixa; sem novo topo (-11.0%))
EMBJ3,BOVA11,BOVA11,Bens Industriais,39.39,34.58,66.66666666666667,,,0.7,,46.86,10.47,50.2,8.39,105,Não,4,8,False,,False,,False,,True,True,True,False,6,9,False,False,False,False,True,True,True,True,False,False,True,0.14,True,71959207936.0,32.2,4.19,0.97,0.72,13.01,5.09,9.61,5.28,12.23,0.52,1.44,0.69,3.22,23.04,113.9,17.33,3.7,0.82,70.5,26.66,68.4,103.57,47.8,-2.4,25.1,0.84,0.38,101.08999633789062,5.167201278216045,9.585158371090763,41.597591660777965,41.282357697309266,33.67919469281945,13.26394942792739,28.144417199907306,41.07354625988775,,,,6,False,8.1,,,n/d,n/d,,,,False,False,,,Em Alta,101.29000091552734,-0.19745737568264143,-3.823330911937528,False,False,False,sem sinal (Em Alta)
SAUD3,SMALL11,SMALL11,Cuidados de saúde,39.19,35.52,60.0,,,0.2,,33.05,7.1,66.4,55.94,106,Não,3,8,False,,True,,False,False,False,True,False,True,6,10,False,False,False,False,False,True,True,True,True,True,True,-0.69,True,40694669312.0,38.34,2.16,0.96,6.04,5.63,39.67,4.59,9.86,20.76,-7.41,1.06,0.01,,231.73,-19.6,9.24,5.03,0.66,34.2,65.77,10.45,16.09,33.2,-13.5,-2.1,0.75,0.37,13.920000076293945,6.009446949050114,8.749754757816966,3.775899864200757,7.255670748495259,,14.516166036785778,0.9699083442383813,6.27511827698091,,,,6,False,15.0,,,n/d,n/d,,,,False,False,,,Em Baixa,16.09000015258789,-13.486638009415596,-15.530619374611254,False,False,False,sem sinal (Em Baixa; sem novo topo (-13.5%))
SMFT3,BOVA11+SMALL11,BOVA11,Consumo discricionário,38.56,38.3,40.0,,,0.9,,51.02,40.01,14.1,25.17,107,Não,1,8,False,,False,,False,False,True,False,False,False,4,10,False,False,False,False,False,False,True,False,True,False,False,1.82,False,10279651328.0,14.91,1.68,6.08,2.63,11.3,9.4,10.6,8.53,3.81,4.32,1.2,2.24,2.17,39.18,-6.3,8.14,5.98,0.3,73.66,26.34,16.61,26.03,0.8,-35.6,-11.5,1.25,0.6,16.75,3.144116175637761,5.832335505808047,14.88514419852448,15.874958836203769,10.672730306648685,13.038283510196841,7.853992934924732,,11.359574215384425,11.855506908422763,10.669956217580486,6,True,5.0,-36.29876885026575,-32.18164647531686,n/d,n/d,,,,False,False,,,Em Baixa,20.040000915527344,-16.417169487144058,-36.56212828975911,False,False,False,sem sinal (Em Baixa; sem novo topo (-16.4%))
HAPV3,BOVA11+SMALL11,BOVA11,Cuidados de saúde,38.51,35.5,55.55555555555556,,,0.2,P/L=-19.63<2,12.79,78.69,47.56,5.59,108,Não,2,8,False,,False,,False,,False,True,True,False,5,9,False,False,False,False,True,False,True,False,False,False,True,0.16,True,3116576768.0,-19.63,0.07,0.0,0.13,-0.36,-1.11,2.12,-1.35,4.24,3.32,1.79,0.34,,,3.5,4.31,1.21,0.45,33.25,66.74,6.41,41.71,2.3,-84.3,-41.0,1.5,0.34,6.559999942779541,0.06219963686172597,0.08583549886918183,,,,,,14.087499876931174,,,,2,False,226.5,,,n/d,n/d,,,,False,False,,,Em Baixa,11.90999984741211,-44.92023487133003,-84.62259735995407,False,False,False,sem sinal (Em Baixa; sem novo topo (-44.9%))
RAIL3,BOVA11,BOVA11,Bens Industriais,38.38,36.33,50.0,,,0.7,,51.94,28.1,22.99,13.29,109,Não,2,8,False,,False,,False,False,False,False,True,True,5,10,False,False,False,False,True,False,True,False,True,False,False,1.64,False,25518108672.0,20.09,1.7,0.82,1.31,8.48,1.9,12.06,8.53,5.75,3.16,1.31,2.01,3.22,26.32,56.8,11.03,7.07,0.25,73.88,25.74,12.33,17.04,11.5,-19.3,-5.1,1.14,0.58,13.75,1.2865707775547484,2.386588792364058,9.068566450970632,11.160394031068222,5.1730307032885205,7.708641131087119,4.516443590631583,11.259497837931427,,,,6,False,8.8,,,n/d,n/d,,,,False,False,,,Em Baixa,14.279999732971191,-3.7114827932907546,-20.65170715610859,False,False,False,sem sinal (Em Baixa; sem novo topo (-3.7%))
SLCE3,BOVA11+SMALL11,BOVA11,Bens de primeira necessidade,37.85,42.77,10.0,,,0.0,,43.9,36.07,37.12,65.73,110,Rompimento,1,8,False,,True,,False,False,False,False,False,False,1,10,False,False,False,False,False,False,True,False,False,True,True,1.92,True,7112141312.0,17.64,1.26,5.86,7.05,7.16,17.38,10.84,3.82,6.04,4.66,2.2,1.77,,124.35,-50.4,12.77,5.78,0.63,73.5,23.57,12.62,19.32,13.5,-25.8,-7.0,0.46,0.35,14.329999923706055,7.215672076541536,10.506018543444476,8.448526032116948,14.417929054499394,,7.8543553883163,2.170157098909161,8.311923903869564,9.459070833131369,8.380224967993257,7.5422024711939315,6,True,6.6,-47.367742419056825,-33.99113130849868,n/d,n/d,,,Rompimento,False,False,,,Lateral,13.739999771118164,4.294033205357728,-26.43737032623691,False,True,False,"Rompimento (vol x1.4, +4.3% do topo, MM50>MM200)"
YDUQ3,BOVA11+SMALL11,BOVA11,Consumo discricionário,37.25,36.77,40.0,,,0.9,,36.16,46.41,25.25,38.46,111,Não,1,8,False,,False,,False,False,False,False,True,False,4,10,False,False,False,False,False,False,True,False,False,False,False,1.48,True,1885465344.0,17.7,0.69,7.76,3.6,3.89,5.03,11.35,2.04,3.65,3.14,1.61,1.72,12.54,63.73,1.0,3.5,7.39,0.4,70.08,29.69,7.32,14.76,1.2,-49.8,-21.3,1.59,0.61,7.409999847412109,1.9056033314654752,2.1491012480552545,3.372417000843271,10.057690786396593,2.0979906882234367,5.936507820876034,1.4896960994929334,15.971692510819034,,,,6,False,10.7,,,n/d,n/d,,,,False,False,,,Em Baixa,8.380000114440918,-11.575182026038956,-51.53695313342514,False,False,False,sem sinal (Em Baixa; sem novo topo (-11.6%))
TIMS3,BOVA11,BOVA11,Comunicação,37.05,31.23,70.0,,,0.4,,31.57,7.36,38.18,75.52,112,Não,3,8,False,,True,,False,False,False,True,True,True,7,10,False,False,False,True,True,False,True,False,True,True,True,0.49,True,43975397376.0,3142.56,1.72,8.18,8.95,0.05,11.85,0.76,15.78,109.41,1.05,0.85,0.66,1257.02,28126.24,2.5,8.65,7.75,0.43,57.89,42.11,17.94,27.96,2.6,-34.2,-19.4,0.77,0.47,18.40999984741211,11.769387637734782,14.686148921869053,,,,30.75,,0.713193868786202,,,,3,False,43.1,,,n/d,n/d,,,,False,False,,,Em Baixa,20.25,-9.086420506606864,-35.060886194127136,False,False,False,sem sinal (Em Baixa; sem novo topo (-9.1%))
CBAV3,SMALL11,SMALL11,Materiais,36.96,38.19,30.0,,,1.0,,40.78,36.21,38.89,30.07,113,Rompimento,5,8,False,,False,,False,False,True,True,True,False,3,10,False,True,False,False,True,True,True,True,False,False,True,0.57,True,7265971200.0,12.14,1.43,0.4,3.04,11.81,-1.32,6.25,6.41,6.51,1.95,2.06,0.89,1.63,36.94,28.1,9.54,3.49,0.48,67.68,30.73,2.83,11.16,294.6,0.0,4.0,0.31,0.14,11.15999984741211,2.425567290504904,4.499427323886597,12.180395220610414,12.70509993997989,9.643400671616067,0.7924603638514394,6.759107346746861,7.734951691600828,,,,6,False,16.0,,,n/d,n/d,,,Rompimento,False,False,,,Em Alta,11.149999618530273,0.08968815447505385,-0.17889496616929623,False,True,False,"Rompimento (vol x0.9, +0.1% do topo, MM50>MM200)"
POSI3,SMALL11,SMALL11,Tecnologia de informação,36.19,37.28,30.0,,,0.5,,22.0,50.7,41.01,65.03,114,Não,0,8,False,,True,,False,False,False,True,True,False,3,10,False,False,False,False,False,False,False,False,False,True,True,0.47,True,459722848.0,38.22,0.31,5.34,6.89,0.8,10.68,6.93,0.27,3.73,2.39,1.82,0.78,3.32,263.36,11.5,1.97,3.74,0.97,64.77,35.23,3.28,4.72,1.2,-29.7,-16.3,1.08,0.49,3.319999933242798,1.6340399391128915,3.0311440870544137,1.1509680563963125,4.575126912461194,1.5975028356847893,0.5791270837062977,0.8599685855338487,8.86960865940003,,,,5,False,15.3,,,n/d,n/d,,,,False,False,,,Em Baixa,3.5999999046325684,-7.777777189089907,-30.83333747254461,False,False,False,sem sinal (Em Baixa; sem novo topo (-7.8%))
BRAP4,BOVA11+SMALL11,BOVA11,Basic Materials,35.71,36.13,33.333333333333336,,,1.0,DY5a=24.2%>=20,16.34,40.89,74.72,,115,Não,5,7,False,,True,,False,False,False,True,True,False,3,9,False,True,True,False,True,,True,True,False,True,True,,True,7944482304.0,13.62,0.99,11.64,24.24,7.26,23.82,-0.47,0.0,-207.04,,5.99,0.0,1.88,330.09,73.9,2.7,-0.76,,4.4,95.6,13.96,25.49,44.7,-20.7,-10.4,0.88,0.62,20.209999084472656,34.98623228836362,64.89946089491451,19.66097561448331,26.106665328228246,44.515416485622595,15.342069641277186,10.735422630942242,,30.89232041197596,26.106665328228246,23.495998795405423,7,True,6.0,16.259276891592744,52.85661460376083,n/d,n/d,,,,False,False,,,Em Baixa,22.0,-8.136367797851562,-21.147094240216248,False,False,False,sem sinal (Em Baixa; sem novo topo (-8.1%))
ARML3,SMALL11,SMALL11,Bens Industriais,35.57,36.55,30.0,,,0.7,,34.34,39.72,30.67,50.35,116,Não,2,8,False,,True,,False,False,False,False,True,False,3,10,False,False,False,False,False,False,True,True,False,True,False,1.69,False,1101815680.0,17.61,0.79,17.45,4.78,4.51,11.22,9.85,2.66,4.62,3.3,2.16,2.35,24.68,84.18,2.5,2.86,4.91,0.54,75.09,23.96,2.71,6.17,17.5,-48.5,-17.1,1.77,0.54,3.180000066757202,1.085785734639046,1.152258876657667,1.3688178767965273,4.044130529236429,0.9920499119087944,2.309726288533959,0.5633941378188971,4.764836607171012,,,,6,False,8.5,,,n/d,n/d,,,,False,False,,,Em Baixa,3.549999952316284,-10.422532127575568,-49.52380999235698,False,False,False,sem sinal (Em Baixa; sem novo topo (-10.4%))
SIMH3,SMALL11,SMALL11,Industrials,35.09,37.75,20.0,,,0.7,P/L=-19.05<2,27.43,80.76,17.33,17.48,117,Não,5,8,False,,False,,False,False,False,False,True,False,2,10,False,True,True,False,True,False,True,True,False,False,False,7.83,False,3473367808.0,-19.05,0.59,2.88,2.24,-3.1,-1.12,11.25,-0.4,3.74,3.53,1.28,6.05,,,8.8,2.17,6.03,0.36,91.64,5.09,5.95,14.3,0.0,-58.4,-32.9,2.35,0.7,5.949999809265137,0.9532843207250489,1.7683424149449658,,,,,,47.48105029161579,,,,2,False,49.8,,,n/d,n/d,,,,False,False,,,Em Baixa,7.880000114440918,-24.492389303889162,-59.27249821026652,False,False,False,sem sinal (Em Baixa; sem novo topo (-24.5%))
NATU3,BOVA11+SMALL11,BOVA11,Bens de primeira necessidade,34.6,38.5,12.5,,,0.0,P/L=-3.88<2,25.22,63.96,54.55,2.45,118,Não,2,8,False,,False,,,,False,True,False,False,1,8,False,False,False,False,False,True,True,False,False,True,True,0.35,True,10450823168.0,-3.88,0.82,0.0,0.0,-21.11,16.34,10.18,-12.47,4.61,2.58,1.68,0.54,,,-88.9,7.96,2.55,0.77,55.1,44.9,7.2,10.7,5.7,-28.9,-17.1,1.1,0.4,7.610000133514404,,,,,,,,10.789392882123938,10.789392882123938,10.789392882123938,9.710453593911545,1,True,1.0,27.60122764185975,41.77914182428859,n/d,n/d,,,,False,False,,,Em Baixa,8.5,-10.47058666453642,-31.748875391284457,False,False,False,sem sinal (Em Baixa; sem novo topo (-10.5%))
JSLG3,SMALL11,SMALL11,Bens Industriais,34.36,36.89,20.0,,,0.7,P/L=-13.55<2,22.03,58.61,14.76,93.71,119,Não,1,8,False,,True,,False,False,False,False,False,False,2,10,False,False,False,False,False,False,True,False,False,True,False,5.26,False,1478210944.0,-13.55,1.2,38.68,13.87,-8.83,13.19,9.68,-1.07,4.17,4.15,1.38,6.52,,,-44.0,2.89,4.78,0.43,89.08,10.92,3.81,8.64,35.9,-40.0,-18.1,2.13,0.63,5.179999828338623,5.131048438699425,7.4708065267463635,,,,,,,6.300927482722894,6.300927482722894,5.670834734450605,2,True,1.5,9.475577652082801,21.63953072453644,n/d,n/d,,,,False,False,,,Em Baixa,5.760000228881836,-10.06945099819564,-41.26984118402671,False,False,False,sem sinal (Em Baixa; sem novo topo (-10.1%))
RAPT4,SMALL11,SMALL11,Bens Industriais,34.06,40.07,0.0,,,0.7,P/L=-4.63<2,20.01,81.49,30.05,46.85,120,Não,1,8,False,,False,,False,False,False,False,False,False,0,10,False,False,False,False,False,False,True,False,False,False,False,1.92,False,1628371968.0,-4.63,0.53,0.0,4.31,-11.45,8.95,9.51,-2.23,3.81,3.38,2.07,2.19,,,-3.4,3.66,4.72,0.76,74.66,17.25,4.35,6.9,7.4,-32.3,-6.5,1.34,0.58,4.670000076293945,1.4361070944798833,2.09097192956271,,,,,,20.738486192634763,,,,2,False,14.4,,,n/d,n/d,,,,False,False,,,Em Baixa,5.139999866485596,-9.143965027240487,-33.47578220822746,False,False,False,sem sinal (Em Baixa; sem novo topo (-9.1%))
CSNA3,BOVA11+SMALL11,BOVA11,Materiais,33.91,38.13,10.0,,,1.0,P/L=-2.29<2,15.97,79.09,8.31,95.1,121,Não,2,8,False,,False,,False,False,False,False,True,False,1,10,False,False,False,False,False,False,True,True,False,False,False,3.31,False,5874595840.0,-2.29,0.49,0.0,15.41,-21.59,-7.63,8.07,-5.82,4.19,5.46,1.15,3.57,,,5.7,-3.35,2.17,0.39,84.35,12.8,4.28,10.89,3.5,-59.3,-23.2,1.61,0.52,4.429999828338623,4.876474208476662,8.694224739402124,,,,,,,6.785349473939393,6.785349473939393,6.106814526545453,2,True,1.8,37.851349056049145,53.1681656178324,n/d,n/d,,,,False,False,,,Em Baixa,5.639999866485596,-21.45390189345784,-60.86572484304812,False,False,False,sem sinal (Em Baixa; sem novo topo (-21.5%))
AUAU3,SMALL11,SMALL11,Consumo discricionário,33.89,33.99,33.333333333333336,,,0.9,,32.51,52.73,25.62,10.49,122,Pivô de alta,1,8,False,,,,,,False,True,False,,1,3,False,False,False,False,False,False,True,False,False,False,False,0.77,True,2797579776.0,14.04,0.85,0.96,0.92,6.04,,7.01,3.33,2.9,3.87,1.19,0.74,2.67,12.91,-18.6,9.59,4.03,,,,2.8,3.87,15.9,-15.9,-2.9,0.88,0.42,3.25,0.21350734706154179,0.35999460142475986,2.7878626998763196,4.462534670596354,1.4305053994943888,0.5243885739742407,1.3837387971120714,,,,,3,False,20.9,,,n/d,n/d,,,Pivô de alta,False,False,,,Lateral,3.680000066757202,-11.684784210781718,-19.42566513909647,False,True,False,Pivô de alta
CASH3,SMALL11,SMALL11,Comunicação,33.69,29.83,55.55555555555556,,,0.4,P/L=-5.09<2,1.34,48.97,83.71,2.45,123,Não,2,8,False,,False,,False,,False,True,True,False,5,9,False,False,False,False,True,True,False,False,False,False,True,-0.26,True,569904704.0,-5.09,1.19,0.0,0.0,-23.45,-3.01,-16.62,-20.31,-7.72,-1.12,2.68,0.0,,,18.2,5.85,9.61,1.74,18.27,80.69,3.24,5.5,55.2,-8.5,17.3,0.95,0.32,5.03000020980835,,,,,,,,,,,,0,True,,,,n/d,n/d,,,,False,False,,,Em Alta,5.460000038146973,-7.875454676453764,-12.521735481593922,False,False,False,sem sinal (Em Alta)
MYPK3,SMALL11,SMALL11,Consumo discricionário,33.12,35.43,20.0,,,0.9,,25.82,51.47,28.53,52.45,124,Não,1,8,False,,True,,False,False,False,False,True,False,2,10,False,False,False,False,False,False,True,False,False,False,True,0.95,True,1347927936.0,15.18,0.34,3.4,5.42,2.23,4.01,8.93,0.6,3.5,2.9,1.73,1.23,38.49,82.31,0.1,3.88,3.75,0.65,66.29,30.03,8.74,13.84,3.0,-35.0,-3.3,0.81,0.49,9.0,3.4859171925550805,3.601112684313325,4.374841741990184,18.791369149750746,3.4487744321793716,7.742963447511252,1.7308304424311276,20.061151541174013,,,,6,False,11.6,,,n/d,n/d,,,,False,False,,,Em Baixa,9.710000038146973,-7.312049797710063,-35.84604048816145,False,False,False,sem sinal (Em Baixa; sem novo topo (-7.3%))
DESK3,SMALL11,SMALL11,Comunicação,32.39,32.81,30.0,,,0.4,,41.53,25.16,35.32,7.69,125,Não,3,8,False,,True,,False,False,False,False,False,True,3,10,False,True,True,False,False,False,True,False,False,False,True,0.92,True,2200419840.0,39.27,1.53,0.77,0.44,3.91,6.21,11.53,4.95,5.25,2.2,1.41,1.21,12.12,17.13,-50.8,11.14,6.66,0.32,62.73,36.49,7.73,18.93,144.8,0.0,4.9,0.71,0.21,18.93000030517578,0.5897214757561152,0.7921826584420049,4.625301755401983,11.58419111796721,1.7722310746580623,0.6741814780784965,2.269578470399897,18.93000030517578,,,,3,False,32.1,,,n/d,n/d,,,,False,False,,,Em Alta,18.93000030517578,0.0,-1.3548734843461752,False,False,False,sem sinal (Em Alta)
TTEN3,SMALL11,SMALL11,Bens de primeira necessidade,30.92,27.55,50.0,,,0.0,,29.89,32.05,24.87,11.19,126,Não,2,8,False,,True,,False,True,True,False,False,True,5,10,False,True,False,False,False,False,True,False,False,True,False,0.75,True,5324686336.0,9.02,1.06,1.71,0.95,11.76,18.41,4.0,3.19,16.82,7.5,1.36,1.03,0.84,8.57,-37.7,5.29,1.74,0.97,64.13,35.82,9.93,17.74,7.2,-40.0,-28.4,0.77,0.36,10.640000343322754,0.722035668726253,1.3393761654871994,15.62971225598963,16.322125004793516,13.804023557009446,1.6861541150014354,11.123609378479397,,,,,4,False,22.6,,,n/d,n/d,,,,False,False,,,Em Baixa,12.800000190734863,-16.874998556450027,-40.55865603310902,False,False,False,sem sinal (Em Baixa; sem novo topo (-16.9%))
PRNR3,SMALL11,SMALL11,Bens Industriais,30.49,32.34,20.0,,,0.7,,39.27,26.03,33.1,15.38,127,Não,3,8,False,,False,,False,False,False,False,True,False,2,10,False,False,False,False,True,True,True,False,False,False,True,1.2,True,943468416.0,21.13,1.94,0.0,1.69,9.17,4.0,10.43,2.06,5.54,2.34,1.85,1.75,3.58,35.61,27.8,4.73,6.02,0.64,70.26,25.54,14.63,21.97,13.1,-24.7,-11.6,1.11,0.59,16.549999237060547,1.9924511162852612,3.648971194250656,10.24597295781077,12.261359433140312,5.944590482272133,5.003407890890414,4.999191828055338,15.207376071241637,7.017248964403271,5.473999186581274,4.926599267923147,6,True,7.6,-70.2320272203338,-57.59970218796453,n/d,n/d,,,,False,False,,,Em Baixa,19.700000762939453,-15.989854842060891,-25.079225338431343,False,False,False,sem sinal (Em Baixa; sem novo topo (-16.0%))
LWSA3,SMALL11,SMALL11,Tecnologia de informação,29.92,31.67,20.0,,,0.5,P/L=-10.99<2,12.81,52.72,48.95,29.37,128,Não,1,7,False,,False,,False,False,False,True,True,False,2,10,False,False,False,False,False,,True,False,False,False,True,,True,2160193792.0,-10.99,0.92,7.92,2.95,-8.41,-2.3,5.89,-14.56,5.73,,1.14,0.03,,,47.1,10.42,-4.0,1.15,32.17,67.83,3.38,4.67,13.8,-17.5,1.3,1.35,0.54,3.8499999046325684,0.81066513380383,1.5037838232061045,,,,,,,1.1572244785049672,1.1572244785049672,1.0415020306544704,2,True,1.9,-72.94799853368131,-69.94222059297923,n/d,n/d,,,,False,False,,,Em Baixa,3.985694169998169,-3.4045328010117504,-18.963762130904815,False,False,False,sem sinal (Em Baixa; sem novo topo (-3.4%))
DXCO3,SMALL11,SMALL11,Materiais,29.86,33.37,10.0,,,1.0,P/L=-125.89<2,14.81,69.68,28.23,36.36,129,Não,2,8,False,,True,,False,False,False,False,False,False,1,10,False,False,False,False,False,False,True,True,False,False,False,0.88,True,4521196032.0,-125.89,0.66,0.0,3.44,-0.52,6.92,4.35,-0.11,4.64,3.22,1.98,1.18,,,-53.0,8.03,2.37,0.51,62.06,36.03,4.44,6.09,12.2,-18.2,-1.2,1.17,0.61,4.980000019073486,1.2223362547942747,1.7797215869804641,,,,,,6.630765518290751,1.5010289208873693,1.5010289208873693,1.3509260287986324,2,True,5.4,-72.87297141316141,-69.8588571257349,n/d,n/d,,,,False,False,,,Em Baixa,5.289999961853027,-5.86011238213604,-19.9356883110113,False,False,False,sem sinal (Em Baixa; sem novo topo (-5.9%))
BRAV3,BOVA11+SMALL11,BOVA11,Energia,29.6,28.94,33.333333333333336,,,0.9,,23.13,53.7,19.59,11.89,130,Não,1,8,False,,False,,False,,False,False,False,True,3,9,False,False,False,False,False,False,True,False,False,False,False,1.17,True,8640501760.0,159.87,0.71,0.66,1.08,0.44,3.55,8.3,0.44,3.24,3.05,1.26,1.55,,172.37,-17.3,4.86,3.71,0.27,72.43,27.57,13.35,21.64,39.3,-14.0,-5.0,0.52,0.24,18.600000381469727,1.4324439460631906,2.085638385468006,,,,1.6666666666666667,,13.786242458680258,,,,3,False,9.6,,,n/d,n/d,,,,False,False,,,Em Baixa,20.850000381469727,-10.791366709036943,-16.00815783058107,False,False,False,sem sinal (Em Baixa; sem novo topo (-10.8%))
LJQQ3,SMALL11,SMALL11,Consumo discricionário,29.56,32.82,11.11111111111111,,,0.9,P/L=-0.97<2,6.97,90.58,12.83,44.76,131,Não,0,8,False,,False,,False,,False,False,True,False,1,9,False,False,False,False,False,False,False,False,False,False,False,4.22,False,217263120.0,-0.97,0.65,0.0,4.1,-67.62,-9.94,2.03,-6.88,0.73,32.27,1.77,7.9,,,8.8,15.0,0.02,0.82,89.26,10.74,0.96,2.83,9.4,-62.9,-29.5,2.11,0.58,1.0499999523162842,0.3074142751723244,0.5702534804446617,,,,,,,0.43883387780849303,0.43883387780849303,0.39495049002764376,2,True,1.9,-62.38566590823277,-58.20629545359197,n/d,n/d,,,,False,False,,,Em Baixa,1.309999942779541,-19.847328383205287,-63.414634348957755,False,False,False,sem sinal (Em Baixa; sem novo topo (-19.8%))
BRKM5,BOVA11+SMALL11,BOVA11,Materiais,29.45,30.24,25.0,,,1.0,P/L=-0.73<2,38.62,16.92,2.27,81.82,132,Não,5,8,False,,False,,False,,True,,True,False,2,8,True,True,False,False,True,False,True,True,False,False,False,,True,4072508672.0,-0.73,-0.32,0.0,9.77,44.02,-59.65,1.85,-7.85,8.27,7.47,0.77,,,,21.6,-6.06,3.46,0.31,120.15,-19.72,4.93,12.7,3.7,-59.8,-38.2,0.92,0.22,5.110000133514404,3.565583494685408,6.614157382641432,,,,,,,5.08987043866342,5.08987043866342,4.580883394797078,2,True,1.9,-10.35453473370902,-0.3939274818989147,n/d,n/d,,,,False,False,,,Em Baixa,6.050000190734863,-15.537190538605284,-62.9172697203485,False,False,False,sem sinal (Em Baixa; sem novo topo (-15.5%))
DASA3,SMALL11,SMALL11,Cuidados de saúde,28.76,33.84,0.0,,,0.2,P/L=-3.07<2,17.99,79.82,24.42,9.09,133,Não,2,8,False,,False,,False,,False,False,False,False,0,9,False,False,False,False,False,False,True,True,False,False,True,0.93,True,2674629120.0,-3.07,0.4,0.0,0.76,-13.13,-13.32,7.28,-9.6,3.84,4.61,1.27,1.07,,,-9.8,9.39,2.3,0.48,62.87,36.98,1.24,4.6,72.6,-53.5,-26.6,2.01,0.41,2.140000104904175,0.11543896089979142,0.1680791270700963,,,,,,,0.14175904398494388,0.14175904398494388,0.12758313958644948,2,True,1.5,-94.03817133961483,-93.37574593290539,n/d,n/d,,,,False,False,,,Em Baixa,2.9000000953674316,-26.206895361048755,-55.136265965172896,False,False,False,sem sinal (Em Baixa; sem novo topo (-26.2%))
MRVE3,BOVA11+SMALL11,BOVA11,Consumo discricionário,28.59,31.67,11.11111111111111,,,0.9,P/L=-4.65<2,15.73,67.49,25.68,25.87,134,Não,1,8,False,,False,,False,,False,False,True,False,1,9,False,False,False,False,False,False,True,False,False,False,False,1.18,True,2746632192.0,-4.65,0.59,0.0,2.67,-12.58,-7.71,6.84,-4.93,5.23,3.03,1.89,1.69,,,10.7,2.73,3.75,0.89,78.42,18.67,4.2,10.43,16.2,-53.2,-17.2,1.49,0.53,4.880000114440918,0.9294141090235659,1.7240631722387145,,,,,,2.6817902394307773,1.7784225068976862,1.7240631722387145,1.551656855014843,3,True,2.9,-68.20375371666132,-63.55691669688757,n/d,n/d,,,,False,False,,,Em Baixa,4.860000133514404,0.4115222299809096,-53.65621806085312,False,False,False,sem sinal (Em Baixa; sem novo topo (+0.4%))
EQTL3,BOVA11,BOVA11,Serviços públicos,27.19,26.69,30.0,,,0.1,,31.24,20.81,21.09,32.17,135,Não,1,8,False,,True,,False,False,False,False,False,True,3,10,False,False,False,False,False,False,True,False,False,False,True,2.15,True,43756888064.0,45.33,1.66,4.58,3.15,3.67,8.85,9.18,1.75,7.73,4.81,1.57,2.27,,142.94,-54.9,21.11,4.62,0.33,74.15,23.5,33.29,45.35,4.6,-23.2,-12.3,1.2,0.82,34.83000183105469,7.844905406969815,11.422182272548051,7.990999758283008,19.045740064286175,,6.267048420977274,2.0526331796688497,35.06851514463714,,,,5,False,17.1,,,n/d,n/d,,,,False,False,,,Em Baixa,39.209999084472656,-11.170612995888762,-24.80569503339919,False,False,False,sem sinal (Em Baixa; sem novo topo (-11.2%))
HBOR3,SMALL11,SMALL11,Imobiliário,26.8,28.0,20.0,,,0.8,,15.69,35.74,38.69,42.66,136,Não,1,8,False,,True,,False,False,False,True,False,False,2,10,False,False,False,False,False,False,False,True,False,False,False,1.18,True,240175440.0,53.16,0.17,7.36,3.93,0.31,3.0,2.16,0.48,13.2,13.24,2.34,0.7,,208.86,-74.5,1.95,1.15,0.81,57.57,22.01,1.68,4.23,7.7,-57.3,-17.4,1.6,0.41,1.809999942779541,0.5079613627333552,0.7395917441397654,0.35410081649562125,2.8559649509132106,,0.35220099370975094,0.0909572152262104,,,,,4,False,31.4,,,n/d,n/d,,,,False,False,,,Em Baixa,2.009999990463257,-9.950251175753522,-57.45614462412494,False,False,False,sem sinal (Em Baixa; sem novo topo (-10.0%))
CAML3,SMALL11,SMALL11,Bens de primeira necessidade,26.29,29.16,10.0,,,0.0,,22.89,36.03,25.5,47.55,137,Não,1,8,False,,True,,False,False,False,False,False,False,1,10,False,False,False,False,False,False,True,False,False,False,False,1.5,True,1562106240.0,14.73,0.54,6.32,4.34,3.69,8.66,5.74,0.99,7.75,5.55,1.87,1.99,11.08,63.97,-58.5,4.39,3.09,0.76,72.01,27.99,4.05,7.23,13.1,-36.6,-15.9,1.35,0.56,4.579999923706055,1.4206544106969834,1.5906097188453128,2.486622597007369,7.702974789485872,1.7636704791754936,1.7846803054344906,1.090492658041811,,1.6894550282002434,1.677140099010403,1.5094260891093627,6,True,7.1,-67.04309794206368,-63.11233501433846,n/d,n/d,,,,False,False,,,Em Baixa,4.809999942779541,-4.781705235126821,-37.30185674610528,False,False,False,sem sinal (Em Baixa; sem novo topo (-4.8%))
GFSA3,SMALL11,SMALL11,Consumo discricionário,26.28,30.92,0.0,,,0.9,P/L=-0.05<2,0.67,100.0,26.85,2.45,138,Não,1,7,False,,False,,False,,False,False,False,False,0,9,False,False,False,False,False,,False,True,False,False,True,,True,33047134.0,-0.05,0.02,0.0,0.0,-39.87,-13.41,-6.27,-124.06,-5.67,,1.31,1.06,,,-55.9,0.7,-4.96,0.96,67.49,32.51,0.2,14.41,5.0,-98.5,-79.3,1.07,0.23,0.20999999344348907,,,,,,,,,,,,0,True,,,,n/d,n/d,,,,False,False,,,Em Baixa,0.30000001192092896,-30.000004967053528,-98.59060403476572,False,False,False,sem sinal (Em Baixa; sem novo topo (-30.0%))
CVCB3,SMALL11,SMALL11,Consumo discricionário,26.19,22.97,44.44444444444444,,,0.9,P/L=-5.70<2,11.7,53.43,20.53,2.45,139,Pivô de alta,2,8,False,,False,,False,,False,False,True,False,4,9,False,False,False,False,False,True,True,False,False,False,True,0.79,True,775989888.0,-5.7,2.33,0.0,0.0,-40.86,-60.02,5.9,-7.1,2.44,1.29,0.73,1.4,,,0.5,10.28,4.37,0.67,87.19,12.81,1.12,2.72,33.0,-45.2,-9.1,1.09,0.28,1.4900000095367432,,,,,,,,3.8172368574587714,3.8172368574587714,3.8172368574587714,3.4355131717128944,1,True,1.0,130.5713523304629,156.19039147829204,n/d,n/d,,,Pivô de alta,False,False,,,Lateral,1.5499999523162842,-3.8709641693780994,-46.59498100684082,False,True,False,Pivô de alta
RCSL4,SMALL11,SMALL11,Bens Industriais,26.1,28.18,14.285714285714286,,,0.7,P/L=-4.75<2,38.48,,17.85,2.45,140,Pivô de alta,2,6,False,,False,,False,,True,,,False,1,7,True,True,False,False,,,False,False,False,True,True,,True,76373512.0,-4.75,-4.78,0.0,0.0,100.56,,-2.72,0.0,-82.98,,1.22,,,,,,-14.18,0.2,170.21,-69.4,0.26,2.7,130.8,-77.8,1.0,0.19,0.02,0.6000000238418579,,,,,,,,,,,,0,True,,,,n/d,n/d,,,Pivô de alta,False,False,,,Em Alta,0.7799999713897705,-23.076917198752767,-78.35888131338409,False,True,False,Pivô de alta
ORVR3,SMALL11,SMALL11,Bens Industriais,25.91,20.68,55.55555555555556,,,0.7,,23.08,8.26,39.91,2.45,141,Não,2,8,False,,False,,False,,False,True,True,False,5,9,False,False,False,False,True,False,True,False,False,False,False,0.28,True,8612967424.0,169.96,1.76,0.0,0.0,1.04,-2.35,3.71,3.35,19.64,4.88,2.38,0.74,163.42,,135.8,13.96,2.86,0.49,63.86,33.58,12.9,20.97,21.6,-25.2,-17.1,1.1,0.64,15.680000305175781,,,,,,,,0.4203273135671198,0.4203273135671198,0.4203273135671198,0.3782945822104078,1,True,1.0,-97.5874070481648,-97.31934116462756,n/d,n/d,,,,False,False,,,Em Baixa,17.8799991607666,-12.304244736309577,-26.124852657882414,False,False,False,sem sinal (Em Baixa; sem novo topo (-12.3%))
MGLU3,BOVA11+SMALL11,BOVA11,Consumo discricionário,25.31,27.81,11.11111111111111,,,0.9,,19.97,50.76,20.53,20.28,142,Não,1,8,False,,False,,False,,False,True,False,False,1,9,False,False,False,False,False,False,True,False,False,False,False,0.6,True,3141416704.0,37.52,0.3,1.9,2.34,0.79,-2.27,6.07,0.23,2.33,4.81,1.1,0.76,384.22,87.64,-2.6,5.0,1.83,0.75,70.25,29.75,3.91,11.0,3.6,-63.2,-34.6,1.9,0.57,4.050000190734863,0.6757110339903875,0.6811218472913031,0.7771913855616998,5.726038457300458,0.2626718667447667,0.4176741577103458,0.29498620549076354,,,,,5,False,21.8,,,n/d,n/d,,,,False,False,,,Em Baixa,5.159999847412109,-21.51162188956155,-64.61260479579221,False,False,False,sem sinal (Em Baixa; sem novo topo (-21.5%))
CSAN3,BOVA11+SMALL11,BOVA11,Consumo discricionário,24.81,27.42,10.0,,,0.9,P/L=-1.40<2,16.86,36.68,41.44,23.78,143,Não,2,8,False,,False,,False,False,False,False,True,False,1,10,False,False,False,False,False,True,True,False,False,False,True,1.38,True,13371403264.0,-1.4,2.5,0.0,2.53,-1.79,-64.7,8.59,-22.18,4.51,0.5,1.67,1.1,,,26.5,5.33,5.56,0.41,77.05,3.93,3.13,8.0,8.3,-57.6,-20.3,1.88,0.64,3.390000104904175,0.6131007518088882,1.1373018946054876,,,,,,3.1616059267600667,0.8752013232071879,0.8752013232071879,0.7876811908864692,2,True,5.2,-76.76456735954189,-74.18285262171321,n/d,n/d,,,,False,False,,,Em Baixa,4.099999904632568,-17.31706868885945,-57.783309867560405,False,False,False,sem sinal (Em Baixa; sem novo topo (-17.3%))
KLBN11,BOVA11,BOVA11,Materiais,23.88,26.33,10.0,,,1.0,,24.21,18.81,20.44,66.43,144,Pivô de alta,1,8,False,,True,,False,False,False,False,False,False,1,10,False,False,False,False,False,False,True,False,False,True,False,0.49,True,126203650048.0,38.82,2.3,6.65,7.1,5.92,28.81,5.45,0.86,6.14,3.99,2.0,2.3,,275.44,-51.7,10.28,2.09,0.37,77.43,12.36,16.08,21.02,10.4,-15.5,0.9,0.52,0.45,17.760000228881836,9.000892359179899,13.105299274965935,4.7579598758467565,8.915435092960141,,11.016666666666667,1.2221682648122851,9.252068672168143,,,,6,False,10.7,,,n/d,n/d,,,Pivô de alta,False,False,,,Em Alta,18.639999389648438,-4.721025695179481,-16.42352833467371,False,True,False,Pivô de alta
SOJA3,SMALL11,SMALL11,Bens de primeira necessidade,23.35,23.94,20.0,,,0.0,,21.55,29.55,13.63,41.26,145,Não,2,8,False,,True,,False,False,False,False,False,False,2,10,False,False,False,False,True,False,True,False,False,True,True,0.66,True,891511232.0,37.37,0.65,4.64,3.84,1.73,13.98,5.66,0.89,8.9,4.7,0.95,1.47,,143.57,-0.4,6.51,2.47,1.35,45.47,36.89,4.98,10.46,26.9,-39.6,-0.3,0.73,0.3,6.320000171661377,1.7343657010074502,2.5252364606668474,1.758844040280394,6.082612104838567,,0.2902692218008719,0.4517909828742221,1.139293501464207,,,,4,False,21.0,,,n/d,n/d,,,,False,False,,,Em Baixa,6.110000133514404,3.4369890926038815,-39.554918279204266,False,False,False,sem sinal (Em Baixa; sem novo topo (+3.4%))
HBSA3,SMALL11,SMALL11,Bens Industriais,23.04,25.15,11.11111111111111,,,0.7,P/L=-25.25<2,25.64,19.5,42.49,2.45,146,Rompimento,2,8,False,,False,,False,,False,False,True,False,1,9,False,False,False,False,True,False,True,False,False,False,False,1.26,True,4557281792.0,-25.25,2.16,0.0,0.0,-8.56,-15.0,11.14,-5.52,7.67,3.09,3.26,1.56,,,68.3,11.82,5.08,0.41,66.67,33.33,2.98,4.38,12.4,-23.5,-2.8,0.77,0.36,3.3499999046325684,,,,,,,,1.6031145363082475,1.6031145363082475,1.6031145363082475,1.4428030826774227,1,True,1.0,-56.93125003728407,-52.14583337476009,n/d,n/d,,,Rompimento,False,False,,,Em Baixa,3.319999933242798,0.903613614246912,-23.69020486293538,False,True,False,"Rompimento (vol x1.6, +0.9% do topo, MM50>MM200)"
ENEV3,BOVA11,BOVA11,Serviços públicos,22.45,20.53,33.333333333333336,,,0.1,,30.35,8.46,22.59,2.45,147,Não,1,8,False,,True,,False,,False,False,False,True,3,9,False,False,False,False,False,False,True,False,False,False,True,1.16,True,48200704000.0,49.79,2.35,0.0,0.0,4.73,2.64,5.85,5.03,11.7,3.9,1.28,1.2,10.53,,-91.5,26.01,4.12,0.26,62.34,34.87,13.71,27.59,83.1,-9.0,-2.5,1.09,0.54,25.100000381469727,,,5.69538347998232,11.006772570152576,2.3844748303746095,,2.8455261098689695,12.381384572730878,6.862708312621871,5.69538347998232,5.1258451319840885,5,True,5.2,-79.57830655744418,-72.6585330345719,n/d,n/d,,,,False,False,,,Em Baixa,27.15999984741211,-7.584681434152019,-10.739688362847154,False,False,False,sem sinal (Em Baixa; sem novo topo (-7.6%))
AURE3,BOVA11+SMALL11,BOVA11,Serviços públicos,20.48,20.57,20.0,,,0.1,P/L=-9.69<2,10.45,26.58,11.52,69.23,148,Não,2,8,False,,False,,False,False,False,False,True,False,2,10,False,False,False,False,False,False,True,True,False,False,False,1.74,True,10550814720.0,-9.69,0.92,0.0,7.48,-9.47,2.89,2.64,-8.09,11.5,6.49,1.12,1.85,,,5.9,-71.15,2.04,0.26,71.73,25.67,9.82,14.61,2.9,-30.9,-17.1,1.07,0.57,10.100000381469727,5.396447070221983,9.877496822606311,,,,,,2.5390864250800584,5.9376767726361175,5.396447070221983,4.856802363199785,3,True,3.9,-51.91284970532808,-41.21112328342228,n/d,n/d,,,,False,False,,,Em Baixa,11.449999809265137,-11.790388212085512,-31.10504442977431,False,False,False,sem sinal (Em Baixa; sem novo topo (-11.8%))
TUPY3,SMALL11,SMALL11,Bens Industriais,19.15,22.53,0.0,,,0.7,P/L=-2.55<2,6.07,41.12,27.66,39.86,149,Não,2,8,False,,False,,False,False,False,False,False,False,0,10,False,False,False,False,False,False,True,True,False,False,False,0.83,True,1896744704.0,-2.55,0.86,0.0,3.73,-33.8,2.01,1.49,-8.26,8.3,3.88,2.16,1.72,,,-5.8,5.11,1.31,0.87,73.24,26.66,11.34,16.19,27.6,-10.6,1.2,1.27,0.53,14.470000267028809,3.8581598585071846,5.617480753986461,,,,,,4.59149740561555,4.689046006036398,4.59149740561555,4.132347665053995,3,True,1.5,-71.44196552318026,-67.59470684516289,n/d,n/d,,,,False,False,,,Em Baixa,15.869999885559082,-8.821673778360918,-12.303028684673889,False,False,False,sem sinal (Em Baixa; sem novo topo (-8.8%))
MBRF3,BOVA11,BOVA11,Bens de primeira necessidade,17.35,20.41,0.0,,,0.0,DY5a=21.3%>=20,22.88,26.25,7.56,,150,Pivô de alta,1,8,False,,False,,False,False,False,False,False,False,0,10,False,False,False,False,False,False,True,False,False,True,True,4.51,False,24120076288.0,60.84,1.95,10.86,21.34,3.2,39.26,6.29,0.22,5.73,4.84,1.05,5.39,19.01,1298.49,-51.3,25.06,2.68,0.43,89.92,7.97,14.84,27.52,16.6,-37.1,0.5,0.92,0.28,17.309999465942383,26.388664839568595,35.30216940760065,2.718715673297985,7.538351867823761,6.982795957346744,3.046690502845772,1.3323513254757005,12.077103974968166,,,,4,False,26.5,,,n/d,n/d,,,Pivô de alta,False,False,,,Em Alta,17.959999084472656,-3.6191517353262648,-37.418656683174504,False,True,False,Pivô de alta
BBDC1,BOVA11,BOVA11,Produtos financeiros,,,,,,0.4,,,,,,151,Não,0,0,False,,,,,,,,,,0.0,0.0,,,,,,,,,True,True,True,,True,,,,,,,,,,,,,,,,,,,,,,,,,,,,,,,,,,,,,,,,,0,True,,,,n/d,n/d,,,,False,False,,,,,,,False,False,False,histórico insuficiente
BBDC2,BOVA11,BOVA11,Produtos financeiros,,,,,,0.4,,,,,,152,Não,0,0,False,,,,,,,,,,0.0,0.0,,,,,,,,,True,True,True,,True,,,,,,,,,,,,,,,,,,,,,,,,,,,,,,,,,,,,,,,,,0,True,,,,n/d,n/d,,,,False,False,,,,,,,False,False,False,histórico insuficiente
MOVI1,SMALL11,SMALL11,Bens Industriais,,,,,,0.7,,,,,,153,Não,0,0,False,,,,,,,,,,0.0,0.0,,,,,,,,,True,True,True,,True,,,,,,,,,,,,,,,,,,,,,,,,,,,,,,,,,,,,,,,,,0,True,,,,n/d,n/d,,,,False,False,,,,,,,False,False,False,histórico insuficiente
