ticker,origem,grupo,setor,investment,investment_base,consistencia,basileia,solvencia,ciclicidade,dado_suspeito,quality,value,safety,dividend,regulado,rank_invest,oportunidade_grafica,criterios_ok,criterios_aplicaveis,passa_checklist,mais_5a_bolsa,sem_prejuizo_anual,lucro_20t,div_ge5_5a,div_sem_corte,roe_ge_10,divida_menor_patrim,cresc_receita_5a,cresc_lucro_5a,n_ok,n_aplic,roe_roic_ge_selic,roe_ge_setor,roic_ge_setor,margem_ge_15,cagr_ge_setor,divida_ok,marketcap_ok,insider_ok,margem_ok,roe_ok,alavancagem_ok,div_liq_patrim,nde_ok,market_cap,pl,pvp,dy,dy_teto,roe,roe_medio,roic,mrg_liq,ev_ebitda,div_liq_ebitda,lev_roic_adj,liq_corr,div_patrim,peg,payout,cresc_5a,pl_fut,roa,liq_geral,grau_endiv,indep_fin,min_52s,max_52s,dist_min52,dist_max52,dist_mm100,beta,corr_ibov,close,teto_bazin,teto_gordon,teto_dcf,teto_graham,teto_lynch,teto_projetivo,teto_graham_selic,teto_mult_ebitda,teto_medio,teto_mediana,teto_ajustado,teto_n_metodos,teto_confiavel,teto_dispersao,teto_upside_pct,teto_upside_media_pct,prox_resultado,ex_dividendo,ex_tipo,tese_ia,strategy,in_wishlist,in_carteira,preco_medio,var_pm_pct,trend,breakout_level,pct_to_level,dist_52w_high_pct,fund_ok,breakout,aprovado,note
JHSF3,SMALL11,SMALL11,Imobiliário,77.48,75.27,90.0,,,0.8,,86.74,81.37,44.52,69.93,False,1,Não,7,8,False,,True,,False,True,True,True,True,True,9,10,True,True,True,True,True,True,True,False,True,True,True,0.36,True,6733535744.0,3.26,0.93,6.63,7.91,28.4,16.71,13.12,52.59,4.45,1.22,1.3,1.73,0.86,0.22,25.78,90.2,5.92,7.25,0.72,61.6,36.26,4.95,13.85,105.1,-26.6,-8.1,1.38,0.61,10.15999984741211,5.739092621841178,10.646016813515384,41.29447790742652,27.67799880047428,71.39487558802398,19.57807411896471,37.71042888149894,17.479182445986247,,,,6,False,12.4,,,n/d,2026-08-31,próxima,,,False,False,,,Em Baixa,11.149999618530273,-8.878922017834656,-28.216639097456486,True,False,False,sem sinal (Em Baixa; sem novo topo (-8.9%))
VULC3,SMALL11,SMALL11,Consumo discricionário,76.36,77.48,70.0,,,0.9,,87.66,61.2,65.74,95.8,False,2,Não,6,8,False,,True,,False,False,True,True,False,True,7,10,True,True,True,True,False,True,True,False,True,True,True,0.25,True,4293923840.0,4.67,1.64,28.85,15.45,35.06,31.82,17.83,24.89,6.27,0.76,0.6,2.96,0.37,0.48,72.14,-64.7,5.99,11.45,1.64,37.42,62.57,13.47,20.08,1.5,-31.9,-8.7,0.92,0.6,13.670000076293945,15.08411226503859,27.981028251646585,38.78533212224727,23.430384293670603,73.80863252004175,48.306911807600656,25.78976650113605,8.630044464581562,,,,6,False,8.6,,,n/d,2025-12-23,última,,,False,False,,,Em Baixa,14.180000305175781,-3.596616487347204,-32.426236328767075,True,False,False,sem sinal (Em Baixa; sem novo topo (-3.6%))
MDNE3,SMALL11,SMALL11,Imobiliário,74.82,72.14,90.0,,,0.8,,73.06,77.45,59.98,79.02,False,3,Não,7,8,False,,True,,False,True,True,True,True,True,9,10,True,True,True,True,True,True,True,False,True,True,True,0.26,True,2431272448.0,4.38,1.07,16.51,9.26,24.38,16.15,10.98,21.43,4.23,0.91,1.16,2.38,0.48,0.3,40.57,19.5,3.68,6.4,1.12,72.76,27.27,19.63,34.28,19.7,-31.4,-15.4,1.67,0.63,23.510000228881836,15.556165039412162,28.85668614810956,71.12043448234802,51.51277527306067,127.48819888745773,25.80183479027916,63.22015025477451,41.54649601907847,,,,6,False,8.2,,,n/d,2026-01-02,última,,,False,False,,,Em Baixa,25.110000610351562,-6.371964725521073,-31.417733179499095,True,False,False,sem sinal (Em Baixa; sem novo topo (-6.4%))
PLPL3,SMALL11,SMALL11,Consumo discricionário,73.88,74.56,70.0,,,0.9,,77.84,82.19,65.19,59.44,False,4,Não,5,8,False,,True,,False,False,True,True,True,True,7,10,True,True,True,False,False,True,True,False,True,True,True,-0.11,True,1401043456.0,4.61,1.26,7.14,6.32,27.32,38.02,24.26,8.62,1.92,-0.24,-0.14,3.0,0.62,0.31,29.14,16.7,2.72,7.78,1.2,73.04,24.14,6.46,17.36,6.8,-60.3,-26.2,1.48,0.51,6.900000095367432,3.1154008121673153,5.779068506570369,19.831887475839142,13.580151674688896,31.912280434024705,10.95072400487419,18.110629317558768,14.303465002344291,,,,7,False,10.2,,,n/d,2025-12-30,última,,,False,False,,,Em Baixa,7.5,-7.999998728434243,-60.30064258156551,True,False,False,sem sinal (Em Baixa; sem novo topo (-8.0%))
POMO3,SMALL11,SMALL11,Bens Industriais,73.54,74.17,70.0,,,0.7,,80.17,74.47,52.24,90.21,False,5,Não,5,8,False,,True,,False,False,True,True,False,True,7,10,True,True,True,False,False,True,True,False,True,True,True,0.46,True,5189052928.0,4.35,1.23,22.59,11.85,28.32,24.74,18.39,13.19,4.6,1.29,0.98,1.94,0.81,0.32,51.56,-14.0,,8.76,1.02,59.93,39.42,3.85,6.69,8.6,-37.5,-23.8,0.94,0.46,4.179999828338623,3.539168753431935,6.565158037616239,12.73218338516937,8.571766632368943,24.571572160093503,11.287696584773977,10.852318316016905,5.170088126502553,9.196535180407999,9.712042474192923,8.740838226773631,6,True,6.9,109.11097095063167,120.01281239437853,n/d,2026-08-26,próxima,,,False,False,,,Em Baixa,4.989999771118164,-16.2324645277095,-37.99031695498357,True,False,False,sem sinal (Em Baixa; sem novo topo (-16.2%))
PSSA3,BOVA11,BOVA11,Insurance,73.29,72.99,75.0,,1.8,0.3,,76.06,54.64,100.0,51.05,False,6,Não,4,6,False,,True,,False,False,True,,True,True,6,8,True,False,True,,True,,True,False,True,True,True,,True,29851013120.0,8.17,1.87,6.47,5.33,22.84,17.35,79.28,8.13,,,,,,0.63,43.58,0.3,7.48,6.06,,71.59,28.18,43.07,55.45,8.1,-16.0,-8.6,0.74,0.49,46.56999969482422,17.74536425554052,32.917650694027664,75.52662129209557,56.51525123994185,103.85643091956226,48.58755191578657,61.39492104997974,,43.69429703936258,40.75260130490712,36.677341174416405,4,True,4.3,-21.242556549785164,-6.175011110814421,2026-11-05,2026-06-23,última,,,False,False,,,Em Baixa,54.70000076293945,-14.862890228008007,-16.165615959622304,True,False,False,sem sinal (Em Baixa; sem novo topo (-14.9%))
CURY3,BOVA11+SMALL11,BOVA11,Consumo discricionário,72.04,70.63,80.0,,,0.9,,90.38,40.54,56.09,86.01,False,7,Não,7,8,False,,True,,False,False,True,True,True,True,8,10,True,True,True,True,True,True,True,False,True,True,True,-0.21,True,9210622976.0,8.38,5.57,16.1,10.4,66.38,57.38,37.72,18.37,5.39,-0.2,-0.08,1.94,0.71,0.98,87.14,33.5,6.22,16.14,0.91,70.61,24.44,26.99,40.16,10.8,-25.6,-4.9,1.27,0.57,29.899999618530273,22.209165797860564,41.198002555031344,47.27625238013437,20.759306206775015,67.55450306222518,53.53805619334043,28.67226417709977,23.751448038942403,38.119874801426135,34.93513336606556,31.441620029459003,8,True,3.3,5.155921172565248,27.491221698215895,n/d,2026-05-18,última,,,False,False,,,Lateral,32.31999969482422,-7.48762406913478,-25.711389178797507,True,False,False,sem sinal (Lateral)
POMO4,BOVA11+SMALL11,BOVA11,Bens Industriais,71.95,72.29,70.0,,,0.7,,80.17,70.89,52.24,80.42,False,8,Não,5,8,False,,True,,False,False,True,True,False,True,7,10,True,True,True,False,False,True,True,False,True,True,True,0.44,True,5549059072.0,4.65,1.32,21.12,9.48,28.32,24.74,18.39,13.19,4.84,1.29,0.98,1.94,0.81,0.31,44.06,-14.0,4.57,8.76,1.02,59.93,39.42,4.05,7.92,10.4,-43.6,-22.5,0.98,0.49,4.46999979019165,3.025275124261356,5.611885355504815,12.73709617635255,8.558256916730283,23.52770937473844,11.575137762178509,11.631612357272898,5.155438154799276,11.256733728225251,11.575137762178509,10.417623985960658,7,True,7.8,133.05647594927527,151.8285068586686,n/d,2026-08-26,próxima,,,False,False,,,Em Baixa,5.369999885559082,-16.75977866941296,-43.78031520539255,True,False,False,sem sinal (Em Baixa; sem novo topo (-16.8%))
MILS3,SMALL11,SMALL11,Bens Industriais,70.38,68.68,80.0,,,0.7,,84.77,54.34,57.46,54.55,False,9,Não,6,8,False,,True,,False,True,True,True,True,True,8,10,True,True,True,True,False,True,True,False,True,True,True,0.65,True,3565582336.0,8.16,1.94,5.41,5.72,23.81,18.37,20.65,23.53,4.86,1.28,0.87,2.98,0.99,0.64,46.64,21.3,8.36,11.12,0.54,61.6,38.32,10.3,15.81,52.0,-1.0,7.9,0.75,0.48,15.649999618530273,6.389485076695794,11.8524948172707,25.41207045901055,18.65776617291419,35.32865343442887,12.302068485096267,20.439472777517317,17.943009675233974,20.27650511735313,18.65776617291419,16.79198955562277,7,True,5.5,7.297060478776829,29.56233617632089,n/d,2026-04-22,última,,,False,False,,,Em Alta,15.8100004196167,-1.0120227504099244,-1.8193222677992948,True,False,False,sem sinal (Em Alta)
LEVE3,SMALL11,SMALL11,Consumo discricionário,70.08,70.1,70.0,,,0.9,,86.35,57.06,35.24,99.3,False,10,Pivô de alta,6,8,False,,True,,True,False,True,False,True,True,7,10,True,True,True,False,False,True,True,True,True,True,True,1.08,True,4367067136.0,6.27,4.53,8.85,19.55,72.29,64.73,34.45,13.0,5.14,1.2,0.49,1.43,1.7,0.24,122.58,25.8,6.32,14.14,0.81,77.23,22.71,24.26,35.6,32.8,-9.5,-2.2,0.65,0.46,32.220001220703125,44.993917464622626,83.46371689687497,68.08851932604726,28.67701478072886,154.16268526652215,98.51666666666667,62.178949724163935,24.864376985967773,77.15449573223235,68.08851932604726,61.27966739344254,7,True,6.2,90.19138755980858,139.4614922691447,n/d,2026-04-30,última,"A Metal Leve (LEVE3) apresenta uma notável eficiência operacional no setor de consumo discricionário, evidenciada por um ROE de 72,3% e um ROIC de 34,4% que se posicionam muito acima das médias de seus pares, de 12,5% e 13,1%, respectivamente. Essa expressiva qualidade técnica convive com múltiplos de preço atrativos, uma vez que o P/L de 6,27 sugere um papel descontado frente à sua capacidade de gerar valor, embora o P/VP de 4,53 reflita o forte ágio sobre o patrimônio líquido decorrente da alta rentabilidade sobre o capital. O perfil financeiro da companhia é robusto, combinando essa elevada rentabilidade a um endividamento controlado, visto que a relação Dívida Líquida/EBITDA de 1,2 está confortavelmente abaixo da média setorial de 2,63. Esse balanço saudável e a forte geração de caixa dão sustentabilidade ao excelente Dividend Yield de 8,85%, o qual se mostra plenamente coerente com o lucro e com a estrutura de capital da empresa. Por outro lado, o crescimento da receita nos últimos cinco anos, com um CAGR de 25,8%, ficou abaixo da média do setor de 32,5%, indicando que a empresa prioriza a eficiência em detrimento de uma expansão acelerada. No checklist de critérios fundamentalistas, a companhia demonstra solidez ao atender a 6 dos 8 requisitos avaliados, falhando apenas na margem líquida de 13% — que ficou abaixo do sarrafo de 15% — e no próprio crescimento inferior ao de seus pares. Sob a ótica do valuation, as estimativas de preço-teto revelam uma dispersão acentuada entre os métodos, variando desde os conservadores R$ 28,68 de Graham até os R$ 154,16 de Lynch, estabelecendo uma média de R$ 77,15 e uma mediana de R$ 68,09. Tomando como referência o preço-teto ajustado com margem de segurança de R$ 61,28, o papel oferece um expressivo potencial de valorização de 90,2% em relação à cotação atual de R$ 32,22. Em suma, LEVE3 destaca-se positivamente por sua rentabilidade excepcional, endividamento sob controle e proventos robustos, contrapondo-se negativamente a um ritmo de crescimento de receita mais lento que o do mercado e a uma margem líquida ligeiramente abaixo do ideal.",Pivô de alta,False,False,,,Em Alta,34.0,-5.23529052734375,-11.019049888572063,True,True,True,Pivô de alta
RIAA3,SMALL11,SMALL11,Consumo discricionário,70.07,70.08,70.0,,,0.9,,65.64,93.9,39.18,92.31,False,11,Não,4,8,False,,False,,False,False,True,True,True,True,7,10,True,True,False,False,False,True,True,False,True,False,True,0.47,True,3424070144.0,2.24,0.63,47.47,13.13,28.35,8.06,8.96,14.35,2.52,2.11,3.3,1.61,0.68,0.15,29.42,16.6,5.11,4.35,1.05,64.01,35.99,5.72,10.43,19.2,-34.6,-21.0,1.63,0.61,6.820000171661377,6.397639794737225,11.86762181923755,40.341518872550544,27.23211426856263,85.65489272376865,51.88018214566937,36.84017949870655,35.728079849703,,,,6,False,13.4,,,n/d,n/d,,,,False,False,,,Em Baixa,8.079999923706055,-15.594056484430673,-37.04690147032207,False,False,False,sem sinal (Em Baixa; sem novo topo (-15.6%))
VTRU3,SMALL11,SMALL11,Consumo discricionário,69.48,72.92,50.0,,,0.9,P/L=1.85<2,85.85,90.24,55.11,6.99,False,12,Rompimento,7,8,False,,True,,,,True,True,False,True,4,8,True,True,True,True,False,True,True,True,True,False,True,0.37,True,2018663680.0,1.85,0.5,0.19,0.21,27.23,9.79,15.07,46.56,2.89,2.1,1.95,2.56,0.56,,0.38,-23.9,4.01,6.37,0.37,51.99,48.01,10.08,16.86,34.1,-19.8,1.4,1.16,0.51,13.520000457763672,0.19909863731954786,0.2898876159372617,76.00432689769848,66.68023150872943,,0.4136666666666666,19.523089464106615,36.536624332108396,,,,2,False,381.7,,,n/d,n/d,,,Rompimento,False,False,,,Em Alta,13.15999984741211,2.7355669796786275,-22.065498789947924,False,True,False,"Rompimento (vol x1.1, +2.7% do topo, MM50>MM200)"
PETR4,BOVA11,BOVA11,Energia,69.02,74.14,40.0,,,0.9,DY5a=40.3%>=20,86.22,82.77,36.19,,False,13,Não,7,8,False,,True,,False,False,True,True,True,False,4,10,True,True,True,True,True,True,True,False,True,True,True,0.66,True,605292396544.0,4.28,1.19,5.18,40.34,27.73,30.77,19.69,24.32,2.74,1.29,0.92,0.85,0.76,0.29,172.64,96.8,4.48,10.07,0.28,65.87,33.99,26.77,47.05,60.4,-8.7,3.5,0.35,0.24,42.95185852050781,123.75304422071453,229.56189702942544,132.97012275624496,90.27715293097954,301.0644288820641,56.64301999999999,121.4293196490992,57.73149631390972,139.17881022280469,122.59118193490687,110.33206374141619,8,True,5.3,156.8737827461808,224.0344306785987,n/d,2026-08-24,próxima,,,False,False,,,Em Alta,42.971248626708984,-0.04512344141920366,-9.882295920693396,True,False,False,sem sinal (Em Alta)
BRSR6,SMALL11,SMALL11,Produtos financeiros,68.86,69.98,62.5,17.35,,0.4,,45.54,91.53,90.71,84.62,False,14,Não,2,6,False,,True,,False,False,True,,False,True,5,8,False,False,False,,False,,True,True,True,False,True,,True,5463898624.0,3.57,0.47,11.88,10.16,13.26,9.63,0.0,22.38,,,,,,0.42,36.28,-29.2,4.11,1.0,,93.0,6.99,10.04,18.55,33.1,-28.0,-9.1,1.08,0.64,13.359999656677246,9.696598480615128,17.987190181541063,49.58543289943235,48.923178946415526,69.64796684281355,33.99030572767694,29.874021222124362,,33.854309602883454,33.99030572767694,30.591275154909248,3,True,5.1,128.97661632513527,153.40052749150544,n/d,n/d,,,,False,False,,,Em Baixa,14.380000114440918,-7.093188106023385,-28.26449531219547,False,False,False,sem sinal (Em Baixa; sem novo topo (-7.1%))
CXSE3,BOVA11,BOVA11,Insurance,68.74,65.43,87.5,,1.6,0.3,,63.99,34.11,100.0,81.12,False,15,Não,4,6,False,,True,,True,True,True,,True,True,7,8,True,False,False,,True,,True,True,True,True,True,,True,54749999104.0,12.1,3.97,7.41,9.63,32.79,28.44,-1.21,75.43,,,,,,0.95,116.46,12.8,10.62,20.76,,8.23,91.77,12.48,22.04,46.2,-17.2,-2.4,0.69,0.54,18.25,12.546896573969104,23.274493144712686,19.984504132231404,12.490107874663696,33.822855540129545,22.898448930232796,16.164285714285715,,19.676085695286496,21.441476531232098,19.29732887810889,4,True,1.9,5.738788373199388,7.814168193350657,2026-11-09,2026-11-04,próxima,,,False,False,,,Em Baixa,19.892946243286133,-8.258938737345789,-17.579574341795134,True,False,False,sem sinal (Em Baixa; sem novo topo (-8.3%))
ABCB10,SMALL11,SMALL11,Produtos financeiros,68.47,71.73,50.0,,,0.4,,75.67,64.63,,,False,16,Não,1,3,False,,,,,,True,,False,,1,2,True,False,,,False,,,,True,True,True,,True,,,0.92,,,14.9,,,40.92,,,,,,,,-2.9,,1.54,,,,,,,,,,,,,,,,,,,,,,,0,True,,,,n/d,n/d,,,,False,False,,,,,,,False,False,False,histórico insuficiente
PETR3,BOVA11,BOVA11,Energia,67.92,72.85,40.0,,,0.9,DY5a=38.2%>=20,86.22,78.12,36.19,,False,17,Não,7,8,False,,True,,False,False,True,True,True,False,4,10,True,True,True,True,True,True,True,False,True,True,True,0.7,True,635930083328.0,4.77,1.32,4.65,38.25,27.73,30.77,19.69,24.32,2.95,1.29,0.92,0.85,0.76,0.32,182.43,96.8,3.34,10.07,0.28,65.87,33.99,28.69,52.45,67.3,-8.5,3.5,0.38,0.23,47.99185562133789,131.1061234270398,243.20185895715883,133.3107100592719,90.72200637051559,301.83556994552134,56.58797333333334,121.74034654469361,56.36047046127493,141.8581323873512,126.4232349858667,113.78091148728004,8,True,5.4,137.08379268563093,195.58792955752887,2026-08-06,2026-08-24,próxima,,,False,False,,,Em Alta,48.05994415283203,-0.14167417939067173,-9.654866496095483,True,False,False,sem sinal (Em Alta)
VLID3,SMALL11,SMALL11,Bens Industriais,67.48,67.04,70.0,,,0.7,,62.15,74.31,66.09,72.73,False,18,Não,4,8,False,,True,,False,False,True,True,False,True,7,10,True,False,True,False,False,True,True,False,True,True,True,0.1,True,1355259392.0,6.13,0.81,11.01,8.58,13.18,13.73,15.68,11.15,3.19,0.46,0.41,2.3,0.41,0.98,52.6,-32.9,9.96,7.53,1.13,45.32,54.23,16.3,22.63,6.3,-23.4,-3.1,0.94,0.52,17.329999923706055,10.621208280101449,19.702341359588186,37.458808970490246,36.8907150460014,41.91990552166546,34.52256326828227,18.654585417138545,31.246004210440322,31.484989113372347,34.52256326828227,31.070306941454042,7,True,3.9,79.28624973017078,81.67910705125507,2026-11-04,2026-08-13,última,,,False,False,,,Em Baixa,18.46053695678711,-6.124074482380681,-24.097224567711105,True,False,False,sem sinal (Em Baixa; sem novo topo (-6.1%))
LAVV3,SMALL11,SMALL11,Imobiliário,66.99,64.69,80.0,,,0.8,,66.53,57.26,55.0,94.41,False,19,Não,5,8,False,,True,,True,False,True,True,False,True,8,10,True,True,False,True,False,True,True,False,True,True,True,0.37,True,1903530496.0,5.27,1.31,24.94,14.02,24.9,19.67,8.69,19.91,6.78,1.5,2.42,4.12,0.86,0.81,73.87,-30.3,2.78,4.85,1.47,60.31,33.37,9.22,18.94,5.6,-48.6,-16.7,1.45,0.71,9.739999771118164,9.75233360689922,18.090578840798056,24.48861422529709,17.58365889509133,37.93100542536856,24.348219128357208,12.494941700687548,9.739999771118164,19.303668949202148,17.837118867944692,16.053406981150225,8,True,3.9,64.81937739622015,98.18962425895481,n/d,2026-02-03,última,,,False,False,,,Em Baixa,10.569999694824219,-7.852411993090957,-48.68282399352185,True,False,False,sem sinal (Em Baixa; sem novo topo (-7.9%))
DIRR3,BOVA11+SMALL11,BOVA11,Consumo discricionário,66.91,66.36,70.0,,,0.9,,71.92,56.13,54.34,90.91,False,20,Não,5,8,False,,True,,False,False,True,False,True,True,7,10,True,True,False,True,False,True,True,False,True,True,True,0.31,True,5449639424.0,6.37,2.34,14.79,12.12,36.78,26.14,9.99,17.73,4.7,0.6,0.83,4.18,1.16,0.76,77.21,8.6,4.56,5.44,1.01,82.45,14.5,10.3,16.95,1.7,-38.2,-18.5,1.47,0.64,10.479999542236328,9.072864345344986,16.83016336061495,21.799057132595184,12.875819439894014,33.73326028787612,25.6201369124789,13.064888251068853,9.30550460634233,17.787711792026915,14.947525805841902,13.452773225257712,8,True,3.7,28.366162336558865,69.73008176516764,n/d,2025-12-17,última,,,False,False,,,Em Baixa,11.8100004196167,-11.261649704696087,-39.274102934879096,True,False,False,sem sinal (Em Baixa; sem novo topo (-11.3%))
TGMA3,SMALL11,SMALL11,Bens Industriais,66.68,66.09,70.0,,,0.7,,78.74,33.47,69.86,83.22,False,21,Rompimento,6,8,False,,True,,False,False,True,True,True,True,7,10,True,True,True,False,False,True,True,True,True,True,True,0.03,True,2266940672.0,8.93,2.28,10.56,10.07,25.55,24.91,27.01,10.14,6.17,0.07,0.04,2.22,0.23,3.46,89.91,23.5,6.77,14.79,1.33,34.75,65.25,26.65,39.14,29.0,-12.2,12.3,0.9,0.5,34.380001068115234,24.723934483197947,31.088161679217368,34.578316814601585,36.141318466773505,48.689486359772886,48.57168418558451,16.525659156246324,29.952703773416243,33.7839081148513,32.83323924690948,29.54991532221853,8,True,2.9,-14.049114589400723,-1.7338363430615567,n/d,2026-08-07,última,"A Tegma (TGMA3) apresenta-se como um ativo de alta qualidade operacional no setor de bens industriais, evidenciado por um ROE de 25,6% e um ROIC de 27,0% que se posicionam muito acima das médias setoriais de 14,5% e 12,6%, respectivamente. Essa expressiva rentabilidade convive com múltiplos de valuation mistos, pois enquanto o P/L de 8,93 sugere um preço razoável frente aos lucros, o P/VP de 2,28 indica um prêmio sobre o valor patrimonial, refletindo o forte retorno sobre o capital empregado. A saúde financeira da companhia é um dos seus maiores destaques, uma vez que a relação Dívida Líquida/EBITDA de apenas 0,07 está substancialmente abaixo do par setorial de 2,38, o que, somado a uma liquidez corrente de 2,22, confere extrema solidez para honrar compromissos. Esse endividamento mínimo e a alta geração de caixa sustentam um expressivo Dividend Yield de 10,56%, mostrando-se plenamente coerente e sustentável diante da robusta lucratividade e da estrutura de capital desalavancada. Por outro lado, o crescimento da receita nos últimos cinco anos, com CAGR de 23,5%, ficou ligeiramente abaixo da média do setor de 27,1%, o que ajuda a explicar o PEG elevado de 3,46 e o score de valor mais modesto de 33,0. No checklist de critérios fundamentalistas, a empresa demonstra forte consistência ao atender 6 dos 8 requisitos avaliados, falhando apenas na margem líquida de 10,14% (abaixo do sarrafo de 15%) e no crescimento histórico inferior ao de seus pares. Sob a ótica do valuation, as estimativas de preço-teto revelam uma dispersão relevante entre os métodos, variando desde os conservadores R$ 24,72 por Bazin até os otimistas R$ 48,69 por Lynch, resultando em uma média de R$ 33,78 e mediana de R$ 32,83. Frente ao preço atual de R$ 34,38, o papel negocia ligeiramente acima dessa média e apresenta um upside negativo de 14,0% em relação ao preço-teto ajustado com margem de segurança de R$ 29,55, embora a tendência técnica de curto prazo sinalize alta e rompimento gráfico. Em suma, os principais prós da TGMA3 residem em sua rentabilidade excepcional, endividamento quase nulo e proventos altamente atrativos, enquanto os contras concentram-se no crescimento de receita abaixo da média setorial e na escassez de margem de segurança nos preços atuais.",Rompimento,False,False,,,Em Alta,34.06999969482422,0.9098954390014624,-13.041503615777927,True,True,True,"Rompimento (vol x0.9, +0.9% do topo, MM50>MM200)"
LREN3,BOVA11+SMALL11,BOVA11,Consumo discricionário,65.83,65.09,70.0,,,0.9,,68.22,73.04,56.52,48.25,False,22,Não,6,8,False,,True,,False,False,True,True,True,True,7,10,True,True,True,False,False,True,True,True,True,True,True,0.13,True,10560473088.0,7.41,1.07,8.29,4.36,14.41,11.89,23.53,9.35,1.99,0.59,0.35,1.69,0.32,0.76,32.32,3.2,6.42,6.22,1.29,46.72,53.28,10.5,16.05,4.7,-31.5,-21.4,1.46,0.67,10.989999771118164,3.42436230629624,6.352192078179525,19.651484071162706,18.513475240296998,20.933387703245593,15.916783659137039,13.053488535351466,28.642182798334687,,,,6,False,8.4,,,2026-11-05,2026-06-24,última,,,False,False,,,Em Baixa,13.850000381469727,-20.649823332698467,-33.44154600225495,True,False,False,sem sinal (Em Baixa; sem novo topo (-20.6%))
GRND3,SMALL11,SMALL11,Consumo discricionário,65.74,64.99,70.0,,,0.9,,62.72,52.77,67.84,100.0,False,23,Não,5,8,False,,True,,False,False,True,True,False,True,7,10,True,True,False,True,False,True,True,False,True,True,True,-0.31,True,3238754304.0,5.59,1.01,39.64,19.92,18.04,16.72,7.81,24.95,8.57,-3.59,-6.43,2.05,0.02,,111.34,-24.5,4.79,2.66,2.01,29.93,70.07,3.37,4.83,4.7,-27.1,-9.9,0.76,0.47,3.525049924850464,5.015081650343956,7.3019588829008,6.558232418326445,7.037038716644447,,5.269110193822403,1.6846009096525347,2.2694020216037494,5.5751373139403,5.9136713060744235,5.322304175466981,6,True,4.3,50.98521408013133,58.15768380008981,n/d,n/d,,,,False,False,,,Em Baixa,3.6821553707122803,-4.2666707415832335,-27.798859671407218,False,False,False,sem sinal (Em Baixa; sem novo topo (-4.3%))
INTB3,SMALL11,SMALL11,Tecnologia de informação,65.73,66.74,60.0,,,0.5,,72.0,56.26,78.29,46.15,False,24,Fundo duplo,5,8,False,,True,,False,False,True,True,True,True,6,10,True,True,True,False,False,True,True,False,True,True,True,-0.17,True,4600588288.0,7.72,1.39,8.55,4.3,18.07,19.14,17.52,13.1,6.07,-1.0,-0.8,2.64,0.26,0.64,33.2,14.3,7.08,5.97,1.67,43.4,56.17,9.95,15.13,41.3,-7.1,2.4,1.03,0.47,14.0600004196167,4.318536261991897,8.01088476599497,24.131477404134873,20.35919220371624,29.81638085694662,16.74090519046545,18.684363417040974,14.0600004196167,18.829029179702257,18.684363417040974,16.815927075336877,7,True,6.9,19.601184733074906,33.919122459141214,n/d,n/d,,,Fundo duplo,False,False,,,Lateral,15.130000114440918,-7.07204022954997,-10.211677064666846,False,True,False,Fundo duplo — rompeu pescoço ~R$13.81 (candidato)
CEAB3,BOVA11+SMALL11,BOVA11,Consumo discricionário,65.07,64.79,66.66666666666667,,,0.9,,59.9,91.56,43.61,62.24,False,25,Não,5,8,False,,False,,False,,True,True,False,True,6,9,True,True,True,False,False,True,True,False,False,False,True,0.51,True,2292100096.0,4.19,0.62,6.83,6.49,14.79,7.33,14.93,7.02,1.89,1.94,1.82,1.67,0.72,0.39,27.18,-9.5,4.11,5.91,0.81,60.22,39.78,7.28,17.96,4.9,-57.5,-28.7,1.72,0.58,7.639999866485596,3.539988484258922,6.566678638300299,24.159904112394777,22.4844233478593,31.466146814647864,9.614841882991668,17.214953615676066,,,,,5,False,8.9,,,n/d,n/d,,,,False,False,,,Em Baixa,9.779999732971191,-21.881389825308894,-57.72948569142218,False,False,False,sem sinal (Em Baixa; sem novo topo (-21.9%))
ALPA4,SMALL11,SMALL11,Consumo discricionário,64.82,63.9,70.0,,,0.9,,75.58,43.06,58.21,74.83,False,26,Pivô de alta,6,8,False,,False,,False,False,True,True,True,True,7,10,True,True,True,False,True,True,True,False,True,False,True,0.19,True,8720960512.0,12.51,2.42,13.98,8.78,19.37,-7.05,17.96,14.52,8.01,0.82,0.64,1.91,0.39,0.13,109.81,92.8,10.45,7.61,0.98,45.48,54.52,7.74,16.06,65.9,-20.0,5.2,1.11,0.47,12.84000015258789,8.050127624319108,14.932986743111945,13.599520545306918,11.069294705240331,30.791367272393025,10.329989999999999,12.419184799865187,6.103131550478226,10.929176566903104,11.069294705240331,9.962365234716298,7,True,5.0,-22.41148663297802,-14.881803449976294,n/d,n/d,,,Pivô de alta,False,False,,,Em Alta,13.529999732971191,-5.099775269779528,-20.838466731522796,False,True,False,Pivô de alta
MULT3,BOVA11+SMALL11,BOVA11,Imobiliário,63.1,61.88,70.0,,,0.8,,86.33,41.18,43.73,39.86,False,27,Não,7,8,False,,True,,False,False,True,True,True,True,7,10,True,True,True,True,True,True,True,False,True,True,True,0.74,True,13189512192.0,9.94,2.04,4.18,3.71,20.52,17.07,18.7,43.42,7.43,2.13,1.59,1.64,0.75,0.77,36.86,62.0,10.15,10.89,0.29,52.11,47.88,25.22,35.12,6.5,-23.5,-9.2,1.27,0.8,26.860000610351562,7.1152633119553155,13.19881344367711,35.80432676933181,28.293651593356557,45.03018693888243,26.50039357303511,29.224231781490207,23.5668842743778,28.80264119630729,28.293651593356557,25.464286434020902,7,True,6.3,-5.196255192163946,7.2324666485936495,2026-10-29,2026-07-01,última,,,False,False,,,Em Baixa,29.06999969482422,-7.60233611170672,-23.862246653975916,True,False,False,sem sinal (Em Baixa; sem novo topo (-7.6%))
BBSE3,BOVA11,BOVA11,Insurance,62.43,60.21,75.0,,1.3,0.3,,67.91,33.14,61.0,91.61,False,28,Não,5,6,False,,True,,True,False,True,,False,True,6,8,True,True,False,,True,,True,True,True,True,True,,True,72195031040.0,7.86,6.63,12.51,12.83,84.38,83.67,0.0,87.93,,,,,,,100.83,-0.1,8.44,28.81,,55.04,44.96,28.02,40.52,32.7,-8.2,4.6,0.54,0.51,37.189998626708984,34.07781575837959,49.617299744200686,49.2081406765615,24.43708413962328,,59.50416498381771,12.640003168292585,,48.10185529073987,49.412720210381096,44.471448189342986,4,True,1.7,19.579053055959616,29.34083642636718,2026-11-03,2026-08-07,última,,,False,False,,,Em Baixa,40.03296661376953,-7.101567102155992,-8.771315245517197,True,False,False,sem sinal (Em Baixa; sem novo topo (-7.1%))
VIVA3,BOVA11+SMALL11,BOVA11,Consumo discricionário,62.35,62.77,60.0,,,0.9,,76.47,53.88,66.07,16.78,False,29,Não,6,8,False,,True,,False,False,True,True,True,True,6,10,True,True,True,True,False,True,True,False,True,True,True,0.28,True,5060106752.0,8.68,1.6,3.24,1.97,18.4,21.98,17.32,18.56,5.73,1.1,0.89,4.19,0.4,0.58,17.11,0.4,6.74,10.38,1.73,37.54,62.46,20.42,35.35,5.4,-39.1,-7.3,1.13,0.52,21.520000457763672,3.0296353259999407,5.61997352972989,32.85023111352173,27.391365396397653,42.07544947355464,10.853405399094557,29.999078979140602,14.591558630935726,,,,6,False,13.9,,,n/d,2025-12-22,última,,,False,False,,,Em Baixa,22.84000015258789,-5.779333126119335,-40.04150742438293,True,False,False,sem sinal (Em Baixa; sem novo topo (-5.8%))
SEER3,SMALL11,SMALL11,Consumo discricionário,61.98,62.33,60.0,,,0.9,,69.98,83.26,39.62,20.98,False,30,Não,5,8,False,,False,,False,False,True,True,True,False,6,10,True,True,True,False,False,True,True,False,True,False,True,0.8,True,1421249280.0,5.26,0.94,4.3,2.42,17.83,-1.1,17.04,11.85,2.46,1.79,1.47,1.64,0.92,0.35,12.72,29.3,4.44,9.65,0.47,59.3,40.7,7.9,13.75,40.5,-19.3,-7.2,1.43,0.48,11.100000381469727,1.917937789738674,3.5577745999652404,27.961027576896168,23.678678118859235,36.758770870415844,9.158754146,25.53422140984481,40.682222654568726,,,,5,False,21.2,,,n/d,n/d,,,,False,False,,,Em Baixa,12.350000381469727,-10.121457177244576,-21.443734666884527,False,False,False,sem sinal (Em Baixa; sem novo topo (-10.1%))
TEND3,SMALL11,SMALL11,Consumo discricionário,61.4,63.41,50.0,,,0.9,,76.9,59.33,52.73,34.27,False,31,Não,5,8,False,,False,,False,False,True,True,False,False,5,10,True,True,True,False,False,True,True,False,True,False,True,0.24,True,3819112192.0,6.59,2.48,4.69,3.32,37.61,-8.65,14.39,12.08,4.53,0.47,0.46,1.96,0.79,0.44,21.89,-11.5,4.57,7.18,0.76,81.81,18.11,19.56,36.71,59.2,-15.2,-1.8,1.59,0.56,31.139999389648438,7.388909085479433,13.706426353564346,62.610772672661874,36.53770887188449,86.57734719900435,22.514801130999526,57.176630138808214,28.915100383980327,,,,6,False,11.7,,,n/d,n/d,,,,False,False,,,Em Alta,33.66999816894531,-7.5141042972504675,-16.36230233950623,False,False,False,sem sinal (Em Alta)
ABCB4,SMALL11,SMALL11,Produtos financeiros,61.39,65.61,37.5,16.87,,0.4,,51.24,70.1,83.86,82.52,False,32,Não,2,6,False,,True,,False,False,True,,False,True,3,8,True,False,False,,False,,True,False,True,True,True,,True,5860093440.0,5.81,0.82,11.46,10.05,14.05,14.98,0.0,40.92,,,,,,0.99,58.38,-2.9,4.76,1.54,,89.78,10.19,18.99,26.85,19.7,-15.3,-4.1,0.91,0.69,22.739999771118164,16.320280577166773,29.66719088675526,50.82005059162305,49.418177237798744,62.21486264250041,45.811190239264164,24.84311435356077,,35.654678073702314,37.739190563009714,33.965271506708746,4,True,3.1,49.36355254430425,56.792781145877356,n/d,n/d,,,,False,False,,,Em Baixa,24.15999984741211,-5.877483796615368,-16.78982394266102,False,False,False,sem sinal (Em Baixa; sem novo topo (-5.9%))
TOTS3,BOVA11+SMALL11+Wishlist,BOVA11,Tecnologia de informação,61.28,57.98,80.0,,,0.5,,86.12,31.84,49.34,13.99,False,33,Pivô de alta,6,8,False,,True,,False,False,True,True,True,True,8,10,True,True,True,True,True,False,True,False,True,True,True,0.55,True,18349213696.0,13.08,3.42,2.19,1.39,26.12,14.98,23.37,21.63,7.53,2.09,1.25,1.84,0.92,0.87,18.17,269.5,15.21,7.39,1.0,42.41,54.01,27.05,47.43,19.0,-32.1,3.2,0.97,0.44,32.18000030517578,3.1922744775158147,5.921669155791836,32.598241899356196,22.82235087014609,40.32047761948458,10.59424454785779,29.76896052695925,23.55072765225805,,,,6,False,12.6,,,2026-11-04,2026-06-16,última,"A TOTVS (TOTS3) apresenta-se como uma operação de alta eficiência operacional no setor de tecnologia da informação, o que é evidenciado por um ROE de 26,1% e um ROIC de 23,4% que se posicionam significativamente acima dos pares setoriais (9,1% e 13,4%, respectivamente), sugerindo uma forte capacidade de gerar valor sobre o capital empregado. Essa qualidade superior convive com múltiplos de preço que demandam atenção, pois o P/L de 13,08 e o P/VP de 3,42 indicam que o mercado cobra um prêmio pelo papel, embora o PEG de 0,87 sugira que esse preço está atrativo quando alinhado ao forte crescimento contratado. No âmbito financeiro, a excelente rentabilidade traduzida em uma margem líquida de 21,63% suporta uma estrutura de capital cujo endividamento de 2,09 vezes a Dívida Líquida/EBITDA está acima da média do setor (1,16 vezes), mas ainda permanece em patamar controlável e com liquidez corrente confortável de 1,84. Essa alavancagem moderada e o foco na reinvestimento explicam o dividendo modesto de 2,19%, um dividend yield que se mostra coerente com uma estratégia de crescimento acelerado em detrimento de distribuição massiva de proventos. O perfil de expansão da companhia é altamente robusto, registrando um CAGR de receita de cinco anos de 269,5%, patamar que supera com folga a média setorial de 74,1% e reforça o vigor operacional da empresa. No checklist de critérios fundamentalistas, a TOTS3 atende a 6 de 8 requisitos, falhando apenas na relação de endividamento frente aos pares e na ocorrência de venda por insiders, o que ainda assim demonstra uma sólida governança e saúde financeira. Sob a ótica de valuation, os preços-teto calculados revelam uma enorme dispersão entre as metodologias, variando desde estimativas extremamente conservadoras focadas em dividendos, como Bazin a R$ 3,19 e Gordon a R$ 5,92, até modelos baseados em fluxo de caixa e crescimento, como o DCF a R$ 32,60 e o modelo de Lynch a R$ 40,32, situando o preço atual de R$ 32,18 próximo ao limite de valor justo por fluxo de caixa, mas com margem perante a métrica de crescimento. Como prós, destacam-se a rentabilidade excepcional, o crescimento de receita muito acima do setor e a forte eficiência operacional; como contras, pesam o endividamento superior à média dos pares, o baixo retorno em dividendos e o valuation esticado sob a ótica de métodos clássicos de renda.",Pivô de alta,True,False,,,Em Alta,32.5099983215332,-1.0150662362195417,-32.51372400611565,True,True,True,Pivô de alta
SAPR11,SMALL11,SMALL11,Serviços públicos,60.84,59.22,70.0,,,0.1,,57.82,57.08,64.59,60.14,True,34,Não,4,8,False,,True,,False,False,False,True,True,True,7,10,False,False,True,False,False,True,True,True,False,True,True,0.21,True,10043467776.0,22.06,0.83,1.66,6.34,3.76,14.91,11.83,6.04,3.93,0.89,1.05,1.86,0.6,1.92,139.92,11.5,6.25,5.91,0.51,53.34,46.66,31.45,47.9,5.7,-30.6,-13.2,0.97,0.55,33.22999954223633,15.055184901028715,27.927367991408264,19.959088573646024,36.83662170557399,26.877496978699902,15.033916666666668,14.912828443705335,76.15609957570291,22.371786465818417,19.959088573646024,17.963179716281424,7,True,5.1,-45.94288304623754,-32.67593507672727,n/d,n/d,,,,False,False,,,Em Baixa,36.22999954223633,-8.280430687012984,-31.79392711485496,False,False,False,sem sinal (Em Baixa; sem novo topo (-8.3%))
CYRE3,BOVA11+SMALL11,BOVA11,Consumo discricionário,60.53,58.86,70.0,,,0.9,,60.93,62.53,45.12,67.83,False,35,Rompimento,4,8,False,,True,,False,False,True,True,False,True,7,10,True,True,False,True,False,False,True,False,True,True,False,0.53,True,8465445888.0,5.14,0.94,10.0,7.26,18.26,15.44,7.03,20.56,8.37,3.08,6.13,3.37,0.73,0.45,37.33,-2.0,4.31,3.68,1.17,56.08,39.17,19.83,35.31,16.5,-34.5,0.8,1.72,0.67,23.110000610351562,11.99003828103712,22.241521011323858,59.57344515314361,49.87073049461024,84.10530953904527,30.758877758541434,44.34953679368359,5.075463930454974,,,,6,False,16.6,,,n/d,n/d,,,Rompimento,False,False,,,Lateral,22.56999969482422,2.3925605796582206,-35.832554413498805,False,True,False,"Rompimento (vol x1.4, +2.4% do topo, MM50>MM200)"
ITSA4,BOVA11,BOVA11,Financial Services,60.42,59.32,66.66666666666667,,,0.4,,60.65,48.78,,79.72,False,36,Não,5,6,False,,True,,False,False,True,,True,True,6,9,True,True,True,,True,,True,False,True,True,True,,True,140091883520.0,7.72,1.49,9.01,9.4,19.36,17.48,0.38,214.29,,,,,,1.45,72.56,28.4,6.58,0.38,0.64,16.02,79.82,9.45,14.81,32.3,-15.6,-6.3,1.24,0.88,12.5,8.391835717791732,14.242051423175154,19.62818999580421,17.482336999533576,23.8202736582025,17.412090792051153,9.73241997420155,,14.918541982205562,15.827071107613154,14.244363996851838,4,True,2.3,13.95491197481471,19.348335857644507,n/d,2026-09-01,próxima,,,False,False,,,Em Baixa,13.880000114440918,-9.9423638549192,-16.945172921251373,True,False,False,sem sinal (Em Baixa; sem novo topo (-9.9%))
BBDC3,BOVA11,BOVA11,Produtos financeiros,60.37,59.99,62.5,15.65,,0.4,,48.9,69.15,66.43,74.13,False,37,Não,3,6,False,,True,,False,False,True,,True,True,5,8,True,False,False,,True,,True,False,True,True,True,,True,156077703168.0,6.13,0.87,9.87,8.7,14.13,11.35,0.0,26.07,,,,,,0.93,53.33,17.8,,1.07,,92.32,7.66,12.38,17.96,15.7,-20.2,-8.6,1.16,0.84,14.329999923706055,8.905449596806895,16.51960900207679,30.974306523508194,29.433884650498353,35.753417956252896,25.58451048445651,15.93419931312169,,20.495968901712097,21.05205974326665,18.946853768939985,4,True,3.5,32.218100975676144,43.028395051180055,2026-11-04,2026-09-02,próxima,,,False,False,,,Em Baixa,16.13422966003418,-11.182620889532469,-21.221319240641645,True,False,False,sem sinal (Em Baixa; sem novo topo (-11.2%))
CMIN3,BOVA11,BOVA11,Materiais,60.05,65.35,30.0,,,1.0,,82.75,46.11,33.99,97.9,False,38,Fundo duplo,7,8,False,,True,,False,False,True,False,True,False,3,10,True,True,True,False,True,True,True,True,True,True,True,0.18,True,31754698752.0,13.74,4.37,18.46,16.61,31.79,32.01,20.33,13.41,5.34,0.2,0.14,1.17,1.24,0.15,228.24,90.7,14.68,8.29,0.53,80.09,19.91,4.08,6.24,44.6,-5.4,20.4,1.1,0.49,5.900000095367432,7.0004367515137425,12.98581017405799,5.689592522825215,3.6116794065174167,12.882096278094828,6.133333333333334,5.195778832164914,5.412237592239494,7.3638706113433665,5.911462928079274,5.320316635271347,8,True,3.6,-9.825143232645727,24.81136427650803,n/d,2026-04-17,última,"A CSN Mineração (CMIN3) apresenta uma notável eficiência operacional, com ROE de 31,8% e ROIC de 20,3% que se posicionam muito acima dos pares do setor de materiais (8,4% e 8,7%, respectivamente), sugerindo uma forte capacidade de geração de valor sobre o capital empregado. Essa elevada qualidade, contudo, convive com múltiplos de preço mistos: enquanto o P/L de 13,74 e o P/VP de 4,37 indicam que o mercado cobra um prêmio patrimonial pelo ativo, o PEG de 0,15 aponta que o preço está descontado quando confrontado com o seu ritmo de crescimento. No âmbito financeiro, a excelente rentabilidade é acompanhada por um endividamento sob controle, visto que a relação Dívida Líquida/EBITDA de 0,20 está substancialmente abaixo da média setorial de 2,17, embora a relação Dívida/Patrimônio de 1,24 exija atenção. Esse balanço robusto confere sustentabilidade ao expressivo Dividend Yield de 18,46%, o qual é suportado por lucros consistentes e uma estrutura de capital que não compromete a saúde financeira da companhia no curto prazo, dada a liquidez corrente de 1,17. O forte desempenho histórico é ratificado pelo crescimento composto anual (CAGR) da receita nos últimos cinco anos de 90,7%, patamar que supera com folga a média dos concorrentes de 17,7%. No checklist de critérios fundamentalistas, a empresa revela uma solidez operacional quase impecável ao atender 7 de 8 requisitos, falhando apenas em entregar uma margem líquida superior a 15%, já que registrou 13,41%. Sob a ótica do valuation, os métodos de precificação expõem uma elevada dispersão, variando desde a visão conservadora de Graham a R$ 3,61 e do fluxo de caixa descontado (DCF) a R$ 5,69, até o otimismo de Gordon a R$ 12,99 e Lynch a R$ 12,88. Essa divergência resulta em uma média de preço-teto de R$ 7,36 e uma mediana de R$ 5,91, sendo que o preço-teto ajustado com margem de segurança fica em R$ 5,32, o que representa um upside negativo de 9,8% em relação ao preço atual de R$ 5,90. Em suma, os prós da CMIN3 concentram-se em sua rentabilidade excepcional, endividamento controlado, forte expansão de receita e proventos altamente atrativos, enquanto os contras residem no prêmio exigido em seu valor patrimonial, na margem líquida ligeiramente abaixo do ideal e na ausência de margem de segurança no preço atual perante os modelos de avaliação mais conservadores.",Fundo duplo,False,False,,,Em Alta,5.909999847412109,-0.1692005465796509,-7.419964643397659,True,True,True,Fundo duplo — rompeu pescoço ~R$4.78 (candidato)
ITUB4,BOVA11,BOVA11,Produtos financeiros,59.96,57.31,75.0,15.95,,0.4,,58.52,40.47,70.71,67.13,False,39,Não,4,6,False,,True,,False,False,True,,True,True,6,8,True,True,False,,True,,True,False,True,True,True,,True,425444245504.0,9.13,2.05,8.07,7.16,22.45,19.06,0.0,32.58,,,,,,1.17,65.34,8.1,7.57,1.58,,92.99,6.67,32.61,48.4,18.4,-20.3,-7.0,1.19,0.85,38.599998474121094,19.730618060820515,36.600296502822054,56.018617719836186,42.32200432760474,63.15628612000056,45.3046605503917,31.975093489785376,,39.41354820846762,40.95247852660688,36.8572306739462,4,True,2.8,-4.514942665977861,2.107641882141409,n/d,2026-09-01,próxima,,,False,False,,,Em Baixa,43.16999816894531,-10.586054872968898,-20.737613726838788,True,False,False,sem sinal (Em Baixa; sem novo topo (-10.6%))
ISAE4,BOVA11,BOVA11,Serviços públicos,59.33,59.21,60.0,,,0.1,,61.14,48.29,59.98,76.22,True,40,Não,5,8,False,,True,,False,False,True,True,True,True,6,10,False,True,False,True,True,False,True,True,True,True,True,0.67,True,18361116672.0,6.5,0.83,6.66,8.95,12.71,14.91,9.63,26.39,7.36,3.41,4.96,5.28,0.79,1.22,58.19,220.0,8.76,6.2,0.28,54.58,44.81,20.47,31.63,27.1,-17.7,-7.6,0.98,0.69,26.020000457763672,16.637635808785895,28.24291835350032,48.53822209804601,53.137710012692935,57.10900732510467,43.1192701942657,24.06622532388929,29.312792115648755,37.520472653991696,36.21603115495723,32.594428039461505,8,True,3.4,25.266823466700593,44.198585679873005,n/d,2026-04-20,última,,,False,False,,,Em Baixa,26.889999389648438,-3.2353995969954585,-18.79763833854744,True,False,False,sem sinal (Em Baixa; sem novo topo (-3.2%))
ABEV3,BOVA11,BOVA11,Bens de primeira necessidade,59.1,58.94,60.0,,,0.0,,79.37,18.57,66.34,53.15,True,41,Não,7,8,False,,True,,False,False,True,True,True,True,6,10,True,True,True,True,True,True,True,False,True,True,True,-0.17,True,231299973120.0,14.3,2.63,5.26,5.43,18.4,17.07,20.62,18.41,8.07,-0.57,-0.39,1.02,0.03,3.48,77.67,24.6,13.51,10.3,0.81,38.81,60.59,11.06,16.9,35.6,-11.3,-4.9,0.68,0.46,15.0,5.819252146308642,8.57533093218367,11.041063292106,11.602100554224403,10.007475705257258,14.942249899794339,5.511532858762981,10.662151853998639,9.770144655329492,10.334813779627948,9.301332401665153,8,True,2.7,-37.99111732223231,-34.86570229780338,2026-10-29,2026-09-22,próxima,,,False,False,,,Em Baixa,15.989999771118164,-6.191368263221275,-11.72672239831638,True,False,False,sem sinal (Em Baixa; sem novo topo (-6.2%))
BLAU3,SMALL11,SMALL11,Cuidados de saúde,58.76,63.83,30.0,,,0.2,,63.16,57.82,84.45,40.56,True,42,Não,5,8,False,,True,,False,False,True,True,False,False,3,10,False,True,True,False,False,True,True,True,True,True,True,-0.01,True,2069625216.0,8.94,0.9,8.29,3.82,10.02,13.86,12.24,13.09,4.81,-0.09,-0.1,3.23,0.37,1.35,34.12,-14.8,6.47,5.15,1.38,37.94,62.5,8.35,13.7,7.3,-34.6,-10.2,0.76,0.25,8.960000038146973,2.4423989685196505,4.530650086603952,13.279642114703286,14.983361454621866,10.441004733840698,7.313546441261829,6.836171084418274,10.048176499988802,9.633221773634101,10.048176499988802,9.043358849989922,7,True,6.1,0.9303438782148454,7.513635408715458,n/d,n/d,,,,False,False,,,Em Baixa,9.300000190734863,-3.655915544245003,-37.26836633034468,False,False,False,sem sinal (Em Baixa; sem novo topo (-3.7%))
EZTC3,SMALL11,SMALL11,Consumo discricionário,58.74,56.75,70.0,,,0.9,,50.83,59.79,67.71,53.85,False,43,Não,3,8,False,,True,,False,False,True,True,False,True,7,10,False,False,False,True,False,True,True,False,True,False,True,0.0,True,3125836544.0,5.89,0.6,8.88,5.69,10.15,7.87,5.14,36.95,9.97,0.07,0.17,3.06,0.34,0.87,33.51,-22.5,4.94,2.75,2.48,28.86,69.9,9.84,16.23,14.5,-30.5,-11.8,1.33,0.61,11.270000457763672,4.580215109676797,8.496299028450458,25.35271749836479,28.436878352091895,23.799411813321843,14.268383833094417,13.22806971521074,4.74795751088484,18.930293373422355,19.03389782320813,17.130508040887317,6,True,6.2,52.0009524852012,67.9706531012753,n/d,n/d,,,,False,False,,,Em Baixa,11.318214416503906,-0.4259855571381532,-31.462375395415354,False,False,False,sem sinal (Em Baixa; sem novo topo (-0.4%))
KEPL3,SMALL11,SMALL11,Bens Industriais,58.72,63.79,30.0,,,0.7,,64.59,47.94,65.1,97.2,False,44,Não,6,8,False,,True,,False,False,True,True,False,False,3,10,True,True,True,False,False,True,True,True,True,True,True,-0.02,True,1062069376.0,7.88,1.38,4.71,16.6,17.52,36.22,12.97,9.71,6.28,-0.07,-0.08,2.04,0.43,,130.82,-56.2,11.1,6.76,1.34,48.81,51.19,5.69,10.45,7.7,-41.3,-11.2,1.03,0.5,6.130000114440918,7.268850402313239,10.583446185768077,8.090355480988013,8.817573525689655,,8.87647993724503,2.078154498550493,5.265969804073989,8.150445889346333,8.453964503338835,7.6085680530049515,6,True,5.1,24.120194306046685,32.95996308622726,n/d,n/d,,,,False,False,,,Em Baixa,6.380000114440918,-3.9184952275178375,-41.61904652913412,False,False,False,sem sinal (Em Baixa; sem novo topo (-3.9%))
TAEE11,BOVA11+SMALL11,BOVA11,Serviços públicos,58.56,58.3,60.0,,,0.1,,73.33,26.94,48.41,88.81,True,45,Não,6,8,False,,True,,True,False,True,False,True,True,6,10,True,True,True,True,False,False,True,True,True,True,True,0.45,True,38828597248.0,7.96,1.6,8.0,11.16,20.14,22.05,11.11,36.48,9.26,4.36,5.49,3.48,1.36,3.54,88.82,13.5,8.68,6.9,0.24,66.19,33.81,30.9,43.57,21.6,-13.8,-5.1,0.88,0.69,37.56999969482422,29.944701774652827,36.48598297399831,41.07770266839308,49.93624997968088,63.29224283333705,16.189785322311664,19.287740092774502,26.844516609476663,35.38236528182813,33.21534237432557,29.893808136893018,8,True,3.9,-20.43170513783289,-5.822822546622131,n/d,n/d,,,,False,False,,,Em Baixa,39.42622375488281,-4.708094976579402,-14.247203684461663,False,False,False,sem sinal (Em Baixa; sem novo topo (-4.7%))
BBDC4,BOVA11,BOVA11,Produtos financeiros,58.35,57.62,62.5,15.65,,0.4,,48.9,60.78,66.43,71.33,False,46,Não,3,6,False,,True,,False,False,True,,True,True,5,8,True,False,False,,True,,True,False,True,True,True,,True,176572465152.0,6.95,0.98,9.58,8.33,14.13,11.35,0.0,26.07,,,,,,1.17,57.89,17.8,5.4,1.07,,92.32,7.66,14.51,20.89,11.9,-22.3,-9.9,1.23,0.83,16.239999771118164,9.66259403414887,17.80395787005187,30.753602951276847,29.516974336859334,33.367113063514886,27.996885309856058,14.981264557011809,,21.55426004133341,22.900421589953964,20.61037943095857,4,True,3.2,26.911205181251653,32.723277987148315,n/d,n/d,,,,False,False,,,Em Baixa,18.49909782409668,-12.211936357436004,-23.536801850309217,False,False,False,sem sinal (Em Baixa; sem novo topo (-12.2%))
CPFE3,BOVA11,BOVA11,Serviços públicos,57.92,59.32,50.0,,,0.1,,76.55,42.08,29.8,83.92,True,47,Não,6,8,False,,True,,False,False,True,False,True,True,5,10,True,True,True,False,False,True,True,True,True,True,True,1.44,True,48763408384.0,8.12,2.15,8.82,10.15,26.43,27.84,15.57,13.16,5.48,2.35,2.11,0.92,1.55,1.75,82.43,21.5,9.69,8.79,0.29,71.02,27.73,35.03,52.32,20.8,-19.1,-7.4,0.95,0.66,42.31999969482422,30.687162074242636,48.04756010654296,58.28760390655141,48.044056648486084,77.10873493397129,60.564211485447906,29.134336598184245,74.487863906757,53.29519120752294,53.167582006547185,47.85082380589247,8,True,2.6,13.06905517710737,25.933817561064387,n/d,n/d,,,,False,False,,,Em Baixa,46.349998474121094,-8.694711784180475,-20.138642877593593,False,False,False,sem sinal (Em Baixa; sem novo topo (-8.7%))
TFCO4,SMALL11,SMALL11,Consumo discricionário,57.71,59.07,50.0,,,0.9,,81.65,29.8,66.36,16.08,False,48,Não,5,8,False,,True,,False,False,True,True,False,True,5,10,True,True,True,False,False,True,True,False,True,True,True,0.2,True,1957672320.0,13.45,3.23,2.47,1.72,23.99,26.81,27.1,13.23,8.3,0.47,0.24,2.83,0.3,0.9,23.18,-1.4,8.49,15.28,1.67,41.96,57.74,12.77,18.1,1.0,-28.7,-13.4,1.25,0.68,12.899999618530273,1.5878502677692021,2.9454622467118696,12.708178062864395,9.283645602580306,16.039397622804678,6.080625000000001,11.6052041177856,6.2110087393649085,,,,6,False,10.1,,,n/d,n/d,,,,False,False,,,Em Baixa,15.010000228881836,-14.057298988520706,-29.03455086664154,False,False,False,sem sinal (Em Baixa; sem novo topo (-14.1%))
ALUP11,SMALL11,SMALL11,Serviços públicos,57.62,55.44,70.0,,,0.1,,61.2,50.7,51.66,48.95,True,49,Não,7,8,False,,True,,False,False,True,False,True,True,7,10,True,True,True,True,True,False,True,True,True,True,True,0.85,True,15282828288.0,7.64,1.1,3.36,4.76,14.38,12.27,10.21,27.68,6.19,3.48,4.77,3.17,1.11,0.83,36.34,176.5,11.59,5.7,0.32,60.84,28.54,28.18,36.3,14.0,-11.5,-2.5,0.82,0.67,32.130001068115234,10.917683618364777,20.25230311206666,55.7228421665611,52.57254206560851,58.5018002317337,27.806445618372308,35.431903995371066,51.920615980589055,43.17263616718606,51.920615980589055,46.72855438253015,7,True,5.4,45.43589427048617,34.36861105500921,n/d,n/d,,,,False,False,,,Em Baixa,32.741859436035156,-1.8687343310945903,-12.27600833070024,False,False,False,sem sinal (Em Baixa; sem novo topo (-1.9%))
VBBR3,BOVA11,BOVA11,Consumo discricionário,57.57,55.38,70.0,,,0.9,,61.7,50.83,46.19,56.64,False,50,Não,6,8,False,,True,,False,False,True,True,True,True,7,10,True,True,True,False,True,True,True,False,False,True,True,0.74,True,41400934400.0,8.2,1.76,4.36,6.06,21.49,20.83,16.06,2.48,6.02,1.52,1.33,2.01,0.93,0.76,49.73,677.0,10.61,9.71,0.57,65.98,33.8,18.16,36.13,90.5,-4.2,8.0,1.09,0.66,34.61000061035156,14.991596912404788,27.80941227251088,55.92469610819002,43.21451128531487,71.19521688179286,38.37351582026254,39.93811962899871,20.912480023204417,42.48113600289633,39.93811962899871,35.944307666098844,7,True,4.7,3.8552644675429404,22.742372879908523,n/d,n/d,,,,False,False,,,Lateral,36.130001068115234,-4.2070313114523366,-5.514606603498007,False,False,False,sem sinal (Lateral)
RECV3,BOVA11+SMALL11,BOVA11,Energia,57.23,62.04,30.0,,,0.9,,54.7,70.8,54.9,87.41,False,51,Não,3,8,False,,True,,False,False,True,True,False,False,3,10,False,False,False,True,False,True,True,False,True,True,True,0.36,True,3079525120.0,6.18,0.7,16.23,10.71,11.26,17.76,10.15,16.73,3.26,1.18,1.63,2.91,0.72,1.62,66.18,-14.8,6.41,5.06,0.52,50.04,49.96,8.89,13.47,18.2,-22.0,-3.8,0.71,0.39,10.510000228881836,8.038973483700296,11.463471594626535,17.322149310364104,23.969044791997696,24.68791743476308,21.049468098432374,8.614195297508775,10.40894108722206,15.694270137326864,14.392810452495318,12.953529407245787,8,True,3.1,23.249563512368443,49.327019938576974,n/d,n/d,,,,False,False,,,Lateral,10.569999694824219,-0.5676392400632002,-23.77639794874098,False,False,False,sem sinal (Lateral)
BPAC11,BOVA11,BOVA11,Produtos financeiros,56.74,53.52,75.0,15.65,,0.4,,59.63,42.7,66.43,27.27,False,52,Não,4,6,False,,True,,False,False,True,,True,True,6,8,True,True,False,,True,,True,False,True,True,True,,True,174711685120.0,11.08,2.54,2.72,2.74,22.88,20.48,0.0,39.8,,,,,,0.74,30.33,20.0,8.52,2.41,,90.46,8.68,41.48,63.41,25.0,-18.2,-5.5,1.57,0.84,51.849998474121094,10.136923372330992,18.803992855673993,62.0047364424282,46.3610505390373,83.00242818812728,11.768333333333333,56.62319327950048,,13.56974985377944,11.768333333333333,10.5915,3,True,6.1,-79.5728055705029,-73.82883268443634,n/d,n/d,,,,False,False,,,Em Baixa,56.29629898071289,-7.898033417996264,-19.681462252912997,False,False,False,sem sinal (Em Baixa; sem novo topo (-7.9%))
GMAT3,SMALL11,SMALL11,Bens de primeira necessidade,56.72,54.97,66.66666666666667,,,0.0,,48.04,73.9,57.59,33.57,True,53,Rompimento,4,8,False,,True,,False,,True,True,False,True,6,9,True,True,False,False,False,True,True,False,False,True,True,0.48,True,9557397504.0,5.89,0.85,2.87,3.24,14.52,15.23,10.1,4.11,4.18,2.06,2.86,1.74,0.56,0.5,19.08,-35.4,4.66,5.7,1.0,52.91,42.64,3.57,7.15,16.2,-42.0,0.3,1.21,0.52,4.150000095367432,0.960129478758594,1.781040183097192,9.335738754434374,8.79776293948708,10.560950677982827,4.2337678273820885,7.086068970711729,6.873907403846603,,,,6,False,11.0,,,n/d,n/d,,,Rompimento,False,False,,,Lateral,4.03000020980835,2.9776644990494594,-42.69404327219031,False,True,False,"Rompimento (vol x1.4, +3.0% do topo, MM50>MM200)"
BMOB3,SMALL11,SMALL11,Comunicação,55.88,53.39,70.0,,,0.4,,58.08,28.88,71.15,58.04,False,54,Não,7,8,False,,True,,False,False,True,True,False,True,7,10,True,True,True,False,True,True,True,True,True,True,True,-0.3,True,1902150528.0,12.22,2.07,8.62,6.18,16.97,10.68,11.27,8.49,6.71,-1.91,-2.38,1.69,0.05,2.95,75.57,-1.0,10.18,6.02,1.43,47.82,51.18,17.95,27.93,27.0,-18.4,-6.3,1.2,0.62,22.799999237060547,10.071917137930676,14.901175165899224,19.71714211362529,21.503309996142185,19.272679933421724,23.406208603503675,9.84549152088756,18.939592179309958,17.20718958134004,19.10613605636584,17.195522450729257,8,True,2.4,-24.581039359077796,-24.529867731879595,n/d,n/d,,,,False,False,,,Em Baixa,23.73871612548828,-3.9543709249710957,-19.070553316976646,False,False,False,sem sinal (Em Baixa; sem novo topo (-4.0%))
SANB11,BOVA11,BOVA11,Produtos financeiros,55.84,56.87,50.0,14.99,,0.4,,52.03,60.8,57.0,68.53,False,55,Pivô de alta,3,6,False,,True,,True,False,True,,True,False,4,8,True,False,False,,True,,True,False,True,True,True,,True,158786322432.0,7.15,1.12,7.81,7.32,15.69,10.65,0.0,28.66,,,,,,0.96,52.33,49.8,6.31,1.11,,90.04,9.86,24.53,36.14,20.5,-18.2,6.6,1.17,0.65,29.549999237060547,15.447346554415043,28.65482785843991,54.760488096650654,49.53209541256255,61.159594893018145,36.650613732101476,30.47171415215617,,33.87831906040177,32.652720795270696,29.387448715743627,4,True,3.5,-0.5500863807571754,14.647444788806641,n/d,n/d,,,Pivô de alta,False,False,,,Em Alta,29.93000030517578,-1.2696326904130362,-18.950233975042753,False,True,False,Pivô de alta
CMIG4,BOVA11,BOVA11,Serviços públicos,55.72,54.96,60.0,,,0.1,,55.37,50.9,37.3,98.6,True,56,Não,5,8,False,,True,,True,False,True,True,False,True,6,10,True,True,False,False,False,True,True,True,True,True,True,0.67,True,28721246208.0,6.25,0.98,10.53,17.43,15.75,21.33,9.3,10.51,6.3,2.49,3.75,1.17,0.78,,108.95,-20.4,8.67,5.94,0.42,57.36,42.63,9.45,13.28,6.2,-24.4,-11.0,0.97,0.72,10.039999961853027,12.500696396093176,18.201013952711666,16.706559936523437,19.24296206468457,,14.127676775544375,4.291382840837751,14.15379224573121,15.822116895214739,15.430176091127324,13.887158482014591,6,True,4.5,38.31831209939083,57.590806327996624,n/d,n/d,,,,False,False,,,Em Baixa,11.34000015258789,-11.463846324889083,-24.713107617336316,False,False,False,sem sinal (Em Baixa; sem novo topo (-11.5%))
IGTI11,BOVA11+SMALL11,BOVA11,Imobiliário,55.55,53.0,70.0,,,0.8,,69.95,37.42,50.0,21.68,False,57,Não,3,7,False,,True,,False,False,True,True,False,True,7,10,False,False,True,True,False,True,,False,True,False,True,0.49,True,,10.96,1.42,1.25,2.45,12.93,7.32,12.16,41.91,8.44,2.15,2.47,2.73,0.9,1.16,26.9,-35.4,10.67,5.46,0.48,51.02,48.98,21.57,30.19,9.3,-21.9,-8.8,1.3,0.78,23.579999923706055,4.133603322546042,7.667834163322909,28.506842973458497,28.352124621197458,25.61587731745816,2.973447624014614,18.529928332397933,17.357727410577056,,,,6,False,9.6,,,n/d,n/d,,,,False,False,,,Em Baixa,25.56999969482422,-7.782556882552372,-22.502011601532967,False,False,False,sem sinal (Em Baixa; sem novo topo (-7.8%))
WEGE3,BOVA11+Carteira,BOVA11,Bens Industriais,55.38,54.57,60.0,,,0.7,,86.35,6.85,60.24,19.58,False,58,Rompimento,6,8,False,,True,,False,False,True,True,False,True,6,10,True,True,True,True,False,True,True,False,True,True,True,-0.16,True,206728527872.0,33.07,10.96,4.07,2.33,33.16,31.31,24.33,15.58,21.5,-0.35,-0.2,1.59,0.29,4.35,77.06,-2.1,26.67,11.21,1.12,56.49,40.84,34.11,53.79,44.5,-8.4,7.1,0.76,0.45,49.27000045776367,8.200611470210896,15.212134277241212,19.740777322811265,12.275846544056407,14.80525318134294,20.72427249111344,11.104039577977616,12.930868905193735,14.374225471243438,13.868061043268337,12.481254938941504,8,True,2.5,-74.6676378668984,-70.8256031303153,2026-10-21,2026-06-22,última,"A WEG (WEGE3) consolida-se como uma referência de eficiência operacional no setor de bens industriais, apresentando um retorno sobre o patrimônio líquido (ROE) de 33,2% e um retorno sobre o capital investido (ROIC) de 24,3%, ambos patamares que se posicionam significativamente acima dos pares setoriais, que registram médias de 14,5% e 12,6%, respectivamente. Essa qualidade operacional excepcional, contudo, convive com múltiplos de preço bastante esticados, evidenciados por um índice preço/lucro (P/L) de 33,07 e uma relação preço/valor patrimonial (P/VP) de 10,96, o que sugere que o mercado cobra um prêmio elevado pela resiliência da companhia. A excelente rentabilidade da empresa é sustentada por uma estrutura de capital extremamente robusta e desalavancada, com uma relação dívida líquida sobre EBITDA de -0,35, indicador que fica muito abaixo da média do setor de 2,38 e revela uma posição de caixa líquido altamente confortável. Esse endividamento sob controle e a margem líquida saudável de 15,58% garantem a sustentabilidade do rendimento de dividendos (DY) de 4,07%, o qual se mostra coerente com a geração de lucro e a solidez financeira da organização, mesmo sem um payout excessivo. Por outro lado, o crescimento recente acende um sinal de alerta, visto que a taxa de crescimento anual composta (CAGR) da receita nos últimos cinco anos recuou 2,1%, situando-se bem abaixo da média setorial de 27,1%. No checklist de critérios fundamentalistas, a empresa atende a 6 dos 8 requisitos avaliados, falhando justamente na expansão de receita frente aos pares e no registro de vendas por parte de pessoas internas à companhia. Sob a ótica de avaliação de valor, as estimativas de preço-teto revelam uma dispersão relevante entre os métodos, variando desde os conservadores R$ 8,20 pelo modelo de Bazin até R$ 19,74 pelo fluxo de caixa descontado (DCF). A média dessas metodologias resulta em R$ 14,37 e a mediana em R$ 13,87, o que gera um preço-teto ajustado com margem de segurança de R$ 12,48, indicando um expressivo potencial de desvalorização teórica de 74,7% em relação à cotação atual de R$ 49,27. Em balanço, os pontos positivos residem na rentabilidade formidável, na saúde financeira impecável com caixa líquido e no forte histórico de governança, enquanto os pontos negativos concentram-se no valuation severamente esticado perante os modelos clássicos e no recente desempenho de crescimento de receita inferior ao de seus concorrentes.",Rompimento,False,True,49.82,-1.1,Em Alta,49.16999816894531,0.20338070478416181,-9.23893834815127,False,True,False,"Rompimento (vol x1.1, +0.2% do topo, MM50>MM200)"
UGPA3,BOVA11,BOVA11,Consumo discricionário,55.02,52.38,70.0,,,0.9,,63.74,39.74,43.61,50.35,False,59,Rompimento,7,8,False,,True,,False,False,True,True,True,True,7,10,True,True,True,False,True,True,True,True,False,True,True,0.63,True,36793753600.0,11.16,2.15,2.89,5.11,19.25,16.17,21.5,2.26,5.2,1.13,0.74,1.64,0.98,1.35,57.04,44.3,12.65,9.73,0.63,64.07,31.75,16.19,34.58,113.5,0.0,18.4,1.03,0.57,34.58000183105469,12.624617231419277,23.41866496428276,41.05600575819664,33.48612882862086,41.46139459785485,23.71416875359945,24.3841517296257,26.425711869850527,28.32135546668126,25.404931799738115,22.864438619764304,8,True,3.3,-33.8795910669073,-18.099034219115705,n/d,n/d,,,Rompimento,False,False,,,Em Alta,34.31999969482422,0.7575819887599922,-1.5936185780319412,False,True,False,"Rompimento (vol x1.3, +0.8% do topo, MM50>MM200)"
EVEN3,SMALL11,SMALL11,Consumo discricionário,54.36,53.36,60.0,,,0.9,,40.54,72.1,46.63,77.62,False,60,Não,1,8,False,,True,,False,False,True,True,False,True,6,10,False,False,False,False,False,False,True,False,True,False,False,0.36,True,849166272.0,4.32,0.44,21.41,9.09,10.28,7.88,4.93,12.83,7.16,3.58,8.96,4.66,0.64,0.69,39.26,-35.3,2.78,2.32,1.27,57.92,36.05,4.15,8.43,3.1,-49.3,-23.2,1.34,0.63,4.28000020980835,2.778660805906363,5.154415794956303,13.127315458324219,14.725391080413168,15.190685960620792,9.474005170369459,6.53488945168863,0.7861618511746724,,,,6,False,19.3,,,n/d,n/d,,,,False,False,,,Em Baixa,4.949999809265137,-13.535345965119404,-49.83035250746168,False,False,False,sem sinal (Em Baixa; sem novo topo (-13.5%))
VIVT3,BOVA11,BOVA11,Comunicação,54.36,46.31,100.0,,,0.4,,45.51,36.84,52.36,61.54,False,61,Não,5,8,False,,True,,True,True,True,True,True,True,10,10,False,True,True,False,True,False,True,True,True,False,True,0.16,True,93727129600.0,14.34,1.44,8.48,6.44,10.05,7.53,9.1,10.68,4.16,0.56,0.86,0.95,0.3,18.78,92.4,18.5,9.62,5.51,0.48,46.12,53.66,29.28,40.95,0.2,-28.4,-15.3,0.81,0.55,29.329999923706055,13.499223943081466,14.38720731397909,15.570500558840735,30.615933027274085,14.741294452976033,30.536792079612667,6.445860913373785,38.20992116002673,17.970973184162553,14.741294452976033,13.26716500767843,7,True,5.9,-54.76588802526656,-38.72835584415579,n/d,n/d,,,,False,False,,,Em Baixa,32.630001068115234,-10.113395759688814,-28.85714780225045,False,False,False,sem sinal (Em Baixa; sem novo topo (-10.1%))
PGMN3,SMALL11,SMALL11,Bens de primeira necessidade,53.26,57.37,30.0,,,0.0,,46.76,74.97,43.88,88.11,True,62,Não,4,8,False,,True,,False,False,False,False,True,False,3,10,False,True,True,False,True,False,True,False,False,False,True,0.99,True,2422574592.0,7.43,0.71,7.0,10.75,9.61,5.91,12.78,2.1,2.62,3.59,3.94,1.78,1.02,3.84,79.85,11.1,4.94,6.26,0.83,68.82,31.1,3.13,7.54,7.7,-55.3,-21.7,1.53,0.6,3.369999885559082,2.5868130360265345,3.0602883261674316,3.832748668444044,6.959812888294945,5.752687125528321,8.494734991591379,1.7638562266581843,,4.635848751815835,3.832748668444044,3.44947380159964,7,True,4.8,2.3582765204567036,37.562282173393854,n/d,n/d,,,,False,False,,,Em Baixa,3.5399999618530273,-4.802262093950926,-55.77427905286873,False,False,False,sem sinal (Em Baixa; sem novo topo (-4.8%))
FLRY3,BOVA11+SMALL11,BOVA11,Cuidados de saúde,52.77,49.73,70.0,,,0.2,,56.52,31.01,50.87,63.64,True,63,Rompimento,5,8,False,,True,,False,False,True,True,True,True,7,10,False,True,True,False,True,False,True,True,True,True,True,0.7,True,10154938368.0,14.51,1.89,6.26,6.57,13.0,10.93,12.7,8.01,6.0,1.78,1.96,1.86,0.98,23.89,95.33,14.4,12.4,6.47,0.55,61.45,37.83,12.84,18.68,45.5,0.0,17.3,0.96,0.61,18.68000030517578,8.765946778162812,9.219208895780836,9.671108529748095,16.920123543201818,9.23986100306584,17.540255292106384,3.9307213749305245,16.048074697232998,11.416912514278664,9.455484766406968,8.509936289766271,8,True,4.5,-54.44359662345203,-38.88162565438872,n/d,n/d,,,Rompimento,False,False,,,Em Alta,18.541507720947266,0.7469326999338444,-3.235960678022387,False,True,False,"Rompimento (vol x2.3, +0.7% do topo, MM50>MM200)"
COGN3,BOVA11+SMALL11,BOVA11,Consumo discricionário,52.69,52.19,55.55555555555556,,,0.9,,43.52,75.41,46.72,44.06,False,64,Não,2,8,False,,False,,False,,False,True,True,False,5,9,False,False,False,False,False,True,True,False,True,False,True,0.39,True,4224085248.0,6.21,0.32,5.62,4.02,5.11,0.79,10.24,8.96,3.26,2.52,3.44,1.88,0.5,1.62,24.95,30.7,4.3,4.35,0.45,44.22,55.77,2.03,4.57,3.9,-53.8,-15.9,1.64,0.63,2.109999895095825,0.6054130289764672,0.8658247507717745,3.4708914477761392,7.099910980401375,2.6679957106338756,2.232874172568285,1.7267971072165074,4.899183273787854,,,,5,False,11.7,,,n/d,n/d,,,,False,False,,,Em Baixa,2.3299999237060547,-9.442061622916341,-55.36038390050892,False,False,False,sem sinal (Em Baixa; sem novo topo (-9.4%))
RDOR3,BOVA11,BOVA11,Cuidados de saúde,52.26,49.13,70.0,,,0.2,,63.56,22.97,52.24,43.36,True,65,Não,5,8,False,,True,,False,False,True,False,True,True,7,10,True,True,True,False,True,False,True,False,True,True,True,0.72,True,74555449344.0,15.91,3.7,12.68,4.01,23.26,13.61,15.63,8.35,6.75,1.12,1.01,2.9,2.51,1.89,63.77,22.9,12.74,6.35,0.64,79.71,18.16,32.33,44.66,5.9,-23.3,-3.7,1.17,0.65,34.25,9.80569926423385,18.18957213515379,28.523727215587673,21.174632569831253,26.769839061723484,22.980846878483216,17.153988856964045,26.064632454196282,21.3328673045217,22.077739724157233,19.86996575174151,8,True,2.9,-41.98550145476931,-37.714256045192116,n/d,n/d,,,,False,False,,,Em Baixa,34.63999938964844,-1.1258643086609954,-23.807616435828514,False,False,False,sem sinal (Em Baixa; sem novo topo (-1.1%))
ASAI3,BOVA11+SMALL11,BOVA11,Bens de primeira necessidade,51.87,53.97,40.0,,,0.0,,71.19,63.87,24.97,9.79,True,66,Não,5,8,False,,True,,False,False,True,False,True,False,4,10,True,True,True,False,True,False,True,False,False,True,True,3.55,False,11243037696.0,11.79,1.79,1.24,0.83,15.21,29.87,21.18,1.24,2.74,3.72,2.46,1.12,4.25,0.86,9.82,123.2,8.94,6.76,0.41,88.47,11.53,7.01,10.43,19.9,-19.5,-3.2,1.67,0.63,8.399999618530273,0.49949534312291255,0.9265638614930028,9.44020313363241,8.67335469945862,10.366139586800742,0.7358242917928981,8.046346018841875,,,,,4,False,20.8,,,n/d,n/d,,,,False,False,,,Em Baixa,8.829999923706055,-4.869765672606086,-20.88682499492036,False,False,False,sem sinal (Em Baixa; sem novo topo (-4.9%))
SBFG3,SMALL11,SMALL11,Consumo discricionário,51.76,48.54,70.0,,,0.9,,42.6,84.49,27.93,26.57,False,67,Não,3,8,False,,True,,False,True,True,True,True,True,7,10,False,True,False,False,True,False,True,False,False,True,False,0.81,True,1891444736.0,4.52,0.59,6.61,2.69,13.07,10.92,8.98,5.0,3.95,3.49,5.45,1.62,1.0,0.39,12.16,185.0,3.62,4.63,0.8,67.87,32.13,7.96,14.95,3.0,-45.2,-21.9,1.62,0.67,8.199999809265137,1.5758677336881495,2.923234645991517,24.03761006034581,23.818251576294514,25.708544871058802,6.710898893159271,17.93799255479411,13.41468215105991,,,,6,False,16.3,,,n/d,n/d,,,,False,False,,,Em Baixa,9.649999618530273,-15.025905353206392,-46.3510410837197,False,False,False,sem sinal (Em Baixa; sem novo topo (-15.0%))
HYPE3,BOVA11+SMALL11,BOVA11,Cuidados de saúde,51.31,53.31,40.0,,,0.2,,59.83,42.34,58.03,41.96,True,68,Pivô de alta,3,8,False,,True,,False,False,True,True,True,False,4,10,False,True,False,True,False,False,True,False,True,True,True,0.41,True,14903595008.0,8.53,1.03,4.97,3.87,12.1,12.72,10.74,19.82,7.36,2.16,2.82,1.86,0.52,1.05,33.02,4.6,6.58,6.32,0.5,50.22,49.77,19.85,26.59,6.6,-20.4,-2.1,1.05,0.59,21.170000076293945,5.854056750535286,10.859275272242956,32.88423224043315,33.87809571629486,29.721421936181823,25.318031452109405,19.27270999334281,13.20520650594855,23.591281873793367,25.318031452109405,22.786228306898465,7,True,5.8,7.634521609730016,11.437325407526844,n/d,n/d,,,Pivô de alta,False,False,,,Lateral,21.84000015258789,-3.067765895663488,-21.020899627984736,False,True,False,Pivô de alta
SBSP3,BOVA11,BOVA11,Serviços públicos,51.0,51.18,50.0,,,0.1,,71.49,33.85,40.48,24.48,True,69,Não,7,8,False,,True,,False,False,True,False,False,True,5,10,True,True,True,True,False,True,True,True,True,True,True,0.76,True,83521765376.0,10.41,1.85,2.85,2.57,17.8,17.28,12.72,19.67,7.77,2.25,2.48,1.47,1.14,0.8,26.73,-33.9,9.61,7.77,0.3,59.31,40.69,21.8,35.21,9.0,-32.5,-19.2,1.13,0.71,23.75,4.355873343514685,8.080145052219741,30.229346781940443,25.67105067776809,35.613196942966745,11.809321792688099,24.797997458695544,24.137154684204226,,,,6,False,8.2,,,n/d,n/d,,,,False,False,,,Em Baixa,28.010000228881836,-15.208854673586325,-32.753838081344924,False,False,False,sem sinal (Em Baixa; sem novo topo (-15.2%))
LOGG3,SMALL11,SMALL11,Imobiliário,50.85,49.23,60.0,,,0.8,,51.49,52.0,18.79,93.01,False,70,Não,2,8,False,,True,,True,True,True,True,False,False,6,10,False,False,False,True,False,False,True,False,True,False,False,0.57,True,2040597888.0,5.48,0.58,28.77,13.45,10.63,8.83,3.04,136.74,18.99,121.08,302.7,0.52,0.64,1.96,73.7,-33.1,3.79,0.1,0.28,45.7,53.91,15.57,28.1,49.9,-16.9,-7.1,0.93,0.52,23.34000015258789,22.42103488584527,28.798950029358753,39.07628426156025,62.09946198672523,69.18752136168854,41.792584009527715,18.86266342435764,,40.31978570843763,39.07628426156025,35.16865583540422,7,True,3.7,50.67975837825689,72.74972341406371,n/d,n/d,,,,False,False,,,Em Baixa,25.680269241333008,-9.113101839985383,-18.106788656367723,False,False,False,sem sinal (Em Baixa; sem novo topo (-9.1%))
MDIA3,SMALL11,SMALL11,Bens de primeira necessidade,50.77,54.43,30.0,,,0.0,,38.74,63.47,89.23,32.87,True,71,Não,3,8,False,,True,,False,False,False,True,False,True,3,10,False,False,False,False,True,True,True,False,False,False,True,-0.04,True,5805395968.0,9.03,0.69,5.93,3.23,7.65,8.74,8.32,6.23,4.36,-0.31,-0.53,2.55,0.21,1.67,29.16,-0.9,7.43,3.48,1.38,34.41,65.59,16.79,28.44,2.9,-39.3,-11.1,0.71,0.4,17.270000457763672,3.9833517288581386,6.851351501856511,23.496553061104283,32.81823251300876,16.540300697718077,20.301921788474797,11.624011539064293,21.740813269302755,,,,6,False,8.2,,,n/d,n/d,,,,False,False,,,Em Baixa,17.549514770507812,-1.5927181828062187,-40.18283425804393,False,False,False,sem sinal (Em Baixa; sem novo topo (-1.6%))
GGPS3,SMALL11,SMALL11,Bens Industriais,50.51,50.6,50.0,,,0.7,,61.11,44.82,50.05,18.88,False,72,Rompimento,5,8,False,,True,,False,False,True,False,True,True,5,10,True,True,False,False,True,True,True,False,False,True,True,0.48,True,9103440896.0,9.94,2.02,2.42,2.31,20.36,19.43,11.88,5.1,6.36,1.03,1.22,2.87,1.38,0.66,23.0,207.7,7.2,7.28,0.78,74.55,25.29,11.0,19.55,10.0,-38.1,-7.4,1.12,0.64,12.100000381469727,2.000193688136084,3.7103592914924355,16.129276162421917,12.80877999251376,21.0767321283653,9.395602678571429,14.72937672190983,9.88462504651306,,,,6,False,10.5,,,n/d,n/d,,,Rompimento,False,False,,,Em Baixa,11.720000267028809,3.2423217216978273,-38.422388720765035,False,True,False,"Rompimento (vol x1.3, +3.2% do topo, MM50>MM200)"
BRBI11,SMALL11,SMALL11,Produtos financeiros,50.42,53.44,33.333333333333336,20.63,,0.4,,33.25,38.12,100.0,89.51,False,73,Não,4,5,False,,True,,False,False,True,,False,True,3,9,True,True,True,,False,,,True,True,True,True,,True,,8.0,1.58,11.36,11.84,19.7,21.77,1.85,0.0,,,,,,7.66,94.7,-22.4,5.98,0.94,0.23,95.52,4.48,11.74,20.71,3.5,-41.3,-22.1,0.96,0.48,12.149999618530273,10.273028955102577,11.217231756850637,11.845282486994957,16.210409516589163,19.5641608738874,7.409931249492051,5.054372714161318,,10.186368612110057,10.745130355976606,9.670617320378947,4,True,1.6,-20.406439308606707,-16.161572576722005,n/d,n/d,,,,False,False,,,Em Baixa,14.185785293579102,-14.35088458564422,-42.6241356463942,False,False,False,sem sinal (Em Baixa; sem novo topo (-14.4%))
BEEF3,BOVA11+SMALL11,BOVA11,Bens de primeira necessidade,50.36,53.95,30.0,,,0.0,,67.63,57.36,28.4,34.97,True,74,Não,5,8,False,,False,,False,False,True,False,False,True,3,10,True,True,True,False,False,True,True,False,False,True,True,9.15,False,3954660352.0,8.7,2.53,4.9,3.4,29.04,144.02,16.55,0.8,3.82,2.98,2.52,1.43,13.46,0.58,29.59,-57.5,4.83,5.34,0.65,95.87,2.86,3.04,7.18,31.3,-44.4,5.5,0.87,0.35,3.990000009536743,0.9693269118546918,1.7981014214904532,6.076724152455384,4.034077793072167,8.43914677115136,3.760485277130923,5.549310358091334,12.329163493376157,,,,5,False,12.7,,,n/d,n/d,,,,False,False,,,Lateral,3.819999933242798,4.450263855099923,-45.45317723920104,False,False,False,sem sinal (Lateral)
CSMG3,BOVA11+SMALL11,BOVA11,Serviços públicos,50.04,48.28,60.0,,,0.1,,64.4,15.6,34.35,85.31,True,75,Não,5,8,False,,True,,False,False,True,False,False,True,6,10,True,True,True,False,False,True,True,False,True,True,True,0.9,True,20665389056.0,16.03,2.34,4.01,10.18,14.6,15.68,11.59,14.88,8.8,2.77,3.34,1.22,1.06,,163.21,-21.2,11.3,6.35,0.28,51.64,48.36,24.75,67.45,120.2,-19.2,-5.8,0.91,0.48,54.5,39.63603097058764,57.71006109317561,35.35870243293824,42.20977833411036,,33.8014680094549,9.082523839230015,46.00869250560613,42.454122224312144,40.922904652349004,36.83061418711411,6,True,6.4,-32.420891399790634,-22.102528028785063,n/d,n/d,,,,False,False,,,Em Baixa,64.25,-15.175097276264593,-19.640223761075525,False,False,False,sem sinal (Em Baixa; sem novo topo (-15.2%))
EGIE3,BOVA11+Wishlist,BOVA11,Serviços públicos,49.89,51.63,40.0,,,0.1,,78.53,24.15,19.82,62.94,True,76,Não,7,8,False,,True,,False,False,True,False,True,False,4,10,True,True,True,True,True,False,True,True,True,True,True,1.43,True,39134621696.0,9.88,2.61,1.68,6.54,26.37,32.12,11.59,28.94,8.52,3.56,4.3,1.09,2.06,1.06,64.6,270.0,10.54,6.68,0.19,74.84,23.06,26.61,37.14,3.8,-25.6,-13.6,0.9,0.61,27.6299991607666,12.904469698673218,23.937791291038817,37.05440170851796,25.809132356944048,44.39021537077427,42.45397719587856,23.879368037396823,23.950708801054628,29.297508057534788,24.87992057899934,22.391928521099405,8,True,3.4,-18.95791096188316,6.03513915098477,2026-08-05,2026-08-21,última,"A Engie Brasil (EGIE3) apresenta-se como uma operação de alta eficiência no setor de serviços públicos, entregando um ROE de 26,4% e um ROIC de 11,6% que se posicionam acima dos pares setoriais de 12,1% e 9,6%, respectivamente, o que sugere uma forte capacidade de geração de valor sobre o capital empregado. Essa qualidade operacional robusta, contudo, convive com múltiplos de preço que exigem cautela, pois o P/L de 9,88 e o P/VP de 2,61 indicam que o mercado cobra um prêmio considerável por esses resultados, não configurando uma barganha evidente. No âmbito financeiro, a excelente rentabilidade traduzida em uma margem líquida de 28,94% é contraposta por um endividamento elevado, visto que a relação Dívida Líquida/EBITDA de 3,56 está acima da média do setor de 3,4, exigindo atenção quanto à liquidez corrente de 1,09. Esse passivo mais pressionado e a necessidade de reinvestimento ajudam a explicar o atual dividend yield de apenas 1,68%, um patamar temporariamente desalinhado da forte lucratividade histórica, sugerindo que o payout e o serviço da dívida limitam a distribuição imediata. O crescimento da companhia é um dos grandes destaques, com um CAGR de receita nos últimos cinco anos de impressionantes 270,0%, pulverizando a média setorial de 37,6%, o que valida o checklist fundamentalista no qual a empresa atende a expressivos 7 de 8 critérios avaliados. Sob a ótica do valuation, as estimativas de preço-teto revelam uma dispersão acentuada entre os métodos, variando desde os conservadores R$ 12,90 por Bazin e R$ 23,94 por Gordon, passando por R$ 25,81 de Graham, até os otimistas R$ 37,05 por fluxo de caixa descontado e R$ 44,39 pelo modelo de Lynch. Essa divergência resulta em uma média de R$ 29,30 e uma mediana de R$ 24,88, mas quando aplicado o preço-teto ajustado com margem de segurança de R$ 22,39, o preço atual de R$ 27,63 aponta para um upside negativo de 19,0% frente a essa métrica prudente. Em balanço, os prós residem na extraordinária expansão de receita, rentabilidade muito acima da média e forte governança, enquanto os contras concentram-se na alavancagem financeira acima dos pares, no rendimento de dividendos momentaneamente baixo e na ausência de margem de segurança nos preços atuais.",,True,False,,,Em Baixa,29.540605545043945,-6.4677292459832,-27.400555429279617,False,False,False,sem sinal (Em Baixa; sem novo topo (-6.5%))
MOTV3,BOVA11,BOVA11,Bens Industriais,49.67,53.14,30.0,,,0.7,,73.08,53.54,25.25,18.18,False,77,Não,6,8,False,,True,,False,False,True,False,True,False,3,10,True,True,False,True,True,False,True,True,True,True,False,1.9,False,29144119296.0,7.55,1.65,1.43,2.26,21.85,19.92,11.72,19.27,6.53,3.69,4.41,1.77,2.45,0.5,17.06,58.4,9.61,6.62,0.44,77.07,22.24,12.73,17.55,13.9,-17.4,-3.0,1.3,0.78,14.5,2.3397678098569026,4.340269287284554,25.447019867549663,19.486947421475357,33.14658931629094,10.38593205872702,23.23841059602649,8.64881906530882,,,,6,False,14.2,,,n/d,n/d,,,,False,False,,,Em Baixa,14.970000267028809,-3.139614286206638,-18.296156183714597,False,False,False,sem sinal (Em Baixa; sem novo topo (-3.1%))
CPLE3,BOVA11,BOVA11,Serviços públicos,49.65,44.3,80.0,,,0.1,,47.89,31.24,35.52,78.32,True,78,Não,5,8,False,,True,,False,False,True,True,True,True,8,10,False,True,True,False,True,True,True,False,True,False,True,0.9,True,42019987456.0,13.47,1.75,7.51,9.16,12.99,9.34,9.82,11.41,8.88,2.97,4.24,1.3,0.98,0.27,123.34,50.0,12.7,5.45,0.3,61.78,38.29,10.16,16.67,39.3,-15.1,-5.9,1.13,0.76,14.149999618530273,9.254464993745623,17.16703256339813,13.91889346291953,13.824354596989199,31.51447576510083,8.56043112128839,12.710838558590668,11.707420994176376,14.832239007026093,13.267596577789934,11.940836920010941,8,True,3.7,-15.61245765424828,4.821479907337856,n/d,n/d,,,,False,False,,,Em Baixa,14.930000305175781,-5.2243849343734166,-16.132232240258194,False,False,False,sem sinal (Em Baixa; sem novo topo (-5.2%))
ANIM3,SMALL11,SMALL11,Consumo discricionário,48.99,50.58,40.0,,,0.9,,45.58,74.77,26.45,60.84,False,79,Não,3,8,False,,False,,False,False,False,False,True,False,4,10,True,False,True,False,False,False,True,False,False,False,False,2.04,False,895528640.0,6.22,0.4,3.28,6.43,6.36,-2.07,14.6,3.71,3.09,3.71,3.56,1.49,1.61,1.63,40.01,4.4,3.16,6.53,0.35,72.15,22.61,1.93,5.17,22.8,-54.2,-23.4,2.11,0.53,2.369999885559082,1.088826615760449,1.5538667819917946,3.884051313230152,7.127125333008402,3.9045878637709555,1.345744207300617,1.9317418232612469,,2.284803100885869,1.7428043026265208,1.5685238723638688,6,True,6.5,-33.81755493233475,-3.594801214647103,n/d,n/d,,,,False,False,,,Lateral,2.259999990463257,4.867252015929324,-55.185648896458986,False,False,False,sem sinal (Lateral)
ALOS3,BOVA11+SMALL11,BOVA11,Imobiliário,48.56,43.01,80.0,,,0.8,,50.18,39.32,24.3,57.34,False,80,Não,3,8,False,,True,,False,True,False,True,True,True,8,10,False,False,False,True,True,False,True,False,True,False,False,0.56,True,13043680256.0,14.07,1.02,10.88,6.17,7.27,9.51,6.39,31.4,4.82,3.4,7.45,0.72,0.56,14.6,86.74,60.8,13.43,3.66,0.27,46.56,50.55,20.12,32.08,28.2,-19.6,-6.6,1.2,0.81,25.788063049316406,11.356204455472056,12.313290292509297,14.195068926532374,32.28961358718046,13.066110026694531,24.87657762654112,6.00661309876884,61.44795953901004,,,,7,False,10.2,,,n/d,n/d,,,,False,False,,,Em Baixa,27.261383056640625,-5.404421354056477,-20.473332986560735,False,False,False,sem sinal (Em Baixa; sem novo topo (-5.4%))
GOAU4,BOVA11+SMALL11,BOVA11,Materiais,48.49,51.75,30.0,,,1.0,,30.98,73.88,59.96,73.43,False,81,Não,4,8,False,,True,,False,False,False,True,True,False,3,10,False,False,True,False,True,True,True,False,False,True,True,0.5,True,13028476928.0,16.4,0.68,2.77,8.58,4.13,12.06,10.0,1.14,1.97,0.99,1.38,2.88,0.28,0.22,140.75,73.2,4.85,5.06,1.04,34.12,23.4,6.41,11.41,53.7,-13.7,-0.8,0.9,0.56,9.850000381469727,6.038291421997257,11.20103058780491,7.958079576492308,13.991076331702201,18.018293380737305,6.1112762116739185,7.267378330230714,39.30366688938892,10.083632262948374,7.958079576492308,7.162271618843077,7,True,6.5,-27.28658536585368,2.37189718203632,n/d,n/d,,,,False,False,,,Em Baixa,11.407694816589355,-13.654769523237864,-13.878857470784123,False,False,False,sem sinal (Em Baixa; sem novo topo (-13.7%))
ECOR3,SMALL11,SMALL11,Bens Industriais,48.4,44.59,70.0,,,0.7,,49.58,57.39,28.11,23.08,False,82,Não,1,8,False,,True,,False,True,True,False,False,True,7,10,False,False,False,False,False,False,True,False,False,True,False,5.91,False,4653706240.0,8.53,1.13,4.52,2.52,13.28,19.86,11.52,4.59,5.12,4.62,5.62,2.52,6.64,0.82,21.48,-89.7,8.06,6.86,0.19,88.21,11.06,5.87,11.74,14.0,-43.0,-12.6,1.85,0.74,6.690000057220459,1.2035124863240398,2.2325156621310938,10.39185237493213,10.221241349662568,10.153094951009493,1.8754005557112943,7.23551484866438,10.261770382205158,,,,5,False,8.6,,,n/d,n/d,,,,False,False,,,Em Baixa,7.239999771118164,-7.596681371341562,-43.935345037094166,False,False,False,sem sinal (Em Baixa; sem novo topo (-7.6%))
SMTO3,SMALL11,SMALL11,Bens de primeira necessidade,46.67,51.38,20.0,,,0.0,,45.53,72.0,46.65,35.66,True,83,Fundo duplo,3,8,False,,True,,False,False,True,False,False,False,2,10,False,True,False,False,False,True,True,False,True,True,True,0.99,True,5942256128.0,7.54,0.83,1.18,3.4,11.0,14.59,6.36,11.43,3.78,2.38,5.23,3.16,1.65,0.92,25.65,-39.3,9.54,3.45,0.45,68.55,31.45,12.82,21.12,43.6,-12.8,12.9,0.61,0.25,18.40999984741211,4.472894335045885,8.297218991510118,32.35179018278652,34.907626847573816,28.27494153201019,11.133920303704556,19.075145251492042,41.8667053195644,,,,6,False,9.4,,,n/d,n/d,,,Fundo duplo,False,False,,,Lateral,17.799999237060547,3.426969867962182,-13.960555607673331,False,True,False,Fundo duplo — rompeu pescoço ~R$16.37 (candidato)
IRBR3,SMALL11+Carteira,SMALL11,Insurance,46.61,49.79,28.571428571428573,,2.87,0.3,,18.25,74.83,100.0,28.67,False,84,Não,1,6,False,,False,,False,,False,,False,False,2,7,False,False,False,,False,,True,False,True,False,True,,True,4058439936.0,-27.82,0.77,3.15,2.94,-2.76,2.79,0.0,4.89,,,,,,,,-23.0,5.75,2.3,,66.23,33.77,44.53,62.39,12.3,-19.9,-6.0,1.1,0.61,50.0,10.491470672172918,15.275581298683768,,,,26.3277,,,17.364917323618894,15.275581298683768,13.748023168815392,3,True,2.5,-72.50395366236921,-65.2701653527622,2026-11-12,2026-07-01,última,"A análise fundamentalista do IRB Brasil (IRBR3) revela uma companhia em momento de profunda reestruturação, onde a desconexão entre qualidade e preço fica evidente pelo ROE negativo de -2,8% e ROIC nulo de 0,0%, ambos severamente abaixo das médias setoriais de 34,3% e 19,5%, respectivamente. Essa baixa eficiência operacional convive com múltiplos de valuation aparentemente descontados, como o P/VP de 0,77, abaixo do valor patrimonial, e um P/L negativo de -27,82 que reflete a ausência de lucros consistentes, sugerindo que o preço baixo é reflexo direto da fragilidade dos resultados e não necessariamente uma oportunidade clássica de valor. No âmbito do crescimento, a contração histórica é nítida, com um CAGR de receita nos últimos cinco anos de -23,0%, desempenho muito inferior à média do setor de -2,5%, o que reforça a perda de tração da empresa frente aos seus pares. Quanto aos proventos, o dividend yield de 3,15% mostra-se desalinhado com a atual capacidade de geração de caixa e sustentabilidade financeira do negócio, dado que a rentabilidade deprimida limita a distribuição consistente de lucros sem comprometer a estrutura de capital. O checklist de critérios fundamentalistas corrobora esse cenário desafiador ao apontar que a empresa atende a apenas 1 de 6 requisitos de qualidade e segurança financeira, falhando em superar a taxa Selic ou as médias setoriais de rentabilidade. Sob a ótica do valuation, as estimativas de preço-teto calculadas revelam uma dispersão relevante entre os métodos de Bazin, que aponta R$ 10,49, e Gordon, situado em R$ 15,28, resultando em uma média de R$ 17,36 e um preço-teto ajustado com margem de segurança de R$ 13,75. Frente ao preço atual de R$ 50,0, essa métrica de referência indica um expressivo upside negativo de -72,5%, sinalizando que a cotação de mercado está fortemente esticada em relação aos fundamentos intrínsecos calculados. Em balanço, o ativo apresenta como pontos positivos a sua robusta nota de segurança de 100,0 e um valor de mercado consolidado acima de R$ 4 bilhões, enquanto os pontos negativos concentram-se na tendência gráfica de baixa, na destruição histórica de receitas, na rentabilidade deficitária e no elevado prêmio implícito no preço atual frente aos limites teóricos de valor justo.",,False,True,57.62,-13.22,Em Baixa,56.060001373291016,-10.809848777810082,-22.74885751385246,False,False,False,sem sinal (Em Baixa; sem novo topo (-10.8%))
GGBR4,BOVA11,BOVA11,Materiais,46.37,49.26,30.0,,,1.0,,34.56,60.78,59.69,65.73,False,85,Não,4,8,False,,True,,False,False,False,True,True,False,3,10,False,False,True,False,True,True,True,False,False,True,True,0.18,True,43461099520.0,19.58,0.82,2.56,7.06,4.18,12.63,10.03,3.22,4.83,0.97,1.36,2.87,0.28,0.27,138.16,73.5,7.78,5.03,1.04,34.14,65.6,15.39,26.05,44.0,-15.0,-2.1,0.83,0.52,22.149999618530273,11.163750312890699,20.708756830412245,14.989146830721456,26.22114862763982,33.93769093748255,11.887333533584622,13.688202011451295,22.638110853315034,19.404267492187216,17.84895183056685,16.064056647510167,8,True,3.0,-27.47604097441483,-12.396082047992586,n/d,n/d,,,,False,False,,,Em Baixa,26.04621124267578,-14.95884214346579,-15.376975317890839,False,False,False,sem sinal (Em Baixa; sem novo topo (-15.0%))
PRIO3,BOVA11,BOVA11,Energia,45.91,44.21,55.55555555555556,,,0.9,,60.75,37.16,34.76,6.29,False,86,Rompimento,3,8,False,,True,,False,,True,True,True,False,5,9,False,False,False,True,True,False,True,False,True,True,True,0.77,True,50122149888.0,14.17,1.94,0.0,0.18,13.71,30.11,10.92,18.11,5.93,1.73,2.21,1.34,0.9,1.06,2.51,189.4,6.9,6.59,0.25,59.83,40.17,34.2,72.1,83.8,-12.8,2.5,0.1,0.05,62.849998474121094,0.7966232811188878,1.4777361864755367,58.76940577149643,56.860508657709524,60.067729447534795,2.107219586101381,49.111057293517895,22.640869741106666,,,,5,False,75.4,,,n/d,n/d,,,Rompimento,False,False,,,Em Alta,62.040000915527344,1.3056053298526438,-13.880521261787637,False,True,False,"Rompimento (vol x0.8, +1.3% do topo, MM50>MM200)"
SAUD3,SMALL11,SMALL11,Cuidados de saúde,45.74,43.22,60.0,,,0.2,,49.83,7.87,66.16,55.94,True,87,Não,3,8,False,,True,,False,False,False,True,False,True,6,10,False,False,False,False,False,True,True,True,True,True,True,-0.69,True,40694669312.0,38.62,2.18,0.96,6.04,5.63,39.67,4.59,9.86,20.98,-7.41,-18.52,1.06,0.01,,233.41,-19.6,9.24,5.03,0.66,34.2,65.77,10.45,16.09,33.2,-13.5,-2.5,0.77,0.38,13.920000076293945,6.009189133148966,8.749379377864894,3.7485241013323938,7.196082193205712,,14.516166036785778,0.9628763831719198,6.282877632929078,,,,6,False,15.1,,,n/d,n/d,,,,False,False,,,Em Baixa,16.09000015258789,-13.486638009415596,-15.530619374611254,False,False,False,sem sinal (Em Baixa; sem novo topo (-13.5%))
MOVI3,SMALL11,SMALL11,Bens Industriais,45.1,47.77,30.0,,,0.7,,48.26,71.97,12.67,55.24,False,88,Não,4,8,False,,False,,False,False,True,False,True,False,3,10,False,False,True,False,True,False,True,True,False,False,False,5.54,False,2855378432.0,6.62,0.73,9.14,5.82,11.08,3.58,13.78,2.89,3.57,3.65,3.71,0.68,6.43,0.97,38.56,97.0,3.22,6.78,0.22,91.5,8.5,6.1,14.83,16.8,-52.0,-27.9,2.37,0.66,7.119999885559082,2.9623325313202353,5.495126845599036,14.250755057954354,15.363169458708008,13.586439168726915,14.991491100124247,7.475401684016097,,11.860397219188108,13.918597113340635,12.526737402006571,6,True,5.2,75.9373258897593,66.57861530649166,n/d,n/d,,,,False,False,,,Em Baixa,7.960000038146973,-10.55276568545641,-52.43821136569535,False,False,False,sem sinal (Em Baixa; sem novo topo (-10.6%))
QUAL3,SMALL11,SMALL11,Cuidados de saúde,44.99,50.97,11.11111111111111,,,0.2,,52.26,72.86,39.88,12.59,True,89,Não,3,7,False,,False,,False,False,False,True,,False,1,9,True,False,True,False,,False,False,True,False,False,True,0.61,True,455423104.0,17.53,0.34,0.56,1.25,1.96,0.44,22.61,1.09,1.48,2.0,1.24,0.92,0.89,11.45,21.88,,3.29,4.68,0.47,66.78,32.76,1.39,2.71,15.8,-40.5,-7.7,1.96,0.57,1.6100000143051147,0.14351690415834642,0.16360870248190437,0.7478582191648242,3.1281438945097286,0.25524740908907373,1.0830178600134468,0.3337470632320914,,,,,5,False,21.8,,,n/d,n/d,,,,False,False,,,Lateral,1.7200000286102295,-6.395349562522712,-42.618247849865284,False,False,False,sem sinal (Lateral)
BBAS3,BOVA11+Carteira,BOVA11,Produtos financeiros,44.91,50.63,12.5,14.56,,0.4,,39.28,62.33,50.86,72.03,False,90,Não,2,6,False,,True,,False,False,False,,False,False,1,8,False,False,False,,False,,True,True,True,True,True,,True,105214533632.0,7.29,0.58,2.98,8.35,7.99,14.73,0.0,21.83,,,,,,2.33,60.84,-13.8,4.01,0.79,,92.12,7.71,17.8,27.31,3.5,-32.5,-11.6,1.22,0.74,18.43000030517578,10.98605247096141,14.590979637107063,23.983499959418495,42.51467275133047,29.008729693885755,15.832088116102923,11.726125556665565,,16.34815504589747,15.211533876604992,13.690380488944493,4,True,2.2,-25.71687323792523,-11.295958897481173,2026-11-11,2026-09-02,próxima,"O Banco do Brasil (BBAS3) apresenta um cenário de valuation descontado que contrasta diretamente com seus indicadores de rentabilidade atuais, uma vez que o baixo preço sobre lucro de 7,29 e o preço sobre valor patrimonial de 0,58, bem abaixo do valor patrimonial, convivem com um ROE de 8,0% e um ROIC de 0,0%, ambos posicionados abaixo das médias do setor de 15,9% e 0,2%, respectivamente. Essa relação entre qualidade e preço sugere que o mercado precifica o papel com forte desconto, refletindo uma rentabilidade deprimida que não consegue superar a taxa Selic, conforme aponta o checklist de critérios onde a empresa atendeu apenas 2 de 6 requisitos regulamentares de eficiência. No que tange ao crescimento, a instituição demonstra perda de tração com um CAGR de receita de cinco anos negativo em 13,8%, ficando bastante abaixo da média setorial de 4,2% de expansão. O dividendo atual de 2,98% mostra-se tímido e coerente com essa conjuntura de contração de receitas, embora a robusta margem líquida de 21,83% confira sustentabilidade para a manutenção dos pagamentos futuros sem comprometer a estrutura de capital da companhia. Sob a ótica do valuation por preço-teto, observa-se uma dispersão acentuada entre os métodos de cálculo, variando desde os conservadores R$ 10,99 pelo método de Bazin e R$ 14,59 por Gordon, até os otimistas R$ 23,98 por DCF e R$ 42,51 por Graham. Essa disparidade resulta em uma média de preço-teto de R$ 16,35 e uma mediana de R$ 15,21, gerando um preço-teto ajustado com margem de segurança de R$ 13,69, o qual projeta um upside negativo de 25,7% em relação ao preço atual de R$ 18,43. Em termos de tendência de mercado, o ativo segue em baixa no gráfico, corroborando o sentimento de cautela expresso no score de investimento de 45,0 e de qualidade de 39,0. Como balanço final, destacam-se como prós o elevado desconto patrimonial, a forte margem líquida e o sólido score de dividendos de 72,0, enquanto os contras residem no crescimento de receita negativo, na rentabilidade abaixo dos pares setoriais e no preço atual negociado acima do teto ajustado com margem de segurança.",,False,True,22.29,-17.32,Em Baixa,21.350000381469727,-13.67681510126949,-33.08519279305844,False,False,False,sem sinal (Em Baixa; sem novo topo (-13.7%))
SYNE3,SMALL11,SMALL11,Imobiliário,44.83,45.68,40.0,,,0.8,DY5a=128.6%>=20,44.14,57.57,34.28,,False,91,Não,2,8,False,,False,,False,False,False,True,False,False,4,10,False,False,False,True,False,False,False,True,True,True,False,0.72,True,552572864.0,10.15,0.79,71.3,128.58,7.8,14.02,6.47,16.16,4.64,3.1,6.71,1.45,0.5,1.3,1305.08,-67.2,12.07,3.08,0.36,40.97,29.56,3.49,5.11,3.7,-29.2,-8.0,1.0,0.45,3.619999885559082,33.24704449429824,61.67326753692323,4.72561561415348,6.063917011731763,10.699507050913542,6.468000000000001,2.701370780187791,8.660140190647773,,,,5,False,22.8,,,n/d,n/d,,,,False,False,,,Em Baixa,4.090000152587891,-11.49144864289119,-30.57872826418464,False,False,False,sem sinal (Em Baixa; sem novo topo (-11.5%))
VALE3,BOVA11,BOVA11,Materiais,44.57,48.91,20.0,,,1.0,,49.63,36.9,43.42,86.71,False,92,Rompimento,4,8,False,,True,,False,False,False,True,False,False,2,10,True,False,True,False,False,True,True,False,False,True,True,0.41,True,319309873152.0,32.12,1.69,7.48,10.47,5.27,24.52,18.11,4.76,4.44,1.04,0.8,1.19,0.55,,336.19,-43.5,9.02,7.92,0.39,60.3,38.73,48.99,87.63,53.2,-14.4,-3.1,0.82,0.56,75.02999877929688,56.09450003537534,81.6735920515065,24.29364842169015,48.3053327219788,,43.333333333333336,6.240264086340739,85.50172365505388,,,,6,False,13.7,,,n/d,n/d,,,Rompimento,False,False,,,Lateral,74.56759643554688,0.6201116381023164,-15.809452982042282,False,True,False,"Rompimento (vol x1.5, +0.6% do topo, MM50>MM200)"
RANI3,SMALL11,SMALL11,Materiais,44.26,48.54,20.0,,,1.0,,49.36,45.21,36.67,76.92,False,93,Não,3,8,False,,True,,False,False,False,False,False,False,2,10,False,True,True,False,False,False,True,False,False,True,True,0.78,True,1778323840.0,13.78,1.24,5.2,9.01,9.03,25.63,11.69,7.65,5.0,2.42,2.89,2.1,1.38,,124.16,-70.2,5.45,4.4,0.56,63.24,36.76,7.02,9.51,10.2,-18.6,-4.1,0.66,0.47,7.739999771118164,4.981494656414204,7.253056219739082,5.841509261221256,8.881713410589771,,4.91387477971708,1.5004975712202955,7.485306000698566,6.559492388063326,6.547282740480169,5.892554466432152,6,True,5.9,-23.868803091955638,-15.25203382382394,n/d,n/d,,,,False,False,,,Em Baixa,8.384929656982422,-7.691536032472291,-20.234127213616603,False,False,False,sem sinal (Em Baixa; sem novo topo (-7.7%))
RENT3,BOVA11+Wishlist,BOVA11,Bens Industriais,44.19,43.17,50.0,,,0.7,,54.07,45.81,18.41,37.06,False,94,Não,1,8,False,,True,,False,False,True,False,True,True,5,10,False,False,False,False,False,False,True,False,False,False,False,1.37,True,37468536832.0,11.14,1.41,6.04,3.46,12.63,7.58,12.27,7.39,4.93,4.1,4.68,1.14,1.71,1.44,38.58,24.5,7.36,6.27,0.33,70.15,29.84,31.14,51.57,8.9,-34.2,-18.8,1.78,0.79,33.91999816894531,8.39115860867505,15.565599219092219,40.344701592327226,40.59709214923609,34.165069092775425,50.12681064636324,22.98081074783758,52.55911136579431,36.61988497334658,40.344701592327226,36.31023143309451,7,True,6.3,7.046678635547576,7.959572376607871,2026-11-05,2026-06-29,última,"A Localiza (RENT3) apresenta um perfil financeiro desafiador no setor de Bens Industriais, onde sua rentabilidade medida pelo ROE de 12,6% e pelo ROIC de 12,3% se posiciona ligeiramente abaixo dos pares, que registram médias de 14,5% e 12,6%, respectivamente. Essa qualidade operacional mais modesta convive com múltiplos de preço que parecem descontados, como o P/L de 11,14 e o P/VP de 1,41, sugerindo que o mercado já precifica parte dessa compressão de retorno. No entanto, a rentabilidade da companhia é pressionada por um elevado endividamento, evidenciado pela relação Dívida Líquida/EBITDA de 4,1 vezes, patamar significativamente acima da média setorial de 2,38 vezes que compromete a flexibilidade financeira. O dividendo distribuído, com um rendimento de 6,04%, mostra-se razoável, mas sua sustentabilidade futura pode ser testada diante da necessidade de amortização dessa alavancagem e de uma margem líquida de apenas 7,39%. No quesito crescimento, o CAGR de receita de 24,5% nos últimos cinco anos, embora robusto em termos absolutos, fica abaixo da média de 27,1% do setor, o que ajuda a explicar por que a empresa atendeu a apenas um dos oito critérios do checklist fundamentalista. Sob a ótica do valuation, a análise de preço-teto revela uma dispersão acentuada entre os métodos, variando desde os conservadores R$ 8,39 por Bazin e R$ 15,57 por Gordon até os mais otimistas R$ 40,34 por Fluxo de Caixa Descontado e R$ 40,60 por Graham. Tomando a média de R$ 36,62 e o preço-teto ajustado com margem de segurança de R$ 36,31 como referências, o papel apresenta um potencial de valorização de 7,0% em relação à cotação atual de R$ 33,92. Em balanço, a tese de investimento tem como prós o desconto relativo nos múltiplos de preço, a liderança de mercado refletida no valor de mercado bilionário e um potencial de valorização justo frente ao preço-teto ajustado; por outro lado, os contras residem na alavancagem financeira muito acima dos pares, no crescimento e rentabilidade abaixo da média setorial e no fraco desempenho no checklist de qualidade.",,True,False,,,Em Baixa,39.20000076293945,-13.469394110282707,-35.62053711759998,False,False,False,sem sinal (Em Baixa; sem novo topo (-13.5%))
RADL3,BOVA11,BOVA11,Bens de primeira necessidade,44.11,43.07,50.0,,,0.0,,63.07,19.43,41.83,14.69,True,95,Não,6,8,False,,True,,False,False,True,False,True,True,5,10,True,True,True,False,True,True,True,False,False,True,True,1.08,True,32225521664.0,24.06,4.43,2.39,1.44,18.41,18.18,16.71,2.88,6.92,2.06,1.72,1.41,1.18,2.0,34.75,14.4,15.79,7.8,0.84,70.85,29.09,16.14,26.71,14.2,-31.0,-4.3,1.21,0.57,18.43000030517578,1.9013931713138919,3.527084332787269,10.149522196324982,8.46772853950336,10.307820147017033,7.564753329683775,7.830081097242979,13.313457321076212,8.737206709090803,8.46772853950336,7.6209556855530245,7,True,7.0,-58.64918307455048,-52.59247659026304,n/d,n/d,,,,False,False,,,Em Baixa,20.549999237060547,-10.316296888524889,-32.06074652285449,False,False,False,sem sinal (Em Baixa; sem novo topo (-10.3%))
FESA4,SMALL11,SMALL11,Materiais,43.63,47.8,20.0,,,1.0,,28.67,53.59,72.18,70.63,False,96,Não,2,8,False,,True,,False,False,False,True,False,False,2,10,False,False,False,False,False,True,True,False,False,True,True,-0.12,True,1704504064.0,12.04,0.54,13.96,8.28,4.49,15.62,3.69,6.78,3.33,-3.62,-9.04,3.61,0.12,836.36,99.68,-76.0,3.59,-1.74,1.53,26.31,73.65,4.8,8.69,4.8,-42.1,-22.7,1.13,0.56,5.03000020980835,2.9745332530032647,2.9780236373208715,2.9876023524860638,9.357269522030355,3.4647737197605863,5.22619299842263,1.1198339833466047,6.1778101886163,,,,6,False,8.4,,,n/d,n/d,,,,False,False,,,Em Baixa,6.159999847412109,-18.34415041549857,-43.48314128760611,False,False,False,sem sinal (Em Baixa; sem novo topo (-18.3%))
USIM5,BOVA11+SMALL11,BOVA11,Materiais,42.95,47.0,20.0,,,1.0,P/L=-3.54<2,10.34,89.08,71.01,58.74,False,97,Não,4,8,False,,False,,False,False,False,True,True,False,2,10,False,False,False,False,True,True,True,True,False,False,True,-0.02,True,8062674944.0,-3.54,0.4,0.0,6.26,-11.18,-0.65,4.67,-9.36,3.26,-0.18,-0.44,4.44,0.27,,,301.7,5.73,1.64,1.4,33.58,58.33,3.97,12.04,65.0,-45.6,-22.5,0.93,0.35,6.550000190734863,2.9283592149884345,5.432106343803546,,,,,,9.705704701814605,6.022056753535527,5.432106343803546,4.888895709423191,3,True,3.3,-25.360373021993887,-8.060204913369695,n/d,n/d,,,,False,False,,,Em Baixa,7.559999942779541,-13.35978518107418,-46.22331669440517,False,False,False,sem sinal (Em Baixa; sem novo topo (-13.4%))
FRAS3,SMALL11,SMALL11,Consumo discricionário,42.77,41.49,50.0,,,0.9,,54.54,15.94,49.1,31.47,False,98,Rompimento,5,8,False,,True,,False,False,True,False,True,True,5,10,True,False,True,False,True,True,True,False,False,True,True,0.48,True,6461907456.0,22.3,2.59,2.65,3.07,11.62,14.99,15.27,5.39,7.52,1.25,1.15,2.41,1.01,6.07,68.39,141.0,14.37,6.9,0.72,65.64,34.06,18.96,25.01,22.9,-6.8,9.6,0.82,0.53,23.299999237060547,5.103749852481744,7.1735626157678425,10.489831719275994,14.542693540747104,7.042443465067359,8.428083065910368,5.203866416480245,11.105959652291679,8.636273791002791,7.800822840839105,7.020740556755195,8,True,2.8,-69.86806529337505,-62.93444603523379,n/d,n/d,,,Rompimento,False,False,,,Em Alta,22.729999542236328,2.507697784001528,-7.258323964055569,False,True,False,"Rompimento (vol x0.8, +2.5% do topo, MM50>MM200)"
SLCE3,BOVA11+SMALL11,BOVA11,Bens de primeira necessidade,42.58,46.56,20.0,,,0.0,,52.89,35.33,37.13,65.03,True,99,Não,2,8,False,,True,,False,False,False,False,True,False,2,10,False,False,False,False,True,False,True,False,False,True,True,1.91,True,7881699328.0,20.41,1.46,5.07,7.05,7.16,17.38,10.84,4.41,6.5,4.42,5.7,2.2,1.82,0.84,143.88,24.2,11.28,6.41,0.63,73.5,23.57,12.62,19.32,25.9,-17.8,3.9,0.5,0.36,15.890000343322754,8.001188571767592,14.842204800628883,10.315654314014035,13.807569420084569,23.356198446824234,9.032508696563744,9.42033337355244,8.797113764315322,12.196596423468852,9.867993843783237,8.881194459404913,8,True,2.9,-44.10828025477708,-23.24357356861816,n/d,n/d,,,,False,False,,,Lateral,15.149999618530273,4.884493355942854,-18.429154431599326,False,False,False,sem sinal (Lateral)
ENGI11,BOVA11,BOVA11,Serviços públicos,42.21,42.6,40.0,,,0.1,,50.94,39.18,23.57,51.75,True,100,Não,3,8,False,,True,,False,False,False,False,True,True,4,10,False,False,True,False,False,False,True,True,False,True,True,2.32,True,13709227008.0,14.86,1.16,2.54,5.38,7.78,17.19,10.25,4.13,5.69,4.32,5.9,1.56,1.99,9.53,79.96,7.9,18.56,4.83,0.34,74.62,23.0,41.02,57.51,9.1,-22.2,-9.0,1.31,0.86,44.7599983215332,17.20270106350647,19.660884815117328,24.589496310857232,51.1379037367685,20.90417747879019,23.358659538974894,10.999080209324074,115.61801123318567,,,,7,False,10.5,,,n/d,n/d,,,,False,False,,,Em Baixa,49.778621673583984,-10.08188492031714,-23.61892407661316,False,False,False,sem sinal (Em Baixa; sem novo topo (-10.1%))
SUZB3,BOVA11,BOVA11,Materiais,42.06,47.72,10.0,,,1.0,,52.63,59.99,29.8,30.77,False,101,Rompimento,5,8,False,,False,,False,False,True,False,False,False,1,10,True,True,False,True,False,False,True,True,True,True,False,1.68,False,55383285760.0,6.96,1.14,0.01,3.06,16.44,27.73,5.54,17.08,6.29,3.68,9.21,3.38,1.99,0.54,21.32,-64.0,6.17,3.15,0.57,73.83,26.09,39.68,58.97,13.3,-23.7,4.1,0.43,0.27,44.970001220703125,9.838905037218675,18.25116884404064,85.61099370320636,75.72810912354937,103.36792136596695,16.01313589757714,69.79478030471778,21.24156204581304,,,,6,False,10.5,,,n/d,n/d,,,Rompimento,False,False,,,Lateral,44.15999984741211,1.8342422465802644,-24.60257003332552,False,True,False,"Rompimento (vol x2.0, +1.8% do topo, MM50>MM200)"
VAMO3,BOVA11+SMALL11,BOVA11,Bens Industriais,41.84,45.69,20.0,,,0.7,,52.19,55.68,27.43,27.97,False,102,Não,4,8,False,,True,,False,False,False,False,False,False,2,10,True,False,True,False,False,False,True,True,False,True,False,3.87,False,3347569152.0,10.6,1.01,4.54,2.93,9.57,14.8,15.52,5.1,3.81,3.09,2.79,1.67,4.84,1.61,31.04,-1.9,4.58,7.32,0.32,88.84,11.16,2.48,4.82,10.5,-43.2,-17.0,2.06,0.66,2.740000009536743,0.5730592403664033,1.063024890879678,3.4250000119209285,3.972173446398807,2.4628406501718363,2.6427745216030054,1.7628630578946238,8.739324130946441,,,,6,False,15.3,,,n/d,n/d,,,,False,False,,,Em Baixa,3.4200000762939453,-19.883042444083177,-44.53441340487693,False,False,False,sem sinal (Em Baixa; sem novo topo (-19.9%))
PNVL3,SMALL11,SMALL11,Bens de primeira necessidade,41.81,36.84,70.0,,,0.0,,36.82,43.35,35.97,22.38,True,103,Não,4,8,False,,True,,False,False,True,False,True,True,7,10,False,True,False,False,True,False,True,True,False,False,True,0.81,True,1719313536.0,12.57,1.31,2.86,2.49,10.45,8.49,9.66,2.33,5.57,4.17,6.05,1.75,1.07,1.75,31.3,17.6,7.87,4.98,0.9,66.54,33.46,8.82,16.07,30.6,-28.4,-4.8,1.38,0.69,11.510000228881836,2.0469038164715503,3.7970065795547256,12.132657361390955,13.454368075711354,8.853920354721444,5.744254369015995,6.578478874467286,11.510000228881836,8.867240834820514,8.853920354721444,7.9685283192493,7,True,6.6,-30.768651947946836,-22.96055031719194,n/d,n/d,,,,False,False,,,Em Baixa,12.4399995803833,-7.475879283532983,-29.36604817437449,False,False,False,sem sinal (Em Baixa; sem novo topo (-7.5%))
AXIA3,BOVA11+Carteira,BOVA11,Serviços públicos,41.81,38.6,60.0,,,0.1,,40.19,23.69,50.22,45.45,True,104,Pivô de alta,3,8,False,,True,,False,False,False,True,True,True,6,10,False,False,False,True,False,True,True,False,True,False,True,0.54,True,118058819584.0,12.66,1.25,2.86,4.28,9.86,5.35,3.25,27.05,15.3,2.95,7.36,2.05,0.63,2.8,54.14,9.7,8.9,3.03,0.39,57.63,42.34,40.32,67.15,28.6,-22.8,-6.0,1.4,0.65,51.849998474121094,15.838543200975147,24.452200781119068,45.163722081098314,61.8255726523502,36.033835926549735,26.795403448578707,22.581465885110834,20.62544462503444,31.664523575102056,25.623802114848885,23.061421903363996,8,True,3.9,-55.52281083503945,-38.930521683802624,2026-11-04,2025-11-17,última,"A análise fundamentalista da AXIA3 revela uma empresa de serviços públicos que apresenta desafios em sua eficiência operacional, uma vez que seu ROE de 9,9% e seu ROIC de 3,2% situam-se abaixo das médias setoriais de 12,1% e 9,6%, respectivamente. Essa rentabilidade pressionada convive com múltiplos de valuation que não parecem descontados, dado que o P/L de 12,66 e o P/VP de 1,25 não configuram uma clara assimetria de preço favorável para compensar o retorno sobre o capital investido mais baixo. Por outro lado, a saúde financeira mostra-se controlada, com a relação dívida líquida sobre EBITDA em 2,95 vezes, posicionando-se abaixo do limite prudencial e da média do setor de 3,4 vezes, o que confere segurança ao balanço diante de uma liquidez corrente confortável de 2,05. Esse endividamento sob controle, contudo, não se traduz em proventos robustos, visto que o dividend yield de 2,86% é modesto e reflete a necessidade de retenção de caixa frente a um crescimento histórico tímido, evidenciado pelo CAGR de receita de 9,7% nos últimos cinco anos, patamar muito abaixo dos 37,6% apresentados pelos seus pares. No checklist de critérios de qualidade e valor, o papel atende a apenas 3 dos 8 requisitos avaliados, penalizado principalmente pelas taxas de retorno inferiores à taxa Selic e à média setorial, além de registrar vendas recentes por parte de insiders. Sob a ótica do valuation, as estimativas de preço-teto revelam uma enorme dispersão entre os métodos de cálculo, variando desde os conservadores R$ 15,84 por Bazin e R$ 24,45 por Gordon até os R$ 61,83 pela fórmula de Graham. Tomando como referência a média ponderada de R$ 31,66 e o preço-teto ajustado com margem de segurança de R$ 23,06, o preço atual de R$ 51,85 indica um expressivo prêmio de mercado, resultando em um upside negativo de 55,5% em relação ao valor justo estimado. Em balanço final, a AXIA3 destaca-se positivamente por sua excelente margem líquida de 27,05%, robusto valor de mercado e endividamento inferior à média de seus pares, mas traz como contrapartidas o fraco crescimento histórico, a baixa rentabilidade sobre o capital e um preço de tela desalinhado com as principais métricas de fluxo de caixa descontado e dividendos.",Pivô de alta,False,True,59.55,-12.93,Lateral,53.709999084472656,-3.4630434594240755,-23.57016321776929,False,True,False,Pivô de alta
AZZA3,BOVA11+SMALL11,BOVA11,Consumo discricionário,39.71,39.66,40.0,,,0.9,,25.11,61.36,46.2,37.76,False,105,Não,2,8,False,,True,,False,False,False,True,True,True,4,10,False,False,False,False,False,True,True,False,False,True,True,0.02,True,3060943104.0,9.64,0.39,16.35,3.53,4.03,11.4,5.88,2.85,3.67,2.18,5.18,2.26,0.49,3.63,34.06,21.9,3.17,3.32,0.93,48.36,51.64,14.87,31.78,1.8,-52.4,-20.7,1.29,0.51,15.140000343322754,3.8207288493545706,4.841207724318205,14.214392891353258,37.037897340777164,9.722395122878247,48.391190611734025,6.819001494248632,20.9161030224964,,,,5,False,12.7,,,n/d,n/d,,,,False,False,,,Em Baixa,17.010000228881836,-10.993532395043404,-53.626196965304416,False,False,False,sem sinal (Em Baixa; sem novo topo (-11.0%))
AUAU3,SMALL11,SMALL11,Consumo discricionário,39.3,34.47,66.66666666666667,,,0.9,,31.62,52.62,30.17,10.49,False,106,Não,2,8,False,,,,,,False,True,True,,2,3,False,False,False,False,False,True,True,False,False,False,True,0.51,True,2771756032.0,14.4,0.87,0.94,0.92,6.04,,7.01,3.84,2.98,2.53,5.05,1.26,0.7,2.75,13.25,22.2,9.5,5.6,,,,2.8,3.87,14.8,-16.7,-4.1,0.87,0.42,3.2200000286102295,0.2115801130738232,0.35585578408063195,2.686361979075694,4.315252991063856,1.3774018672069495,0.5195556122830765,1.3338576178164296,12.21428964696128,,,,3,False,57.7,,,n/d,n/d,,,,False,False,,,Em Baixa,3.680000066757202,-12.500000809845702,-20.169427520812434,False,False,False,sem sinal (Em Baixa; sem novo topo (-12.5%))
UNIP6,SMALL11,SMALL11,Materiais,39.12,42.49,20.0,,,1.0,,51.82,10.12,34.93,96.5,False,107,Não,4,8,False,,True,,False,False,True,False,False,False,2,10,False,True,True,False,False,False,True,True,False,True,True,1.25,True,6594636800.0,25.08,3.35,10.96,15.84,13.34,34.18,11.66,5.09,8.98,2.72,3.27,2.39,1.85,,397.19,-46.1,11.17,4.48,0.47,74.89,24.93,52.32,71.62,12.9,-17.5,-3.4,0.73,0.42,59.08000183105469,66.83145657012213,97.30660076609783,24.49888433185681,30.57353032219591,,30.036623802606314,6.292982651177505,20.70135480813592,,,,5,False,15.5,,,n/d,n/d,,,,False,False,,,Em Baixa,63.689998626708984,-7.2381800833028365,-18.731151807956834,False,False,False,sem sinal (Em Baixa; sem novo topo (-7.2%))
NATU3,BOVA11+SMALL11,BOVA11,Bens de primeira necessidade,38.93,43.59,12.5,,,0.0,P/L=-4.26<2,39.49,58.45,54.8,2.45,True,108,Não,2,8,False,,False,,,,False,True,False,False,1,8,False,False,False,False,False,True,True,False,False,True,True,0.35,True,11302268928.0,-4.26,0.9,0.0,0.0,-21.11,16.32,10.18,-12.47,4.94,2.58,3.54,1.68,0.54,,,-88.9,8.61,2.55,0.77,55.21,44.79,7.2,10.7,14.3,-23.1,-10.0,1.21,0.44,8.229999542236328,,,,,,,,10.422802282194437,10.422802282194437,10.422802282194437,9.380522053974994,1,True,1.0,13.979618174146768,26.64402019349641,n/d,n/d,,,,False,False,,,Em Baixa,8.5,-3.1764759736902626,-26.188342387395004,False,False,False,sem sinal (Em Baixa; sem novo topo (-3.2%))
HAPV3,BOVA11+SMALL11,BOVA11,Cuidados de saúde,38.93,36.0,55.55555555555556,,,0.2,P/L=-18.93<2,12.49,80.45,48.52,5.59,True,109,Não,2,8,False,,False,,False,,False,True,True,False,5,9,False,False,False,False,True,False,True,False,False,False,True,0.16,True,3107075072.0,-18.93,0.07,0.0,0.13,-0.36,-1.11,2.12,-0.55,4.18,3.07,7.69,1.84,0.33,,,41.3,5.59,1.55,0.45,33.25,66.74,6.09,41.71,7.4,-84.3,-40.9,1.62,0.36,6.539999961853027,0.06225926237945428,0.11549093171388768,,,,,,13.787952319791609,,,,2,False,221.5,,,n/d,n/d,,,,False,False,,,Em Baixa,11.90999984741211,-45.08816082584514,-84.66947964077463,False,False,False,sem sinal (Em Baixa; sem novo topo (-45.1%))
EMBJ3,BOVA11,BOVA11,Bens Industriais,38.72,33.79,66.66666666666667,,,0.7,,44.62,11.83,49.58,8.39,False,110,Não,4,8,False,,False,,False,,True,True,True,False,6,9,False,False,False,False,True,True,True,True,False,False,True,0.14,True,69240004608.0,30.92,4.02,1.01,0.72,13.01,5.09,9.61,5.28,11.76,0.52,0.76,1.44,0.69,3.05,22.12,113.9,16.71,3.7,0.82,70.5,26.66,68.4,103.57,42.2,-6.1,19.7,0.82,0.37,97.2699966430664,4.970373434840474,9.22004272162908,41.68264733249126,41.38446934269194,34.12509521562828,17.80324331323966,28.43940532034266,42.083527935208664,,,,6,False,8.5,,,n/d,n/d,,,,False,False,,,Em Alta,101.29000091552734,-3.9688066305908043,-7.4576652662251774,False,False,False,sem sinal (Em Alta)
SMFT3,BOVA11+SMALL11,BOVA11,Consumo discricionário,37.88,37.5,40.0,,,0.9,,49.68,39.71,13.52,25.17,False,111,Não,1,8,False,,False,,False,False,True,False,False,False,4,10,False,False,False,False,False,False,True,False,True,False,False,1.82,False,10623329280.0,15.54,1.76,5.83,2.63,11.3,9.4,10.6,8.53,3.92,4.32,5.7,1.2,2.24,2.32,40.84,-6.3,8.56,5.98,0.3,73.66,26.34,16.61,26.03,4.2,-33.5,-8.5,1.3,0.63,17.309999465942383,3.249424040087078,6.02768159436153,14.759169428811877,15.700246548325733,10.37388546242832,13.015426695379688,7.656345481915403,,11.255459201870424,11.694656078904003,10.525190471013603,6,True,4.8,-39.19589372765705,-34.97712565493912,n/d,n/d,,,,False,False,,,Em Baixa,20.040000915527344,-13.622761102120052,-34.44122236269903,False,False,False,sem sinal (Em Baixa; sem novo topo (-13.6%))
RAIL3,BOVA11,BOVA11,Bens Industriais,37.39,35.17,50.0,,,0.7,,50.38,26.8,22.36,13.29,False,112,Pivô de alta,2,8,False,,False,,False,False,False,False,True,True,5,10,False,False,False,False,True,False,True,False,True,False,False,1.64,False,26444003328.0,21.59,1.83,0.76,1.31,8.48,1.9,12.06,8.53,6.0,3.16,3.66,1.31,2.01,3.55,28.29,56.8,11.43,7.07,0.25,73.88,25.74,12.33,17.04,15.6,-16.4,-1.2,1.14,0.58,14.25,1.333549790960755,2.4737348622322006,8.745368226030568,10.753609392158118,4.87858352205053,7.696526410480179,4.286205605356511,11.169442259983533,,,,6,False,8.4,,,n/d,n/d,,,Pivô de alta,False,False,,,Lateral,14.4399995803833,-1.315786605987268,-17.76631468905798,False,True,False,Pivô de alta
TIMS3,BOVA11,BOVA11,Comunicação,36.82,30.97,70.0,,,0.4,,31.12,7.65,37.49,75.52,False,113,Não,3,8,False,,True,,False,False,False,True,True,True,7,10,False,False,False,True,True,False,True,False,True,True,True,0.49,True,43975397376.0,3224.89,1.76,7.97,8.95,0.05,11.85,0.76,15.78,112.41,1.05,2.63,0.85,0.66,1289.96,28865.77,2.5,8.71,7.75,0.43,57.89,42.11,17.94,27.96,2.6,-34.2,-18.7,0.79,0.49,18.40999984741211,11.770474416474931,14.68750503273176,,,,30.75,,0.6939802788688717,,,,3,False,44.3,,,n/d,n/d,,,,False,False,,,Em Baixa,19.43000030517578,-5.249616272481283,-35.060886194127136,False,False,False,sem sinal (Em Baixa; sem novo topo (-5.2%))
YDUQ3,BOVA11+SMALL11,BOVA11,Consumo discricionário,36.74,36.16,40.0,,,0.9,,35.04,45.7,25.25,39.16,False,114,Não,1,8,False,,False,,False,False,False,False,True,False,4,10,False,False,False,False,False,False,True,False,False,False,False,1.48,True,2002511744.0,19.0,0.74,7.23,3.6,3.89,5.03,11.35,2.04,3.73,3.14,3.87,1.61,1.72,15.46,68.41,1.0,3.72,7.39,0.4,70.08,29.69,7.32,14.76,7.5,-46.7,-15.6,1.66,0.62,7.869999885559082,2.0238999035118788,2.245933797583305,3.2832277540202615,9.955734923002648,2.0003577022311747,5.925849691549432,1.4265162985725512,14.66556730038189,,,,6,False,10.3,,,n/d,n/d,,,,False,False,,,Em Baixa,8.380000114440918,-6.085921502590108,-48.528450587351735,False,False,False,sem sinal (Em Baixa; sem novo topo (-6.1%))
CBAV3,SMALL11,SMALL11,Materiais,36.52,37.67,30.0,,,1.0,,39.21,36.97,38.89,30.07,False,115,Rompimento,5,8,False,,False,,False,False,True,True,True,False,3,10,False,True,False,False,True,True,True,True,False,False,True,0.57,True,7278992896.0,12.17,1.44,0.39,3.04,11.81,-1.32,6.25,6.41,6.53,1.95,4.36,2.06,0.89,1.64,37.03,28.1,9.56,3.49,0.48,67.68,30.73,2.83,11.18,295.3,0.0,4.0,0.34,0.16,11.180000305175781,2.429769114108134,4.507221706670588,12.172144950170837,12.66795579710097,9.62703808704913,0.7923827793706386,6.748454792382121,7.239159730295168,,,,6,False,16.0,,,n/d,n/d,,,Rompimento,False,False,,,Em Alta,11.170000076293945,0.08952756323663547,-0.08935903112140542,False,True,False,"Rompimento (vol x0.7, +0.1% do topo, MM50>MM200)"
POSI3,SMALL11,SMALL11,Tecnologia de informação,36.22,37.32,30.0,,,0.5,,21.77,51.89,40.56,64.34,False,116,Não,0,8,False,,True,,False,False,False,True,True,False,3,10,False,False,False,False,False,False,False,False,False,True,True,0.47,True,470800512.0,38.68,0.31,5.28,6.89,0.8,10.68,6.93,0.27,3.75,2.39,4.83,1.82,0.78,3.36,266.65,11.5,2.02,3.74,0.97,64.77,35.23,3.28,4.72,3.7,-28.0,-13.7,1.1,0.5,3.4000000953674316,1.6741741792858582,3.1055931025752668,1.1646846241886883,4.65742755893486,1.6168159153755814,0.7445919647652398,0.8702171909032466,9.212534779467202,,,,6,False,12.4,,,n/d,n/d,,,,False,False,,,Em Baixa,3.549999952316284,-4.225348139821284,-29.166667494508925,False,False,False,sem sinal (Em Baixa; sem novo topo (-4.2%))
RAPT4,SMALL11,SMALL11,Bens Industriais,35.99,40.58,10.0,,,0.7,P/L=-4.76<2,19.79,82.08,32.36,46.85,False,117,Não,1,8,False,,False,,False,False,False,False,True,False,1,10,False,False,False,False,False,False,True,False,False,False,True,1.82,False,1642319488.0,-4.76,0.54,0.0,4.31,-11.45,8.95,9.51,-2.65,3.84,2.95,4.35,2.12,2.11,,,0.5,3.69,5.22,0.76,74.66,17.25,4.35,6.9,8.3,-31.7,-5.5,1.35,0.59,4.710000038146973,1.4485428001211242,1.5097034961262383,,,,,,12.905466923367685,,,,2,False,8.9,,,n/d,n/d,,,,False,False,,,Em Baixa,5.139999866485596,-8.365755632453542,-32.90598218028289,False,False,False,sem sinal (Em Baixa; sem novo topo (-8.4%))
SIMH3,SMALL11,SMALL11,Industrials,35.15,37.82,20.0,,,0.7,P/L=-19.56<2,27.2,81.6,17.13,17.48,False,118,Não,5,8,False,,False,,False,False,False,False,True,False,2,10,False,True,True,False,True,False,True,True,False,False,False,7.83,False,3566769408.0,-19.56,0.61,2.8,2.25,-3.1,-1.12,11.25,-0.4,3.75,3.53,4.39,1.28,6.05,,,8.8,1.95,6.03,0.36,91.64,5.09,5.63,14.3,8.5,-57.3,-30.5,2.34,0.69,6.110000133514404,0.9798900275486497,1.8176960011027452,,,,,,48.07977346884064,,,,2,False,49.1,,,n/d,n/d,,,,False,False,,,Em Baixa,7.730000019073486,-20.95730765280457,-58.177302630247695,False,False,False,sem sinal (Em Baixa; sem novo topo (-21.0%))
ARML3,SMALL11,SMALL11,Bens Industriais,34.75,35.59,30.0,,,0.7,,33.89,38.92,28.22,49.65,False,119,Não,2,8,False,,True,,False,False,False,False,True,False,3,10,False,False,False,False,False,False,True,True,False,True,False,1.76,False,1141912064.0,18.45,0.83,14.16,4.79,4.51,11.22,9.85,3.11,4.69,3.29,4.68,1.89,2.12,35.1,88.34,20.9,2.97,5.25,0.54,75.09,23.96,2.71,6.17,22.0,-46.5,-12.6,1.83,0.55,3.299999952316284,1.1286671829239736,1.1788662421247396,1.33440653815281,4.000073406115944,0.9504674185273897,2.1773398581384287,0.5369186657084881,4.93751177672036,,,,6,False,9.2,,,n/d,n/d,,,,False,False,,,Em Baixa,3.559999942779541,-7.303370636019069,-47.61904996178491,False,False,False,sem sinal (Em Baixa; sem novo topo (-7.3%))
JSLG3,SMALL11,SMALL11,Bens Industriais,33.91,36.37,20.0,,,0.7,P/L=-14.31<2,21.36,58.25,14.14,93.71,False,120,Não,1,8,False,,True,,False,False,False,False,False,False,2,10,False,False,False,False,False,False,True,False,False,True,False,5.26,False,1495333120.0,-14.31,1.26,36.62,13.87,-8.83,13.19,9.68,-1.07,4.21,4.15,6.0,1.38,6.52,,,-44.0,2.93,4.78,0.43,89.08,10.92,3.81,8.64,37.5,-39.4,-16.4,2.1,0.62,5.239999771118164,5.191433403804608,7.55872703593951,,,,,,,6.375080219872059,6.375080219872059,5.7375721978848535,2,True,1.5,9.495657414132141,21.661841571257924,n/d,n/d,,,,False,False,,,Em Baixa,5.760000228881836,-9.027785366331786,-40.58956970040353,False,False,False,sem sinal (Em Baixa; sem novo topo (-9.0%))
CSNA3,BOVA11+SMALL11,BOVA11,Materiais,33.82,38.02,10.0,,,1.0,P/L=-2.42<2,15.97,78.94,7.94,95.1,False,121,Não,2,8,False,,False,,False,False,False,False,True,False,1,10,False,False,False,False,False,False,True,True,False,False,False,3.31,False,6351989760.0,-2.42,0.52,0.0,15.41,-21.59,-7.63,8.07,-5.82,4.23,5.46,9.47,1.15,3.57,,,5.7,-5.43,2.17,0.39,84.35,12.8,4.28,10.89,11.9,-56.0,-16.3,1.68,0.55,4.789999961853027,5.272756696327944,9.40075344485071,,,,,,,7.336755070589327,7.336755070589327,6.603079563530395,2,True,1.8,37.85134897946787,53.16816553274209,n/d,n/d,,,,False,False,,,Em Baixa,4.949999809265137,-3.232320274288303,-57.685511563722635,False,False,False,sem sinal (Em Baixa; sem novo topo (-3.2%))
BRAP4,BOVA11+SMALL11,BOVA11,Basic Materials,33.64,35.17,25.0,,,1.0,DY5a=24.3%>=20,14.99,39.84,74.72,,False,122,Não,4,6,False,,True,,False,False,False,True,,False,2,8,False,True,True,False,,,True,True,False,True,True,,True,8266822144.0,14.14,1.03,11.21,24.25,7.26,23.82,-0.47,0.0,-215.28,,,5.68,0.0,1.95,342.9,,2.81,-0.74,,4.4,95.6,13.96,25.49,50.6,-17.5,-6.6,0.89,0.62,21.030000686645508,36.4274170897653,67.57285870151462,19.706330204954238,26.13889527948993,44.6181061244247,15.342069641277186,10.76018745983507,,25.498834299957736,22.922612742222086,20.630351467999876,6,True,6.3,-1.9003766314635295,21.249802507852642,n/d,n/d,,,,False,False,,,Em Baixa,22.0,-4.409087787974963,-17.9477121527284,False,False,False,sem sinal (Em Baixa; sem novo topo (-4.4%))
MYPK3,SMALL11,SMALL11,Consumo discricionário,32.96,35.25,20.0,,,0.9,,25.15,51.77,28.72,52.45,False,123,Não,1,8,False,,True,,False,False,False,False,True,False,2,10,False,False,False,False,False,False,True,False,False,False,True,0.95,True,1361407232.0,15.28,0.34,3.38,5.42,2.23,4.01,8.93,0.6,3.5,2.9,4.54,1.73,1.23,39.83,82.8,0.1,3.92,3.75,0.65,66.29,30.03,8.74,13.84,4.0,-34.3,-2.4,0.83,0.5,9.09000015258789,3.518187442501676,3.631196083624279,4.385743493866426,18.917076230256598,3.4517085646979964,7.742135616288168,1.7326844298528983,20.261763396706733,,,,6,False,11.7,,,n/d,n/d,,,,False,False,,,Em Baixa,9.710000038146973,-6.385168724236179,-34.660759826909306,False,False,False,sem sinal (Em Baixa; sem novo topo (-6.4%))
TTEN3,SMALL11,SMALL11,Bens de primeira necessidade,32.81,29.78,50.0,,,0.0,,35.59,31.47,23.86,11.19,True,124,Não,2,8,False,,True,,False,True,True,False,False,True,5,10,False,True,False,False,False,False,True,False,False,True,False,0.75,True,5649972736.0,9.61,1.13,1.61,0.95,11.76,18.41,4.0,3.19,17.47,7.5,18.75,1.36,1.03,0.9,9.14,-37.7,5.62,1.74,0.97,64.13,35.82,9.93,17.74,13.7,-36.4,-23.6,0.82,0.38,11.289999961853027,0.7667711041936762,1.4223603982792694,15.566337096207347,16.251156923514866,13.670490760621929,1.678304309403704,11.029179880934427,,,,,4,False,21.2,,,n/d,n/d,,,,False,False,,,Em Baixa,12.069999694824219,-6.462301182208529,-36.92737317063685,False,False,False,sem sinal (Em Baixa; sem novo topo (-6.5%))
CASH3,SMALL11,SMALL11,Comunicação,32.5,28.43,55.55555555555556,,,0.4,P/L=-5.79<2,1.34,43.54,83.49,2.45,False,125,Não,2,8,False,,False,,False,,False,True,True,False,5,9,False,False,False,False,True,True,False,False,False,False,True,-0.29,True,583348608.0,-5.79,1.36,0.0,0.0,-23.45,-3.01,-16.62,-20.31,-9.09,-1.12,-2.8,2.68,0.0,,,18.2,6.51,9.61,1.74,18.27,80.69,3.24,5.6,72.8,0.0,29.7,0.97,0.33,5.599999904632568,,,,,,,,,,,,0,True,,,,n/d,n/d,,,,False,False,,,Em Alta,5.460000038146973,2.564100100869404,-2.777783296726144,False,False,False,sem sinal (Em Alta)
DESK3,SMALL11,SMALL11,Comunicação,31.76,32.07,30.0,,,0.4,,39.51,26.35,34.65,7.69,False,126,Não,3,8,False,,True,,False,False,False,False,False,True,3,10,False,True,True,False,False,False,True,False,False,False,True,0.9,True,2196932608.0,39.34,1.54,0.77,0.44,3.91,6.21,11.53,4.4,5.25,2.09,2.53,1.41,1.21,12.14,17.15,-50.0,11.12,6.52,0.32,62.73,36.49,7.85,18.95,140.7,-0.3,4.5,0.68,0.2,18.899999618530273,0.5886462649336317,0.7906544490453721,4.609265560797217,11.517958681662064,1.76572740411077,0.6741747290838402,2.2616374961455525,18.899999618530273,,,,3,False,32.1,,,n/d,n/d,,,,False,False,,,Em Alta,18.950000762939453,-0.2638582712195303,-1.511208480753623,False,False,False,sem sinal (Em Alta)
DXCO3,SMALL11,SMALL11,Materiais,31.61,33.66,20.0,,,1.0,P/L=-127.17<2,14.36,71.97,27.84,36.36,False,127,Não,2,8,False,,True,,False,False,False,False,True,False,2,10,False,False,False,False,False,False,True,True,False,False,False,0.88,True,4530274304.0,-127.17,0.66,0.0,3.44,-0.52,6.92,4.35,-0.43,4.66,3.22,8.04,1.98,1.19,,,5.2,8.05,2.48,0.51,62.06,36.03,4.44,6.09,12.5,-18.1,-1.3,1.18,0.6,4.989999771118164,1.22681410775884,2.0532407021672947,,,,,,5.8716342597906825,1.6400274049630674,1.6400274049630674,1.4760246644667607,2,True,4.8,-70.42034604871311,-67.13371783190345,n/d,n/d,,,,False,False,,,Em Baixa,5.289999961853027,-5.671081151194879,-19.774920587828305,False,False,False,sem sinal (Em Baixa; sem novo topo (-5.7%))
PRNR3,SMALL11,SMALL11,Bens Industriais,30.14,31.93,20.0,,,0.7,,38.38,26.0,33.1,15.38,False,128,Não,3,8,False,,False,,False,False,False,False,True,False,2,10,False,False,False,False,True,True,True,False,False,False,True,1.18,True,955439936.0,21.79,2.0,0.0,1.69,9.17,4.0,10.43,2.06,5.65,2.34,3.13,1.85,1.75,3.76,36.73,27.8,4.79,6.02,0.64,70.26,25.54,14.63,21.97,14.6,-23.7,-10.3,1.16,0.6,16.760000228881836,2.0181078662839265,3.6461536669244925,9.926116020421139,12.04263895963171,5.758979290462557,5.544942947978397,4.8596633984749795,15.420179027905244,6.963082380648879,5.651961119220477,5.086765007298429,6,True,7.6,-69.64937387928784,-58.45416297399759,n/d,n/d,,,,False,False,,,Em Baixa,19.739999771118164,-15.096249122537486,-24.12856444947391,False,False,False,sem sinal (Em Baixa; sem novo topo (-15.1%))
BRAV3,BOVA11+SMALL11,BOVA11,Energia,29.87,29.26,33.333333333333336,,,0.9,,23.13,54.99,19.6,11.89,False,129,Não,1,8,False,,False,,False,,False,False,False,True,3,9,False,False,False,False,False,False,True,False,False,False,False,1.17,True,8733410304.0,160.38,0.71,0.66,1.08,0.44,3.55,8.3,0.44,3.24,3.05,5.14,1.26,1.55,,172.9,-17.3,5.34,3.71,0.27,72.43,27.57,13.35,21.64,40.8,-13.1,-4.0,0.51,0.24,18.799999237060547,1.4477125867424576,2.1078695262970184,,,,1.6666666666666667,,18.799999237060547,,,,3,False,13.0,,,n/d,n/d,,,,False,False,,,Em Baixa,20.389999389648438,-7.79794114851764,-15.105024929057919,False,False,False,sem sinal (Em Baixa; sem novo topo (-7.8%))
BRKM5,BOVA11+SMALL11,BOVA11,Materiais,29.54,30.34,25.0,,,1.0,P/L=-0.73<2,38.62,17.31,2.27,81.82,False,130,Não,5,8,False,,False,,False,,True,,True,False,2,8,True,True,False,False,True,False,True,True,False,False,False,,True,4040629760.0,-0.73,-0.32,0.0,9.77,44.02,-59.65,1.85,-7.85,8.28,7.47,18.68,0.77,,,,21.6,-6.01,3.46,0.31,120.15,-19.72,4.93,12.7,2.8,-60.1,-37.4,0.93,0.22,5.070000171661377,3.5367180978762267,6.5606120715604,,,,,,,5.048665084718314,5.048665084718314,4.543798576246482,2,True,1.9,-10.378729341195758,-0.4208103791063955,n/d,n/d,,,,False,False,,,Em Baixa,6.050000190734863,-16.198346912026306,-63.2075452111188,False,False,False,sem sinal (Em Baixa; sem novo topo (-16.2%))
LWSA3,SMALL11,SMALL11,Tecnologia de informação,29.51,31.19,20.0,,,0.5,P/L=-11.53<2,12.36,50.8,49.93,29.37,False,131,Rompimento,1,7,False,,False,,False,False,False,True,True,False,2,10,False,False,False,False,False,,True,False,False,False,True,,True,2278022400.0,-11.53,0.97,6.27,2.95,-8.41,-2.3,5.89,-13.29,6.07,,,1.18,0.03,,,1.2,10.9,-3.98,1.15,32.17,67.83,3.38,4.67,20.0,-13.0,6.7,1.36,0.54,4.059999942779541,0.8550990101520491,0.9464877168620494,,,,,,,0.9007933635070493,0.9007933635070493,0.8107140271563444,2,True,1.1,-80.03167392654403,-77.81297102949337,n/d,n/d,,,Rompimento,False,False,,,Lateral,3.985538959503174,1.8682788961031482,-14.540267286325193,False,True,False,"Rompimento (vol x0.7, +1.9% do topo, MM50>MM200)"
LJQQ3,SMALL11,SMALL11,Consumo discricionário,29.43,32.66,11.11111111111111,,,0.9,P/L=-1.03<2,6.97,89.63,13.21,44.76,False,132,Não,0,8,False,,False,,False,,False,False,True,False,1,9,False,False,False,False,False,False,False,False,False,False,False,4.22,False,215193952.0,-1.03,0.69,0.0,4.1,-67.62,-9.94,2.03,-6.88,0.79,34.56,86.39,1.77,7.9,,,8.8,14.86,-0.01,0.82,89.26,10.74,0.96,2.83,8.3,-63.3,-28.6,2.12,0.59,1.0399999618530273,0.30481802587615975,0.5654374380002762,,,,,,,0.43512773193821797,0.43512773193821797,0.39161495874439617,2,True,1.9,-62.34471412415887,-58.16079347128763,n/d,n/d,,,,False,False,,,Em Baixa,1.309999942779541,-20.610686467178862,-63.76306608630986,False,False,False,sem sinal (Em Baixa; sem novo topo (-20.6%))
EQTL3,BOVA11,BOVA11,Serviços públicos,28.5,28.23,30.0,,,0.1,,34.79,21.14,20.34,32.17,True,133,Não,1,8,False,,True,,False,False,False,False,False,True,3,10,False,False,False,False,False,False,True,False,False,False,True,2.15,True,44937805824.0,47.0,1.72,4.41,3.15,3.67,8.85,9.18,1.75,7.86,4.81,7.33,1.57,2.27,,148.2,-54.9,21.68,4.62,0.33,74.15,23.5,33.29,45.35,7.5,-21.1,-9.7,1.21,0.82,35.77000045776367,8.056625193313568,11.730446281464557,7.9150639310796205,18.871092888175625,,6.267048420977274,2.0331276855932545,35.77000045776367,,,,5,False,17.6,,,n/d,n/d,,,,False,False,,,Em Baixa,39.209999084472656,-8.773268826908087,-22.77633701763474,False,False,False,sem sinal (Em Baixa; sem novo topo (-8.8%))
DASA3,SMALL11,SMALL11,Cuidados de saúde,28.28,33.27,0.0,,,0.2,P/L=-3.61<2,17.82,78.98,22.99,9.09,True,134,Não,2,8,False,,False,,False,,False,False,False,False,0,9,False,False,False,False,False,False,True,True,False,False,True,0.98,True,3224552704.0,-3.61,0.47,0.0,0.76,-13.13,-13.32,7.28,-9.6,4.07,4.54,8.74,1.27,1.12,,,-9.8,11.32,3.53,0.48,62.87,36.98,1.24,4.6,108.1,-43.9,-10.8,2.03,0.41,2.5799999237060547,0.140101484807027,0.2039877618790313,,,,,,,0.17204462334302917,0.17204462334302917,0.15484016100872625,2,True,1.5,-93.99844319428098,-93.33160354920109,n/d,n/d,,,,False,False,,,Em Baixa,2.9000000953674316,-11.034488315105817,-45.91195106871003,False,False,False,sem sinal (Em Baixa; sem novo topo (-11.0%))
MRVE3,BOVA11+SMALL11,BOVA11,Consumo discricionário,28.25,31.28,11.11111111111111,,,0.9,P/L=-4.97<2,15.51,66.33,25.68,25.87,False,135,Rompimento,1,8,False,,False,,False,,False,False,True,False,1,9,False,False,False,False,False,False,True,False,False,False,False,1.18,True,2864827392.0,-4.97,0.63,0.0,2.67,-12.58,-7.71,6.84,-4.93,5.32,3.03,6.21,1.89,1.69,,,10.7,2.85,3.75,0.89,78.42,18.67,4.2,10.43,21.2,-51.2,-12.3,1.59,0.58,5.090000152587891,0.9696997101857272,1.7987929623945238,,,,,,2.6871554575596885,1.8185493767133132,1.7987929623945238,1.6189136661550714,3,True,2.8,-68.1942314808778,-64.27211547746782,n/d,n/d,,,Rompimento,False,False,,,Lateral,4.909999847412109,3.6659941093613924,-51.661915653708434,False,True,False,"Rompimento (vol x1.1, +3.7% do topo, MM50>MM200)"
CAML3,SMALL11,SMALL11,Bens de primeira necessidade,27.34,30.4,10.0,,,0.0,,25.75,35.85,25.49,47.55,True,136,Rompimento,1,8,False,,True,,False,False,False,False,False,False,1,10,False,False,False,False,False,False,True,False,False,False,False,1.5,True,1674659712.0,15.58,0.58,5.97,4.34,3.69,8.66,5.74,0.99,7.87,5.55,13.55,1.87,1.99,13.07,67.69,-58.5,4.71,3.09,0.76,72.01,27.99,4.05,7.23,21.3,-32.0,-9.3,1.42,0.58,4.909999847412109,1.5236428765664134,1.6853543000677054,2.4899694432669164,7.747739573095417,1.7449078941301341,1.7822632604478013,1.0780994123282996,0.03462128620209939,,,,6,False,223.8,,,n/d,n/d,,,Rompimento,False,False,,,Lateral,4.809999942779541,2.079000121043273,-32.78430590877813,False,True,False,"Rompimento (vol x1.4, +2.1% do topo, MM50>MM200)"
SOJA3,SMALL11,SMALL11,Bens de primeira necessidade,26.59,27.75,20.0,,,0.0,,30.27,28.9,13.88,41.26,True,137,Não,2,8,False,,True,,False,False,False,False,False,False,2,10,False,False,False,False,True,False,True,False,False,True,True,0.66,True,899974976.0,39.02,0.68,4.44,3.84,1.73,13.98,5.66,0.89,9.1,4.7,11.63,0.95,1.47,,149.91,-0.4,6.57,2.47,1.35,45.47,36.89,4.98,10.46,28.1,-39.0,1.2,0.8,0.32,6.380000114440918,1.7508311841599873,2.5492102041369415,1.7004613323983993,5.8750809737890375,,1.0522259290281606,0.4367943257671713,1.2574173866305989,,,,5,False,13.5,,,n/d,n/d,,,,False,False,,,Lateral,6.320000171661377,0.9493661574342616,-38.98107312951355,False,False,False,sem sinal (Lateral)
HBOR3,SMALL11,SMALL11,Imobiliário,26.44,27.58,20.0,,,0.8,,15.02,35.74,38.08,42.66,False,138,Não,1,8,False,,True,,False,False,False,True,False,False,2,10,False,False,False,False,False,False,False,True,False,False,False,1.25,True,242829328.0,53.75,0.17,7.28,3.93,0.31,3.0,2.16,0.41,13.21,15.28,38.21,2.55,0.72,,211.23,-64.6,1.97,1.03,0.81,57.57,22.01,1.68,4.23,8.9,-56.8,-15.6,1.66,0.42,1.8300000429153442,0.5136933434025496,0.7479375079941122,0.3540837292338526,2.871631204845663,,0.26415074528231325,0.09095282605320117,,,,,4,False,31.6,,,n/d,n/d,,,,False,False,,,Em Baixa,2.009999990463257,-8.955221313529805,-56.98604440612495,False,False,False,sem sinal (Em Baixa; sem novo topo (-9.0%))
GFSA3,SMALL11,SMALL11,Consumo discricionário,26.08,30.68,0.0,,,0.9,P/L=-0.06<2,0.67,100.0,25.68,2.45,False,139,Não,1,7,False,,False,,False,,False,False,False,False,0,9,False,False,False,False,False,,False,True,False,False,True,,True,34620808.0,-0.06,0.02,0.0,0.0,-39.87,-13.41,-6.27,-124.06,-5.68,,,1.31,1.06,,,-55.9,0.73,-4.96,0.96,67.49,32.51,0.2,13.83,10.0,-98.4,-77.0,1.24,0.27,0.2199999988079071,,,,,,,,,,,,0,True,,,,n/d,n/d,,,,False,False,,,Em Baixa,0.27000001072883606,-18.518522197817433,-98.42744816006295,False,False,False,sem sinal (Em Baixa; sem novo topo (-18.5%))
RCSL4,SMALL11,SMALL11,Bens Industriais,25.7,27.71,14.285714285714286,,,0.7,P/L=-5.94<2,38.26,,16.62,2.45,False,140,Não,2,6,False,,False,,False,,True,,,False,1,7,True,True,False,False,,,False,False,False,True,True,,True,89102424.0,-5.94,-5.97,0.0,0.0,100.56,,-2.72,0.0,-103.72,,,1.22,,,,,,-14.18,0.2,170.21,-69.4,0.26,2.7,169.2,-74.1,19.5,0.22,0.03,0.699999988079071,,,,,,,,,,,,0,True,,,,n/d,n/d,,,,False,False,,,Em Alta,0.7799999713897705,-10.256408492959167,-74.7520296321827,False,False,False,sem sinal (Em Alta)
ORVR3,SMALL11,SMALL11,Bens Industriais,25.55,20.26,55.55555555555556,,,0.7,,22.41,8.6,38.88,2.45,False,141,Não,2,8,False,,False,,False,,False,True,True,False,5,9,False,False,False,False,True,False,True,False,False,False,False,0.28,True,8761277440.0,174.34,1.81,0.0,0.0,1.04,-2.35,3.71,3.35,20.04,4.88,12.21,2.38,0.74,167.63,,135.8,14.2,2.86,0.49,63.86,33.58,12.9,20.97,23.6,-23.9,-15.6,1.1,0.66,15.949999809265137,,,,,,,,0.5267844648154367,0.5267844648154367,0.5267844648154367,0.47410601833389304,1,True,1.0,-97.02754843885019,-96.69727604316688,n/d,n/d,,,,False,False,,,Em Baixa,17.8799991607666,-10.794180324887204,-24.85277021153731,False,False,False,sem sinal (Em Baixa; sem novo topo (-10.8%))
MGLU3,BOVA11+SMALL11,BOVA11,Consumo discricionário,25.28,27.78,11.11111111111111,,,0.9,,19.75,51.19,20.34,20.28,False,142,Não,1,8,False,,False,,False,,False,True,False,False,1,9,False,False,False,False,False,False,True,False,False,False,False,0.6,True,3226738944.0,36.47,0.29,1.95,2.34,0.79,-2.27,6.07,0.23,2.3,4.67,10.76,1.1,0.76,314.75,85.33,-2.6,5.14,1.9,0.75,70.25,29.75,3.88,11.0,7.2,-62.2,-31.6,1.96,0.59,4.159999847412109,0.6952579219727789,0.7018725269324378,0.8225111860650789,6.067610485147757,0.28011052776659356,0.41775017276823034,0.3130278715293705,,,,,6,False,21.7,,,n/d,n/d,,,,False,False,,,Em Baixa,5.159999847412109,-19.379845534327465,-63.65146871188043,False,False,False,sem sinal (Em Baixa; sem novo topo (-19.4%))
MBRF3,BOVA11,BOVA11,Bens de primeira necessidade,24.46,28.78,0.0,,,0.0,DY5a=21.3%>=20,41.83,22.66,7.06,,True,143,Não,1,8,False,,False,,False,False,False,False,False,False,0,10,False,False,False,False,False,False,True,False,False,True,True,4.51,False,27227400192.0,73.93,2.37,8.94,21.32,3.2,39.26,6.29,0.22,6.1,4.84,10.77,1.05,5.39,23.1,1575.99,-51.3,28.29,2.68,0.43,89.92,7.97,14.52,27.52,34.6,-29.0,14.0,1.02,0.31,19.540000915527344,29.752872726899113,39.80273195909615,2.525572356336101,7.002148431252935,6.480024632845599,3.046690502845772,1.2376982667213896,11.341215600988255,,,,4,False,32.2,,,n/d,n/d,,,,False,False,,,Em Alta,18.270000457763672,6.951288593011484,-29.356467739259507,False,False,False,sem sinal (Em Alta)
CSAN3,BOVA11+SMALL11,BOVA11,Consumo discricionário,24.22,26.73,10.0,,,0.9,P/L=-1.62<2,16.42,34.85,41.25,23.78,False,144,Não,2,8,False,,False,,False,False,False,False,True,False,1,10,False,False,False,False,False,True,True,False,False,False,True,1.47,True,14357494784.0,-1.62,2.91,0.0,2.53,-1.79,-64.7,8.59,-22.18,4.67,0.5,0.82,1.67,1.1,,,26.5,6.12,5.56,0.41,77.05,3.93,3.13,8.0,16.3,-54.5,-13.5,1.95,0.66,3.640000104904175,0.6583625626958485,1.2212625538007988,,,,,,3.264431296215689,0.9398125582483237,0.9398125582483237,0.8458313024234914,2,True,5.0,-76.76287697673683,-74.18097441859648,n/d,n/d,,,,False,False,,,Em Baixa,4.099999904632568,-11.219507571418285,-54.66998473289695,False,False,False,sem sinal (Em Baixa; sem novo topo (-11.2%))
CVCB3,SMALL11,SMALL11,Consumo discricionário,23.7,22.0,33.333333333333336,,,0.9,P/L=-6.22<2,11.02,52.15,18.78,2.45,False,145,Bandeira de alta,2,8,False,,False,,False,,False,False,False,False,3,9,False,False,False,False,False,True,True,False,False,False,True,0.73,True,812445760.0,-6.22,2.54,0.0,0.0,-40.86,-60.02,5.9,-8.94,2.61,1.23,2.93,0.68,1.67,,,-4.5,10.76,4.12,0.67,87.19,12.81,1.08,2.72,44.4,-42.6,-3.5,1.17,0.3,1.559999942779541,,,,,,,,3.406792149082738,3.406792149082738,3.406792149082738,3.0661129341744644,1,True,1.0,96.54570811787313,118.3841201309701,n/d,n/d,,,Bandeira de alta,False,False,,,Lateral,1.5499999523162842,0.6451606948963517,-44.08602279179101,False,True,False,"Bandeira de alta — mastro +28%, recuo 33% (candidato)"
KLBN11,BOVA11,BOVA11,Materiais,23.21,25.54,10.0,,,1.0,,23.09,17.68,20.43,66.43,False,146,Pivô de alta,1,8,False,,True,,False,False,False,False,False,False,1,10,False,False,False,False,False,False,True,False,False,True,False,0.49,True,131391070208.0,41.11,2.43,6.28,7.1,5.92,28.81,5.45,0.86,6.31,3.99,9.97,2.0,2.3,,291.69,-51.7,10.7,2.09,0.37,77.43,12.36,16.08,21.02,15.0,-12.0,5.4,0.56,0.47,18.489999771118164,9.37079799256806,13.643881877179096,4.677596633899998,8.77508414512876,,11.016666666666667,1.2015255089825543,7.372511386444779,,,,6,False,11.4,,,n/d,n/d,,,Pivô de alta,False,False,,,Lateral,18.639999389648438,-0.8047190098813717,-12.98823637120864,False,True,False,Pivô de alta
HBSA3,SMALL11,SMALL11,Bens Industriais,22.92,25.0,11.11111111111111,,,0.7,P/L=-26.47<2,25.19,19.18,43.11,2.45,False,147,Rompimento,2,8,False,,False,,False,,False,False,True,False,1,9,False,False,False,False,True,False,True,False,False,False,False,1.26,True,4734131200.0,-26.47,2.26,0.0,0.0,-8.56,-15.0,11.14,-5.52,7.91,3.09,3.88,3.26,1.56,,,68.3,12.28,5.08,0.41,66.67,33.33,2.98,4.38,16.8,-20.5,1.8,0.77,0.36,3.4800000190734863,,,,,,,,1.6582182551338565,1.6582182551338565,1.6582182551338565,1.4923964296204708,1,True,1.0,-57.11504536089613,-52.3500504009957,n/d,n/d,,,Rompimento,False,False,,,Lateral,3.380000114440918,2.9585769599628886,-20.728926539594806,False,True,False,"Rompimento (vol x1.4, +3.0% do topo, MM50>MM200)"
AURE3,BOVA11+SMALL11,BOVA11,Serviços públicos,21.63,21.92,20.0,,,0.1,P/L=-9.86<2,13.34,27.14,11.03,69.23,True,148,Não,2,8,False,,False,,False,False,False,False,True,False,2,10,False,False,False,False,False,False,True,True,False,False,False,1.74,True,10686616576.0,-9.86,0.93,0.0,7.48,-9.47,2.89,2.64,-8.09,11.57,6.49,16.23,1.12,1.85,,,5.9,-72.06,2.04,0.26,71.73,25.67,10.05,14.61,1.8,-30.0,-15.8,1.1,0.59,10.229999542236328,5.465905823613741,10.004632066777447,,,,,,2.7578706061471956,6.0761361655127955,5.465905823613741,4.919315241252367,3,True,3.6,-51.91284983990351,-40.60472690710871,n/d,n/d,,,,False,False,,,Em Baixa,11.279999732971191,-9.308512549568027,-30.21828343305063,False,False,False,sem sinal (Em Baixa; sem novo topo (-9.3%))
ENEV3,BOVA11,BOVA11,Serviços públicos,21.46,19.37,33.333333333333336,,,0.1,,28.0,8.64,21.85,2.45,True,149,Não,1,8,False,,True,,False,,False,False,False,True,3,9,False,False,False,False,False,False,True,False,False,False,True,1.17,True,48513810432.0,51.22,2.42,0.0,0.0,4.73,2.64,5.85,5.03,11.93,3.9,9.34,1.28,1.2,10.83,,-91.5,26.28,4.12,0.26,62.34,34.87,13.71,27.59,85.0,-8.1,-1.6,1.13,0.56,25.360000610351562,,,5.593724268984816,10.80470835335413,2.3419133714752616,,2.7947351595811094,12.49872046498291,6.806760323675644,5.593724268984816,5.034351842086334,5,True,5.3,-80.1484553591399,-73.15946309205833,n/d,n/d,,,,False,False,,,Em Baixa,27.15999984741211,-6.6273904535093635,-9.81507875714942,False,False,False,sem sinal (Em Baixa; sem novo topo (-6.6%))
TUPY3,SMALL11,SMALL11,Bens Industriais,19.41,22.83,0.0,,,0.7,P/L=-2.53<2,6.29,42.67,27.45,38.46,False,150,Não,2,8,False,,False,,False,False,False,False,False,False,0,10,False,False,False,False,False,False,True,True,False,False,False,0.83,True,1938344704.0,-2.53,0.86,0.0,3.58,-33.8,2.01,1.49,-8.26,8.28,3.88,9.69,2.16,1.72,,,-5.8,5.22,1.31,0.87,73.24,26.66,11.34,16.19,30.3,-8.7,2.7,1.23,0.52,14.779999732971191,3.780435860499745,5.5043146128876295,,,,,,5.063572783384453,4.7827744189239425,5.063572783384453,4.557215505046008,3,True,1.5,-69.16633567401371,-67.6402266215571,n/d,n/d,,,,False,False,,,Em Baixa,15.8100004196167,-6.514868180316469,-10.42424404259884,False,False,False,sem sinal (Em Baixa; sem novo topo (-6.5%))
BBDC1,BOVA11,BOVA11,Produtos financeiros,,,,,,0.4,,,,,,False,151,Não,0,0,False,,,,,,,,,,0.0,0.0,,,,,,,,,True,True,True,,True,,,,,,,,,,,,,,,,,,,,,,,,,,,,,,,,,,,,,,,,,,0,True,,,,n/d,n/d,,,,False,False,,,,,,,False,False,False,histórico insuficiente
BBDC2,BOVA11,BOVA11,Produtos financeiros,,,,,,0.4,,,,,,False,152,Não,0,0,False,,,,,,,,,,0.0,0.0,,,,,,,,,True,True,True,,True,,,,,,,,,,,,,,,,,,,,,,,,,,,,,,,,,,,,,,,,,,0,True,,,,n/d,n/d,,,,False,False,,,,,,,False,False,False,histórico insuficiente
MOVI1,SMALL11,SMALL11,Bens Industriais,,,,,,0.7,,,,,,False,153,Não,0,0,False,,,,,,,,,,0.0,0.0,,,,,,,,,True,True,True,,True,,,,,,,,,,,,,,,,,,,,,,,,,,,,,,,,,,,,,,,,,,0,True,,,,n/d,n/d,,,,False,False,,,,,,,False,False,False,histórico insuficiente
