ticker,origem,grupo,setor,investment,investment_base,consistencia,basileia,solvencia,ciclicidade,dado_suspeito,quality,value,safety,dividend,regulado,rank_invest,oportunidade_grafica,candidato_padrao,candidato_nota,virada_alta,criterios_ok,criterios_aplicaveis,passa_checklist,mais_5a_bolsa,sem_prejuizo_anual,lucro_20t,div_ge5_5a,div_sem_corte,roe_ge_10,divida_menor_patrim,cresc_receita_5a,cresc_lucro_5a,n_ok,n_aplic,roe_roic_ge_selic,roe_ge_setor,roic_ge_setor,margem_ge_15,cagr_ge_setor,divida_ok,marketcap_ok,insider_ok,margem_ok,roe_ok,alavancagem_ok,div_liq_patrim,nde_ok,market_cap,pl,pvp,dy,dy_teto,roe,roe_medio,roic,mrg_liq,ev_ebitda,div_liq_ebitda,lev_roic_adj,liq_corr,div_patrim,peg,payout,cresc_5a,pl_fut,roa,liq_geral,grau_endiv,indep_fin,min_52s,max_52s,dist_min52,dist_max52,dist_mm100,mediana_1a,media_1a,max_drawdown,vol_anual,ret_ytd,min_ytd,max_ytd,rel_ibov_ytd,desvio_padrao,momentum_12_1,var_95,sharpe,liquidez_media,preco_p10_1a,preco_p50_1a,preco_p90_1a,g_implicito,teto_dispersao,teto_confiavel,teto_n_metodos,cagr_5a,cagr_3a,cagr_1a,desacelerando,anos_atipicos,beta,corr_ibov,corr_usd,close,div_ge5_5a,divo_qualidade_ok,auvp_ok,teto_bazin,teto_gordon,teto_dcf,teto_graham,teto_lynch,teto_projetivo,teto_graham_selic,teto_mult_ebitda,teto_medio,teto_mediana,teto_ajustado,teto_n_metodos,teto_confiavel,teto_dispersao,teto_upside_pct,teto_upside_media_pct,prox_resultado,ex_dividendo,ex_tipo,tese_ia,strategy,in_wishlist,in_carteira,preco_medio,var_pm_pct,trend,breakout_level,pct_to_level,dist_52w_high_pct,fund_ok,breakout,aprovado,note
VULC3,SMALL11+DIVO11,SMALL11,Consumo discricionário,77.19,77.98,72.72727272727273,,,0.9,,87.38,63.86,65.5,95.89,False,1,Não,,,False,6,8,False,,True,,False,False,True,True,False,True,8,11,True,True,True,True,False,True,True,False,True,True,True,0.25,True,4205972224.0,4.58,1.61,21.5,15.42,35.06,31.82,17.83,24.89,6.16,0.76,0.59,2.96,0.37,0.44,70.63,-64.7,6.1,11.45,1.64,37.42,62.57,12.98,20.08,3.2,-33.3,-5.7,16.7,16.53,-35.4,26.3,-32.7,12.98,19.91,-47.29,1.65,-20.0,-3.0,-1.24,39836787.0,7.65,10.72,15.02,-6.6,8.9,False,6,,12.0,16.8,False,2025,0.85,0.57,0.15,13.390000343322754,False,False,False,15.017248623608173,28.242115959882465,39.98704145350646,23.389781790823637,75.19087830724048,48.540692167014235,27.22019989962212,8.464305662982442,,,,6,False,8.9,,,n/d,2025-12-23,última,,,False,False,,,Em Baixa,13.949999809265137,-4.014333144079685,-33.81033550054507,True,False,False,sem sinal (Em Baixa; sem novo topo (-4.0%))
JHSF3,SMALL11+DIVO11+AUVP11,SMALL11,Imobiliário,76.89,74.42,90.9090909090909,,,0.8,,86.69,78.07,44.52,69.86,False,2,Não,Bandeira de alta,"Bandeira de alta (pré-confirmação) — pescoço R$11.83, preço 0.2% abaixo do pescoço; falta fechar acima e segurar",False,7,8,False,,True,,False,True,True,True,True,True,10,11,True,True,True,True,True,True,True,False,True,True,True,0.34,True,7766024192.0,3.79,1.08,6.03,8.08,28.4,16.71,13.12,52.59,5.01,1.22,1.27,1.73,0.86,0.25,30.63,90.2,9.31,7.25,0.72,61.6,36.26,5.52,13.76,113.9,-14.2,8.7,9.51,9.23,-27.9,38.7,60.1,7.38,13.76,45.51,2.44,75.8,-3.79,1.65,49759301.0,14.52,23.8,39.02,-10.0,10.4,False,6,,21.6,116.4,False,2025,1.35,0.61,0.06,11.8100004196167,False,False,True,6.940411127937991,13.052450605122091,42.62013939839544,27.68915416778979,71.92101828585696,19.57807411896471,38.390291601498085,20.276061672308593,,,,6,False,10.4,,,n/d,2026-10-01,próxima,,,False,False,,,Em Alta,12.15999984741211,-2.878284804172071,-15.993779665614516,True,False,False,sem sinal (Em Alta)
POMO3,SMALL11+DIVO11,SMALL11,Bens Industriais,74.42,74.72,72.72727272727273,,,0.7,,79.77,77.13,52.5,90.41,False,3,Não,,,False,5,8,False,,True,,False,False,True,True,False,True,8,11,True,True,True,False,False,True,True,False,True,True,True,0.44,True,4878679040.0,4.09,1.16,23.51,12.74,28.32,24.74,18.39,13.19,4.4,1.29,0.96,1.94,0.81,0.3,52.09,-14.0,,8.76,1.02,59.93,39.42,3.73,6.43,5.3,-38.9,-19.8,5.45,5.31,-42.0,35.4,-25.9,3.73,6.43,-40.49,2.23,-34.2,-3.57,-1.52,9177998.0,1.56,2.47,3.9,-8.6,6.9,True,6,,18.7,5.4,True,,0.93,0.46,0.05,3.930000066757202,False,False,False,3.640191566901902,6.8459086564639,13.142361608210848,8.55841158030683,25.27502947502803,11.272884753313438,10.957416026082205,6.037510241540971,9.469082144319698,9.757913803194517,8.782122422875066,6,True,6.9,123.46367108643692,140.94356192042028,n/d,2026-08-26,última,,,False,False,,,Lateral,4.340000152587891,-9.44700625381799,-39.83225179019545,True,False,False,sem sinal (Lateral)
MDNE3,SMALL11+DIVO11,SMALL11,Imobiliário,74.28,71.34,90.9090909090909,,,0.8,,72.31,75.08,60.09,80.14,False,4,Não,,,False,7,8,False,,True,,False,True,True,True,True,True,10,11,True,True,True,True,True,True,True,False,True,True,True,0.24,True,2607076608.0,4.69,1.14,15.39,9.34,24.38,16.15,10.98,21.43,4.52,0.91,1.13,2.38,0.48,0.34,43.8,19.5,3.95,6.4,1.12,72.76,27.27,20.62,34.28,22.2,-26.5,-3.9,25.8,26.68,-33.9,45.6,9.6,22.65,34.28,-4.99,2.87,6.9,-5.07,0.13,36182065.0,15.39,27.62,49.56,-6.2,7.2,True,7,,43.4,50.1,False,,1.67,0.64,0.14,25.209999084472656,False,False,False,17.1215521698487,32.199564242005785,73.51977172994295,51.716037528472334,123.84971810639931,25.627333836632236,61.75881711796699,47.60280138651462,59.46772056399061,51.716037528472334,46.5444337756251,7,True,7.2,84.62687610446108,135.8894197684361,n/d,2026-01-02,última,,,False,False,,,Em Alta,26.299999237060547,-4.144487392425167,-26.458576481344487,True,False,False,sem sinal (Em Alta)
CURY3,BOVA11+SMALL11+DIVO11+AUVP11,BOVA11,Consumo discricionário,74.16,72.81,81.81818181818181,,,0.9,,89.4,50.79,56.92,84.93,False,5,Não,,,False,6,8,False,,True,,False,False,True,True,True,True,9,11,True,True,True,True,False,True,True,False,True,True,True,-0.13,True,8452826112.0,7.69,5.11,17.54,10.4,66.38,57.38,37.72,17.89,4.94,-0.15,-0.06,1.92,0.66,0.58,80.01,8.2,5.79,16.3,0.91,70.61,24.44,26.99,40.16,1.7,-31.7,-11.7,31.65,31.88,-32.0,40.6,-8.5,27.3,40.16,-23.09,2.56,11.1,-3.95,-0.26,126476334.0,15.54,26.14,43.96,0.7,4.1,True,8,,33.7,37.5,False,,1.33,0.57,0.08,27.440000534057617,False,False,True,20.762486932790303,39.046870586505634,48.80473269197713,20.763557006738424,84.48147290817879,55.7945522683167,40.01442568387187,23.31253898170779,41.622579632510835,39.530648135188756,35.577583321669884,8,True,4.1,29.655913371838928,51.68578288054431,n/d,2026-08-17,última,,,False,False,,,Em Baixa,33.65999984741211,-18.47890475802455,-31.823426534598877,True,False,False,sem sinal (Em Baixa; sem novo topo (-18.5%))
PSSA3,BOVA11+AUVP11,BOVA11,Insurance,74.03,73.37,77.77777777777777,,1.8,0.3,,75.94,55.69,100.0,52.74,False,6,Não,,,False,4,6,False,,True,,False,False,True,,True,True,7,9,True,False,True,,True,,True,False,True,True,True,,True,30152280064.0,8.26,1.89,7.51,5.61,22.84,17.35,79.28,8.13,,,,,,0.67,46.3,0.3,7.6,6.06,,71.59,28.18,42.6,54.85,10.4,-14.2,-6.0,47.6,48.04,-16.1,26.0,2.7,43.79,54.85,-11.89,1.64,0.7,-2.69,-0.45,78978944.0,33.2,46.39,64.83,1.5,4.1,True,4,,20.5,17.0,True,2023,0.75,0.51,0.03,47.040000915527344,False,False,True,19.175346153226858,36.06202195913309,77.89174563845815,56.47258331714765,101.77191142486052,48.12322228465102,60.19525289324706,,45.31308400886728,42.092622121892056,37.883359909702854,4,True,4.1,-19.465648017880866,-3.6711668219590377,2026-11-05,2026-09-24,última,,,False,False,,,Lateral,51.10081100463867,-7.946664660063241,-14.392878906850925,True,False,False,sem sinal (Lateral)
POMO4,BOVA11+SMALL11+DIVO11+AUVP11+Carteira,BOVA11,Bens Industriais,73.55,73.69,72.72727272727273,,,0.7,,79.77,75.76,52.5,83.56,False,7,Não,,,False,5,8,False,,True,,False,False,True,True,False,True,8,11,True,True,True,False,False,True,True,False,True,True,True,0.44,True,5139371520.0,4.31,1.22,22.32,10.23,28.32,24.74,18.39,13.19,4.57,1.29,0.96,1.94,0.81,0.29,44.1,-14.0,4.37,8.76,1.02,59.93,39.42,3.93,7.46,5.3,-44.5,-19.9,5.74,5.74,-47.3,35.5,-26.6,3.93,6.81,-41.19,2.23,-40.9,-3.6,-1.87,69614206.0,1.45,2.29,3.63,-7.7,7.9,True,7,,18.7,5.4,True,,0.99,0.49,0.06,4.139999866485596,False,False,True,3.0804384288388076,5.793211625848467,13.137938353341012,8.563928559707202,24.23573698232426,11.575137762178509,11.834059943179245,6.030900775887301,11.595844857495141,11.575137762178509,10.417623985960658,7,True,7.9,151.63343772771842,180.09287998694398,n/d,2026-08-26,última,"A Marcopolo (POMO4) apresenta-se como um caso de estudo robusto no setor de bens industriais, onde sua alta qualidade operacional convive com múltiplos de preço bastante descontados. O retorno sobre o patrimônio líquido de 28,3% e o retorno sobre o capital investido de 18,4% situam-se confortavelmente acima dos pares do setor (10,8% e 13,3%, respectivamente), sugerindo forte eficiência na alocação de capital que, surpreendentemente, é negociada a um preço por lucro de apenas 4,31 vezes e preço pelo valor patrimonial de 1,22. Essa rentabilidade diferenciada é sustentada por um endividamento controlado, visto que a relação dívida líquida por EBITDA de 1,29 vezes está bem abaixo da média setorial de 2,38 vezes, garantindo segurança financeira junto a uma liquidez corrente de 1,94. O expressivo rendimento de dividendos de 22,32% mostra-se coerente com a geração de caixa atual, embora o investidor deva monitorar a sustentabilidade desse patamar frente à margem líquida de 13,19%, que não atingiu o patamar ideal de 15% estabelecido no checklist de critérios. No campo do crescimento, contudo, reside o principal ponto de atenção: a receita consolidada em cinco anos recuou 14,0% contra uma expansão média setorial de 47,1%, evidenciando que o desempenho histórico recente destoa dos concorrentes. Além disso, a análise detalhada por janelas revela que o avanço de 18,7% em três anos desacelerou para 5,4% no último ano, um sinal de alerta explícito de perda de tração que exige checagem manual para identificar se decorre de eventos contábeis pontuais ou de desgaste estrutural de mercado. Por outro lado, o preço atual de R$ 4,14 embutiu um crescimento implícito extremamente conservador de contração de 7,7% ao ano, o que parece excessivamente pessimista diante do histórico da companhia e abre margem para distorções de valor. Essa assimetria é refletida nos métodos de valuation, cuja média de preço-teto de R$ 11,60 e mediana de R$ 11,58 revelam uma dispersão acentuada entre a avaliação conservadora de Bazin de R$ 3,08 e o otimismo de Lynch em R$ 24,24, mas ainda projetam um expressivo potencial de valorização de 151,6% contra o preço ajustado de R$ 10,42. Em suma, o papel oferece como prós uma rentabilidade muito acima da média, endividamento sob controle, dividendos excepcionais e um valuation descontado com margem de segurança, tendo como contras a clara desaceleração recente da receita, margem líquida abaixo do ideal de 15% e o não atendimento de critérios como a ausência de venda de ações por iniciados.

Gatilho de falseamento: margem líquida abaixo de 10% ou retorno sobre o capital investido abaixo de 13,3% no fechamento do próximo ano fiscal.",,False,True,4.45,-6.97,Em Baixa,4.599999904632568,-10.000001036602535,-46.38533066634181,True,False,False,sem sinal (Em Baixa; sem novo topo (-10.0%))
MILS3,SMALL11,SMALL11,Bens Industriais,70.68,68.72,81.81818181818181,,,0.7,,84.31,55.67,57.62,53.42,False,8,Não,,,False,6,8,False,,True,,False,True,True,True,True,True,9,11,True,True,True,True,False,True,True,False,True,True,True,0.65,True,3630142976.0,8.31,1.98,5.32,5.68,23.81,18.37,20.65,23.53,4.92,1.28,0.85,2.98,0.99,0.66,47.24,21.3,8.56,11.12,0.54,61.6,38.32,10.3,15.94,54.7,-0.1,4.9,13.1,13.44,-15.0,26.6,25.9,12.01,15.94,11.31,1.68,48.6,-1.85,1.17,11872229.0,17.26,24.1,33.64,1.5,5.3,True,7,,18.9,16.7,True,,0.69,0.46,0.07,15.930000305175781,False,False,False,6.585535377913585,12.38505524297942,26.21916901282765,18.628330571274756,34.97942160561356,11.995956441339759,20.627129406947496,20.958447916798136,20.827644313968683,20.627129406947496,18.564416466252748,7,True,5.3,16.53745204399666,30.744782893705413,n/d,2026-04-22,última,,,False,False,,,Em Alta,15.9399995803833,-0.06273071186165824,-0.4374980926513672,True,False,False,sem sinal (Em Alta)
PETR4,BOVA11+DIVO11+AUVP11,BOVA11,Energia,70.59,73.42,54.54545454545455,,,0.9,DY5a=41.0%>=20,85.74,80.54,36.8,,False,9,Não,Bandeira de alta,"Bandeira de alta (pré-confirmação) — pescoço R$49.24, preço 0.0% acima do pescoço; falta fechar acima e segurar",False,7,8,False,,True,,True,False,True,True,True,False,6,11,True,True,True,True,True,True,True,False,True,True,True,0.61,True,673063305216.0,4.76,1.32,7.4,40.99,27.73,30.77,19.69,24.32,2.94,1.29,0.9,0.85,0.76,0.32,195.1,96.8,4.99,10.07,0.28,65.87,33.99,26.84,50.43,83.5,-2.3,17.6,38.05,37.14,-22.2,26.5,70.6,27.87,50.43,56.01,1.67,46.4,-2.6,1.71,2100298519.0,61.16,85.9,120.66,-6.0,5.6,True,8,,-10.5,-2.4,False,,0.37,0.24,-0.05,49.2599983215332,True,True,True,146.8382893497375,276.1507183577321,141.54404505509675,93.21701885888332,310.46217429537734,55.59713333333333,127.49646624396831,55.21979857978967,150.8157055092398,134.52025564953254,121.0682300845793,8,True,5.6,145.77392247221474,206.1626281934183,n/d,2026-08-24,última,,,False,False,,,Em Alta,50.43000030517578,-2.3200515101374997,-2.840241459047199,True,False,False,sem sinal (Em Alta)
ABCB10,SMALL11,SMALL11,Produtos financeiros,70.43,74.04,50.0,,,0.4,,74.34,73.51,,,False,10,Não,,,False,1,3,False,,,,,,True,,False,,1,2,True,False,,,False,,,,True,True,True,,True,,,0.87,,,14.9,,,40.92,,,,,,,,-2.9,,1.54,,,,,,,,,,,,,,,,,,,,,,,,,,,True,0,,,,,,,,,,,False,False,,,,,,,,,,,,0,True,,,,n/d,n/d,,,,False,False,,,,,,,False,False,False,histórico insuficiente
PETR3,BOVA11+DIVO11+AUVP11,BOVA11,Energia,69.88,72.59,54.54545454545455,,,0.9,DY5a=38.8%>=20,85.74,77.56,36.8,,False,11,Não,Bandeira de alta,"Bandeira de alta (pré-confirmação) — pescoço R$54.49, preço 0.7% abaixo do pescoço; falta fechar acima e segurar",False,7,8,False,,True,,True,False,True,True,True,False,6,11,True,True,True,True,True,True,True,False,True,True,True,0.65,True,697538183168.0,5.23,1.45,6.73,38.83,27.73,30.77,19.69,24.32,3.14,1.29,0.9,0.85,0.76,0.35,203.1,96.8,3.66,10.07,0.28,65.87,33.99,28.69,56.23,88.6,-3.8,15.7,42.23,40.84,-22.9,29.6,77.1,29.47,56.23,62.51,1.87,48.4,-2.95,1.58,593954695.0,64.92,94.86,138.62,-4.5,5.7,True,8,,-10.5,-2.4,False,,0.4,0.24,-0.04,54.119998931884766,True,True,True,152.84677259573346,287.4505433010084,141.53382808313782,93.22109347444669,310.4397644276372,55.59713333333333,127.48726325828304,54.119998931884766,152.8370496756831,134.51054567071043,121.05949110363939,8,True,5.7,123.68716462098313,182.40401458256358,2026-11-10,2026-08-24,última,,,False,False,,,Em Alta,56.22999954223633,-3.7524464298931193,-4.46602387616597,True,False,False,sem sinal (Em Alta)
PLPL3,SMALL11,SMALL11,Consumo discricionário,69.69,72.36,54.54545454545455,,,0.9,,77.7,84.63,52.77,56.85,False,12,Não,,,False,5,8,False,,True,,False,False,True,False,False,True,6,11,True,True,True,False,False,True,True,False,True,True,True,0.52,True,1350281088.0,4.44,1.21,7.41,6.32,27.32,38.02,24.26,8.62,1.86,1.22,0.69,3.0,1.2,0.3,28.07,-37.3,3.12,7.78,1.2,73.04,24.14,6.46,17.21,2.9,-61.4,-17.4,13.47,11.86,-62.5,50.6,-49.1,6.46,16.13,-63.69,3.19,-58.6,-5.96,-1.9,17424484.0,1.33,2.56,4.93,-7.2,10.4,False,6,,30.0,26.7,True,,1.55,0.53,0.08,6.650000095367432,False,False,False,3.05711531842022,5.749349131093511,20.485324327490485,13.609079163910424,31.933634472700334,10.95072400487419,18.452252516875397,30.74545421002059,,,,6,False,10.4,,,n/d,2025-12-30,última,,,False,False,,,Em Baixa,7.610000133514404,-12.614980569042789,-61.41786596340204,True,False,False,sem sinal (Em Baixa; sem novo topo (-12.6%))
LEVE3,SMALL11+DIVO11+AUVP11,SMALL11,Consumo discricionário,69.49,70.52,63.63636363636363,,,0.9,,86.09,58.67,35.56,100.0,False,13,Não,,,False,6,8,False,,True,,True,False,True,False,True,True,7,11,True,True,True,False,False,True,True,True,True,True,True,1.2,True,4452456448.0,6.39,4.62,8.68,19.55,72.29,64.73,34.45,13.0,5.22,1.21,0.48,1.43,1.7,0.25,124.93,25.8,6.45,14.14,0.81,77.23,22.71,24.65,35.6,33.3,-7.7,0.7,32.42,31.63,-12.3,24.4,4.1,31.18,35.6,-10.49,1.54,28.1,-2.25,0.64,6828671.0,31.37,42.77,58.31,-1.6,6.3,True,7,,8.6,18.6,False,,0.63,0.45,0.1,32.849998474121094,True,True,True,46.70888205494565,87.8428330259139,70.31349060037024,28.678418359193067,154.22534494892534,98.51666666666667,63.335208325692,24.289759460259248,78.51726342595812,70.31349060037024,63.28214154033322,7,True,6.3,92.6397092230804,139.01755577801094,n/d,2026-04-30,última,,,False,False,,,Em Alta,33.130001068115234,-0.8451632507299189,-9.279206559804576,True,False,False,sem sinal (Em Alta)
RIAA3,SMALL11,SMALL11,Consumo discricionário,68.89,69.82,63.63636363636363,,,0.9,,64.99,94.91,38.34,91.78,False,14,Não,,,False,4,8,False,,False,,False,False,True,True,True,True,7,11,True,True,False,False,False,True,True,False,True,False,True,0.47,True,3403987456.0,2.22,0.63,47.75,13.22,28.35,8.06,8.96,14.35,2.51,2.11,3.24,1.61,0.68,0.15,29.34,16.6,4.92,4.35,1.05,64.01,35.99,6.26,10.43,8.4,-35.0,-15.7,8.27,8.22,-37.2,45.4,-19.2,6.55,10.43,-33.79,2.86,-1.2,-4.42,-0.15,12114544.0,3.67,6.57,11.77,-21.6,13.2,False,6,,7.5,9.0,False,2025,1.58,0.61,0.07,6.78000020980835,False,False,False,6.5173411791865625,12.256806153115374,41.77157932227172,27.19406957934722,86.17722718961282,51.88018214566937,37.62594711028777,35.302466451873315,,,,6,False,13.2,,,n/d,n/d,,,,False,False,,,Lateral,7.440000057220459,-8.870965622797067,-37.416127493245114,False,False,False,sem sinal (Lateral)
BRSR6,SMALL11+DIVO11,SMALL11,Produtos financeiros,68.64,68.99,66.66666666666667,17.35,,0.4,,43.94,89.79,90.71,86.3,False,15,Não,Bandeira de alta,"Bandeira de alta (pré-confirmação) — pescoço R$15.16, preço 0.3% abaixo do pescoço; falta fechar acima e segurar",False,2,6,False,,True,,False,False,True,,False,True,6,9,False,False,False,,False,,True,True,True,False,True,,True,6179603968.0,4.03,0.53,10.18,10.6,13.26,9.63,0.0,22.38,,,,,,0.53,42.73,-29.2,4.67,1.0,,93.0,6.99,10.49,18.28,44.0,-17.3,7.3,14.17,14.43,-29.2,29.5,3.4,12.94,18.28,-11.19,1.86,27.3,-2.79,0.85,44973191.0,14.56,21.33,31.24,-8.9,4.4,True,4,,7.1,5.1,True,,1.09,0.65,0.01,15.109999656677246,False,False,False,11.650443842499119,21.9103508392806,51.28183666398103,49.041670565216165,68.2253749842387,33.72223868176978,28.422377273329605,,29.641217506882633,27.81629476052519,25.03466528447267,4,True,4.4,65.68276540899605,96.16954454253684,n/d,n/d,,,,False,False,,,Em Alta,15.489999771118164,-2.453196385124845,-17.68325088908994,False,False,False,sem sinal (Em Alta)
CXSE3,BOVA11+DIVO11+Wishlist+Carteira,BOVA11,Insurance,68.63,65.05,88.88888888888889,,1.6,0.3,,63.8,32.76,100.0,81.51,False,16,Não,Bandeira de alta,"Bandeira de alta (pré-confirmação) — pescoço R$20.66, preço 1.3% abaixo do pescoço; falta fechar acima e segurar",False,4,6,False,,True,,True,True,True,,True,True,8,9,True,False,False,,True,,True,True,True,True,True,,True,61199998976.0,13.53,4.44,6.63,9.61,32.79,28.44,-1.21,75.43,,,,,,1.06,130.03,12.8,11.89,20.76,,8.23,91.77,13.24,22.04,54.1,-7.5,6.6,17.3,17.19,-18.8,22.8,30.7,15.42,22.04,16.11,1.44,44.2,-2.14,1.39,116638650.0,23.35,31.29,41.93,5.9,1.9,True,4,,13.4,5.7,True,,0.71,0.54,0.07,20.399999618530273,True,True,False,14.257977405601405,26.81419621763103,20.622272699274816,12.484784057695716,33.78914888722889,22.898448930232796,16.452682619172386,,21.148223813185012,21.760360814753806,19.584324733278425,4,True,1.9,-3.9984063750223453,3.6677657286576126,2026-11-09,2026-11-04,próxima,"A Caixa Seguridade (CXSE3) apresenta-se como um ativo de alta qualidade e segurança operacional robusta, embora sua avaliação de preço atual exija cautela do investidor fundamentalista. O retorno sobre o patrimônio líquido (ROE) de 32,8% situa-se ligeiramente abaixo da média do setor de 34,3%, enquanto o retorno sobre o capital investido (ROIC) de -1,2% destoa fortemente dos pares que registram 19,5% positivos, sugerindo que a estrutura de alocação de capital da holding ou distorções contábeis típicas do setor de seguros demandam uma checagem manual detalhada sobre esse indicador negativo. Essa relação de qualidade versus preço mostra-se tensionada, pois o investidor precisa pagar múltiplos elevados, com um P/VP de 4,44 e um P/L de 13,53, para acessar essa rentabilidade. No âmbito dos proventos, o dividend yield de 6,63% mostra-se atraente e coerente com a forte geração de caixa da companhia, sustentada por uma margem líquida expressiva de 75,43% e pela ausência de alavancagem financeira preocupante, o que confere nota máxima de segurança ao papel. Quanto ao crescimento, a receita expandiu a uma taxa anual média de 12,8% nos últimos cinco anos, superando com folga a contração de 2,5% do setor, mas a análise das janelas temporais revela que o ritmo desacelerou de 13,4% em três anos para 5,7% no último ano, um sinal de alerta importante que a média de longo prazo costuma ocultar. Diante dessa perda de fôlego, o crescimento implícito de 5,9% ao ano embutido no preço atual via fluxo de caixa descontado reverso parece justo, mas exige que a empresa mantenha sua eficiência operacional sem novas desacelerações. No checklist de critérios, a empresa atende a 4 de 6 requisitos, penalizada justamente por não superar os pares em ROE e ROIC, muito embora cumpra as exigências de valor de mercado e governança. A análise de valuation revela uma dispersão acentuada entre os métodos de preço-teto, variando desde os conservadores R$ 12,48 por Graham e R$ 14,26 por Bazin até os otimistas R$ 26,81 por Gordon e R$ 33,79 por Lynch, resultando em uma média de R$ 21,15 e mediana de R$ 21,76. Como o preço atual de R$ 20,40 já supera o preço-teto ajustado com margem de segurança de R$ 19,58, há um prêmio esticado que se traduz em um upside negativo de 4,0% frente a essa métrica de referência. Em suma, os prós residem na excelente margem líquida, no histórico de crescimento superior ao setor e na robustez dos dividendos, ao passo que os contras concentram-se no ROIC negativo que exige verificação, na clara desaceleração recente das receitas e na escassa margem de segurança para novos aportes no valuation atual.

Gatilho de falseamento: crescimento da receita na janela de um ano abaixo de 5,0% no fechamento do próximo resultado anual reportado.",,True,True,19.51,4.56,Em Alta,20.639999389648438,-1.1627896231359958,-7.869772493891391,True,False,False,sem sinal (Em Alta)
DIRR3,BOVA11+SMALL11+DIVO11+AUVP11,BOVA11,Consumo discricionário,68.2,67.4,72.72727272727273,,,0.9,,71.19,61.33,55.31,89.73,False,17,Não,,,False,5,8,False,,True,,False,False,True,False,True,True,8,11,True,True,False,True,False,True,True,False,True,True,True,0.31,True,5116340736.0,6.0,2.21,15.72,12.12,36.78,26.14,9.99,17.73,4.45,0.6,0.82,4.18,1.16,0.6,72.72,8.6,4.43,5.44,1.01,82.45,14.5,9.86,16.95,0.0,-41.8,-19.0,13.74,13.67,-41.8,40.7,-27.7,9.86,16.88,-42.29,2.56,-21.8,-4.34,-1.02,118605546.0,4.09,6.89,11.61,-2.5,4.2,True,8,,26.2,29.7,False,,1.52,0.65,0.08,9.859999656677246,False,False,True,8.691313050246876,16.34527583320622,22.47655835715673,12.843884658750143,36.40524737888626,26.010027039013437,15.021965693152142,9.156549455320347,18.368852683216517,15.683620763179182,14.115258686861264,8,True,4.2,43.15678679869257,86.2966868439699,n/d,2025-12-17,última,,,False,False,,,Em Baixa,11.470000267028809,-14.036622256928833,-42.86666504130962,True,False,False,sem sinal (Em Baixa; sem novo topo (-14.0%))
VLID3,SMALL11+DIVO11,SMALL11,Bens Industriais,68.04,67.21,72.72727272727273,,,0.7,,60.88,76.43,66.2,74.66,False,18,Não,Fundo duplo,"Fundo duplo (pré-confirmação) — pescoço R$18.46, preço 5.9% abaixo do pescoço; falta fechar acima e segurar",False,6,8,False,,True,,False,False,True,True,False,True,8,11,True,True,True,False,False,True,True,True,True,True,True,0.1,True,1358300416.0,6.14,0.81,10.98,8.58,13.18,13.73,15.68,11.15,3.2,0.48,0.42,2.3,0.41,0.98,52.7,-32.9,9.99,7.18,1.13,45.32,54.23,16.3,22.63,6.6,-23.2,-0.1,19.4,19.14,-27.9,31.8,-15.6,16.3,22.63,-30.19,2.01,-10.3,-3.08,-0.63,3176361.0,10.28,15.49,23.34,-2.2,3.9,True,7,,3.1,-5.0,True,2023,0.93,0.51,0.08,17.3799991607666,False,False,False,10.849936787441788,20.404881119608266,38.71555975709278,36.96700916609137,41.94225413614892,34.59879437722557,18.99192766143456,35.70588919702694,32.47518791637548,35.70588919702694,32.13530027732425,7,True,3.9,84.89816932710839,86.85379450238742,2026-11-04,2026-08-13,última,,,False,False,,,Lateral,18.059999465942383,-3.765228822172051,-23.878235480630895,True,False,False,sem sinal (Lateral)
VTRU3,SMALL11,SMALL11,Consumo discricionário,67.82,73.91,33.333333333333336,,,0.9,,85.82,94.52,55.23,6.16,False,19,Rompimento,,,False,7,8,False,,True,,,,True,True,False,False,3,9,True,True,True,True,False,True,True,True,True,False,True,0.37,True,2300858368.0,2.11,0.58,0.16,0.21,27.23,9.79,15.07,46.56,3.15,2.1,1.91,2.56,0.56,0.14,0.43,-23.9,4.75,6.37,0.37,51.99,48.01,10.28,16.86,49.9,-8.6,14.9,13.57,13.53,-28.8,38.8,10.1,12.0,16.86,-4.49,2.45,15.0,-3.52,0.53,9909390.0,12.25,20.15,33.15,-22.8,481.7,False,5,,,5.5,,,1.17,0.53,0.09,15.40999984741211,,False,False,0.23052477701283894,0.4335353064467261,99.89053562609286,66.07522779539774,111.05199686971952,0.4757166666666666,89.97687114697499,30.4103498292054,,,,5,False,481.7,,,n/d,n/d,,,Rompimento,False,False,,,Em Alta,15.180000305175781,1.5151484691203088,-11.170812789033558,False,True,False,"Rompimento (vol x1.1, +1.5% do topo, MM50>MM200)"
LAVV3,SMALL11+DIVO11+Carteira,SMALL11,Imobiliário,66.28,63.54,81.81818181818181,,,0.8,,65.65,54.33,55.18,93.84,False,20,Não,Bandeira de alta,"Bandeira de alta (pré-confirmação) — pescoço R$10.89, preço 4.6% abaixo do pescoço; falta fechar acima e segurar",False,5,8,False,,True,,True,False,True,True,False,True,9,11,True,True,False,True,False,True,True,False,True,True,True,0.37,True,2027965440.0,5.62,1.4,23.38,14.06,24.9,19.67,8.69,19.91,7.13,1.5,2.38,4.12,0.86,1.08,79.02,-30.3,2.97,4.85,1.47,60.31,33.37,9.22,18.94,12.7,-45.1,-4.0,12.85,13.23,-51.3,36.8,-30.0,9.22,18.94,-44.59,2.32,-22.1,-3.58,-0.83,6152735.0,5.11,8.2,13.15,-3.4,3.4,True,8,,46.9,13.7,True,,1.5,0.72,0.07,10.390000343322754,True,True,False,10.624929004954907,18.028858188661207,22.814908640656764,17.5701166704142,35.65204208919071,24.055127235762885,11.209019693351578,11.497734391140806,18.931591989266636,17.799487429537706,16.019538686583935,8,True,3.4,54.18227292821087,82.20973401057901,n/d,2026-02-03,última,"A Lavvi Empreendimentos Imobiliários (LAVV3) apresenta uma interessante assimetria no setor imobiliário, onde a alta qualidade de seu retorno sobre o patrimônio líquido (ROE) de 24,9%, posicionado bem acima dos pares setoriais (16,2%), convive com múltiplos de preço atraentes, evidenciados pelo preço sobre lucro (P/L) de 5,62 e preço sobre valor patrimonial (P/VP) de 1,4. Essa rentabilidade robusta, contudo, contrasta com um retorno sobre o capital investido (ROIC) de 8,7%, que se situa ligeiramente abaixo da média do setor (9,4%), sugerindo que a eficiência na alocação de capital total ainda tem espaço para otimização. No âmbito financeiro, a companhia demonstra excelente controle de endividamento, com uma relação dívida líquida sobre EBITDA de apenas 1,5, patamar substancialmente abaixo dos pares (18,46), o que, somado a uma liquidez corrente confortável de 4,12, garante solidez para sustentar suas operações. Essa estrutura de capital saudável confere sustentabilidade ao expressivo dividendo distribuído, cujo dividend yield atinge 23,38%, um patamar coerente com a forte geração de lucro e com a desalavancagem, embora o investidor deva monitorar a manutenção desse fluxo frente ao histórico de resultados. Sob a ótica do crescimento, o histórico recente acende um sinal de alerta, pois o crescimento anual composto (CAGR) da receita em cinco anos foi negativo em 30,3%, abaixo do setor (8,6%), e a análise das janelas temporais mais curtas revela uma clara desaceleração, passando de 46,9% em três anos para 13,7% no último ano, o que exige checagem manual para identificar se a forte variação negativa do período de cinco anos decorreu de um evento contábil pontual ou de ciclo operacional. Apesar dessa perda de tração recente, o preço atual de R$ 10,39 embute um crescimento implícito de -3,4% ao ano pelo fluxo de caixa descontado reverso, o que se mostra um patamar extremamente conservador e fácil de superar diante do histórico da empresa. O checklist de critérios fundamentalistas reforça essa visão equilibrada ao aprovar 5 dos 8 requisitos avaliados, penalizado principalmente pela ausência de crescimento superior ao setor, pelo ROIC abaixo da média e por vendas de papéis por parte de insiders. No campo do valuation, as estimativas de preço-teto revelam uma dispersão relevante entre os métodos, variando desde os conservadores R$ 10,62 pelo método de Bazin até os otimistas R$ 35,65 de Lynch, resultando em uma média de R$ 18,93 e um preço-teto ajustado com margem de segurança de R$ 16,02, o que aponta para um upside potencial de 54,2%. Em suma, os prós da tese concentram-se no ROE elevado, no endividamento muito abaixo do setor, no valuation descontado com margem de segurança e no provento robusto, enquanto os contras residem na clara desaceleração do crescimento de receita nas janelas recentes, no ROIC abaixo dos pares e nas transações de insiders.

Gatilho de falseamento: margem líquida abaixo de 15% no fechamento anual de 2024.",,False,True,10.43,-0.38,Em Alta,11.020000457763672,-5.716879203912173,-45.25816336190203,True,False,False,sem sinal (Em Alta)
TGMA3,SMALL11+DIVO11,SMALL11,Bens Industriais,66.27,65.13,72.72727272727273,,,0.7,,78.58,30.29,69.54,82.88,False,21,Não,Bandeira de alta,"Bandeira de alta (pré-confirmação) — pescoço R$35.90, preço 0.5% acima do pescoço; falta fechar acima e segurar",False,6,8,False,,True,,False,False,True,True,True,True,8,11,True,True,True,False,False,True,True,True,True,True,True,0.03,True,2379034880.0,9.38,2.4,10.06,10.06,25.55,24.91,27.01,10.14,6.47,0.07,0.04,2.22,0.23,6.52,94.37,23.5,7.1,14.79,1.33,34.75,65.25,26.65,39.14,35.4,-7.8,14.8,33.15,32.97,-31.9,31.4,2.5,26.65,39.14,-12.09,1.98,4.7,-2.58,-0.07,10071316.0,25.79,38.52,57.52,2.8,3.4,True,8,,17.5,6.5,True,,0.89,0.5,0.16,36.08000183105469,False,False,False,26.39872997202047,29.909035576105673,31.694243484786472,36.07038434405694,44.23307732128105,48.032003137120086,14.005201599339339,33.82355134093069,33.02077834695509,32.75889741285858,29.48300767157272,8,True,3.4,-18.28435095533676,-8.479000357107713,n/d,2026-08-07,última,,,False,False,,,Em Alta,36.369998931884766,-0.7973525140135274,-8.741634342814308,True,False,False,sem sinal (Em Alta)
LREN3,BOVA11+SMALL11,BOVA11,Consumo discricionário,66.06,64.88,72.72727272727273,,,0.9,,66.88,74.54,56.12,49.32,False,22,Não,,,False,6,8,False,,True,,False,True,True,True,True,True,8,11,True,True,True,False,False,True,True,True,True,True,True,0.13,True,10398010368.0,7.39,1.07,8.39,4.83,14.41,11.89,23.53,9.35,1.99,0.59,0.34,1.69,0.32,0.8,35.7,3.2,6.44,6.22,1.29,46.72,53.28,10.28,15.6,6.7,-29.7,-15.1,13.85,13.55,-34.1,38.4,-13.7,10.28,15.33,-28.29,2.42,-32.2,-3.97,-1.09,193901284.0,4.7,7.71,12.62,0.2,7.3,True,7,,6.1,9.6,False,,1.44,0.66,0.12,10.970000267028809,False,False,False,3.8536644619864284,7.247375423671251,20.303287412022414,18.504774160417576,20.925418540122646,15.715670872409063,12.841003110717438,28.08103606009052,17.659795082778704,18.504774160417576,16.65429674437582,7,True,7.3,51.816739644315305,60.98263129360713,2026-11-05,2026-09-23,última,,,False,False,,,Lateral,11.377034187316895,-3.5776803830109505,-30.721953987359573,True,False,False,sem sinal (Lateral)
PINE4,SMALL11+DIVO11,SMALL11,Produtos financeiros,65.2,62.98,77.77777777777777,14.09,,0.4,,64.03,71.77,44.14,73.97,False,23,Não,Bandeira de alta,"Bandeira de alta (pré-confirmação) — pescoço R$11.85, preço 0.0% abaixo do pescoço; falta fechar acima e segurar",False,4,6,False,,True,,False,False,True,,True,True,7,9,True,True,False,,True,,True,False,True,True,True,,True,2989721344.0,4.99,1.67,7.95,8.58,33.43,18.92,0.0,39.51,,,,,,0.33,42.82,76.3,3.83,1.87,,95.52,4.47,7.74,15.72,53.1,-24.6,-3.8,11.94,11.74,-36.3,46.8,-5.6,10.01,15.72,-20.19,2.95,33.5,-4.77,0.78,10821203.0,9.59,17.53,32.03,-5.2,4.4,True,4,,84.0,124.9,False,2023,1.13,0.42,-0.06,11.850000381469727,False,False,False,7.395994169200081,13.90924064723757,32.48044580608419,19.4715764893193,56.000987083877156,12.77531889407378,29.25691476948037,,16.640249879148904,13.342279770655676,12.00805179359011,4,True,4.4,1.3337671479532798,40.42404509260491,n/d,2026-07-15,última,,,False,False,,,Lateral,11.979999542236328,-1.085134939348542,-25.071416658694325,True,False,False,sem sinal (Lateral)
INTB3,SMALL11+AUVP11,SMALL11,Tecnologia de informação,64.94,66.78,54.54545454545455,,,0.5,,71.27,57.99,77.76,46.58,False,24,Não,Fundo duplo,"Fundo duplo (pré-confirmação) — pescoço R$13.75, preço 1.5% acima do pescoço; falta fechar acima e segurar",False,5,8,False,,True,,False,False,True,True,True,False,6,11,True,True,True,False,False,True,True,False,True,True,True,-0.17,True,4567866880.0,7.67,1.38,9.05,4.4,18.07,19.14,17.52,13.1,6.02,-1.0,-0.79,2.64,0.26,0.64,33.77,14.3,7.0,5.97,1.67,43.4,56.17,9.91,15.35,40.8,-9.0,0.9,12.93,12.8,-17.9,37.2,23.2,10.36,15.35,8.61,2.34,25.7,-3.7,0.35,14594173.0,10.6,17.06,27.46,0.6,6.7,True,7,,1.8,-6.2,True,,1.03,0.48,0.07,13.960000038146973,False,False,True,4.4701353264674815,8.406738372034004,24.893973235371643,20.35351648890389,29.795810018158082,16.72542910501436,18.891223135329906,13.790978171268478,18.979666932297196,18.891223135329906,17.002100821796915,7,True,6.7,21.79155283192784,35.95749914350663,n/d,n/d,,,,False,False,,,Lateral,15.346699714660645,-9.035816835517817,-10.482575179216013,False,False,False,sem sinal (Lateral)
TEND3,BOVA11+SMALL11,BOVA11,Consumo discricionário,64.49,64.64,63.63636363636363,,,0.9,,76.54,65.53,52.98,32.19,False,25,Não,,,False,5,8,False,,False,,False,False,True,True,False,True,7,11,True,True,True,False,False,True,True,False,True,False,True,0.24,True,3424200960.0,5.91,2.22,5.23,3.32,37.61,-8.65,14.39,12.08,4.1,0.47,0.45,1.96,0.79,0.39,19.61,-11.5,4.05,7.18,0.76,81.81,18.11,20.84,36.71,34.0,-23.9,-12.6,29.22,28.54,-25.6,50.3,22.5,22.35,36.71,7.91,3.17,26.7,-4.94,0.17,115736524.0,16.22,30.83,58.57,-2.7,12.8,False,5,,20.0,27.1,False,2023,1.55,0.54,0.11,27.920000076293945,False,False,False,6.7362037366859635,12.668408962864246,64.61481377844349,36.562547406557904,86.53516117154675,22.47972026024363,58.202098297790435,28.497037496286637,,,,5,False,12.8,,,n/d,n/d,,,,False,False,,,Em Baixa,35.15999984741211,-20.591580780826003,-25.010771649588037,False,False,False,sem sinal (Em Baixa; sem novo topo (-20.6%))
GRND3,SMALL11+DIVO11,SMALL11,Consumo discricionário,64.04,64.11,63.63636363636363,,,0.9,DY5a=20.2%>=20,60.78,62.19,73.97,,False,26,Não,Bandeira de alta,"Bandeira de alta (pré-confirmação) — pescoço R$3.75, preço 0.3% abaixo do pescoço; falta fechar acima e segurar",False,5,8,False,,True,,True,False,True,True,False,False,7,11,True,True,False,True,False,True,True,False,True,True,True,-0.11,True,3374078464.0,5.82,1.05,39.79,20.25,18.04,16.72,7.81,22.7,8.97,-1.39,-2.45,3.36,0.03,0.39,117.84,-37.8,4.99,2.74,2.01,29.93,70.07,3.37,4.83,11.0,-22.6,0.2,3.86,4.01,-30.3,28.1,-13.1,3.37,4.83,-27.69,1.77,-8.4,-2.47,-0.4,11622417.0,2.56,3.68,5.3,-2.9,9.6,False,6,,0.8,-1.3,True,,0.76,0.47,0.03,3.740000009536743,True,True,False,5.507419455224865,10.357501749664827,8.789269504731065,7.176401371138024,19.278350564622386,6.059476722895763,7.916975965204927,2.009433319794329,,,,6,False,9.6,,,n/d,n/d,,,,False,False,,,Em Alta,3.7799999713897705,-1.0582000570312333,-23.396186926641683,False,False,False,sem sinal (Em Alta)
ALPA4,SMALL11,SMALL11,Consumo discricionário,63.94,63.99,63.63636363636363,,,0.9,,74.8,44.3,58.26,76.03,False,27,Não,,,False,6,8,False,,False,,False,False,True,True,True,True,7,11,True,True,True,False,True,True,True,False,True,False,True,0.19,True,9041902592.0,12.97,2.51,13.49,8.8,19.37,-7.05,17.96,14.52,8.29,0.82,0.63,1.91,0.39,0.14,114.11,92.8,10.59,7.61,0.98,45.48,54.52,8.0,16.06,66.5,-17.1,6.2,12.16,11.94,-31.7,42.2,13.5,10.97,16.06,-1.09,2.66,62.4,-4.03,0.99,36780398.0,12.37,21.2,36.33,5.6,5.2,True,7,,3.0,11.1,False,,1.03,0.43,0.07,13.3100004196167,False,False,False,8.516348583779198,16.01622975594604,14.035964329389111,11.065281821388902,30.78643119417895,10.329989999999999,12.642961077076155,5.973357630819592,11.225733314056999,11.065281821388902,9.958753639250013,7,True,5.2,-25.17841228184722,-15.65940676070785,n/d,n/d,,,,False,False,,,Em Alta,14.229999542236328,-6.465208378179932,-17.940807749245025,False,False,False,sem sinal (Em Alta)
CEAB3,BOVA11+SMALL11,BOVA11,Consumo discricionário,63.84,62.75,70.0,,,0.9,,58.56,86.8,43.39,60.27,False,28,Não,Bandeira de alta,"Bandeira de alta (pré-confirmação) — pescoço R$9.53, preço 2.5% abaixo do pescoço; falta fechar acima e segurar",False,5,8,False,,False,,False,,True,True,False,True,7,10,True,True,True,False,False,True,True,False,False,False,True,0.52,True,2750426624.0,5.09,0.75,5.61,6.49,14.79,7.33,14.93,7.02,2.27,1.94,1.78,1.67,0.72,0.51,33.02,-9.5,5.04,5.91,0.81,60.22,39.78,7.28,17.96,27.6,-48.3,-6.5,11.57,12.08,-59.5,52.5,-25.1,7.28,13.6,-39.69,3.31,-54.0,-4.87,-1.16,87236566.0,2.57,5.05,9.92,-4.9,14.2,False,6,,8.9,4.5,True,2024,1.8,0.6,0.13,9.289999961853027,False,False,False,4.382778752156901,8.242451653249914,24.963305556915415,22.553681775663446,29.920530750314608,9.539892693644893,16.536241227796534,62.41294493490411,,,,6,False,14.2,,,n/d,n/d,,,,False,False,,,Em Alta,9.529999732971191,-2.518360732874214,-48.38095972868528,False,False,False,sem sinal (Em Alta)
B3SA3,BOVA11+AUVP11,BOVA11,Produtos financeiros,63.77,64.43,60.0,,,0.4,,93.58,21.3,,41.1,False,29,Não,Bandeira de alta,"Bandeira de alta (pré-confirmação) — pescoço R$18.01, preço 1.0% abaixo do pescoço; falta fechar acima e segurar",False,5,6,False,,True,,False,False,True,,True,True,6,10,True,True,True,,True,,True,False,True,True,True,,True,88755200000.0,16.87,4.81,5.16,3.88,28.49,23.11,22.2,49.45,,,,,,1.71,65.45,33.0,13.8,9.25,0.57,63.98,35.97,11.54,19.31,54.4,-7.7,13.9,15.14,15.16,-27.8,35.2,36.9,13.02,19.31,22.31,2.22,21.5,-3.36,0.73,738334181.0,15.83,24.84,38.97,7.4,2.9,True,4,,3.5,6.8,False,,1.62,0.8,0.08,17.81999969482422,False,False,True,5.027732554739893,9.45538090133341,14.447635372211536,9.383586717409978,14.496727673192972,9.048969658364609,9.528430470073545,,9.494929621662362,9.25217527984901,8.326957751864109,4,True,2.9,-53.27184122072316,-46.71756574485158,2026-11-12,2026-09-23,última,,,False,False,,,Em Alta,18.203365325927734,-2.1060151474160294,-9.92952831285291,True,False,False,sem sinal (Em Alta)
BBSE3,BOVA11+DIVO11+AUVP11,BOVA11,Insurance,62.92,60.3,77.77777777777777,,1.3,0.3,,68.0,33.54,61.0,91.1,False,30,Não,,,False,5,6,False,,True,,True,False,True,,False,True,7,9,True,True,False,,True,,True,True,True,True,True,,True,75262205952.0,8.19,6.91,12.0,12.77,84.38,83.67,0.0,87.93,,,,,,,104.61,-0.1,8.84,28.81,,55.04,44.96,28.18,42.35,37.6,-8.5,4.4,32.96,33.69,-9.8,19.8,22.5,30.7,42.35,7.91,1.25,35.1,-2.03,0.85,254685771.0,40.01,51.6,66.54,1.4,1.7,True,4,,9.7,10.8,False,,0.57,0.5,0.06,38.77000045776367,True,True,True,36.01528438903799,52.82241710392238,50.4940990902905,24.445903363144467,,59.50416498381771,12.87599526802408,,49.70899139176714,51.65825809710644,46.4924322873958,4,True,1.7,19.91857554411176,28.21509106227762,2026-11-03,2026-08-07,última,,,False,False,,,Lateral,42.349998474121094,-8.453360437651636,-9.795251580529918,True,False,False,sem sinal (Lateral)
VIVA3,BOVA11+SMALL11,BOVA11,Consumo discricionário,62.65,62.48,63.63636363636363,,,0.9,,75.46,54.19,66.65,16.44,False,31,Não,Fundo duplo,"Fundo duplo (pré-confirmação) — pescoço R$23.54, preço 7.5% abaixo do pescoço; falta fechar acima e segurar",False,6,8,False,,True,,False,False,True,True,True,True,7,11,True,True,True,True,False,True,True,False,True,True,True,0.27,True,5114536448.0,8.78,1.61,3.2,1.98,18.4,21.98,17.32,18.56,5.8,1.1,0.87,4.19,0.4,0.59,17.39,0.4,6.82,10.38,1.73,37.54,62.46,20.42,35.35,6.6,-38.4,-2.4,26.64,26.55,-42.2,38.5,-32.5,20.42,32.35,-47.09,2.42,-19.7,-3.89,-0.84,63952848.0,10.19,16.75,27.52,2.1,13.4,False,6,,13.5,16.8,False,2024,1.13,0.52,0.05,21.770000457763672,False,False,False,3.1360894948197156,5.89787153380611,33.91314642549708,27.465625955428635,42.10378558316927,10.853405399094557,30.547426610438322,14.2399278149864,,,,6,False,13.4,,,n/d,2025-12-22,última,,,False,False,,,Lateral,23.81999969482422,-8.60621017348705,-39.34496361280989,True,False,False,sem sinal (Lateral)
SEER3,SMALL11,SMALL11,Consumo discricionário,62.12,61.85,63.63636363636363,,,0.9,,69.28,75.66,39.6,38.36,False,32,Bandeira de alta,,,False,6,8,False,,False,,False,False,True,True,True,True,7,11,True,True,True,False,False,True,True,True,True,False,True,0.74,True,1832259200.0,6.78,1.21,6.17,3.66,17.83,-1.1,17.04,11.85,3.01,1.79,1.45,1.64,0.92,0.51,24.82,29.3,5.75,9.65,0.47,59.3,40.7,8.0,14.31,78.9,0.0,22.1,10.85,10.91,-25.4,52.1,59.5,8.89,14.31,44.91,3.28,9.6,-4.92,0.61,19508280.0,10.01,19.66,38.61,-0.9,9.5,False,5,,9.8,11.9,False,2025,1.46,0.49,0.05,14.3100004196167,False,False,False,3.810162463654076,7.165563601001052,28.867828422863642,23.698637255414937,36.018356077921545,9.031665904977093,23.84728940332135,27.998426859033515,,,,5,False,9.5,,,n/d,n/d,,,Bandeira de alta,False,False,,,Em Alta,14.270000457763672,0.28030806285830323,-0.486785078352836,False,True,False,"Bandeira de alta — mastro +42%, recuo 7%, bandeira 7d (candidato)"
TOTS3,BOVA11+SMALL11+AUVP11,BOVA11,Tecnologia de informação,61.3,57.68,81.81818181818181,,,0.5,,85.64,31.31,49.36,14.38,False,33,Não,Bandeira de alta,"Bandeira de alta (pré-confirmação) — pescoço R$35.11, preço 0.1% acima do pescoço; falta fechar acima e segurar",False,6,8,False,,True,,False,False,True,True,True,True,9,11,True,True,True,True,True,False,True,False,True,True,True,0.56,True,19913957376.0,14.28,3.73,2.0,1.48,26.12,14.98,23.37,21.63,8.13,2.09,1.23,1.84,0.92,0.95,21.17,269.5,16.59,7.39,1.0,42.41,54.01,26.94,47.23,30.4,-25.6,12.7,34.88,36.65,-43.0,38.7,-12.9,26.94,46.62,-27.49,2.44,-27.8,-3.47,-0.8,175596793.0,16.65,27.42,45.16,6.3,10.7,False,6,,15.0,17.4,False,,0.9,0.41,-0.02,35.130001068115234,False,False,True,3.788350803481097,7.12454360783703,33.64760199891763,22.832365206914172,40.54900837322084,10.59424454785779,30.308236215628835,22.373068346797762,,,,6,False,10.7,,,2026-11-04,2026-09-24,última,,,False,False,,,Em Alta,35.758480072021484,-1.7575663245205764,-26.0149551886234,True,False,False,sem sinal (Em Alta)
ABCB4,SMALL11+DIVO11+AUVP11,SMALL11,Produtos financeiros,61.25,64.22,44.44444444444444,16.87,,0.4,,50.01,66.88,83.86,82.19,False,34,Não,Fundo duplo,"Fundo duplo (pré-confirmação) — pescoço R$24.94, preço 0.7% abaixo do pescoço; falta fechar acima e segurar",False,2,6,False,,True,,False,False,True,,False,True,4,9,True,False,False,,False,,True,False,True,True,True,,True,6384726016.0,6.33,0.89,10.53,10.05,14.05,14.98,0.0,40.92,,,,,,1.24,63.59,-2.9,5.56,1.54,,89.78,10.19,19.15,26.85,29.3,-7.8,4.9,23.4,23.27,-17.3,23.2,9.8,22.2,26.85,-4.79,1.46,12.0,-2.12,0.33,12880523.0,22.17,29.83,40.14,-1.8,2.6,True,4,,7.9,13.6,False,,0.93,0.7,-0.03,24.760000228881836,False,False,True,18.09118754255224,30.28077373150676,47.61503725062152,49.481749356306146,59.30472086179004,45.8360533923698,23.44392344445224,,35.45576297926258,38.05841356193828,34.25257220574446,4,True,2.6,38.33833557800135,43.19774899640123,n/d,n/d,,,,False,False,,,Em Alta,25.280000686645508,-2.0569637802200225,-9.39824103069007,False,False,False,sem sinal (Em Alta)
SAPR4,AUVP11,SMALL11,Utilities,61.2,59.16,72.72727272727273,,,0.1,,56.46,59.59,64.5,59.59,True,35,Não,,,False,6,8,False,,True,,False,False,False,True,True,True,8,11,False,True,True,False,True,True,True,True,False,True,True,0.04,True,10079740928.0,22.14,0.83,1.69,6.48,3.76,14.91,11.83,6.04,3.94,0.89,1.03,1.86,0.6,1.93,143.39,11.5,8.55,5.91,0.51,53.34,46.66,6.24,9.08,6.9,-26.5,-5.7,7.23,7.49,-31.3,29.6,-14.5,6.24,9.08,-29.09,1.86,-8.5,-3.06,-0.54,8186806.0,4.25,6.23,9.13,8.8,5.7,True,7,,8.3,5.2,True,,0.91,0.54,0.03,6.670000076293945,False,False,False,3.141610096177712,5.908253826037439,4.120523402903274,7.380558781722089,5.415634132783375,1.7543033594410482,3.0367480022151296,10.035270170947644,5.5769426303980945,5.415634132783375,4.8740707195050375,7,True,5.7,-26.925477305043465,-16.387667667062257,n/d,n/d,,,,False,False,,,Em Alta,7.039999961853027,-5.255680221079051,-27.73564022650128,False,False,False,sem sinal (Em Alta)
CMIN3,BOVA11+DIVO11+AUVP11+Wishlist,BOVA11,Materiais,61.18,67.16,27.272727272727273,,,1.0,,82.1,54.42,34.43,97.26,False,36,Não,,,False,7,8,False,,True,,False,False,True,False,True,False,3,11,True,True,True,False,True,True,True,True,True,True,True,0.16,True,26750029824.0,11.59,3.69,21.88,16.59,31.79,32.01,20.33,13.41,4.53,0.2,0.13,1.17,1.24,0.13,192.28,90.7,11.41,8.29,0.53,80.09,19.91,4.08,6.99,22.1,-28.8,-4.0,5.22,5.21,-34.6,41.2,-1.8,4.08,6.99,-16.39,2.6,23.7,-4.43,-0.06,51970653.0,3.02,5.12,8.69,4.7,3.6,True,8,,10.7,9.3,True,2025,1.12,0.48,-0.08,4.980000019073486,False,False,True,6.0085571268641775,11.299963886973599,5.876923955821643,3.612149381737415,12.890422827627662,6.133333333333334,5.29366697454576,5.485954819552427,7.075121538307002,5.942740541342911,5.348466487208619,8,True,3.6,7.398925034616477,42.07071307648924,n/d,2026-04-17,última,"A CSN Mineração (CMIN3) apresenta uma notável eficiência operacional no setor de materiais, com um ROE de 31,8% e um ROIC de 20,3% que se posicionam muito acima dos pares setoriais (5,6% e 9,2%, respectivamente), sugerindo forte capacidade de geração de valor sobre o capital empregado. Essa elevada qualidade operacional convive com múltiplos de preço mistos, pois, embora o P/L de 11,59 e o EV/EBITDA de 4,53 indiquem patamares razoáveis, o P/VP de 3,69 revela um prêmio patrimonial exigido pelo mercado. No âmbito financeiro, a excelente rentabilidade mitiga os riscos do endividamento de 1,24 vez o patrimônio líquido, especialmente porque a relação dívida líquida sobre EBITDA de 0,2 está bem abaixo da média do setor (1,76), garantindo conforto no serviço da dívida. O expressivo dividend yield de 21,88% mostra-se coerente com a forte geração de caixa, mas o investidor deve atentar para a sustentabilidade desse fluxo no longo prazo frente à necessidade de manutenção dos lucros. Sob a ótica do crescimento, o CAGR de receita de cinco anos de 90,7% supera com folga a média setorial (17,4%), contudo, a análise das janelas temporais de três anos (10,7%) e de um ano (9,3%) aponta que a receita está desacelerando, um sinal de alerta importante que a média histórica longa costuma ocultar. Adicionalmente, o ano de 2025 apresenta uma variação atípica nos resultados que merece checagem manual detalhada para isolar possíveis eventos contábeis não recorrentes. O crescimento implícito de 4,7% ao ano embutido no preço atual pelo fluxo de caixa descontado reverso parece um patamar conservador diante do histórico da companhia, enquanto o checklist de critérios corrobora essa solidez ao aprovar sete dos oito requisitos fundamentais. Quanto ao valuation, a média dos preços-teto calculados situa-se em R$ 7,08 e a mediana em R$ 5,94, revelando uma dispersão relevante entre os métodos — que vão desde o conservadorismo de Graham a R$ 3,61 até o otimismo de Lynch a R$ 12,89 —, mas que ainda confere um upside de 7,4% contra o preço-teto ajustado de R$ 5,35. Em balanço, os prós concentram-se na rentabilidade excepcional, no robusto retorno em proventos e na baixa alavancagem financeira, ao passo que os contras residem na desaceleração do crescimento recente, na margem líquida de 13,41% que não atingiu o patamar ideal de 15% e na tendência gráfica de baixa do papel.

Gatilho de falseamento: margem líquida abaixo de 10% no próximo resultado trimestral divulgado pela empresa.",,True,False,,,Em Baixa,6.989999771118164,-28.755362201151335,-29.56152902181277,True,False,False,sem sinal (Em Baixa; sem novo topo (-28.8%))
CYRE3,BOVA11+SMALL11+AUVP11+Wishlist,BOVA11,Consumo discricionário,61.11,57.46,81.81818181818181,,,0.9,,59.79,59.06,45.38,67.12,False,37,Não,Bandeira de alta,"Bandeira de alta (pré-confirmação) — pescoço R$27.65, preço 4.1% abaixo do pescoço; falta fechar acima e segurar",False,4,8,False,,True,,False,False,True,True,True,True,9,11,True,True,False,True,False,False,True,False,True,True,False,0.54,True,9566738432.0,5.89,1.08,8.72,7.26,18.26,15.44,7.03,20.62,9.21,3.1,6.07,3.37,0.73,0.56,42.78,16.4,4.95,3.68,1.17,56.08,39.17,19.83,35.31,33.7,-24.9,17.0,26.7,26.3,-43.8,45.3,10.6,19.83,32.0,-3.99,2.86,-14.8,-4.55,-0.21,231669169.0,13.72,24.85,45.01,-2.8,17.1,False,6,,20.3,18.3,True,2024,1.69,0.65,0.05,26.510000228881836,False,False,False,14.004115429601729,26.336771920831637,61.559998340795765,49.85761106742031,79.71678880421169,30.418764950773333,42.338097099901496,4.65228166883801,,,,6,False,17.1,,,2026-11-12,2025-12-10,última,"A Cyrela (CYRE3) apresenta um panorama de investimento intrigante no setor de consumo discricionário, onde sua rentabilidade sobre o patrimônio (ROE) de 18,3% situa-se confortavelmente acima da média setorial de 14,1%, sugerindo forte eficiência na alocação do capital dos acionistas, embora o retorno sobre o capital investido (ROIC) de 7,0% fique abaixo dos 13,7% dos pares. Essa divergência entre ROE e ROIC convive com múltiplos de valuation descontados, como o preço sobre lucro (P/L) de 5,89 e o preço sobre valor patrimonial (P/VP) de 1,08, indicando que o mercado precifica o papel com aparente desconfiança em relação à sua capacidade de gerar retornos consistentes sobre todo o capital empregado. No âmbito financeiro, a relação dívida líquida por EBITDA de 3,1 está acima da média setorial de 2,82, o que exige atenção, mas a robusta liquidez corrente de 3,37 garante folga no curto prazo e confere sustentabilidade ao atraente dividend yield de 8,72%, o qual se mostra coerente com a margem líquida de 20,62%. Quanto ao crescimento, o histórico de receita de cinco anos expandiu 16,4%, abaixo dos 35,4% do setor, e a análise das janelas temporais mais recentes revela uma desaceleração preocupante, com a taxa caindo de 20,3% em três anos para 18,3% no último ano, um sinal de alerta que a média de longo prazo costuma ocultar. Adicionalmente, o ano de 2024 registrou uma variação atípica nos resultados, o que demanda uma checagem manual detalhada por parte do investidor para isolar possíveis eventos contábeis não recorrentes. O checklist de critérios reflete essa dualidade ao aprovar apenas 4 dos 8 requisitos avaliados, enquanto o valuation por preço-teto exibe uma dispersão extremamente alta entre os métodos — variando desde os conservadores R$ 14,00 de Bazin até os otimistas R$ 79,72 de Lynch —, exigindo cautela extra na definição de um valor justo referencial. Por outro lado, o crescimento implícito no preço atual calculado pelo fluxo de caixa descontado reverso é de negativos 2,8% ao ano, o que se configura como um patamar altamente conservador e fácil de ser superado diante do histórico recente da incorporadora. Em suma, os prós da companhia residem em seu ROE superior, margem líquida saudável, dividendos robustos e premissas de crescimento implícito muito pessimistas no preço atual, ao passo que os contras se concentram no ROIC abaixo dos pares, endividamento ligeiramente elevado, desaceleração recente da receita e baixa taxa de aprovação no checklist de qualidade.

Gatilho de falseamento: A leitura acima se provará errada caso a margem líquida da Cyrela caia abaixo de 15% ou a relação dívida líquida por EBITDA ultrapasse o patamar de 3,5 no fechamento do próximo ano fiscal.",,True,False,,,Em Alta,27.649999618530273,-4.122963491415177,-26.39208341591508,False,False,False,sem sinal (Em Alta)
SAPR11,SMALL11+AUVP11,SMALL11,Serviços públicos,60.85,58.75,72.72727272727273,,,0.1,,56.46,58.75,64.5,57.53,True,38,Não,,,False,4,8,False,,True,,False,False,False,True,True,True,8,11,False,False,True,False,False,True,True,True,False,True,True,0.21,True,10143208448.0,22.28,0.84,1.65,6.35,3.76,14.91,11.83,6.04,3.96,0.89,1.03,1.86,0.6,1.94,141.44,11.5,5.86,5.91,0.51,53.34,46.66,31.45,47.9,6.7,-29.9,-7.6,37.25,38.63,-34.3,31.1,-16.5,31.45,47.9,-31.09,1.96,-7.6,-3.23,-0.51,53306539.0,20.96,31.29,46.7,8.9,5.5,True,7,,8.3,5.2,True,,1.02,0.57,0.06,33.560001373291016,False,False,False,15.494040425310475,29.138792154696795,20.602074162094443,36.79730332093884,26.884338942588226,15.033916666666668,15.18333993908319,83.15236197836153,22.73340080162552,20.602074162094443,18.541866745885,7,True,5.5,-44.7501013493948,-32.26042946554206,n/d,n/d,,,,False,False,,,Lateral,36.209999084472656,-7.318414189957812,-31.116583472025873,False,False,False,sem sinal (Lateral)
MULT3,BOVA11+SMALL11,BOVA11,Imobiliário,60.82,60.32,63.63636363636363,,,0.8,,86.07,36.13,43.29,39.04,False,39,Não,Bandeira de alta,"Bandeira de alta (pré-confirmação) — pescoço R$31.52, preço 1.1% abaixo do pescoço; falta fechar acima e segurar",False,7,8,False,,True,,False,False,True,True,True,True,7,11,True,True,True,True,True,True,True,False,True,True,True,0.74,True,15243528192.0,11.53,2.37,3.6,3.71,20.52,17.07,18.7,43.42,8.33,2.13,1.56,1.64,0.75,0.98,42.77,62.0,11.94,10.89,0.29,52.11,47.88,25.88,35.12,20.4,-11.3,7.8,28.95,29.35,-25.0,27.7,17.5,26.35,35.12,2.91,1.74,-0.9,-2.81,0.07,145758679.0,24.6,35.12,50.13,4.7,5.0,True,7,,15.1,7.6,True,,1.25,0.79,0.05,31.15999984741211,False,False,False,8.40644679445611,15.809543487638425,36.96343321853995,28.274821981008603,41.76185566802561,26.21601881901563,27.662407037228256,28.14532569187359,29.26191512904715,28.14532569187359,25.33079312268623,7,True,5.0,-18.70733874605588,-6.091414401988837,2026-10-29,2026-07-01,última,,,False,False,,,Em Alta,31.520000457763672,-1.1421338995028174,-11.673415076333516,True,False,False,sem sinal (Em Alta)
TFCO4,SMALL11,SMALL11,Consumo discricionário,60.2,59.59,63.63636363636363,,,0.9,,80.35,32.03,69.24,15.75,False,40,Não,,,True,5,8,False,,True,,False,False,True,True,True,True,7,11,True,True,True,False,False,True,True,False,True,True,True,0.2,True,1991059072.0,13.67,3.28,2.43,1.73,23.99,26.81,27.1,13.1,8.44,0.48,0.24,3.17,0.28,0.91,23.62,9.3,8.63,16.01,1.67,41.96,57.74,12.64,18.1,3.8,-27.5,-8.2,15.63,15.53,-30.2,31.7,-17.3,12.64,17.65,-31.89,2.0,-23.6,-3.07,-1.05,10537915.0,6.83,10.25,15.4,6.0,9.7,False,7,,22.6,25.8,False,,1.22,0.67,0.14,13.119999885559082,False,False,False,1.6485665581017304,3.1003687205590604,13.127120729350946,9.294026601043793,16.05470288641441,6.104046666666666,11.824315917343664,6.092078400975175,,,,7,False,9.7,,,n/d,n/d,,,,False,False,,,Lateral,13.40999984741211,-2.1625649899540633,-27.82428588828203,False,False,False,sem sinal (Lateral) · ⚡ cruzamento de médias (MM21>MM30) hoje
ISAE4,BOVA11+DIVO11,BOVA11,Serviços públicos,59.77,59.09,63.63636363636363,,,0.1,,59.77,49.71,60.47,76.71,True,41,Não,,,False,5,8,False,,True,,False,False,True,True,True,True,7,11,False,True,False,True,True,False,True,True,True,True,True,0.67,True,19038543872.0,6.74,0.86,6.43,8.95,12.71,14.91,9.63,26.39,7.5,3.41,4.87,5.28,0.79,1.34,60.33,220.0,8.89,6.2,0.28,54.58,44.81,22.01,31.63,22.6,-14.7,-2.2,27.23,26.9,-19.9,24.9,3.6,25.09,31.63,-10.99,1.57,19.4,-2.32,0.32,91667159.0,23.59,32.52,44.82,-0.9,3.2,True,8,,20.0,18.1,True,,0.98,0.69,0.06,26.979999542236328,False,False,False,17.563517049327796,29.13150702671965,48.28706499101994,53.156211792740045,56.013889912822954,42.590308806985846,23.805365615541735,33.57487567423179,38.01534260867372,38.08259224060882,34.274333016547935,8,True,3.2,27.03607708700129,40.901939413163866,n/d,2026-04-20,última,,,False,False,,,Em Alta,28.079999923706055,-3.9173802865329455,-15.801704768963187,True,False,False,sem sinal (Em Alta)
BBDC3,BOVA11+DIVO11+AUVP11,BOVA11,Produtos financeiros,59.76,58.54,66.66666666666667,15.65,,0.4,,47.03,66.24,66.43,75.34,False,42,Não,Bandeira de alta,"Bandeira de alta (pré-confirmação) — pescoço R$16.02, preço 2.4% abaixo do pescoço; falta fechar acima e segurar",False,3,6,False,,True,,False,False,True,,True,True,6,9,True,False,False,,True,,True,False,True,True,True,,True,165508841472.0,6.69,0.94,9.05,8.73,14.13,11.35,0.0,26.07,,,,,,1.14,58.43,17.8,,1.07,,92.32,7.66,13.36,17.94,17.0,-12.9,1.5,15.44,15.55,-22.4,23.7,4.6,13.91,17.94,-9.99,1.49,7.7,-2.2,0.05,125813550.0,13.03,17.66,23.93,-1.0,3.2,True,4,,2.7,11.9,False,,1.14,0.84,-0.03,15.630000114440918,False,False,True,9.928311883112254,18.350240584679543,31.404835029219832,29.56468489426179,34.128496671898525,25.43232152444981,15.137373257143821,,21.27892725536536,21.89128105456468,19.70215294910821,4,True,3.2,26.053440849977584,36.14156813540434,2026-11-04,2026-10-02,próxima,,,False,False,,,Em Alta,16.31999969482422,-4.227938684350152,-13.977587984158824,True,False,False,sem sinal (Em Alta)
ITUB4,BOVA11+DIVO11+AUVP11,BOVA11,Produtos financeiros,59.68,56.49,77.77777777777777,15.95,,0.4,,58.07,38.29,70.71,66.44,False,43,Não,Bandeira de alta,"Bandeira de alta (pré-confirmação) — pescoço R$43.08, preço 2.8% abaixo do pescoço; falta fechar acima e segurar",False,3,6,False,,True,,False,False,True,,True,True,7,9,True,True,False,,False,,True,False,True,True,True,,True,461485768704.0,9.9,2.22,7.44,7.17,22.45,19.06,0.0,32.58,,,,,,1.52,70.97,8.1,8.26,1.58,,92.99,6.67,33.37,48.38,25.5,-13.5,2.4,40.13,40.26,-22.5,24.2,9.2,37.49,48.38,-5.39,1.53,12.6,-2.45,0.29,1037456054.0,36.72,50.09,68.33,3.3,2.6,True,4,,6.6,4.2,True,,1.18,0.85,0.05,41.869998931884766,False,False,True,21.830026115080184,41.054532984166926,57.84581149273099,42.364308734374404,57.88054269188715,44.78591696110647,29.142756139173542,,41.37907188827114,42.9202249726367,38.62820247537304,4,True,2.6,-7.742528156701345,-1.1725031195063518,n/d,2026-10-01,próxima,,,False,False,,,Em Alta,43.18000030517578,-3.0338151089220666,-13.983309143569066,True,False,False,sem sinal (Em Alta)
KEPL3,SMALL11+DIVO11+Wishlist,SMALL11,Bens Industriais,59.22,63.25,36.36363636363637,,,0.7,,63.51,47.19,65.38,97.95,False,44,Não,Bandeira de alta,"Bandeira de alta (pré-confirmação) — pescoço R$6.55, preço 0.8% abaixo do pescoço; falta fechar acima e segurar",False,5,8,False,,True,,False,False,True,True,False,False,4,11,True,True,False,False,False,True,True,True,True,True,True,-0.02,True,1126174720.0,8.36,1.46,4.44,16.74,17.52,36.22,12.97,9.71,6.66,-0.07,-0.07,2.04,0.43,,139.92,-56.2,13.3,6.76,1.34,48.81,51.19,5.69,10.45,14.2,-37.8,-0.9,7.7,7.9,-45.6,35.4,-34.2,5.69,10.45,-48.79,2.23,-13.6,-3.12,-0.64,7897002.0,3.55,5.59,8.82,1.6,5.5,True,6,,-6.4,-7.3,True,,0.97,0.48,-0.03,6.5,False,False,False,7.912220097701784,11.604589476629283,8.293460925039872,8.825210013485957,,8.87647993724503,2.114832535885168,5.9301396952410075,8.573683357557156,8.559335469262916,7.703401922336624,6,True,5.5,18.51387572825576,31.90282088549472,n/d,2025-12-16,última,"A Kepler Weber (KEPL3) apresenta-se como um ativo de contrastes interessantes sob a ótica fundamentalista, onde sua alta rentabilidade medida pelo ROE de 17,5% posiciona-se bem acima dos pares do setor de bens industriais (10,8%), sugerindo forte capacidade de gerar valor sobre o capital próprio, embora o ROIC de 13,0% fique ligeiramente abaixo da média setorial (13,3%). Essa sólida rentabilidade convive com múltiplos de preço bastante atrativos, visto que o P/L de 8,36 e o P/VP de 1,46 indicam que o mercado não está cobrando caro pela qualidade da empresa, uma percepção reforçada pelo EV/EBITDA de 6,66. No âmbito financeiro, a excelente relação entre rentabilidade e endividamento é evidenciada por uma relação Dívida Líquida/EBITDA de -0,07, significativamente abaixo da média do setor (2,38), o que revela uma posição de caixa líquido altamente confortável e que, somada à liquidez corrente de 2,04, garante total segurança operacional. O dividend yield de 4,44% mostra-se sustentável e coerente com a estrutura de capital desalavancada e a lucratividade da companhia, embora o investidor deva atentar para o fato de que a receita vem encolhendo. O crescimento é o principal ponto de atenção, dado que o CAGR de receita de 5 anos de -56,2% situa-se muito abaixo do setor (47,1%), com as janelas temporais mais recentes de 3 anos (-6,4%) e 1 ano (-7,3%) confirmando que a empresa está explicitamente desacelerando, um sinal de alerta que exige checagem manual detalhada para identificar se os anos recentes carregam variações atípicas ou eventos contábeis pontuais. Diante disso, o checklist de critérios reflete essa dualidade ao aprovar 5 dos 8 filtros aplicados, apontando fragilidades justamente no crescimento e na margem líquida de 9,71%, que não atinge o patamar idealizado de 15%. Por outro lado, o crescimento implícito no preço atual pelo fluxo de caixa descontado reverso é de apenas 1,6% ao ano, um patamar extremamente conservador frente ao histórico da empresa e que embute uma ampla margem de segurança para o comprador. Essa assimetria favorável é corroborada pelas estimativas de preço-teto, cujos métodos variam de R$ 7,91 por Bazin a R$ 11,60 por Gordon, gerando uma média de R$ 8,57 e uma mediana de R$ 8,56, o que resulta em um preço-teto ajustado de R$ 7,70 e um upside atraente de 18,5% contra a cotação atual de R$ 6,50, evidenciando baixa dispersão entre as principais metodologias de avaliação. Em balanço, o ativo destaca-se positivamente por sua saúde financeira impecável, valuation descontado e forte retorno sobre o patrimônio, mas traz como contrapartida a nítida perda de tração na receita e margens abaixo da meta histórica do checklist.

Gatilho de falseamento: ROIC abaixo de 10% no fechamento anual consolidado de 2025.",,True,False,,,Em Alta,6.769999980926514,-3.988182890505154,-38.095238095238095,False,False,False,sem sinal (Em Alta)
CYRE4,AUVP11,SMALL11,Consumer Cyclical,59.19,51.99,100.0,,,0.9,,59.79,63.23,45.38,2.05,False,45,Não,Bandeira de alta,"Bandeira de alta (pré-confirmação) — pescoço R$25.91, preço 2.7% abaixo do pescoço; falta fechar acima e segurar",False,5,7,False,,True,,,,True,True,True,True,9,9,True,True,True,True,True,False,,False,True,True,False,0.55,True,,5.6,1.02,0.0,0.0,18.26,15.44,7.03,20.62,8.89,3.1,6.07,3.37,0.73,0.37,,16.4,,3.68,1.17,56.08,39.17,18.14,30.16,38.9,-16.4,18.7,21.68,22.94,-39.9,48.1,-14.2,18.14,30.16,-28.79,3.03,,-4.84,-0.56,7571155.0,10.6,19.66,36.46,-3.5,6.5,True,4,,20.3,18.3,True,2024,1.73,0.65,0.17,25.200000762939453,,False,False,,,61.54838896017469,50.01470523457293,67.50000204358781,,55.44000167846681,10.350006161663476,58.625774479200565,58.49419531932075,52.64477578738868,4,True,6.5,108.90783410138253,132.64195517572742,n/d,n/d,,,,False,False,,,Em Alta,25.90999984741211,-2.740251210551714,-17.647057356902263,False,False,False,sem sinal (Em Alta)
ITSA4,BOVA11+DIVO11+AUVP11+Wishlist,BOVA11,Financial Services,59.16,57.25,70.0,,,0.4,,60.95,41.16,,80.82,False,46,Não,Fundo duplo,"Fundo duplo (pré-confirmação) — pescoço R$14.14, preço 1.1% abaixo do pescoço; falta fechar acima e segurar",False,5,6,False,,True,,False,False,True,,True,True,7,10,True,True,True,,True,,True,False,True,True,True,,True,156790833152.0,8.64,1.67,8.06,9.45,19.36,17.48,0.38,214.29,,,,,,2.43,81.65,28.4,7.38,0.38,0.64,16.02,79.82,9.78,14.79,43.0,-5.4,5.7,12.92,12.54,-17.7,24.6,23.3,11.35,14.79,8.71,1.55,26.2,-2.3,0.85,337700763.0,14.02,19.21,26.32,2.0,1.8,True,4,,-0.9,0.2,False,,1.23,0.87,0.07,13.989999771118164,False,False,True,9.615633748461699,13.425035981826415,16.44140063266764,17.470038401790998,21.05380328684912,17.12097652712351,8.084992250687426,,14.150761722519816,14.933218307247028,13.439896476522325,4,True,1.8,-3.932117967088944,1.149120471992715,n/d,2026-12-01,próxima,"A Itaúsa (ITSA4) apresenta-se como uma holding financeira de robusta qualidade, cujo Retorno sobre o Patrimônio Líquido (ROE) de 19,4% situa-se acima da média do setor de 18,8%, enquanto o Retorno sobre o Capital Injetado (ROIC) de 0,4%, embora baixo em termos absolutos devido à sua estrutura de holding, também supera os 0,1% dos seus pares. Essa sólida rentabilidade convive com múltiplos de preço que sugerem um valuation racional, visto que o Preço sobre o Lucro (P/L) de 8,64 e o Preço sobre o Valor Patrimonial (P/VP) de 1,67 demonstram que o mercado não cobra um prêmio excessivo pela qualidade entregue. O dividend yield de 8,06% mostra-se altamente coerente e sustentável diante de uma margem líquida de 214,29%, patamar atípico que reflete o método de equivalência patrimonial e que merece checagem manual por conta dos efeitos contábeis de suas controladas. No que tange ao crescimento, o histórico de cinco anos da receita expandiu a expressivos 28,4% ao ano, superando a média setorial de 20,8%, contudo, a análise detalhada por janelas temporais revela que o indicador está DESACELERANDO, registrando queda de 0,9% em três anos e tímida recuperação de 0,2% no último ano, o que serve como um claro sinal de alerta. Diante disso, o crescimento implícito de 2,0% ao ano embutido no preço atual pelo fluxo de caixa descontado reverso mostra-se um patamar bastante conservador frente ao histórico de longo prazo da companhia. Sob a ótica do valuation, a média dos preços-teto calculados resulta em R$ 14,15 e a mediana em R$ 14,93, evidenciando uma dispersão relevante entre a abordagem conservadora de Bazin, a R$ 9,62, e a otimista de Lynch, a R$ 21,05, culminando em um preço-teto ajustado com margem de segurança de R$ 13,44, o que gera um upside negativo de 3,9% frente à cotação atual de R$ 13,99. O checklist de critérios reforça a solidez da tese ao atender 5 de 6 requisitos possíveis, pecando apenas pela identificação de venda de papéis por parte de insiders. Como balanço final, os prós residem na rentabilidade superior aos pares, no fluxo consistente de dividendos e no crescimento implícito conservador, ao passo que os contras concentram-se na clara desaceleração recente das receitas, na transação de insiders e na ausência de margem de segurança em relação ao preço-teto ajustado.

Gatilho de falseamento: ROE abaixo de 18,8% no fechamento anual, o que rebaixaria a rentabilidade da holding para um patamar inferior à média atual do seu setor.",,True,False,,,Em Alta,14.380000114440918,-2.7121025049999914,-6.872697677460627,True,False,False,sem sinal (Em Alta)
ALUP11,SMALL11,SMALL11,Serviços públicos,58.07,55.48,72.72727272727273,,,0.1,,59.66,53.67,52.1,47.95,True,47,Não,,,False,7,8,False,,True,,False,False,True,False,True,True,8,11,True,True,True,True,True,False,True,True,True,True,True,0.81,True,15244774400.0,7.62,1.1,3.37,4.76,14.38,12.27,10.21,27.68,6.19,3.48,4.68,3.17,1.11,0.83,36.25,176.5,11.56,5.7,0.32,60.84,28.54,29.74,36.3,7.8,-11.7,-1.4,32.7,32.78,-15.6,21.4,1.6,30.63,36.3,-12.99,1.35,9.0,-2.04,-0.24,36755457.0,25.96,34.15,44.92,0.6,5.4,True,7,,4.7,9.9,False,,0.83,0.68,0.07,32.04999923706055,False,False,False,11.08914267618277,20.854742516821144,57.527727019361905,52.510415448475854,58.56673553412703,27.74219710938766,36.11677142089594,59.356879160965434,44.667924030005,52.510415448475854,47.25937390362827,7,True,5.4,47.455148295231744,39.36950107116974,n/d,n/d,,,,False,False,,,Lateral,33.9900016784668,-5.707567948239534,-12.494435959945937,False,False,False,sem sinal (Lateral)
ABEV3,BOVA11+AUVP11,BOVA11,Bens de primeira necessidade,58.03,58.64,54.54545454545455,,,0.0,,78.02,20.61,65.88,52.05,True,48,Não,,,False,7,8,False,,True,,False,False,True,True,True,True,6,11,True,True,True,True,True,True,True,False,True,True,True,-0.17,True,236488916992.0,14.62,2.69,5.62,5.55,18.4,17.07,20.62,18.41,8.27,-0.57,-0.38,1.02,0.03,4.21,81.13,24.6,13.78,10.3,0.81,38.81,60.59,11.01,16.83,39.3,-8.8,-2.6,15.13,14.55,-13.6,25.4,13.2,13.54,16.83,-1.39,1.6,30.5,-1.96,0.68,416929622.0,14.76,20.26,27.82,6.5,2.9,True,8,,3.4,-1.4,True,,0.67,0.46,0.04,15.34000015258789,False,False,True,6.190591500039274,8.57022267219728,10.564166854866547,11.602906609665114,9.466164375841624,15.129507024381228,5.186087691283745,11.056168731788851,9.720726932507958,10.015165615354086,9.013649053818677,8,True,2.9,-41.240880285792855,-36.631506937318704,2026-10-29,2026-09-22,última,,,False,False,,,Em Alta,15.796998023986816,-2.892941245577174,-9.30868588316306,True,False,False,sem sinal (Em Alta)
CPFE3,BOVA11+DIVO11+AUVP11,BOVA11,Serviços públicos,57.95,58.55,54.54545454545455,,,0.1,,76.13,44.62,30.08,71.23,True,49,Não,Bandeira de alta,"Bandeira de alta (pré-confirmação) — pescoço R$45.51, preço 2.3% abaixo do pescoço; falta fechar acima e segurar",False,6,8,False,,True,,False,False,True,False,True,True,6,11,True,True,True,False,False,True,True,True,True,True,True,1.44,True,51252277248.0,8.54,2.26,8.39,8.31,26.43,27.84,15.57,13.16,5.65,2.35,2.07,0.92,1.55,1.11,70.96,21.5,10.74,8.79,0.29,71.02,27.73,35.09,52.32,26.8,-15.0,-1.0,45.15,44.61,-21.6,25.7,-10.7,40.99,52.32,-25.29,1.62,24.3,-2.56,0.44,87873674.0,39.77,55.25,76.76,1.8,3.1,True,8,,4.1,4.1,False,,0.97,0.66,0.03,44.47999954223633,False,False,True,26.880455782504576,50.5525991006457,71.23789304943796,48.02560872357146,83.25131361895407,62.31857535343756,39.74894234011685,82.88145484469585,58.11210535167051,56.43558722704163,50.792028504337466,8,True,3.1,14.190712740694833,30.64772021072011,2026-11-12,2026-04-30,última,,,False,False,,,Em Alta,47.31999969482422,-6.001690978240903,-16.062543623282433,True,False,False,sem sinal (Em Alta)
BBDC4,BOVA11+DIVO11+AUVP11+Wishlist,BOVA11,Produtos financeiros,57.74,56.17,66.66666666666667,15.65,,0.4,,47.03,58.12,66.43,71.92,False,50,Não,Bandeira de alta,"Bandeira de alta (pré-confirmação) — pescoço R$18.16, preço 2.1% abaixo do pescoço; falta fechar acima e segurar",False,3,6,False,,True,,False,False,True,,True,True,6,9,True,False,False,,True,,True,False,True,True,True,,True,188275572736.0,7.61,1.07,8.75,8.36,14.13,11.35,0.0,26.07,,,,,,1.48,63.65,17.8,6.07,1.07,,92.32,7.66,15.64,20.87,13.7,-14.8,0.9,17.79,18.0,-24.6,25.8,1.9,15.73,20.87,-12.69,1.63,4.3,-2.49,-0.06,759793888.0,13.96,19.43,27.05,0.5,2.6,True,4,,2.7,11.9,False,,1.21,0.82,-0.01,17.780000686645508,False,False,False,10.8149631519746,18.15132457021799,28.51856684916419,29.555534325534033,31.54203786715226,27.782000080866478,14.035777576672492,,21.316713663055815,22.966662325542234,20.66999609298801,4,True,2.6,16.2541917589079,19.89152328361112,n/d,2026-10-02,próxima,"O Bradesco (BBDC4) apresenta um panorama de valuation atrativo que contrasta com uma rentabilidade operacional momentaneamente pressionada. O Retorno sobre o Patrimônio Líquido (ROE) de 14,1% situa-se abaixo da média do setor de 18,4%, enquanto o Retorno sobre o Capital Injetado (ROIC) nulo também fica aquém dos pares de 2,2%, evidenciando que a alta qualidade histórica da instituição financeira convive atualmente com múltiplos de preço descontados, como o Preço sobre Lucro (P/L) de 7,61 e o Preço sobre Valor Patrimonial (P/VP) de 1,07. Essa rentabilidade mais tímida não impede a distribuição de um robusto Dividend Yield de 8,75%, o qual se mostra sustentável diante de uma sólida margem líquida de 26,07% e da ausência de alavancagem industrial típica do setor bancário. No campo do crescimento, a receita expandiu a uma taxa anual média de 17,8% nos últimos cinco anos, superando a média setorial de 12,7%, contudo, a análise das janelas temporais revela que o indicador está DESACELERANDO, com a taxa de três anos recuando para 2,7% antes de ensaiar uma recuperação de 11,9% no último ano, variação atípica que merece checagem manual detalhada para identificar possíveis eventos não recorrentes. O checklist de critérios fundamentalistas reflete essa transição ao atender apenas 3 de 6 requisitos, penalizado justamente pelo ROE e ROIC abaixo dos pares e por vendas recentes de insiders. Por outro lado, o crescimento implícito de apenas 0,5% ao ano embutido no preço atual de R$ 17,78 revela-se um patamar extremamente conservador frente ao histórico da empresa, oferecendo uma expressiva margem de segurança. Essa assimetria fica evidente na dispersão dos preços-teto calculados, que variam desde os conservadores R$ 10,81 pelo método de Bazin até os otimistas R$ 31,54 pelo modelo de Lynch, resultando em um preço-teto ajustado médio de R$ 20,67 e um upside projetado de 16,3% contra a cotação de tela. Em suma, o papel traz como pontos positivos o valuation descontado, o robusto fluxo de dividendos e a baixa exigência de crescimento futuro, enquanto os pontos negativos concentram-se na perda de rentabilidade frente aos concorrentes e nos sinais de desaceleração operacional de médio prazo.

Gatilho de falseamento: ROE abaixo de 14,1% no fechamento anual de 2024.",,True,False,,,Em Alta,18.59000015258789,-4.357178371672166,-16.19458361221957,True,False,False,sem sinal (Em Alta)
RECV3,SMALL11+DIVO11,SMALL11,Energia,57.57,61.31,36.36363636363637,,,0.9,,52.87,71.4,54.85,86.99,False,51,Não,Bandeira de alta,"Bandeira de alta (pré-confirmação) — pescoço R$11.01, preço 2.3% abaixo do pescoço; falta fechar acima e segurar",False,3,8,False,,True,,False,False,True,True,False,False,4,11,False,False,False,True,False,True,True,False,True,True,True,0.36,True,3152777472.0,6.33,0.71,15.85,10.7,11.26,17.76,10.15,16.73,3.31,1.18,1.6,2.91,0.72,1.74,67.76,-14.8,6.56,5.06,0.52,50.04,49.96,8.89,13.47,21.0,-20.1,2.1,10.53,10.7,-31.9,32.0,14.4,9.17,13.47,-0.19,2.01,-6.3,-3.18,-0.36,24607452.0,6.94,10.46,15.76,-1.8,2.9,True,8,,2.0,-3.3,True,,0.73,0.4,0.09,10.760000228881836,False,False,False,8.376831999553282,11.794990559415458,17.40698938207596,24.07534449938055,24.366911495090857,21.01334827791708,8.572876915545308,9.901208858811287,15.688562748473721,14.600989970745708,13.140890973671137,8,True,2.9,22.127236934424488,45.80448340849203,n/d,n/d,,,,False,False,,,Lateral,11.710000038146973,-8.112722512129622,-21.963277102135425,False,False,False,sem sinal (Lateral)
ITUB3,DIVO11+AUVP11,SMALL11,Financial Services,57.53,53.96,77.77777777777777,15.95,,0.4,,58.07,26.52,70.71,70.55,False,52,Não,Bandeira de alta,"Bandeira de alta (pré-confirmação) — pescoço R$47.16, preço 2.4% abaixo do pescoço; falta fechar acima e segurar",False,3,6,False,,True,,False,False,True,,True,True,7,9,True,True,False,,False,,True,False,True,True,True,,True,507557216256.0,10.89,2.45,6.76,8.3,22.45,19.06,0.0,32.58,,,,,,5.03,90.35,8.1,,1.58,,92.99,6.67,29.38,47.28,56.8,-2.6,6.7,40.94,39.51,-15.9,24.3,29.4,35.58,47.28,14.81,1.53,38.0,-2.59,1.21,81593341.0,50.45,68.82,93.89,4.2,1.5,True,4,,6.6,4.2,True,,1.11,0.8,0.07,46.04999923706055,False,False,False,27.786942517670976,33.696330839430054,37.2941660622689,42.288658096312794,44.24289921613034,42.956535179718706,17.36328871864482,,35.43349364977216,35.49524845084947,31.945723605764528,4,True,1.5,-30.6281777740944,-23.054301331549944,n/d,n/d,,,,False,False,,,Em Alta,47.279998779296875,-2.601521941609952,-3.7013811565441035,False,False,False,sem sinal (Em Alta)
EZTC3,SMALL11+DIVO11+AUVP11,SMALL11,Consumo discricionário,57.43,54.73,72.72727272727273,,,0.9,,49.72,53.63,67.67,54.11,False,53,Não,Bandeira de alta,"Bandeira de alta (pré-confirmação) — pescoço R$13.82, preço 1.8% abaixo do pescoço; falta fechar acima e segurar",False,3,8,False,,True,,False,False,True,True,False,True,8,11,False,False,False,True,False,True,True,False,True,False,True,0.0,True,3763762176.0,7.09,0.72,7.37,5.69,10.15,7.87,5.14,36.95,12.01,0.07,0.17,3.06,0.34,1.17,40.35,-22.5,5.91,2.75,2.48,28.86,69.9,10.21,16.23,32.9,-16.4,9.7,13.3,13.38,-37.1,39.2,0.7,10.21,15.91,-13.89,2.47,-7.1,-3.84,0.07,49937886.0,8.98,14.82,24.48,-0.3,6.1,True,7,,10.2,-4.0,True,,1.34,0.6,0.07,13.569999694824219,False,False,False,5.616807383009992,10.563221626757501,26.17807848676222,28.489296894483054,22.48073267688403,14.089687113934191,12.622153285481373,4.666412715568738,17.14856820961605,14.089687113934191,12.680718402540773,7,True,6.1,-6.553288963025028,26.371176088948232,n/d,n/d,,,,False,False,,,Em Alta,13.819999694824219,-1.8089725435640136,-17.475105025351155,False,False,False,sem sinal (Em Alta)
TAEE11,BOVA11+SMALL11+DIVO11,BOVA11,Serviços públicos,57.03,57.47,54.54545454545455,,,0.1,,72.69,24.39,49.12,88.36,True,54,Não,Bandeira de alta,"Bandeira de alta (pré-confirmação) — pescoço R$42.02, preço 2.6% abaixo do pescoço; falta fechar acima e segurar",False,6,8,False,,True,,True,False,True,False,True,False,6,11,True,True,True,True,False,False,True,True,True,True,True,0.45,True,42311491584.0,8.68,1.75,7.34,11.16,20.14,22.05,11.11,36.48,9.72,4.36,5.39,3.48,1.36,13.62,96.84,13.5,9.46,6.9,0.24,66.19,33.81,33.21,43.57,23.3,-6.0,4.2,39.48,39.18,-15.3,22.7,2.7,36.91,43.57,-11.89,1.43,17.2,-2.32,0.43,67548640.0,37.81,50.51,67.46,2.0,3.8,True,8,,20.9,24.4,False,,0.9,0.69,0.09,40.939998626708984,True,False,False,33.21727917254024,35.0532201493296,36.198390793898554,49.82647867306703,55.62470414042305,17.61150092167809,14.752430413268714,31.628552281782017,34.23906956824841,34.13524966093492,30.721724694841427,8,True,3.8,-24.959145761185308,-16.367682665453074,n/d,2026-08-17,última,,,False,False,,,Em Alta,41.90999984741211,-2.3144863379497727,-6.555246422367034,True,False,False,sem sinal (Em Alta)
SANB11,BOVA11+Wishlist,BOVA11,Produtos financeiros,56.66,56.85,55.55555555555556,14.99,,0.4,,50.57,63.66,57.0,67.81,False,55,Não,Bandeira de alta,"Bandeira de alta (pré-confirmação) — pescoço R$30.28, preço 2.3% abaixo do pescoço; falta fechar acima e segurar",False,3,6,False,,True,,True,False,True,,True,False,5,9,True,False,False,,True,,True,False,True,True,True,,True,159055003648.0,7.16,1.12,7.79,7.32,15.69,10.65,0.0,28.66,,,,,,0.96,52.38,49.8,6.77,1.11,,90.04,9.86,25.1,36.14,17.9,-18.1,6.6,29.5,29.41,-30.6,31.1,-7.0,25.1,36.14,-21.59,1.96,11.4,-2.69,0.04,89331575.0,22.12,32.83,48.73,-0.2,3.6,True,4,,2.6,-3.8,True,,1.11,0.62,-0.01,29.600000381469727,True,False,False,15.748923537942986,29.618136847163743,56.543522083903234,49.58124789848576,61.131446058863204,36.64774754152227,31.012599486569016,,34.63958250263306,33.13294219434301,29.819647974908708,4,True,3.6,0.7420526709739139,17.025615054782996,n/d,2026-07-22,última,"A análise fundamentalista do Santander Brasil (SANB11) revela uma instituição financeira de grande porte que navega por um momento de transição, refletido em seus scores intermediários de qualidade e valor. O retorno sobre o patrimônio líquido de 15,7% situa-se abaixo da média do setor de 18,4%, enquanto o retorno sobre o capital investido zerado também fica aquém dos pares, sugerindo que a eficiência na alocação de recursos está sob pressão, embora a robusta margem líquida de 28,66% garanta a conversão de receitas em lucros. Essa rentabilidade moderada convive com múltiplos de preço atraentes, visto que o indicador preço/lucro de 7,16 e o preço/valor patrimonial de 1,12 apontam para um valuation descontado que parece compensar os retornos mais baixos. No âmbito dos proventos, o rendimento de dividendos de 7,79% mostra-se coerente com a geração de lucro atual e a ausência de endividamento líquido relevante sobre o resultado operacional, métrica típica do setor bancário que favorece a sustentabilidade dos pagamentos. No entanto, a trajetória de crescimento acende um sinal de alerta, pois, apesar de o crescimento anual composto da receita nos últimos cinco anos de 49,8% superar com folga a média setorial de 12,7%, a análise das janelas temporais mostra que o indicador está explicitamente desacelerando, passando de uma lacuna sem dados na janela mais longa para modestos 2,6% em três anos e contração de 3,8% no último ano. Essa perda de fôlego recente, que exige uma checagem manual detalhada para identificar possíveis eventos contábeis não recorrentes ou pressões conjunturais, reflete-se no checklist de critérios da empresa, que atendeu apenas metade dos requisitos avaliados devido ao desempenho inferior aos pares em termos de retornos. Por outro lado, o mercado precifica esse cenário com extremo conservadorismo, exigindo uma taxa de crescimento implícita de apenas -0,2% ao ano no preço atual, um patamar bastante confortável frente ao histórico de expansão do banco. Sob a ótica do valuation, a média dos preços-teto calculados situa-se em R$ 34,64 e a mediana em R$ 33,13, revelando uma dispersão acentuada entre o método conservador de Bazin, que aponta R$ 15,75, e as projeções otimistas de fluxo de caixa descontado e do modelo de Lynch, que superam os R$ 56,00. Com o preço atual muito próximo do preço-teto ajustado com margem de segurança de R$ 29,82, o potencial de valorização imediato é de apenas 0,7%, configurando um cenário de equilíbrio técnico. Como prós, destacam-se o valuation descontado com crescimento implícito negativo, a margem líquida robusta e o bom fluxo de dividendos; como contras, pesam a clara desaceleração das receitas nas janelas recentes, a rentabilidade abaixo da média do setor e a margem de segurança praticamente nula no preço atual.

Gatilho de falseamento: retorno sobre o patrimônio líquido abaixo de 15,0% no fechamento do próximo ano.",,True,False,,,Lateral,30.6200008392334,-3.331157510801719,-18.813082091722812,True,False,False,sem sinal (Lateral)
VBBR3,BOVA11+DIVO11,BOVA11,Consumo discricionário,56.18,53.26,72.72727272727273,,,0.9,,60.66,43.4,46.45,58.22,False,56,Não,,,False,6,8,False,,True,,False,False,True,True,True,True,8,11,True,True,True,False,True,True,True,False,False,True,True,0.68,True,46831738880.0,9.28,1.99,4.92,6.38,21.49,20.83,16.06,2.48,6.58,1.52,1.3,2.01,0.93,1.06,59.23,677.0,11.37,9.71,0.57,65.98,33.8,20.1,39.97,94.8,-2.1,19.3,29.36,28.69,-18.4,27.8,57.7,24.44,39.97,43.11,1.75,60.5,-2.4,1.95,425269173.0,51.94,74.16,105.89,2.7,3.5,True,8,,1.4,9.9,False,,1.05,0.66,0.13,39.150001525878906,False,False,False,18.17384917716198,34.178561517049786,57.70161515215746,43.213805815149364,63.88733609551225,37.6659846012451,35.129073052783575,20.533270006410707,38.81043692718377,36.39752882701434,32.75777594431291,8,True,3.5,-16.3275231990492,-0.8673424915978001,n/d,n/d,,,,False,False,,,Em Alta,39.970001220703125,-2.0515378278234464,-3.285568259381322,False,False,False,sem sinal (Em Alta)
CMIG4,BOVA11+DIVO11+AUVP11,BOVA11,Serviços públicos,56.08,54.75,63.63636363636363,,,0.1,,54.76,51.05,37.38,98.63,True,57,Não,Bandeira de alta,"Bandeira de alta (pré-confirmação) — pescoço R$11.22, preço 2.8% abaixo do pescoço; falta fechar acima e segurar",False,5,8,False,,True,,True,False,True,True,False,True,7,11,True,True,False,False,False,True,True,True,True,True,True,0.67,True,31210039296.0,6.79,1.07,10.33,17.67,15.75,21.33,9.3,10.51,6.62,2.49,3.69,1.17,0.78,,119.96,-20.4,9.36,5.94,0.42,57.36,42.63,9.56,13.2,14.2,-17.3,0.5,10.78,10.81,-25.1,23.7,4.2,9.89,13.2,-10.39,1.5,4.0,-2.42,-0.11,177579200.0,8.75,11.87,16.09,-0.9,4.7,True,6,,10.4,7.4,True,,0.98,0.72,0.07,10.90999984741211,True,False,False,14.018123851926495,20.55991498282553,17.13892955901755,19.199469442367374,,14.127676775544375,4.370427037549476,15.879556155839259,16.820611794586764,16.509242857428404,14.858318571685563,6,True,4.7,36.189906319842976,54.17609559890757,2026-11-12,2026-09-23,última,,,False,False,,,Em Alta,11.627994537353516,-6.174707836634563,-17.682637185135796,True,False,False,sem sinal (Em Alta)
BPAC11,BOVA11+AUVP11,BOVA11,Produtos financeiros,55.79,51.91,77.77777777777777,15.65,,0.4,,59.62,37.04,66.43,25.34,False,58,Não,Fundo duplo,"Fundo duplo (pré-confirmação) — pescoço R$57.88, preço 8.3% acima do pescoço; falta fechar acima e segurar",False,4,6,False,,True,,False,False,True,,True,True,7,9,True,True,False,,True,,True,False,True,True,True,,True,211271417856.0,13.4,3.07,2.25,2.73,22.88,20.48,0.0,39.8,,,,,,0.92,36.65,20.8,10.38,2.41,,90.46,8.68,44.56,63.95,40.7,-2.0,14.8,53.88,54.1,-23.5,32.6,21.9,48.49,63.95,7.31,2.05,17.8,-3.31,0.7,626491105.0,56.43,85.75,130.3,5.9,5.5,True,3,,20.9,37.5,False,,1.57,0.84,0.05,62.70000076293945,False,False,False,12.471580103660084,23.454616775592996,63.99807492413655,46.370013063859055,80.61965107458545,11.716626579920606,56.13344961034562,,15.880941153057897,12.471580103660084,11.224422093294077,3,True,5.5,-82.09821059535204,-74.67154551863298,n/d,2026-08-11,última,,,False,False,,,Em Alta,63.95000076293945,-1.9546520486117047,-2.8742039301303812,True,False,False,sem sinal (Em Alta)
WEGE3,BOVA11+AUVP11+Carteira,BOVA11,Bens Industriais,55.34,53.88,63.63636363636363,,,0.7,,85.86,5.96,59.14,19.18,False,59,Não,Bandeira de alta,"Bandeira de alta (pré-confirmação) — pescoço R$51.56, preço 1.6% abaixo do pescoço; falta fechar acima e segurar",False,6,8,False,,True,,False,False,True,True,False,True,7,11,True,True,True,True,False,True,True,False,True,True,True,-0.16,True,212896415744.0,34.05,11.29,4.17,2.38,33.16,31.31,24.33,15.58,22.16,-0.35,-0.2,1.59,0.29,5.41,81.02,-2.1,27.38,11.21,1.12,56.49,40.84,34.04,53.68,49.0,-5.5,9.5,46.29,45.68,-22.5,29.2,5.9,41.6,53.68,-8.69,1.84,44.8,-2.4,0.98,397904701.0,51.12,74.19,107.68,10.5,2.3,True,8,,10.9,7.4,True,,0.74,0.45,0.07,50.7400016784668,False,False,False,8.780050525187557,16.51215953607853,20.381564787712495,12.275415672870418,12.926659201017848,20.471646130903302,10.057154691699271,14.470319392865946,14.484371242291921,13.698489296941897,12.328640367247708,8,True,2.3,-75.70232566137305,-71.45374307616777,2026-10-21,2026-09-21,última,"A WEGE3 apresenta uma notável eficiência operacional no setor de bens industriais, com seu ROE de 33,2% e ROIC de 24,3% situando-se muito acima dos pares setoriais, que registram médias de 10,8% e 13,3%, respectivamente. Essa qualidade superior, contudo, convive com múltiplos de preço bastante esticados, evidenciados pelo P/L de 34,05 e pelo P/VP de 11,29, sugerindo que o mercado cobra um prêmio elevado por essa excelência operacional. No âmbito financeiro, a excelente rentabilidade é acompanhada por um endividamento extremamente controlado, visto que a relação dívida líquida sobre EBITDA de -0,35 está bem abaixo da média do setor de 2,38, indicando uma sólida posição de caixa líquido. O dividend yield de 4,17% mostra-se coerente e sustentável diante da forte geração de lucros e da estrutura desalavancada da companhia, embora o foco histórico da empresa tenda a ser o reinvestimento. Sob a ótica do crescimento, o CAGR de receita de 5 anos de -2,1% ficou abaixo do setor, que cresceu 47,1%, sendo que a análise das janelas temporais de 3 anos para 1 ano revela uma receita desacelerando de 10,9% para 7,4%, um sinal de alerta importante que exige atenção do investidor. Adicionalmente, o ano com variação negativa na média de 5 anos destoa da trajetória recente e merece uma checagem manual para identificar possíveis eventos contábeis não recorrentes. O checklist de critérios confirma a solidez da empresa ao atender 6 de 8 requisitos, falhando apenas no crescimento frente ao setor e na movimentação de insiders. Quanto ao valuation, as estimativas de preço-teto mostram grande dispersão entre os métodos, variando de R$ 8,78 por Bazin a R$ 20,38 por fluxo de caixa descontado, resultando em uma média de R$ 14,48 e um upside negativo de -75,7% contra o preço-teto ajustado de R$ 12,33. Diante disso, o crescimento implícito de 10,5% ao ano embutido no preço atual via fluxo de caixa descontado reverso parece um patamar exigente quando confrontado com a recente desaceleração da receita para 7,4%. Em balanço, a WEGE3 destaca-se positivamente por sua rentabilidade excepcional, robustez financeira com caixa líquido e consistência operacional, mas traz como pontos contrários o valuation severamente esticado frente aos modelos clássicos e a recente perda de ritmo no crescimento de suas receitas.

Gatilho de falseamento: margem líquida abaixo de 15,58% no próximo resultado trimestral divulgado pela companhia.",,False,True,49.82,1.85,Em Alta,52.54098892211914,-3.4277756863730247,-6.33708597720406,False,False,False,sem sinal (Em Alta)
IGTI11,BOVA11+SMALL11,BOVA11,Imobiliário,54.91,51.76,72.72727272727273,,,0.8,,69.03,35.09,49.72,19.86,False,60,Não,Fundo duplo,"Fundo duplo (pré-confirmação) — pescoço R$26.54, preço 0.5% abaixo do pescoço; falta fechar acima e segurar",False,3,7,False,,True,,False,False,True,True,False,True,8,11,False,False,True,True,False,True,,False,True,False,True,0.48,True,,12.27,1.59,1.11,2.46,12.93,7.32,12.16,41.91,9.21,2.15,2.43,2.73,0.9,1.36,30.13,-35.4,12.11,5.46,0.48,51.02,48.98,22.47,30.19,17.5,-12.5,4.7,25.65,25.8,-25.2,29.0,6.2,22.57,30.19,-8.39,1.83,3.6,-2.55,0.05,68642552.0,20.31,29.48,42.78,5.2,9.9,False,6,,13.5,20.3,False,2023,1.3,0.78,0.1,26.399999618530273,False,False,False,4.714574315697293,8.866441374359747,29.428187917703383,28.351388692325408,24.721368112557442,2.962098764617986,18.292722453020154,20.86631485462176,,,,6,False,9.9,,,n/d,n/d,,,,False,False,,,Em Alta,26.950000762939453,-2.04082051517237,-13.233805310596757,False,False,False,sem sinal (Em Alta)
GMAT3,SMALL11,SMALL11,Bens de primeira necessidade,54.62,51.91,70.0,,,0.0,,46.64,65.93,56.81,30.82,True,61,Não,Bandeira de alta,"Bandeira de alta (pré-confirmação) — pescoço R$4.99, preço 1.8% abaixo do pescoço; falta fechar acima e segurar",False,4,8,False,,True,,False,,True,True,False,True,7,10,True,True,False,False,False,True,True,False,False,True,True,0.47,True,11272387584.0,6.95,1.01,2.43,3.24,14.52,15.23,10.1,3.99,4.86,2.21,3.01,1.74,0.56,0.62,22.51,-40.8,5.51,5.51,1.0,52.91,42.64,3.57,6.99,37.3,-29.9,17.1,4.67,4.85,-48.9,41.1,9.1,3.57,5.86,-5.49,2.59,-34.1,-3.7,-0.99,22354135.0,2.02,3.44,5.85,-0.6,8.9,False,6,,20.9,19.8,True,,1.17,0.5,0.09,4.900000095367432,False,False,False,1.1542586051064796,2.170750860571218,9.643072826343888,8.772719802077724,10.216250350293288,4.214880870011374,6.994590804685892,6.637211604562188,,,,6,False,8.9,,,n/d,n/d,,,,False,False,,,Em Alta,5.03000020980835,-2.584495209113946,-30.410501543952208,False,False,False,sem sinal (Em Alta)
UGPA3,BOVA11,BOVA11,Consumo discricionário,54.25,50.99,72.72727272727273,,,0.9,,62.68,36.62,43.18,50.0,False,62,Não,,,False,7,8,False,,True,,False,False,True,True,True,True,8,11,True,True,True,False,True,True,True,True,False,True,True,0.63,True,41283907584.0,12.52,2.41,5.15,4.92,19.25,16.17,21.5,2.26,5.7,1.13,0.72,1.64,0.98,1.69,61.58,44.3,12.98,9.73,0.63,64.07,31.75,18.91,39.74,105.2,-2.4,28.1,25.44,25.97,-22.2,29.5,90.5,20.23,39.74,75.91,1.86,73.0,-2.77,2.05,369350297.0,53.48,78.05,113.91,5.3,3.1,True,8,,-0.3,6.6,False,,0.96,0.57,0.03,38.79999923706055,False,False,False,13.878524871294932,26.10058064504821,42.38688981890568,33.50520584056436,38.163818003153914,23.52290728744721,23.099362616060777,25.855587127896346,28.314109526296427,25.978083886472277,23.38027549782505,8,True,3.1,-39.74155681041112,-27.02548947668103,n/d,n/d,,,,False,False,,,Em Alta,39.7400016784668,-2.365380980634413,-3.5305866249244033,False,False,False,sem sinal (Em Alta)
COGN3,BOVA11+SMALL11,BOVA11,Consumo discricionário,54.02,51.2,70.0,,,0.9,,42.5,75.22,44.77,43.15,False,63,Não,Fundo duplo,"Fundo duplo (pré-confirmação) — pescoço R$2.33, preço 6.4% abaixo do pescoço; falta fechar acima e segurar",False,1,8,False,,False,,False,,False,True,True,True,7,10,False,False,False,False,False,False,True,False,True,False,True,0.39,True,4369203200.0,6.41,0.33,5.44,4.02,5.11,0.79,10.24,8.96,3.31,2.9,3.9,1.88,0.5,1.69,25.79,34.0,4.47,3.98,0.45,44.22,55.77,2.03,4.57,7.4,-52.3,-6.5,2.87,2.89,-55.6,45.0,-30.0,2.03,4.57,-44.59,2.83,-19.2,-4.51,-0.61,75770161.0,0.97,1.72,3.06,-1.6,11.1,False,4,,11.9,9.8,True,2024,1.58,0.61,0.03,2.180000066757202,False,False,False,0.6378806378017091,0.9142000802554617,3.544847973492946,7.109871985660192,2.6579961856481633,2.2319464875771913,1.7504546210495435,6.815838613414144,,,,4,False,11.1,,,n/d,n/d,,,,False,False,,,Lateral,2.450000047683716,-11.020407170268331,-53.87944506391224,False,False,False,sem sinal (Lateral)
PGMN3,SMALL11+DIVO11+Wishlist,SMALL11,Bens de primeira necessidade,53.92,57.02,36.36363636363637,,,0.0,,45.18,76.77,43.63,87.67,True,64,Não,Fundo duplo,"Fundo duplo (pré-confirmação) — pescoço R$3.54, preço 2.5% abaixo do pescoço; falta fechar acima e segurar",False,4,8,False,,True,,False,False,False,False,True,False,4,11,False,True,True,False,True,False,True,False,False,False,True,0.99,True,2480083968.0,7.6,0.73,6.84,10.75,9.61,5.91,12.78,2.1,2.66,3.59,3.87,1.78,1.02,4.32,81.67,11.1,5.03,6.26,0.83,68.82,31.1,3.13,7.54,10.2,-54.2,-9.9,4.51,4.81,-58.5,46.5,-44.8,3.13,7.54,-59.39,2.93,-0.2,-4.41,-0.07,24388457.0,1.89,3.44,6.26,0.5,4.9,True,7,,17.5,17.9,False,2024,1.63,0.61,0.14,3.450000047683716,False,False,False,2.696370663322698,3.1469588126222106,3.853135450675415,6.947717221214344,5.677819672505602,8.480104657158751,1.7464280499377913,,4.649790646776688,3.853135450675415,3.467821905607874,7,True,4.9,0.5165755848647979,34.77653862348482,n/d,2025-12-26,última,"A Pague Menos (PGMN3) apresenta-se como um caso de estudo interessante no setor de bens de primeira necessidade, onde sua rentabilidade medida pelo ROE de 9,6% e pelo ROIC de 12,8% situa-se ligeiramente acima da média dos seus pares setoriais, sugerindo uma eficiência operacional superior na alocação de capital. Essa qualidade superior convive com múltiplos de preço bastante descontados, evidenciados pelo P/L de 7,6 e pelo P/VP de 0,73, o que aponta para uma assimetria favorável entre o valor intrínseco e a avaliação de mercado. Contudo, essa rentabilidade atrativa é contrabalançada por um endividamento robusto, com a relação Dívida Líquida/EBITDA em 3,59, patamar que se posiciona acima da média do setor e exige atenção, embora a liquidez corrente de 1,78 garanta fôlego no curto prazo. O dividend yield de 6,84% mostra-se coerente com a geração de lucro atual, mas a sustentabilidade desses proventos no longo prazo pode ser pressionada caso o serviço da dívida consuma uma parcela excessiva do fluxo de caixa. No campo do crescimento, a companhia supera amplamente o setor com um CAGR de receita de 11,1% em cinco anos, mas o investidor deve atentar para o ano de 2024, que apresenta uma variação atípica e merece checagem manual para isolar possíveis eventos contábeis não recorrentes. O checklist de critérios fundamentalistas revela um perfil intermediário ao atender quatro dos oito requisitos, refletindo que a empresa ainda precisa evoluir em eficiência de margens e desalavancagem. Sob a ótica do valuation, a faixa de preço-teto apresenta uma dispersão relevante entre os métodos, variando desde os conservadores R$ 2,70 de Bazin até os R$ 6,95 de Graham, resultando em uma média de R$ 4,65 e um preço ajustado com margem de segurança de R$ 3,47, o que deixa o preço atual com um upside residual de apenas 0,5%. Diante disso, o crescimento implícito de 0,5% ao ano embutido no preço atual via fluxo de caixa descontado reverso parece um patamar bastante conservador e de fácil superação frente ao histórico recente de expansão da receita. Em suma, os prós do ativo concentram-se no forte desconto patrimonial, liderança de crescimento frente aos pares e retorno sobre o capital acima da média, enquanto os contras residem na alavancagem financeira elevada e nas margens historicamente espremidas do segmento de varejo farmacêutico.

Gatilho de falseamento: margem líquida abaixo de 1,5% ou relação Dívida Líquida/EBITDA acima de 4,0 vezes no fechamento do próximo ano fiscal.",,True,False,,,Lateral,4.050000190734863,-14.814817649237666,-54.72440814307718,False,False,False,sem sinal (Lateral)
VIVT3,BOVA11,BOVA11,Comunicação,53.88,45.74,100.0,,,0.4,,44.24,36.91,52.18,61.64,False,65,Não,,,False,5,8,False,,True,,True,True,True,True,True,True,11,11,False,True,True,False,True,False,True,True,True,False,True,0.16,True,97178386432.0,14.87,1.5,7.86,6.55,10.05,7.53,9.1,10.68,4.29,0.56,0.85,0.95,0.3,57.06,97.41,18.5,9.97,5.51,0.48,46.12,53.66,29.17,40.8,4.2,-25.5,-6.7,32.92,33.71,-28.5,25.6,-1.5,29.17,40.8,-16.09,1.61,-4.0,-2.34,-0.51,161910236.0,21.33,29.65,41.21,6.6,6.6,True,6,,7.4,6.7,True,,0.8,0.55,0.01,30.40999984741211,True,False,False,14.487444484298386,14.805836712436237,15.200011689174957,30.542639295209703,13.929245378585959,30.236818334361768,5.903667151450033,38.806896433922844,19.866999315677834,15.002924200805598,13.50263178072504,6,True,6.6,-55.59805377021693,-34.66951852889103,n/d,n/d,,,,False,False,,,Em Alta,30.950000762939453,-1.7447525111985107,-25.96775660147238,False,False,False,sem sinal (Em Alta)
EVEN3,SMALL11+DIVO11,SMALL11,Consumo discricionário,53.03,52.76,54.54545454545455,,,0.9,,39.34,70.6,48.01,78.08,False,66,Não,,,False,1,8,False,,True,,False,False,True,True,False,True,6,11,False,False,False,False,False,False,True,False,True,False,True,0.36,True,910671296.0,4.63,0.48,19.96,9.11,10.28,7.88,4.93,12.83,7.45,2.85,7.13,4.66,0.64,0.78,42.18,-37.5,2.77,2.92,1.27,57.92,36.05,4.03,8.43,13.9,-45.6,-8.8,6.59,6.34,-52.2,37.3,-37.2,4.03,8.31,-51.79,2.35,-35.0,-3.86,-1.29,5385473.0,1.88,3.03,4.89,-6.5,11.3,False,6,,-6.1,-11.0,True,,1.28,0.6,0.13,4.590000152587891,False,False,False,3.0408100704461036,5.6749391266085745,13.455533544020968,14.604706874348159,14.923486679730576,9.447323053991342,6.46802322343218,1.3209203507247955,,,,6,False,11.3,,,n/d,n/d,,,,False,False,,,Lateral,4.429999828338623,3.611745608334993,-46.19657047719093,False,False,False,sem sinal (Lateral)
BMGB4,DIVO11,SMALL11,Financial Services,52.93,50.51,66.66666666666667,12.81,,0.4,,49.02,55.05,25.86,95.21,False,67,Não,Bandeira de alta,"Bandeira de alta (pré-confirmação) — pescoço R$6.18, preço 3.0% abaixo do pescoço; falta fechar acima e segurar",False,3,6,False,,True,,False,False,True,,True,True,6,9,True,False,False,,True,,True,False,True,False,True,,True,3854711040.0,6.22,0.9,8.54,15.41,14.47,7.04,0.0,30.16,,,,,,10.4,95.87,26.0,5.68,1.27,,91.8,7.94,3.43,6.17,74.9,-2.8,13.9,4.87,4.74,-15.1,32.8,25.7,4.53,6.17,11.11,2.07,47.9,-2.61,1.39,8300439.0,6.76,10.3,15.7,-2.0,2.4,True,4,,8.1,-1.8,True,,0.96,0.51,0.01,6.0,False,False,False,6.725549655943075,7.073415028363326,7.378354624543473,12.028904096469383,15.444451219044629,16.404928006055318,2.9929958907514127,,9.395561828726297,7.225884826453399,6.503296343808059,4,True,2.4,8.388272396800978,56.59269714543829,n/d,n/d,,,,False,False,,,Em Alta,6.170000076293945,-2.75526862547556,-3.5369742381433755,False,False,False,sem sinal (Em Alta)
FLRY3,BOVA11+SMALL11+DIVO11,BOVA11,Cuidados de saúde,52.45,48.87,72.72727272727273,,,0.2,,55.24,30.57,50.67,62.33,True,68,Não,,,False,4,8,False,,True,,False,False,True,True,True,True,8,11,False,True,True,False,False,True,True,False,True,True,True,0.7,True,11959777280.0,17.09,2.22,5.32,6.55,13.0,10.93,12.7,8.01,6.79,1.78,1.92,1.86,0.98,1.19,111.98,14.4,14.06,6.47,0.55,61.45,37.83,13.12,22.11,67.7,-0.5,29.8,15.39,15.9,-18.6,28.0,51.6,14.3,22.11,37.01,1.76,26.5,-2.57,1.08,82378295.0,23.0,32.86,46.94,7.5,2.6,True,8,,22.9,7.9,True,2023,0.97,0.61,0.04,22.0,False,False,False,10.483677732062144,19.716077799329774,17.60697634911946,16.942068029861684,26.97194668319804,19.944897181175023,15.365242832065535,17.633346112589983,18.083029089925205,17.62016123085472,15.858145107769248,8,True,2.6,-27.917522237412506,-17.804413227612702,2026-11-05,2026-08-12,última,,,False,False,,,Em Alta,22.110000610351562,-0.4975151845995951,-0.9455159528550805,True,False,False,sem sinal (Em Alta)
BMOB3,SMALL11+DIVO11,SMALL11,Comunicação,52.0,49.95,63.63636363636363,,,0.4,,57.09,18.43,70.21,56.16,False,69,Não,Fundo duplo,"Fundo duplo (pré-confirmação) — pescoço R$24.54, preço 13.4% acima do pescoço; falta fechar acima e segurar",False,7,8,False,,True,,False,False,True,True,False,True,7,11,True,True,True,False,True,True,True,True,True,True,True,-0.3,True,2320957440.0,14.91,2.53,7.06,6.18,16.97,10.68,11.27,8.49,8.44,-1.91,-2.33,1.69,0.05,11.21,92.16,-1.0,11.43,6.02,1.43,47.82,51.18,19.48,28.55,42.8,-2.6,14.9,23.48,23.63,-20.5,33.9,28.5,20.89,28.55,13.91,2.13,14.1,-3.58,0.57,16725740.0,23.68,36.58,56.5,6.6,3.4,True,8,,4.8,13.2,False,,1.17,0.61,0.09,27.81999969482422,False,False,False,12.505921032341721,14.029992856712934,15.22364146163192,21.48568961824556,14.01563024797155,22.773683752803727,6.664053934510965,19.43604997871378,15.766832860366518,14.626817159172425,13.164135443255184,8,True,3.4,-52.68103670862258,-43.32554624973679,n/d,n/d,,,,False,False,,,Em Alta,28.549999237060547,-2.556916153219091,-2.9986073960967197,False,False,False,sem sinal (Em Alta)
MDIA3,SMALL11,SMALL11,Bens de primeira necessidade,52.0,54.76,36.36363636363637,,,0.0,,37.5,68.07,88.61,31.51,True,70,Não,,,False,2,8,False,,True,,False,False,False,True,False,True,4,11,False,False,False,False,False,True,True,False,False,False,True,-0.04,True,5577207296.0,8.68,0.66,5.75,3.3,7.65,8.74,8.32,6.23,4.17,-0.32,-0.54,2.55,0.21,1.59,28.63,-22.6,7.3,3.52,1.38,34.41,65.59,16.62,28.35,0.0,-41.4,-7.6,22.96,21.96,-41.4,30.9,-29.4,16.62,25.87,-43.99,1.95,-35.2,-2.59,-1.83,13609271.0,6.86,10.31,15.49,2.0,8.3,False,6,,1.0,8.0,False,2023,0.69,0.39,-0.01,16.6200008392334,False,False,False,3.986364882067947,6.972957899142664,24.35839186184522,32.937487677128416,16.769460360016918,20.30976617850961,11.89908957517084,22.64714194665663,,,,6,False,8.3,,,n/d,n/d,,,,False,False,,,Em Baixa,17.748916625976562,-6.360477152114907,-42.18104844203663,False,False,False,sem sinal (Em Baixa; sem novo topo (-6.4%))
ALOS3,BOVA11+SMALL11+DIVO11,BOVA11,Imobiliário,51.42,47.66,72.72727272727273,,,0.8,,49.07,57.35,24.71,63.01,False,71,Não,Bandeira de alta,"Bandeira de alta (pré-confirmação) — pescoço R$29.41, preço 1.0% abaixo do pescoço; falta fechar acima e segurar",False,3,8,False,,True,,False,True,False,True,True,True,8,11,False,False,False,True,True,False,True,False,True,False,False,0.56,True,14564110336.0,15.71,1.14,11.39,6.65,7.27,9.51,6.39,31.4,5.56,3.4,7.32,0.72,0.56,0.26,104.42,60.8,15.0,3.66,0.27,46.56,50.55,21.16,31.76,37.6,-8.3,8.3,26.61,26.56,-21.8,26.2,11.8,24.84,31.76,-2.79,1.65,17.7,-2.22,0.64,149254462.0,27.28,38.18,53.44,6.9,4.1,True,8,,37.0,4.4,True,2023,1.21,0.8,0.08,29.1200008392334,False,False,False,14.076399092348762,26.472711841417187,25.352416492135603,32.639396796199094,55.607894664354035,28.334985192186366,22.836308742161393,58.4099716822508,32.96626056288166,27.403848516801776,24.6634636651216,8,True,4.1,-15.304042052455923,13.20830910988915,n/d,n/d,,,,False,False,,,Em Alta,29.42807960510254,-1.046887088805215,-9.30736792415836,False,False,False,sem sinal (Em Alta)
GGPS3,SMALL11,SMALL11,Bens Industriais,50.88,50.23,54.54545454545455,,,0.7,,60.3,45.1,50.19,17.81,False,72,Não,Fundo duplo,"Fundo duplo (pré-confirmação) — pescoço R$12.96, preço 2.5% abaixo do pescoço; falta fechar acima e segurar",False,5,8,False,,True,,False,False,True,False,True,True,6,11,True,True,False,False,True,True,True,False,False,True,True,0.48,True,9502186496.0,10.38,2.11,2.32,2.32,20.36,19.43,11.88,5.1,6.58,1.03,1.2,2.87,1.38,0.69,24.07,207.7,7.91,7.28,0.78,74.55,25.29,11.0,19.55,14.8,-35.4,2.3,16.2,15.14,-43.7,30.9,-21.4,11.0,19.55,-35.99,1.95,-22.5,-3.02,-1.08,39121283.0,6.65,9.88,14.69,3.8,9.9,False,6,,23.3,17.0,True,,1.12,0.64,0.14,12.630000114440918,False,False,False,2.1298895699208202,4.005566513754316,16.642178036307254,12.801318678996173,21.072830761370426,9.395602678571429,14.990520367043557,11.468418246911591,,,,6,False,9.9,,,n/d,n/d,,,,False,False,,,Em Alta,13.25,-4.679244419313822,-35.72518900951723,False,False,False,sem sinal (Em Alta)
LOGG3,SMALL11+DIVO11,SMALL11,Imobiliário,50.83,48.57,63.63636363636363,,,0.8,,50.81,50.48,19.19,92.47,False,73,Não,,,False,2,8,False,,True,,True,True,True,True,False,False,7,11,False,False,False,True,False,False,True,False,True,False,False,0.58,True,2183194368.0,5.89,0.63,27.41,13.45,10.63,8.83,3.04,136.74,19.77,121.08,302.7,0.52,0.64,2.67,79.24,-33.1,3.81,0.1,0.28,45.7,53.91,16.32,28.1,53.7,-10.8,-0.2,23.85,23.04,-19.2,31.7,11.8,22.17,28.1,-2.79,2.0,33.1,-2.9,0.78,13492673.0,23.37,35.05,52.57,-2.8,3.8,True,7,,4.6,13.2,False,,0.94,0.52,0.16,25.079999923706055,True,False,False,24.538890373192356,29.87513959263333,37.70201489581423,61.75766505775014,66.68175553322165,41.553123121784694,17.595740265945683,,39.95776126290601,37.70201489581423,33.931813406232806,7,True,3.8,35.294312238653006,59.32121764138139,n/d,n/d,,,,False,False,,,Em Alta,25.709999084472656,-2.450405224429142,-12.001640067572527,False,False,False,sem sinal (Em Alta)
MOTV3,BOVA11,BOVA11,Bens Industriais,50.66,53.18,36.36363636363637,,,0.7,,71.89,50.48,24.62,32.88,False,74,Não,Bandeira de alta,"Bandeira de alta (pré-confirmação) — pescoço R$16.50, preço 0.3% abaixo do pescoço; falta fechar acima e segurar",False,6,8,False,,True,,False,False,True,False,True,False,4,11,True,True,False,True,True,False,True,True,True,True,False,1.9,False,33063503872.0,8.57,1.87,5.66,3.34,21.85,19.92,11.72,19.27,6.95,3.69,4.33,1.77,2.45,0.57,28.61,58.4,11.03,6.62,0.44,77.07,22.24,13.02,16.79,26.4,-2.0,15.0,14.54,14.71,-22.1,28.6,15.4,13.08,16.79,0.81,1.8,0.7,-2.86,0.14,255418953.0,13.07,18.87,27.24,1.9,8.8,False,7,,-0.6,4.1,False,2025,1.28,0.78,0.04,16.450000762939453,False,False,False,3.9934401007806586,7.510243802435883,26.253624133271828,19.491531641647203,35.19951141538225,10.38593205872702,23.64807577589429,12.006049191700303,,,,7,False,8.8,,,n/d,n/d,,,,False,False,,,Em Alta,16.690000534057617,-1.4379854010694637,-3.1328597067596275,False,False,False,sem sinal (Em Alta)
SBFG3,SMALL11,SMALL11,Consumo discricionário,50.58,48.28,63.63636363636363,,,0.9,,40.93,87.85,27.5,23.97,False,75,Não,,,False,2,8,False,,True,,False,True,True,True,True,False,7,11,False,False,False,False,True,False,True,False,False,True,False,0.87,True,1766886144.0,4.22,0.55,7.07,2.72,13.07,10.92,8.98,5.0,3.84,3.49,5.35,1.62,1.0,0.36,11.48,185.0,3.48,4.63,0.8,67.87,32.13,7.66,14.95,0.0,-48.8,-21.4,11.46,11.28,-48.8,43.0,-36.4,7.66,14.81,-50.99,2.71,-33.3,-4.29,-1.24,26975648.0,2.7,4.7,8.18,-8.0,17.1,False,6,,7.3,8.2,False,2024,1.64,0.67,0.05,7.659999847412109,False,False,False,1.5153094731457744,2.8497594285289884,24.826784400724158,23.849674150577723,25.938340520283962,6.716268860192848,18.377901966459966,15.076042946900495,,,,6,False,17.1,,,n/d,n/d,,,,False,False,,,Lateral,9.109999656677246,-15.916573698247593,-49.88402113763537,False,False,False,sem sinal (Lateral)
RDOR3,BOVA11+AUVP11,BOVA11,Cuidados de saúde,50.51,48.19,63.63636363636363,,,0.2,,62.49,21.76,51.93,42.47,True,76,Não,Bandeira de alta,"Bandeira de alta (pré-confirmação) — pescoço R$38.12, preço 1.2% abaixo do pescoço; falta fechar acima e segurar",False,6,8,False,,True,,False,False,True,False,True,True,7,11,True,True,True,False,True,True,True,False,True,True,True,0.68,True,81799479296.0,17.49,4.07,10.92,4.01,23.26,13.61,15.63,8.35,7.36,1.12,0.99,2.9,2.51,2.52,70.11,22.9,13.98,6.35,0.64,79.71,18.16,32.33,44.66,16.5,-15.7,7.5,38.03,37.97,-27.6,32.2,-6.1,32.33,44.66,-20.69,2.03,-7.6,-3.02,-0.31,238182223.0,24.55,37.08,56.0,7.6,2.7,True,8,,34.3,10.2,True,2023,1.2,0.65,0.05,37.650001525878906,False,False,False,10.975978023492333,20.641919960309774,29.44281644252505,21.167235801662525,23.595834336392123,22.66836332792669,15.434061107575586,28.20412068136469,21.516291210156098,21.917799564794606,19.726019608315145,8,True,2.7,-47.606855753362,-42.85181849098526,n/d,n/d,,,,False,False,,,Em Alta,38.40999984741211,-1.9786470308575388,-16.243982410081724,False,False,False,sem sinal (Em Alta)
HYPE3,BOVA11+SMALL11,BOVA11,Cuidados de saúde,50.47,51.35,45.45454545454545,,,0.2,,58.11,38.58,57.58,40.41,True,77,Não,Fundo triplo,"Fundo triplo (pré-confirmação) — pescoço R$21.84, preço 12.8% acima do pescoço; falta fechar acima e segurar",False,4,8,False,,True,,False,False,True,True,True,False,5,11,False,True,False,True,False,True,True,False,True,True,True,0.42,True,17339420672.0,9.93,1.2,4.27,3.87,12.1,12.72,10.74,19.82,8.22,2.25,2.88,1.86,0.53,1.33,38.42,4.5,7.66,6.31,0.5,50.22,49.77,19.85,26.59,24.1,-7.4,13.7,22.41,22.43,-25.3,31.1,8.1,19.85,25.56,-6.49,1.96,-3.8,-2.95,-0.05,75849629.0,17.74,26.53,39.68,3.3,4.9,True,7,,0.7,3.4,False,,1.02,0.58,0.05,24.6299991607666,False,False,False,6.930665339219924,13.034122234726501,33.92495742508864,33.84467973568645,28.078333966802344,25.068405656905178,18.574740257600414,14.632171511371675,23.879630112597315,25.068405656905178,22.56156509121466,7,True,4.9,-8.398027365127858,-3.046565463812756,n/d,n/d,,,,False,False,,,Em Alta,24.989999771118164,-1.4405786860695713,-8.112651446840392,False,False,False,sem sinal (Em Alta)
EGIE3,BOVA11,BOVA11,Serviços públicos,50.32,51.18,45.45454545454545,,,0.1,,77.59,25.18,19.39,60.96,True,78,Não,,,False,6,8,False,,True,,False,False,True,False,True,False,5,11,True,True,True,True,True,False,True,False,True,True,True,1.43,True,41075064832.0,10.37,2.74,3.11,6.54,26.37,32.12,11.59,28.94,8.78,3.56,4.23,1.09,2.06,1.22,67.86,270.0,11.29,6.68,0.19,74.84,23.06,27.05,37.14,7.2,-21.9,-6.4,30.53,30.76,-26.9,26.3,-3.7,27.15,37.14,-18.29,1.66,0.4,-2.54,-0.35,102661957.0,20.88,29.28,41.07,3.7,3.1,True,8,,2.6,14.6,False,,0.95,0.63,0.05,29.0,False,False,False,13.800720301045239,25.95425785648185,38.24929231343516,25.806232003209857,42.003698441357145,42.12077140092844,22.77760917708785,27.443351823372183,29.769491664614712,26.698804839927014,24.028924355934315,8,True,3.1,-17.141640151950643,2.6534195331541888,n/d,n/d,,,,False,False,,,Lateral,31.0,-6.451612903225811,-23.800797810358066,False,False,False,sem sinal (Lateral)
SBSP3,BOVA11+AUVP11,BOVA11,Serviços públicos,50.18,49.41,54.54545454545455,,,0.1,,69.95,30.57,40.16,22.6,True,79,Não,Bandeira de alta,"Bandeira de alta (pré-confirmação) — pescoço R$27.94, preço 3.7% abaixo do pescoço; falta fechar acima e segurar",False,7,8,False,,True,,False,False,True,False,False,True,6,11,True,True,True,True,False,True,True,True,True,True,True,0.76,True,94596358144.0,11.79,2.1,2.52,2.57,17.8,17.28,12.72,19.67,8.5,2.25,2.43,1.47,1.14,0.95,30.29,-33.9,11.15,7.77,0.3,59.31,40.69,23.12,35.21,16.4,-23.6,-3.1,27.49,27.8,-33.8,27.4,1.8,23.31,35.21,-12.79,1.73,2.3,-2.41,-0.02,579472816.0,20.76,29.54,42.02,4.9,6.8,True,6,,20.0,5.4,True,2024,1.11,0.7,0.08,26.899999618530273,False,False,False,5.026099678535198,9.452310040600066,31.20632531192874,25.64348125963335,34.17265528527517,11.743117636069151,24.324979602363435,26.899999618530277,25.665093118966684,26.271740439081814,23.644566395173634,6,True,6.8,-12.101982414580071,-4.590730546750321,n/d,n/d,,,,False,False,,,Em Alta,27.940000534057617,-3.722265195591634,-23.8348745280233,False,False,False,sem sinal (Em Alta)
CSMG3,BOVA11+SMALL11+DIVO11,BOVA11,Serviços públicos,50.12,47.73,63.63636363636363,,,0.1,,62.99,16.49,34.2,84.25,True,80,Não,,,False,5,8,False,,True,,False,False,True,False,False,True,7,11,True,True,True,False,False,True,True,False,True,True,True,0.9,True,21730889728.0,16.85,2.46,3.48,10.32,14.6,15.68,11.59,14.88,9.12,2.77,3.28,1.22,1.06,,173.89,-21.2,11.88,6.35,0.28,51.64,48.36,31.64,67.15,81.1,-14.6,-0.3,53.33,50.12,-20.9,32.2,34.4,41.72,67.15,19.81,2.03,73.4,-2.83,1.58,217927084.0,69.11,104.05,156.65,7.4,6.8,True,6,,10.5,5.7,True,,0.89,0.48,0.11,57.310001373291016,False,False,False,43.01264061087447,63.08520622928256,36.2793282679587,42.223494328363685,,33.8014680094549,9.251228708329467,51.71722286977179,45.019893385951015,42.61806746961908,38.35626072265717,6,True,6.8,-33.07230884043763,-21.444961948766817,n/d,n/d,,,,False,False,,,Lateral,56.99278259277344,0.5565946530180499,-15.115523335343505,False,False,False,sem sinal (Lateral)
BRBI11,SMALL11+DIVO11,SMALL11,Produtos financeiros,49.1,54.24,20.0,20.63,,0.4,,32.81,42.28,100.0,89.04,False,81,Não,Bandeira de alta,"Bandeira de alta (pré-confirmação) — pescoço R$14.87, preço 1.2% abaixo do pescoço; falta fechar acima e segurar",False,3,5,False,,True,,False,False,True,,False,False,2,10,True,True,False,,False,,,True,True,True,True,,True,,9.67,1.9,9.39,11.85,19.7,21.77,1.85,0.0,,,,,,,114.55,-22.4,7.23,0.94,0.23,95.52,4.48,11.74,20.71,25.1,-29.1,1.4,17.68,16.85,-43.3,35.2,-21.7,11.74,20.71,-36.29,2.22,-20.8,-3.31,-0.54,3992313.0,8.37,13.13,20.57,3.1,2.5,True,4,,50.1,67.6,False,,0.99,0.49,0.0,14.6899995803833,False,False,False,12.656130237414436,18.56232434820784,16.204067100043627,16.256348646354667,,7.333333333333334,4.132037110511126,,13.688963754749809,14.43009866872903,12.987088801856128,4,True,2.5,-11.592313323148096,-6.8144033643830255,n/d,n/d,,,,False,False,,,Em Alta,14.869999885559082,-1.2104929829258926,-30.629510309354714,False,False,False,sem sinal (Em Alta)
CPLE3,BOVA11+DIVO11,BOVA11,Serviços públicos,49.09,43.31,81.81818181818181,,,0.1,,46.73,29.52,35.15,78.77,True,82,Não,Bandeira de alta,"Bandeira de alta (pré-confirmação) — pescoço R$16.10, preço 2.8% abaixo do pescoço; falta fechar acima e segurar",False,5,8,False,,True,,False,False,True,True,True,True,9,11,False,True,True,False,True,True,True,False,True,False,True,0.9,True,46474403840.0,14.89,1.93,6.79,9.13,12.99,9.34,9.82,11.41,9.52,2.97,4.16,1.3,0.98,0.3,135.88,50.0,14.73,5.45,0.3,61.78,38.29,10.61,16.67,47.5,-6.1,4.8,14.4,13.88,-17.9,25.8,30.9,11.94,16.67,16.31,1.63,30.3,-2.68,0.88,288124546.0,15.67,21.82,30.38,6.6,3.8,True,8,,8.3,15.3,False,2023,1.13,0.76,0.05,15.649999618530273,False,False,False,10.386904102334267,19.534080940841537,14.37552771562823,13.847761879262146,31.531228244184565,8.309775831960696,12.94882439894513,13.21249821666464,15.518325166227651,13.530130047963393,12.177117043167055,8,True,3.8,-22.19094351447253,-0.8413703227616365,n/d,n/d,,,,False,False,,,Em Alta,16.139999389648438,-3.0359342605206674,-7.241655912972078,False,False,False,sem sinal (Em Alta)
ASAI3,BOVA11+SMALL11,BOVA11,Bens de primeira necessidade,48.83,49.43,45.45454545454545,,,0.0,,63.95,59.71,24.53,8.22,True,83,Não,Fundo duplo,"Fundo duplo (pré-confirmação) — pescoço R$9.00, preço 13.8% acima do pescoço; falta fechar acima e segurar",False,5,8,False,,True,,False,False,True,False,True,False,5,11,True,True,True,False,True,False,True,False,False,True,True,3.56,False,13677230080.0,14.37,2.19,1.02,0.83,15.21,17.56,21.18,1.24,3.03,3.72,2.41,1.12,4.25,1.07,11.96,123.2,10.69,6.76,0.42,88.39,11.61,7.01,10.34,46.2,-1.0,18.1,8.61,8.63,-29.8,47.5,42.5,7.04,10.34,27.91,2.99,-16.2,-4.48,-0.0,118887041.0,5.72,10.5,19.28,6.3,16.4,False,4,,12.3,4.7,True,,1.69,0.62,-0.02,10.239999771118164,False,False,False,0.6198037188864296,1.165630864873511,9.74646980257728,8.658462184041118,10.135400144483878,2.570595192718879,8.045356624915113,,,,,4,False,16.4,,,n/d,n/d,,,,False,False,,,Em Alta,10.34000015258789,-0.9671216633850732,-2.9383925498782992,False,False,False,sem sinal (Em Alta)
GOAU4,BOVA11+SMALL11,BOVA11,Materiais,48.69,50.86,36.36363636363637,,,1.0,,29.47,73.29,59.72,73.29,False,84,Não,Bandeira de alta,"Bandeira de alta (pré-confirmação) — pescoço R$11.63, preço 4.3% abaixo do pescoço; falta fechar acima e segurar",False,4,8,False,,True,,False,False,False,True,True,False,4,11,False,False,True,False,True,True,True,False,False,True,True,0.5,True,14721517568.0,18.53,0.77,3.44,8.57,4.13,12.06,10.0,1.14,2.12,0.99,1.35,2.88,0.28,0.25,158.86,73.2,5.48,5.06,1.04,34.12,23.4,6.85,11.7,62.5,-4.9,7.5,9.39,9.23,-25.3,29.0,28.0,7.68,11.7,13.41,1.83,45.1,-2.64,1.35,108428188.0,12.51,18.12,26.25,7.9,6.4,True,7,,-5.4,4.2,False,,0.93,0.56,0.07,11.130000114440918,False,False,False,6.9397032134863865,13.051119269234075,8.21530917348145,13.976658554316101,18.019428139947518,6.1112762116739185,7.399978489471782,39.08059612225602,10.530496150230176,8.21530917348145,7.393778256133304,7,True,6.4,-33.56892919938026,-5.386378778495238,n/d,n/d,,,,False,False,,,Em Alta,11.699999809265137,-4.871792342875425,-5.517823711922343,False,False,False,sem sinal (Em Alta)
SMTO3,SMALL11,SMALL11,Bens de primeira necessidade,48.37,52.09,27.272727272727273,,,0.0,,44.39,77.06,47.11,34.25,True,85,Não,Fundo duplo,"Fundo duplo (pré-confirmação) — pescoço R$16.37, preço 7.6% acima do pescoço; falta fechar acima e segurar",False,3,8,False,,True,,False,False,True,False,False,False,3,11,False,True,False,False,False,True,True,False,True,True,True,0.99,True,5684037632.0,7.21,0.79,1.23,3.4,11.0,14.59,6.36,11.43,3.7,2.38,5.13,3.16,1.65,0.87,24.48,-39.3,9.12,3.45,0.45,68.55,31.45,12.82,21.21,37.4,-17.0,5.2,15.9,16.22,-34.0,44.7,20.7,13.89,21.21,6.11,2.82,7.5,-4.2,-0.05,38357827.0,10.16,17.9,31.54,-0.1,10.5,False,6,,3.9,3.8,True,2025,0.62,0.24,0.03,17.610000610351562,False,False,False,4.348304895191369,8.17761856095667,33.40629170412537,35.00011344902171,28.582578446959047,11.147138953716327,19.629066375606104,45.52267927171647,,,,6,False,10.5,,,n/d,n/d,,,,False,False,,,Lateral,21.190000534057617,-16.894760894187343,-17.699365517584887,False,False,False,sem sinal (Lateral)
IRBR3,SMALL11+Carteira,SMALL11,Insurance,48.35,48.06,50.0,,2.87,0.3,,17.01,71.19,100.0,26.03,False,86,Não,Fundo duplo,"Fundo duplo (pré-confirmação) — pescoço R$57.45, preço 3.3% acima do pescoço; falta fechar acima e segurar",False,1,6,False,,False,,False,,False,,False,True,4,8,False,False,False,,False,,True,False,True,False,True,,True,4814932992.0,-33.01,0.91,2.66,2.9,-2.76,2.79,0.0,4.89,,,,,,,,-23.0,6.81,2.3,,66.23,33.77,44.91,63.43,32.1,-6.5,9.2,52.46,52.74,-21.4,32.4,16.7,49.05,63.43,2.11,2.04,12.3,-2.94,0.42,58849431.0,48.95,74.06,112.04,,2.1,True,3,,,-14.5,,2024,1.05,0.57,0.06,59.31999969482422,False,False,False,12.517916855090645,18.35961138746628,,,,26.3277,,,19.06840941418564,18.35961138746628,16.523650248719655,3,True,2.1,-72.1448915479995,-67.85500756526572,2026-11-12,2026-07-01,última,"A análise fundamentalista do IRB Brasil (IRBR3) revela uma empresa em profunda reestruturação, onde a baixa qualidade operacional contrasta com múltiplos de preço aparentemente descontados. O retorno sobre o patrimônio líquido (ROE) negativo de -2,8% e o retorno sobre o capital investido (ROIC) nulo de 0,0% situam-se drasticamente abaixo dos pares do setor de seguros, que registram médias de 34,3% e 19,5%, respectivamente, sugerindo severa ineficiência na alocação de capital e na geração de valor. Essa fragilidade na rentabilidade convive com um indicador Preço/Valor Patrimonial (P/VP) de 0,91, abaixo da unidade, e um Preço/Lucro (P/L) negativo de -33,01, confirmando que o aparente desconto patrimonial reflete a ausência de lucros consistentes e a destruição de valor recente. No âmbito do crescimento, a receita apresenta uma contração severa com taxa de crescimento anual composta (CAGR) de cinco anos em -23,0%, muito pior que a média setorial de -2,5%, sendo que a análise por janelas temporais aponta uma queda de -14,5% no último ano, o que configura um cenário de retração contínua que o investidor deve monitorar de perto. Adicionalmente, o ano de 2024 apresentou variações atípicas nos resultados, o que demanda uma checagem manual detalhada por parte do analista para isolar possíveis eventos contábeis não recorrentes de perdas operacionais definitivas. Diante desse quadro de lucros pressionados, o rendimento de dividendos (DY) de 2,66% mostra-se tímido e pouco sustentável no longo prazo, uma vez que a geração de caixa e o resultado líquido atual não oferecem suporte para distribuições robustas sem comprometer a solvência. No checklist de critérios de qualidade e segurança, o papel atendeu a apenas um de seis requisitos possíveis, falhando em superar a taxa Selic ou as médias setoriais, o que evidencia o elevado risco da tese de investimento. Sob a ótica do valuation, os modelos teóricos de preço-teto apresentam dispersão, com o método de Bazin apontando R$ 12,52 e o de Gordon R$ 18,36, resultando em uma média de R$ 19,07 e um valor ajustado com margem de segurança de R$ 16,52, o que gera um expressivo potencial de desvalorização (upside negativo) de -72,1% frente à cotação atual de R$ 59,32. Como prós, destacam-se a excelente nota de segurança financeira e o valuation patrimonial descontado; como contras, pesam a rentabilidade negativa, a forte retração histórica de receita e a expressiva distância do preço atual em relação ao preço-teto calculado.

Gatilho de falseamento: a apresentação de um retorno sobre o patrimônio líquido (ROE) acima de 0,0% no fechamento do próximo ano fiscal invalidaria a premissa de incapacidade de geração de lucro e destruição contínua de valor sob a qual esta análise se apoia.",,False,True,57.62,2.95,Em Alta,63.43000030517578,-6.479584724227394,-8.80861350978639,False,False,False,sem sinal (Em Alta)
BEEF3,BOVA11+SMALL11,BOVA11,Bens de primeira necessidade,48.24,53.55,18.181818181818183,,,0.0,,66.77,58.58,27.54,33.56,True,87,Bandeira de alta,,,False,5,8,False,,False,,False,False,True,False,False,False,2,11,True,True,True,False,False,True,True,False,False,True,True,9.15,False,4016455424.0,8.84,2.57,4.83,3.38,29.04,144.02,16.55,0.8,3.83,2.98,2.48,1.43,13.46,0.59,29.9,-57.5,6.67,5.34,0.65,95.87,2.86,3.04,7.18,33.2,-43.6,7.9,4.26,4.81,-57.7,43.6,-24.0,3.04,6.25,-38.59,2.75,-34.6,-4.87,-1.1,86455993.0,1.48,2.61,4.59,2.2,13.5,False,5,,21.0,60.9,False,2023,0.83,0.33,-0.0,4.050000190734863,False,False,False,0.9962015498862993,1.8735016244635885,6.266238800436367,4.030450656094878,8.421693910855156,3.760485277130923,5.64434415722325,13.466224252824595,,,,5,False,13.5,,,n/d,n/d,,,Bandeira de alta,False,False,,,Em Alta,4.130000114440918,-1.9370441038567443,-44.632921790176695,False,True,False,"Bandeira de alta — mastro +36%, recuo 29%, bandeira 7d (candidato)"
FESA4,SMALL11,SMALL11,Materiais,47.82,51.45,27.272727272727273,,,1.0,,27.63,70.67,72.16,69.18,False,88,Não,Bandeira de alta,"Bandeira de alta (pré-confirmação) — pescoço R$5.64, preço 2.1% abaixo do pescoço; falta fechar acima e segurar",False,2,8,False,,True,,False,False,False,True,False,False,3,11,False,False,False,False,False,True,True,False,False,True,True,-0.12,True,1870549120.0,13.22,0.59,11.76,8.07,4.49,15.62,3.69,6.78,3.76,-3.62,-9.04,3.61,0.12,,106.7,-76.0,3.94,-1.74,1.53,26.31,73.65,4.8,8.69,15.0,-36.5,-6.7,6.78,6.72,-44.8,36.7,-18.8,4.8,8.69,-33.39,2.31,-14.9,-3.42,-0.47,8826014.0,3.11,4.98,7.99,5.8,8.3,False,6,,-9.4,4.4,False,,1.18,0.57,-0.01,5.519999980926514,False,False,False,3.2403228264018087,4.752473478722653,4.453857775835815,9.375374008195719,,5.225440763076465,1.135733732838133,6.425546168078377,,,,6,False,8.3,,,n/d,n/d,,,,False,False,,,Em Alta,5.889999866485596,-6.281831815725503,-37.97752564580363,False,False,False,sem sinal (Em Alta)
ANIM3,SMALL11,SMALL11,Consumo discricionário,47.24,47.56,45.45454545454545,,,0.9,,44.09,68.23,23.87,58.9,False,89,Bandeira de alta,,,False,4,8,False,,False,,False,False,False,False,True,True,5,11,True,False,True,False,True,False,True,False,False,False,False,1.75,False,1133580544.0,7.88,0.5,2.59,6.45,6.36,-2.07,14.6,3.71,3.24,3.35,3.15,1.49,2.02,2.52,50.83,205.2,4.06,6.53,0.35,72.15,22.61,1.93,5.17,55.4,-42.0,7.7,3.35,3.45,-62.7,68.5,-7.1,1.93,5.17,-21.69,4.32,-21.8,-5.79,-0.06,19714943.0,1.03,2.58,6.45,0.9,5.4,True,6,,4.1,5.8,False,,2.0,0.51,0.08,3.0,False,False,False,1.407370165061756,1.8786556375889816,3.6959933318524496,7.169096113618119,3.6463283654757213,1.336821187265214,1.7975007309928561,,2.29377823637283,1.8380781842909188,1.654270365861827,6,True,5.4,-44.85765447127243,-23.54072545423901,n/d,n/d,,,Bandeira de alta,False,False,,,Em Alta,3.049999952316284,-1.639342724524051,-43.272970547461455,False,True,False,"Bandeira de alta — mastro +58%, recuo 17%, bandeira 7d (candidato)"
PRIO3,BOVA11,BOVA11,Energia,47.13,44.86,60.0,,,0.9,,59.07,43.49,34.28,5.48,False,90,Não,Bandeira de alta,"Bandeira de alta (pré-confirmação) — pescoço R$62.38, preço 2.7% abaixo do pescoço; falta fechar acima e segurar",False,3,8,False,,True,,False,,True,True,True,False,6,10,False,False,False,True,True,False,True,False,True,True,True,0.77,True,48415526912.0,13.69,1.88,0.0,0.18,13.71,30.11,10.92,18.11,5.78,1.73,2.17,1.34,0.9,1.02,2.43,189.4,6.68,6.59,0.25,59.83,40.17,34.2,72.1,77.5,-15.8,0.2,56.55,53.05,-27.7,35.4,45.4,40.82,72.1,30.81,2.23,59.6,-3.42,1.11,537544980.0,61.6,97.02,152.82,6.0,77.4,False,5,,34.8,8.5,True,2023,0.12,0.06,-0.01,60.709999084472656,False,False,False,0.7834896915100367,1.473466097259198,60.65420865669879,56.7637183731396,60.10863909437053,2.035679874241431,50.02807454446415,21.18174514316966,,,,5,False,77.4,,,n/d,n/d,,,,False,False,,,Lateral,65.68000030517578,-7.56699329721452,-16.81283051255876,False,False,False,sem sinal (Lateral)
SAUD3,DIVO11+AUVP11,SMALL11,Healthcare,46.44,43.41,63.63636363636363,,,0.2,,49.63,9.54,65.73,55.48,True,91,Não,Fundo duplo,"Fundo duplo (pré-confirmação) — pescoço R$13.72, preço 1.6% acima do pescoço; falta fechar acima e segurar",False,6,8,False,,True,,False,False,False,True,False,True,7,11,False,True,True,False,True,True,True,True,True,True,True,-0.69,True,40753135616.0,38.68,2.18,0.89,6.04,5.63,39.67,4.59,9.86,21.02,-7.41,-18.52,1.06,0.01,,233.73,-19.6,8.31,5.03,0.66,34.2,65.77,10.45,16.09,33.4,-13.4,-1.7,13.2,13.18,-21.2,36.0,25.1,10.45,16.09,10.51,2.27,10.2,-2.81,0.06,112633507.0,9.66,15.3,24.25,10.9,14.8,False,6,,9.3,6.1,True,2023,0.82,0.4,0.01,13.9399995803833,False,False,False,6.126222363167019,8.985126132644963,3.8441915423325197,7.20082970467291,,14.516166036785778,0.9802688432947927,6.319828367061215,,,,6,False,14.8,,,n/d,n/d,,,,False,False,,,Lateral,15.5,-10.064518836236768,-15.409258331940013,False,False,False,sem sinal (Lateral)
GGBR4,BOVA11,BOVA11,Materiais,46.24,47.98,36.36363636363637,,,1.0,,33.0,59.22,59.44,64.38,False,92,Não,Bandeira de alta,"Bandeira de alta (pré-confirmação) — pescoço R$25.80, preço 4.1% abaixo do pescoço; falta fechar acima e segurar",False,4,8,False,,True,,False,False,False,True,True,False,4,11,False,False,True,False,True,True,True,False,False,True,True,0.18,True,48515366912.0,21.87,0.91,3.23,7.05,4.18,12.63,10.03,3.22,5.31,0.97,1.33,2.87,0.28,0.3,154.14,73.5,8.61,5.03,1.04,34.14,65.6,15.99,26.1,54.6,-5.2,4.9,21.21,21.03,-26.3,28.6,23.4,17.08,26.1,8.81,1.8,41.7,-2.53,1.16,222902088.0,26.32,37.94,54.68,8.8,2.9,True,8,,-5.4,4.2,False,2025,0.88,0.54,0.03,24.729999542236328,False,False,False,12.676044072185002,23.839140948657597,15.466052783911088,26.29482469124161,33.92318181376725,11.693289039877385,13.931119998187086,22.79138227753329,20.076879453170037,19.12871753072219,17.215845777649974,8,True,2.9,-30.38477114305216,-18.8156901544589,n/d,n/d,,,,False,False,,,Em Alta,26.100000381469727,-5.249045284329046,-5.898025509553473,False,False,False,sem sinal (Em Alta)
ECOR3,SMALL11,SMALL11,Bens Industriais,45.88,41.14,72.72727272727273,,,0.7,,47.82,47.73,27.81,21.23,False,93,Não,Bandeira de alta,"Bandeira de alta (pré-confirmação) — pescoço R$8.73, preço 2.3% acima do pescoço; falta fechar acima e segurar",False,2,8,False,,True,,False,True,True,False,False,True,8,11,False,True,False,False,False,False,True,False,False,True,False,5.91,False,6211897856.0,11.39,1.51,3.39,2.53,13.28,19.86,11.52,4.59,5.4,4.62,5.52,2.52,6.64,1.2,28.77,-89.7,14.4,6.86,0.19,88.21,11.06,5.87,11.74,52.1,-23.9,20.9,8.1,8.49,-50.0,44.5,-11.8,5.87,11.74,-26.39,2.8,-10.1,-3.96,0.24,69244906.0,5.83,10.32,18.27,4.6,10.1,False,5,,23.9,16.7,True,2023,1.85,0.73,0.07,8.930000305175781,False,False,False,1.6404258598832107,3.0850589558448767,10.723385339133168,10.213918710155552,9.396703505940044,1.8589676921614886,6.879022224759124,16.63669997630936,,,,5,False,10.1,,,n/d,n/d,,,,False,False,,,Em Alta,8.729999542236328,2.2909596039706104,-25.163321129127812,False,False,False,sem sinal (Em Alta)
OPCT3,SMALL11,SMALL11,Bens Industriais,45.61,41.31,70.0,,,0.7,,60.1,20.48,40.25,10.96,False,94,Não,,,False,6,8,False,,False,,False,,True,False,True,True,7,10,True,True,True,False,True,True,True,False,False,False,True,0.66,True,4042794752.0,24.09,3.9,0.48,0.98,16.21,1.49,14.93,6.99,7.01,2.17,2.0,2.22,1.92,1.94,23.59,486.7,19.36,8.23,0.53,70.86,29.16,7.35,11.4,15.9,-25.3,-17.8,9.41,9.32,-25.3,33.5,3.9,8.2,11.4,-10.69,2.11,30.9,-2.94,-0.01,14796705.0,5.97,9.2,14.17,9.2,11.3,False,6,,21.1,24.0,False,2025,0.9,0.47,0.01,8.520000457763672,False,False,False,0.6066968686611038,1.1409815304174953,4.837344091500685,4.169463474291138,4.7270880504636175,1.8125704659562882,3.765704505094535,6.866369543691011,,,,6,False,11.3,,,n/d,n/d,,,,False,False,,,Em Baixa,11.359999656677246,-24.999993703734514,-27.241670110943026,False,False,False,sem sinal (Em Baixa; sem novo topo (-25.0%))
QUAL3,SMALL11,SMALL11,Cuidados de saúde,45.57,50.4,18.181818181818183,,,0.2,,52.0,73.28,37.25,12.33,True,95,Não,,,False,5,8,False,,False,,False,False,False,True,True,False,2,11,True,False,True,False,True,True,False,True,False,False,True,0.59,True,455423104.0,17.53,0.34,0.56,1.25,1.96,0.44,22.61,1.9,1.48,2.45,1.49,0.58,0.89,11.46,21.92,60.1,3.29,5.32,0.47,66.78,32.76,1.39,2.71,15.8,-40.5,-2.5,1.99,2.0,-48.6,58.6,-29.9,1.39,2.62,-44.49,3.69,-28.6,-5.67,-0.55,6165487.0,0.53,1.13,2.39,7.6,21.4,False,6,,-9.9,-7.5,False,,1.9,0.56,0.11,1.6100000143051147,False,False,False,0.14642901276138454,0.1672884204131808,0.763097466595508,3.1281438945097286,0.25540326545938424,0.5415041925187054,0.33976298017408174,,,,,6,False,21.4,,,n/d,n/d,,,,False,False,,,Em Alta,1.7100000381469727,-5.847954480177798,-42.618247849865284,False,False,False,sem sinal (Em Alta)
RANI3,SMALL11+DIVO11,SMALL11,Materiais,45.45,48.66,27.272727272727273,,,1.0,,48.05,47.79,36.75,77.4,False,96,Não,,,False,3,8,False,,True,,False,False,False,False,False,False,3,11,False,True,True,False,False,False,True,False,False,True,True,0.8,True,1786004864.0,13.87,1.25,5.16,9.02,9.03,25.63,11.69,7.65,5.02,2.42,2.84,2.1,1.38,,125.07,-70.2,5.49,4.4,0.56,63.24,36.76,7.56,9.51,3.0,-18.1,-1.1,8.17,8.29,-20.5,23.3,-6.5,7.56,9.51,-21.09,1.47,-1.4,-2.14,-0.49,5121120.0,5.77,7.77,10.46,6.1,5.8,True,6,,-0.0,8.4,False,,0.62,0.46,0.03,7.789999961853027,False,False,False,5.108839860271461,7.4929651283981435,5.990867550571903,8.874328022945544,,4.907844434247283,1.5276712253958356,7.6403707877636515,6.669202630699664,6.741916339485023,6.067724705536521,6,True,5.8,-22.108796723367686,-14.387642318893622,n/d,n/d,,,,False,False,,,Lateral,8.050000190734863,-3.229816431322363,-19.718833767483936,False,False,False,sem sinal (Lateral)
RADL3,BOVA11,BOVA11,Bens de primeira necessidade,44.87,43.16,54.54545454545455,,,0.0,,62.1,21.79,41.98,13.7,True,97,Não,,,False,6,8,False,,True,,False,False,True,False,True,True,6,11,True,True,True,False,True,True,True,False,False,True,True,1.09,True,32260493312.0,24.08,4.43,2.38,1.45,18.41,18.18,16.71,2.88,6.93,2.06,1.69,1.41,1.18,2.01,34.82,14.4,15.77,7.8,0.84,70.85,29.09,16.14,26.71,14.3,-30.9,-0.7,20.33,20.85,-39.6,36.3,-21.3,16.14,26.71,-35.89,2.29,11.1,-3.58,-0.03,180516687.0,12.29,19.6,31.25,9.2,7.3,True,7,,15.0,13.8,True,,1.26,0.61,0.15,18.450000762939453,False,False,False,1.9403052354266987,3.649025652431501,10.47958461510868,8.473396774276893,10.301969096832556,7.703049389271466,7.968231816800096,14.171415790245169,8.963810447852337,8.473396774276893,7.626057096849204,7,True,7.3,-58.66635890786694,-51.415663538302084,n/d,n/d,,,,False,False,,,Lateral,20.610000610351562,-10.48034829425104,-31.98701802870555,False,False,False,sem sinal (Lateral)
VALE3,BOVA11+DIVO11+Wishlist,BOVA11,Materiais,44.5,49.14,18.181818181818183,,,1.0,,48.31,40.4,43.68,85.62,False,98,Não,,,False,4,8,False,,True,,False,False,False,True,False,False,2,11,True,False,True,False,False,True,True,False,False,True,True,0.41,True,300712198144.0,30.25,1.6,7.94,10.47,5.27,24.52,18.11,4.76,4.23,1.04,0.79,1.19,0.55,,316.67,-43.5,8.55,7.92,0.39,60.3,38.73,52.77,87.63,33.9,-19.4,-7.1,75.64,73.1,-20.2,26.5,0.4,69.97,87.63,-14.19,1.67,46.5,-2.69,0.67,1576868465.0,66.48,93.36,131.12,10.1,13.7,False,6,,-4.3,0.9,False,,0.85,0.56,-0.09,70.66000366210938,False,False,False,53.795763349295726,78.90045291230041,24.91592415633609,48.177275224165484,,42.5,6.353560659865702,87.03400791507555,,,,6,False,13.7,,,2026-10-29,2026-08-12,última,"A VALE3 apresenta um quadro operacional misto, no qual o ROIC de 18,1% se posiciona significativamente acima da média do setor de 9,2%, sugerindo forte eficiência na alocação de capital, embora o ROE de 5,3% fique ligeiramente abaixo dos pares de 5,6%. Essa qualidade operacional parcial convive com múltiplos de preço elevados, visto que o P/L de 30,25 indica que o mercado cobra caro pelos lucros atuais, enquanto o P/VP de 1,6 aponta para um prêmio patrimonial moderado. No âmbito financeiro, a excelente rentabilidade medida pelo ROIC é sustentada por um endividamento muito controlado, com a relação Dívida Líquida/EBITDA de 1,04 ficando abaixo da média setorial de 1,76, o que confere solidez ao balanço. O dividend yield de 7,94% mostra-se atraente e coerente com a baixa alavancagem financeira, embora a sustentabilidade de longo prazo desses proventos demande atenção frente à margem líquida pressionada de 4,76%. O crescimento histórico é o principal ponto de atenção, dado que o CAGR de receita de 5 anos de -43,5% ficou muito abaixo do setor de 17,4%, com as janelas temporais de 3 anos em -4,3% e de 1 ano em 0,9% evidenciando uma trajetória de forte oscilação que merece checagem manual detalhada para identificar eventos contábeis não recorrentes. Diante disso, o crescimento implícito de 10,1% ao ano embutido no preço atual pelo fluxo de caixa descontado reverso parece bastante exigente quando contrastado com o histórico recente de retração da receita. No checklist de critérios fundamentalistas, a empresa atendeu a apenas 4 de 8 requisitos, penalizada pela ausência de crescimento superior ao setor, margem líquida abaixo do patamar de referência e transações de insiders. Quanto ao valuation, os modelos de preço-teto revelam uma dispersão extrema, variando desde os conservadores R$ 24,92 no fluxo de caixa descontado e R$ 48,18 por Graham, até os mais otimistas R$ 53,80 por Bazin e R$ 78,90 por Gordon, o que exige cautela extra do analista na adoção dessas referências. Como prós, destacam-se o ROIC robusto, a estrutura de capital desalavancada e o fluxo de dividendos consistente; como contras, pesam a forte contração histórica da receita, a margem líquida estreita e o preço atual que embute premissas de crescimento otimistas para o momento de baixa técnica do papel.

Gatilho de falseamento: margem líquida abaixo de 4,0% no próximo resultado trimestral divulgado pela companhia.",,True,False,,,Em Baixa,80.80000305175781,-12.549503721123735,-20.712988705987122,False,False,False,sem sinal (Em Baixa; sem novo topo (-12.5%))
BBAS3,BOVA11+DIVO11+Carteira,BOVA11,Produtos financeiros,44.34,48.24,22.22222222222222,14.56,,0.4,,37.76,55.26,50.86,72.6,False,99,Não,Bandeira de alta,"Bandeira de alta (pré-confirmação) — pescoço R$23.25, preço 7.3% abaixo do pescoço; falta fechar acima e segurar",False,2,6,False,,True,,False,False,False,,False,False,2,9,False,False,False,,False,,True,True,True,True,True,,True,122969137152.0,8.52,0.68,3.2,8.48,7.99,14.73,0.0,21.83,,,,,,3.85,72.28,-13.8,4.99,0.79,,92.12,7.71,17.71,27.18,21.6,-20.7,5.6,21.28,21.65,-34.8,28.7,1.7,17.71,27.18,-12.89,1.81,-7.6,-2.85,-0.25,794712101.0,15.27,22.08,31.91,1.8,1.7,True,4,,6.1,1.6,True,,1.22,0.74,-0.04,21.540000915527344,False,False,False,13.2902388120769,16.19269221946012,22.402149997705415,42.4485366066857,27.04753145328869,15.691712140499305,10.460032916954253,,16.894198292435433,15.942202179979713,14.347981961981741,4,True,1.7,-33.389130212901506,-21.568256386391017,2026-11-11,2026-09-02,última,"O Banco do Brasil (BBAS3) apresenta um cenário de valuation intrigante, onde múltiplos de preço aparentemente baixos, como o P/L de 8,52 e o P/VP de 0,68, convivem com indicadores de rentabilidade que decepcionam frente aos seus pares, evidenciado pelo ROE de 8,0% e ROIC de 0,0%, ambos significativamente abaixo das médias setoriais de 18,4% e 2,2%, respectivamente. Essa combinação de desconto patrimonial com baixa eficiência operacional sugere que o mercado precifica o papel com desconto justamente pela sua dificuldade em gerar retornos robustos sobre o capital. No campo do crescimento, a receita de longo prazo encolheu com um CAGR de 5 anos de -13,8%, muito abaixo da média setorial de 12,7%, e a análise das janelas temporais mais recentes revela que o avanço de 6,1% em 3 anos desacelerou para apenas 1,6% no último ano, configurando um sinal explícito de perda de fôlego que exige checagem manual detalhada sobre possíveis eventos não recorrentes. O dividend yield de 3,2% mostra-se modesto e condizente com essa dinâmica de rentabilidade pressionada, embora a robusta margem líquida de 21,83% confira sustentabilidade aos proventos distribuídos dentro de uma estrutura de capital típica do setor financeiro. No checklist de critérios fundamentalistas, a empresa atendeu a apenas 2 de 6 requisitos, falhando em superar a taxa Selic ou as médias do setor em termos de ROE e ROIC, o que reforça a necessidade de cautela. Quanto ao valuation, as estimativas de preço-teto mostram uma dispersão acentuada entre os métodos, variando desde os conservadores R$ 13,29 por Bazin e R$ 16,19 por Gordon até os R$ 42,45 por Graham, resultando em uma média de R$ 16,89 e uma mediana de R$ 15,94. Frente ao preço atual de R$ 21,54, o valor ajustado com margem de segurança de R$ 14,35 indica um upside negativo de -33,4%, sugerindo que a cotação atual já embutiu expectativas otimistas. De fato, o crescimento implícito de 1,8% ao ano demandado pelo preço atual via fluxo de caixa descontado reverso parece exigente quando comparado ao histórico recente de retração e forte desaceleração das receitas da companhia. Como prós, destacam-se a elevada margem líquida, o forte desconto sobre o valor patrimonial e a tendência gráfica de alta; como contras, pesam a rentabilidade muito abaixo do setor, o crescimento de receita cadente e a ausência de margem de segurança perante os principais métodos de preço-teto.

Gatilho de falseamento: ROE abaixo de 8,0% no fechamento anual de 2026.",,False,True,22.29,-3.36,Em Alta,23.200000762939453,-7.155171520786563,-21.40345268483238,False,False,False,sem sinal (Em Alta)
RENT3,BOVA11,BOVA11,Bens Industriais,43.55,41.61,54.54545454545455,,,0.7,,52.69,42.69,18.67,34.93,False,100,Bandeira de alta,,,False,2,8,False,,True,,False,False,True,False,True,True,6,11,False,True,False,False,False,False,True,False,False,False,False,1.34,True,42759643136.0,12.71,1.61,5.3,3.47,12.63,7.58,12.27,7.39,5.3,4.1,4.6,1.14,1.71,1.8,44.15,24.5,8.72,6.27,0.33,70.15,29.84,32.03,51.57,20.9,-24.9,-1.0,41.52,41.76,-37.9,39.0,-8.7,32.03,51.57,-23.29,2.46,-6.2,-3.51,-0.09,397957467.0,24.07,39.69,65.45,5.5,6.5,True,7,,32.9,12.1,True,,1.74,0.78,0.12,38.709999084472656,False,False,False,9.779340273900148,18.39146896672189,41.656403674567656,40.59090243102796,32.06283968015968,50.26254797134042,22.033435577791913,63.58992181056366,38.36964573031046,40.59090243102796,36.53181218792517,7,True,6.5,-5.626936058030552,-0.8792388587235078,n/d,n/d,,,Bandeira de alta,False,False,,,Em Alta,38.150001525878906,1.4678834500540638,-26.529213332382838,False,True,False,"Bandeira de alta — mastro +22%, recuo 42%, bandeira 7d (candidato)"
SLCE3,SMALL11,SMALL11,Bens de primeira necessidade,43.42,46.27,27.272727272727273,,,0.0,,51.59,36.41,37.24,65.07,True,101,Não,Bandeira de alta,"Bandeira de alta (pré-confirmação) — pescoço R$17.78, preço 3.4% abaixo do pescoço; falta fechar acima e segurar",False,2,8,False,,True,,False,False,False,False,True,False,3,11,False,False,False,False,True,False,True,False,False,True,True,1.87,True,8520598528.0,22.06,1.58,4.69,7.05,7.16,17.38,10.84,4.41,6.77,4.42,5.6,2.2,1.82,0.91,155.51,24.2,11.71,6.41,0.63,73.5,23.57,12.62,19.32,36.1,-11.1,14.0,14.77,15.28,-34.7,26.1,16.2,12.62,19.32,1.61,1.64,15.2,-2.44,0.35,62325203.0,14.98,20.88,29.12,8.8,2.7,True,8,,0.8,25.1,False,,0.51,0.35,-0.02,17.18000030517578,False,False,False,8.808036448752329,16.564791127814864,10.651771019498918,13.803306411383078,23.363554358806596,9.032508696563744,9.594632990016574,10.099087363206852,12.739711052005369,10.375429191352886,9.337886272217597,8,True,2.7,-45.64676305969335,-25.84568785969519,n/d,n/d,,,,False,False,,,Em Alta,18.43000030517578,-6.782419855136723,-11.8069778804343,False,False,False,sem sinal (Em Alta)
SUZB3,BOVA11,BOVA11,Materiais,43.03,47.41,18.181818181818183,,,1.0,,51.27,62.02,29.78,28.77,False,102,Não,Bandeira de alta,"Bandeira de alta (pré-confirmação) — pescoço R$47.92, preço 4.9% abaixo do pescoço; falta fechar acima e segurar",False,5,8,False,,False,,False,False,True,False,False,False,2,11,True,True,False,True,False,False,True,True,True,True,False,1.68,False,56134537216.0,7.05,1.16,0.01,3.06,16.44,27.73,5.54,17.08,6.33,3.68,9.14,3.38,1.99,0.55,21.59,-64.0,6.26,3.15,0.57,73.83,26.09,39.68,58.97,14.9,-22.7,5.8,47.29,47.23,-32.7,28.3,-12.1,39.68,58.97,-26.69,1.78,-6.6,-2.53,-0.64,297048303.0,29.37,42.02,60.12,-0.4,10.2,False,6,,0.2,5.7,False,2025,0.45,0.28,-0.03,45.58000183105469,False,False,False,10.1536814687443,19.095471923477184,88.42791478548243,75.60352488971084,103.13956762114795,16.00670987161264,70.92070030668631,22.151683270196006,,,,6,False,10.2,,,n/d,n/d,,,,False,False,,,Lateral,48.58000183105469,-6.1753805823907,-23.579833163186482,False,False,False,sem sinal (Lateral)
MOVI3,SMALL11,SMALL11,Bens Industriais,42.55,45.25,27.272727272727273,,,0.7,,46.52,64.87,13.09,54.79,False,103,Não,Bandeira de alta,"Bandeira de alta (pré-confirmação) — pescoço R$8.45, preço 5.6% acima do pescoço; falta fechar acima e segurar",False,5,8,False,,False,,False,False,True,False,True,False,3,11,True,True,True,False,True,False,True,False,False,False,False,5.54,False,3577243648.0,8.29,0.92,7.29,5.83,11.08,3.58,13.78,2.89,3.68,3.65,3.64,0.68,6.43,1.45,48.34,97.0,3.98,6.78,0.22,91.5,8.5,6.5,14.83,37.2,-39.9,2.7,9.57,9.97,-56.2,62.8,-9.9,6.5,14.83,-24.49,3.96,-14.8,-5.96,0.18,54574316.0,4.23,9.43,21.03,1.5,4.1,True,6,,16.4,8.8,True,,2.37,0.66,0.14,8.920000076293945,False,False,False,3.782914910316471,6.851579169891795,14.173324712721328,15.32092329273353,12.433192446821447,14.955070134420929,6.868310596211151,,11.767066725466698,13.303258579771388,11.97293272179425,6,True,4.1,34.225702011078084,31.91778727378267,n/d,n/d,,,,False,False,,,Em Alta,8.59000015258789,3.841675411456613,-40.41416220986912,False,False,False,sem sinal (Em Alta)
NATU3,BOVA11+SMALL11,BOVA11,Bens de primeira necessidade,42.37,45.92,22.22222222222222,,,0.0,P/L=-3.73<2,38.76,69.67,54.26,2.05,True,104,Não,,,False,2,8,False,,False,,,,False,True,False,False,2,9,False,False,False,False,False,True,True,False,False,True,True,0.35,True,9887995904.0,-3.73,0.79,0.0,0.0,-21.11,16.32,10.18,-12.47,4.48,2.58,3.48,1.68,0.54,,,-88.9,7.59,2.55,0.77,55.21,44.79,7.2,10.7,0.0,-32.7,-17.5,8.66,8.75,-32.7,44.7,0.0,7.2,10.7,-14.59,2.82,-9.2,-4.17,-0.79,61341571.0,2.95,5.26,9.36,,1.0,True,1,,18.7,2.6,True,"2023, 2024",1.18,0.43,-0.0,7.199999809265137,,False,False,,,,,,,,12.190264771211927,12.190264771211927,12.190264771211927,10.971238294090735,1,True,1.0,52.378313676795884,69.30923741866208,n/d,n/d,,,,False,False,,,Em Baixa,9.279999732971191,-22.41379292626443,-35.42600846999672,False,False,False,sem sinal (Em Baixa; sem novo topo (-22.4%))
AXIA3,BOVA11+Carteira,BOVA11,Serviços públicos,41.92,38.09,63.63636363636363,,,0.1,,39.09,24.68,49.06,45.21,True,105,Não,Bandeira de alta,"Bandeira de alta (pré-confirmação) — pescoço R$55.15, preço 1.2% abaixo do pescoço; falta fechar acima e segurar",False,3,8,False,,True,,False,False,False,True,True,True,7,11,False,False,False,True,False,True,True,False,True,False,True,0.54,True,124991004672.0,12.99,1.28,2.79,4.28,9.86,5.35,3.25,27.05,15.61,2.95,7.36,2.05,0.63,2.96,55.55,9.7,9.35,3.03,0.39,57.63,42.34,48.24,67.15,12.9,-18.9,2.1,54.49,55.67,-27.0,37.6,8.9,49.43,67.15,-5.69,2.37,8.9,-3.11,0.12,684518839.0,36.47,60.55,100.51,5.6,3.7,True,8,,6.6,2.7,True,,1.41,0.65,0.03,54.470001220703125,False,False,False,16.94139653347554,25.957152273847836,46.725437112767395,63.363489115724214,36.30948566601624,26.759730475235536,23.166793984505038,23.889917089863765,32.889175281429445,26.358441374541684,23.722597237087516,8,True,3.7,-56.44832622461745,-39.619653856499596,2026-11-04,2025-11-17,última,"A análise fundamentalista da AXIA3 revela uma empresa de serviços públicos que opera com indicadores de rentabilidade abaixo de seus pares, com um ROE de 9,9% frente à média setorial de 12,1% e um ROIC de 3,2% contra os 9,6% do setor, sugerindo uma eficiência na alocação de capital aquém do ideal. Essa qualidade moderada convive com múltiplos de preço que não parecem descontados, dado que o P/L de 12,99 e o P/VP de 1,28 não configuram uma pechincha óbvia para o nível de retorno entregue, enquanto a excelente margem líquida de 27,05% contrasta positivamente com esses retornos pressionados. No âmbito financeiro, a rentabilidade contida é compensada por um endividamento controlado, visto que a relação dívida líquida sobre EBITDA de 2,95 vezes está abaixo do limite prudencial e da média setorial de 3,4 vezes, o que, somado a uma liquidez corrente de 2,05, confere robustez ao balanço. O dividendo distribuído de 2,79% mostra-se tímido e coerente com a necessidade de preservação de caixa, embora a sustentabilidade de longo prazo dependa da reversão da trajetória de crescimento. Quanto à expansão, o CAGR de receita de 5 anos de 9,7% situa-se muito abaixo dos 37,6% do setor e, ao analisarmos as janelas temporais de 3 anos para 1 ano (de 6,6% para 2,7%), fica evidente que a receita está desacelerando, um sinal de alerta que exige checagem manual para identificar se a perda de ritmo decorre de eventos regulatórios ou operacionais pontuais. O mercado atualmente precifica um crescimento implícito de 5,6% ao ano via fluxo de caixa descontado reverso, um patamar que se mostra exigente diante da clara desaceleração recente das receitas. Sob a ótica de valuation, a ampla dispersão entre os métodos de preço-teto — variando desde os conservadores R$ 16,94 por Bazin até R$ 63,36 por Graham — resulta em uma média de R$ 32,89 e um preço-teto ajustado com margem de segurança de R$ 23,72, o que aponta para um upside negativo de 56,4% em relação à cotação atual de R$ 54,47. O checklist de critérios confirma esse cenário desafiador ao aprovar apenas 3 dos 8 requisitos avaliados, penalizado principalmente pelas taxas de retorno inferiores à taxa Selic e pela ausência de crescimento superior à média do setor. Em balanço, a AXIA3 destaca-se positivamente por sua sólida estrutura de capital, margem líquida robusta e endividamento menor que o de seus pares, mas traz como contrapartidas uma rentabilidade enfraquecida, desaceleração operacional e um preço de tela que embute prêmios elevados frente aos modelos de fluxo de caixa e dividendos.

Gatilho de falseamento: margem líquida abaixo de 27,05% no próximo resultado anual reportado pela companhia.",,False,True,59.55,-8.53,Em Alta,56.130001068115234,-2.9574199462381157,-19.70813065878656,False,False,False,sem sinal (Em Alta)
USIM5,BOVA11+SMALL11,BOVA11,Materiais,41.38,45.47,18.181818181818183,,,1.0,P/L=-3.70<2,9.76,89.99,71.0,43.84,False,106,Não,,,False,4,8,False,,False,,False,False,False,True,True,False,2,11,False,False,False,False,True,True,True,True,False,False,True,-0.02,True,8444267008.0,-3.7,0.41,0.0,4.14,-11.18,-0.65,4.67,-9.36,3.42,-0.18,-0.44,4.44,0.27,,,301.7,5.16,1.64,1.4,33.58,58.33,4.23,12.04,62.2,-43.0,-18.7,6.67,6.99,-49.6,46.4,14.7,5.98,12.04,0.11,2.92,58.4,-4.35,0.85,78822000.0,5.8,10.48,18.93,,4.8,True,2,,-6.8,1.5,False,2025,0.92,0.34,0.02,6.860000133514404,False,False,False,2.066589125698838,3.886520839620718,,,,,,9.817613577115482,2.9765549826597777,2.9765549826597777,2.6788994843938,2,True,4.8,-60.948987868001836,-56.60998652000204,n/d,n/d,,,,False,False,,,Lateral,7.809999942779541,-12.16389009251435,-43.67816123453372,False,False,False,sem sinal (Lateral)
PNVL3,SMALL11,SMALL11,Bens de primeira necessidade,41.29,35.74,72.72727272727273,,,0.0,,35.2,42.59,35.96,20.55,True,107,Não,Bandeira de alta,"Bandeira de alta (pré-confirmação) — pescoço R$13.26, preço 6.3% abaixo do pescoço; falta fechar acima e segurar",False,4,8,False,,True,,False,False,True,False,True,True,8,11,False,True,False,False,True,False,True,True,False,False,True,0.84,True,1856739200.0,13.58,1.42,2.64,2.49,10.45,8.49,9.66,2.33,5.84,4.17,5.94,1.75,1.07,1.96,33.82,17.6,8.12,4.98,0.9,66.54,33.46,8.82,16.07,41.0,-22.6,5.7,11.75,11.86,-35.3,35.7,5.6,10.4,16.07,-8.99,2.25,26.6,-3.13,0.53,10664799.0,10.25,16.19,25.57,5.9,6.0,True,7,,11.4,11.5,False,,1.43,0.7,0.11,12.430000305175781,False,False,False,2.2511406529642817,4.233596776381213,12.51916986411357,13.426670810475613,8.609772772603742,5.730134258123386,6.541150236026959,12.131628304659932,9.027446146054917,8.609772772603742,7.748795495343368,7,True,6.0,-37.66053656397085,-27.37372546727984,n/d,n/d,,,,False,False,,,Em Alta,13.279999732971191,-6.400598229569665,-23.720241069570356,False,False,False,sem sinal (Em Alta)
FRAS3,SMALL11,SMALL11,Consumo discricionário,41.04,40.26,45.45454545454545,,,0.9,,52.93,16.98,46.25,29.45,False,108,Não,Bandeira de alta,"Bandeira de alta (pré-confirmação) — pescoço R$23.60, preço 0.6% abaixo do pescoço; falta fechar acima e segurar",False,6,8,False,,True,,False,False,True,False,True,False,5,11,True,False,True,False,True,True,True,True,False,True,True,0.6,True,6506281472.0,22.45,2.61,2.63,3.07,11.62,14.99,15.27,5.39,7.56,1.64,1.48,2.41,1.13,6.19,68.81,155.0,14.56,6.92,0.72,65.64,34.06,18.96,25.01,23.8,-6.2,8.5,22.07,22.32,-24.2,26.7,-1.5,18.96,24.94,-16.09,1.68,6.7,-2.58,-0.08,4212962.0,18.07,25.43,35.77,8.9,2.8,True,8,,21.5,38.5,False,,0.78,0.51,0.09,23.459999084472656,False,False,False,5.229514720889591,7.3586617257886555,10.694153082009297,14.537536681055583,6.990245160881469,8.424075228750686,5.266249908128382,10.03731444582773,8.567218869166425,7.891368477269671,7.102231629542704,8,True,2.8,-69.72620670627639,-63.48158907287953,n/d,n/d,,,,False,False,,,Em Alta,23.56999969482422,-0.46669754677900466,-6.621471839575987,False,False,False,sem sinal (Em Alta)
ENGI11,BOVA11,BOVA11,Serviços públicos,40.37,41.08,36.36363636363637,,,0.1,,49.66,36.25,23.01,50.68,True,109,Não,Fundo duplo,"Fundo duplo (pré-confirmação) — pescoço R$51.55, preço 0.3% abaixo do pescoço; falta fechar acima e segurar",False,3,8,False,,True,,False,False,False,False,True,False,4,11,False,False,True,False,False,False,True,True,False,True,True,2.32,True,15733757952.0,17.06,1.33,2.21,5.38,7.78,17.19,10.25,4.13,6.03,4.32,5.79,1.56,1.99,26.7,91.79,7.9,23.39,4.83,0.34,74.62,23.0,42.54,57.51,20.7,-10.7,6.4,48.16,48.79,-24.1,26.7,10.3,43.67,57.51,-4.29,1.68,7.5,-2.65,0.18,184064565.0,42.35,59.66,84.05,7.5,13.3,False,7,,10.2,5.1,True,,1.31,0.86,0.04,51.369998931884766,False,False,False,20.10060243791816,21.214908137076755,23.113191274833852,51.15469290785368,18.124688584911503,23.146963169486728,9.421670309879513,125.5382265124483,,,,7,False,13.3,,,n/d,n/d,,,,False,False,,,Em Alta,53.029998779296875,-3.130303386052835,-12.33923289239771,False,False,False,sem sinal (Em Alta)
SMFT3,BOVA11+SMALL11,BOVA11,Consumo discricionário,40.0,37.43,54.54545454545455,,,0.9,,48.35,42.08,13.4,24.66,False,110,Não,Fundo triplo,"Fundo triplo (pré-confirmação) — pescoço R$17.97, preço 3.6% abaixo do pescoço; falta fechar acima e segurar",False,1,8,False,,False,,False,False,True,False,False,True,6,11,False,False,False,False,False,False,True,False,True,False,False,1.83,False,10601206784.0,15.55,1.76,5.83,2.73,11.3,9.4,10.6,8.53,3.92,4.32,5.6,1.2,2.24,2.39,42.38,-6.3,8.62,5.98,0.3,73.66,26.34,16.55,25.93,4.7,-33.2,-7.0,19.88,20.56,-36.2,36.0,-23.8,16.55,23.32,-38.39,2.27,-31.9,-3.28,-1.26,136738393.0,7.47,11.84,18.78,6.9,4.6,True,6,,35.2,29.8,True,2023,1.26,0.61,0.08,17.31999969482422,False,False,False,3.4326952777443953,6.4556817642741375,15.234270035484839,15.70426476080177,10.288028916095262,12.821266743635254,7.671327620498473,,11.362473306798291,11.554647829865258,10.399183046878733,6,True,4.6,-39.95852638504175,-34.39680423208223,n/d,n/d,,,,False,False,,,Lateral,17.969999313354492,-3.617137692638772,-34.16080966542285,False,False,False,sem sinal (Lateral)
EMBJ3,BOVA11,BOVA11,Bens Industriais,39.98,32.92,80.0,,,0.7,,42.92,11.43,49.3,8.9,False,111,Bandeira de alta,,,False,5,8,False,,False,,False,,True,True,True,True,8,10,False,True,False,False,True,True,True,True,False,False,True,0.14,True,70542663680.0,31.5,4.1,1.21,0.84,13.01,5.09,9.61,5.28,11.97,0.52,0.75,1.44,0.69,3.29,26.46,113.9,17.64,3.7,0.82,70.5,26.66,68.24,103.35,45.2,-4.1,17.2,84.2,85.02,-34.0,37.7,12.5,68.24,103.35,-2.09,2.37,28.2,-3.25,0.54,464033365.0,79.77,129.92,211.6,10.3,7.9,True,6,,18.6,18.5,True,,0.75,0.35,0.0,99.0999984741211,False,False,False,6.054399515780765,11.386177153871566,43.02959483156922,41.3635401775862,32.742101891296606,17.435184662480363,27.820763626643757,48.01922859313204,35.068402297118034,37.05282103444141,33.34753893099727,6,True,7.9,-66.34960701870685,-64.61311519971842,n/d,n/d,,,Bandeira de alta,False,False,,,Em Alta,98.4000015258789,0.7113790014099619,-5.508961328004802,False,True,False,"Bandeira de alta — mastro +24%, recuo 30%, bandeira 9d (candidato)"
HAPV3,BOVA11+SMALL11,BOVA11,Cuidados de saúde,39.27,35.61,60.0,,,0.2,P/L=-18.70<2,11.76,81.69,47.08,4.79,True,112,Não,,,True,2,8,False,,False,,False,,False,True,True,True,6,10,False,False,False,False,True,False,True,False,False,False,True,0.17,True,3069068032.0,-18.7,0.07,0.0,0.14,-0.36,-1.11,2.12,-0.55,4.16,3.07,7.69,1.84,0.33,,,41.3,5.87,1.55,0.45,33.25,66.74,6.09,38.18,6.1,-83.1,-34.5,11.88,14.84,-84.0,78.9,-55.6,6.09,16.49,-70.19,4.97,-83.3,-6.81,-1.97,59357407.0,0.35,1.09,3.39,,243.8,False,2,,10.0,9.2,True,,1.64,0.36,0.02,6.460000038146973,False,False,False,0.06641423102145601,0.12490160221131887,,,,,,16.191545194464503,,,,2,False,243.8,,,n/d,n/d,,,,False,False,,,Lateral,7.329999923706055,-11.869029940169618,-83.66211459643611,False,False,False,sem sinal (Lateral) · ⚡ cruzamento de médias (MM21>MM30) hoje
UNIP6,SMALL11+DIVO11,SMALL11,Materiais,38.86,42.51,18.181818181818183,,,1.0,,50.03,13.35,35.03,96.58,False,113,Não,,,False,4,8,False,,True,,False,False,True,False,False,False,2,11,False,True,True,False,False,False,True,True,False,True,True,1.17,True,6382487552.0,24.26,3.24,11.33,15.84,13.34,34.18,11.66,5.09,8.77,2.72,3.21,2.39,1.85,,384.2,-46.1,10.8,4.48,0.47,74.89,24.93,53.05,71.62,7.7,-20.2,-4.7,60.89,61.45,-25.5,30.3,-1.8,55.19,71.62,-16.39,1.91,-15.2,-2.88,-0.8,18317099.0,33.36,49.22,72.62,9.2,15.1,False,5,,-10.9,-5.3,False,,0.72,0.42,0.1,57.150001525878906,False,False,False,65.82366578020769,96.54137647763795,25.127783028690917,30.576628874909222,,31.018850384254566,6.407584672316185,21.24019470807974,,,,5,False,15.1,,,n/d,n/d,,,,False,False,,,Em Baixa,58.13999938964844,-1.7027827212977131,-21.3860078836295,False,False,False,sem sinal (Em Baixa; sem novo topo (-1.7%))
VAMO3,BOVA11+SMALL11,BOVA11,Bens Industriais,38.1,41.61,18.181818181818183,,,0.7,,50.61,43.12,26.57,27.4,False,114,Não,Bandeira de alta,"Bandeira de alta (pré-confirmação) — pescoço R$3.67, preço 5.1% acima do pescoço; falta fechar acima e segurar",False,4,8,False,,True,,False,False,False,False,False,False,2,11,True,False,True,False,False,False,True,True,False,True,False,3.87,False,4716251136.0,14.93,1.43,3.23,2.95,9.57,14.8,15.52,5.1,4.16,3.09,2.74,1.67,4.84,2.79,43.99,-1.9,6.36,7.32,0.32,88.84,11.16,2.48,4.82,55.6,-19.9,22.9,3.38,3.45,-48.5,56.7,18.8,2.48,4.82,4.21,3.57,-16.2,-5.25,0.14,61076022.0,1.99,4.1,8.42,6.6,13.0,False,6,,5.4,22.5,False,,2.12,0.65,0.07,3.859999895095825,False,False,False,0.8271586521613278,1.4282644811448941,3.246718279553804,3.962603596121364,2.1475726865031746,2.6120409528265593,1.5901332960292094,10.754590601832023,,,,6,False,13.0,,,n/d,n/d,,,,False,False,,,Em Alta,3.7899999618530273,1.8469639563946982,-21.862351206779273,False,False,False,sem sinal (Em Alta)
AZZA3,BOVA11+SMALL11,BOVA11,Consumo discricionário,37.23,38.99,27.272727272727273,,,0.9,,23.9,63.75,43.32,36.3,False,115,Não,,,False,2,8,False,,True,,False,False,False,True,False,False,3,11,False,False,False,False,False,True,True,False,False,True,True,0.38,True,2931550464.0,9.24,0.37,17.07,3.54,4.03,11.4,5.88,2.85,3.57,2.74,6.4,2.26,0.49,3.41,32.7,-94.3,3.58,3.33,0.93,48.36,51.64,14.3,29.26,1.4,-50.4,-16.8,22.89,22.04,-51.1,46.0,-42.9,14.3,28.04,-57.49,2.9,-49.1,-4.32,-1.6,50990117.0,3.96,7.17,12.95,2.6,13.0,False,4,,40.8,41.0,False,"2024, 2025",1.33,0.5,0.0,14.5,False,False,False,3.731546324806171,4.774605772051255,14.60299760873882,37.19824184298495,9.809287408576829,48.41707234989557,6.992488567214895,25.028202119718845,,,,4,False,13.0,,,n/d,n/d,,,,False,False,,,Em Baixa,17.690000534057617,-18.032789359819855,-51.45188770773319,False,False,False,sem sinal (Em Baixa; sem novo topo (-18.0%))
AUAU3,SMALL11,SMALL11,Consumo discricionário,36.88,31.62,66.66666666666667,,,0.9,,30.09,44.57,29.86,9.59,False,116,Não,Fundo duplo,"Fundo duplo (pré-confirmação) — pescoço R$3.68, preço 10.9% acima do pescoço; falta fechar acima e segurar",False,2,8,False,,,,,,False,True,True,,2,3,False,False,False,False,False,True,True,False,False,False,True,0.5,True,3512038656.0,18.25,1.1,0.74,0.9,6.04,,7.01,3.84,3.87,2.55,4.99,1.26,0.7,3.62,16.44,22.2,11.65,5.61,,,,2.8,4.2,45.5,-2.9,19.5,3.29,3.36,-27.2,40.7,6.4,2.8,4.2,-8.19,2.56,,-3.61,0.08,17581089.0,2.64,4.45,7.49,7.8,18.8,False,4,,,,,,1.02,0.46,0.06,4.079999923706055,,False,False,0.2672743304490199,0.44358898426697935,2.698473083348784,4.319402119461738,1.3297120429652998,0.6434174296296951,1.3302258819925366,5.019964940747003,,,,4,False,18.8,,,n/d,n/d,,,,False,False,,,Em Alta,4.199999809265137,-2.8571402621105912,-5.555561074503923,False,False,False,sem sinal (Em Alta)
RAPT4,SMALL11,SMALL11,Bens Industriais,36.8,40.09,18.181818181818183,,,0.7,P/L=-5.12<2,18.86,83.28,30.97,45.89,False,117,Não,Fundo duplo,"Fundo duplo (pré-confirmação) — pescoço R$5.14, preço 1.4% abaixo do pescoço; falta fechar acima e segurar",False,1,8,False,,False,,False,False,False,False,True,False,2,11,False,False,False,False,False,False,True,False,False,False,False,1.87,False,1767847040.0,-5.12,0.59,0.0,4.31,-11.45,8.95,9.51,-2.65,3.91,3.04,4.4,2.12,2.11,,,0.9,5.31,5.22,0.76,74.66,17.25,4.35,6.84,16.6,-25.9,3.8,5.45,5.52,-36.4,39.9,-7.1,4.35,6.84,-21.69,2.51,-29.0,-4.06,-0.85,15416885.0,2.29,3.83,6.41,,11.1,False,2,,5.6,10.3,False,2025,1.32,0.58,-0.01,5.070000171661377,False,False,False,1.5892552889886953,1.7158700829266076,,,,,,17.71120131752025,,,,2,False,11.1,,,n/d,n/d,,,,False,False,,,Em Alta,5.159999847412109,-1.744179814188751,-27.77777513622973,False,False,False,sem sinal (Em Alta)
CBAV3,SMALL11,SMALL11,Materiais,36.36,37.96,27.272727272727273,,,1.0,,37.81,41.67,38.58,28.08,False,118,Não,,,False,4,8,False,,False,,False,False,True,True,True,False,3,11,False,True,False,False,True,False,True,True,False,False,True,0.57,True,7318056960.0,12.24,1.45,0.39,3.04,11.81,-1.32,6.25,6.41,6.55,1.95,4.29,2.06,0.89,1.65,37.22,28.1,9.61,3.49,0.48,67.68,30.73,3.52,11.28,219.7,-0.4,3.1,10.34,9.0,-15.2,31.6,60.3,7.01,11.28,45.71,1.99,190.6,-2.36,3.13,24714986.0,22.13,32.92,48.99,5.2,16.0,False,6,,-0.1,7.5,False,,0.2,0.11,0.03,11.239999771118164,False,False,False,2.4860352627806663,4.675350187745576,12.559982877277305,12.655603252312376,9.6008475072713,0.7922127622265449,6.8549745178049015,7.380720070551352,,,,6,False,16.0,,,n/d,n/d,,,,False,False,,,Em Alta,11.279999732971191,-0.3546095992902232,-0.4428714871904771,False,False,False,sem sinal (Em Alta)
TIMS3,BOVA11+DIVO11+AUVP11,BOVA11,Comunicação,36.12,31.27,63.63636363636363,,,0.4,,30.27,8.61,37.74,79.45,False,119,Não,,,False,3,8,False,,True,,False,False,False,True,True,True,7,11,False,False,False,True,True,False,True,False,True,True,True,0.49,True,44835319808.0,3269.8,1.79,9.02,9.25,0.05,11.85,0.76,15.78,114.05,1.05,2.63,0.85,0.66,1307.92,30245.15,2.5,8.88,7.75,0.43,57.89,42.11,17.74,27.65,5.8,-32.1,-9.3,22.23,22.6,-35.8,28.5,-11.1,17.74,27.65,-25.69,1.8,-13.3,-2.8,-0.8,127982118.0,11.42,16.48,23.78,,43.4,False,3,,7.3,4.6,True,,0.78,0.48,0.1,18.770000457763672,False,False,False,12.626882993217373,15.818678416502872,,,,30.75,,0.7089093841451815,,,,3,False,43.4,,,n/d,n/d,,,,False,False,,,Em Alta,19.419958114624023,-3.346854061291238,-33.040835422506056,False,False,False,sem sinal (Em Alta)
RAIL3,BOVA11,BOVA11,Bens Industriais,35.88,34.19,45.45454545454545,,,0.7,,49.27,25.07,22.26,13.01,False,120,Não,Bandeira de alta,"Bandeira de alta (pré-confirmação) — pescoço R$15.41, preço 3.0% acima do pescoço; falta fechar acima e segurar",False,2,8,False,,False,,False,False,False,False,True,True,5,11,False,False,False,False,True,False,True,False,True,False,False,1.64,False,29450268672.0,24.04,2.04,0.68,1.31,8.48,1.9,12.06,8.53,6.41,3.16,3.6,1.31,2.01,4.14,31.49,56.8,11.77,7.07,0.25,73.88,25.74,12.33,17.04,28.7,-6.9,12.2,15.1,15.0,-27.6,33.7,8.3,12.33,17.04,-6.29,2.12,-1.5,-3.07,-0.03,172867312.0,11.04,17.01,26.21,9.2,9.4,False,7,,12.1,-0.6,True,,1.07,0.55,0.0,15.869999885559082,False,False,False,1.5119745477542061,2.770263643522385,8.796631193351288,10.74944067697034,4.699901614970899,7.676800904095769,4.250076121288684,14.21223183510814,,,,7,False,9.4,,,n/d,n/d,,,,False,False,,,Em Alta,15.880000114440918,-0.06297373305899079,-8.417643756227978,False,False,False,sem sinal (Em Alta)
POSI3,SMALL11,SMALL11,Tecnologia de informação,35.8,35.7,36.36363636363637,,,0.5,,20.38,52.13,35.66,63.7,False,121,Não,Fundo duplo,"Fundo duplo (pré-confirmação) — pescoço R$4.10, preço 16.6% abaixo do pescoço; falta fechar acima e segurar",False,0,8,False,,True,,False,False,False,True,True,False,4,11,False,False,False,False,False,False,False,False,False,True,False,0.5,True,473569920.0,38.91,0.31,5.25,6.91,0.8,10.68,6.93,0.36,3.76,3.07,6.09,1.82,0.81,3.38,268.91,11.5,2.03,3.74,0.97,64.77,35.23,3.28,4.72,4.3,-27.5,-8.0,4.03,3.99,-30.5,36.7,-13.2,3.28,4.72,-27.79,2.31,-21.0,-3.88,-0.81,2527280.0,1.69,2.72,4.37,10.9,19.1,False,6,,-11.2,-7.6,False,,1.04,0.49,-0.14,3.4200000762939453,False,False,False,1.7189697369141603,3.2327721181321145,1.2021787519160285,4.6709574647651255,1.6182429904895936,0.7445919647652398,0.8859830575441526,14.223721963238768,,,,6,False,19.1,,,n/d,n/d,,,,False,False,,,Em Alta,3.509999990463257,-2.5641001257505125,-28.75000124176338,False,False,False,sem sinal (Em Alta)
BRAP4,BOVA11+SMALL11+DIVO11,BOVA11,Basic Materials,35.74,36.16,33.333333333333336,,,1.0,DY5a=24.4%>=20,13.58,45.97,74.72,,False,122,Não,,,False,4,6,False,,True,,False,False,False,True,,False,3,9,False,True,True,False,,,True,True,False,True,True,,True,7999516160.0,13.69,0.99,11.58,24.38,7.26,23.82,-0.47,0.0,-208.1,,,5.68,0.0,1.89,333.73,,2.72,-0.74,,4.4,95.6,15.04,25.49,35.3,-20.2,-7.6,21.92,21.07,-20.8,26.5,1.3,20.08,25.49,-13.29,1.67,44.5,-2.75,0.72,48516315.0,19.43,27.29,38.33,6.0,6.2,True,6,,-44.5,-48.8,True,,0.94,0.62,-0.1,20.350000381469727,False,False,False,36.0789820098706,67.85176294114375,20.33129942209563,26.220221695763403,44.59459543053995,15.342069641277186,10.95005425931765,,25.58620374314407,23.275760558929516,20.948184503036565,6,True,6.2,2.9394796577573157,25.73072856766292,n/d,n/d,,,,False,False,,,Em Baixa,22.979999542236328,-11.444731127747708,-20.600854280866653,False,False,False,sem sinal (Em Baixa; sem novo topo (-11.4%))
ARML3,SMALL11,SMALL11,Bens Industriais,35.57,35.43,36.36363636363637,,,0.7,,32.55,41.56,27.63,48.63,False,123,Não,Bandeira de alta,"Bandeira de alta (pré-confirmação) — pescoço R$4.54, preço 2.9% acima do pescoço; falta fechar acima e segurar",False,2,8,False,,True,,False,False,False,False,True,False,4,11,False,False,False,False,False,False,True,True,False,True,False,1.74,False,1615978624.0,26.11,1.18,10.0,4.8,4.51,11.22,9.85,3.11,5.32,3.29,4.59,1.89,2.12,1.25,125.44,20.9,4.21,5.25,0.54,75.09,23.96,2.71,6.17,72.6,-24.3,34.8,3.82,3.99,-54.6,59.9,11.6,2.8,6.17,-2.99,3.77,10.8,-5.46,0.63,4151061.0,3.05,6.54,14.04,9.6,3.9,True,8,,25.6,6.9,True,2025,1.91,0.56,0.05,4.670000076293945,False,False,False,1.6317726952810636,3.068785423706,2.446325140965188,3.9908344007305523,4.597467489646039,2.637367048845283,2.203538909993926,6.39485928210254,3.371368798908824,2.8530762362756414,2.567768612648077,8,True,3.9,-45.015662297679725,-27.807949810906628,n/d,n/d,,,,False,False,,,Em Alta,4.539999961853027,2.8634386681328783,-25.87301690622309,False,False,False,sem sinal (Em Alta)
YDUQ3,BOVA11+SMALL11,BOVA11,Consumo discricionário,35.0,33.15,45.45454545454545,,,0.9,,33.69,36.72,25.21,37.67,False,124,Não,Fundo duplo,"Fundo duplo (pré-confirmação) — pescoço R$8.38, preço 33.4% acima do pescoço; falta fechar acima e segurar",False,1,8,False,,False,,False,False,False,False,True,True,5,11,False,False,False,False,False,False,True,False,False,False,False,1.48,True,2844812032.0,26.99,1.05,5.09,3.6,3.89,5.03,11.35,2.04,4.25,3.14,3.8,1.61,1.72,245.42,97.17,1.0,5.1,7.39,0.4,70.08,29.69,7.32,14.76,52.7,-24.3,24.3,11.41,10.95,-50.4,47.3,-8.3,7.32,14.76,-22.89,2.98,-34.2,-4.69,-0.39,64881760.0,5.19,9.54,17.53,9.7,9.0,False,5,,6.5,3.2,True,,1.59,0.59,0.02,11.180000305175781,False,False,False,2.9273958797747346,2.9542435336428534,3.040192400258385,9.961780832214133,1.5369099266578932,5.86034318720603,1.1558534419110131,10.425026776577756,,,,5,False,9.0,,,n/d,n/d,,,,False,False,,,Em Alta,11.210000038146973,-0.2676158150678343,-26.880311752330087,False,False,False,sem sinal (Em Alta)
SIMH3,SMALL11,SMALL11,Industrials,34.98,36.34,27.272727272727273,,,0.7,P/L=-26.06<2,26.18,77.95,16.81,17.12,False,125,Não,Bandeira de alta,"Bandeira de alta (pré-confirmação) — pescoço R$8.27, preço 1.6% abaixo do pescoço; falta fechar acima e segurar",False,5,8,False,,False,,False,False,False,False,True,False,3,11,False,True,True,False,True,False,True,True,False,False,False,7.83,False,4751800832.0,-26.06,0.81,2.1,2.27,-3.1,-1.12,11.25,-0.4,3.84,3.53,4.31,1.28,6.05,,,8.8,2.97,6.03,0.36,91.64,5.09,5.63,14.3,44.6,-43.1,3.2,10.01,9.78,-60.6,59.3,-20.5,5.63,13.96,-35.09,3.73,-44.5,-5.63,-0.54,28988449.0,2.66,5.68,12.15,,37.8,False,2,,21.8,6.8,True,,2.38,0.7,0.04,8.140000343322754,False,False,False,1.3416764829619807,2.523217385699467,,,,,,50.72697067939448,,,,2,False,37.8,,,n/d,n/d,,,,False,False,,,Em Alta,8.329999923706055,-2.2809073484213127,-44.282035432190426,False,False,False,sem sinal (Em Alta)
CASH3,SMALL11,SMALL11,Comunicação,34.56,30.07,60.0,,,0.4,P/L=-5.33<2,0.88,51.32,83.17,2.05,False,126,Não,Bandeira de alta,"Bandeira de alta (pré-confirmação) — pescoço R$5.76, preço 10.8% abaixo do pescoço; falta fechar acima e segurar",False,2,8,False,,False,,False,,False,True,True,True,6,10,False,False,False,False,True,True,False,False,False,False,True,-0.29,True,535443328.0,-5.33,1.25,0.0,0.0,-23.45,-3.01,-16.62,-20.31,-8.19,-1.12,-2.8,2.68,0.0,,,18.2,5.98,9.61,1.74,18.27,80.69,3.24,5.91,58.6,-13.0,10.8,4.12,4.24,-33.2,51.1,34.2,3.24,5.91,19.61,3.22,36.1,-4.85,0.38,8440572.0,3.27,6.28,12.05,,,True,0,,12.9,26.1,False,,0.89,0.3,0.02,5.139999866485596,False,False,False,,,,,,,,,,,,0,True,,,,n/d,n/d,,,,False,False,,,Lateral,5.730000019073486,-10.296686747363937,-14.3333355585734,False,False,False,sem sinal (Lateral)
TTEN3,SMALL11,SMALL11,Bens de primeira necessidade,34.37,30.81,54.54545454545455,,,0.0,,35.06,37.23,23.5,10.27,True,127,Não,,,False,2,8,False,,True,,False,True,True,False,False,True,6,11,False,True,False,False,False,False,True,False,False,True,False,0.75,True,5049600512.0,8.6,1.01,1.8,0.96,11.76,18.41,4.0,3.22,16.35,7.48,18.7,1.36,1.03,0.8,8.25,-37.8,5.24,1.74,0.97,64.13,35.82,9.93,17.74,1.7,-43.1,-25.9,15.41,14.81,-44.0,38.8,-38.6,9.93,17.74,-53.19,2.44,-21.0,-3.19,-1.02,19503107.0,4.34,7.21,11.98,1.9,23.1,False,4,,33.6,28.1,True,,0.86,0.39,0.0,10.100000381469727,False,False,False,0.7047768991627853,1.3254352651996897,16.06301636062702,16.25558999258831,13.798362597027298,1.7587895282876373,11.304203727791094,,,,,4,False,23.1,,,n/d,n/d,,,,False,False,,,Em Baixa,11.960000038146973,-15.551836544688058,-43.57541566082439,False,False,False,sem sinal (Em Baixa; sem novo topo (-15.6%))
MBRF3,BOVA11+DIVO11,BOVA11,Bens de primeira necessidade,33.49,37.79,9.090909090909092,,,0.0,,41.35,32.13,6.09,99.32,True,128,Não,,,False,1,8,False,,False,,False,False,False,False,False,False,1,11,False,False,False,False,False,False,True,False,False,True,True,4.46,False,23423367168.0,63.6,2.04,0.0,18.23,3.2,39.26,6.29,0.22,5.8,4.84,10.57,1.05,5.39,,1159.13,-51.3,10.38,2.68,0.43,89.92,7.97,14.52,25.6,15.8,-34.3,0.7,18.08,18.1,-43.3,53.1,-14.4,14.52,22.33,-28.99,3.34,-16.2,-4.44,-0.52,79094382.0,6.52,12.75,24.95,12.0,45.5,False,4,,9.4,9.9,False,,0.97,0.3,0.02,16.809999465942383,False,False,False,22.281184203439338,32.679070165044365,2.8192871221706297,7.000278480232674,,2.952219479501717,0.7189182161535107,16.809999465942383,,,,4,False,45.5,,,n/d,n/d,,,,False,False,,,Lateral,18.5,-9.135138021933065,-37.34625600542901,False,False,False,sem sinal (Lateral)
CSNA3,BOVA11+SMALL11,BOVA11,Materiais,32.87,37.07,9.090909090909092,,,1.0,P/L=-2.98<2,15.09,77.39,7.42,94.52,False,129,Não,Bandeira de alta,"Bandeira de alta (pré-confirmação) — pescoço R$6.23, preço 5.1% abaixo do pescoço; falta fechar acima e segurar",False,2,8,False,,False,,False,False,False,False,True,False,1,11,False,False,False,False,False,False,True,True,False,False,False,3.31,False,7837215232.0,-2.98,0.64,0.0,15.41,-21.59,-7.63,8.07,-5.82,4.36,5.46,9.3,1.15,3.57,,,5.7,-14.85,2.17,0.39,84.35,12.8,4.28,10.89,38.1,-45.7,5.1,6.72,7.24,-60.7,57.2,-32.1,4.28,10.89,-46.69,3.61,-34.2,-6.09,-0.49,155041778.0,2.09,4.36,9.1,,1.8,True,2,,0.3,2.5,False,2024,1.69,0.52,-0.06,5.909999847412109,False,False,False,6.62391923767017,11.959054188880598,,,,,,,9.291486713275384,9.291486713275384,8.362338041947845,2,True,1.8,41.494725175155025,57.21636130572782,n/d,n/d,,,,False,False,,,Em Alta,7.190000057220459,-17.802506253430796,-47.791519375090566,False,False,False,sem sinal (Em Alta)
MYPK3,SMALL11,SMALL11,Consumo discricionário,32.38,34.88,18.181818181818183,,,0.9,,23.93,53.26,28.31,51.37,False,130,Não,Fundo duplo,"Fundo duplo (pré-confirmação) — pescoço R$9.71, preço 4.4% abaixo do pescoço; falta fechar acima e segurar",False,1,8,False,,True,,False,False,False,False,True,False,2,11,False,False,False,False,False,False,True,False,False,False,True,0.95,True,1389863424.0,15.6,0.35,3.31,5.39,2.23,4.01,8.93,0.6,3.52,2.9,4.46,1.73,1.23,44.11,84.14,0.1,4.11,3.75,0.65,66.29,30.03,8.74,12.44,6.2,-25.4,0.1,9.79,9.86,-29.8,28.9,-5.5,8.74,11.05,-20.09,1.82,-26.9,-2.85,-1.35,6954779.0,4.78,6.91,10.0,6.9,10.9,False,6,,-3.2,0.2,False,2024,0.84,0.5,0.01,9.279999732971191,False,False,False,3.640181798809201,3.7495012637938614,4.456265909507712,18.838351734167574,3.4188868930011718,7.739823162428858,1.7527029605054087,19.050661327874902,,,,6,False,10.9,,,n/d,n/d,,,,False,False,,,Lateral,9.989999771118164,-7.107107651790301,-27.68150239600853,False,False,False,sem sinal (Lateral)
JSLG3,SMALL11,SMALL11,Bens Industriais,32.38,34.89,18.181818181818183,,,0.7,P/L=-17.43<2,20.41,54.65,13.63,93.15,False,131,Não,Bandeira de alta,"Bandeira de alta (pré-confirmação) — pescoço R$6.62, preço 3.6% abaixo do pescoço; falta fechar acima e segurar",False,1,8,False,,True,,False,False,False,False,False,False,2,11,False,False,False,False,False,False,True,False,False,True,False,5.26,False,1820653824.0,-17.43,1.54,30.07,13.91,-8.83,13.19,9.68,-1.07,4.38,4.15,5.9,1.38,6.52,,,-44.0,3.63,4.78,0.43,89.08,10.92,3.88,8.64,64.5,-26.2,9.2,5.78,6.01,-44.7,59.4,5.3,4.78,8.64,-9.29,3.74,16.6,-5.48,0.6,5942480.0,4.13,8.79,18.69,,8.3,False,2,,17.0,6.5,True,2023,2.08,0.61,0.15,6.380000114440918,False,False,False,6.454165442644168,9.466109315878114,,,,,,53.33153673279245,,,,2,False,8.3,,,n/d,n/d,,,,False,False,,,Em Alta,6.619999885559082,-3.6253742487473706,-27.66439529261151,False,False,False,sem sinal (Em Alta)
DXCO3,SMALL11,SMALL11,Materiais,31.71,32.49,27.272727272727273,,,1.0,P/L=-143.99<2,13.51,69.41,27.51,35.62,False,132,Não,Bandeira de alta,"Bandeira de alta (pré-confirmação) — pescoço R$5.71, preço 1.1% abaixo do pescoço; falta fechar acima e segurar",False,2,8,False,,True,,False,False,False,False,True,False,3,11,False,False,False,False,False,False,True,True,False,False,False,0.88,True,5129469440.0,-143.99,0.75,0.0,3.49,-0.52,6.92,4.35,-0.43,4.97,3.22,8.04,1.98,1.19,,,5.2,10.21,2.48,0.51,62.06,36.03,4.44,6.09,27.3,-7.2,11.0,5.0,5.08,-26.8,32.9,12.5,4.46,6.09,-2.09,2.07,-3.9,-3.39,-0.08,9849480.0,3.92,5.98,9.11,,3.9,True,3,,-0.9,0.2,False,,1.15,0.61,-0.07,5.650000095367432,False,False,False,1.4352787239705171,2.4282230107875478,,,,,,5.650000095367432,3.171167276708499,2.4282230107875478,2.185400709708793,3,True,3.9,-61.32034207396466,-43.87314649235823,n/d,n/d,,,,False,False,,,Em Alta,5.730000019073486,-1.3961592223343589,-9.163982541013171,False,False,False,sem sinal (Em Alta)
BRAV3,BOVA11+SMALL11,BOVA11,Energia,31.22,29.67,40.0,,,0.9,,21.94,58.97,19.48,11.64,False,133,Não,,,False,1,8,False,,False,,False,,False,False,False,True,4,10,False,False,False,False,False,False,True,False,False,False,False,1.17,True,8120212992.0,149.12,0.66,0.71,1.08,0.44,3.55,8.3,0.44,3.14,3.05,5.05,1.26,1.55,,161.12,-17.3,6.9,3.71,0.27,72.43,27.57,13.35,21.64,30.9,-19.2,-8.3,18.22,17.85,-28.5,37.7,5.5,15.6,21.64,-9.09,2.38,-3.9,-4.07,-0.32,67459464.0,10.2,16.56,26.87,13.0,26.2,False,4,,89.0,33.2,True,2023,0.55,0.25,0.15,17.479999542236328,False,False,False,1.373586595669356,2.014593673648389,1.2503576210469476,8.35781513253904,,1.6666666666666667,0.31884119336697164,,,,,4,False,26.2,,,n/d,n/d,,,,False,False,,,Em Baixa,18.920000076293945,-7.610996449529006,-21.06573480849483,False,False,False,sem sinal (Em Baixa; sem novo topo (-7.6%))
SOJA3,SMALL11,SMALL11,Bens de primeira necessidade,31.12,31.8,27.272727272727273,,,0.0,,28.78,27.14,40.44,39.73,True,134,Não,Bandeira de alta,"Bandeira de alta (pré-confirmação) — pescoço R$7.81, preço 0.9% acima do pescoço; falta fechar acima e segurar",False,2,8,False,,True,,False,False,False,False,False,False,3,11,False,False,False,False,False,False,True,True,False,True,True,0.66,True,1111567872.0,48.2,0.83,3.6,3.84,1.73,13.98,5.66,0.87,10.21,4.31,10.48,2.98,1.47,,185.18,-31.0,8.0,2.9,1.35,45.47,36.89,4.98,10.46,58.2,-24.6,23.5,7.91,7.62,-52.4,45.4,-11.9,4.98,9.02,-26.49,2.86,-32.2,-3.72,-0.58,6108025.0,3.51,6.28,11.23,11.4,13.3,False,5,,14.2,42.9,False,2023,0.89,0.34,0.04,7.880000114440918,False,False,False,2.201786216124083,3.2292864503153216,1.7438451152289722,5.909556885683645,,1.0522259290281606,0.44468050438338796,1.9860390366664928,,,,5,False,13.3,,,n/d,n/d,,,,False,False,,,Em Alta,8.100000381469727,-2.716052551455439,-24.634930705697876,False,False,False,sem sinal (Em Alta)
DESK3,SMALL11,SMALL11,Comunicação,30.88,31.52,27.272727272727273,,,0.4,,38.11,27.27,34.33,6.85,False,135,Não,,,False,3,8,False,,True,,False,False,False,False,False,False,3,11,False,True,True,False,False,False,True,False,False,False,True,0.9,True,2239251200.0,40.09,1.57,0.96,0.48,3.91,6.21,11.53,4.4,5.32,2.09,2.49,1.41,1.21,12.71,19.31,-50.0,11.33,6.52,0.32,62.73,36.49,9.85,19.45,95.5,-1.0,5.6,17.54,16.61,-28.0,57.4,14.9,13.18,19.45,0.31,3.61,87.2,-3.69,1.23,11652731.0,17.86,37.74,79.79,11.0,28.6,False,4,,19.7,7.9,True,2023,0.58,0.18,0.16,19.260000228881836,False,False,False,0.674557159017755,0.9030591464580272,4.6775126792142085,11.515417617229843,1.7471382099129398,0.6736250496375472,2.2768388864520976,19.260000228881836,,,,4,False,28.6,,,n/d,n/d,,,,False,False,,,Em Alta,19.450000762939453,-0.976866460692638,-1.6845325223872498,False,False,False,sem sinal (Em Alta)
PRNR3,SMALL11,SMALL11,Bens Industriais,30.13,30.64,27.272727272727273,,,0.7,,37.65,22.79,32.48,15.07,False,136,Não,Bandeira de alta,"Bandeira de alta (pré-confirmação) — pescoço R$19.12, preço 1.2% abaixo do pescoço; falta fechar acima e segurar",False,1,8,False,,False,,False,False,False,False,True,False,3,11,False,False,False,False,False,False,True,False,False,False,True,1.38,True,1077435264.0,24.57,2.25,0.0,1.69,9.17,4.0,10.43,2.55,6.07,2.44,3.22,1.85,1.76,4.58,41.52,27.8,5.4,6.01,0.64,70.26,25.54,14.63,21.97,29.2,-14.0,3.8,17.87,17.91,-27.0,33.8,18.6,15.76,21.97,4.01,2.13,1.0,-3.21,0.01,9526506.0,13.37,20.57,31.66,9.3,8.1,False,7,,24.3,42.1,False,2025,1.18,0.61,0.03,18.899999618530273,False,False,False,2.322947098701583,4.012252874278783,9.66279838466289,12.057554043662854,5.424880658490347,5.599697510945469,4.732243706652723,18.899999618530273,,,,7,False,8.1,,,n/d,n/d,,,,False,False,,,Em Alta,19.280000686645508,-1.9709598266687056,-14.4409258126868,False,False,False,sem sinal (Em Alta)
LWSA3,SMALL11,SMALL11,Tecnologia de informação,29.99,32.07,18.181818181818183,,,0.5,P/L=-11.18<2,11.76,56.91,49.38,26.71,False,137,Não,Fundo duplo,"Fundo duplo (pré-confirmação) — pescoço R$4.11, preço 1.1% abaixo do pescoço; falta fechar acima e segurar",False,2,7,False,,False,,False,False,False,True,True,False,2,11,False,False,False,False,True,,True,False,False,False,True,,True,2283633408.0,-11.18,0.94,7.55,2.93,-8.41,-2.3,5.89,-13.29,5.85,,,1.18,0.03,,,108.1,11.3,-3.98,1.15,32.17,67.83,3.38,4.67,20.3,-12.8,5.4,3.87,3.89,-27.5,43.7,5.8,3.38,4.67,-8.79,2.75,-3.1,-4.42,-0.22,13372764.0,2.2,3.85,6.74,,1.9,True,2,,9.4,8.6,True,2024,1.27,0.51,0.05,4.070000171661377,False,False,False,0.8679154741535758,1.6322410368759184,,,,,,,1.2500782555147472,1.2500782555147472,1.1250704299632726,2,True,1.9,-72.3569930587001,-69.2855478430001,n/d,n/d,,,,False,False,,,Em Alta,4.21999979019165,-3.5544935068222205,-14.329770513083329,False,False,False,sem sinal (Em Alta)
CAML3,SMALL11,SMALL11,Bens de primeira necessidade,28.43,30.24,18.181818181818183,,,0.0,,24.48,38.16,24.77,47.26,True,138,Não,Bandeira de alta,"Bandeira de alta (pré-confirmação) — pescoço R$5.12, preço 0.0% acima do pescoço; falta fechar acima e segurar",False,1,8,False,,True,,False,False,False,False,False,False,2,11,False,False,False,False,False,False,True,False,False,False,False,1.5,True,1746284672.0,16.25,0.6,5.73,4.68,3.69,8.66,5.74,0.99,7.96,5.55,13.3,1.87,1.99,18.38,76.04,-58.5,5.28,3.09,0.76,72.01,27.99,4.18,7.12,22.5,-28.1,2.2,5.32,5.44,-41.3,42.9,-3.8,4.18,7.12,-18.39,2.7,-3.2,-3.35,-0.05,4753312.0,3.0,5.24,9.17,7.2,14.8,False,6,,2.9,-9.4,True,,1.38,0.56,0.08,5.119999885559082,False,False,False,1.7424522615984597,1.878649881446872,2.470579586962225,7.777838165354326,1.7529397868294407,1.9649130092167544,1.035285758134181,0.5241271122571873,,,,6,False,14.8,,,n/d,n/d,,,,False,False,,,Em Alta,5.349999904632568,-4.299065853708317,-28.87926213853441,False,False,False,sem sinal (Em Alta)
LJQQ3,SMALL11,SMALL11,Consumo discricionário,28.4,31.65,10.0,,,0.9,P/L=-1.27<2,6.43,87.25,12.43,44.52,False,139,Não,Bandeira de alta,"Bandeira de alta (pré-confirmação) — pescoço R$1.35, preço 4.4% abaixo do pescoço; falta fechar acima e segurar",False,0,8,False,,False,,False,,False,False,True,False,1,10,False,False,False,False,False,False,False,False,False,False,False,5.85,False,266923264.0,-1.27,0.86,0.0,4.17,-67.62,-9.94,2.03,-6.88,1.04,34.56,86.39,1.77,7.9,,,8.8,18.43,-0.01,0.82,89.26,10.74,0.96,2.65,34.4,-51.3,0.8,2.02,1.83,-63.8,62.7,-38.6,0.96,2.65,-53.19,3.95,-53.1,-5.99,-1.02,2531631.0,0.28,0.64,1.44,,1.9,True,2,,6.4,4.6,True,2025,2.05,0.57,-0.03,1.2899999618530273,False,False,False,0.39078691023096207,0.7349315118214544,,,,,,,0.5628592110262083,0.5628592110262083,0.5065732899235875,2,True,1.9,-60.73075155785914,-56.367501730954615,n/d,n/d,,,,False,False,,,Em Alta,1.3700000047683716,-5.839419170576576,-53.92857200637157,False,False,False,sem sinal (Em Alta)
EQTL3,BOVA11,BOVA11,Serviços públicos,28.39,26.98,36.36363636363637,,,0.1,,33.2,21.05,18.79,30.14,True,140,Não,Bandeira de alta,"Bandeira de alta (pré-confirmação) — pescoço R$40.20, preço 1.4% abaixo do pescoço; falta fechar acima e segurar",False,1,8,False,,True,,False,False,False,False,False,True,4,11,False,False,False,False,False,False,True,False,False,False,True,2.15,True,49787121664.0,52.08,1.91,3.98,3.15,3.67,8.85,9.18,1.75,8.24,4.81,7.2,1.57,2.27,,164.22,-54.9,24.02,4.62,0.33,74.15,23.5,33.78,45.35,17.3,-12.6,2.6,39.0,38.98,-24.5,25.6,3.5,34.23,45.35,-11.09,1.61,3.3,-2.88,0.0,346079492.0,31.71,44.05,61.2,11.6,20.6,False,5,,23.4,18.5,True,,1.2,0.82,0.01,39.630001068115234,False,False,False,9.088320503580448,13.329536738584657,8.116743690346182,18.847908800612572,,6.267048420977274,2.0697696410382767,42.63350622635933,,,,5,False,20.6,,,n/d,n/d,,,,False,False,,,Em Alta,40.540000915527344,-2.2446961688734612,-14.44300231171315,False,False,False,sem sinal (Em Alta)
MRVE3,BOVA11+SMALL11,BOVA11,Consumo discricionário,28.06,31.25,10.0,,,0.9,P/L=-5.10<2,14.42,69.31,25.51,23.29,False,141,Não,Bandeira de alta,"Bandeira de alta (pré-confirmação) — pescoço R$5.26, preço 0.8% abaixo do pescoço; falta fechar acima e segurar",False,1,8,False,,False,,False,,False,False,True,False,1,10,False,False,False,False,False,False,True,False,False,False,False,1.18,True,2937995520.0,-5.1,0.64,0.0,2.7,-12.58,-7.71,6.84,-4.93,5.36,3.03,6.1,1.89,1.69,,,10.7,3.05,3.75,0.89,78.42,18.67,4.2,10.43,24.3,-50.0,-2.1,7.23,6.95,-59.7,48.7,-32.4,4.2,10.43,-46.99,3.07,-30.3,-5.01,-0.89,73569601.0,1.84,3.44,6.43,,2.5,True,3,,18.0,21.1,False,"2024, 2025",1.59,0.57,0.07,5.21999979019165,False,False,False,1.0231910933197381,1.9242593787271205,,,,,,2.5626707078977464,1.836707059981535,1.9242593787271205,1.7318334408544085,3,True,2.5,-66.82311282639294,-64.81403958228702,n/d,n/d,,,,False,False,,,Lateral,5.809999942779541,-10.154908061937618,-50.42735116272645,False,False,False,sem sinal (Lateral)
ORVR3,SMALL11,SMALL11,Bens Industriais,27.28,19.74,70.0,,,0.7,,21.23,9.24,38.35,2.05,False,142,Não,Bandeira de alta,"Bandeira de alta (pré-confirmação) — pescoço R$17.20, preço 3.2% abaixo do pescoço; falta fechar acima e segurar",False,2,8,False,,False,,False,,False,True,True,True,7,10,False,False,False,False,True,False,True,False,False,False,False,0.16,True,9145784320.0,181.99,1.89,0.0,0.0,1.04,-2.35,3.71,3.35,20.74,4.88,12.21,2.38,0.74,174.99,,135.8,14.82,2.86,0.49,63.86,33.58,13.27,20.97,25.4,-20.6,-8.7,17.51,17.32,-26.3,28.9,-4.1,15.45,20.97,-18.69,1.82,16.2,-2.99,0.24,42716122.0,13.56,19.63,28.42,,1.0,True,1,,18.8,16.3,True,,1.07,0.65,0.03,16.649999618530273,False,False,False,,,,,,,,1.2449484889806188,1.2449484889806188,1.2449484889806188,1.1204536400825569,1,True,1.0,-93.27054855403377,-92.5228317267042,n/d,n/d,,,,False,False,,,Em Alta,17.6299991607666,-5.558704417962746,-21.554773525156733,False,False,False,sem sinal (Em Alta)
MGLU3,BOVA11+SMALL11,BOVA11,Consumo discricionário,27.13,30.15,10.0,,,0.9,,18.6,63.87,19.79,18.49,False,143,Não,Bandeira de alta,"Bandeira de alta (pré-confirmação) — pescoço R$6.15, preço 2.4% acima do pescoço; falta fechar acima e segurar",False,1,8,False,,False,,False,,False,True,False,False,1,10,False,False,False,False,False,False,True,False,False,False,False,0.6,True,4886801920.0,55.23,0.44,1.29,2.36,0.79,-2.27,6.07,0.23,2.89,4.67,10.57,1.1,0.76,,130.24,-2.6,7.78,1.9,0.75,70.25,29.75,3.88,11.0,62.4,-42.7,18.4,8.27,7.56,-64.7,60.0,-28.0,3.88,11.0,-42.59,3.78,-55.1,-5.91,-0.78,161119362.0,1.76,3.78,8.13,11.7,19.5,False,3,,1.2,1.7,False,2024,2.0,0.58,0.04,6.300000190734863,False,False,False,1.080495423413792,1.5847266210068949,1.216730074859772,6.062028332161725,,0.417266685,0.31026616908924187,,,,,3,False,19.5,,,n/d,n/d,,,,False,False,,,Em Alta,6.119999885559082,2.9411815121192175,-44.3565987776975,False,False,False,sem sinal (Em Alta)
HBOR3,SMALL11,SMALL11,Imobiliário,27.07,27.03,27.272727272727273,,,0.8,,13.94,35.93,37.99,41.78,False,144,Não,Bandeira de alta,"Bandeira de alta (pré-confirmação) — pescoço R$2.31, preço 11.3% abaixo do pescoço; falta fechar acima e segurar",False,1,8,False,,True,,False,False,False,True,False,False,3,11,False,False,False,False,False,False,False,True,False,False,False,1.25,True,272021920.0,60.21,0.19,6.5,3.93,0.31,3.0,2.16,0.41,13.41,15.28,38.21,2.55,0.72,,236.75,-64.6,2.2,1.03,0.81,57.57,22.01,1.68,4.23,22.0,-51.6,-3.2,2.43,2.58,-60.3,68.5,-18.0,1.68,3.33,-32.59,4.32,-42.3,-5.91,-0.65,1380731.0,0.47,1.18,2.94,11.9,31.0,False,4,,7.6,-11.2,True,2025,1.6,0.41,0.09,2.049999952316284,False,False,False,0.5862402787581455,0.8598190755119468,0.36317332931473784,2.874974492878804,,0.26415074528231325,0.09260919897525816,,,,,4,False,31.0,,,n/d,n/d,,,,False,False,,,Lateral,2.309999942779541,-11.25541112137034,-51.814970028141275,False,False,False,sem sinal (Lateral)
CVCB3,SMALL11,SMALL11,Consumo discricionário,25.86,23.36,40.0,,,0.9,P/L=-5.50<2,10.66,57.79,19.56,2.05,False,145,Não,,,False,2,8,False,,False,,False,,False,False,False,True,4,10,False,False,False,False,False,True,True,False,False,False,True,1.13,True,718702080.0,-5.5,2.25,0.0,0.0,-40.86,-60.02,5.9,-8.94,2.37,1.33,3.11,0.68,1.67,,,-4.5,9.52,4.12,0.67,87.19,12.81,1.08,2.72,27.8,-49.3,-9.9,1.88,1.85,-60.3,70.3,-37.3,1.08,2.72,-51.89,4.43,-13.6,-6.65,-0.42,23648794.0,0.38,0.92,2.25,,1.0,True,1,,6.8,4.8,True,2023,1.13,0.28,-0.06,1.3799999952316284,False,False,False,,,,,,,,3.784263309455507,3.784263309455507,3.784263309455507,3.4058369785099565,1,True,1.0,146.79978190422372,174.22197989358187,n/d,n/d,,,,False,False,,,Em Baixa,1.8799999952316284,-26.59574474830766,-50.537633903224965,False,False,False,sem sinal (Em Baixa; sem novo topo (-26.6%))
DASA3,SMALL11,SMALL11,Cuidados de saúde,25.76,30.3,0.0,,,0.2,P/L=-5.28<2,17.22,68.89,22.85,7.53,True,146,Não,Bandeira de alta,"Bandeira de alta (pré-confirmação) — pescoço R$3.23, preço 17.0% acima do pescoço; falta fechar acima e segurar",False,2,8,False,,False,,False,,False,False,False,False,0,10,False,False,False,False,False,False,True,True,False,False,True,0.98,True,4724344832.0,-5.28,0.69,0.0,0.82,-13.13,-13.32,7.28,-9.6,4.8,4.54,8.58,1.27,1.12,,,-9.8,16.58,3.53,0.48,62.87,36.98,1.29,4.6,193.0,-17.8,34.3,3.01,2.98,-54.1,88.8,-15.6,2.11,4.52,-30.19,5.6,93.3,-7.15,1.45,2953922.0,3.44,10.63,32.81,,82.0,False,2,,-5.2,-27.1,True,2023,1.94,0.38,0.11,3.7799999713897705,False,False,False,0.22440819661607042,0.32913202170357,,,,,,18.39949818226366,,,,2,False,82.0,,,n/d,n/d,,,,False,False,,,Em Alta,3.2699999809265137,15.596330074557208,-20.754717264054324,False,False,False,sem sinal (Em Alta)
HBSA3,SMALL11,SMALL11,Bens Industriais,25.13,26.03,20.0,,,0.7,P/L=-25.48<2,24.19,25.11,43.29,2.05,False,147,Não,Fundo duplo,"Fundo duplo (pré-confirmação) — pescoço R$3.72, preço 9.9% abaixo do pescoço; falta fechar acima e segurar",False,2,8,False,,False,,False,,False,False,True,False,2,10,False,False,False,False,True,False,True,False,False,False,False,1.2,True,4557281792.0,-25.48,2.18,0.0,0.0,-8.56,-15.0,11.14,-5.52,7.72,3.09,3.81,3.26,1.56,,,68.3,11.17,5.08,0.41,66.67,33.33,2.98,4.38,12.4,-23.5,0.1,3.67,3.65,-32.0,35.7,-5.4,2.98,4.38,-19.99,2.25,4.8,-3.34,-0.21,5560020.0,2.11,3.34,5.28,,1.0,True,1,,8.2,56.5,False,"2024, 2025",0.72,0.35,0.04,3.3499999046325684,False,False,False,,,,,,,,2.1570057537411853,2.1570057537411853,2.1570057537411853,1.9413051783670667,1,True,1.0,-42.05059004083789,-35.611766712042105,n/d,n/d,,,,False,False,,,Lateral,3.549999952316284,-5.633804235778117,-23.69020486293538,False,False,False,sem sinal (Lateral)
KLBN11,BOVA11,BOVA11,Materiais,23.2,25.69,9.090909090909092,,,1.0,,21.9,21.25,19.73,65.75,False,148,Não,Bandeira de alta,"Bandeira de alta (pré-confirmação) — pescoço R$19.57, preço 6.6% abaixo do pescoço; falta fechar acima e segurar",False,2,8,False,,True,,False,False,False,False,False,False,1,11,False,True,False,False,False,False,True,False,False,True,False,0.49,True,129898807296.0,40.64,2.41,6.35,7.1,5.92,28.81,5.45,0.86,6.28,3.99,9.97,2.0,2.3,,288.54,-51.7,10.67,2.09,0.37,77.43,12.36,16.08,21.02,13.7,-13.0,3.4,17.79,18.0,-23.4,20.7,-4.2,16.1,21.02,-18.79,1.31,10.6,-2.23,-0.19,91839812.0,15.15,19.76,25.76,11.0,11.3,False,6,,1.1,5.4,False,,0.57,0.48,0.01,18.280000686645508,False,False,False,9.43886551854267,13.843669427195918,4.797900442689109,8.761573243301845,,11.016666666666667,1.223464612885723,7.8232835174627855,,,,6,False,11.3,,,n/d,n/d,,,,False,False,,,Lateral,19.6299991607666,-6.877221252353705,-13.976467356962319,False,False,False,sem sinal (Lateral)
CSAN3,BOVA11+SMALL11,BOVA11,Consumo discricionário,20.69,22.74,9.090909090909092,,,0.9,P/L=-1.70<2,15.76,35.74,22.63,21.92,False,149,Não,,,False,1,8,False,,False,,False,False,False,False,True,False,1,11,False,False,False,False,False,False,True,False,False,False,True,8.46,False,15029927936.0,-1.7,3.04,0.0,2.54,-1.79,-64.7,8.59,-22.18,4.72,2.9,4.64,1.67,1.91,,,2.8,6.4,5.56,0.41,77.05,3.93,3.13,7.5,21.7,-49.2,-1.3,5.25,5.01,-58.3,50.6,-27.4,3.13,6.8,-41.99,3.18,-50.5,-4.91,-1.36,132079147.0,1.0,1.93,3.73,,3.8,True,2,,0.9,-8.0,True,2024,1.86,0.64,-0.02,3.809999942779541,False,False,False,0.7028394100942108,0.9072726083727553,,,,,,2.6717982580837876,0.8050560092334831,0.8050560092334831,0.7245504083101348,2,True,3.8,-80.98292863013674,-78.86992070015194,n/d,n/d,,,,False,False,,,Em Alta,3.9100000858306885,-2.5575483594881376,-51.71102652405226,False,False,False,sem sinal (Em Alta)
AURE3,BOVA11+SMALL11,BOVA11,Serviços públicos,20.59,21.02,18.181818181818183,,,0.1,P/L=-11.97<2,12.79,24.79,11.09,68.49,True,150,Não,Bandeira de alta,"Bandeira de alta (pré-confirmação) — pescoço R$12.61, preço 1.5% abaixo do pescoço; falta fechar acima e segurar",False,2,8,False,,False,,False,False,False,False,True,False,2,11,False,False,False,False,False,False,True,True,False,False,False,1.74,True,12974367744.0,-11.97,1.13,0.0,7.48,-9.47,2.89,2.64,-8.09,12.44,6.49,16.23,1.12,1.85,,,5.9,-85.66,2.04,0.26,71.73,25.67,10.05,14.61,23.6,-15.0,5.9,11.66,11.77,-31.2,32.8,6.8,10.05,14.61,-7.79,2.06,1.4,-2.98,0.2,35398219.0,9.49,14.43,21.92,,3.0,True,3,,33.7,63.5,False,,1.15,0.61,0.1,12.420000076293945,False,False,False,6.756681794909249,12.53321436765889,,,,,,4.19471726422548,7.828204475597873,6.756681794909249,6.081013615418324,3,True,3.0,-51.03853801881084,-36.970978844520566,n/d,n/d,,,,False,False,,,Em Alta,12.770000457763672,-2.740801636048018,-15.279671176214816,False,False,False,sem sinal (Em Alta)
ENEV3,BOVA11,BOVA11,Serviços públicos,20.27,18.55,30.0,,,0.1,,26.86,7.64,21.72,2.05,True,151,Não,Bandeira de alta,"Bandeira de alta (pré-confirmação) — pescoço R$27.97, preço 2.8% abaixo do pescoço; falta fechar acima e segurar",False,1,8,False,,True,,False,,False,False,False,False,3,10,False,False,False,False,False,False,True,False,False,False,True,1.17,True,52033740800.0,54.94,2.6,0.0,0.0,4.73,2.64,5.85,5.03,12.55,3.9,9.18,1.28,1.2,11.62,,-91.5,30.51,4.12,0.26,62.34,34.87,16.08,27.97,69.2,-2.8,4.9,24.09,22.87,-13.5,35.2,35.9,19.82,27.97,21.31,2.22,58.9,-2.95,1.19,287295039.0,28.56,44.66,69.83,11.7,6.2,True,4,,44.3,61.7,False,2025,1.15,0.57,0.01,27.200000762939453,False,False,False,,,5.7483714947704465,10.795162240810622,2.3417547071114604,,2.845355740530864,14.457767620670054,5.4326610458058475,4.296863617650655,3.86717725588559,4,True,6.2,-85.78243695803606,-80.02698200947127,n/d,n/d,,,,False,False,,,Em Alta,27.969999313354492,-2.752944473786234,-3.3747739554691347,False,False,False,sem sinal (Em Alta)
TUPY3,SMALL11,SMALL11,Bens Industriais,18.93,22.27,0.0,,,0.7,P/L=-2.86<2,5.99,41.8,27.12,36.99,False,152,Bandeira de alta,,,False,2,8,False,,False,,False,False,False,False,False,False,0,11,False,False,False,False,False,False,True,True,False,False,False,0.83,True,2187572992.0,-2.86,0.97,0.0,3.58,-33.8,2.01,1.49,-8.26,8.82,3.88,9.69,2.16,1.72,,,-5.8,5.84,1.31,0.87,73.24,26.66,11.34,16.68,47.1,0.0,13.1,13.06,13.51,-22.1,39.2,43.4,11.34,16.68,28.81,2.47,6.6,-3.87,0.27,6720477.0,11.98,19.75,32.54,,1.7,True,3,,-1.6,-9.1,True,2025,1.2,0.53,0.06,16.68000030517578,False,False,False,4.343201402091586,6.37002872306766,,,,,,7.4014993635558834,6.038243162905043,6.37002872306766,5.733025850760894,3,True,1.7,-65.62934205113926,-63.79950208375366,n/d,n/d,,,Bandeira de alta,False,False,,,Em Alta,16.5,1.0909109404592776,-1.0676174297720165,False,True,False,"Bandeira de alta — mastro +14%, recuo 20%, bandeira 10d (candidato)"
