ticker,origem,grupo,setor,investment,investment_base,consistencia,basileia,solvencia,ciclicidade,dado_suspeito,quality,value,safety,dividend,rank_invest,oportunidade_grafica,criterios_ok,criterios_aplicaveis,passa_checklist,mais_5a_bolsa,sem_prejuizo_anual,lucro_20t,div_ge5_5a,div_sem_corte,roe_ge_10,divida_menor_patrim,cresc_receita_5a,cresc_lucro_5a,n_ok,n_aplic,roe_roic_ge_selic,roe_ge_setor,roic_ge_setor,margem_ge_15,cagr_ge_setor,divida_ok,marketcap_ok,insider_ok,margem_ok,roe_ok,alavancagem_ok,div_liq_patrim,nde_ok,market_cap,pl,pvp,dy,dy_teto,roe,roe_medio,roic,mrg_liq,ev_ebitda,div_liq_ebitda,liq_corr,div_patrim,peg,payout,cresc_5a,pl_fut,roa,liq_geral,grau_endiv,indep_fin,min_52s,max_52s,dist_min52,dist_max52,dist_mm100,beta,corr_ibov,close,teto_bazin,teto_gordon,teto_dcf,teto_graham,teto_lynch,teto_projetivo,teto_graham_selic,teto_mult_ebitda,teto_medio,teto_mediana,teto_ajustado,teto_n_metodos,teto_confiavel,teto_dispersao,teto_upside_pct,teto_upside_media_pct,prox_resultado,ex_dividendo,ex_tipo,tese_ia,strategy,in_wishlist,in_carteira,preco_medio,var_pm_pct,trend,breakout_level,pct_to_level,dist_52w_high_pct,fund_ok,breakout,aprovado,note
JHSF3,SMALL11,SMALL11,Imobiliário,77.69,75.52,90.0,,,0.8,,87.5,79.31,46.53,70.14,1,Não,7,8,False,,True,,False,True,True,True,True,True,9,10,True,True,True,True,True,True,True,False,True,True,True,0.28,True,6887136256.0,3.47,0.99,6.23,7.91,28.4,16.71,13.12,52.59,4.67,0.96,1.73,0.79,0.23,27.44,86.6,6.02,7.22,0.72,61.6,36.26,4.9,13.85,110.9,-25.4,-6.2,1.38,0.61,10.329999923706055,5.834592467926665,10.823169028003964,39.44452420435308,26.436821741206156,68.194320866445,19.957004585783377,36.02103719793754,15.764255343286086,,,,6,False,11.7,,,n/d,2026-08-31,próxima,,,False,False,,,Em Baixa,11.149999618530273,-7.354257604291348,-27.015544022835048,True,False,False,sem sinal (Em Baixa; sem novo topo (-7.4%))
VULC3,SMALL11,SMALL11,Consumo discricionário,76.47,77.61,70.0,,,0.9,,88.41,59.85,66.38,95.83,2,Não,6,8,False,,True,,False,False,True,True,False,True,7,10,True,True,True,True,False,True,True,False,True,True,True,0.25,True,4253089024.0,4.66,1.63,29.73,15.45,35.06,31.82,17.83,24.89,6.26,0.76,2.96,0.37,0.47,72.02,-64.7,5.94,11.45,1.64,37.42,62.57,13.54,20.08,0.0,-32.6,-10.4,0.91,0.6,13.539999961853027,14.946178231822698,27.725160620031104,38.498926930161495,23.30360775355916,73.4104735969826,48.32664822129544,25.68123147881375,8.046170641934568,,,,6,False,9.1,,,n/d,2025-12-23,última,,,False,False,,,Em Baixa,14.180000305175781,-4.513401477778178,-33.06885497993284,True,False,False,sem sinal (Em Baixa; sem novo topo (-4.5%))
MDNE3,SMALL11,SMALL11,Imobiliário,75.52,72.97,90.0,,,0.8,,73.02,77.67,63.89,79.17,3,Não,7,8,False,,True,,False,True,True,True,True,True,9,10,True,True,True,True,True,True,True,False,True,True,True,0.19,True,2426892544.0,4.32,1.05,16.73,9.24,24.38,16.15,10.98,19.89,4.18,0.7,2.78,0.43,0.29,39.92,87.7,3.66,6.56,1.12,72.76,27.27,18.83,34.28,24.3,-31.7,-16.8,1.65,0.63,23.399999618530273,15.443940939944623,28.648510443597274,71.77083216331621,52.11594132332214,129.39488056595525,24.74932737598968,64.34428309403454,39.81690299636123,,,,6,False,8.4,,,n/d,2026-01-02,última,,,False,False,,,Em Baixa,25.399999618530273,-7.874015866287354,-31.738621785883748,True,False,False,sem sinal (Em Baixa; sem novo topo (-7.9%))
ABCB10,SMALL11,SMALL11,Produtos financeiros,74.51,78.83,50.0,,,0.4,,78.83,,,,4,Não,1,3,False,,,,,,True,,False,,1,2,True,False,,,False,,,,True,True,True,,True,,,,,,14.9,,,40.92,,,,,,,-2.9,,1.54,,,,,,,,,,,,,,,,,,,,,,,0,True,,,,n/d,n/d,,,,False,False,,,,,,,False,False,False,histórico insuficiente
POMO3,SMALL11,SMALL11,Bens Industriais,74.21,74.95,70.0,,,0.7,,80.97,76.2,52.17,90.28,5,Não,5,8,False,,True,,False,False,True,True,False,True,7,10,True,True,True,False,False,True,True,False,True,True,True,0.46,True,4779390976.0,4.07,1.15,24.15,11.85,28.32,24.74,18.39,13.19,4.38,1.29,1.94,0.81,0.28,48.24,-14.0,,8.72,1.02,59.93,39.42,3.85,6.69,0.0,-42.4,-30.4,0.92,0.46,3.8499999046325684,3.259296829438631,6.04599561860866,12.533783473312413,8.441232318236583,25.078068901485736,11.381189973521957,11.243256279782939,5.0034984260892985,9.108159348258642,9.84224429900976,8.858019869108784,6,True,7.7,130.07844385788795,136.57557334739457,n/d,2026-04-27,última,,,False,False,,,Em Baixa,4.989999771118164,-22.845689755014632,-42.88581731724682,True,False,False,sem sinal (Em Baixa; sem novo topo (-22.8%))
PSSA3,BOVA11,BOVA11,Insurance,73.22,72.91,75.0,,1.8,0.3,,76.67,53.07,100.0,51.39,6,Não,4,6,False,,True,,False,False,True,,True,True,6,8,True,False,True,,True,,True,False,True,True,True,,True,30459955200.0,8.18,1.87,6.47,5.33,22.84,17.35,79.28,8.13,,,,,0.64,43.63,0.3,7.63,6.06,,71.59,28.18,43.07,55.45,10.3,-14.3,-6.8,0.77,0.5,47.52000045776367,18.103385872480157,33.58178079345069,76.97310587596193,57.63286907166977,105.78060999308708,48.583248941904905,62.53424997706241,,44.310380370949424,41.0825148676778,36.974263380910024,4,True,4.3,-22.192207439532375,-6.754250959376562,2026-11-05,2026-06-23,última,,,False,False,,,Em Baixa,54.90999984741211,-13.45838537640558,-14.45544354560424,True,False,False,sem sinal (Em Baixa; sem novo topo (-13.5%))
POMO4,BOVA11+SMALL11,BOVA11,Bens Industriais,73.15,73.71,70.0,,,0.7,,80.97,75.14,52.17,80.56,7,Não,5,8,False,,True,,False,False,True,True,False,True,7,10,True,True,True,False,False,True,True,False,True,True,True,0.46,True,5089741312.0,4.28,1.21,22.97,9.47,28.32,24.74,18.39,13.19,4.55,1.29,1.94,0.81,0.29,40.55,-14.0,4.19,8.72,1.02,59.93,39.42,4.1,7.92,0.0,-48.2,-29.6,0.96,0.49,4.099999904632568,2.774405664606285,5.146522507844658,12.692756714107832,8.54595370842681,23.444317260274886,11.575137762178509,11.59112122571357,5.050313201071913,,,,7,False,8.5,,,n/d,2026-04-27,última,,,False,False,,,Em Baixa,5.380000114440918,-23.791824955032837,-48.43384494063232,True,False,False,sem sinal (Em Baixa; sem novo topo (-23.8%))
VTRU3,SMALL11,SMALL11,Consumo discricionário,70.82,72.29,62.5,,,0.9,P/L=1.74<2,87.06,90.03,49.22,7.64,8,Não,8,8,True,,True,,,,True,True,True,True,5,8,True,True,True,True,True,True,True,True,True,False,True,0.4,True,2103350656.0,1.74,0.47,0.2,0.21,27.23,9.79,15.07,48.63,2.78,2.49,2.13,0.76,,0.36,1514.7,3.83,6.01,0.37,51.99,48.01,8.96,16.86,44.0,-23.4,-3.5,1.11,0.48,12.90999984741211,0.1899398559216578,0.3523384327346752,98.30890688402899,67.7164126893213,222.58620426572602,0.4132333333333333,89.77643572050951,68.23589152435086,,,,4,False,1171.9,,,n/d,n/d,,,,False,False,,,Em Baixa,13.15999984741211,-1.8996960706588628,-25.58177776154198,False,False,False,sem sinal (Em Baixa; sem novo topo (-1.9%))
MILS3,SMALL11,SMALL11,Bens Industriais,70.77,69.14,80.0,,,0.7,,85.54,53.65,58.77,54.86,9,Pivô de alta,6,8,False,,True,,False,True,True,True,True,True,8,10,True,True,True,True,False,True,True,False,True,True,True,0.65,True,3567860736.0,8.14,1.94,6.81,5.72,23.81,18.37,20.65,23.53,4.84,1.28,2.98,0.99,0.64,46.59,21.3,8.37,11.12,0.54,61.6,38.32,10.3,15.81,52.1,-0.9,9.3,0.76,0.48,15.65999984741211,6.402072457652855,11.875844408946044,25.490785992409137,18.692610005448213,35.476728570645506,12.303431051504212,20.517880734317835,17.703656342334533,20.29441958651507,18.692610005448213,16.823349004903392,7,True,5.5,7.428794181524401,29.59399606807034,n/d,2026-04-22,última,"A Mills (MILS3) apresenta uma sólida combinação de eficiência operacional e retorno sobre o capital, com um ROE de 23,8% e um ROIC de 20,6% que se posicionam significativamente acima das médias do setor de bens industriais, de 14,5% e 12,6%, respectivamente. Essa elevada qualidade de rentabilidade convive com múltiplos de preço atrativos, uma vez que o P/L de 8,14 e o P/VP de 1,94 sugerem que o mercado ainda não precifica totalmente a capacidade de geração de valor da companhia. No âmbito financeiro, a excelente rentabilidade é suportada por uma estrutura de endividamento muito saudável, evidenciada pela relação Dívida Líquida/EBITDA de 1,28, que está bem abaixo dos 2,4 do setor, e por uma robusta liquidez corrente de 2,98. Esse balanço desalavancado confere sustentabilidade ao dividend yield de 6,81%, o qual se mostra coerente com a forte margem líquida de 23,53% e com a capacidade de distribuição de lucros sem comprometer a saúde financeira da empresa. Por outro lado, o crescimento da receita nos últimos cinco anos, com um CAGR de 21,3%, ficou abaixo da média setorial de 26,1%, indicando que a companhia expande em ritmo ligeiramente inferior ao de seus pares diretos. No checklist de critérios fundamentalistas, o papel atende a 6 dos 8 requisitos estipulados, sendo penalizado justamente pelo crescimento abaixo do setor e por movimentações de venda de insiders, embora cumpra com folga as exigências de rentabilidade, margem e endividamento. Sob a ótica do valuation, as estimativas de preço-teto revelam uma dispersão acentuada entre os métodos, variando desde os conservadores R$ 6,40 por Bazin e R$ 11,88 por Gordon, até os otimistas R$ 25,49 por Fluxo de Caixa Descontado e R$ 35,48 pelo modelo de Lynch. Diante do preço atual de R$ 15,66, a média dos métodos aponta para R$ 20,29 e o preço-teto ajustado com margem de segurança fica em R$ 16,82, o que projeta um upside de 7,4% em relação a esta métrica ponderada. Em suma, os principais pontos positivos da tese residem na alta rentabilidade operacional, no endividamento sob controle e no valuation convidativo, enquanto os pontos de atenção concentram-se no crescimento de receita abaixo da média dos pares e nas transações recentes de insiders.",Pivô de alta,False,False,,,Em Alta,15.8100004196167,-0.9487701974914109,-1.7565855730371283,True,True,True,Pivô de alta
CURY3,BOVA11+SMALL11,BOVA11,Consumo discricionário,70.77,69.14,80.0,,,0.9,,90.44,33.46,56.97,86.81,10,Rompimento,6,8,False,,True,,False,False,True,True,True,True,8,10,True,True,True,True,False,True,True,False,True,True,True,-0.21,True,9956098048.0,8.9,5.91,13.22,10.4,66.38,57.38,37.72,18.37,5.74,-0.2,1.94,0.71,1.8,92.53,33.5,6.72,16.14,0.91,70.61,24.44,26.99,40.16,19.7,-19.5,2.2,1.28,0.58,32.31999969482422,24.00188398565837,39.00184518520678,42.14956797228574,21.13848525268019,55.75782158061992,51.773513821626594,21.016761378390584,23.019474327582408,34.732419188006325,31.50186458543258,28.351678126889322,8,True,2.7,-12.278222789000804,7.464169294433609,n/d,2026-05-18,última,"A Cury apresenta uma sólida eficiência operacional no setor de consumo discricionário, destacando-se com um ROE de 66,4% e um ROIC de 37,7%, ambos significativamente acima da média dos seus pares, que registram 12,2% e 13,2%, respectivamente. Essa expressiva rentabilidade convive com uma relação de preço e valor patrimonial de 5,91, indicando um prêmio em relação ao valor de livro, embora o múltiplo preço/lucro de 8,9 sugira que o mercado ainda precifica o ativo de forma razoável frente à sua forte geração de caixa. A saúde financeira da companhia é um dos seus maiores trunfos, uma vez que a relação dívida líquida sobre EBITDA negativa de -0,2 situa-se muito abaixo da média setorial de 2,78, evidenciando um caixa líquido robusto que suporta com folga o endividamento sobre o patrimônio de 0,71 e a liquidez corrente de 1,94. Esse endividamento sob controle e a margem líquida de 18,37% garantem a sustentabilidade de um atraente retorno em dividendos de 13,22%, o qual se mostra plenamente coerente com a forte lucratividade e a robustez do balanço. No quesito crescimento, contudo, o avanço da receita nos últimos cinco anos foi de 33,5%, o que, apesar de expressivo, posiciona a empresa abaixo da média de expansão do setor, que foi de 74,3%. No checklist de critérios fundamentalistas, a empresa atende a 6 de 8 requisitos, falhando apenas no crescimento superior aos pares e na ausência de venda de ações por parte de iniciados. Sob a ótica de avaliação, as estimativas de preço-teto revelam uma dispersão relevante entre os métodos, variando desde os conservadores R$ 21,14 por Graham e R$ 24,0 por Bazin até os otimistas R$ 42,15 por fluxo de caixa descontado e R$ 55,76 por Lynch. Essa amplitude resulta em uma média de R$ 34,73 e uma mediana de R$ 31,5, sendo que o preço-teto ajustado com margem de segurança fica em R$ 28,35, o que aponta para um potencial de valorização negativo de 12,3% em relação à cotação atual de R$ 32,32. Como principais prós, destacam-se os excepcionais indicadores de retorno, a estrutura de capital desalavancada e o excelente pagamento de proventos; em contrapartida, pesam negativamente o crescimento abaixo da média setorial, a venda de papéis por insiders e o fato de o preço atual já superar a métrica de valuation ajustada.",Rompimento,False,False,,,Em Baixa,31.770586013793945,1.7293155398258486,-19.698732116967143,True,True,True,"Rompimento (vol x1.0, +1.7% do topo, MM50>MM200)"
RIAA3,SMALL11,SMALL11,Consumo discricionário,70.4,70.47,70.0,,,0.9,,66.53,93.19,39.98,92.36,11,Não,4,8,False,,False,,False,False,True,True,True,True,7,10,True,True,False,False,False,True,True,False,True,False,True,0.47,True,3358801664.0,2.25,0.64,47.2,13.12,28.35,8.06,8.96,14.35,2.53,2.11,1.61,0.68,0.15,29.52,16.6,5.01,4.35,1.05,64.01,35.99,5.72,10.43,16.9,-35.9,-23.4,1.63,0.62,6.690000057220459,6.268623060406251,11.628295777053594,39.396667003631585,26.444547159341795,83.60476609066419,51.88018214566937,35.97733364105225,30.825200223433388,,,,5,False,13.3,,,n/d,n/d,,,,False,False,,,Em Baixa,8.079999923706055,-17.202968807059648,-38.246888245582646,False,False,False,sem sinal (Em Baixa; sem novo topo (-17.2%))
LEVE3,SMALL11,SMALL11,Consumo discricionário,70.3,70.35,70.0,,,0.9,,86.44,56.32,37.18,99.31,12,Não,6,8,False,,True,,True,False,True,False,True,True,7,10,True,True,True,False,False,True,True,True,True,True,True,0.96,True,4441613312.0,6.39,4.62,8.67,19.55,72.29,64.73,34.45,12.31,5.23,1.09,1.37,1.44,0.18,124.92,35.0,6.43,13.84,0.81,77.23,22.71,24.26,35.6,35.1,-7.9,-0.5,0.66,0.46,32.77000045776367,45.76030357321876,84.8853631283208,67.95031393824236,28.60857919062169,153.8497674073412,98.51666666666667,62.05273952096096,23.262886343119884,77.37481906076748,67.95031393824236,61.15528254441813,7,True,6.6,86.61971830985917,136.11479395764334,n/d,2026-04-30,última,,,False,False,,,Lateral,34.0,-3.617645712459794,-9.500134531028204,True,False,False,sem sinal (Lateral)
PETR4,BOVA11,BOVA11,Energia,69.75,75.0,40.0,,,0.9,DY5a=39.1%>=20,87.42,83.35,36.61,,13,Pivô de alta,7,8,False,,True,,False,False,True,True,True,False,4,10,True,True,True,True,True,True,True,False,True,True,True,0.66,True,580288249856.0,4.07,1.13,7.05,39.11,27.73,30.77,19.69,24.32,2.66,1.29,0.85,0.76,0.27,159.18,96.8,4.3,10.07,0.28,65.87,33.99,27.61,48.52,53.8,-12.5,-1.0,0.38,0.26,42.470001220703125,118.6440478994934,220.08470885356024,138.2622889863185,93.93709081576495,313.04669204449476,56.67832500000001,126.26216579127957,59.48181232312019,116.19291995279097,118.6440478994934,106.77964310954407,7,True,5.5,151.42368740383154,173.58821900892636,n/d,2026-08-24,próxima,"A análise fundamentalista da Petrobras (PETR4) revela uma empresa de energia com forte eficiência operacional, apresentando um ROE de 27,7% e um ROIC de 19,7% que se posicionam bem acima das médias do setor, de 16,2% e 13,8% respectivamente, o que sugere uma capacidade superior de gerar valor sobre o capital empregado. Essa alta qualidade técnica convive com múltiplos de preço bastante descontados, evidenciados pelo P/L de 4,07 e pelo P/VP de 1,13, indicando que o mercado precifica o papel de forma conservadora apesar de sua robustez. No âmbito financeiro, a excelente rentabilidade, traduzida em uma margem líquida de 24,32%, é acompanhada por um endividamento controlado, visto que a relação Dívida Líquida/EBITDA de 1,29 está abaixo da média setorial de 1,71, embora a liquidez corrente de 0,85 demande atenção no curto prazo. O dividendo atual de 7,05% mostra-se sustentável e coerente com a geração de lucro e com a desalavancagem da companhia, encontrando suporte em um crescimento histórico expressivo, com o CAGR de receita de cinco anos atingindo 96,8%, patamar significativamente acima dos 70,2% do setor. Esse panorama operacional positivo é chancelado pelo checklist de critérios de investimento, no qual a empresa atende a 7 dos 8 requisitos avaliados, falhando apenas na questão das transações de insiders. Sob a ótica do valuation, as estimativas de preço-teto revelam uma ampla dispersão entre os métodos, variando desde os conservadores R$ 93,94 de Graham até os R$ 313,05 de Lynch, estabelecendo uma média de R$ 116,19 e uma mediana de R$ 118,64. Tomando o preço-teto ajustado com margem de segurança de R$ 106,78 como referência frente à cotação atual de R$ 42,47, projeta-se um expressivo upside de 151,4%, em um momento técnico favorável marcado por tendência de alta e pivô de alta gráfico. Como balanço final, os prós concentram-se no forte crescimento de receita, rentabilidade muito acima dos pares, endividamento sob controle e valuation altamente atrativo, enquanto os contras residem na liquidez corrente abaixo de um e na falta de alinhamento nas movimentações de insiders.",Pivô de alta,False,False,,,Em Alta,43.41999816894531,-2.1879248924557504,-13.604984675121223,True,True,True,Pivô de alta
BRSR6,SMALL11,SMALL11,Produtos financeiros,69.7,70.97,62.5,17.35,,0.4,,47.9,90.93,90.71,85.42,14,Não,2,6,False,,True,,False,False,True,,False,True,5,8,False,False,False,,False,,True,True,True,False,True,,True,5414821888.0,3.55,0.47,11.94,10.16,13.26,9.63,0.0,22.75,,,,,0.42,36.06,-8.3,4.07,1.08,,93.0,6.99,9.81,18.55,34.9,-28.6,-10.6,1.07,0.62,13.239999771118164,9.60764135485743,17.822174713260534,49.41690055417343,48.62013172801107,69.50786076716122,33.99904200204345,29.83782991725354,,33.74603908982581,33.99904200204345,30.59913780183911,3,True,5.1,131.1113166979678,154.8794537250648,n/d,n/d,,,,False,False,,,Em Baixa,14.380000114440918,-7.92767965403508,-28.908825594700925,False,False,False,sem sinal (Em Baixa; sem novo topo (-7.9%))
PLPL3,SMALL11,SMALL11,Consumo discricionário,69.36,72.78,50.0,,,0.9,,79.77,81.82,51.92,60.42,15,Não,5,8,False,,True,,False,False,True,False,False,True,5,10,True,True,True,False,False,True,True,False,True,True,True,0.43,True,1390178560.0,4.51,1.23,7.3,6.32,27.32,38.02,24.26,9.85,1.88,0.9,2.87,1.28,0.3,28.51,-37.9,2.7,8.79,1.2,73.04,24.14,6.46,17.36,6.0,-60.5,-28.3,1.43,0.5,6.849999904632568,3.0928253614334005,5.737191045458958,20.12472255795599,13.795612840462471,32.38349304424749,12.103431794860946,18.378048524623967,21.92454897680834,,,,6,False,10.5,,,n/d,2025-12-30,última,,,False,False,,,Em Baixa,7.670000076293945,-10.691006043087182,-60.58832017802032,True,False,False,sem sinal (Em Baixa; sem novo topo (-10.7%))
CXSE3,BOVA11,BOVA11,Insurance,68.99,65.72,87.5,,1.6,0.3,,64.67,33.99,100.0,81.25,16,Não,4,6,False,,True,,True,True,True,,True,True,7,8,True,False,False,,True,,True,True,True,True,True,,True,53789999104.0,11.88,3.9,7.55,9.62,32.79,28.44,-1.21,75.43,,,,,0.93,114.34,12.8,10.42,20.76,,8.23,91.77,12.48,22.04,43.6,-18.7,-4.0,0.68,0.53,17.93000030517578,12.326611494121117,22.86586432159467,19.99768552555379,12.494849578856622,33.84482868888431,22.898448930232796,16.174947365251167,,19.522152567875594,21.43177492357423,19.288597431216807,4,True,1.9,7.57722868330819,8.879822842168128,2026-11-09,2026-11-04,próxima,,,False,False,,,Em Baixa,20.354660034179688,-11.912062028706938,-19.024753029899667,True,False,False,sem sinal (Em Baixa; sem novo topo (-11.9%))
VLID3,SMALL11,SMALL11,Bens Industriais,68.96,68.78,70.0,,,0.7,,64.85,75.35,67.0,73.61,17,Não,4,8,False,,True,,False,False,True,True,False,True,7,10,True,False,True,False,False,True,True,False,True,True,True,0.1,True,1337174272.0,5.87,0.77,11.5,8.58,13.18,13.73,15.68,11.15,3.07,0.46,2.3,0.41,0.9,50.36,-32.9,9.82,7.53,1.13,45.32,54.23,16.3,22.63,4.8,-24.5,-5.0,0.95,0.52,17.09000015258789,10.472892999511483,19.4272165140938,38.576235438124286,38.13018500487927,44.02579330651251,34.61835329996616,19.75057151628356,31.704961174746522,32.31904517922944,34.61835329996616,31.156517969969546,7,True,4.2,82.30847098764713,89.11085366102502,2026-11-04,2026-08-13,última,,,False,False,,,Em Baixa,18.46053695678711,-7.424143768988989,-25.14838091283933,True,False,False,sem sinal (Em Baixa; sem novo topo (-7.4%))
PETR3,BOVA11,BOVA11,Energia,68.6,73.65,40.0,,,0.9,DY5a=37.2%>=20,87.42,78.48,36.61,,18,Pivô de alta,7,8,False,,True,,False,False,True,True,True,False,4,10,True,True,True,True,True,True,True,False,True,True,True,0.7,True,611699261440.0,4.53,1.25,6.34,37.2,27.73,30.77,19.69,24.32,2.84,1.29,0.85,0.76,0.3,168.52,96.8,3.21,10.07,0.28,65.87,33.99,29.5,53.92,60.9,-12.0,-0.7,0.41,0.25,47.459999084472656,126.11420377682786,233.94184800601568,138.817878116835,94.60517143709235,314.3046296984944,56.67832500000001,126.76953397839274,58.76672557855741,143.74978944902693,126.4418688776103,113.79768198984928,8,True,5.5,139.7759885905268,202.88620358624726,2026-08-06,2026-08-24,próxima,"A análise fundamentalista da PETR3 revela uma empresa de energia com forte geração de valor, onde a alta qualidade operacional convive com múltiplos de preço bastante descontados. O retorno sobre o patrimônio líquido de 27,7% e o retorno sobre o capital investido de 19,7% situam-se confortavelmente acima das médias do setor, de 16,2% e 13,8% respectivamente, sugerindo uma eficiência superior na alocação de capital que é negociada a um preço sobre lucro de apenas 4,53 vezes e uma relação preço sobre valor patrimonial de 1,25. Essa rentabilidade robusta é acompanhada por um endividamento controlado, visto que a relação entre dívida líquida e EBITDA de 1,29 está abaixo da média setorial de 1,71, embora a liquidez corrente de 0,85 demande atenção no curto prazo. O rendimento de dividendos de 6,34% mostra-se sustentável e coerente com a forte margem líquida de 24,32% e a desalavancagem financeira, permitindo que a distribuição de proventos ocorra sem comprometer a estrutura de capital. No quesito crescimento, a companhia superou significativamente seus pares com uma expansão anual composta de receita nos últimos cinco anos de 96,8%, frente aos 70,2% do setor, o que valida o cumprimento de sete dos oito critérios do checklist fundamentalista, falhando apenas na questão das transações de insiders. Sob a ótica de valuation, as estimativas de preço-teto apresentam uma dispersão acentuada entre os métodos, variando desde os conservadores R$ 94,61 de Graham até os otimistas R$ 314,3 de Lynch, resultando em uma média de R$ 143,75 e uma mediana de R$ 126,44. Mesmo aplicando uma margem de segurança que ajusta o teto para R$ 113,8, o papel exibe um expressivo potencial de valorização de 139,8% em relação ao preço atual de R$ 47,46. Como prós, destacam-se a eficiência operacional acima da média, o valuation atrativo com grande margem de segurança e o forte crescimento histórico; como contras, pesam a liquidez de curto prazo mais apertada, a venda de ações por parte de insiders e o score de segurança moderado de 37,0.",Pivô de alta,False,False,,,Em Alta,49.040000915527344,-3.2218633800115137,-13.097289244367316,True,True,True,Pivô de alta
LAVV3,SMALL11,SMALL11,Imobiliário,67.43,65.21,80.0,,,0.8,,67.2,57.85,55.29,94.44,19,Não,5,8,False,,True,,True,False,True,True,False,True,8,10,True,True,False,True,False,True,True,False,True,True,True,0.36,True,1846854528.0,5.11,1.27,25.7,14.01,24.9,19.67,8.69,19.91,6.62,1.46,3.93,0.85,0.72,71.59,-30.3,2.7,4.85,1.47,60.31,33.37,9.22,18.94,2.5,-50.1,-20.1,1.47,0.71,9.449999809265137,9.45628299970725,17.541404964456948,24.503424162967324,17.595870143718734,38.990966395819626,24.478339253568347,13.164127819259154,9.449999809265137,19.397551943595314,17.568637554087843,15.81177379867906,8,True,4.1,67.32036103510393,105.26510407521089,n/d,2026-02-03,última,,,False,False,,,Em Baixa,10.569999694824219,-10.596025713297886,-50.21074796005139,True,False,False,sem sinal (Em Baixa; sem novo topo (-10.6%))
TGMA3,SMALL11,SMALL11,Bens Industriais,67.25,66.77,70.0,,,0.7,,79.33,34.07,70.78,84.03,20,Pivô de alta,6,8,False,,True,,False,False,True,True,True,True,7,10,True,True,True,False,False,True,True,True,True,True,True,0.03,True,2208915456.0,8.64,2.21,10.92,10.07,25.55,24.91,27.01,10.14,5.97,0.07,2.22,0.23,2.6,86.99,23.5,6.59,14.79,1.33,34.75,65.25,26.65,39.14,25.7,-14.4,10.0,0.91,0.5,33.5,24.092931572830327,32.64172403542914,37.522042453786035,36.36495529496533,51.924449738479495,48.92410801603978,18.45709815429379,29.721518031366514,34.9561034121488,34.50333966519723,31.05300569867751,8,True,2.8,-7.304460600962659,4.3465773496979,n/d,2026-08-07,última,"A Tegma (TGMA3) apresenta-se como uma empresa de alta eficiência operacional no setor de bens industriais, evidenciada por um ROE de 25,6% e um ROIC de 27,0% que se posicionam significativamente acima das médias setoriais de 14,5% e 12,6%, respectivamente. Essa expressiva rentabilidade convive com múltiplos de preço que sugerem um valuation ainda razoável, dado que o P/L de 8,64 e o P/VP de 2,21 mostram que o mercado não precifica esses retornos com ágio excessivo, embora o indicador de valor do score geral seja o mais moderado da companhia. No campo da estrutura de capital, a excelente rentabilidade é sustentada por um endividamento extremamente baixo, com a relação dívida líquida sobre EBITDA em apenas 0,07 — muito abaixo da média dos pares de 2,4 —, o que confere robustez financeira e uma liquidez corrente confortável de 2,22. Essa combinação de balanço desalavancado e forte geração de caixa viabiliza um dividend yield robusto de 10,92%, o qual se mostra altamente sustentável diante do lucro consistente e do baixo endividamento da operação. Por outro lado, o crescimento da receita nos últimos cinco anos, com CAGR de 23,5%, ficou ligeiramente abaixo da média setorial de 26,1%, indicando que a empresa prioriza a rentabilidade em detrimento de uma expansão acelerada a qualquer custo. No checklist de critérios fundamentalistas, a TGMA3 atende a 6 dos 8 requisitos avaliados, falhando apenas na margem líquida de 10,14% (abaixo do sarrafo de 15%) e no crescimento histórico inferior ao de seus pares. Sob a ótica do valuation por múltiplos métodos de preço-teto, observa-se uma dispersão relevante entre a abordagem conservadora de Bazin (R$ 24,09) e a projeção otimista de Lynch (R$ 51,92), resultando em uma média de R$ 34,96 e uma mediana de R$ 34,50. Frente ao preço atual de R$ 33,50, o papel exibe um desconto em relação à média histórica dos modelos, embora o preço-teto ajustado com margem de segurança (R$ 31,05) aponte para um upside negativo de 7,3%, sugerindo que o investidor atual paga um prêmio pela qualidade do ativo no momento em que o sinal gráfico indica tendência de alta. Como prós, destacam-se a excepcional eficiência de retorno sobre o capital, o endividamento quase nulo e o provento altamente atrativo; como contras, pesam o crescimento ligeiramente abaixo do setor e a escassez de margem de segurança em relação ao preço-teto ajustado.",Pivô de alta,False,False,,,Em Alta,33.70000076293945,-0.5934740605685662,-15.267320000954832,True,True,True,Pivô de alta
DIRR3,BOVA11+SMALL11,BOVA11,Consumo discricionário,66.82,66.26,70.0,,,0.9,,72.33,54.61,54.78,90.97,21,Não,5,8,False,,True,,False,False,True,False,True,True,7,10,True,True,False,True,False,True,True,False,True,True,True,0.54,True,3494881280.0,6.36,2.34,14.83,12.12,36.78,26.14,9.99,17.73,4.69,0.6,4.18,1.16,0.75,77.08,8.6,4.65,5.44,1.01,82.45,14.5,10.45,16.95,2.2,-37.0,-17.6,1.45,0.64,10.680000305175781,9.246011294918047,17.151350952072974,22.250000635782875,13.131853759074763,34.50593696618565,25.630674473031707,13.382206873350729,8.958501920147674,18.03206710932055,15.266778912711851,13.740101021440667,8,True,3.9,28.652627610711654,68.8395748507777,n/d,2025-12-17,última,,,False,False,,,Em Baixa,11.84000015258789,-9.797295882285662,-38.11520729807497,True,False,False,sem sinal (Em Baixa; sem novo topo (-9.8%))
GRND3,SMALL11,SMALL11,Consumo discricionário,66.29,65.64,70.0,,,0.9,,63.41,54.11,67.91,100.0,22,Não,5,8,False,,True,,False,False,True,True,False,True,7,10,True,True,False,True,False,True,True,False,True,True,True,-0.31,True,3265819136.0,5.5,0.99,43.56,19.56,18.04,16.72,7.81,24.95,8.41,-3.59,2.05,0.02,,107.55,-24.5,4.83,2.66,2.01,29.93,70.07,3.43,4.92,5.5,-26.5,-9.8,0.74,0.46,3.619999885559082,5.056445397098576,7.362184498175528,6.845090692693537,7.358696202410515,,5.269110193822403,1.7582856587001259,2.2982426976970407,5.698294946982933,6.05710044325797,5.4513903989321735,6,True,4.2,50.59089975883375,57.41146760016744,n/d,n/d,,,,False,False,,,Em Baixa,3.75,-3.4666697184244755,-27.19550853973417,False,False,False,sem sinal (Em Baixa; sem novo topo (-3.5%))
LREN3,BOVA11+SMALL11,BOVA11,Consumo discricionário,65.86,65.13,70.0,,,0.9,,69.99,69.77,56.66,48.61,23,Não,6,8,False,,True,,False,False,True,True,True,True,7,10,True,True,True,False,False,True,True,True,True,True,True,0.13,True,10589300736.0,7.56,1.09,8.13,4.36,14.41,11.89,23.53,9.35,2.04,0.59,1.69,0.32,0.78,32.95,3.2,6.44,6.22,1.29,46.72,53.28,11.02,16.05,0.0,-31.3,-22.2,1.45,0.67,11.020000457763672,3.430445904368355,6.3634771526032985,19.31415424145088,18.20952951273368,20.437149815798644,15.903764455340006,12.747163498182465,26.135471654190113,18.791205529615965,18.76184187709228,16.885657689383052,6,True,7.6,53.227377386241216,70.51909935609324,2026-11-05,2026-06-24,última,,,False,False,,,Em Baixa,13.899999618530273,-20.71941899140225,-33.25986155746343,True,False,False,sem sinal (Em Baixa; sem novo topo (-20.7%))
CEAB3,BOVA11+SMALL11,BOVA11,Consumo discricionário,65.69,65.52,66.66666666666667,,,0.9,,62.17,89.38,44.39,63.19,24,Não,5,8,False,,False,,False,,True,True,False,True,6,9,True,True,True,False,False,True,True,False,False,False,True,0.51,True,2352102912.0,4.39,0.65,6.52,6.49,14.79,7.33,14.93,7.02,1.97,1.94,1.67,0.72,0.42,28.48,-9.5,4.19,5.91,0.81,60.22,39.78,7.84,17.96,0.0,-56.3,-28.2,1.69,0.57,7.840000152587891,3.632658474052559,6.738581469367497,23.66287061999762,22.014984891665787,30.476126450986854,9.598186507478145,16.64539861304972,,,,,6,False,8.4,,,n/d,n/d,,,,False,False,,,Em Baixa,9.779999732971191,-19.836397069040856,-56.62292612294726,False,False,False,sem sinal (Em Baixa; sem novo topo (-19.8%))
INTB3,SMALL11,SMALL11,Tecnologia de informação,65.38,66.33,60.0,,,0.5,,72.63,53.46,78.13,46.53,25,Fundo duplo,5,8,False,,True,,False,False,True,True,True,True,6,10,True,True,True,False,False,True,True,False,True,True,True,-0.17,True,4623493120.0,7.75,1.4,8.52,4.3,18.07,19.14,17.52,13.1,6.1,-1.0,2.64,0.26,0.64,33.33,14.3,7.11,5.97,1.67,43.4,56.17,9.95,15.13,42.0,-6.6,3.0,1.02,0.5,14.130000114440918,4.340594332424813,8.051802486648029,24.15774213114092,20.347851306455162,29.80592868001168,16.73730749771591,18.67709786637926,14.040448737930209,18.831168386611598,18.67709786637926,16.809388079741336,7,True,6.9,18.962405828730834,33.270829682202674,n/d,n/d,,,Fundo duplo,False,False,,,Em Alta,15.130000114440918,-6.609385277172231,-9.76465323702297,False,True,False,Fundo duplo — rompeu pescoço ~R$13.81 (candidato)
ALPA4,SMALL11,SMALL11,Consumo discricionário,64.76,63.83,70.0,,,0.9,,76.41,41.26,58.13,75.0,26,Não,6,8,False,,False,,False,False,True,True,True,True,7,10,True,True,True,False,True,True,True,False,True,False,True,0.21,True,8435695616.0,12.45,2.41,14.04,8.78,19.37,-7.05,17.96,14.52,7.98,0.82,1.91,0.39,0.13,109.25,92.8,10.11,7.61,0.98,45.48,54.52,7.74,16.06,60.5,-22.7,1.8,1.07,0.46,12.420000076293945,7.784777326888146,14.440761941377511,13.218072370352994,10.75522896914935,29.92771102721433,10.329989999999999,12.070843447643114,5.5637375879330255,10.594773091906305,10.75522896914935,9.679706072234415,7,True,5.4,-22.063558673320216,-14.695869349239787,n/d,n/d,,,,False,False,,,Em Alta,13.529999732971191,-8.20398875524212,-23.427863119154846,False,False,False,sem sinal (Em Alta)
MULT3,BOVA11+SMALL11,BOVA11,Imobiliário,63.36,62.19,70.0,,,0.8,,87.31,40.13,44.53,39.58,27,Não,7,8,False,,True,,False,False,True,True,True,True,7,10,True,True,True,True,True,True,True,False,True,True,True,0.74,True,13125675008.0,9.89,2.03,4.2,3.71,20.52,17.07,18.7,43.42,7.41,2.13,1.64,0.75,0.76,36.67,62.0,10.1,10.89,0.29,52.11,47.88,25.11,35.12,6.4,-23.9,-10.1,1.26,0.8,26.729999542236328,7.078621747356105,13.130843341345575,35.81117228863814,28.297237874735444,45.14484839360638,26.509870189816198,29.298441636557254,22.73188555837369,28.70347132615324,28.297237874735444,25.4675140872619,7,True,6.4,-4.72310316720942,7.3829847276974725,2026-10-29,2026-07-01,última,,,False,False,,,Em Baixa,29.06999969482422,-8.049536213117047,-24.230757826111294,True,False,False,sem sinal (Em Baixa; sem novo topo (-8.0%))
VIVA3,BOVA11+SMALL11,BOVA11,Consumo discricionário,62.99,63.52,60.0,,,0.9,,76.96,54.61,67.5,17.36,28,Não,6,8,False,,True,,False,False,True,True,True,True,6,10,True,True,True,True,False,True,True,False,True,True,True,0.27,True,4864944640.0,8.41,1.55,3.34,1.97,18.4,21.98,17.32,18.56,5.56,0.97,4.19,0.38,0.56,16.57,9.5,6.46,10.2,1.73,37.54,62.46,20.42,35.35,1.3,-41.5,-11.8,1.13,0.52,20.690000534057617,2.9116149070536883,5.401045652584592,32.59720654890171,27.182407194406824,41.74941934716003,10.853405399094557,29.768015037110242,13.793746584628186,,,,6,False,14.3,,,n/d,2025-12-22,última,,,False,False,,,Em Baixa,22.84000015258789,-9.413308249416396,-42.35403266623712,True,False,False,sem sinal (Em Baixa; sem novo topo (-9.4%))
BBSE3,BOVA11,BOVA11,Insurance,62.26,60.01,75.0,,1.3,0.3,,68.13,31.94,61.0,91.67,29,Não,5,6,False,,True,,True,False,True,,False,True,6,8,True,True,False,,True,,True,True,True,True,True,,True,72408571904.0,7.81,6.59,12.6,12.83,84.38,83.67,0.0,87.93,,,,,,100.21,-0.1,8.47,28.81,,55.04,44.96,28.02,40.52,33.1,-7.9,5.2,0.54,0.51,37.29999923706055,34.186540522680836,49.775603001023306,49.6696532734225,24.662202406044113,,59.50416498381771,12.758551046881877,,48.283990445236086,49.7226281372229,44.75036532350061,4,True,1.7,19.974172222066766,29.447698211377073,2026-11-03,2026-08-07,última,,,False,False,,,Em Baixa,40.03296661376953,-6.826792036363772,-8.501478962238707,True,False,False,sem sinal (Em Baixa; sem novo topo (-6.8%))
TOTS3,BOVA11+SMALL11+Wishlist,BOVA11,Tecnologia de informação,61.97,58.79,80.0,,,0.5,,86.88,33.0,49.96,14.58,30,Pivô de alta,6,8,False,,True,,False,False,True,True,True,True,8,10,True,True,True,True,True,False,True,False,True,True,True,0.61,True,17522571264.0,12.27,3.21,2.33,1.39,26.12,14.98,23.37,21.63,7.13,2.09,1.84,0.92,0.82,17.03,269.5,14.45,7.39,1.0,42.41,54.01,27.05,47.43,13.0,-35.5,-2.4,0.95,0.44,30.56999969482422,3.031414992453847,5.6232748110018855,33.01161336238149,23.105315114388162,40.83046498098754,10.59424454785779,30.14645446677857,24.055538007208167,,,,6,False,13.5,,,2026-11-04,2026-06-16,última,"A TOTVS (TOTS3) apresenta uma sólida eficiência operacional no setor de tecnologia da informação, evidenciada por um ROE de 26,1% e um ROIC de 23,4% que se posicionam significativamente acima dos pares setoriais, sugerindo forte capacidade de geração de valor sobre o capital empregado. Essa elevada qualidade operacional convive com múltiplos de preço que demandam atenção, pois o P/L de 12,27 e o P/VP de 3,21 indicam que o mercado cobra um prêmio pelo papel, embora o PEG de 0,82 aponte que esse preço está atrativo quando ponderado pelo forte crescimento de lucros. No âmbito financeiro, a excelente rentabilidade traduzida em uma margem líquida de 21,63% é acompanhada por um endividamento que, com relação Dívida Líquida/EBITDA de 2,09, situa-se acima da média do setor, mas ainda mantém uma confortável liquidez corrente de 1,84. Esse endividamento mais pronunciado e o foco na expansão ajudam a explicar o modesto dividend yield de 2,33%, demonstrando que a empresa prioriza a retenção de lucros para sustentar seu crescimento em detrimento de proventos agressivos. O perfil de expansão da companhia é altamente robusto, registrando um CAGR de receita de cinco anos de 269,5%, patamar que supera amplamente a média setorial e corrobora o sucesso da tese de crescimento. No checklist de critérios fundamentalistas, a empresa atende a 6 dos 8 requisitos avaliados, falhando apenas no nível de endividamento comparado ao setor e na ocorrência de venda de ações por insiders. Sob a ótica do valuation, as estimativas de preço-teto revelam uma enorme dispersão entre as metodologias, variando desde valores muito baixos nos modelos focados em dividendos, como Bazin a R$ 3,03 e Gordon a R$ 5,62, até patamares bem mais generosos em modelos de fluxo de caixa e crescimento, como Graham a R$ 23,11, o DCF a R$ 33,01 e Lynch a R$ 40,83, o que reflete a natureza de crescimento da empresa frente à cotação atual de R$ 30,57. Em suma, os principais prós do ativo residem em sua rentabilidade excepcional, forte ritmo de crescimento histórico e indicadores de eficiência muito superiores aos seus pares, enquanto os contras concentram-se no endividamento acima da média setorial, na baixa distribuição de dividendos e no prêmio patrimonial exigido pelo mercado.",Pivô de alta,True,False,,,Lateral,32.5099983215332,-5.967390731681499,-35.890136203446566,True,True,True,Pivô de alta
ABCB4,SMALL11,SMALL11,Produtos financeiros,61.89,66.19,37.5,16.87,,0.4,,52.9,69.13,83.86,83.33,31,Não,2,6,False,,True,,False,False,True,,False,True,3,8,True,False,False,,False,,True,False,True,True,True,,True,5824015360.0,5.78,0.81,11.52,10.05,14.05,14.98,0.0,40.92,,,,,0.98,58.07,-2.9,4.73,1.54,,89.78,10.19,18.99,26.85,19.0,-15.8,-4.9,0.91,0.69,22.600000381469727,16.216922437442953,29.6508186959847,51.064704383122525,49.54425210243871,62.31704358005681,45.830147249062,24.925967308823594,,35.69064819140305,37.74048297252335,33.96643467527102,4,True,3.1,50.29395620329677,57.92321942023795,n/d,n/d,,,,False,False,,,Em Baixa,24.15999984741211,-6.456951472661043,-17.30210951776302,False,False,False,sem sinal (Em Baixa; sem novo topo (-6.5%))
CYRE3,BOVA11+SMALL11,BOVA11,Consumo discricionário,61.69,60.22,70.0,,,0.9,,61.63,65.56,46.46,68.06,32,Não,4,8,False,,True,,False,False,True,True,False,True,7,10,True,True,False,True,False,False,True,False,True,True,False,0.56,True,7865466368.0,4.74,0.87,10.84,7.26,18.26,15.44,7.03,20.56,7.93,3.08,3.37,0.73,0.4,34.43,-2.0,4.01,3.68,1.17,56.08,39.17,19.83,35.31,8.3,-39.2,-6.9,1.69,0.66,21.469999313354492,11.139165162462275,20.66315137636752,60.01634829154999,50.150410525546555,87.13364824963605,30.905307157911565,46.18974626420924,4.213671669716933,,,,6,False,20.7,,,n/d,n/d,,,,False,False,,,Em Baixa,21.829999923706055,-1.6491095355461893,-40.38619747743337,False,False,False,sem sinal (Em Baixa; sem novo topo (-1.6%))
BBDC3,BOVA11,BOVA11,Produtos financeiros,60.64,60.31,62.5,15.65,,0.4,,50.79,66.94,66.43,74.31,33,Não,3,6,False,,True,,False,False,True,,True,True,5,8,True,False,False,,True,,True,False,True,True,True,,True,155424194560.0,6.21,0.88,9.75,8.7,14.13,11.35,0.0,26.07,,,,,0.96,54.01,17.8,,1.07,,92.32,7.66,12.38,17.96,15.2,-20.5,-9.3,1.16,0.84,14.270000457763672,8.8657775202779,16.446017300115507,30.447263456581098,28.95530273413307,34.918400350946854,25.56139775514511,15.523981700030683,,20.330114008029902,21.003707527630308,18.903336774867277,4,True,3.4,32.46906915537493,42.46750774958239,2026-11-04,2026-09-02,próxima,,,False,False,,,Em Baixa,16.36358070373535,-12.794145021656378,-21.551181234968364,True,False,False,sem sinal (Em Baixa; sem novo topo (-12.8%))
ITSA4,BOVA11,BOVA11,Financial Services,60.58,59.5,66.66666666666667,,,0.4,,61.36,48.02,,79.86,34,Não,5,6,False,,True,,False,False,True,,True,True,6,9,True,True,True,,True,,True,False,True,True,True,,True,138522853376.0,7.71,1.49,10.48,9.4,19.36,17.48,0.38,214.29,,,,,1.45,72.46,28.4,6.51,0.38,0.64,16.02,79.82,9.45,14.81,30.8,-16.6,-7.6,1.24,0.88,12.359999656677246,8.297161041535478,14.115413508037669,19.480501395429233,17.29774117554629,23.613819321941588,17.41529103080607,9.655402632922465,,14.827091743952113,15.76535226942187,14.188817042479682,4,True,2.3,14.79625757768086,19.960292522678746,n/d,2026-09-01,próxima,,,False,False,,,Em Baixa,13.880000114440918,-10.951011853250957,-17.875389265702314,True,False,False,sem sinal (Em Baixa; sem novo topo (-11.0%))
TEND3,SMALL11,SMALL11,Consumo discricionário,60.58,62.45,50.0,,,0.9,,77.5,53.99,53.03,34.72,35,Não,5,8,False,,False,,False,False,True,True,False,False,5,10,True,True,True,False,False,True,True,False,True,False,True,0.24,True,4111271424.0,7.13,2.68,4.34,3.32,37.61,-8.65,14.39,12.08,4.87,0.47,1.96,0.79,0.48,23.69,-11.5,4.93,7.18,0.76,81.81,18.11,19.56,36.71,71.5,-8.6,6.1,1.59,0.57,33.540000915527344,7.960313715588313,14.76638194241632,62.32889370697578,36.39503716849007,86.19136125542028,22.514801130999526,56.919216139955246,27.135280682104582,,,,6,False,10.8,,,n/d,n/d,,,,False,False,,,Lateral,33.66999816894531,-0.38609224974021084,-9.916232784575197,False,False,False,sem sinal (Lateral)
ITUB4,BOVA11,BOVA11,Produtos financeiros,59.96,57.3,75.0,15.95,,0.4,,59.01,39.45,70.71,67.36,36,Não,4,6,False,,True,,False,False,True,,True,True,6,8,True,True,False,,True,,True,False,True,True,True,,True,423019479040.0,9.23,2.07,8.89,7.16,22.45,19.06,0.0,32.58,,,,,1.21,66.04,8.1,7.53,1.58,,92.99,6.67,32.61,48.4,17.7,-20.7,-7.8,1.18,0.86,38.380001068115234,19.6157939513998,36.387297779846634,55.09588452356736,41.64954087399989,61.45180005482238,45.23788430465578,31.033177780436052,,39.084215139867396,40.812591042251206,36.73133193802609,4,True,2.8,-4.295646389282681,1.834846409989277,n/d,2026-09-01,próxima,,,False,False,,,Em Baixa,43.16999816894531,-11.095662043080189,-21.189356740356658,True,False,False,sem sinal (Em Baixa; sem novo topo (-11.1%))
ABEV3,BOVA11,BOVA11,Bens de primeira necessidade,59.95,59.94,60.0,,,0.0,,81.39,18.01,67.33,53.47,37,Não,7,8,False,,True,,False,False,True,True,True,True,6,10,True,True,True,True,True,True,True,False,True,True,True,-0.17,True,226211381248.0,14.31,2.63,5.25,5.43,18.4,17.07,20.62,18.41,8.08,-0.57,1.02,0.03,3.49,77.72,24.6,13.21,10.3,0.81,38.81,60.59,11.06,16.9,32.6,-13.2,-7.0,0.67,0.46,14.670000076293945,5.691165507785574,8.377458266544458,10.77887669750485,11.342889049042963,9.770327638863058,14.94083833497797,5.380174858744925,10.279935857637604,9.570208276387675,10.025131748250331,9.022618573425298,8,True,2.8,-38.49612456372484,-34.763406771533035,2026-10-29,2026-09-22,próxima,,,False,False,,,Em Baixa,16.100000381469727,-8.881989262693669,-13.668734056572307,True,False,False,sem sinal (Em Baixa; sem novo topo (-8.9%))
SEER3,SMALL11,SMALL11,Consumo discricionário,59.89,61.63,50.0,,,0.9,,70.18,82.85,35.92,21.53,38,Não,5,8,False,,False,,False,False,True,False,True,False,5,10,True,True,True,False,False,True,True,False,True,False,True,0.78,True,1423810048.0,5.34,0.95,4.24,2.41,17.83,-1.1,17.04,10.92,2.49,1.82,1.56,1.16,0.36,12.89,72.6,4.45,8.94,0.47,59.3,40.7,7.9,13.75,40.7,-19.1,-7.3,1.41,0.47,11.119999885559082,1.9168306238556245,3.555720807252183,27.591760015666257,23.41874462033991,36.261353374038386,12.111493333333335,25.197003486004665,36.6161461786736,,,,6,False,19.1,,,n/d,n/d,,,,False,False,,,Em Baixa,12.350000381469727,-9.959517877879343,-21.302195360958297,False,False,False,sem sinal (Em Baixa; sem novo topo (-10.0%))
EZTC3,SMALL11,SMALL11,Consumo discricionário,59.58,57.74,70.0,,,0.9,,52.27,60.53,68.34,54.17,39,Não,3,8,False,,True,,False,False,True,True,False,True,7,10,False,False,False,True,False,True,True,False,True,False,True,0.0,True,2984383232.0,5.57,0.57,9.38,5.69,10.15,7.87,5.14,36.95,9.44,0.07,3.06,0.34,0.8,31.68,-22.5,4.71,2.75,2.48,28.86,69.9,9.84,16.23,9.4,-33.7,-16.5,1.32,0.62,10.760000228881836,4.371774906758401,8.109642452036834,25.59605081376738,28.644319828454314,24.383551846323645,14.29320033908761,13.580475985469933,4.548351746345142,19.101206877523285,19.338376092705627,17.404538483435065,6,True,6.6,61.75221294808206,77.5205062380213,n/d,n/d,,,,False,False,,,Em Baixa,11.387590408325195,-5.511176262403527,-34.56389765768721,False,False,False,sem sinal (Em Baixa; sem novo topo (-5.5%))
KEPL3,SMALL11,SMALL11,Bens Industriais,59.28,64.45,30.0,,,0.7,,64.83,50.02,65.62,96.53,40,Não,6,8,False,,True,,False,False,True,True,False,False,3,10,True,True,True,False,False,True,True,True,True,True,True,-0.02,True,1017022400.0,7.43,1.3,4.99,16.59,17.52,36.22,12.97,9.71,5.92,-0.07,2.04,0.43,,123.24,-56.2,10.63,6.76,1.34,48.81,51.19,5.75,10.45,2.1,-43.8,-16.5,0.99,0.49,5.869999885559082,6.9546949159970834,10.126035797691754,8.21641975905982,8.95907699160514,,9.431259933322844,2.110536394154102,5.267292206988854,8.159129934110917,8.587748375332481,7.7289735377992335,6,True,4.8,31.669057725426097,38.99710550562998,n/d,n/d,,,,False,False,,,Em Baixa,6.489999771118164,-9.553157279268476,-44.095239185151605,False,False,False,sem sinal (Em Baixa; sem novo topo (-9.6%))
BBDC4,BOVA11,BOVA11,Produtos financeiros,58.8,58.15,62.5,15.65,,0.4,,50.79,59.13,66.43,72.22,41,Não,3,6,False,,True,,False,False,True,,True,True,5,8,True,False,False,,True,,True,False,True,True,True,,True,176662953984.0,7.08,1.0,9.4,8.33,14.13,11.35,0.0,26.07,,,,,1.22,58.96,17.8,5.39,1.07,,92.32,7.66,14.51,20.89,11.8,-22.4,-10.4,1.23,0.83,16.219999313354492,9.647785827121714,17.425646190669692,29.55634832275816,28.915150806465757,32.36356248885039,27.957116362336127,14.471349452415234,,21.146724175721424,22.69138127650291,20.42224314885262,4,True,3.1,25.907792930905195,30.37438391449614,n/d,2026-09-02,próxima,,,False,False,,,Em Baixa,18.718494415283203,-13.347735381370995,-23.630970507120896,True,False,False,sem sinal (Em Baixa; sem novo topo (-13.3%))
ISAE4,BOVA11,BOVA11,Serviços públicos,58.7,58.47,60.0,,,0.1,,59.3,47.87,60.9,76.39,42,Não,5,8,False,,True,,False,False,True,True,True,True,6,10,False,True,False,True,True,False,True,True,True,True,True,0.7,True,18064742400.0,6.38,0.81,6.79,8.95,12.71,14.91,9.63,26.39,7.29,3.41,5.28,0.79,1.17,57.13,220.0,8.62,6.2,0.28,54.58,44.81,20.38,31.63,25.6,-19.1,-9.5,0.98,0.68,25.600000381469727,16.372891064856518,28.26795316292796,49.483481560875475,53.41686328516094,57.793425563406146,43.07360476810534,24.463210030323776,28.83211146691116,37.71294261282091,35.95285811750825,32.35757230575742,8,True,3.5,26.39676493590637,47.316179886149534,n/d,2026-04-20,última,,,False,False,,,Em Baixa,28.5,-10.175437258000963,-20.108360763338272,True,False,False,sem sinal (Em Baixa; sem novo topo (-10.2%))
BMOB3,SMALL11,SMALL11,Comunicação,58.14,54.28,80.0,,,0.4,,59.91,27.4,72.84,59.03,43,Não,7,8,False,,True,,False,False,True,True,True,True,8,10,True,True,True,False,True,True,True,True,True,True,True,-0.32,True,1939932032.0,12.23,2.08,9.36,6.18,16.97,10.68,11.27,8.91,6.71,-1.89,1.78,0.05,2.96,75.63,8.5,10.4,5.41,1.43,47.82,51.18,17.84,27.93,30.6,-16.6,-4.6,1.2,0.6,23.299999237060547,10.291992477756088,15.210724308047132,20.11184201623514,21.913021753336,19.660212459532094,23.280243010655468,10.041801214526318,19.371796116526305,17.485204169576818,19.5160042880292,17.56440385922628,8,True,2.3,-24.61628998129465,-24.956202823538398,n/d,n/d,,,,False,False,,,Em Baixa,23.73871612548828,-1.8481070589857373,-17.29578468997871,False,False,False,sem sinal (Em Baixa; sem novo topo (-1.8%))
CPFE3,BOVA11,BOVA11,Serviços públicos,58.1,59.53,50.0,,,0.1,,76.5,42.43,30.13,84.72,44,Não,6,8,False,,True,,False,False,True,False,True,True,5,10,True,True,True,False,False,True,True,True,True,True,True,1.44,True,47230910464.0,7.92,2.09,9.04,10.15,26.43,27.84,15.57,13.16,5.39,2.35,0.92,1.55,1.53,80.41,21.5,9.39,8.79,0.29,71.02,27.73,35.03,52.32,17.0,-21.6,-10.4,0.94,0.65,40.9900016784668,29.724339469304695,49.61781803628758,61.709235822529266,47.78960724322849,79.34562749620189,60.87413259223579,30.673343201042627,73.20377407353293,54.11723474179541,55.245975314261685,49.72137778283552,8,True,2.7,21.30123382979894,32.02545139251536,n/d,n/d,,,,False,False,,,Em Baixa,46.349998474121094,-11.564179012102837,-22.64845968577761,False,False,False,sem sinal (Em Baixa; sem novo topo (-11.6%))
VBBR3,BOVA11,BOVA11,Consumo discricionário,57.98,55.86,70.0,,,0.9,,62.4,50.79,46.92,56.94,45,Não,6,8,False,,True,,False,False,True,True,True,True,7,10,True,True,True,False,True,True,True,False,False,True,True,0.74,True,40143757312.0,7.97,1.71,4.49,6.07,21.49,20.83,16.06,2.48,5.89,1.51,2.01,0.93,0.72,48.34,685.4,10.1,9.76,0.57,65.98,33.8,18.16,36.13,85.3,-6.9,5.4,1.07,0.66,33.650001525878906,14.579165577687387,27.044352146610102,55.942599776398424,43.23636071206817,72.47926182549936,23.266954485999275,40.73993874610152,19.363262081339816,37.08148691896301,33.89214544635581,30.50293090172023,8,True,5.0,-9.352363986487156,10.197578714654988,n/d,n/d,,,,False,False,,,Em Baixa,36.130001068115234,-6.864100384499938,-8.135406648487065,False,False,False,sem sinal (Em Baixa; sem novo topo (-6.9%))
BLAU3,SMALL11,SMALL11,Cuidados de saúde,57.74,62.64,30.0,,,0.2,,61.47,56.65,83.6,40.97,46,Não,5,8,False,,True,,False,False,True,True,False,False,3,10,False,True,True,False,False,True,True,True,True,True,True,0.01,True,2092723840.0,9.0,0.9,8.24,3.82,10.02,13.86,12.24,13.82,4.84,0.05,2.66,0.25,1.37,34.34,-56.7,6.44,5.87,1.38,37.94,62.5,8.35,13.7,8.5,-33.9,-9.6,0.77,0.26,9.0600004196167,2.469114977329412,4.580208282946059,13.33833395110236,15.100000699361166,10.463971497265755,6.805250336797898,6.852345976747054,10.052516107177615,9.598946693056844,10.052516107177615,9.047264496459853,7,True,6.1,-0.14057309676576146,5.948634089168681,n/d,n/d,,,,False,False,,,Em Baixa,9.300000190734863,-2.580642647268594,-36.56823382247898,False,False,False,sem sinal (Em Baixa; sem novo topo (-2.6%))
RECV3,BOVA11+SMALL11,BOVA11,Energia,57.52,62.38,30.0,,,0.9,,56.11,70.82,56.16,81.94,47,Pivô de alta,3,8,False,,True,,False,False,True,True,False,False,3,10,False,False,False,True,False,True,True,False,True,True,True,0.36,True,3149062912.0,6.18,0.7,12.98,9.76,11.26,17.76,10.15,16.73,3.26,1.18,2.91,0.72,1.38,60.33,-14.8,6.54,5.06,0.52,50.04,49.96,9.18,13.91,16.8,-22.9,-5.8,0.72,0.4,10.729999542236328,7.481790208292789,11.478464212678238,19.02661151779437,24.47077393387837,24.70487383824921,21.183028096663786,9.513352843704483,10.472063167323519,16.041369727323094,15.252537865236306,13.727284078712676,8,True,3.3,27.933687458961987,49.50019023001542,n/d,n/d,,,Pivô de alta,False,False,,,Em Alta,10.739999771118164,-0.09311200274629838,-24.652040250028108,False,True,False,Pivô de alta
TFCO4,SMALL11,SMALL11,Consumo discricionário,57.47,58.79,50.0,,,0.9,,82.22,26.9,67.0,16.67,48,Não,5,8,False,,True,,False,False,True,True,False,True,5,10,True,True,True,False,False,True,True,False,True,True,True,0.2,True,1994094336.0,13.85,3.32,2.4,1.72,23.99,26.81,27.1,13.23,8.54,0.47,2.83,0.3,0.92,23.85,-1.4,8.64,15.28,1.67,41.96,57.74,13.14,18.1,0.0,-27.4,-12.5,1.27,0.68,13.140000343322754,1.6164932216855232,2.9985949262266454,12.570758451193246,9.191633664390386,15.865047671728421,6.080625000000001,11.479711491278364,5.796471226043273,,,,6,False,9.8,,,n/d,n/d,,,,False,False,,,Em Baixa,15.010000228881836,-12.45836014020092,-27.714251796912095,False,False,False,sem sinal (Em Baixa; sem novo topo (-12.5%))
SAPR11,SMALL11,SMALL11,Serviços públicos,57.37,55.14,70.0,,,0.1,,48.8,56.66,64.53,61.11,49,Não,4,8,False,,True,,False,False,False,True,True,True,7,10,False,False,True,False,False,True,True,True,False,True,True,0.21,True,9856078848.0,21.66,0.81,1.69,6.34,3.76,14.91,11.83,6.04,3.88,0.89,1.86,0.6,1.88,137.36,11.5,6.14,5.91,0.51,53.34,46.66,31.45,47.9,3.7,-31.9,-15.8,0.97,0.56,32.61000061035156,14.771126465022663,27.400439592617037,19.9484075755844,36.929236632662366,26.86107006137397,15.033916666666668,14.904847924398913,75.11214831400655,22.26414927404657,19.9484075755844,17.953566818025962,7,True,5.1,-44.94459833795015,-31.726007797193525,n/d,n/d,,,,False,False,,,Em Baixa,36.7400016784668,-11.241156449200208,-33.066502887331126,False,False,False,sem sinal (Em Baixa; sem novo topo (-11.2%))
GMAT3,SMALL11,SMALL11,Bens de primeira necessidade,57.26,55.6,66.66666666666667,,,0.0,,48.78,74.5,58.1,34.03,50,Não,4,8,False,,True,,False,,True,True,False,True,6,9,True,True,False,False,False,True,True,False,False,True,True,0.48,True,9096800256.0,5.64,0.82,3.0,3.24,14.52,15.23,10.1,4.11,4.03,2.06,1.74,0.56,0.48,18.27,-35.4,4.44,5.7,1.0,52.91,42.64,3.57,7.15,10.6,-44.8,-4.9,1.19,0.52,3.950000047683716,0.91385816360342,1.695206893484344,9.279698693583196,8.712481757005415,10.579900434036794,4.238222299168939,7.095292481883788,6.880788401989029,,,,6,False,11.6,,,n/d,n/d,,,,False,False,,,Em Baixa,4.03000020980835,-1.98511558212644,-45.45577672152608,False,False,False,sem sinal (Em Baixa; sem novo topo (-2.0%))
ALUP11,SMALL11,SMALL11,Serviços públicos,57.26,56.78,60.0,,,0.1,,64.36,49.22,52.57,50.0,51,Não,6,8,False,,True,,False,False,True,False,False,True,6,10,True,True,True,True,False,False,True,True,True,True,True,0.82,True,14888032256.0,7.42,1.07,3.46,4.76,14.38,12.27,10.21,25.17,6.1,3.73,3.3,1.14,0.8,35.29,-33.8,11.29,5.16,0.32,60.84,28.54,28.16,36.3,11.1,-13.8,-5.4,0.8,0.67,31.299999237060547,10.634693313703465,19.727356096919927,55.892855780465254,52.69164346511421,59.31526175788442,27.123150839918548,35.940268453606265,53.48656661476155,43.453871858381454,52.69164346511421,47.422479118602794,7,True,5.6,51.50952164386169,38.830264912371625,n/d,n/d,,,,False,False,,,Em Baixa,32.98027420043945,-5.09478773028672,-14.542148115712584,False,False,False,sem sinal (Em Baixa; sem novo topo (-5.1%))
BPAC11,BOVA11,BOVA11,Produtos financeiros,56.74,53.52,75.0,15.65,,0.4,,60.13,41.31,66.43,28.47,52,Não,4,6,False,,True,,False,False,True,,True,True,6,8,True,True,False,,True,,True,False,True,True,True,,True,168477999104.0,10.9,2.49,2.77,2.74,22.88,20.48,0.0,39.8,,,,,0.73,29.83,20.0,8.21,2.41,,90.46,8.68,41.48,63.41,20.5,-21.2,-9.0,1.57,0.85,50.0,9.773006954239186,18.128927900113688,60.77981651376146,45.52483085508142,81.3598254458118,11.768333333333333,55.50458715596331,,13.223422729228735,11.768333333333333,10.5915,3,True,6.2,-78.81700000000001,-73.55315454154253,n/d,n/d,,,,False,False,,,Em Baixa,56.29629898071289,-11.18421476138245,-22.547213007947462,False,False,False,sem sinal (Em Baixa; sem novo topo (-11.2%))
IGTI11,BOVA11+SMALL11,BOVA11,Imobiliário,56.22,53.79,70.0,,,0.8,,71.71,36.44,50.93,22.22,53,Não,3,7,False,,True,,False,False,True,True,False,True,7,10,False,False,True,True,False,True,,False,True,False,True,0.49,True,,11.03,1.43,1.24,2.45,12.93,7.32,12.16,41.91,8.48,2.15,2.73,0.9,1.17,27.06,-35.4,10.19,5.46,0.48,51.02,48.98,21.35,30.19,9.7,-22.4,-9.9,1.29,0.79,23.420000076293945,4.103522513277475,7.612034262129716,28.13372629291883,27.971926361629738,25.234533933805583,2.9728912448168257,18.260062368660236,16.540396316073135,,,,6,False,9.5,,,n/d,n/d,,,,False,False,,,Em Baixa,25.56999969482422,-8.408289574463579,-23.0278668330266,False,False,False,sem sinal (Em Baixa; sem novo topo (-8.4%))
UGPA3,BOVA11,BOVA11,Consumo discricionário,56.13,53.68,70.0,,,0.9,,64.43,43.56,44.35,49.31,54,Rompimento,6,8,False,,True,,False,False,True,True,True,True,7,10,True,True,True,False,False,True,True,True,False,True,True,0.63,True,36039270400.0,10.42,2.01,4.03,4.42,19.25,16.17,21.5,2.26,4.93,1.13,1.64,0.98,1.0,46.07,44.3,12.37,9.73,0.63,64.07,31.75,15.91,33.82,112.5,0.0,16.9,1.04,0.57,33.81999969482422,10.681620408020347,19.814405856877745,43.00527792288108,35.053627735612814,48.04390438595628,24.176546318998362,29.8486852954001,25.812284684457026,32.25067602859763,29.8486852954001,26.86381676586009,7,True,4.5,-20.56825248886296,-4.640223774060992,n/d,n/d,,,Rompimento,False,False,,,Lateral,33.38999938964844,1.2878116592870859,-0.8211108264693068,False,True,False,"Rompimento (vol x2.5, +1.3% do topo, MM50>MM200)"
WEGE3,BOVA11+Carteira,BOVA11,Bens Industriais,55.79,55.05,60.0,,,0.7,,87.1,6.91,60.58,20.14,55,Pivô de alta,6,8,False,,True,,False,False,True,True,False,True,6,10,True,True,True,True,False,True,True,False,True,True,True,-0.17,True,201357869056.0,31.88,10.57,4.22,2.33,33.16,31.31,24.33,15.58,20.72,-0.35,1.59,0.29,3.74,74.29,-2.1,25.97,11.21,1.12,56.49,40.84,34.11,53.79,40.7,-10.8,4.4,0.75,0.44,47.9900016784668,7.987835547637335,14.817434940867255,19.94565628104407,12.400676388073357,16.3419320191717,20.90120113524485,12.088536699435931,12.878989199640628,14.670282776389392,13.848212070253942,12.463390863228547,8,True,2.6,-74.02919269156665,-69.4305433146672,2026-10-21,2026-06-22,última,"A WEG (WEGE3) consolida sua posição de destaque no setor de bens industriais ao apresentar uma eficiência operacional excepcional, evidenciada por um ROE de 33,2% e um ROIC de 24,3%, ambos significativamente acima das médias setoriais de 14,5% e 12,6%, respectivamente. Essa alta rentabilidade convive com uma estrutura de capital extremamente robusta, onde a relação dívida líquida sobre EBITDA negativa de -0,35, muito abaixo do endividamento médio do setor de 2,4, revela uma sólida posição de caixa líquido que garante total sustentabilidade financeira. No entanto, essa qualidade superlativa cobra o seu preço no mercado, visto que os múltiplos de valuation se mostram bastante esticados, com um P/L de 31,88 e um P/VP de 10,57 que refletem um prêmio elevado e indicam que os indicadores de retorno altos não convivem com preços baixos no momento atual. O dividend yield de 4,22% mostra-se coerente e sustentável diante da forte geração de lucros e da ausência de endividamento líquido, embora o crescimento de longo prazo acenda um sinal de alerta, dado que o CAGR de receita de cinco anos de -2,1% ficou bastante abaixo da média setorial de 26,1%. No checklist de critérios fundamentalistas, a companhia atende a 6 de 8 requisitos, falhando justamente no crescimento frente aos pares e na ocorrência de venda de ações por parte de insiders, o que não impede que a tendência de curto prazo permaneça em alta com a formação de um pivô gráfico de alta. Sob a ótica do valuation por múltiplos métodos de preço-teto, há uma dispersão relevante entre as métricas, variando desde os conservadores R$ 7,99 pelo método de Bazin até R$ 19,95 pelo fluxo de caixa descontado (DCF), resultando em uma média de R$ 14,67 e uma mediana de R$ 13,85. Frente ao preço atual de R$ 47,99, o preço-teto ajustado com margem de segurança de R$ 12,46 projeta um upside negativo de -74,0%, evidenciando o descompasso temporário entre o valor intrínseco calculado e a cotação de mercado. Em balanço, os prós da WEGE3 residem em sua rentabilidade espetacular, margem líquida saudável de 15,58% e saúde financeira impecável com caixa líquido, enquanto os contras concentram-se no valuation severamente esticado, no crescimento de receita recente abaixo dos pares e no expressivo prêmio pago em relação às referências de preço-teto.",Pivô de alta,False,True,49.82,-3.67,Em Alta,49.16999816894531,-2.3998302510081726,-11.596844722064226,False,True,False,Pivô de alta
SANB11,BOVA11,BOVA11,Produtos financeiros,55.74,56.75,50.0,14.99,,0.4,,53.46,57.67,57.0,68.75,56,Fundo duplo,3,6,False,,True,,True,False,True,,True,False,4,8,True,False,False,,True,,True,False,True,True,True,,True,159055003648.0,7.24,1.14,7.71,7.32,15.69,10.65,0.0,28.66,,,,,0.98,52.98,49.8,6.32,1.11,,90.04,9.86,24.03,36.14,23.2,-18.1,6.9,1.17,0.64,29.600000381469727,15.472463001279047,28.701418867372634,54.17127141636379,48.87212995439881,60.07927727459026,36.615560256043345,29.87967133216341,,33.740178385264706,32.65848956170799,29.39264060553719,4,True,3.5,-0.7005397745276754,13.987087670400244,n/d,n/d,,,Fundo duplo,False,False,,,Em Alta,29.93000030517578,-1.1025724034121942,-18.813082091722812,False,True,False,Fundo duplo — rompeu pescoço ~R$27.67 (candidato)
CMIN3,BOVA11,BOVA11,Materiais,55.66,61.95,20.0,,,1.0,,83.53,30.3,35.29,97.22,57,Pivô de alta,6,8,False,,True,,False,False,True,False,False,False,2,10,True,True,True,False,False,True,True,True,True,True,True,0.15,True,31108841472.0,12.9,4.1,19.66,16.62,31.79,32.01,20.33,13.41,5.02,0.18,1.17,1.22,,214.34,-10.5,14.03,8.04,0.53,80.09,19.91,4.08,6.24,41.7,-7.3,19.2,1.08,0.49,5.78000020980835,6.859751403278937,9.98779804317413,4.659845130388127,3.769921696366113,,5.333333333333334,1.1969657134376095,5.7621030056505225,,,,6,False,8.3,,,n/d,n/d,,,Pivô de alta,False,False,,,Em Alta,5.980000019073486,-3.3444784051375964,-9.302946587172723,False,True,False,Pivô de alta
RDOR3,BOVA11,BOVA11,Cuidados de saúde,55.37,52.79,70.0,,,0.2,,71.47,22.57,53.04,43.75,58,Não,4,8,False,,True,,False,False,True,False,True,True,7,10,True,True,True,False,False,False,True,False,True,True,True,0.72,True,72030363648.0,15.64,3.64,12.9,4.01,23.26,13.61,15.63,8.35,6.65,1.12,2.9,2.51,1.8,62.68,22.9,12.24,6.35,0.64,79.71,18.16,32.33,44.66,2.4,-25.9,-7.3,1.17,0.64,33.09000015258789,9.47273567681073,17.571924680483903,28.033408057659177,20.802664360674505,26.844268901659145,23.03447846348089,17.195631109777388,25.39796170075164,21.044134118912172,21.918571412077696,19.726714270869927,8,True,3.0,-40.38466551857315,-36.40334233341984,n/d,n/d,,,,False,False,,,Em Baixa,34.63999938964844,-4.4745937193166885,-26.38814645943155,False,False,False,sem sinal (Em Baixa; sem novo topo (-4.5%))
TAEE11,BOVA11+SMALL11,BOVA11,Serviços públicos,55.29,56.22,50.0,,,0.1,,72.88,25.27,41.12,88.89,59,Não,6,8,False,,True,,True,False,True,False,False,True,5,10,True,True,True,True,False,False,True,True,True,True,True,0.43,True,38497878016.0,8.04,1.62,8.63,11.16,20.14,22.05,11.11,33.52,9.31,4.41,2.29,1.49,3.88,89.7,-3.2,8.6,6.46,0.24,66.19,33.81,30.22,43.57,23.3,-14.5,-6.2,0.88,0.69,37.25,29.68512221796384,35.57108992732814,39.65523463316485,48.95893978312514,61.3006641021264,16.33187920893252,18.417621973174317,25.618906537863293,34.44243229795981,32.62810607264599,29.365295465381394,8,True,3.8,-21.16699203924458,-7.537094502121311,n/d,n/d,,,,False,False,,,Em Baixa,39.42622375488281,-5.5197367326189735,-14.97759678731484,False,False,False,sem sinal (Em Baixa; sem novo topo (-5.5%))
PGMN3,SMALL11,SMALL11,Bens de primeira necessidade,55.02,59.43,30.0,,,0.0,,49.75,75.73,46.45,88.19,60,Não,4,8,False,,True,,False,False,False,False,True,False,3,10,False,True,True,False,True,False,True,False,False,False,True,0.99,True,2426897408.0,7.14,0.69,7.28,10.75,9.61,5.91,12.78,2.02,2.56,3.31,1.78,1.02,3.19,76.73,13.7,4.94,6.12,0.83,68.82,31.1,3.13,7.54,7.7,-55.3,-23.3,1.49,0.58,3.369999885559082,2.5868130478373836,3.1474202284732606,4.101978006769439,7.201906751295025,6.1276963430791005,8.519692618095622,1.9243501886223495,,4.801408169167455,4.101978006769439,3.691780206092495,7,True,4.4,9.548377788150276,42.475024694871834,n/d,n/d,,,,False,False,,,Em Baixa,3.5399999618530273,-4.802262093950926,-55.77427905286873,False,False,False,sem sinal (Em Baixa; sem novo topo (-4.8%))
EVEN3,SMALL11,SMALL11,Consumo discricionário,54.87,53.96,60.0,,,0.9,,42.27,70.9,47.2,77.78,61,Não,1,8,False,,True,,False,False,True,True,False,True,6,10,False,False,False,False,False,False,True,False,True,False,False,0.37,True,863054464.0,4.32,0.44,21.41,9.09,10.28,7.88,4.93,12.83,7.16,3.58,4.66,0.64,0.69,39.25,-35.3,2.83,2.32,1.27,57.92,36.05,4.25,8.43,2.4,-48.4,-23.4,1.32,0.62,4.349999904632568,2.8228649198904368,5.2364144263967605,13.34201359638461,14.966225854073693,15.436894820740191,15.328117936259686,6.642890737566392,0.5436408599250555,,,,6,False,28.4,,,n/d,n/d,,,,False,False,,,Em Baixa,4.980000019073486,-12.650604659196919,-49.009824507049835,False,False,False,sem sinal (Em Baixa; sem novo topo (-12.7%))
VIVT3,BOVA11,BOVA11,Comunicação,54.53,46.51,100.0,,,0.4,,46.98,34.58,52.39,62.5,62,Não,5,8,False,,True,,True,True,True,True,True,True,10,10,False,True,True,False,True,False,True,True,True,False,True,0.16,True,95037333504.0,14.54,1.46,8.36,6.44,10.05,7.53,9.1,10.68,4.21,0.56,0.95,0.3,22.73,93.63,18.5,9.62,5.51,0.48,46.12,53.66,29.4,40.95,1.2,-27.4,-14.8,0.81,0.55,29.739999771118164,13.680018132485818,14.4267078086329,15.407390202654373,30.61777228615887,14.480361086941771,30.49919093006613,6.286544111387009,38.29481865061613,17.913997794046697,14.480361086941771,13.032324978247594,7,True,6.1,-56.179135579873595,-39.76463371918457,n/d,n/d,,,,False,False,,,Em Baixa,35.95353698730469,-17.282130596443245,-27.862652111100992,False,False,False,sem sinal (Em Baixa; sem novo topo (-17.3%))
CMIG4,BOVA11,BOVA11,Serviços públicos,54.44,53.46,60.0,,,0.1,,52.86,48.53,38.38,98.61,63,Não,5,8,False,,True,,True,False,True,True,False,True,6,10,True,True,False,False,False,True,True,True,True,True,True,0.67,True,29207562240.0,6.37,1.0,10.33,17.43,15.75,21.33,9.3,10.51,6.37,2.47,1.17,0.78,,111.02,-20.5,8.82,5.96,0.42,57.36,42.63,9.45,13.28,8.0,-23.1,-10.0,0.96,0.72,10.210000038146973,12.710379476383116,18.506312517613818,16.669387817382812,19.18877659410402,,14.91254770751906,4.281834508036519,13.904412162518154,15.9819693792535,15.790967762450936,14.211870986205843,6,True,4.5,39.19560169546459,56.53251047542689,n/d,n/d,,,,False,False,,,Em Baixa,11.34000015258789,-9.964727506489869,-23.43832898211562,False,False,False,sem sinal (Em Baixa; sem novo topo (-10.0%))
FLRY3,BOVA11+SMALL11,BOVA11,Cuidados de saúde,54.2,51.41,70.0,,,0.2,,59.68,30.92,52.16,63.89,64,Fundo duplo,4,8,False,,True,,False,False,True,True,True,True,7,10,False,True,True,False,False,False,True,True,True,True,True,0.7,True,9861380096.0,14.16,1.84,6.42,6.57,13.0,10.93,12.7,8.01,5.89,1.78,1.86,0.98,15.67,93.05,14.4,12.04,6.47,0.55,61.45,37.83,12.84,18.54,41.3,-2.2,14.5,0.95,0.6,18.139999389648438,8.514373287481371,9.18420981098323,9.870407638286762,16.85729895992856,9.575960538406,17.591916998205917,4.150052859790362,15.824531668793108,11.446093970234415,9.72318408834638,8.750865679511742,8,True,4.2,-51.75928349531582,-36.90135416009931,n/d,n/d,,,Fundo duplo,False,False,,,Em Alta,18.541507720947266,-2.16545675433516,-6.033212764228935,False,True,False,Fundo duplo — rompeu pescoço ~R$17.30 (candidato)
SBFG3,SMALL11,SMALL11,Consumo discricionário,52.46,49.36,70.0,,,0.9,,44.98,82.2,28.98,27.78,65,Não,3,8,False,,True,,False,True,True,True,True,True,7,10,False,True,False,False,True,False,True,False,False,True,False,0.81,True,1981403776.0,4.74,0.62,6.29,2.69,13.07,10.92,8.98,5.01,4.03,3.46,1.62,1.0,0.42,12.73,222.5,3.74,4.64,0.8,67.87,32.13,8.53,14.95,0.7,-42.5,-19.0,1.62,0.67,8.59000015258789,1.6474479232652577,3.0560158976570526,24.01213122822564,23.768370850777977,25.5373084229285,5.365157300589011,17.834729211839978,8.59000015258789,,,,6,False,15.5,,,n/d,n/d,,,,False,False,,,Em Baixa,9.649999618530273,-10.984450858494688,-43.79944195165427,False,False,False,sem sinal (Em Baixa; sem novo topo (-11.0%))
MDIA3,SMALL11,SMALL11,Bens de primeira necessidade,52.33,54.51,40.0,,,0.0,,39.21,62.51,89.53,33.33,66,Não,3,8,False,,True,,False,False,False,True,True,True,4,10,False,False,False,False,True,True,True,False,False,False,True,-0.02,True,5691301376.0,9.02,0.69,6.12,3.22,7.65,8.74,8.32,6.67,4.35,-0.17,2.65,0.21,1.66,29.07,52.8,7.28,3.86,1.38,34.41,65.59,16.82,28.49,0.8,-40.5,-13.7,0.7,0.39,16.959999084472656,3.9039121713356817,6.720636887472253,23.120735427466848,32.24699642014759,16.26223194863644,20.303268200235276,11.436275810941462,21.2376791870944,,,,6,False,8.3,,,n/d,n/d,,,,False,False,,,Em Baixa,17.579999923706055,-3.5267397151540814,-41.35843311335922,False,False,False,sem sinal (Em Baixa; sem novo topo (-3.5%))
COGN3,BOVA11+SMALL11,BOVA11,Consumo discricionário,52.06,51.44,55.55555555555556,,,0.9,,44.78,74.3,41.32,44.44,67,Não,1,8,False,,False,,False,,False,True,True,False,5,9,False,False,False,False,False,False,True,False,True,False,False,0.4,True,4262618368.0,6.21,0.32,5.62,4.02,5.11,0.79,10.24,8.92,3.26,3.08,1.65,0.49,1.62,24.94,53.9,4.35,3.72,0.45,44.22,55.77,2.03,4.57,4.9,-53.4,-16.0,1.62,0.62,2.130000114440918,0.6109428975587688,0.8737743139844302,3.503956002909644,7.167209456230073,2.6929638424899762,3.214131179983247,1.7432588838882244,11.48303335965016,,,,5,False,18.8,,,n/d,n/d,,,,False,False,,,Em Baixa,2.3299999237060547,-8.58368308214451,-54.93725491574184,False,False,False,sem sinal (Em Baixa; sem novo topo (-8.6%))
GGPS3,SMALL11,SMALL11,Bens Industriais,51.67,51.96,50.0,,,0.7,,62.04,47.61,50.96,19.44,68,Não,5,8,False,,True,,False,False,True,False,True,True,5,10,True,True,False,False,True,True,True,False,False,True,True,0.48,True,8652029952.0,9.22,1.88,2.61,2.31,20.36,19.43,11.88,5.1,5.98,1.03,2.87,1.38,0.61,21.32,207.7,6.84,7.28,0.78,74.55,25.29,11.0,19.55,4.5,-41.2,-13.3,1.1,0.63,11.5,1.8995935086232512,3.523745958496131,16.52657266811279,13.102214775765066,21.593742854742462,9.395602678571429,15.092190889370931,9.9303223559535,,,,6,False,11.4,,,n/d,n/d,,,,False,False,,,Em Baixa,11.800000190734863,-2.542374456658214,-41.47582583586765,False,False,False,sem sinal (Em Baixa; sem novo topo (-2.5%))
CPLE3,BOVA11,BOVA11,Serviços públicos,51.54,46.52,80.0,,,0.1,,52.14,31.36,36.83,78.47,69,Não,5,8,False,,True,,False,False,True,True,True,True,8,10,False,True,True,False,True,True,True,False,True,False,True,0.9,True,40950927360.0,13.03,1.69,7.76,9.16,12.99,9.34,9.82,11.41,8.69,2.97,1.3,0.98,0.26,119.36,50.0,12.37,5.45,0.3,61.78,38.29,10.16,16.67,35.7,-17.3,-8.5,1.11,0.75,13.789999961853027,9.02298574531155,16.737638557552923,14.022831887532817,13.939267866392312,31.749808047244116,8.56043112128839,12.805755912388463,11.595721701524457,14.804305104904378,13.372511889390388,12.03526070045135,8,True,3.7,-12.724722742971528,7.355367265099355,n/d,n/d,,,,False,False,,,Em Baixa,14.930000305175781,-7.6356350972581755,-18.265968523915422,False,False,False,sem sinal (Em Baixa; sem novo topo (-7.6%))
LOGG3,SMALL11,SMALL11,Imobiliário,51.37,49.85,60.0,,,0.8,,53.15,51.01,19.39,93.06,70,Não,2,8,False,,True,,True,True,True,True,False,False,6,10,False,False,False,True,False,False,True,False,True,False,False,0.57,True,2086935424.0,5.52,0.59,28.59,13.22,10.63,8.83,3.04,136.74,19.06,121.08,0.52,0.64,1.92,72.99,-33.1,3.88,0.1,0.28,45.7,53.91,15.68,28.3,52.2,-15.7,-5.8,0.92,0.52,23.8700008392334,22.544092681786733,29.17540997353042,39.97325620335489,62.74052502611252,69.59397664525218,41.8233538973678,19.356920581146134,,40.7439335726501,39.97325620335489,35.975930583019405,7,True,3.6,50.71608428219392,70.69095995037517,n/d,n/d,,,,False,False,,,Em Baixa,26.059999465942383,-8.403678709092366,-16.82926757947363,False,False,False,sem sinal (Em Baixa; sem novo topo (-8.4%))
BEEF3,BOVA11+SMALL11,BOVA11,Bens de primeira necessidade,51.35,55.12,30.0,,,0.0,,66.01,64.05,28.93,36.11,71,Não,5,8,False,,False,,False,False,True,False,False,True,3,10,True,True,True,False,False,True,True,False,False,True,True,9.15,False,3359974656.0,6.98,2.03,6.11,3.41,29.04,144.02,16.55,0.8,3.65,2.98,1.43,13.46,0.47,23.77,-57.5,4.1,5.34,0.65,95.87,2.86,3.04,7.18,11.5,-52.8,-10.6,0.82,0.33,3.390000104904175,0.8246487484574951,1.5297234283886534,6.435172118908353,4.27184258128469,8.939123789680165,3.760485277130923,5.876647746323856,12.737321315204799,,,,5,False,15.4,,,n/d,n/d,,,,False,False,,,Em Baixa,3.6600000858306885,-7.377048486195137,-53.65570565430468,False,False,False,sem sinal (Em Baixa; sem novo topo (-7.4%))
HYPE3,BOVA11+SMALL11,BOVA11,Cuidados de saúde,51.1,53.06,40.0,,,0.2,,60.6,39.97,57.78,42.36,72,Não,3,8,False,,True,,False,False,True,True,True,False,4,10,False,True,False,True,False,False,True,False,True,True,True,0.42,True,14769835008.0,8.67,1.05,4.89,3.87,12.1,12.72,10.74,19.8,7.44,2.25,1.86,0.53,1.08,33.56,4.5,6.49,6.31,0.5,50.22,49.77,19.85,26.59,5.7,-21.1,-3.3,1.03,0.58,20.979999542236328,5.800314085252225,10.759582628142876,32.0628597387118,32.98318078223633,28.820449214622023,25.302869552358743,18.69285121811968,12.598618953940427,23.031487441161694,25.302869552358743,22.77258259712287,7,True,5.7,8.544247349852242,9.77830287743986,n/d,n/d,,,,False,False,,,Em Alta,21.84000015258789,-3.9377317048674976,-21.729736245650923,False,False,False,sem sinal (Em Alta)
SBSP3,BOVA11,BOVA11,Serviços públicos,51.04,51.22,50.0,,,0.1,,72.01,31.68,41.98,25.0,73,Não,7,8,False,,True,,False,False,True,False,False,True,5,10,True,True,True,True,False,True,True,True,True,True,True,0.75,True,83697598464.0,10.43,1.86,2.84,2.57,17.8,17.28,12.72,19.67,7.78,2.25,1.47,1.14,0.8,26.78,-33.9,9.63,7.77,0.3,59.31,40.69,21.8,35.21,9.2,-32.4,-19.7,1.12,0.71,23.799999237060547,4.3642232187913494,8.095634070857953,30.23489835964067,25.631237561137105,35.599821844501264,11.808460436886081,24.790725373830124,23.799999237060547,,,,6,False,8.2,,,n/d,n/d,,,,False,False,,,Em Baixa,28.8700008392334,-17.561487546903297,-32.61226937434776,False,False,False,sem sinal (Em Baixa; sem novo topo (-17.6%))
ANIM3,SMALL11,SMALL11,Consumo discricionário,50.76,52.66,40.0,,,0.9,,46.61,77.15,31.06,61.81,74,Não,3,8,False,,False,,False,False,False,False,True,False,4,10,True,False,True,False,False,False,True,False,False,False,False,1.75,False,853964032.0,5.67,0.36,3.6,6.43,6.36,-2.07,14.6,3.27,3.04,3.39,1.9,2.02,1.4,36.44,12.0,3.01,6.28,0.35,72.15,22.61,1.93,5.17,17.1,-56.3,-28.2,2.05,0.51,2.259999990463257,1.0374781608048076,1.517618526169679,4.164673877079327,7.503379571380949,4.172930361071538,0.9282662806982924,2.0775916292290115,,,,,6,False,8.1,,,n/d,n/d,,,,False,False,,,Em Baixa,2.2699999809265137,-0.44052821794189345,-57.26563799275133,False,False,False,sem sinal (Em Baixa; sem novo topo (-0.4%))
BRBI11,SMALL11,SMALL11,Produtos financeiros,50.61,53.66,33.333333333333336,20.63,,0.4,,34.14,37.37,100.0,89.58,75,Não,4,5,False,,True,,False,False,True,,False,True,3,9,True,True,True,,False,,,True,True,True,True,,True,,7.96,1.57,9.92,11.83,19.7,21.77,1.85,0.0,,,,,6.97,94.2,-22.4,5.92,0.94,0.23,95.52,4.48,11.85,20.71,1.4,-42.0,-24.3,0.93,0.47,12.020000457763672,10.16040311723531,11.189878576125306,11.878943471564774,16.128329341937405,19.595655019152286,7.41713448012677,5.118653947043704,,10.16158991126304,10.675140846680307,9.607626762012277,4,True,1.6,-20.069663925788383,-15.460985654957216,n/d,n/d,,,,False,False,,,Em Baixa,14.353256225585938,-16.255933365580365,-43.2380298396789,False,False,False,sem sinal (Em Baixa; sem novo topo (-16.3%))
ECOR3,SMALL11,SMALL11,Bens Industriais,50.33,46.86,70.0,,,0.7,,51.69,61.95,28.73,23.61,76,Não,1,8,False,,True,,False,True,True,False,False,True,7,10,False,False,False,False,False,False,True,False,False,True,False,5.91,False,4159815168.0,7.54,1.0,5.12,2.51,13.28,19.86,11.52,4.59,5.02,4.62,2.52,6.64,0.7,18.95,-89.7,7.2,6.86,0.19,88.21,11.06,5.91,11.74,1.2,-49.1,-22.7,1.82,0.74,5.980000019073486,1.0733202004716844,1.9910089718749746,10.508620723172902,10.330153418330408,10.529799138972631,1.8811221737236008,7.484768704853628,10.279981906718291,,,,5,False,9.8,,,n/d,n/d,,,,False,False,,,Em Baixa,7.239999771118164,-17.403312042509643,-49.88540584754181,False,False,False,sem sinal (Em Baixa; sem novo topo (-17.4%))
CSMG3,BOVA11+SMALL11,BOVA11,Serviços públicos,50.04,48.28,60.0,,,0.1,,64.84,13.26,35.9,86.11,77,Não,6,8,False,,True,,False,False,True,False,False,True,6,10,True,True,True,True,False,True,True,False,True,True,True,0.9,True,20771559424.0,16.41,2.4,3.92,10.18,14.6,15.68,11.59,15.47,8.95,2.76,1.22,1.06,,167.08,-21.2,11.36,6.32,0.28,51.64,48.36,24.75,67.45,121.3,-18.8,-5.5,0.88,0.47,54.779998779296875,39.83824934921739,58.00449105246053,34.71736668523385,41.40505500420937,,33.8014680094549,8.917785123816937,44.41897624472112,42.03093439088286,40.62165217671338,36.55948695904205,6,True,6.5,-33.26124904395022,-23.27321042809569,n/d,n/d,,,,False,False,,,Em Baixa,64.38999938964844,-14.924678834360261,-19.22736799499354,False,False,False,sem sinal (Em Baixa; sem novo topo (-14.9%))
MOTV3,BOVA11,BOVA11,Bens Industriais,49.99,53.52,30.0,,,0.7,,73.48,54.19,25.18,18.75,78,Não,6,8,False,,True,,False,False,True,False,True,False,3,10,True,True,False,True,True,False,True,True,True,True,False,1.9,False,27616565248.0,7.19,1.57,1.51,2.26,21.85,19.92,11.72,19.27,6.38,3.69,1.77,2.45,0.48,16.24,58.4,9.27,6.62,0.44,77.07,22.24,12.73,17.55,7.9,-21.7,-8.4,1.27,0.78,13.739999771118164,2.2169869188466045,4.112510734460452,25.320583722853357,19.398301858959893,32.98161521983657,10.38593205872702,23.12294815445477,8.243920907352553,,,,6,False,14.9,,,n/d,n/d,,,,False,False,,,Em Baixa,14.970000267028809,-8.216436031866358,-22.57856583894927,False,False,False,sem sinal (Em Baixa; sem novo topo (-8.2%))
ASAI3,BOVA11+SMALL11,BOVA11,Bens de primeira necessidade,49.49,51.17,40.0,,,0.0,,64.88,63.28,25.55,10.42,79,Não,5,8,False,,True,,False,False,True,False,True,False,4,10,True,True,True,False,True,False,True,False,False,True,True,3.55,False,10895040512.0,11.37,1.73,1.29,0.83,15.21,29.87,21.18,1.24,2.69,3.72,1.12,4.25,0.83,9.46,123.2,8.15,6.76,0.41,88.47,11.53,7.01,10.43,16.2,-22.0,-6.3,1.64,0.62,8.140000343322754,0.48379636360907896,0.8974422544948414,9.485928280477262,8.705874421476029,10.454637296195047,0.736172998709403,8.109570864126928,,,,,4,False,21.6,,,n/d,n/d,,,,False,False,,,Em Baixa,8.829999923706055,-7.814264851020514,-23.33555941096851,False,False,False,sem sinal (Em Baixa; sem novo topo (-7.8%))
ALOS3,BOVA11+SMALL11,BOVA11,Imobiliário,49.14,43.69,80.0,,,0.8,,51.62,38.59,24.87,58.33,80,Não,3,8,False,,True,,False,True,False,True,True,True,8,10,False,False,False,True,True,False,True,False,True,False,False,0.56,True,12723590144.0,13.86,1.01,11.47,6.09,7.27,9.51,6.39,31.4,4.72,3.4,0.72,0.56,12.26,84.45,60.8,13.1,3.66,0.27,46.56,50.55,20.35,32.44,25.0,-21.6,-9.2,1.19,0.81,25.440000534057617,11.071439405658545,12.180456068854443,14.423986671554397,32.25269971278532,13.25883064404761,24.917733682289175,6.208038245670075,62.13024421734955,,,,7,False,10.0,,,n/d,n/d,,,,False,False,,,Em Baixa,27.56999969482422,-7.725785942487596,-22.424903652217875,False,False,False,sem sinal (Em Baixa; sem novo topo (-7.7%))
EGIE3,BOVA11+Wishlist,BOVA11,Serviços públicos,48.86,50.42,40.0,,,0.1,,77.04,23.59,20.43,57.64,81,Não,7,8,False,,True,,False,False,True,False,True,False,4,10,True,True,True,True,True,False,True,True,True,True,True,1.43,True,39729500160.0,10.03,2.64,3.47,6.07,26.37,32.12,11.59,28.94,8.59,3.56,1.09,2.06,0.97,60.92,270.0,10.7,6.68,0.19,74.84,23.06,27.03,37.88,3.8,-26.0,-14.3,0.89,0.6,28.049999237060547,12.169517105213737,22.574454230171483,37.05508373789154,25.856615831835622,45.805549767350676,42.830825866498216,25.585860338763514,23.529708679754314,29.42595194468489,25.721238085299568,23.149114276769613,8,True,3.8,-17.471961117972977,4.905357379854713,2026-08-05,2026-08-21,próxima,"A Engie Brasil (EGIE3) apresenta uma sólida eficiência operacional no setor de serviços públicos, evidenciada por um ROE de 26,4% e um ROIC de 11,6% que se posicionam acima de seus pares setoriais, os quais registram médias de 12,1% e 9,6%, respectivamente. Essa elevada qualidade de retorno convive com múltiplos de preço que exigem atenção, pois o P/L de 10,03 e o P/VP de 2,64 sugerem que o mercado cobra um prêmio pelo papel, embora o PEG de 0,97 aponte para um crescimento ainda não totalmente precificado. No âmbito financeiro, a robusta rentabilidade traduzida em uma margem líquida de 28,94% é contrabalançada por um endividamento elevado, visto que a relação Dívida Líquida/EBITDA de 3,56 supera a média setorial de 3,42 e a liquidez corrente de 1,09 impõe limites à flexibilidade do balanço. Esse passivo mais esticado acaba por pressionar a distribuição de proventos, resultando em um dividend yield modesto de 3,47% que, apesar de sustentável pelo lucro, reflete a necessidade de retenção de caixa para honrar os compromissos financeiros e a alavancagem de 2,06 vezes o patrimônio. O forte ritmo de expansão da companhia é comprovado pelo impressionante CAGR de receita de cinco anos de 270,0%, patamar muito superior à média de 22,5% do setor, o que ajudou a empresa a cumprir com sucesso sete dos oito critérios do checklist fundamentalista, falhando apenas no indicador de endividamento. Sob a ótica do valuation, as estimativas de preço-teto revelam uma dispersão acentuada entre as metodologias, variando desde os conservadores R$ 12,17 pelo método de Bazin até os otimistas R$ 45,81 pelo modelo de Lynch. Diante da média de R$ 29,43 e da mediana de R$ 25,72 entre as fórmulas, o preço-teto ajustado com margem de segurança fica estabelecido em R$ 23,15, o que indica um upside negativo de 17,5% em relação à cotação atual de R$ 28,05. Em suma, o ativo destaca-se positivamente por seu crescimento histórico formidável, rentabilidade muito acima da média e excelente governança, mas traz como contrapartidas um endividamento que ultrapassa os limites ideais do setor, um rendimento de dividendos atualmente tímido e uma avaliação de preço que não oferece margem de segurança no momento atual.",,True,False,,,Em Baixa,30.1299991607666,-6.903418458817945,-27.738742012611507,False,False,False,sem sinal (Em Baixa; sem novo topo (-6.9%))
GOAU4,BOVA11+SMALL11,BOVA11,Materiais,48.28,51.5,30.0,,,1.0,,32.33,70.98,60.62,70.83,82,Pivô de alta,4,8,False,,True,,False,False,False,True,True,False,3,10,False,False,True,False,True,True,True,False,False,True,True,0.5,True,14640091136.0,18.3,0.76,2.48,8.27,4.13,12.06,10.0,1.14,2.11,0.99,2.88,0.28,0.25,151.26,72.5,5.45,5.06,1.04,34.12,23.4,6.48,11.53,70.9,-4.0,11.6,0.92,0.59,11.069999694824219,6.535500581853198,12.123353579337682,8.015163713465622,14.080125537208959,18.14754048331839,3.76862033053225,7.3195079949384185,39.559903131923384,,,,6,False,10.5,,,n/d,n/d,,,Pivô de alta,False,False,,,Em Alta,11.529999732971191,-3.9895927909829543,-4.238760441227796,False,True,False,Pivô de alta
SMTO3,SMALL11,SMALL11,Bens de primeira necessidade,47.54,52.4,20.0,,,0.0,,42.96,80.21,47.36,35.42,83,Rompimento,3,8,False,,True,,False,False,True,False,False,False,2,10,False,True,False,False,False,True,True,False,True,True,True,1.0,True,4877104128.0,5.99,0.66,1.48,3.4,11.0,14.59,6.36,11.43,3.41,2.38,3.16,1.65,0.68,20.38,-39.3,7.83,3.45,0.45,68.55,31.45,12.82,21.12,17.9,-28.5,-7.7,0.6,0.25,15.109999656677246,3.6716398508575123,6.8108919233406855,33.4236219450707,36.04710026740702,30.67504927666689,11.193576852723869,20.626176425062592,45.47945618245908,,,,6,False,12.4,,,n/d,n/d,,,Rompimento,False,False,,,Em Baixa,15.010000228881836,0.6662186960063821,-29.383162085603942,False,True,False,"Rompimento (vol x0.7, +0.7% do topo, MM50>MM200)"
PRIO3,BOVA11,BOVA11,Energia,47.34,45.89,55.55555555555556,,,0.9,,62.57,39.37,35.96,6.94,84,Rompimento,3,8,False,,True,,False,,True,True,True,False,5,9,False,False,False,True,True,False,True,False,True,True,True,0.77,True,49109344256.0,13.22,1.81,0.0,0.18,13.71,30.11,10.92,18.11,5.64,1.73,1.34,0.9,0.99,2.35,189.4,6.76,6.59,0.25,59.83,40.17,34.2,72.1,80.1,-14.6,0.1,0.14,0.07,61.58000183105469,0.780526082751793,1.4478758835045757,61.719744649128174,59.71396943936614,63.19090439881499,2.0650603664605374,51.64419877472966,23.35480161151468,,,,5,False,81.0,,,n/d,n/d,,,Rompimento,False,False,,,Em Alta,61.2400016784668,0.5551929184669513,-15.620719377229008,False,True,False,"Rompimento (vol x1.4, +0.6% do topo, MM50>MM200)"
SYNE3,SMALL11,SMALL11,Imobiliário,46.86,46.3,50.0,,,0.8,DY5a=129.3%>=20,48.74,56.51,28.06,,85,Não,2,8,False,,False,,False,False,False,True,True,False,5,10,False,False,False,True,False,False,False,True,True,True,False,0.84,True,546467136.0,10.29,0.8,70.33,129.29,7.8,14.02,6.47,20.02,4.68,3.43,0.98,0.5,1.32,1330.35,5.2,11.93,3.02,0.36,40.97,29.56,3.49,5.11,2.6,-29.9,-9.8,0.98,0.44,3.5799999237060547,33.0602000977861,61.32667118139322,4.609815256472811,5.91863551169869,10.437317561825234,6.468000000000001,2.6351741767998758,9.152922692162477,,,,5,False,23.3,,,n/d,n/d,,,,False,False,,,Em Baixa,4.090000152587891,-12.469442783740249,-31.345813432418666,False,False,False,sem sinal (Em Baixa; sem novo topo (-12.5%))
IRBR3,SMALL11+Carteira,SMALL11,Insurance,46.28,49.41,28.571428571428573,,2.87,0.3,,18.57,72.26,100.0,29.86,86,Não,1,6,False,,False,,False,,False,,False,False,2,7,False,False,False,,False,,True,False,True,False,True,,True,4086849024.0,-29.12,0.8,3.01,2.93,-2.76,2.79,0.0,4.79,,,,,,,-28.5,5.79,2.72,,66.23,33.77,44.53,62.39,13.1,-19.3,-5.5,1.09,0.61,50.349998474121094,10.548551970419252,15.358691668930433,,,,26.3277,,,17.411647879783228,15.358691668930433,13.82282250203739,3,True,2.5,-72.54652845889946,-65.41877178261987,2026-11-12,2026-07-01,última,"A análise fundamentalista do IRB Brasil (IRBR3) revela uma companhia em momento de profunda reestruturação, onde a desconexão entre qualidade e preço fica evidente pelo ROE negativo de -2,8% e ROIC zerado, ambos significativamente abaixo das médias setoriais de 34,3% e 19,5%, respectivamente. Essa fragilidade operacional faz com que o múltiplo P/L de -29,12 reflita prejuízos recentes, embora o P/VP de 0,8 sugira um aparente desconto patrimonial abaixo dos pares que, na verdade, apenas espelha a baixa rentabilidade sobre o patrimônio líquido. No âmbito do endividamento e da sustentabilidade financeira, a empresa demonstra solidez com uma nota máxima de segurança de 100 pontos, porém a rentabilidade deprimida limita a distribuição de proventos, resultando em um dividend yield modesto de 3,01% que se mostra condizente com a necessidade de retenção de caixa para fazer frente à ausência de lucros consistentes. O histórico de crescimento também é severamente pressionado, evidenciado por uma retração no CAGR de receita de cinco anos de -28,5%, desempenho muito inferior à média setorial de -3,9%, o que é corroborado pelo checklist de critérios de investimento, no qual a empresa atendeu a apenas 1 de 6 requisitos possíveis. Sob a ótica de valuation, as estimativas de preço-teto calculadas apontam para R$ 10,55 pelo método de Bazin e R$ 15,36 pela fórmula de Gordon, gerando uma média de R$ 17,41 e uma mediana de R$ 15,36, o que revela uma dispersão moderada entre os modelos e resulta em um preço-teto ajustado com margem de segurança de R$ 13,82. Frente ao preço atual de R$ 50,35, o papel apresenta um expressivo upside negativo de -72,5% em relação ao valor justo ajustado, sinalizando que a cotação de mercado está fortemente esticada perante os fundamentos atuais. Em um balanço final, o principal ponto positivo reside na robustez do seu balanço patrimonial e na nota máxima de segurança financeira, enquanto os pontos negativos concentram-se na destruição de valor operacional, na tendência gráfica de baixa, na contração acelerada de suas receitas e no elevado prêmio implícito no preço atual frente aos modelos clássicos de avaliação.",,False,True,57.62,-12.62,Em Baixa,56.060001373291016,-10.185520441122165,-22.208106688575757,False,False,False,sem sinal (Em Baixa; sem novo topo (-10.2%))
MOVI3,SMALL11,SMALL11,Bens Industriais,46.06,48.9,30.0,,,0.7,,50.16,73.19,12.37,55.56,87,Não,4,8,False,,False,,False,False,True,False,True,False,3,10,False,False,True,False,True,False,True,True,False,False,False,5.5,False,2667475200.0,6.31,0.7,9.58,5.82,11.08,3.58,13.78,2.89,3.55,3.65,0.68,6.43,0.9,36.75,97.0,2.86,6.78,0.22,91.5,8.5,6.1,14.83,8.2,-55.5,-34.4,2.3,0.66,6.599999904632568,2.745640589104573,5.093163292788983,13.858953840947944,14.896062598278293,13.421939685977005,15.019644140202239,7.4017494084050925,,12.919669934762116,13.858953840947944,12.473058456853149,5,True,5.5,88.98573692551504,95.75257759767153,n/d,n/d,,,,False,False,,,Em Baixa,8.186177253723145,-19.376288833339995,-55.91182507077863,False,False,False,sem sinal (Em Baixa; sem novo topo (-19.4%))
GGBR4,BOVA11,BOVA11,Materiais,45.54,48.28,30.0,,,1.0,,35.89,54.41,60.34,64.58,88,Não,4,8,False,,True,,False,False,False,True,True,False,3,10,False,False,True,False,True,True,True,False,False,True,True,0.18,True,48621494272.0,21.8,0.91,2.3,6.78,4.18,12.63,10.03,3.22,5.29,0.97,2.87,0.28,0.3,147.73,73.5,8.72,5.03,1.04,34.14,65.6,15.54,26.31,59.4,-5.8,9.7,0.84,0.55,24.780000686645508,11.994929755056795,22.250594695630355,15.061238949451969,26.390257642571346,34.10091837611767,11.887333533584622,13.75403707836746,23.144154377036475,19.82293305097709,18.655916822541162,16.790325140287045,8,True,2.9,-32.24243472545292,-20.004307902783445,n/d,n/d,,,,False,False,,,Em Alta,26.309999465942383,-5.81527483980917,-6.278365408025799,False,False,False,sem sinal (Em Alta)
VALE3,BOVA11,BOVA11,Materiais,45.45,49.94,20.0,,,1.0,,51.08,37.78,43.79,87.5,89,Não,4,8,False,,True,,False,False,False,True,False,False,2,10,True,False,True,False,False,True,True,False,False,True,True,0.41,True,303904030720.0,30.52,1.61,7.87,10.47,5.27,24.52,18.11,4.76,4.26,1.04,1.19,0.55,,319.41,-43.5,8.58,7.92,0.39,60.3,38.73,48.99,87.63,45.8,-18.5,-8.0,0.82,0.56,71.41000366210938,53.38270243206753,77.72521474109033,24.333684078831503,48.32202344798035,,43.333333333333336,6.250547970798752,87.91456342210637,,,,6,False,14.1,,,n/d,n/d,,,,False,False,,,Lateral,74.56759643554688,-4.234537418899897,-19.87141984965267,False,False,False,sem sinal (Lateral)
BBAS3,BOVA11+Carteira,BOVA11,Produtos financeiros,45.43,51.24,12.5,14.56,,0.4,,41.24,60.87,50.86,72.92,90,Não,2,6,False,,True,,False,False,False,,False,False,1,8,False,False,False,,False,,True,True,True,True,True,,True,102474276864.0,7.27,0.58,2.99,8.34,7.99,14.73,0.0,21.83,,,,,2.31,60.66,-13.8,3.81,0.79,,92.12,7.71,17.95,27.31,0.0,-34.3,-14.8,1.2,0.72,17.950000762939453,10.697527496966178,14.228643559721128,23.457520979175218,41.46431815879583,28.361928830396067,15.834302259021262,11.474527409718231,,16.054498573720945,15.031472909371196,13.528325618434076,4,True,2.2,-24.63328666611875,-10.559900326756889,2026-11-11,2026-09-02,próxima,"O Banco do Brasil (BBAS3) apresenta um panorama de valuation descontado que contrasta diretamente com seus indicadores de rentabilidade atuais, uma vez que seu múltiplo preço/lucro de 7,27 vezes e a relação preço/valor patrimonial de 0,58 situam-se em patamares baixos, enquanto o retorno sobre o patrimônio líquido de 8,0% e o retorno sobre o capital investido de 0,0% operam abaixo das médias do setor, que são de 15,9% e 0,2%, respectivamente. Essa combinação sugere que o mercado precifica o papel com desconto justamente pela sua rentabilidade inferior à dos pares, embora a instituição ainda consiga sustentar uma margem líquida robusta de 21,83%. No que tange à geração de proventos, o rendimento de dividendos de 2,99% mostra-se modesto, mas guarda coerência com o atual momento de contração de resultados, refletido em uma taxa de crescimento anual composta de receita nos últimos cinco anos de -13,8%, desempenho que fica bem abaixo da média setorial positiva de 6,3%. Sob a ótica do checklist de critérios fundamentalistas, o ativo atende a apenas duas das seis métricas avaliadas, falhando em superar a taxa Selic ou a média dos concorrentes em termos de retorno e crescimento, restando como pontos positivos apenas o valor de mercado de R$ 102,47 bilhões e a ausência de venda recente por parte de pessoas de dentro da companhia. A análise de valuation por múltiplos métodos revela uma dispersão acentuada entre as premissas adotadas, variando desde um preço-teto conservador de R$ 10,70 pelo método de Bazin até uma estimativa otimista de R$ 41,46 pela fórmula de Graham. Diante dessa amplitude, a média dos preços-teto calculados posiciona-se em R$ 16,05 e a mediana em R$ 15,03, de modo que o preço-teto ajustado com margem de segurança fica estabelecido em R$ 13,53, o que aponta para um potencial de valorização negativo de -24,6% em relação à cotação atual de R$ 17,95. Como balanço final, o investimento em BBAS3 traz como vantagens o forte desconto patrimonial e a manutenção de uma margem líquida saudável, enquanto os principais fatores contrários residem no crescimento histórico negativo de receita, na rentabilidade abaixo da média do setor e na ausência de margem de segurança em relação ao preço atual frente às métricas de valor justo calculadas.",,False,True,22.29,-19.47,Em Baixa,21.270000457763672,-15.608836969311868,-34.82795330832245,False,False,False,sem sinal (Em Baixa; sem novo topo (-15.6%))
RADL3,BOVA11,BOVA11,Bens de primeira necessidade,45.26,44.42,50.0,,,0.0,,64.51,20.76,43.35,15.28,91,Não,6,8,False,,True,,False,False,True,False,True,True,5,10,True,True,True,False,True,True,True,False,False,True,True,1.08,True,30197221376.0,22.88,4.21,2.51,1.44,18.41,18.18,16.71,2.88,6.61,2.06,1.41,1.18,1.86,33.03,14.4,14.76,7.8,0.84,70.85,29.09,16.14,26.71,7.0,-35.3,-11.2,1.15,0.56,17.270000457763672,1.7808616381595326,3.3034983387859325,10.001202188171705,8.346695117190992,10.395705262831337,7.586141200415096,7.865911412770416,13.021496859142927,8.645807197044059,8.346695117190992,7.512025605471893,7,True,7.3,-56.50245856192271,-49.93742346337133,n/d,n/d,,,,False,False,,,Em Baixa,20.549999237060547,-15.961065212020142,-36.33690074758606,False,False,False,sem sinal (Em Baixa; sem novo topo (-16.0%))
RENT3,BOVA11+Wishlist,BOVA11,Bens Industriais,45.14,44.28,50.0,,,0.7,,55.93,45.64,19.76,37.5,92,Não,1,8,False,,True,,False,False,True,False,True,True,5,10,False,False,False,False,False,False,True,False,False,False,False,1.37,True,36927275008.0,11.0,1.39,6.12,3.46,12.63,7.58,12.27,7.39,4.9,4.1,1.14,1.71,1.41,38.07,24.5,7.26,6.27,0.33,70.15,29.84,31.14,51.57,7.4,-35.2,-20.8,1.73,0.79,33.43000030517578,8.263891413351507,15.329518571767045,40.26795491305264,40.553084903200634,34.289185715756524,50.15693557189217,23.060803679051297,50.395882257771966,36.293337944641756,40.26795491305264,36.241159421747376,7,True,6.1,8.4090909090909,8.56517383585742,2026-11-05,2026-06-29,última,"A análise fundamentalista da Localiza (RENT3) revela uma empresa de grande porte no setor de Bens Industriais que atualmente enfrenta desafios operacionais e de endividamento quando comparada aos seus pares. A rentabilidade da companhia, medida pelo ROE de 12,6% e ROIC de 12,3%, situa-se ligeiramente abaixo das médias setoriais de 14,5% e 12,6%, respectivamente, o que se reflete em múltiplos de valuation moderados, como o P/L de 11,0 e o P/VP de 1,39, sugerindo que o mercado já precifica essa compressão de retorno. Essa rentabilidade mais contida convive com um elevado nível de endividamento, evidenciado pela relação Dívida Líquida/EBITDA de 4,1, indicador que está significativamente acima da média do setor de 2,4 e compromete a flexibilidade financeira expressa na liquidez corrente de 1,14. Apesar dessa alavancagem financeira expressiva, o rendimento de dividendos (DY) de 6,12% mostra-se atraente, contudo sua sustentabilidade futura pode ser pressionada caso a geração de lucro líquido, limitada por uma margem líquida de 7,39%, seja consumida pelo serviço da dívida. No quesito expansão, o crescimento histórico da receita nos últimos cinco anos, com um CAGR de 24,5%, também ficou abaixo da média setorial de 26,1%, reforçando o diagnóstico do checklist de critérios de qualidade, no qual a empresa atendeu a apenas 1 de 8 requisitos avaliados. Sob a ótica do valuation, as estimativas de preço-teto apresentam uma dispersão acentuada entre os métodos, variando desde os conservadores R$ 8,26 por Bazin e R$ 15,33 por Gordon até os mais otimistas R$ 40,27 por Fluxo de Caixa Descontado e R$ 40,55 por Graham. Essa disparidade resulta em uma média de R$ 36,29 e um preço-teto ajustado com margem de segurança de R$ 36,24, o que confere um potencial de valorização (upside) de 8,4% em relação ao preço atual de R$ 33,43. Em balanço, o ativo apresenta como pontos positivos o seu robusto valor de mercado e um fluxo de dividendos ainda relevante, enquanto os pontos negativos concentram-se na alavancagem financeira muito acima dos pares, no crescimento e retornos abaixo da média setorial e na tendência gráfica de baixa.",,True,False,,,Em Baixa,39.20000076293945,-14.719388636386855,-36.55054304289178,False,False,False,sem sinal (Em Baixa; sem novo topo (-14.7%))
RANI3,SMALL11,SMALL11,Materiais,44.48,48.8,20.0,,,1.0,,50.37,43.78,37.39,77.08,93,Não,3,8,False,,True,,False,False,False,False,False,False,2,10,False,True,True,False,False,False,True,False,False,True,True,0.78,True,1751808384.0,13.76,1.24,5.2,9.01,9.03,25.63,11.69,7.65,4.99,2.42,2.1,1.38,,123.96,-70.2,5.37,4.4,0.56,63.24,36.76,7.0,9.51,8.8,-19.9,-6.3,0.67,0.48,7.619999885559082,4.903236209459954,7.1391119209736935,5.759302239085353,8.750364907587016,,4.91387477971708,1.4793812070178036,7.664420977121509,6.521718505657435,6.449207080029524,5.804286372026572,6,True,5.9,-23.828261690312225,-14.413141684989217,n/d,n/d,,,,False,False,,,Em Baixa,8.384929656982422,-9.122673686193139,-21.47080626903517,False,False,False,sem sinal (Em Baixa; sem novo topo (-9.1%))
FESA4,SMALL11,SMALL11,Materiais,44.46,48.78,20.0,,,1.0,,30.04,54.54,72.38,71.53,94,Não,2,8,False,,True,,False,False,False,True,False,False,2,10,False,False,False,False,False,True,True,False,False,True,True,-0.12,True,1653673856.0,11.49,0.52,14.63,8.28,4.49,15.62,3.69,6.78,3.13,-3.62,3.61,0.12,52.66,95.14,-76.0,3.49,-1.74,1.53,26.31,73.65,4.8,8.69,1.7,-43.8,-26.0,1.12,0.56,4.880000114440918,2.886264357878812,2.9383591575189834,3.0884497544767124,9.469987485367884,3.6094454451894316,5.747754286097101,1.192853930395465,6.23638360561731,4.084442767796392,3.348947599833072,3.014052839849765,6,True,7.9,-38.23662358263955,-16.302404262047233,n/d,n/d,,,,False,False,,,Em Baixa,6.159999847412109,-20.779216959054548,-45.16853568981624,False,False,False,sem sinal (Em Baixa; sem novo topo (-20.8%))
QUAL3,SMALL11,SMALL11,Cuidados de saúde,44.27,50.32,10.0,,,0.2,,53.75,72.3,33.7,13.19,95,Não,3,8,False,,False,,False,False,False,False,True,False,1,10,True,False,True,False,False,False,False,True,False,False,True,0.61,True,486538976.0,18.18,0.36,0.54,1.25,1.96,0.44,22.61,1.09,1.5,2.0,0.92,1.37,12.0,22.68,32.0,3.51,4.68,0.47,66.78,32.76,1.39,2.71,23.7,-36.4,-2.4,1.97,0.58,1.7200000286102295,0.1532485393622145,0.1744562845744094,0.7693019170725466,3.189124862725662,0.2613963239644128,0.15469293589264568,0.3428689710581501,,,,,5,False,20.8,,,n/d,n/d,,,,False,False,,,Em Baixa,1.6699999570846558,2.9940163359560623,-38.69775499192475,False,False,False,sem sinal (Em Baixa; sem novo topo (+3.0%))
PNVL3,SMALL11,SMALL11,Bens de primeira necessidade,44.24,39.7,70.0,,,0.0,,39.57,43.05,44.19,22.92,96,Não,5,8,False,,True,,False,False,True,False,True,True,7,10,False,True,False,False,True,True,True,True,False,False,True,0.82,True,1652676864.0,12.29,1.28,2.92,2.49,10.45,8.49,9.66,2.33,5.49,2.55,1.75,1.07,1.69,30.57,19.0,7.59,5.04,0.9,66.54,33.46,8.82,16.07,25.8,-31.0,-9.4,1.35,0.69,11.09000015258789,1.9706682071975363,3.65558952435143,11.956265420812818,13.263003520790674,8.791432876280009,5.748292862890826,6.525576723326085,11.090000152587889,8.718594440148532,8.791432876280009,7.912289588652008,7,True,6.7,-28.65383697216949,-21.38327934906279,n/d,n/d,,,,False,False,,,Lateral,12.4399995803833,-10.852085798493361,-31.943474029023243,False,False,False,sem sinal (Lateral)
FRAS3,SMALL11,SMALL11,Consumo discricionário,44.14,43.1,50.0,,,0.9,,56.4,18.11,49.98,31.94,97,Não,5,8,False,,True,,False,False,True,False,True,True,5,10,True,False,True,False,True,True,True,False,False,True,True,0.48,True,6068091904.0,20.67,2.4,2.86,3.07,11.62,14.99,15.27,5.39,7.06,1.25,2.41,1.01,4.86,63.39,141.0,13.49,6.9,0.72,65.64,34.06,18.96,25.01,15.4,-12.5,3.2,0.81,0.53,21.8799991607666,4.792964679303323,7.177921513465755,11.32330656268335,14.73542617314919,7.749350572934045,8.475269645666208,5.658285271742734,10.464001544430413,8.797065745421877,8.112310109300125,7.301079098370113,8,True,3.1,-66.631264266857,-59.794030699982635,n/d,n/d,,,,False,False,,,Lateral,21.979999542236328,-0.45496079869140615,-12.910392262718883,False,False,False,sem sinal (Lateral)
AXIA3,BOVA11+Carteira,BOVA11,Serviços públicos,43.71,40.83,60.0,,,0.1,,44.15,24.5,51.26,45.83,98,Não,3,8,False,,True,,False,False,False,True,True,True,6,10,False,False,False,True,False,True,True,False,True,False,True,0.54,True,114357796864.0,12.16,1.2,2.97,4.28,9.86,5.35,3.25,27.05,14.84,2.95,2.05,0.63,2.57,52.0,9.7,8.62,3.03,0.39,57.63,42.34,40.32,67.15,24.5,-25.3,-9.5,1.39,0.65,50.18000030517578,15.328411324351935,24.251826525304757,46.635469810375824,62.310969451630406,37.17722034585474,26.84945340796466,23.299645976401788,20.39559784872638,32.03107433632631,25.55063996663471,22.995575969971238,8,True,4.1,-54.17382257847581,-36.16764818348857,2026-11-04,2025-11-17,última,"A análise fundamentalista da AXIA3 revela uma empresa de serviços públicos que apresenta desafios operacionais importantes, evidenciados por um ROE de 9,9% e um ROIC de 3,2%, ambos abaixo das médias setoriais de 12,1% e 9,6%, respectivamente. Essa rentabilidade pressionada não encontra compensação em múltiplos descontados, uma vez que o P/L de 12,16 e o P/VP de 1,20 mostram que o mercado cobra um preço relativamente alto por uma qualidade que se provou inferior à de seus pares no período. No âmbito financeiro, a companhia demonstra solidez ao registrar uma relação Dívida Líquida/EBITDA de 2,95, posicionando-se abaixo do limite setorial de 3,42, o que, somado a uma liquidez corrente confortável de 2,05, indica um endividamento controlado que sustenta a operação, apesar do baixo retorno sobre o capital. Por outro lado, o dividendo distribuído é tímido, com um Dividend Yield de apenas 2,97%, patamar condizente com a necessidade de preservação de caixa diante de uma eficiência operacional comprometida e de um crescimento histórico modesto, visto que o CAGR de receita de 9,7% nos últimos cinco anos ficou muito aquém da média setorial de 22,5%. Esse panorama é corroborado pelo checklist de critérios de investimento, no qual a AXIA3 atendeu a apenas 3 dos 8 requisitos avaliados, falhando em superar a taxa Selic ou as médias de rentabilidade e crescimento dos seus pares. No campo do valuation, os métodos de precificação teórica expõem uma enorme dispersão, variando desde os pessimistas R$ 15,33 por Bazin e R$ 24,25 por Gordon até os mais otimistas R$ 62,31 por Graham, resultando em uma média de R$ 32,03 e uma mediana de R$ 25,55. Frente ao preço atual de R$ 50,18, o preço-teto ajustado com margem de segurança de R$ 23,00 projeta um expressivo upside negativo de 54,2%, sinalizando que o papel negocia com prêmio esticado em relação aos seus fundamentos. Como prós, destacam-se a excelente margem líquida de 27,05% e a estrutura de endividamento mais saudável que a média do setor; como contras, pesam a baixa eficiência do capital investido, o crescimento muito abaixo dos concorrentes e o valuation atual desfavorável frente às métricas de fluxo de caixa e dividendos.",,False,True,59.55,-15.73,Em Baixa,53.709999084472656,-6.572330738164888,-26.031835179877827,False,False,False,sem sinal (Em Baixa; sem novo topo (-6.6%))
USIM5,BOVA11+SMALL11,BOVA11,Materiais,43.26,47.36,20.0,,,1.0,P/L=-3.41<2,10.71,89.3,71.22,59.72,99,Não,4,8,False,,False,,False,False,False,True,True,False,2,10,False,False,False,False,True,True,True,True,False,False,True,-0.02,True,7828795904.0,-3.41,0.38,0.0,6.25,-11.18,-0.65,4.67,-9.36,3.13,-0.18,4.44,0.27,,,301.7,5.89,1.64,1.4,33.58,58.33,3.97,12.04,60.2,-47.2,-24.8,0.91,0.35,6.360000133514404,2.837384886160268,5.263348963827297,,,,,,9.968029432586397,6.022921094191321,5.263348963827297,4.7370140674445675,3,True,3.5,-25.518648301867387,-5.2999847837553515,n/d,n/d,,,,False,False,,,Em Baixa,8.6899995803833,-26.81242300780553,-47.78325144366556,False,False,False,sem sinal (Em Baixa; sem novo topo (-26.8%))
SUZB3,BOVA11,BOVA11,Materiais,42.73,48.51,10.0,,,1.0,,53.83,60.37,30.36,31.25,100,Não,5,8,False,,False,,False,False,True,False,False,False,1,10,True,True,False,True,False,False,True,True,True,True,False,1.68,False,49976733696.0,6.5,1.07,0.01,3.06,16.44,27.73,5.54,17.08,6.1,3.68,3.38,1.99,0.49,19.91,-64.0,5.56,3.15,0.57,73.83,26.09,39.68,58.97,2.3,-31.2,-6.9,0.4,0.26,40.58000183105469,8.878411261723402,16.46945289049691,82.72077296330377,72.98855305866306,101.32436983488924,22.44483465042851,68.3475357757449,22.187167812339144,,,,6,False,11.4,,,n/d,n/d,,,,False,False,,,Em Baixa,43.099998474121094,-5.846860167708612,-31.962913874774646,False,False,False,sem sinal (Em Baixa; sem novo topo (-5.8%))
VAMO3,BOVA11+SMALL11,BOVA11,Bens Industriais,41.87,45.73,20.0,,,0.7,,53.17,53.27,27.86,29.17,101,Não,4,8,False,,True,,False,False,False,False,False,False,2,10,True,False,True,False,False,False,True,True,False,True,False,3.87,False,3420873472.0,10.83,1.04,4.45,2.93,9.57,14.8,15.52,5.1,3.82,3.09,1.67,4.84,1.66,31.69,-1.9,4.64,7.32,0.32,88.84,11.16,2.68,4.82,4.5,-41.9,-16.0,1.99,0.66,2.799999952316284,0.5853088341639447,1.0857478873741175,3.4256693784109666,3.957476868085646,2.4466733275847528,2.6412151589822788,1.7529857845915335,8.501114732110327,,,,6,False,14.5,,,n/d,n/d,,,,False,False,,,Em Baixa,3.4200000762939453,-18.128658191420833,-43.319839678468895,False,False,False,sem sinal (Em Baixa; sem novo topo (-18.1%))
SAUD3,SMALL11,SMALL11,Cuidados de saúde,40.64,36.05,66.66666666666667,,,0.2,,33.39,19.09,53.13,56.25,102,Não,4,8,False,,True,,False,False,False,,True,True,6,9,False,False,False,False,True,True,True,True,True,True,True,-1.92,True,40139206656.0,38.2,2.15,0.97,6.04,5.63,39.67,4.59,10.5,20.64,-11.59,1.06,,0.03,230.87,1189.0,9.11,3.06,0.66,34.2,65.77,10.45,16.09,31.4,-14.7,-3.7,0.77,0.38,13.729999542236328,5.927243558265547,10.995036800582591,4.762368951168359,7.186391457069726,10.782722153588738,16.693590942303647,4.349031268614125,7.22270380378768,8.489886116922552,7.204547630428703,6.484092867385833,8,True,3.8,-52.77426741756679,-38.165430444437376,n/d,n/d,,,,False,False,,,Em Baixa,16.09000015258789,-14.667498992981576,-16.683581108977343,False,False,False,sem sinal (Em Baixa; sem novo topo (-14.7%))
AZZA3,BOVA11+SMALL11,BOVA11,Consumo discricionário,40.26,40.31,40.0,,,0.9,,26.72,60.59,46.59,38.19,103,Não,2,8,False,,True,,False,False,False,True,True,True,4,10,False,False,False,False,False,True,True,False,False,True,True,0.02,True,3026573056.0,9.47,0.38,16.65,3.53,4.03,11.4,5.88,2.85,3.63,2.18,2.26,0.49,3.53,33.45,21.9,3.13,3.32,0.93,48.36,51.64,14.87,31.78,0.7,-52.9,-23.7,1.32,0.51,14.970000267028809,3.7769401555155477,4.797237864180028,14.341512066888926,37.43227987420591,9.823249229447544,48.40274973071281,6.887835877301271,19.088146227606654,,,,4,False,12.8,,,n/d,n/d,,,,False,False,,,Em Baixa,17.149999618530273,-12.711366763798726,-54.146906996689296,False,False,False,sem sinal (Em Baixa; sem novo topo (-12.7%))
UNIP6,SMALL11,SMALL11,Materiais,40.24,43.81,20.0,,,1.0,,54.14,10.11,35.64,97.92,104,Não,4,8,False,,True,,False,False,True,False,False,False,2,10,False,True,True,False,False,False,True,True,False,True,True,1.25,True,6547755520.0,24.5,3.27,11.22,17.12,13.34,34.18,11.66,5.09,8.83,2.72,2.39,1.85,,419.39,-46.1,11.09,4.48,0.47,74.89,24.93,51.73,71.62,13.4,-18.1,-4.2,0.71,0.4,58.65999984741211,71.72365525370627,104.42964204939632,24.900571363799425,31.086827124370096,,30.036623802606314,6.396163248668259,21.923376861746828,,,,5,False,16.3,,,n/d,n/d,,,,False,False,,,Em Baixa,63.689998626708984,-7.897627394809681,-19.308895145653626,False,False,False,sem sinal (Em Baixa; sem novo topo (-7.9%))
ENGI11,BOVA11,BOVA11,Serviços públicos,39.69,39.64,40.0,,,0.1,,43.83,39.1,24.66,52.08,105,Não,3,8,False,,True,,False,False,False,False,True,True,4,10,False,False,True,False,False,False,True,True,False,True,True,2.32,True,13381504000.0,14.54,1.13,2.6,5.38,7.78,17.19,10.25,4.13,5.64,4.32,1.56,1.99,8.58,78.23,7.9,18.12,4.83,0.34,74.62,23.0,40.66,57.51,7.5,-24.0,-11.6,1.3,0.86,43.689998626708984,16.78967467938958,19.424441784527318,24.831094036662574,51.1271830512919,21.256265075608457,23.389618899823194,11.22666367209851,114.48009702030687,,,,7,False,10.2,,,n/d,n/d,,,,False,False,,,Em Baixa,49.778621673583984,-12.231401437348454,-25.444834063054145,False,False,False,sem sinal (Em Baixa; sem novo topo (-12.2%))
EMBJ3,BOVA11,BOVA11,Bens Industriais,39.69,34.93,66.66666666666667,,,0.7,,46.99,11.06,50.59,9.03,106,Rompimento,4,8,False,,False,,False,,True,True,True,False,6,9,False,False,False,False,True,True,True,True,False,False,True,0.14,True,71496523776.0,31.48,4.09,0.99,0.72,13.01,5.09,9.61,5.28,11.96,0.52,1.44,0.69,3.12,22.54,113.9,17.23,3.7,0.82,70.5,26.66,68.4,103.57,46.9,-3.0,24.8,0.85,0.38,100.44000244140625,5.137010340244302,9.52915418115318,42.27541398820307,41.98739761198179,34.4376862317846,17.849995976310645,28.733985315085302,41.992476626959885,,,,6,False,8.2,,,n/d,n/d,,,Rompimento,False,False,,,Em Alta,99.0199966430664,1.4340596308627385,-4.4417328325636385,False,True,False,"Rompimento (vol x0.9, +1.4% do topo, MM50>MM200)"
HAPV3,BOVA11+SMALL11,BOVA11,Cuidados de saúde,38.59,35.6,55.55555555555556,,,0.2,P/L=-19.48<2,12.91,78.35,47.88,6.25,107,Não,1,8,False,,False,,False,,False,True,True,False,5,9,False,False,False,False,False,False,True,False,False,False,True,0.16,True,3126078464.0,-19.48,0.07,0.0,0.13,-0.36,-1.11,2.12,-1.35,4.23,3.32,1.79,0.34,,,3.5,4.09,1.21,0.45,33.25,66.74,6.41,41.71,2.7,-84.2,-41.3,1.57,0.35,6.579999923706055,0.06220888042498262,0.08584825498647601,,,,,,14.831856206873383,,,,2,False,238.4,,,n/d,n/d,,,,False,False,,,Em Baixa,11.90999984741211,-44.75230891681493,-84.5757150791335,False,False,False,sem sinal (Em Baixa; sem novo topo (-44.8%))
SMFT3,BOVA11+SMALL11,BOVA11,Consumo discricionário,38.46,38.19,40.0,,,0.9,,51.12,38.77,14.6,25.69,108,Não,1,8,False,,False,,False,False,True,False,False,False,4,10,False,False,False,False,False,False,True,False,True,False,False,1.82,False,10531272704.0,15.37,1.74,5.89,2.63,11.3,9.4,10.6,8.53,3.89,4.32,1.2,2.24,2.28,40.38,-6.3,8.15,5.98,0.3,73.66,26.34,16.68,26.03,2.9,-34.1,-9.6,1.3,0.62,17.15999984741211,3.2205352649568217,5.974092916494904,14.793103316734573,15.7397192228649,10.454592194908077,13.02171218279545,7.710104896203269,,11.282220788333527,11.738152188851764,10.564336969966588,6,True,4.9,-38.436264196355516,-34.252792024150324,n/d,n/d,,,,False,False,,,Em Baixa,20.1200008392334,-14.71173393814863,-35.00932126161894,False,False,False,sem sinal (Em Baixa; sem novo topo (-14.7%))
SLCE3,BOVA11+SMALL11,BOVA11,Bens de primeira necessidade,38.31,43.31,10.0,,,0.0,,43.97,37.38,37.89,65.97,109,Rompimento,1,8,False,,True,,False,False,False,False,False,False,1,10,False,False,False,False,False,False,True,False,False,True,True,1.81,True,6819317760.0,17.16,1.23,6.03,7.05,7.16,17.38,10.84,3.82,5.96,4.66,2.2,1.77,,120.97,-50.4,12.25,5.78,0.63,73.5,23.57,12.62,19.32,8.9,-28.9,-10.7,0.48,0.37,13.739999771118164,6.918585705988592,10.073460787919393,8.327272588556461,14.186223150930632,,7.8543553883163,2.139010953379201,8.776556652793895,9.356075712417544,8.551914620675177,7.69672315860766,6,True,6.6,-43.98309107117766,-31.906289168328385,n/d,n/d,,,Rompimento,False,False,,,Em Baixa,13.569999694824219,1.2527640391825967,-29.466118613980242,False,True,False,"Rompimento (vol x0.9, +1.3% do topo, MM50>MM200)"
RAIL3,BOVA11,BOVA11,Bens Industriais,38.29,36.22,50.0,,,0.7,,52.04,27.03,23.26,13.89,110,Não,2,8,False,,False,,False,False,False,False,True,True,5,10,False,False,False,False,True,False,True,False,True,False,False,1.64,False,25295405056.0,20.71,1.76,0.79,1.31,8.48,1.9,12.06,8.53,5.85,3.16,1.31,2.01,3.35,27.13,56.8,10.92,7.07,0.25,73.88,25.74,12.33,17.04,10.5,-20.0,-6.1,1.12,0.58,13.630000114440918,1.2752575168303608,2.3656026937203194,8.720304274087017,10.708798212882014,4.929085555887853,7.703655338122732,4.314569437111262,10.873509989959484,,,,6,False,8.5,,,n/d,n/d,,,,False,False,,,Em Baixa,14.279999732971191,-4.551818142051401,-21.344200687786806,False,False,False,sem sinal (Em Baixa; sem novo topo (-4.6%))
CBAV3,SMALL11,SMALL11,Materiais,37.41,38.72,30.0,,,1.0,,40.95,37.51,39.27,30.56,111,Rompimento,5,8,False,,False,,False,False,True,True,True,False,3,10,False,True,False,False,True,True,True,True,False,False,True,0.57,True,7252950016.0,12.05,1.42,0.4,3.04,11.81,-1.32,6.25,6.41,6.48,1.95,2.06,0.89,1.61,36.67,28.1,9.52,3.49,0.48,67.68,30.73,2.83,11.14,293.9,0.0,3.9,0.35,0.16,11.140000343322754,2.421249955906433,4.491418668206433,12.249377970873564,12.774348722299926,9.72790062890694,0.7926985098769694,6.816150568831597,7.514088350441932,,,,6,False,16.1,,,n/d,n/d,,,Rompimento,False,False,,,Em Alta,11.130000114440918,0.08984931517530548,-0.3577814021571091,False,True,False,"Rompimento (vol x0.5, +0.1% do topo, MM50>MM200)"
TIMS3,BOVA11,BOVA11,Comunicação,37.22,31.43,70.0,,,0.4,,31.58,7.62,38.73,75.69,112,Não,3,8,False,,True,,False,False,False,True,True,True,7,10,False,False,False,True,True,False,True,False,True,True,True,0.49,True,43354345472.0,3174.09,1.73,8.1,8.95,0.05,11.85,0.76,15.78,110.56,1.05,0.85,0.66,1269.64,28407.07,2.5,8.52,7.75,0.43,57.89,42.11,17.95,27.96,1.1,-35.1,-20.7,0.79,0.48,18.149999618530273,11.60261385658165,14.478044247125796,,,,30.75,,0.6973951504492941,,,,3,False,44.1,,,n/d,n/d,,,,False,False,,,Em Baixa,21.5,-15.581397123115003,-35.978006487057726,False,False,False,sem sinal (Em Baixa; sem novo topo (-15.6%))
POSI3,SMALL11,SMALL11,Tecnologia de informação,36.31,37.42,30.0,,,0.5,,21.85,51.04,41.49,65.28,113,Não,0,8,False,,True,,False,False,False,True,True,False,3,10,False,False,False,False,False,False,False,False,False,True,True,0.47,True,466646368.0,37.77,0.3,5.41,6.89,0.8,10.68,6.93,0.27,3.71,2.39,1.82,0.78,3.28,260.23,11.5,2.0,3.74,0.97,64.77,35.23,3.28,4.72,2.7,-28.6,-15.1,1.09,0.49,3.369999885559082,1.6584574449056517,3.0764385602999837,1.182221299540848,4.7488344016695505,1.6408102439133854,0.5791270837062977,0.883320065317313,9.370187026609802,,,,5,False,16.2,,,n/d,n/d,,,,False,False,,,Em Baixa,3.5999999046325684,-6.388889587955726,-29.791671840680767,False,False,False,sem sinal (Em Baixa; sem novo topo (-6.4%))
BHIA3,SMALL11,SMALL11,Consumo discricionário,36.07,40.48,11.11111111111111,,,0.9,P/L=-0.05<2,32.17,97.71,6.49,2.78,114,Não,3,8,False,,False,,False,,False,False,True,False,1,9,True,False,True,False,False,False,False,True,False,False,False,3.58,False,446050880.0,-0.05,-0.08,0.0,0.0,1.6,-58.09,14.81,-12.3,1.92,6.49,0.72,6.41,,,6.1,-0.34,2.57,0.47,91.75,8.25,0.44,5.15,0.0,-91.5,-73.3,1.58,0.33,0.4399999976158142,,,,,,,,,,,,0,True,,,,n/d,n/d,,,,False,False,,,Em Baixa,0.8199999928474426,-46.3414632373449,-91.9708029911612,False,False,False,sem sinal (Em Baixa; sem novo topo (-46.3%))
BRAP4,BOVA11+SMALL11,BOVA11,Basic Materials,36.06,36.54,33.333333333333336,,,1.0,DY5a=24.2%>=20,16.67,41.74,74.72,,115,Não,5,7,False,,True,,False,False,False,True,True,False,3,9,False,True,True,False,True,,True,True,False,True,True,,True,7936620544.0,13.63,0.99,11.63,24.21,7.26,23.82,-0.47,0.0,-207.15,,5.99,0.0,1.88,329.92,73.9,2.7,-0.76,,4.4,95.6,13.96,25.49,44.6,-20.8,-10.6,0.9,0.62,20.190000534057617,34.90782594861507,64.75401713468095,19.627109836849844,26.071262613934604,44.43873925324493,20.492621592277388,10.716931003530176,,31.57264391187614,26.071262613934604,23.464136352541143,7,True,6.0,16.21662076214674,56.37762791842251,n/d,n/d,,,,False,False,,,Em Baixa,22.0,-8.227270299738098,-21.225122141386255,False,False,False,sem sinal (Em Baixa; sem novo topo (-8.2%))
ARML3,SMALL11,SMALL11,Bens Industriais,35.98,37.04,30.0,,,0.7,,34.55,40.82,31.08,50.69,116,Não,2,8,False,,True,,False,False,False,False,True,False,3,10,False,False,False,False,False,False,True,True,False,True,False,1.69,False,1049843200.0,17.05,0.77,18.02,4.77,4.51,11.22,9.85,2.66,4.58,3.3,2.16,2.35,20.33,81.41,2.5,2.73,4.91,0.54,75.09,23.96,2.71,6.17,12.0,-50.9,-21.7,1.82,0.55,3.0299999713897705,1.0333420173314747,1.1084018622163967,1.3615806263779078,3.9666723526383487,0.9975236926972886,1.7986850296961185,0.5684236164517843,4.740463948125904,,,,6,False,8.3,,,n/d,n/d,,,,False,False,,,Em Baixa,3.549999952316284,-14.64788698341325,-51.90476381499385,False,False,False,sem sinal (Em Baixa; sem novo topo (-14.6%))
YDUQ3,BOVA11+SMALL11,BOVA11,Consumo discricionário,35.73,36.74,30.0,,,0.9,,36.58,46.22,24.15,38.89,117,Não,1,8,False,,False,,False,False,False,False,False,False,3,10,False,False,False,False,False,False,True,False,False,False,False,1.47,True,1862564992.0,17.67,0.69,7.78,3.6,3.89,5.03,11.35,2.14,3.64,3.13,1.47,1.78,12.49,63.62,-46.7,3.46,7.05,0.4,70.08,29.69,7.32,14.76,0.0,-50.4,-22.4,1.6,0.6,7.320000171661377,1.8824584350336386,2.123795677625408,3.3383651878908496,9.943963698008812,2.0777683574597234,5.936753777682229,1.4751952289415002,12.88786987813675,,,,6,False,8.7,,,n/d,n/d,,,,False,False,,,Em Baixa,8.380000114440918,-12.649163822240117,-52.12557102731182,False,False,False,sem sinal (Em Baixa; sem novo topo (-12.6%))
SIMH3,SMALL11,SMALL11,Industrials,35.03,37.68,20.0,,,0.7,P/L=-19.72<2,27.47,79.95,17.62,18.06,118,Não,5,8,False,,False,,False,False,False,False,True,False,2,10,False,True,True,False,True,False,True,True,False,False,False,7.83,False,3560931584.0,-19.72,0.61,2.78,2.24,-3.1,-1.12,11.25,-0.4,3.75,3.53,1.28,6.05,,,8.8,2.23,6.03,0.36,91.64,5.09,6.1,14.3,0.0,-57.3,-31.8,2.29,0.69,6.099999904632568,0.9765552653519661,1.811510017227897,,,,,,46.49973968806477,,,,2,False,47.6,,,n/d,n/d,,,,False,False,,,Em Baixa,7.880000114440918,-22.588834821795423,-58.2457537819685,False,False,False,sem sinal (Em Baixa; sem novo topo (-22.6%))
JSLG3,SMALL11,SMALL11,Bens Industriais,34.5,37.06,20.0,,,0.7,P/L=-13.79<2,22.1,58.9,15.06,93.75,119,Não,1,8,False,,True,,False,False,False,False,False,False,2,10,False,False,False,False,False,False,True,False,False,True,False,5.26,False,1429698432.0,-13.79,1.22,37.99,13.87,-8.83,13.19,9.68,-1.07,4.18,4.15,1.38,6.52,,,-44.0,2.8,4.78,0.43,89.08,10.92,3.81,8.64,31.5,-42.0,-20.9,2.08,0.62,5.010000228881836,4.961824910486276,7.224417069668019,,,,,,,6.093120990077147,6.093120990077147,5.483808891069432,2,True,1.5,9.457258294244507,21.619175882493913,n/d,n/d,,,,False,False,,,Em Baixa,5.760000228881836,-13.020832815931927,-43.19727435113381,False,False,False,sem sinal (Em Baixa; sem novo topo (-13.0%))
NATU3,BOVA11+SMALL11,BOVA11,Bens de primeira necessidade,34.31,38.16,12.5,,,0.0,P/L=-3.98<2,25.06,62.16,55.33,2.78,120,Não,2,8,False,,False,,,,False,True,False,False,1,8,False,False,False,False,False,True,True,False,False,True,True,0.35,True,10519487488.0,-3.98,0.84,0.0,0.0,-21.11,16.34,10.18,-12.47,4.7,2.58,1.68,0.54,,,-88.9,8.01,2.55,0.77,55.1,44.9,7.2,10.7,6.4,-28.4,-16.7,1.15,0.42,7.659999847412109,,,,,,,,10.508376865444681,10.508376865444681,10.508376865444681,9.457539178900214,1,True,1.0,23.466571374611632,37.18507930512403,n/d,n/d,,,,False,False,,,Em Baixa,8.5,-9.882354736328125,-31.300447448608924,False,False,False,sem sinal (Em Baixa; sem novo topo (-9.9%))
RAPT4,SMALL11,SMALL11,Bens Industriais,34.25,40.3,0.0,,,0.7,P/L=-4.58<2,20.1,81.75,30.47,47.22,121,Não,1,8,False,,False,,False,False,False,False,False,False,0,10,False,False,False,False,False,False,True,False,False,False,False,1.92,False,1596989952.0,-4.58,0.52,0.0,4.31,-11.45,8.95,9.51,-2.23,3.8,3.38,2.07,2.19,,,-3.4,3.59,4.72,0.76,74.66,17.25,4.35,6.9,5.3,-33.6,-8.4,1.35,0.58,4.579999923706055,1.4084079572771648,2.050641985795552,,,,,,21.100720389829196,,,,2,False,15.0,,,n/d,n/d,,,,False,False,,,Em Baixa,5.139999866485596,-10.894940804004982,-34.75783566737878,False,False,False,sem sinal (Em Baixa; sem novo topo (-10.9%))
AUAU3,SMALL11,SMALL11,Consumo discricionário,34.07,34.2,33.333333333333336,,,0.9,,32.74,52.66,25.94,11.11,122,Não,1,8,False,,,,,,False,True,False,,1,3,False,False,False,False,False,False,True,False,False,False,False,0.77,True,2694284544.0,14.13,0.85,0.96,0.92,6.04,,7.01,3.33,2.92,3.87,1.19,0.74,2.69,12.99,-18.6,9.23,4.03,,,,2.8,3.87,11.6,-19.0,-6.6,0.86,0.42,3.130000114440918,0.20551928415318244,0.3463285167509,2.66630501934761,4.284055304804958,1.367789019956141,0.5047472894825611,1.3235182811133588,,,,,3,False,20.8,,,n/d,n/d,,,,False,False,,,Em Alta,3.680000066757202,-14.945650607037663,-22.400714665960344,False,False,False,sem sinal (Em Alta)
CSNA3,BOVA11+SMALL11,BOVA11,Materiais,34.04,38.28,10.0,,,1.0,P/L=-2.27<2,16.08,79.21,8.63,95.14,123,Não,2,8,False,,False,,False,False,False,False,True,False,1,10,False,False,False,False,False,False,True,True,False,False,False,3.12,False,6060249600.0,-2.27,0.49,0.0,15.41,-21.59,-7.63,8.07,-5.78,4.19,5.56,1.15,3.23,,,5.7,-3.45,1.96,0.39,84.35,12.8,4.28,10.89,6.8,-58.0,-21.4,1.69,0.55,4.570000171661377,5.030584398583244,8.968986497618653,,,,,,,6.9997854481009485,6.9997854481009485,6.299806903290854,2,True,1.8,37.85134937972274,53.16816597746972,n/d,n/d,,,,False,False,,,Em Baixa,5.710000038146973,-19.964971258661357,-59.628972660212234,False,False,False,sem sinal (Em Baixa; sem novo topo (-20.0%))
MYPK3,SMALL11,SMALL11,Consumo discricionário,33.46,35.83,20.0,,,0.9,,26.09,51.31,29.94,52.78,124,Não,1,8,False,,True,,False,False,False,False,True,False,2,10,False,False,False,False,False,False,True,False,False,False,True,0.93,True,1353918720.0,15.04,0.34,3.43,5.43,2.23,4.01,8.93,0.6,3.49,2.8,1.73,1.21,36.73,81.64,0.1,3.89,3.82,0.65,66.29,30.03,8.74,13.84,3.4,-34.7,-3.0,0.81,0.49,9.039999961853027,3.5049089210959474,3.625303676938623,4.440789744699811,18.96253131735201,3.508687967431952,7.744128956175367,1.7604155079779455,16.09855550164613,,,,6,False,10.8,,,n/d,n/d,,,,False,False,,,Em Baixa,9.710000038146973,-6.900103745229291,-35.56091205113987,False,False,False,sem sinal (Em Baixa; sem novo topo (-6.9%))
DESK3,SMALL11,SMALL11,Comunicação,32.67,33.14,30.0,,,0.4,,41.69,25.72,35.58,8.33,125,Não,3,8,False,,True,,False,False,False,False,False,True,3,10,False,True,True,False,False,False,True,False,False,False,True,0.92,True,2184146432.0,39.39,1.54,0.77,0.44,3.91,6.21,11.53,4.95,5.26,2.2,1.41,1.21,12.16,17.18,-50.8,11.05,6.66,0.32,62.73,36.49,7.73,18.93,143.0,-0.7,4.2,0.71,0.21,18.790000915527344,0.5853936691099044,0.7862008237401621,4.576128993028179,11.443653765446454,1.7527825922835052,0.7163033548872092,2.245305316314508,18.790000915527344,,,,3,False,32.1,,,n/d,n/d,,,,False,False,,,Em Alta,18.93000030517578,-0.7395635889670849,-2.084416922346466,False,False,False,sem sinal (Em Alta)
CASH3,SMALL11,SMALL11,Comunicação,32.35,28.25,55.55555555555556,,,0.4,P/L=-5.65<2,1.33,42.47,83.76,2.78,126,Não,2,8,False,,False,,False,,False,True,True,False,5,9,False,False,False,False,True,True,False,False,False,False,True,-0.26,True,574436736.0,-5.65,1.32,0.0,0.0,-23.45,-3.01,-16.62,-20.31,-8.81,-1.12,2.68,0.0,,,18.2,5.9,9.61,1.74,18.27,80.69,3.24,5.6,56.5,-9.5,18.7,0.98,0.34,5.070000171661377,,,,,,,,,,,,0,True,,,,n/d,n/d,,,,False,False,,,Em Alta,5.460000038146973,-7.142854647633934,-11.826083971106483,False,False,False,sem sinal (Em Alta)
TTEN3,SMALL11,SMALL11,Bens de primeira necessidade,31.78,28.57,50.0,,,0.0,,30.06,35.0,25.55,11.81,127,Não,2,8,False,,True,,False,True,True,False,False,True,5,10,False,True,False,False,False,False,True,False,False,True,False,0.78,True,5149532160.0,8.45,0.99,1.83,0.95,11.76,18.41,4.0,3.19,16.2,7.5,1.36,1.03,0.78,8.02,-37.7,5.12,1.74,0.97,64.13,35.82,9.93,17.74,3.6,-42.0,-31.0,0.79,0.37,10.289999961853027,0.6978558027647292,1.2945225141285726,16.135207040775455,16.875656639740534,14.328018347168129,1.7416975837893651,11.532557970989947,,,,,4,False,24.2,,,n/d,n/d,,,,False,False,,,Em Baixa,15.239999771118164,-32.4803141968942,-42.51396546846454,False,False,False,sem sinal (Em Baixa; sem novo topo (-32.5%))
PRNR3,SMALL11,SMALL11,Bens Industriais,31.01,32.95,20.0,,,0.7,,40.34,25.82,33.73,15.97,128,Não,3,8,False,,False,,False,False,False,False,True,False,2,10,False,False,False,False,True,True,True,False,False,False,True,1.2,True,942898432.0,21.41,1.96,0.0,1.69,9.17,4.0,10.43,2.55,5.59,2.35,1.85,1.75,3.65,36.09,27.8,4.73,5.94,0.64,70.26,25.54,14.63,21.97,13.1,-24.7,-11.9,1.12,0.59,16.540000915527344,1.99123615435946,3.625882892437279,10.048050995759032,12.111290438489254,5.829877767509653,5.001364225414565,4.909826350986175,15.08683343730982,6.9210487784326595,5.415620996462109,4.874058896815898,6,True,7.6,-70.53168907481589,-58.15569289397469,n/d,n/d,,,,False,False,,,Em Baixa,19.739999771118164,-16.210734005543294,-25.124487092456416,False,False,False,sem sinal (Em Baixa; sem novo topo (-16.2%))
DXCO3,SMALL11,SMALL11,Materiais,30.3,33.88,10.0,,,1.0,P/L=-126.91<2,14.93,71.16,28.46,36.81,129,Não,2,8,False,,True,,False,False,False,False,False,False,1,10,False,False,False,False,False,False,True,True,False,False,False,0.88,True,4448566272.0,-126.91,0.66,0.0,3.43,-0.52,6.92,4.35,-0.11,4.66,3.22,1.98,1.18,,,-53.0,7.9,2.37,0.51,62.06,36.03,4.44,6.09,10.4,-19.5,-2.8,1.19,0.61,4.900000095367432,1.2006760486201602,1.7481843267909531,,,,,,6.075683075023824,1.4744301877055568,1.4744301877055568,1.3269871689350012,2,True,5.1,-72.91862973248584,-69.90958859165093,n/d,n/d,,,,False,False,,,Em Baixa,5.289999961853027,-7.372398285405335,-21.22186076124525,False,False,False,sem sinal (Em Baixa; sem novo topo (-7.4%))
LJQQ3,SMALL11,SMALL11,Consumo discricionário,29.83,33.13,11.11111111111111,,,0.9,P/L=-0.99<2,7.14,89.73,14.84,45.14,130,Não,0,8,False,,False,,False,,False,False,True,False,1,9,False,False,False,False,False,False,False,False,False,False,False,4.11,False,198640576.0,-0.99,0.67,0.0,4.09,-67.62,-9.94,2.03,-6.84,0.75,33.06,1.86,7.1,,,3.7,13.71,0.0,0.82,89.26,10.74,0.96,2.83,0.0,-66.1,-35.7,2.1,0.59,0.9599999785423279,0.28077077261129724,0.3957504928903701,,,,,,,0.3382606327508337,0.3382606327508337,0.3044345694757503,2,True,1.4,-68.28806497079236,-64.76451663421373,n/d,n/d,,,,False,False,,,Em Baixa,1.309999942779541,-26.717555688940543,-66.55052206194364,False,False,False,sem sinal (Em Baixa; sem novo topo (-26.7%))
BRAV3,BOVA11+SMALL11,BOVA11,Energia,29.79,29.17,33.333333333333336,,,0.9,,23.19,53.87,20.08,12.5,131,Não,1,8,False,,False,,False,,False,False,False,True,3,9,False,False,False,False,False,False,True,False,False,False,False,1.17,True,8663729152.0,156.8,0.7,0.67,1.08,0.44,3.55,8.3,0.44,3.21,3.05,1.26,1.55,,169.04,-17.3,4.88,3.71,0.27,72.43,27.57,13.35,21.64,39.7,-13.8,-4.7,0.5,0.24,18.649999618530273,1.436128186086759,2.0910026389423213,,,,1.6666666666666667,,18.649999618530273,,,,3,False,13.0,,,n/d,n/d,,,,False,False,,,Em Baixa,21.0,-11.190478006998694,-15.782376758449235,False,False,False,sem sinal (Em Baixa; sem novo topo (-11.2%))
BRKM5,BOVA11+SMALL11,BOVA11,Materiais,29.4,30.18,25.0,,,1.0,P/L=-0.71<2,38.81,16.03,2.25,82.64,132,Não,5,8,False,,False,,False,,True,,True,False,2,8,True,True,False,False,True,False,True,True,False,False,False,,True,4144235520.0,-0.71,-0.31,0.0,9.78,44.02,-59.65,1.85,-7.85,8.26,7.68,0.77,,,,21.6,-6.16,3.32,0.31,120.15,-19.72,4.93,12.7,5.5,-59.1,-37.6,0.95,0.23,5.199999809265137,3.63382854831699,6.740751957128016,,,,,,,5.187290252722503,5.187290252722503,4.668561227450253,2,True,1.9,-10.219973102075686,-0.24441455786187172,n/d,n/d,,,,False,False,,,Em Baixa,6.099999904632568,-14.75410015472194,-62.264151596293736,False,False,False,sem sinal (Em Baixa; sem novo topo (-14.8%))
DASA3,SMALL11,SMALL11,Cuidados de saúde,29.27,34.43,0.0,,,0.2,P/L=-2.95<2,18.07,81.45,24.81,9.72,133,Não,2,8,False,,False,,False,,False,False,False,False,0,9,False,False,False,False,False,False,True,True,False,False,True,0.93,True,2799606528.0,-2.95,0.39,0.0,0.75,-13.13,-13.32,7.28,-9.6,3.79,4.61,1.27,1.07,,,-9.8,9.83,2.3,0.48,62.87,36.98,1.24,4.6,80.6,-51.3,-23.5,1.98,0.4,2.240000009536743,0.12033937994008798,0.1752141371927681,,,,,,,0.14777675856642802,0.14777675856642802,0.13299908270978522,2,True,1.5,-94.06254097573459,-93.40282330637177,n/d,n/d,,,,False,False,,,Em Baixa,2.9000000953674316,-22.758622900909465,-53.03983189740704,False,False,False,sem sinal (Em Baixa; sem novo topo (-22.8%))
LWSA3,SMALL11,SMALL11,Tecnologia de informação,29.05,30.65,20.0,,,0.5,P/L=-11.44<2,12.73,49.48,49.56,26.39,134,Não,1,7,False,,False,,False,False,False,True,True,False,2,10,False,False,False,False,False,,True,False,False,False,True,,True,2120073216.0,-11.44,0.96,7.6,2.64,-8.41,-2.3,5.89,-14.56,6.01,,1.14,0.03,,,47.1,10.45,-4.0,1.15,32.17,67.83,3.42,4.72,12.9,-18.2,0.5,1.35,0.54,3.859999895095825,0.7286264210175011,1.3516020109874645,,,,,,,1.0401142160024828,1.0401142160024828,0.9361027944022345,2,True,1.9,-75.74863161028672,-73.05403512254081,n/d,n/d,,,,False,False,,,Em Baixa,4.03000020980835,-4.218369872506999,-19.646506144353282,False,False,False,sem sinal (Em Baixa; sem novo topo (-4.2%))
MRVE3,BOVA11+SMALL11,BOVA11,Consumo discricionário,28.82,31.94,11.11111111111111,,,0.9,P/L=-4.65<2,15.85,67.68,25.92,27.08,135,Não,1,8,False,,False,,False,,False,False,True,False,1,9,False,False,False,False,False,False,True,False,False,False,False,1.04,True,2735375360.0,-4.65,0.59,0.0,2.67,-12.58,-7.71,6.84,-4.93,5.23,3.03,1.89,1.69,,,10.7,2.72,3.75,0.89,78.42,18.67,4.2,10.43,15.7,-53.4,-17.5,1.56,0.56,4.860000133514404,0.9253810390937204,1.7165818275188511,,,,,,2.206423373577044,1.6161287467298717,1.7165818275188511,1.544923644766966,3,True,2.4,-68.21144851183804,-66.74632299729582,n/d,n/d,,,,False,False,,,Em Baixa,4.800000190734863,1.2499987582366145,-53.84615140780175,False,False,False,sem sinal (Em Baixa; sem novo topo (+1.2%))
EQTL3,BOVA11,BOVA11,Serviços públicos,27.45,27.0,30.0,,,0.1,,31.59,20.72,21.68,32.64,136,Não,1,8,False,,True,,False,False,False,False,False,True,3,10,False,False,False,False,False,False,True,False,False,False,True,2.15,True,43003105280.0,45.86,1.68,4.52,3.15,3.67,8.85,9.18,1.75,7.77,4.81,1.57,2.27,,144.61,-54.9,20.75,4.62,0.33,74.15,23.5,33.29,45.35,2.8,-24.5,-14.0,1.2,0.82,34.22999954223633,7.709764401141464,11.225416968061971,7.762581666795853,18.49807288632535,,6.267048420977274,1.9939598512236603,34.34561831520113,,,,5,False,17.2,,,n/d,n/d,,,,False,False,,,Em Baixa,39.209999084472656,-12.700840751124709,-26.101036770815924,False,False,False,sem sinal (Em Baixa; sem novo topo (-12.7%))
HBOR3,SMALL11,SMALL11,Imobiliário,26.92,28.14,20.0,,,0.8,,15.81,35.72,38.94,43.06,137,Não,1,8,False,,True,,False,False,False,True,False,False,2,10,False,False,False,False,False,False,False,True,False,False,False,1.17,True,241502384.0,55.81,0.18,7.01,3.93,0.31,3.0,2.16,0.48,13.27,13.24,2.34,0.7,,219.26,-74.5,1.96,1.15,0.81,57.57,22.01,1.68,4.23,8.3,-57.0,-17.3,1.67,0.42,1.8200000524520874,0.5107203518186095,0.7436088322478956,0.339150699614795,2.7237697714538367,,0.35220099370975094,0.08711700663182234,,,,,4,False,31.3,,,n/d,n/d,,,,False,False,,,Em Baixa,2.009999990463257,-9.452733279236437,-57.22109311412413,False,False,False,sem sinal (Em Baixa; sem novo topo (-9.5%))
CVCB3,SMALL11,SMALL11,Consumo discricionário,26.73,23.6,44.44444444444444,,,0.9,P/L=-5.34<2,11.84,55.17,21.02,2.78,138,Pivô de alta,2,8,False,,False,,False,,False,False,True,False,4,9,False,False,False,False,False,True,True,False,False,False,True,0.79,True,718702080.0,-5.34,2.18,0.0,0.0,-40.86,-60.02,5.9,-7.1,2.32,1.29,0.73,1.4,,,0.5,9.52,4.37,0.67,87.19,12.81,1.08,2.72,27.8,-49.3,-15.5,1.11,0.28,1.3799999952316284,,,,,,,,3.665654167020481,3.665654167020481,3.665654167020481,3.299088750318433,1,True,1.0,139.0644030230371,165.62711447004125,n/d,n/d,,,Pivô de alta,False,False,,,Lateral,1.5499999523162842,-10.9677395041601,-50.537633903224965,False,True,False,Pivô de alta
CAML3,SMALL11,SMALL11,Bens de primeira necessidade,26.63,29.57,10.0,,,0.0,,23.11,36.64,26.09,47.92,139,Não,1,8,False,,True,,False,False,False,False,False,False,1,10,False,False,False,False,False,False,True,False,False,False,False,1.5,True,1582570496.0,14.76,0.54,6.31,4.34,3.69,8.66,5.74,0.99,7.76,5.55,1.87,1.99,11.14,64.08,-58.5,4.45,3.09,0.76,72.01,27.99,4.05,7.23,14.6,-35.8,-15.1,1.41,0.58,4.639999866485596,1.438887015129011,1.6104250413492698,2.5131441309991702,7.79595221494743,1.7814689164354374,1.7846065938603093,1.1017061041455343,,1.7050396336531222,1.6959469788923536,1.5263522810031183,6,True,7.1,-67.10447575596162,-63.253455113899726,n/d,n/d,,,,False,False,,,Em Baixa,4.809999942779541,-3.5343051625008504,-36.480484460017315,False,False,False,sem sinal (Em Baixa; sem novo topo (-3.5%))
GFSA3,SMALL11,SMALL11,Consumo discricionário,26.39,31.05,0.0,,,0.9,P/L=-0.05<2,0.67,100.0,27.35,2.78,140,Não,1,7,False,,False,,False,,False,False,False,False,0,9,False,False,False,False,False,,False,True,False,False,True,,True,31473462.0,-0.05,0.02,0.0,0.0,-39.87,-13.41,-6.27,-124.06,-5.67,,1.31,1.06,,,-55.9,0.67,-4.96,0.96,67.49,32.51,0.2,14.41,0.0,-98.6,-80.4,1.2,0.26,0.20000000298023224,,,,,,,,,,,,0,True,,,,n/d,n/d,,,,False,False,,,Em Baixa,0.3400000035762787,-41.17647033042974,-98.65771806643872,False,False,False,sem sinal (Em Baixa; sem novo topo (-41.2%))
RCSL4,SMALL11,SMALL11,Bens Industriais,26.33,28.46,14.285714285714286,,,0.7,P/L=-4.75<2,38.67,,18.33,2.78,141,Não,2,6,False,,False,,False,,True,,,False,1,7,True,True,False,False,,,False,False,False,True,True,,True,70009048.0,-4.75,-4.78,0.0,0.0,100.56,,-2.72,0.0,-82.98,,1.22,,,,,,-14.18,0.2,170.21,-69.4,0.26,2.7,111.5,-79.6,-7.6,0.18,0.02,0.550000011920929,,,,,,,,,,,,0,True,,,,n/d,n/d,,,,False,False,,,Em Alta,0.7799999713897705,-29.48717537246027,-80.16230822891073,False,False,False,sem sinal (Em Alta)
ORVR3,SMALL11,SMALL11,Bens Industriais,26.02,20.81,55.55555555555556,,,0.7,,23.15,8.33,40.16,2.78,142,Não,2,8,False,,False,,False,,False,True,True,False,5,9,False,False,False,False,True,False,True,False,False,False,False,0.28,True,8486628864.0,170.29,1.76,0.0,0.0,1.04,-2.35,3.71,3.35,19.67,4.88,2.38,0.74,163.74,,135.8,13.75,2.86,0.49,63.86,33.58,12.2,20.97,26.7,-26.3,-18.4,1.11,0.65,15.449999809265137,,,,,,,,0.4394449328076713,0.4394449328076713,0.4394449328076713,0.39550043952690417,1,True,1.0,-97.44012657340146,-97.15569619266829,n/d,n/d,,,,False,False,,,Em Baixa,17.899999618530273,-13.687150064119946,-27.208482772261323,False,False,False,sem sinal (Em Baixa; sem novo topo (-13.7%))
MGLU3,BOVA11+SMALL11,BOVA11,Consumo discricionário,25.56,28.11,11.11111111111111,,,0.9,,20.28,50.58,21.26,20.83,143,Não,1,8,False,,False,,False,,False,True,False,False,1,9,False,False,False,False,False,False,True,False,False,False,False,0.62,True,3281035264.0,34.28,0.27,2.08,2.34,0.79,-2.27,6.07,0.35,2.23,4.8,1.13,0.76,217.45,80.05,-2.0,5.22,1.94,0.75,70.25,29.75,3.91,11.0,8.2,-61.5,-31.9,1.95,0.59,4.230000019073486,0.7055144730446585,0.7146741213794151,0.8928400219015642,6.595220798560287,0.3075856954800144,1.6487955768060134,0.34186978845542904,,,,,6,False,21.4,,,n/d,n/d,,,,False,False,,,Em Baixa,5.159999847412109,-18.023253020153575,-63.03983324958824,False,False,False,sem sinal (Em Baixa; sem novo topo (-18.0%))
CSAN3,BOVA11+SMALL11,BOVA11,Consumo discricionário,24.79,27.4,10.0,,,0.9,P/L=-1.48<2,16.75,36.3,41.79,24.31,144,Não,2,8,False,,False,,False,False,False,False,True,False,1,10,False,False,False,False,False,True,True,False,False,False,True,1.38,True,12700860416.0,-1.48,2.64,0.0,2.53,-1.79,-64.7,8.59,-22.18,4.57,0.5,1.67,1.1,,,26.5,4.48,5.56,0.41,77.05,3.93,3.21,8.0,0.3,-59.7,-25.0,1.92,0.65,3.2200000286102295,0.5823084709890315,1.0801822136846533,,,,,,2.792518620885797,0.8312453423368424,0.8312453423368424,0.7481208081031582,2,True,4.8,-76.76643473739186,-74.18492748599097,n/d,n/d,,,,False,False,,,Em Baixa,4.099999904632568,-21.46341210954741,-59.90037190924298,False,False,False,sem sinal (Em Baixa; sem novo topo (-21.5%))
SOJA3,SMALL11,SMALL11,Bens de primeira necessidade,24.74,25.58,20.0,,,0.0,,21.77,35.19,14.1,41.67,145,Não,2,8,False,,True,,False,False,False,False,False,False,2,10,False,False,False,False,True,False,True,False,False,True,True,0.66,True,839318272.0,30.77,0.53,5.63,3.84,1.73,13.98,5.66,0.89,8.09,4.7,0.95,1.47,,118.22,-0.4,6.13,2.47,1.35,45.47,36.89,4.98,10.46,19.5,-43.1,-6.0,0.77,0.32,5.949999809265137,1.632828367073126,2.377398102458472,2.011049659290134,6.988863011089008,,0.2902692218008719,0.5165745690758998,1.381852659552133,,,,4,False,24.1,,,n/d,n/d,,,,False,False,,,Em Baixa,5.920000076293945,0.5067522396042357,-43.09363687640418,False,False,False,sem sinal (Em Baixa; sem novo topo (+0.5%))
KLBN11,BOVA11,BOVA11,Materiais,23.92,26.38,10.0,,,1.0,,24.5,18.35,20.49,66.67,146,Não,1,8,False,,True,,False,False,False,False,False,False,1,10,False,False,False,False,False,False,True,False,False,True,False,0.49,True,123645460480.0,39.02,2.31,6.62,7.1,5.92,28.81,5.45,0.86,6.16,3.99,2.0,2.3,,276.85,-51.7,10.22,2.09,0.37,77.43,12.36,16.08,21.02,8.2,-17.2,-1.1,0.55,0.47,17.399999618530273,8.818297867250653,12.839441694716953,4.637621630771779,8.693424271704105,,11.016666666666667,1.1912572046075862,8.139084400146771,,,,6,False,10.8,,,n/d,n/d,,,,False,False,,,Lateral,18.639999389648438,-6.652359504940685,-18.117648853975187,False,False,False,sem sinal (Lateral)
HBSA3,SMALL11,SMALL11,Bens Industriais,23.29,25.44,11.11111111111111,,,0.7,P/L=-24.41<2,25.69,20.14,42.84,2.78,147,Não,2,8,False,,False,,False,,False,False,True,False,1,9,False,False,False,False,True,False,True,False,False,False,False,1.26,True,4448451072.0,-24.41,2.09,0.0,0.0,-8.56,-15.0,11.14,-5.52,7.51,3.09,3.26,1.56,,,68.3,11.54,5.08,0.41,66.67,33.33,2.98,4.38,9.7,-25.3,-5.0,0.79,0.37,3.2699999809265137,,,,,,,,1.6399161297852503,1.6399161297852503,1.6399161297852503,1.4759245168067252,1,True,1.0,-54.864693412366925,-49.84965934707435,n/d,n/d,,,,False,False,,,Em Baixa,3.319999933242798,-1.5060226904115348,-25.512526642869705,False,False,False,sem sinal (Em Baixa; sem novo topo (-1.5%))
ENEV3,BOVA11,BOVA11,Serviços públicos,22.69,20.81,33.333333333333336,,,0.1,,30.51,8.84,22.99,2.78,148,Não,1,8,False,,True,,False,,False,False,False,True,3,9,False,False,False,False,False,False,True,False,False,False,True,1.16,True,47106105344.0,49.38,2.34,0.0,0.0,4.73,2.64,5.85,5.03,11.63,3.9,1.28,1.2,10.44,,-91.5,25.42,4.12,0.26,62.34,34.87,13.71,27.59,78.9,-11.1,-4.8,1.1,0.54,24.530000686645508,,,5.612260797453436,10.82443776773603,2.3496740228398796,,2.803996375428853,12.305114859653058,6.779096764622251,5.612260797453436,5.0510347177080925,5,True,5.2,-79.4087461218134,-72.3640579907815,n/d,n/d,,,,False,False,,,Em Baixa,27.15999984741211,-9.683354843675362,-12.766714244115796,False,False,False,sem sinal (Em Baixa; sem novo topo (-9.7%))
AURE3,BOVA11+SMALL11,BOVA11,Serviços públicos,20.71,20.83,20.0,,,0.1,P/L=-9.69<2,10.58,27.13,11.72,69.44,149,Não,2,8,False,,False,,False,False,False,False,True,False,2,10,False,False,False,False,False,False,True,True,False,False,False,1.74,True,10550814720.0,-9.69,0.92,0.0,7.48,-9.47,2.89,2.64,-8.09,11.5,6.49,1.12,1.85,,,5.9,-71.15,2.04,0.26,71.73,25.67,9.82,14.61,2.9,-30.9,-17.3,1.1,0.58,10.100000381469727,5.39644707820735,9.87749683722249,,,,,,2.5995737367311764,5.957839217387005,5.39644707820735,4.856802370386616,3,True,3.8,-51.91284963417133,-41.01149512511172,n/d,n/d,,,,False,False,,,Em Baixa,11.449999809265137,-11.790388212085512,-31.10504442977431,False,False,False,sem sinal (Em Baixa; sem novo topo (-11.8%))
TUPY3,SMALL11,SMALL11,Bens Industriais,19.28,22.68,0.0,,,0.7,P/L=-2.58<2,6.25,41.02,27.91,40.28,150,Não,2,8,False,,False,,False,False,False,False,False,False,0,10,False,False,False,False,False,False,True,True,False,False,False,0.83,True,1980636672.0,-2.58,0.87,0.0,3.73,-33.8,2.01,1.49,-8.26,8.36,3.88,2.16,1.72,,,-5.8,5.34,1.31,0.87,73.24,26.66,11.34,17.0,33.2,-11.1,6.0,1.24,0.52,15.109999656677246,4.028698587840524,5.865785143895803,,,,,,4.814666151911376,4.9030499612159,4.814666151911376,4.3331995367202385,3,True,1.5,-71.3223055249683,-67.55095914877009,n/d,n/d,,,,False,False,,,Em Baixa,15.869999885559082,-4.78891136964279,-11.1699032724204,False,False,False,sem sinal (Em Baixa; sem novo topo (-4.8%))
MBRF3,BOVA11,BOVA11,Bens de primeira necessidade,18.99,20.58,10.0,,,0.0,DY5a=21.4%>=20,23.09,25.92,8.27,,151,Não,2,8,False,,False,,False,False,False,False,True,False,1,10,False,False,False,False,True,False,True,False,False,True,True,4.51,False,22434039808.0,61.9,1.98,10.68,21.37,3.2,39.26,6.29,0.22,5.76,4.39,1.05,5.39,19.34,1322.85,4.7,23.31,2.67,0.43,89.92,7.97,14.52,27.52,10.9,-41.5,-6.5,0.96,0.3,16.100000381469727,24.5763904950666,32.8777490622891,2.4853707284264877,6.898254703531086,6.390783007296213,3.5907423783539456,1.217996797841167,12.932473425671036,,,,4,False,27.0,,,n/d,n/d,,,,False,False,,,Em Alta,17.959999084472656,-10.356340745089431,-41.79320148124999,False,False,False,sem sinal (Em Alta)
BBDC1,BOVA11,BOVA11,Produtos financeiros,,,,,,0.4,,,,,,152,Não,0,0,False,,,,,,,,,,0.0,0.0,,,,,,,,,True,True,True,,True,,,,,,,,,,,,,,,,,,,,,,,,,,,,,,,,,,,,,,,,,0,True,,,,n/d,n/d,,,,False,False,,,,,,,False,False,False,histórico insuficiente
BBDC2,BOVA11,BOVA11,Produtos financeiros,,,,,,0.4,,,,,,153,Não,0,0,False,,,,,,,,,,0.0,0.0,,,,,,,,,True,True,True,,True,,,,,,,,,,,,,,,,,,,,,,,,,,,,,,,,,,,,,,,,,0,True,,,,n/d,n/d,,,,False,False,,,,,,,False,False,False,histórico insuficiente
MOVI1,SMALL11,SMALL11,Bens Industriais,,,,,,0.7,,,,,,154,Não,0,0,False,,,,,,,,,,0.0,0.0,,,,,,,,,True,True,True,,True,,,,,,,,,,,,,,,,,,,,,,,,,,,,,,,,,,,,,,,,,0,True,,,,n/d,n/d,,,,False,False,,,,,,,False,False,False,histórico insuficiente
