ticker,origem,grupo,setor,investment,investment_base,consistencia,basileia,solvencia,ciclicidade,dado_suspeito,quality,value,safety,dividend,regulado,rank_invest,oportunidade_grafica,candidato_padrao,candidato_nota,virada_alta,criterios_ok,criterios_aplicaveis,passa_checklist,mais_5a_bolsa,sem_prejuizo_anual,lucro_20t,div_ge5_5a,div_sem_corte,roe_ge_10,divida_menor_patrim,cresc_receita_5a,cresc_lucro_5a,n_ok,n_aplic,roe_roic_ge_selic,roe_ge_setor,roic_ge_setor,margem_ge_15,cagr_ge_setor,divida_ok,marketcap_ok,insider_ok,margem_ok,roe_ok,alavancagem_ok,div_liq_patrim,nde_ok,market_cap,pl,pvp,dy,dy_teto,roe,roe_medio,roic,mrg_liq,ev_ebitda,div_liq_ebitda,lev_roic_adj,liq_corr,div_patrim,peg,payout,cresc_5a,pl_fut,roa,liq_geral,grau_endiv,indep_fin,min_52s,max_52s,dist_min52,dist_max52,dist_mm100,mediana_1a,media_1a,max_drawdown,vol_anual,ret_ytd,min_ytd,max_ytd,rel_ibov_ytd,desvio_padrao,momentum_12_1,var_95,sharpe,liquidez_media,preco_p10_1a,preco_p50_1a,preco_p90_1a,g_implicito,teto_dispersao,teto_confiavel,teto_n_metodos,cagr_5a,cagr_3a,cagr_1a,desacelerando,anos_atipicos,beta,corr_ibov,corr_usd,close,div_ge5_5a,divo_qualidade_ok,auvp_ok,teto_bazin,teto_gordon,teto_dcf,teto_graham,teto_lynch,teto_projetivo,teto_graham_selic,teto_mult_ebitda,teto_medio,teto_mediana,teto_ajustado,teto_n_metodos,teto_confiavel,teto_dispersao,teto_upside_pct,teto_upside_media_pct,prox_resultado,ex_dividendo,ex_tipo,tese_ia,strategy,in_wishlist,in_carteira,preco_medio,var_pm_pct,trend,breakout_level,pct_to_level,dist_52w_high_pct,fund_ok,breakout,aprovado,note
JHSF3,SMALL11+DIVO11+AUVP11,SMALL11,Imobiliário,77.27,74.86,90.9090909090909,,,0.8,,86.69,79.82,44.52,69.86,False,1,Não,Bandeira de alta,"Bandeira de alta (pré-confirmação) — pescoço R$11.89, preço 6.8% acima do pescoço; falta fechar acima e segurar",False,7,8,False,,True,,False,True,True,True,True,True,10,11,True,True,True,True,True,True,True,False,True,True,True,0.34,True,8351270400.0,4.07,1.16,5.91,8.26,28.4,16.71,13.12,52.59,5.31,1.22,1.27,1.73,0.86,0.27,33.6,90.2,10.01,7.25,0.72,61.6,36.26,5.49,13.68,131.3,-7.1,17.2,9.86,9.36,-27.9,39.1,73.1,7.33,13.68,44.21,2.46,89.7,-3.74,1.77,46963229.0,16.38,26.96,44.38,-8.7,9.5,False,6,,21.6,116.4,False,2025,1.22,0.6,0.07,12.699999809265137,False,False,True,7.625412651689459,14.340695406241787,42.67892461859727,27.724822492043703,72.56742533162337,19.57807411896471,38.44324266588366,23.97517099383712,,,,6,False,9.5,,,n/d,2026-10-29,próxima,,,False,False,,,Em Alta,12.050000190734863,5.394187620262869,-9.127326981737994,True,False,False,sem sinal (Em Alta)
VULC3,SMALL11+DIVO11,SMALL11,Consumo discricionário,77.08,77.85,72.72727272727273,,,0.9,,87.38,63.34,65.5,95.89,False,2,Não,,,True,6,8,False,,True,,False,False,True,True,False,True,8,11,True,True,True,True,False,True,True,False,True,True,True,0.25,True,4608036864.0,5.02,1.76,19.62,15.42,35.06,31.82,17.83,24.89,6.68,0.76,0.59,2.96,0.37,0.63,77.42,-64.7,6.68,11.45,1.64,37.42,62.57,12.98,20.08,13.0,-27.0,4.3,16.57,16.44,-35.4,27.1,-26.3,12.98,19.91,-55.19,1.7,-23.6,-3.0,-0.92,31272948.0,8.93,12.64,17.88,-5.1,7.1,True,6,,12.0,16.8,False,2025,0.84,0.59,0.16,14.670000076293945,False,False,False,16.45477136261441,30.94558614323935,39.96966991613309,23.41063439808401,68.20221651359968,49.05458428039067,22.753086340917488,9.574201489157202,30.431388740229835,27.17811027066168,24.46029924359551,6,True,7.1,66.73687195900048,107.43959496909325,n/d,2025-12-23,última,,,False,False,,,Em Alta,13.949999809265137,5.161292307334708,-27.483020286770333,True,False,False,sem sinal (Em Alta) · ⚡ cruzamento de médias (MM21>MM30) hoje
POMO3,SMALL11+DIVO11,SMALL11,Bens Industriais,74.73,75.08,72.72727272727273,,,0.7,,79.77,78.56,52.5,90.41,False,3,Não,,,False,5,8,False,,True,,False,False,True,True,False,True,8,11,True,True,True,False,False,True,True,False,True,True,True,0.44,True,5362823168.0,4.5,1.27,21.39,12.74,28.32,24.74,18.39,13.19,4.72,1.29,0.96,1.94,0.81,0.37,57.35,-14.0,,8.76,1.02,59.93,39.42,3.73,6.43,15.8,-32.8,-9.2,5.39,5.25,-42.0,35.7,-18.6,3.73,6.43,-47.49,2.25,-23.8,-3.36,-0.93,8398578.0,2.11,3.33,5.28,-6.9,6.0,True,7,,18.7,5.4,True,,0.9,0.48,0.07,4.320000171661377,False,False,False,4.0040592183672885,7.530214594542352,13.1303231023973,8.571698874040184,23.83001987345565,11.125038970435568,10.032252573519797,6.357885205289279,8.678781791227395,8.571698874040184,7.714528986636165,7,True,6.0,78.57705277982264,100.8977186658242,n/d,2026-08-26,última,,,False,False,,,Lateral,4.28000020980835,0.9345785021542818,-33.040084568578635,True,False,False,sem sinal (Lateral)
PSSA3,BOVA11+AUVP11,BOVA11,Insurance,74.51,73.93,77.77777777777777,,1.8,0.3,,75.94,57.94,100.0,52.74,False,4,Não,,,False,4,6,False,,True,,False,False,True,,True,True,7,9,True,False,True,,True,,True,False,True,True,True,,True,33036744704.0,9.05,2.07,5.82,5.61,22.84,17.35,79.28,8.13,,,,,,0.8,50.73,0.3,8.32,6.06,,71.59,28.18,42.6,54.85,21.0,-6.0,3.1,47.63,48.07,-16.1,26.4,12.5,43.79,54.85,-16.39,1.66,10.6,-2.69,0.03,76963650.0,40.95,57.5,80.75,2.4,3.7,True,4,,20.5,17.0,True,2023,0.72,0.53,0.06,51.540000915527344,False,False,True,21.012695173987712,39.5174235046285,77.89328243872247,56.484100704920685,96.00942965172425,47.68899902199684,56.504276409052956,,46.528100034833884,43.60321126331267,39.24289013698141,4,True,3.7,-23.8593530463854,-9.724293348205071,2026-11-05,2026-09-24,última,,,False,False,,,Lateral,49.903907775878906,3.2784870214898065,-6.2034223290129304,True,False,False,sem sinal (Lateral)
MDNE3,SMALL11+DIVO11,SMALL11,Imobiliário,73.77,70.75,90.9090909090909,,,0.8,,72.31,72.72,60.09,80.14,False,5,Não,,,False,7,8,False,,True,,False,True,True,True,True,True,10,11,True,True,True,True,True,True,True,False,True,True,True,0.24,True,3031842560.0,5.47,1.33,13.22,9.35,24.38,16.15,10.98,21.43,5.21,0.91,1.13,2.38,0.48,0.46,51.16,19.5,4.59,6.4,1.12,72.76,27.27,20.62,34.28,42.4,-14.4,12.9,25.85,26.73,-33.9,47.9,27.7,22.65,34.28,-1.19,3.02,7.1,-5.11,0.36,37478639.0,19.41,35.79,66.0,-3.8,5.7,True,7,,43.4,50.1,False,,1.69,0.68,0.14,29.360000610351562,False,False,False,19.971616327091663,37.55952360869174,73.4129873137292,51.63305663370328,114.11167373384728,25.26524293936298,55.50111981521064,54.83945550518234,58.903294221389636,54.83945550518234,49.35550995466411,7,True,5.7,68.10459444358,100.62429494848813,n/d,2026-01-02,última,,,False,False,,,Em Alta,25.850000381469727,13.57833724210673,-14.352387234963103,True,False,False,sem sinal (Em Alta)
POMO4,BOVA11+SMALL11+DIVO11+AUVP11+Carteira,BOVA11,Bens Industriais,73.48,73.61,72.72727272727273,,,0.7,,79.77,75.43,52.5,83.56,False,6,Não,,,False,5,8,False,,True,,False,False,True,True,False,True,8,11,True,True,True,False,False,True,True,False,True,True,True,0.44,True,5809724416.0,4.87,1.38,19.75,10.24,28.32,24.74,18.39,13.19,5.01,1.29,0.96,1.94,0.81,0.34,49.86,-14.0,4.94,8.76,1.02,59.93,39.42,3.93,6.91,19.0,-32.3,-6.9,5.71,5.64,-43.1,36.2,-17.0,3.93,6.81,-45.89,2.28,-31.9,-3.25,-1.2,70066414.0,2.04,3.25,5.19,-5.6,6.7,True,7,,18.7,5.4,True,,0.99,0.52,0.07,4.679999828338623,False,False,True,3.484880047659182,6.5538227993074285,13.143802922538095,8.563140551487612,23.48422941348364,11.494509658808845,11.346673788424244,6.351361592066142,11.562505818016572,11.346673788424244,10.21200640958182,7,True,6.7,118.20527316572642,147.06209919074303,n/d,2026-08-26,última,"A Marcopolo (POMO4) apresenta-se como uma opção intrigante no setor de bens industriais, combinando uma operação altamente rentável com múltiplos de preço bastante atrativos. O retorno sobre o patrimônio líquido de 28,3% e o retorno sobre o capital investido de 18,4% situam-se confortavelmente acima das médias setoriais de 10,8% e 13,3%, respectivamente, indicando forte eficiência na alocação de capital que convive com um preço sobre lucro de apenas 4,87 e preço sobre valor patrimonial de 1,38. Essa excelente relação entre qualidade e preço é acompanhada por uma estrutura de capital robusta, onde a relação dívida líquida sobre EBITDA de 1,29 vezes está abaixo do par setorial de 2,38 vezes, demonstrando que a alta rentabilidade não foi obtida às custas de alavancagem financeira excessiva. O expressivo rendimento de dividendos de 19,75% mostra-se sustentável diante da forte geração de caixa e do endividamento controlado, embora o investidor deva monitorar a manutenção desse patamar de proventos frente ao lucro futuro. No entanto, o crescimento histórico acende um sinal de alerta, pois a taxa de crescimento anual composta da receita em cinco anos foi negativa em 14,0%, muito abaixo da média setorial de 47,1%, com a análise por janelas temporais mais recentes — que passou de 18,7% em três anos para 5,4% no último ano — apontando que a receita está explicitamente desacelerando. Essa variação atípica na receita de longo prazo merece uma checagem manual detalhada para identificar se decorre de eventos contábeis pontuais ou de uma perda estrutural de mercado. Por outro lado, o preço atual de 4,68 reais embute um crescimento implícito negativo de 5,6% ao ano pelo fluxo de caixa descontado reverso, o que se revela um patamar extremamente conservador e fácil de ser superado pelo histórico da companhia. Sob a ótica do valuation, as estimativas de preço-teto exibem uma dispersão acentuada, variando desde os conservadores 3,48 reais pelo método de Bazin até os otimistas 23,48 reais de Lynch, mas a média ponderada ajustada com margem de segurança de 10,21 reais ainda sugere um expressivo potencial de valorização de 118,2%. O checklist de critérios confirma a solidez da empresa ao atender cinco dos oito requisitos avaliados, penalizado principalmente pela ausência de crescimento superior ao setor e por transações de insiders. Em balanço, a tese se apoia na excelente rentabilidade operacional, no endividamento saudável e no valuation amplamente descontado, contrapondo-se ao risco real de desaceleração recente da receita e ao histórico de contração no longo prazo.

Gatilho de falseamento: margem líquida abaixo de 10% no fechamento do próximo ano fiscal.",,False,True,4.45,5.17,Lateral,4.53000020980835,3.311249703818886,-33.12233145182799,True,False,False,sem sinal (Lateral)
CURY3,BOVA11+SMALL11+DIVO11+AUVP11,BOVA11,Consumo discricionário,73.37,71.88,81.81818181818181,,,0.9,,89.4,47.08,56.92,84.93,False,7,Não,,,False,6,8,False,,True,,False,False,True,True,True,True,9,11,True,True,True,True,False,True,True,False,True,True,True,-0.13,True,9253749760.0,8.42,5.59,13.86,10.41,66.38,57.38,37.72,17.89,5.42,-0.15,-0.06,1.92,0.66,1.03,87.64,8.2,6.42,16.3,0.91,70.61,24.44,26.99,40.16,11.3,-25.2,-3.0,31.65,31.87,-32.0,41.5,0.2,27.3,40.16,-28.69,2.61,11.5,-3.95,-0.1,123567712.0,17.82,30.31,51.54,1.7,3.2,True,8,,33.7,37.5,False,,1.25,0.58,0.09,30.040000915527344,False,False,True,22.740533095945967,42.766873532053225,48.796875289953235,20.76965348409114,66.40080312923881,53.29770608591965,28.433819376336334,25.749218262220587,38.61943528196987,35.60034645419478,32.0403118087753,8,True,3.2,6.6588243418262305,28.560033638374204,n/d,2026-08-17,última,,,False,False,,,Em Baixa,31.25,-3.871997070312505,-25.363546302551,True,False,False,sem sinal (Em Baixa; sem novo topo (-3.9%))
MILS3,SMALL11,SMALL11,Bens Industriais,72.04,70.31,81.81818181818181,,,0.7,,84.31,62.0,57.62,53.42,False,8,Não,,,False,6,8,False,,True,,False,True,True,True,True,True,9,11,True,True,True,True,False,True,True,False,True,True,True,0.65,True,3661272064.0,8.38,2.0,5.27,5.68,23.81,18.37,20.65,23.53,4.95,1.28,0.85,2.98,0.99,0.67,47.56,21.3,8.63,11.12,0.54,61.6,38.32,10.3,16.07,56.1,0.0,4.4,13.28,13.59,-15.0,26.5,27.0,12.01,16.07,-1.89,1.67,48.7,-1.84,1.18,11815341.0,17.48,24.36,33.94,1.6,5.3,True,7,,18.9,16.7,True,,0.57,0.41,0.06,16.06999969482422,False,False,False,6.633213444965164,12.474720769079648,26.228654517689844,18.619590289810084,34.82705081520782,12.179008667991422,20.539684938705374,22.15120106455265,21.002844437576695,20.539684938705374,18.485716444834836,7,True,5.3,15.03246294888645,30.695985292029793,n/d,2026-04-22,última,,,False,False,,,Em Alta,16.030000686645508,0.249525929291039,-0.31018078043448805,True,False,False,sem sinal (Em Alta)
PETR4,BOVA11+DIVO11+AUVP11,BOVA11,Energia,70.9,73.79,54.54545454545455,,,0.9,DY5a=41.0%>=20,85.74,81.89,36.8,,False,9,Não,Bandeira de alta,"Bandeira de alta (pré-confirmação) — pescoço R$50.17, preço 10.3% acima do pescoço; falta fechar acima e segurar",False,7,8,False,,True,,True,False,True,True,True,False,6,11,True,True,True,True,True,True,True,False,True,True,True,0.61,True,756410613760.0,5.35,1.48,6.58,40.98,27.73,30.77,19.69,24.32,3.19,1.29,0.9,0.85,0.76,0.36,219.22,96.8,4.08,10.07,0.28,65.87,33.99,26.84,55.36,106.2,0.0,31.0,39.02,37.78,-22.2,27.9,91.7,27.87,55.36,62.81,1.76,64.7,-2.6,2.02,1810496533.0,75.22,107.43,153.44,-4.2,5.4,True,8,,-10.5,-2.4,False,,0.5,0.35,-0.05,55.36000061035156,True,True,True,164.9738589149415,310.2572895077771,141.5293352956832,93.32104569794315,310.42990996458826,57.301624999999994,127.48321635879093,61.17795173554141,158.3092790594082,134.50627582723706,121.05564824451336,8,True,5.4,118.66988242387704,185.96328994585764,n/d,2026-08-24,última,,,False,False,,,Em Alta,51.16999816894531,8.18839669990281,7.809157264632427,True,False,False,sem sinal (Em Alta)
ABCB10,SMALL11,SMALL11,Produtos financeiros,70.43,74.04,50.0,,,0.4,,74.34,73.51,,,False,10,Não,,,False,1,3,False,,,,,,True,,False,,1,2,True,False,,,False,,,,True,True,True,,True,,,1.0,,,14.9,,,40.92,,,,,,,,-2.9,,1.54,,,,,,,,,,,,,,,,,,,,,,,,,,,True,0,,,,,,,,,,,False,False,,,,,,,,,,,,0,True,,,,n/d,n/d,,,,False,False,,,,,,,False,False,False,histórico insuficiente
PETR3,BOVA11+DIVO11+AUVP11,BOVA11,Energia,69.86,72.56,54.54545454545455,,,0.9,DY5a=38.8%>=20,85.74,77.46,36.8,,False,11,Não,Bandeira de alta,"Bandeira de alta (pré-confirmação) — pescoço R$55.44, preço 8.9% acima do pescoço; falta fechar acima e segurar",False,7,8,False,,True,,True,False,True,True,True,False,6,11,True,True,True,True,True,True,True,False,True,True,True,0.65,True,778479468544.0,5.84,1.62,6.03,38.82,27.73,30.77,19.69,24.32,3.39,1.29,0.9,0.85,0.76,0.39,226.72,96.8,4.08,10.07,0.28,65.87,33.99,28.69,60.4,110.5,0.0,27.9,43.37,41.54,-22.9,30.4,97.6,29.47,60.4,68.71,1.91,67.8,-2.95,1.91,519843558.0,80.02,118.0,174.0,-2.9,5.6,True,8,,-10.5,-2.4,False,,0.49,0.31,-0.05,60.400001525878906,True,True,True,170.53665381304288,320.71893281614194,141.45824484629173,93.14601463633667,310.2739804411588,57.301624999999994,127.41918130116923,60.400001525878906,160.15682929750253,134.43871307373047,120.99484176635742,8,True,5.6,100.32258064516131,165.16030670774393,2026-11-10,2026-08-24,última,,,False,False,,,Em Alta,56.619998931884766,6.676090895977538,6.61959381993471,True,False,False,sem sinal (Em Alta)
TGMA3,SMALL11+DIVO11,SMALL11,Bens Industriais,69.49,68.92,72.72727272727273,,,0.7,,78.58,45.46,69.54,82.88,False,12,Não,Bandeira de alta,"Bandeira de alta (pré-confirmação) — pescoço R$37.72, preço 13.9% acima do pescoço; falta fechar acima e segurar",False,6,8,False,,True,,False,False,True,True,True,True,8,11,True,True,True,False,False,True,True,True,True,True,True,0.03,True,2834005504.0,11.17,2.85,8.45,10.06,25.55,24.91,27.01,10.14,7.69,0.07,0.04,2.22,0.23,0.48,112.33,23.5,8.46,14.79,1.33,34.75,65.25,26.65,42.98,61.3,0.0,34.1,33.29,33.13,-31.9,32.8,22.2,26.65,42.98,-6.69,2.07,8.1,-2.58,0.73,10832366.0,39.11,59.42,90.28,4.4,3.7,True,8,,17.5,6.5,True,,0.94,0.55,0.16,42.97999954223633,False,False,False,31.43381204722196,59.11584652751743,52.62806424439946,36.133385045614205,115.43419751719694,54.45315322467492,47.404977113728876,35.36131968739807,53.99559442596898,50.01652067906417,45.01486861115776,8,True,3.7,4.734455771507795,25.629583529677923,n/d,2026-08-07,última,,,False,False,,,Em Alta,39.5,8.81012542338311,8.710762614072198,True,False,False,sem sinal (Em Alta)
LEVE3,SMALL11+DIVO11+AUVP11,SMALL11,Consumo discricionário,69.39,70.4,63.63636363636363,,,0.9,,86.09,58.19,35.56,100.0,False,13,Não,,,False,6,8,False,,True,,True,False,True,False,True,True,7,11,True,True,True,False,False,True,True,True,True,True,True,1.2,True,4884826112.0,7.01,5.07,7.91,19.55,72.29,64.73,34.45,13.0,5.63,1.21,0.48,1.43,1.7,0.27,137.04,25.8,7.07,14.14,0.81,77.23,22.71,24.65,36.04,46.2,0.0,10.5,32.48,31.89,-12.3,25.0,14.2,31.18,36.04,-14.69,1.57,31.1,-2.25,1.04,6629583.0,37.88,51.99,71.37,-0.5,5.5,True,8,,8.6,18.6,False,,0.61,0.47,0.11,36.040000915527344,True,True,True,51.23941411040959,96.36315621409287,70.31871698579721,28.67563631701471,154.2368084829986,98.51666666666667,63.339916017018105,27.845751319654543,73.81700826420654,66.82931650140766,60.146384851266895,8,True,5.5,66.88785605816577,104.81966256666624,n/d,2026-04-30,última,,,False,False,,,Em Alta,34.43000030517578,4.676156247694063,-0.4694785231801113,True,False,False,sem sinal (Em Alta)
CXSE3,BOVA11+DIVO11+Wishlist+Carteira,BOVA11,Insurance,69.31,65.85,88.88888888888889,,1.6,0.3,,63.8,35.95,100.0,81.51,False,14,Bandeira de alta,,,False,4,6,False,,True,,True,True,True,,True,True,8,9,True,False,False,,True,,True,True,True,True,True,,True,61860003840.0,13.68,4.48,6.56,9.61,32.79,28.44,-1.21,75.43,,,,,,1.07,131.4,12.8,12.01,20.76,,8.23,91.77,13.53,22.04,52.4,-6.5,6.5,17.39,17.4,-18.8,22.5,32.1,15.42,22.04,3.21,1.42,42.6,-2.14,1.23,108510675.0,22.77,30.38,40.54,6.0,1.9,True,4,,13.4,5.7,True,,0.59,0.51,0.1,20.6200008392334,True,True,False,14.404657051216379,27.090048583416607,20.61611100696793,12.493895869340164,33.771933128392746,22.898448930232796,16.44776675129495,,21.252316392958427,21.757279968600365,19.58155197174033,4,True,1.9,-5.036124273657771,3.0665156546547223,2026-11-09,2026-11-04,próxima,"A Caixa Seguridade (CXSE3) apresenta-se como um ativo de alta qualidade e segurança operacional, embora o investidor precise ponderar a relação entre sua forte rentabilidade e os múltiplos de preço atuais. O Retorno sobre o Patrimônio Líquido (ROE) de 32,8% posiciona-se ligeiramente abaixo da média do setor de seguros de 34,3%, enquanto o Retorno sobre o Capital Injetado (ROIC) de -1,2% destoa fortemente dos pares que registram 19,5% positivos, sugerindo que a estrutura de alocação de capital ou a natureza contábil de suas participações requer uma checagem manual detalhada para entender essa distorção atípica. Essa rentabilidade robusta convive com um Preço/Lucro (P/L) de 13,68 e um Preço/Valor Patrimonial (P/VP) de 4,48, indicando que o mercado cobra um prêmio considerável pela empresa, o que é corroborado pelo indicador PEG de 1,07. No quesito de proventos, o Dividend Yield de 6,56% mostra-se coerente e sustentável, respaldado por uma excelente margem líquida de 75,43% e pela ausência de alavancagem financeira preocupante, típica do modelo de negócios de corretagem e participações em seguros. Sob a ótica de expansão, o crescimento composto anual (CAGR) da receita em cinco anos de 12,8% supera com folga a média setorial de -2,5%, contudo, a análise das janelas temporais revela que o avanço desacelerou de 13,4% em três anos para 5,7% no último ano, um sinal de alerta explícito de perda de tração que a média histórica de longo prazo costuma ocultar. Diante disso, o crescimento implícito de 6,0% ao ano embutido no preço atual pelo modelo de fluxo de caixa descontado reverso parece exigente, dado que se situa acima do ritmo de expansão mais recente de 5,7%. No campo do valuation, a média dos preços-teto calculados resulta em R$ 21,25 e a mediana em R$ 21,76, mas há uma dispersão acentuada entre os métodos, variando desde os conservadores R$ 12,49 de Graham até os otimistas R$ 33,77 de Lynch, resultando em um preço-teto ajustado com margem de segurança de R$ 19,58, o que representa um upside negativo de -5,0% frente à cotação atual de R$ 20,62. O checklist de critérios confirma a solidez da companhia ao atender 4 de 6 requisitos, penalizado justamente por não superar os pares em ROE e ROIC, apesar de manter indicadores de governança limpos e valor de mercado robusto. Como prós, destacam-se a margem líquida excepcional, o histórico de crescimento superior ao setor e o fluxo previsível de dividendos; como contras, pesam a desaceleração recente das receitas, o ROIC negativo que demanda investigação e a ausência de margem de segurança no preço atual.

Gatilho de falseamento: crescimento da receita na próxima divulgação anual abaixo de 5,0%, o que confirmaria a tendência de desaceleração e tornaria o crescimento implícito de 6,0% cobrado pelo preço atual excessivamente caro.",Bandeira de alta,True,True,19.51,5.69,Em Alta,20.639999389648438,-0.09689220448847458,-6.876205685361192,True,True,True,"Bandeira de alta — mastro +15%, recuo 28%, bandeira 7d (candidato)"
PLPL3,SMALL11,SMALL11,Consumo discricionário,69.14,71.72,54.54545454545455,,,0.9,,77.7,82.08,52.77,56.85,False,15,Fundo duplo,,,False,5,8,False,,True,,False,False,True,False,False,True,6,11,True,True,True,False,False,True,True,False,True,True,True,0.52,True,1685313152.0,5.54,1.51,5.94,6.32,27.32,38.02,24.26,8.62,2.27,1.22,0.69,3.0,1.2,0.37,35.02,-37.3,3.89,7.78,1.2,73.04,24.14,6.46,16.72,28.5,-50.4,6.7,13.33,11.56,-61.4,53.2,-36.4,6.46,16.13,-65.29,3.35,-56.8,-5.74,-1.31,19393498.0,2.08,4.11,8.13,-3.6,8.4,False,7,,30.0,26.7,True,,1.64,0.59,0.09,8.300000190734863,False,False,False,3.815647724184319,7.17587942967567,20.491441020563535,13.61212740831967,31.94316950695981,10.95072400487419,18.45776215701327,26.935116178683362,,,,7,False,8.4,,,n/d,2025-12-30,última,"A construtora Plano&Plano (PLPL3) apresenta uma sólida eficiência operacional no setor de consumo discricionário, com ROE de 27,3% e ROIC de 24,3% que se posicionam significativamente acima das médias setoriais de 14,1% e 13,7%, respectivamente. Essa elevada rentabilidade convive com múltiplos de preço atrativos, evidenciados pelo P/L de 5,54 e pelo P/VP de 1,51, sugerindo que o mercado ainda não precifica totalmente a qualidade da empresa. No âmbito financeiro, a companhia concilia essa forte rentabilidade com um endividamento controlado, visto que a relação Dívida Líquida/EBITDA de 1,22 vezes está bem abaixo dos 2,82 vezes da média do setor, enquanto a liquidez corrente de 3,0 assegura ampla capacidade de honrar compromissos de curto prazo. O dividendo distribuído, com um dividend yield de 5,94%, mostra-se sustentável diante da geração de lucros e da estrutura de capital desalavancada, embora o investidor deva atentar para o fato de que o CAGR de receita de cinco anos, negativo em 37,3%, ficou muito abaixo da média setorial de 35,4%. Ao analisar o crescimento por janelas temporais, observa-se que a expansão de receita de 30,0% em três anos recuou para 26,7% no último ano, o que caracteriza um sinal explícito de desaceleração que exige monitoramento, além de apontar que o ano de forte retração na janela de cinco anos merece uma checagem manual detalhada para identificar eventuais eventos contábeis não recorrentes. O checklist de critérios reforça essa dualidade ao aprovar 5 dos 8 requisitos avaliados, penalizado pela margem líquida de 8,62% (abaixo do sarrafo de 15%), pelas vendas de ações por insiders e pelo crescimento histórico inferior ao dos pares. Sob a ótica do valuation, o crescimento implícito no preço atual de -3,6% ao ano, obtido via fluxo de caixa descontado reverso, revela-se um patamar bastante conservador frente ao histórico recente de expansão da empresa. Contudo, os métodos de preço-teto mostram uma dispersão extremamente alta, variando desde os conservadores R$ 3,82 por Bazin e R$ 7,18 por Gordon até os otimistas R$ 13,61 por Graham, R$ 20,49 por fluxo de caixa descontado e R$ 31,94 por Lynch, o que exige cautela extra e uso dessa faixa apenas como referência ampla de valor justo. Em suma, o ativo destaca-se positivamente pelo seu robusto retorno sobre o capital, endividamento sob controle e valuation implícito descontado, mas traz como contrapartidas a desaceleração recente da receita, margens líquidas de um dígito e a forte divergência entre as métricas de preço-teto.

Gatilho de falseamento: ROIC abaixo de 13,7% (média do setor) no fechamento do próximo resultado anual.",Fundo duplo,False,False,,,Lateral,7.090000152587891,17.066290720816358,-50.62923470418587,True,True,True,Fundo duplo — rompeu pescoço ~R$7.61 (candidato)
RIAA3,SMALL11,SMALL11,Consumo discricionário,68.66,69.55,63.63636363636363,,,0.9,,64.99,93.83,38.34,91.78,False,16,Não,Fundo duplo,"Fundo duplo (pré-confirmação) — pescoço R$7.38, preço 16.7% acima do pescoço; falta fechar acima e segurar",False,4,8,False,,False,,False,False,True,True,True,True,7,11,True,True,False,False,False,True,True,False,True,False,True,0.47,True,4327453696.0,2.83,0.8,38.26,13.42,28.35,8.06,8.96,14.35,3.0,2.11,3.24,1.61,0.68,0.19,37.97,16.6,6.25,4.35,1.05,64.01,35.99,6.2,10.35,38.8,-16.8,9.4,8.21,8.17,-37.2,47.3,3.5,6.5,10.35,-25.39,2.98,5.8,-4.42,0.47,12354775.0,6.04,11.06,20.23,-15.9,10.3,False,6,,7.5,9.0,False,2025,1.63,0.66,0.08,8.609999656677246,False,False,False,8.401517601864324,15.800273425441617,41.612217649961835,27.14289595430162,86.4561349384428,51.88018214566937,37.48240133224865,24.405350512696774,,,,6,False,10.3,,,n/d,n/d,,,,False,False,,,Em Alta,7.570000171661377,13.738434100822783,-19.856858343222463,False,False,False,sem sinal (Em Alta)
VLID3,SMALL11+DIVO11,SMALL11,Bens Industriais,68.59,67.86,72.72727272727273,,,0.7,,60.88,78.75,66.2,75.34,False,17,Não,Fundo duplo,"Fundo duplo (pré-confirmação) — pescoço R$18.46, preço 2.2% abaixo do pescoço; falta fechar acima e segurar",False,6,8,False,,True,,False,False,True,True,False,True,8,11,True,True,True,False,False,True,True,True,True,True,True,0.1,True,1411444608.0,6.39,0.84,10.57,8.58,13.18,13.73,15.68,11.15,3.31,0.48,0.42,2.3,0.41,1.07,54.86,-32.9,10.38,7.18,1.13,45.32,54.23,16.3,22.63,10.8,-20.2,3.8,19.2,19.08,-27.9,32.1,-12.3,16.3,22.63,-41.19,2.02,-7.3,-3.08,-0.47,2733957.0,11.18,16.91,25.56,-1.6,3.6,True,7,,3.1,-5.0,True,2023,0.8,0.48,0.09,18.059999465942383,False,False,False,11.275724818874302,21.059407883048074,38.38980131984499,36.97591417393652,41.07918416344924,34.50641123718542,18.449804647278782,37.383589938443635,32.54915905188381,36.97591417393652,33.27832275654287,7,True,3.6,84.26535847522732,80.2279070565043,2026-11-11,2026-08-13,última,,,False,False,,,Em Alta,17.989999771118164,0.38910336695279213,-20.899930446499027,True,False,False,sem sinal (Em Alta)
BRSR6,SMALL11+DIVO11,SMALL11,Produtos financeiros,68.51,68.84,66.66666666666667,17.35,,0.4,,43.94,89.16,90.71,86.3,False,18,Não,Bandeira de alta,"Bandeira de alta (pré-confirmação) — pescoço R$15.90, preço 6.1% acima do pescoço; falta fechar acima e segurar",False,2,6,False,,True,,False,False,True,,False,True,6,9,False,False,False,,False,,True,True,True,False,True,,True,6899399680.0,4.5,0.6,9.12,10.6,13.26,9.63,0.0,22.38,,,,,,0.65,47.71,-29.2,5.21,1.0,,93.0,6.99,10.57,18.28,59.5,-7.7,19.2,14.23,14.58,-29.2,30.8,15.5,12.94,18.28,-13.39,1.94,35.4,-2.91,1.16,47302381.0,17.7,26.33,39.17,-6.9,3.9,True,4,,7.1,5.1,True,,1.05,0.66,0.02,16.8700008392334,False,False,False,13.007064671730253,24.4616732374798,51.27512799881692,48.69949762880308,65.73894719605134,33.51521710857198,26.833866910248105,,30.56477075414974,28.98844517302589,26.089600655723302,4,True,3.9,54.650855707419495,81.17824086331613,n/d,n/d,,,,False,False,,,Em Alta,15.920000076293945,5.967341447152852,-8.095059024680662,False,False,False,sem sinal (Em Alta)
VTRU3,SMALL11,SMALL11,Consumo discricionário,68.12,74.26,33.333333333333336,,,0.9,,85.82,95.91,55.23,6.16,False,19,Não,Bandeira de alta,"Bandeira de alta (pré-confirmação) — pescoço R$15.57, preço 5.8% acima do pescoço; falta fechar acima e segurar",False,7,8,False,,True,,,,True,True,False,False,3,9,True,True,True,True,False,True,True,True,True,False,True,0.37,True,2459126272.0,2.26,0.61,0.15,0.21,27.23,9.79,15.07,46.56,3.3,2.1,1.91,2.56,0.56,0.15,0.46,-23.9,5.07,6.37,0.37,51.99,48.01,10.28,16.86,60.2,-2.3,21.8,13.59,13.62,-28.8,39.1,17.7,12.0,16.86,-11.19,2.47,26.5,-3.52,0.73,10558627.0,14.08,23.26,38.42,-21.1,450.5,False,5,,,5.5,,,1.08,0.53,0.09,16.469999313354492,,False,False,0.24599274714736283,0.46262506963520167,99.67570238170575,66.53738108897528,110.810792023714,0.4851466666666666,89.78335908872893,34.610392183162446,,,,5,False,450.5,,,n/d,n/d,,,,False,False,,,Em Alta,15.649999618530273,5.2396147911294655,-5.060566719204229,False,False,False,sem sinal (Em Alta)
DIRR3,BOVA11+SMALL11+DIVO11+AUVP11,BOVA11,Consumo discricionário,66.78,65.73,72.72727272727273,,,0.9,,71.19,54.65,55.31,89.73,False,20,Não,,,False,5,8,False,,True,,False,False,True,False,True,True,8,11,True,True,False,True,False,True,True,False,True,True,True,0.31,True,5889500160.0,6.9,2.54,13.66,12.12,36.78,26.14,9.99,17.73,5.05,0.6,0.82,4.18,1.16,1.15,83.63,8.6,5.1,5.44,1.01,82.45,14.5,9.7,16.95,17.0,-33.0,-5.0,13.58,13.55,-42.8,41.8,-16.7,9.7,16.88,-45.59,2.63,-21.8,-4.28,-0.74,117922164.0,5.14,8.78,14.99,-0.6,3.0,True,8,,26.2,29.7,False,,1.44,0.66,0.1,11.350000381469727,False,False,True,10.00470688787309,18.815303598806487,22.498364477527645,12.860141036598659,29.841048807059103,25.061645578958988,10.81284810960688,10.267124302667083,17.52014784988724,15.837722317702573,14.253950085932315,8,True,3.0,25.585459091293462,54.3625309342812,n/d,2025-12-17,última,,,False,False,,,Lateral,10.510000228881836,7.992389479493456,-34.23292128244342,True,False,False,sem sinal (Lateral)
PINE4,SMALL11+DIVO11,SMALL11,Produtos financeiros,65.35,63.16,77.77777777777777,14.09,,0.4,,64.03,72.21,44.14,74.66,False,21,Não,Bandeira de alta,"Bandeira de alta (pré-confirmação) — pescoço R$12.53, preço 9.8% acima do pescoço; falta fechar acima e segurar",False,4,6,False,,True,,False,False,True,,True,True,7,9,True,True,False,,True,,True,False,True,True,True,,True,3471608832.0,5.81,1.94,6.83,8.58,33.43,18.92,0.0,39.51,,,,,,0.39,49.87,76.3,4.45,1.87,,95.52,4.47,7.88,15.72,74.6,-12.5,12.7,11.98,11.88,-36.3,47.0,9.6,10.01,15.72,-19.29,2.96,41.3,-4.36,1.14,10212766.0,13.16,24.08,44.06,-3.0,3.8,True,4,,84.0,124.9,False,2023,1.16,0.48,-0.05,13.760000228881836,False,False,False,8.589423787821577,16.15365828483864,32.39264947557547,19.441097083468023,55.85276773077009,12.93303888042037,29.177831810641003,,17.517192607164013,14.543348582629505,13.089013724366556,4,True,3.8,-4.876355329608928,27.305176713558055,n/d,2026-07-15,última,,,False,False,,,Em Alta,12.630000114440918,8.946952527331309,-12.994321456867052,True,False,False,sem sinal (Em Alta)
TEND3,BOVA11+SMALL11,BOVA11,Consumo discricionário,65.31,65.61,63.63636363636363,,,0.9,,76.54,69.39,52.98,32.19,False,22,Não,,,False,5,8,False,,False,,False,False,True,True,False,True,7,11,True,True,True,False,False,True,True,False,True,False,True,0.24,True,3585411072.0,6.19,2.33,5.0,3.32,37.61,-8.65,14.39,12.08,4.28,0.47,0.45,1.96,0.79,0.41,20.55,-11.5,4.29,7.18,0.76,81.81,18.11,20.84,36.71,40.4,-20.3,-8.1,29.24,28.62,-26.4,50.6,28.4,22.35,36.71,-0.49,3.19,40.1,-4.94,0.31,139017546.0,18.15,34.64,66.09,-2.1,12.3,False,5,,20.0,27.1,False,2023,1.36,0.52,0.11,29.25,False,False,False,7.061531593925315,13.28023522341438,64.63077804992443,36.53371566763423,86.56640701396981,22.47972026024363,58.216478190630056,31.89940032761136,,,,5,False,12.3,,,n/d,n/d,,,,False,False,,,Em Baixa,31.479999542236328,-7.0838614188807885,-21.438577247285483,False,False,False,sem sinal (Em Baixa; sem novo topo (-7.1%))
LREN3,BOVA11+SMALL11,BOVA11,Consumo discricionário,64.65,63.23,72.72727272727273,,,0.9,,66.88,67.91,56.12,49.32,False,23,Não,,,False,6,8,False,,True,,False,True,True,True,True,True,8,11,True,True,True,False,False,True,True,True,True,True,True,0.13,True,12862442496.0,9.15,1.32,6.78,4.84,14.41,11.89,23.53,9.35,2.51,0.59,0.34,1.69,0.32,1.14,44.25,3.2,8.06,6.22,1.29,46.72,53.28,10.28,15.33,32.0,-11.5,6.1,13.78,13.45,-32.9,41.1,6.8,10.28,15.33,-22.09,2.59,-21.5,-3.92,-0.24,196210717.0,7.71,13.0,21.94,2.5,6.0,True,7,,6.1,9.6,False,,1.51,0.71,0.13,13.569999694824219,False,False,False,4.772562121895186,8.975495861499656,20.28443458701029,18.521390326398805,19.08654339004422,15.642000651139673,11.659306075338055,28.511834981070805,17.52585798178593,18.521390326398805,16.669251293758926,7,True,6.0,22.838995347338177,29.151498717207257,2026-11-05,2026-09-23,última,,,False,False,,,Em Alta,11.760000228881836,15.391151621724774,-13.182037851501304,True,False,False,sem sinal (Em Alta)
GRND3,SMALL11+DIVO11,SMALL11,Consumo discricionário,64.14,64.23,63.63636363636363,,,0.9,DY5a=20.3%>=20,60.78,62.63,73.97,,False,24,Não,Bandeira de alta,"Bandeira de alta (pré-confirmação) — pescoço R$3.83, preço 8.6% acima do pescoço; falta fechar acima e segurar",False,5,8,False,,True,,True,False,True,True,False,False,7,11,True,True,False,True,False,True,True,False,True,True,True,-0.11,True,3752985344.0,6.48,1.17,35.77,20.25,18.04,16.72,7.81,22.7,10.1,-1.39,-2.45,3.36,0.03,0.43,131.22,-37.8,5.55,2.74,2.01,29.93,70.07,3.37,4.83,23.5,-14.0,11.9,3.86,4.0,-30.3,28.6,-3.3,3.37,4.83,-32.19,1.8,-4.0,-2.47,-0.05,8487516.0,3.12,4.51,6.53,-1.5,8.8,False,6,,0.8,-1.3,True,,0.71,0.48,0.05,4.159999847412109,True,True,False,6.126726354289018,11.52219827274354,8.780565189679082,7.166451068957065,19.259258552833842,6.059476722895763,7.909135512363765,2.178215858153298,,,,6,False,8.8,,,2026-11-05,2026-08-24,última,,,False,False,,,Em Alta,4.03000020980835,3.2257972912101085,-14.793614622272244,True,False,False,sem sinal (Em Alta)
INTB3,SMALL11+AUVP11,SMALL11,Tecnologia de informação,63.52,65.1,54.54545454545455,,,0.5,,71.27,51.27,77.76,46.58,False,25,Não,Fundo duplo,"Fundo duplo (pré-confirmação) — pescoço R$13.75, preço 24.4% acima do pescoço; falta fechar acima e segurar",False,5,8,False,,True,,False,False,True,True,True,False,6,11,True,True,True,False,False,True,True,False,True,True,True,-0.17,True,5595310080.0,9.39,1.7,7.39,4.4,18.07,19.14,17.52,13.1,7.57,-1.0,-0.79,2.64,0.26,0.89,41.32,14.3,8.57,5.97,1.67,43.4,56.17,9.91,17.1,72.5,0.0,23.4,13.1,12.9,-17.9,39.0,51.0,10.36,17.1,22.11,2.45,38.4,-3.7,1.04,15586059.0,16.57,27.25,44.81,2.8,5.0,True,7,,1.8,-6.2,True,,1.03,0.51,0.09,17.100000381469727,False,False,True,5.472911280092073,10.292604117076383,24.90776104209407,20.301593251851273,27.323011260586636,16.431281227688096,17.311049014314047,16.12233228975946,18.955661743338567,17.311049014314047,15.579944112882643,7,True,5.0,-8.889217746651513,10.85182058755807,n/d,n/d,,,,False,False,,,Em Alta,15.979999542236328,7.008766403735822,6.542063516019714,False,False,False,sem sinal (Em Alta)
BBSE3,BOVA11+DIVO11+AUVP11,BOVA11,Insurance,63.32,60.77,77.77777777777777,,1.3,0.3,,68.0,35.45,61.0,91.1,False,26,Não,,,False,5,6,False,,True,,True,False,True,,False,True,7,9,True,True,False,,True,,True,True,True,True,True,,True,79571779584.0,8.66,7.31,11.35,12.76,84.38,83.67,0.0,87.93,,,,,,,110.5,-0.1,9.35,28.81,,55.04,44.96,28.18,42.35,45.5,-3.2,8.8,33.03,34.01,-9.8,19.9,29.5,30.7,42.35,0.61,1.26,42.4,-2.03,1.05,232618190.0,44.02,56.84,73.4,2.0,1.6,True,4,,9.7,10.8,False,,0.52,0.5,0.08,40.9900016784668,True,True,True,38.039348782175196,55.79104488052362,50.488069811814384,24.437206608949303,,59.50416498381771,12.874457802012667,,50.95565711458272,53.139557346169,47.8256016115521,4,True,1.6,16.676261656940206,24.31240553315508,2026-11-03,2026-08-07,última,,,False,False,,,Lateral,40.86000061035156,0.31816217859355067,-4.630055572276048,True,False,False,sem sinal (Lateral)
ALPA4,SMALL11,SMALL11,Consumo discricionário,63.22,63.15,63.63636363636363,,,0.9,,74.8,40.68,58.26,76.71,False,27,Não,Bandeira de alta,"Bandeira de alta (pré-confirmação) — pescoço R$14.57, preço 8.8% acima do pescoço; falta fechar acima e segurar",False,6,8,False,,False,,False,False,True,True,True,True,7,11,True,True,True,False,True,True,True,False,True,False,True,0.19,True,10767405056.0,15.44,2.99,11.32,8.81,19.37,-7.05,17.96,14.52,9.78,0.82,0.63,1.91,0.39,0.17,135.96,92.8,12.4,7.61,0.98,45.48,54.52,8.0,16.06,98.2,-1.3,24.5,12.24,12.13,-31.7,42.8,35.1,10.97,16.06,6.21,2.69,65.3,-4.03,1.44,30848411.0,17.77,30.68,52.97,6.8,4.6,True,7,,3.0,11.1,False,,0.94,0.42,0.08,15.850000381469727,False,False,False,10.150472242631139,19.08943650791598,14.040615413971176,11.065251615354617,30.79663286554999,10.405583333333333,12.64715056345253,6.72621455470235,12.017817747337304,11.065251615354617,9.958726453819155,7,True,4.6,-37.16891978462079,-24.177807835340094,n/d,n/d,,,,False,False,,,Em Alta,15.170000076293945,4.482533300961644,-2.2811279133663875,False,False,False,sem sinal (Em Alta)
LAVV3,SMALL11+DIVO11+Carteira,SMALL11,Imobiliário,62.87,59.53,81.81818181818181,,,0.8,,65.65,38.27,55.18,93.84,False,28,Não,,,False,5,8,False,,True,,True,False,True,True,False,True,9,11,True,True,False,True,False,True,True,False,True,True,True,0.37,True,2525685504.0,7.0,1.74,18.77,14.07,24.9,19.67,8.69,19.91,8.52,1.5,2.38,4.12,0.86,18.82,98.51,-30.3,3.69,4.85,1.47,60.31,33.37,9.22,18.94,40.3,-31.7,20.6,12.59,13.17,-51.3,39.8,-12.8,9.22,18.94,-41.69,2.51,-17.0,-3.64,-0.12,6359759.0,7.88,13.11,21.79,-0.5,4.9,True,7,,46.9,13.7,True,,1.56,0.75,0.07,12.9399995803833,True,True,False,13.243347270992176,13.662143196455965,13.869301512950878,17.58740955948051,26.701234713467198,21.705692314914554,5.468124912892068,13.723660333707851,17.213255557424162,13.869301512950878,12.48237136165579,7,True,4.9,-3.536539672082084,33.02361758588466,n/d,2026-02-03,última,"A Lavvi Empreendimentos Imobiliários (LAVV3) apresenta uma dinâmica operacional peculiar no setor imobiliário, onde a excelente rentabilidade sobre o patrimônio líquido de 24,9%, posicionada bem acima dos pares setoriais (16,2%), contrasta com um retorno sobre o capital investido de 8,7%, ligeiramente abaixo da média do setor (9,4%). Essa disparidade sugere que a empresa consegue alavancar de forma muito eficiente os recursos dos seus acionistas, embora o retorno sobre o capital total empregado na operação ainda demande otimização. No campo do valuation, múltiplos como o preço sobre lucro de 7,0 e o preço sobre valor patrimonial de 1,74 indicam que o mercado precifica o papel com relativa moderação, permitindo que indicadores de alta rentabilidade convivam com múltiplos de preço razoáveis. A saúde financeira da companhia é um ponto de destaque, visto que a relação de dívida líquida sobre EBITDA de 1,5 vezes situa-se muito abaixo da média setorial (18,46), o que, somado a uma robusta liquidez corrente de 4,12, confere grande segurança e sustenta com folga o expressivo dividendo distribuído de 18,77%. No entanto, o crescimento histórico de longo prazo acende um sinal de alerta, pois a taxa de crescimento anual composta da receita em cinco anos foi de -30,3%, abaixo do setor (8,6%), e a análise por janelas temporais mais curtas revela que o avanço de 46,9% em três anos desacelerou para 13,7% no último ano, configurando um cenário de desaceleração que exige monitoramento atento. Essa variação atípica e a forte contração na janela de cinco anos indicam que esse período específico merece uma checagem manual detalhada para identificar possíveis eventos contábeis não recorrentes ou flutuações cíclicas de lançamentos. Diante disso, o crescimento implícito de -0,5% ao ano embutido no preço atual pelo fluxo de caixa descontado reverso mostra-se um patamar bastante conservador e fácil de ser superado, mesmo com o ritmo de expansão perdendo fôlego. Sob a ótica do checklist de critérios fundamentalistas, a Lavvi atende a 5 dos 8 requisitos avaliados, sendo penalizada principalmente pela ausência de crescimento superior ao setor, pelo retorno sobre o capital investido abaixo dos pares e por vendas de ações por parte de pessoas de dentro da empresa. Quanto às referências de valuation, as estimativas de preço-teto mostram uma dispersão relevante entre os métodos de fluxo de caixa e dividendos, que orbitam entre 13,24 reais e 13,87 reais, e os modelos patrimoniais e de crescimento de Graham e Lynch, que esticam a régua até 26,70 reais, resultando em uma média de 17,21 reais e um preço-teto ajustado com margem de segurança de 12,48 reais, o que indica um prêmio negativo de 3,5% frente à cotação atual. Em balanço, a empresa entrega como prós um balanço extremamente desalancado, margem líquida saudável de 19,91% e proventos altamente atrativos, enquanto os contras residem na clara desaceleração recente de suas receitas e na governança pressionada pela venda de papéis por insiders.

Gatilho de falseamento: a margem líquida recuar para patamares abaixo de 15% no fechamento do próximo ano fiscal, o que invalidaria a tese de alta rentabilidade e resiliência operacional da companhia.",,False,True,10.43,24.07,Em Alta,11.510000228881836,12.423973267291455,-31.822972115527048,False,False,False,sem sinal (Em Alta)
CEAB3,BOVA11+SMALL11,BOVA11,Consumo discricionário,62.59,61.28,70.0,,,0.9,,58.56,80.91,43.39,60.27,False,29,Não,Bandeira de alta,"Bandeira de alta (pré-confirmação) — pescoço R$10.03, preço 22.9% acima do pescoço; falta fechar acima e segurar",False,5,8,False,,False,,False,,True,True,False,True,7,10,True,True,True,False,False,True,True,False,False,False,True,0.52,True,3650458368.0,6.76,1.0,4.23,6.49,14.79,7.33,14.93,7.02,2.97,1.94,1.78,1.67,0.72,0.81,43.85,-9.5,6.68,5.91,0.81,60.22,39.78,7.28,17.96,69.4,-31.3,25.6,11.41,11.88,-59.5,56.3,-0.6,7.28,13.6,-29.49,3.55,-41.2,-4.8,-0.39,79630726.0,4.74,9.7,19.87,-0.9,5.5,True,7,,8.9,4.5,True,2024,1.9,0.65,0.14,12.329999923706055,False,False,False,5.816971147554395,10.939658642013587,24.94712716000843,22.49474037035393,26.978753788292195,9.395766103176404,14.655197349655198,32.08155643011003,20.21325712051568,22.49474037035393,20.24526633331854,7,True,5.5,64.19518620105049,63.935581878253075,n/d,n/d,,,,False,False,,,Em Alta,10.300000190734863,19.708734906599634,-31.489476294880593,False,False,False,sem sinal (Em Alta)
SEER3,SMALL11,SMALL11,Consumo discricionário,61.89,61.58,63.63636363636363,,,0.9,,69.28,74.87,39.6,37.67,False,30,Não,Bandeira de alta,"Bandeira de alta (pré-confirmação) — pescoço R$14.06, preço 13.5% acima do pescoço; falta fechar acima e segurar",False,6,8,False,,False,,False,False,True,True,True,True,7,11,True,True,True,False,False,True,True,True,True,False,True,0.74,True,2043525888.0,7.56,1.35,5.53,3.64,17.83,-1.1,17.04,11.85,3.3,1.79,1.45,1.64,0.92,0.59,27.54,29.3,6.41,9.65,0.47,59.3,40.7,8.0,15.96,99.5,0.0,34.9,11.05,11.01,-25.4,53.4,77.9,8.89,15.96,49.01,3.36,26.7,-5.13,0.77,12747755.0,11.99,23.91,47.7,0.5,8.3,False,5,,9.8,11.9,False,2025,1.44,0.52,0.05,15.960000038146973,False,False,False,4.228037462301828,7.951438195232148,28.87455204034099,23.697163506208334,34.965431808178806,8.989109663957105,23.198573504787827,29.98412878118243,,,,5,False,8.3,,,n/d,n/d,,,,False,False,,,Em Alta,14.600000381469727,9.315065898240338,7.330196106097064,False,False,False,sem sinal (Em Alta)
CMIN3,BOVA11+DIVO11+AUVP11+Wishlist,BOVA11,Materiais,61.86,67.96,27.272727272727273,,,1.0,,82.1,57.63,34.43,97.26,False,31,Não,,,False,7,8,False,,True,,False,False,True,False,True,False,3,11,True,True,True,False,True,True,True,True,True,True,True,0.16,True,27072319488.0,11.73,3.73,21.62,16.59,31.79,32.01,20.33,13.41,4.59,0.2,0.13,1.17,1.24,0.13,194.61,90.7,11.54,8.29,0.53,80.09,19.91,4.08,6.99,23.5,-27.9,-3.2,5.23,5.21,-34.6,41.8,-0.7,4.08,6.99,-29.59,2.63,26.3,-4.6,-0.2,50688335.0,2.85,4.87,8.32,4.8,3.6,True,8,,10.7,9.3,True,2025,0.96,0.44,-0.09,5.039999961853027,False,False,True,6.081351773997449,11.43686478787262,5.876742798519603,3.6142515026343336,12.89002547788498,7.475,5.293503796251432,5.590967450301883,7.282338448432787,5.979047286258526,5.381142557632673,8,True,3.6,6.768702348446443,44.49084332443789,n/d,2026-04-17,última,"A CSN Mineração (CMIN3) apresenta uma notável eficiência operacional no setor de materiais, com um ROE de 31,8% e um ROIC de 20,3% que se posicionam muito acima dos pares setoriais (5,6% e 9,2%, respectivamente), sugerindo uma forte capacidade de gerar valor sobre o capital empregado. Essa alta qualidade operacional convive com múltiplos de preço mistos, pois enquanto o P/L de 11,73 indica uma avaliação razoável, o P/VP de 3,73 sinaliza um prêmio patrimonial expressivo, embora o PEG ratio de 0,13 aponte que o preço atual está descontado frente ao crescimento. A excelente rentabilidade é acompanhada por um endividamento sob controle, visto que a relação dívida líquida sobre EBITDA de 0,2 está bem abaixo da média do setor (1,76), garantindo solidez financeira mesmo com uma relação dívida sobre patrimônio de 1,24 e liquidez corrente de 1,17. Esse perfil de baixo endividamento e alta geração de caixa sustenta um expressivo dividend yield de 21,62%, o qual se mostra coerente com o forte lucro e com a política de distribuição da companhia. No que tange à expansão, o CAGR de receita de cinco anos de 90,7% supera com folga a média setorial de 17,4%, contudo, a análise das janelas temporais mais recentes revela que o crescimento está desacelerando, caindo de 10,7% em três anos para 9,3% no último ano, o que exige atenção do investidor. Adicionalmente, o ano de 2025 apresenta uma variação atípica que merece checagem manual para identificar possíveis eventos contábeis extraordinários que possam distorcer a série histórica. O checklist de critérios corrobora a robustez do papel ao atender 7 de 8 requisitos fundamentais, falhando apenas em manter a margem líquida, atualmente em 13,41%, acima do patamar de 15%. Sob a ótica do valuation, a média dos preços-teto calculados situa-se em R$ 7,28 e a mediana em R$ 5,98, revelando uma dispersão relevante entre os métodos, que vão desde o conservador Graham a R$ 3,61 até o otimista Lynch a R$ 12,89. O preço-teto ajustado com margem de segurança de R$ 5,38 oferece um upside de 6,8% frente à cotação atual de R$ 5,04, patamar este que embute um crescimento implícito de 4,8% ao ano pelo fluxo de caixa descontado reverso, o que parece bastante conservador diante do histórico de expansão da empresa. Em suma, os prós da CMIN3 residem em sua rentabilidade excepcional, endividamento muito abaixo do setor, proventos robustos e valuation atrativo, enquanto os contras envolvem a clara desaceleração do crescimento recente, a margem líquida abaixo do ideal de 15% e a tendência gráfica de baixa no curto prazo.

Gatilho de falseamento: margem líquida abaixo de 10% ou ROIC abaixo de 15% no fechamento do próximo ano fiscal.",,True,False,,,Em Baixa,6.260000228881836,-19.48882144444787,-28.712873557559206,True,False,False,sem sinal (Em Baixa; sem novo topo (-19.5%))
TOTS3,BOVA11+SMALL11+AUVP11,BOVA11,Tecnologia de informação,61.79,58.26,81.81818181818181,,,0.5,,85.64,33.65,49.36,14.38,False,32,Não,Bandeira de alta,"Bandeira de alta (pré-confirmação) — pescoço R$35.82, preço 2.8% acima do pescoço; falta fechar acima e segurar",False,6,8,False,,True,,False,False,True,True,True,True,9,11,True,True,True,True,True,False,True,False,True,True,True,0.56,True,20871958528.0,14.96,3.91,1.91,1.48,26.12,14.98,23.37,21.63,8.47,2.09,1.23,1.84,0.92,1.0,22.18,269.5,17.53,7.39,1.0,42.41,54.01,26.94,47.23,36.7,-22.0,17.7,34.66,36.32,-43.0,39.1,-8.7,26.94,46.62,-37.59,2.46,-21.9,-3.51,-0.61,171683453.0,18.61,30.81,51.0,6.6,10.2,False,6,,15.0,17.4,False,,0.84,0.41,0.01,36.81999969482422,False,False,True,3.9702292594754582,7.466592446045782,33.66327382828503,22.836043633882735,40.56755666712238,10.385147615992176,30.322352689855244,28.803847194900733,,,,6,False,10.2,,,2026-11-04,2026-09-24,última,,,False,False,,,Em Alta,35.758480072021484,2.968581496374334,-22.45575734271974,True,False,False,sem sinal (Em Alta)
VIVA3,BOVA11+SMALL11,BOVA11,Consumo discricionário,61.68,61.34,63.63636363636363,,,0.9,,75.46,49.64,66.65,16.44,False,33,Não,Fundo duplo,"Fundo duplo (pré-confirmação) — pescoço R$23.54, preço 16.6% acima do pescoço; falta fechar acima e segurar",False,6,8,False,,True,,False,False,True,True,True,True,7,11,True,True,True,True,False,True,True,False,True,True,True,0.27,True,6452106240.0,11.06,2.04,2.54,1.98,18.4,21.98,17.32,18.56,7.28,1.1,0.87,4.19,0.4,0.77,21.94,0.4,8.79,10.38,1.73,37.54,62.46,20.42,35.35,34.4,-22.4,23.4,26.45,26.44,-42.2,40.2,-14.9,20.42,32.35,-43.79,2.54,-18.7,-3.89,-0.23,62660731.0,15.78,26.47,44.41,4.3,10.2,False,6,,13.5,16.8,False,2024,1.17,0.56,0.06,27.440000534057617,False,False,False,3.9592683650623464,7.445978893004348,33.93385121169115,27.402029361794135,40.555921727736504,10.793245101665756,29.553912856934733,15.647632578085986,,,,6,False,10.2,,,n/d,2025-12-22,última,,,False,False,,,Em Alta,25.0,9.760002136230472,-23.547349753765047,True,False,False,sem sinal (Em Alta)
SAPR4,AUVP11,SMALL11,Utilities,61.6,59.64,72.72727272727273,,,0.1,,56.46,61.5,64.5,59.59,True,34,Não,,,False,6,8,False,,True,,False,False,False,True,True,True,8,11,False,True,True,False,True,True,True,True,False,True,True,0.04,True,11031800832.0,24.23,0.91,1.54,6.48,3.76,14.91,11.83,6.04,4.24,0.89,1.03,1.86,0.6,2.11,156.96,11.5,9.36,5.91,0.51,53.34,46.66,6.24,9.08,17.0,-19.6,4.8,7.23,7.47,-31.3,30.0,-6.4,6.24,9.08,-35.29,1.89,-2.7,-3.06,-0.18,8240604.0,5.15,7.58,11.16,9.2,6.2,True,7,,8.3,5.2,True,,0.88,0.57,0.05,7.300000190734863,False,False,False,3.4391691169389267,6.467856758630305,4.120724882339384,7.374230820114298,5.416367212189895,1.7543033594410482,3.036896488758045,10.849507949111798,5.8149647468689505,5.416367212189895,4.874730490970906,7,True,6.2,-33.22287173145696,-20.34295075431252,n/d,n/d,,,,False,False,,,Em Alta,6.889999866485596,5.950657941861448,-20.910069850706048,False,False,False,sem sinal (Em Alta)
B3SA3,BOVA11+AUVP11,BOVA11,Produtos financeiros,61.39,61.63,60.0,,,0.4,,93.58,12.88,,39.73,False,35,Não,Bandeira de alta,"Bandeira de alta (pré-confirmação) — pescoço R$18.37, preço 26.8% acima do pescoço; falta fechar acima e segurar",False,5,6,False,,True,,False,False,True,,True,True,6,10,True,True,True,,True,,True,False,True,True,True,,True,116049166336.0,22.06,6.29,3.95,3.87,28.49,23.11,22.2,49.45,,,,,,5.32,85.43,33.0,18.05,9.25,0.57,63.98,35.97,11.54,23.3,101.9,0.0,48.0,15.27,15.34,-27.8,41.7,79.0,13.02,23.3,50.11,2.63,39.0,-3.24,1.4,754972739.0,26.27,44.11,74.06,8.8,1.7,True,4,,3.5,6.8,False,,1.81,0.83,0.08,23.299999237060547,False,False,True,6.5626565146964815,9.78948297399944,11.458500334836073,9.382511147699843,8.47354930794992,8.57984227960896,5.678040759058742,,9.097620525785238,9.1846626268042,8.26619636412378,4,True,1.7,-64.52276122406167,-60.95441706575366,2026-11-12,2026-09-23,última,,,False,False,,,Em Alta,19.0,22.631574931897624,17.768897072886737,True,False,False,sem sinal (Em Alta)
TFCO4,SMALL11,SMALL11,Consumo discricionário,61.23,59.2,72.72727272727273,,,0.9,,80.35,30.47,69.24,15.75,False,36,Não,,,False,5,8,False,,True,,False,True,True,True,True,True,8,11,True,True,True,False,False,True,True,False,True,True,True,0.2,True,2255117056.0,15.49,3.72,2.26,1.86,23.99,26.81,27.1,13.1,9.49,0.48,0.24,3.17,0.28,1.03,28.75,9.3,9.78,16.01,1.67,41.96,57.74,12.56,17.98,18.3,-17.4,5.7,15.41,15.34,-30.2,33.6,-5.7,12.56,17.54,-34.59,2.12,-22.5,-3.07,-0.6,8879040.0,8.59,13.18,20.22,6.9,8.1,False,7,,22.6,25.8,False,,1.24,0.71,0.14,14.859999656677246,False,False,False,2.005715562531227,3.772039267599049,13.121139245780112,9.285662179945215,16.170341112650938,6.114780413999999,11.818928067802691,6.838102123733467,,,,7,False,8.1,,,n/d,n/d,,,,False,False,,,Em Alta,13.399999618530273,10.895522982911142,-17.711242794287262,False,False,False,sem sinal (Em Alta)
SAPR11,SMALL11+AUVP11,SMALL11,Serviços públicos,60.93,58.85,72.72727272727273,,,0.1,,56.46,59.18,64.5,57.53,True,37,Não,,,False,4,8,False,,True,,False,False,False,True,True,True,8,11,False,False,True,False,False,True,True,True,False,True,True,0.21,True,11427732480.0,25.1,0.94,1.46,6.35,3.76,14.91,11.83,6.04,4.36,0.89,1.03,1.86,0.6,2.18,159.37,11.5,6.6,5.91,0.51,53.34,46.66,31.45,47.9,20.2,-21.1,5.7,37.28,38.57,-34.3,32.2,-5.9,31.45,47.9,-34.79,2.03,-2.8,-3.23,-0.11,48811040.0,26.29,39.75,60.12,9.4,6.1,True,7,,8.3,5.2,True,,1.01,0.61,0.07,37.810001373291016,False,False,False,17.460165405685554,32.83637558553122,20.6033165175111,36.923015674339204,26.888139048646337,15.033916666666668,15.184255531584599,91.38412409537557,23.56131206142353,20.6033165175111,18.54298486575999,7,True,6.1,-50.95746048065802,-37.68497433044994,n/d,n/d,,,,False,False,,,Em Alta,35.349998474121094,6.958990114160346,-22.393266777620692,False,False,False,sem sinal (Em Alta)
ABCB4,SMALL11+DIVO11+AUVP11,SMALL11,Produtos financeiros,60.47,63.3,44.44444444444444,16.87,,0.4,,50.01,63.21,83.86,82.19,False,38,Não,Bandeira de alta,"Bandeira de alta (pré-confirmação) — pescoço R$25.88, preço 9.1% acima do pescoço; falta fechar acima e segurar",False,2,6,False,,True,,False,False,True,,False,True,4,9,True,False,False,,False,,True,False,True,True,True,,True,7282094592.0,7.22,1.01,9.23,9.96,14.05,14.98,0.0,40.92,,,,,,1.83,71.94,-2.9,6.34,1.54,,89.78,10.19,19.16,28.24,47.4,0.0,18.7,23.56,23.41,-17.3,24.7,25.2,22.2,28.24,-3.69,1.55,18.1,-2.12,0.81,13477753.0,28.0,38.35,52.53,-0.1,2.0,True,4,,7.9,13.6,False,,0.95,0.74,-0.03,28.239999771118164,False,False,True,20.463226282946906,29.821677798652903,41.45555750936311,49.60513800847141,54.393000593708145,34.72988779683171,20.50908382699657,,31.61758734694866,32.27578279774231,29.048204517968077,4,True,2.0,2.861914849151259,11.960296045345054,n/d,n/d,,,,False,False,,,Em Alta,26.149999618530273,7.9923525165441545,3.3357685341088628,False,False,False,sem sinal (Em Alta)
ISAE4,BOVA11+DIVO11,BOVA11,Serviços públicos,60.26,59.67,63.63636363636363,,,0.1,,59.77,51.77,60.47,77.4,True,39,Não,,,False,5,8,False,,True,,False,False,True,True,True,True,7,11,False,True,False,True,True,False,True,True,True,True,True,0.67,True,20675659776.0,7.31,0.93,5.92,8.95,12.71,14.91,9.63,26.39,7.86,3.41,4.87,5.28,0.79,1.66,65.42,220.0,9.65,6.2,0.28,54.58,44.81,22.35,31.63,31.1,-7.4,7.0,27.34,27.06,-19.9,25.0,12.5,25.09,31.63,-16.39,1.58,18.8,-2.3,0.49,119179709.0,26.72,36.86,50.86,0.1,2.8,True,8,,20.0,18.1,True,,0.9,0.69,0.06,29.299999237060547,False,False,False,19.070737956365267,29.261928492572142,44.72836053271461,53.3038656136244,53.487594219644905,42.327919614106214,22.176452080161017,38.64744629090185,37.875538100011305,40.48768295250403,36.438914657253626,8,True,2.8,24.364899679462493,29.268051488901946,n/d,2026-10-09,próxima,,,False,False,,,Em Alta,28.190000534057617,3.9375618374390964,-8.561526023410337,True,False,False,sem sinal (Em Alta)
MULT3,BOVA11+SMALL11,BOVA11,Imobiliário,60.2,59.59,63.63636363636363,,,0.8,,86.07,32.66,43.29,40.41,False,40,Não,Bandeira de alta,"Bandeira de alta (pré-confirmação) — pescoço R$31.92, preço 13.4% acima do pescoço; falta fechar acima e segurar",False,7,8,False,,True,,False,False,True,True,True,True,7,11,True,True,True,True,True,True,True,False,True,True,True,0.74,True,17704212480.0,13.4,2.75,3.21,3.93,20.52,17.07,18.7,43.42,9.37,2.13,1.56,1.64,0.75,1.38,52.69,62.0,13.86,10.89,0.29,52.11,47.88,25.65,36.19,41.1,0.0,25.9,28.78,29.21,-25.0,29.8,37.7,26.11,36.19,8.81,1.88,7.8,-2.81,0.58,139229384.0,32.3,47.27,69.2,5.9,3.6,True,7,,15.1,7.6,True,,1.26,0.81,0.05,36.189998626708984,False,False,False,10.350080983784302,19.464829721116928,36.93923788571162,28.27880671913139,36.83697675403635,21.601777368988028,24.124626585818085,34.06607423708576,28.75890418169831,28.27880671913139,25.45092604721825,7,True,3.6,-29.67414475546587,-20.533558239834726,2026-10-29,2026-10-01,última,,,False,False,,,Em Alta,32.970001220703125,9.766446123101446,3.5119223229923113,True,False,False,sem sinal (Em Alta)
KEPL3,SMALL11+DIVO11+Wishlist,SMALL11,Bens Industriais,59.93,64.09,36.36363636363637,,,0.7,,63.51,50.53,65.38,97.95,False,41,Não,Bandeira de alta,"Bandeira de alta (pré-confirmação) — pescoço R$6.60, preço 6.0% acima do pescoço; falta fechar acima e segurar",False,5,8,False,,True,,False,False,True,True,False,False,4,11,True,True,False,False,False,True,True,True,True,True,True,-0.02,True,1212803584.0,9.0,1.58,4.12,16.79,17.52,36.22,12.97,9.71,7.18,-0.07,-0.07,2.04,0.43,,151.15,-56.2,14.33,6.76,1.34,48.81,51.19,5.69,10.45,23.0,-33.0,7.8,7.7,7.89,-45.6,35.5,-29.1,5.69,10.45,-57.99,2.24,-6.3,-3.04,-0.26,8063342.0,4.35,6.87,10.85,2.4,5.9,True,6,,-6.4,-7.3,True,,0.88,0.48,-0.02,7.0,False,False,False,8.54970077783622,12.539561140826457,8.296296296296296,8.805205594965983,,8.987435936460594,2.115555555555556,6.188934136359503,8.894522313790842,8.677453186401102,7.809707867760992,6,True,5.9,11.567255253728458,27.064604482726317,n/d,2025-12-16,última,"A Kepler Weber (KEPL3) apresenta-se como uma alternativa intrigante no setor de bens industriais, onde sua eficiência operacional se destaca pelo retorno sobre o patrimônio líquido de 17,5%, posicionado confortavelmente acima da média setorial de 10,8%, sugerindo forte capacidade de gerar valor sobre o capital próprio. Essa qualidade, contudo, convive com um retorno sobre o capital investido de 13,0%, ligeiramente abaixo dos pares que registram 13,3%, o que indica que a alocação de recursos totais ainda demanda otimização. No que tange à relação entre qualidade e preço, os múltiplos de valuation mostram-se bastante razoáveis, com o preço sobre lucro em 9,0 vezes e o preço sobre valor patrimonial em 1,58, sinalizando que o mercado não precifica o papel com ágio excessivo. A estrutura de capital é um dos pontos mais robustos da tese, uma vez que a relação dívida líquida sobre EBITDA negativa de -0,07 está muito abaixo da média do setor de 2,38, revelando um perfil desalavancado que, somado a uma liquidez corrente de 2,04, garante extrema segurança financeira e sustentabilidade para o pagamento de proventos. O dividendo distribuído, com um rendimento de 4,12%, mostra-se plenamente coerente com essa sólida posição de caixa e com o endividamento sob controle, embora o crescimento recente acenda um claro sinal de alerta. O histórico de receita revela uma severa contração com taxa de crescimento anual composta de cinco anos negativa em 56,2%, muito abaixo dos 47,1% do setor, além de uma clara trajetória de desaceleração nas janelas mais recentes de três anos, com queda de 6,4%, e de um ano, com recuo de 7,3%, o que exige uma checagem manual minuciosa desses períodos para identificar se houve eventos contábeis pontuais ou perda estrutural de mercado. Sob a ótica do valuation por múltiplos métodos de preço-teto, a média de 8,89 reais e a mediana de 8,68 reais revelam uma dispersão moderada frente ao modelo ajustado com margem de segurança de 7,81 reais, o qual ainda projeta um potencial de valorização de 11,6% em relação ao preço atual de 7,00 reais. Adicionalmente, o crescimento implícito de 2,4% ao ano embutido no preço atual pelo fluxo de caixa descontado reverso parece um patamar bastante conservador e de fácil superação, mesmo diante do histórico recente desafiador da companhia. O checklist de critérios fundamentalistas reforça essa dualidade ao aprovar cinco dos oito requisitos avaliados, evidenciando que a empresa possui excelente saúde financeira e governança, mas peca na dinâmica de expansão e na margem líquida de 9,71%, que ficou abaixo do patamar ideal de 15%. Em balanço, a KEPL3 destaca-se positivamente por sua estrutura financeira impecável, forte retorno sobre o patrimônio e valuation atrativo com margem de segurança, mas traz como contrapartida uma preocupante contração recente de receita e margens operacionais mais pressionadas que a média de seus pares.

Gatilho de falseamento: margem líquida abaixo de 8,0% no fechamento do próximo ano fiscal.",,True,False,,,Em Alta,6.78000020980835,3.2448345631816533,-33.333333333333336,False,False,False,sem sinal (Em Alta)
CYRE3,BOVA11+SMALL11+AUVP11+Wishlist,BOVA11,Consumo discricionário,59.68,55.77,81.81818181818181,,,0.9,,59.79,52.3,45.38,67.12,False,42,Não,Bandeira de alta,"Bandeira de alta (pré-confirmação) — pescoço R$28.20, preço 17.5% acima do pescoço; falta fechar acima e segurar",False,4,8,False,,True,,False,False,True,True,True,True,9,11,True,True,False,True,False,False,True,False,True,True,False,0.54,True,11959325696.0,7.37,1.35,6.98,7.26,18.26,15.44,7.03,20.62,10.86,3.1,6.07,3.37,0.73,0.87,53.53,16.4,6.37,3.68,1.17,56.08,39.17,19.83,35.31,67.1,-6.1,43.8,26.65,26.27,-43.8,49.0,38.3,19.83,33.14,9.41,3.09,-9.7,-4.39,0.29,200474885.0,20.59,38.77,73.01,0.2,10.9,False,7,,20.3,18.3,True,2024,1.78,0.7,0.07,33.13999938964844,False,False,False,17.506464446673974,32.92344765293847,61.5019903760272,49.83599424014622,70.81501684597433,27.88197238708469,36.649142831506715,6.501258244004583,,,,7,False,10.9,,,2026-11-12,2025-12-10,última,"A Cyrela (CYRE3) apresenta um panorama de investimento intrigante no setor de consumo discricionário, onde seu ROE de 18,3% supera a média setorial de 14,1%, sugerindo forte capacidade de gerar valor sobre o patrimônio, embora seu ROIC de 7,0% fique bem abaixo dos 13,7% dos pares. Essa divergência entre qualidade e preço se reflete em múltiplos de valuation atraentes, com um P/L baixo de 7,37 e P/VP de 1,35 convivendo com uma margem líquida robusta de 20,62%, o que indica que o mercado pode estar subavaliando a rentabilidade da companhia. No entanto, a relação entre rentabilidade e endividamento exige atenção, pois a alavancagem medida pela relação Dívida Líquida/EBITDA está em 3,1, posicionando-se acima da média setorial de 2,82, ainda que mitigada por uma confortável liquidez corrente de 3,37 e uma relação Dívida/Patrimônio de 0,73. O dividend yield de 6,98% mostra-se coerente com a forte geração de lucro, mas a sustentabilidade desse retorno no longo prazo depende da gestão desse endividamento mais elevado. Sob a ótica do crescimento, o CAGR de receita de 5 anos de 16,4% ficou abaixo dos 35,4% do setor, e a análise das janelas temporais mais recentes revela uma desaceleração preocupante, com a taxa caindo de 20,3% na janela de 3 anos para 18,3% na de 1 ano, um sinal de alerta que a média histórica costuma ocultar. Adicionalmente, o ano de 2024 apresentou variações atípicas que demandam uma checagem manual detalhada para identificar possíveis eventos contábeis não recorrentes. O checklist de critérios fundamentalistas reforça essa dualidade ao aprovar apenas 4 dos 8 requisitos avaliados, penalizado principalmente pelo ROIC fraco, endividamento acima do setor e vendas de insiders. Quanto ao valuation, o crescimento implícito de 0,2% ao ano embutido no preço atual de R$ 33,14 parece bastante conservador frente ao histórico da empresa, mas os modelos de preço-teto apresentam uma dispersão extremamente alta — variando desde R$ 17,51 pelo método de Bazin até R$ 70,82 pelo de Lynch —, o que exige cautela extra do investidor ao adotar essas referências. Em suma, os prós da Cyrela residem em seu ROE elevado, margem líquida robusta, múltiplos de preço atraentes e crescimento implícito conservador, enquanto os contras concentram-se no ROIC abaixo dos pares, na desaceleração recente da receita, no endividamento acima do setor e na alta dispersão dos modelos de valuation.

Gatilho de falseamento: A leitura acima se provará errada se a relação Dívida Líquida/EBITDA ultrapassar o patamar de 3,5 no fechamento do próximo ano fiscal, indicando uma deterioração do perfil de endividamento que comprometeria a sustentabilidade dos dividendos.",,True,False,,,Em Alta,27.989999771118164,18.39942715485252,-7.983165235424927,False,False,False,sem sinal (Em Alta)
TAEE11,BOVA11+SMALL11+DIVO11,BOVA11,Serviços públicos,59.63,60.53,54.54545454545455,,,0.1,,72.69,36.65,49.12,88.36,True,43,Não,Bandeira de alta,"Bandeira de alta (pré-confirmação) — pescoço R$41.81, preço 5.0% acima do pescoço; falta fechar acima e segurar",False,6,8,False,,True,,True,False,True,False,True,False,6,11,True,True,True,True,False,False,True,True,True,True,True,0.45,True,45360316416.0,9.3,1.87,6.85,11.15,20.14,22.05,11.11,36.48,10.12,4.36,5.39,3.48,1.36,0.69,103.74,13.5,10.48,6.9,0.24,66.19,33.81,33.33,43.89,31.7,0.0,11.2,39.67,39.4,-15.3,23.1,10.1,36.91,43.89,-18.79,1.45,20.9,-2.32,0.58,65579755.0,41.79,56.12,75.38,2.7,5.6,True,7,,20.9,24.4,False,,0.82,0.68,0.09,43.88999938964844,True,False,False,35.60532499840495,66.96098217441964,64.54859431568136,49.922296613686875,116.35357102024969,20.619166666666672,53.61187022219423,37.49384012264454,60.64235420961161,53.61187022219423,48.25068319997481,7,True,5.6,9.935483870967765,38.16895660270676,n/d,2026-08-17,última,,,False,False,,,Em Alta,42.849998474121094,2.4270734015438666,0.1780731573475247,True,False,False,sem sinal (Em Alta)
ITUB3,DIVO11+AUVP11,SMALL11,Financial Services,59.56,56.34,77.77777777777777,15.95,,0.4,,58.07,36.04,70.71,70.55,False,44,Não,Bandeira de alta,"Bandeira de alta (pré-confirmação) — pescoço R$48.45, preço 11.7% acima do pescoço; falta fechar acima e segurar",False,3,6,False,,True,,False,False,True,,True,True,7,9,True,True,False,,False,,True,False,True,True,True,,True,596503691264.0,12.8,2.87,5.76,8.31,22.45,19.06,0.0,32.58,,,,,,1.58,106.32,8.1,,1.58,,92.99,6.67,29.36,54.12,84.3,0.0,23.8,41.31,40.03,-15.9,26.5,52.2,35.56,54.12,23.31,1.67,50.6,-2.59,1.81,86688781.0,69.09,96.74,135.45,5.5,1.9,True,4,,6.6,4.2,True,,1.14,0.83,0.07,54.119998931884766,False,False,True,32.6936372612424,61.48513072033651,57.8298375683446,42.35484582552471,69.36792997580855,44.802317944384626,33.41909934043885,,49.20273087357704,51.31607775636461,46.18446998072815,4,True,1.9,-14.662840184354476,-9.085861336576484,n/d,n/d,,,,False,False,,,Em Alta,48.91999816894531,10.629601303297754,9.599023412800523,False,False,False,sem sinal (Em Alta)
BMGB4,DIVO11,SMALL11,Financial Services,58.5,57.06,66.66666666666667,12.81,,0.4,,49.02,81.5,25.86,94.52,False,45,Não,Bandeira de alta,"Bandeira de alta (pré-confirmação) — pescoço R$6.38, preço 8.2% acima do pescoço; falta fechar acima e segurar",False,3,6,False,,True,,False,False,True,,True,True,6,9,True,False,False,,True,,True,False,True,False,True,,True,4432917504.0,7.16,1.04,7.42,15.41,14.47,7.04,0.0,30.16,,,,,,0.28,110.31,26.0,6.53,1.27,,91.8,7.94,3.43,6.9,101.1,0.0,29.1,4.9,4.82,-15.1,33.3,44.5,4.53,6.9,15.61,2.1,67.3,-2.61,1.74,9696145.0,8.72,13.36,20.46,-0.2,1.9,True,4,,8.1,-1.8,True,,0.89,0.52,0.02,6.900000095367432,False,False,False,7.730901725156471,14.539082921826523,13.180753471056905,11.994086455708654,28.910614924723873,14.45881736694123,11.87262586241994,,12.477388871245282,13.819785418999068,12.437806877099161,4,True,1.9,80.25806819118364,80.83172027232919,n/d,n/d,,,,False,False,,,Em Alta,6.590000152587891,4.7040961396306535,4.072397832066721,False,False,False,sem sinal (Em Alta)
SANB11,BOVA11+Wishlist,BOVA11,Produtos financeiros,58.45,58.96,55.55555555555556,14.99,,0.4,,50.57,72.12,57.0,67.81,False,46,Não,,,False,3,6,False,,True,,True,False,True,,True,False,5,9,True,False,False,,True,,True,False,True,True,True,,True,154917421056.0,6.98,1.09,8.0,7.32,15.69,10.65,0.0,28.66,,,,,,0.91,51.07,49.8,6.59,1.11,,90.04,9.86,25.1,36.14,14.9,-20.2,3.5,29.54,29.47,-30.6,31.3,-9.4,25.1,36.14,-38.29,1.97,13.5,-2.74,-0.05,76115341.0,20.82,31.0,46.17,-0.5,3.7,True,4,,2.6,-3.8,True,,0.95,0.59,-0.0,28.829999923706055,True,False,False,15.340898902717305,28.850787291239314,56.49283652671857,49.57867774354678,61.929724607301964,36.71790677715653,31.528675532135747,,34.35060737445793,32.78434703419792,29.50591233077813,4,True,3.7,2.34447592390139,19.14882922428467,n/d,2026-07-22,última,"A análise fundamentalista do Santander Brasil (SANB11) revela uma interessante assimetria entre preço e qualidade, onde o retorno sobre o patrimônio líquido de 15,7% e o retorno sobre o capital investido de 0,0% situam-se abaixo das médias setoriais de 18,4% e 2,2%, respectivamente, mas convivem com múltiplos descontados de preço sobre lucro de 6,98 e preço sobre valor patrimonial de 1,09. Essa rentabilidade inferior aos pares é compensada por uma robusta margem líquida de 28,66% e um dividend yield de 8,0%, o qual se mostra sustentável diante do lucro gerado e da ausência de endividamento líquido sobre EBITDA aplicável ao segmento financeiro. No entanto, embora o crescimento composto anual da receita nos últimos cinco anos de 49,8% supere com folga a média setorial de 12,7%, a análise das janelas temporais mostra que a receita variou de inexistente em cinco anos para 2,6% em três anos e caiu para -3,8% no último ano, um sinal explícito de desaceleração que exige atenção do investidor. Adicionalmente, a variação atípica de 0,0% no retorno sobre o capital investido e a ausência de dados de crescimento de receita na janela de cinco anos representam anomalias que merecem uma checagem manual detalhada para descartar efeitos contábeis pontuais. O checklist de critérios reflete essa dualidade ao aprovar apenas 3 dos 6 requisitos de segurança e eficiência, evidenciando que o papel falha em superar o retorno sobre o patrimônio do setor e sofre com vendas de iniciados. Sob a ótica do valuation, o preço atual de R$ 28,83 encontra-se muito próximo do preço-teto ajustado com margem de segurança de R$ 29,51, oferecendo um upside limitado de 2,3%, embora haja uma enorme dispersão entre os métodos de cálculo, que variam desde R$ 15,34 pelo modelo de Bazin até R$ 61,93 pela fórmula de Lynch. Diante disso, o crescimento implícito de -0,5% ao ano embutido no preço atual pelo fluxo de caixa descontado reverso mostra-se um patamar bastante conservador e fácil de ser superado, dado o histórico de expansão da instituição. Como prós, destacam-se o valuation atrativo pelo índice de preço sobre lucro, o fluxo consistente de dividendos e a margem líquida elevada; como contras, pesam a clara perda de ritmo operacional recente, a rentabilidade abaixo da média dos pares e o sinal gráfico em tendência de baixa.

Gatilho de falseamento: margem líquida abaixo de 25,0% no próximo resultado trimestral.",,True,False,,,Em Baixa,30.530000686645508,-5.568295855568294,-20.92504030618724,True,False,False,sem sinal (Em Baixa; sem novo topo (-5.6%))
ITUB4,BOVA11+DIVO11+AUVP11,BOVA11,Produtos financeiros,58.3,54.86,77.77777777777777,15.95,,0.4,,58.07,31.78,70.71,66.44,False,47,Não,Bandeira de alta,"Bandeira de alta (pré-confirmação) — pescoço R$44.26, preço 11.8% acima do pescoço; falta fechar acima e segurar",False,3,6,False,,True,,False,False,True,,True,True,7,9,True,True,False,,False,,True,False,True,True,True,,True,545362214912.0,11.71,2.63,6.3,7.18,22.45,19.06,0.0,32.58,,,,,,3.28,84.08,8.1,9.77,1.58,,92.99,6.67,33.35,49.48,48.3,0.0,20.3,40.88,40.53,-22.5,26.5,29.1,37.48,49.48,0.21,1.67,21.7,-2.45,0.98,1124342386.0,50.81,71.19,99.74,4.8,1.7,True,4,,6.6,4.2,True,,1.2,0.87,0.05,49.47999954223633,False,False,True,25.836894319308463,36.16299119619135,43.012445023246045,42.292623308659074,45.44399275019371,42.92692747134936,21.161092059096507,,36.984814502523804,39.54495933377035,35.59046340039332,4,True,1.7,-28.071011055662698,-25.253001526498775,n/d,2026-11-03,próxima,,,False,False,,,Em Alta,44.83000183105469,10.372512873645444,1.6922290019144137,True,False,False,sem sinal (Em Alta)
VIVT3,BOVA11,BOVA11,Comunicação,58.18,50.8,100.0,,,0.4,,44.24,56.61,52.18,63.01,False,48,Não,,,False,5,8,False,,True,,True,True,True,True,True,True,11,11,False,True,True,False,True,False,True,True,True,False,True,0.17,True,101716148224.0,15.56,1.56,8.0,6.68,10.05,7.53,9.1,10.68,4.47,0.56,0.85,0.95,0.3,0.84,103.98,18.5,10.39,5.51,0.48,46.12,53.66,29.02,40.59,9.7,-21.6,-0.5,32.75,33.51,-28.5,26.2,3.7,29.02,40.59,-25.19,1.65,-4.9,-2.34,-0.35,146354632.0,23.0,32.21,45.1,6.9,3.3,True,8,,7.4,6.7,True,,0.79,0.58,0.02,31.829999923706055,True,False,False,15.469542165701496,29.092719621303136,27.978936826543173,30.64508294260448,51.51421615468879,34.85113251742049,25.202159322625874,38.74916985537546,31.687869925782863,29.868901281953807,26.882011153758427,8,True,3.3,-15.545048010705498,-0.4465284268421854,n/d,n/d,,,,False,False,,,Em Alta,30.78917121887207,3.3805025066605765,-22.106051991018404,False,False,False,sem sinal (Em Alta)
VBBR3,BOVA11+DIVO11,BOVA11,Consumo discricionário,58.14,55.57,72.72727272727273,,,0.9,,60.66,52.62,46.45,58.22,False,49,Bandeira de alta,,,False,6,8,False,,True,,False,False,True,True,True,True,8,11,True,True,True,False,True,True,True,False,False,True,True,0.68,True,45874765824.0,9.09,1.95,5.02,6.38,21.49,20.83,16.06,2.48,6.48,1.52,1.3,2.01,0.93,1.01,57.96,677.0,11.14,9.71,0.57,65.98,33.8,20.1,39.97,90.8,-4.1,15.4,29.65,29.21,-18.4,28.3,54.5,24.44,39.97,25.61,1.78,73.7,-2.4,1.78,403922477.0,48.68,69.98,100.59,2.5,3.7,True,8,,1.4,9.9,False,,0.86,0.58,0.13,38.349998474121094,False,False,False,17.785007331186392,33.447287980908605,57.70396164884256,43.207323322957244,65.01466815782445,38.20472131702081,35.86724585369952,24.000429600131795,39.403830651571425,37.03598358536017,33.33238522682416,8,True,3.7,-13.08373780166605,2.7479327754379668,n/d,n/d,,,Bandeira de alta,False,False,,,Em Alta,39.970001220703125,-4.053046527661664,-5.261860405637653,False,True,False,"Bandeira de alta — mastro +22%, recuo 39%, bandeira 7d (candidato)"
ALUP11,SMALL11,SMALL11,Serviços públicos,58.13,55.55,72.72727272727273,,,0.1,,59.66,53.95,52.1,47.95,True,50,Não,,,False,7,8,False,,True,,False,False,True,False,True,True,8,11,True,True,True,True,True,False,True,True,True,True,True,0.81,True,17213990912.0,8.6,1.24,2.98,4.76,14.38,12.27,10.21,27.68,6.61,3.48,4.68,3.17,1.11,1.01,40.91,176.5,13.05,5.7,0.32,60.84,28.54,29.74,36.3,21.7,-0.3,11.5,32.74,32.84,-15.6,22.9,14.7,30.63,36.3,-14.19,1.45,9.5,-2.04,0.23,33233702.0,31.84,42.67,57.17,1.9,5.4,True,7,,4.7,9.9,False,,0.87,0.73,0.06,36.189998626708984,False,False,False,12.52180932252538,23.54908011300741,57.55648693820183,52.567794627758154,55.77463140503659,31.133941910564815,34.32888900927285,67.04911645751346,45.99427720876502,52.567794627758154,47.31101516498234,7,True,5.4,30.729530147220864,27.091127256413515,n/d,n/d,,,,False,False,,,Em Alta,33.5099983215332,7.997613964228822,-1.1910665265464804,False,False,False,sem sinal (Em Alta)
CYRE4,AUVP11,SMALL11,Consumer Cyclical,58.11,50.72,100.0,,,0.9,,59.79,58.12,45.38,2.05,False,51,Não,Bandeira de alta,"Bandeira de alta (pré-confirmação) — pescoço R$26.32, preço 20.6% acima do pescoço; falta fechar acima e segurar",False,5,7,False,,True,,,,True,True,True,True,9,9,True,True,True,True,True,False,,False,True,True,False,0.54,True,,7.06,1.29,0.0,0.0,18.26,15.44,7.03,20.62,10.51,3.1,6.07,3.37,0.73,0.47,,16.4,,3.68,1.17,56.08,39.17,18.14,31.75,75.0,0.0,46.6,21.88,23.09,-39.9,53.6,8.1,18.14,31.75,-20.79,3.38,,-4.74,0.23,7451206.0,18.24,35.86,70.5,-0.4,5.7,True,4,,20.3,18.3,True,2024,1.89,0.72,0.16,31.75,,False,False,,,61.509640866307215,49.90427872155873,67.45750708215297,,55.40509915014165,11.859817101060884,58.56913145504015,58.45737000822443,52.61163300740199,4,True,5.7,65.70593073197477,84.46970537020519,n/d,n/d,,,,False,False,,,Em Alta,26.5,19.811320754716988,3.758168641156856,False,False,False,sem sinal (Em Alta)
BBDC3,BOVA11+DIVO11+AUVP11,BOVA11,Produtos financeiros,57.97,56.43,66.66666666666667,15.65,,0.4,,47.03,57.49,66.43,76.03,False,52,Não,Bandeira de alta,"Bandeira de alta (pré-confirmação) — pescoço R$16.20, preço 19.5% acima do pescoço; falta fechar acima e segurar",False,3,6,False,,True,,False,False,True,,True,True,6,9,True,False,False,,True,,True,False,True,True,True,,True,205006471168.0,8.28,1.17,5.91,8.76,14.13,11.35,0.0,26.07,,,,,,2.14,72.57,17.8,,1.07,,92.32,7.66,13.34,19.36,45.1,0.0,25.3,15.48,15.61,-22.4,28.3,29.7,13.9,19.36,0.81,1.78,13.7,-2.2,0.83,183409707.0,18.93,27.02,38.58,1.5,2.0,True,4,,2.7,11.9,False,,1.28,0.87,-0.02,19.360000610351562,False,False,True,12.339750681006805,17.850509714775733,24.59894992323738,29.504518153869935,29.555404539130592,18.571990858762234,12.16055500012768,,18.340300294445537,18.211250286768983,16.390125258092084,4,True,2.0,-15.34026476565048,-5.267046920240304,2026-11-04,2026-10-14,próxima,,,False,False,,,Em Alta,16.829999923706055,15.032683886598551,6.664362790563172,True,False,False,sem sinal (Em Alta)
ABEV3,BOVA11+AUVP11,BOVA11,Bens de primeira necessidade,57.97,58.58,54.54545454545455,,,0.0,,78.02,20.36,65.88,52.05,True,53,Não,,,False,7,8,False,,True,,False,False,True,True,True,True,6,11,True,True,True,True,True,True,True,False,True,True,True,-0.17,True,254372036608.0,15.73,2.89,5.22,5.55,18.4,17.07,20.62,18.41,8.94,-0.57,-0.38,1.02,0.03,6.72,87.28,24.6,14.76,10.3,0.81,38.81,60.59,11.01,16.83,49.8,-1.9,5.0,15.2,14.66,-13.6,25.7,21.8,13.54,16.83,-7.09,1.62,38.9,-1.92,1.08,350258178.0,17.54,24.18,33.32,7.0,3.4,True,8,,3.4,-1.4,True,,0.66,0.49,0.04,16.5,False,False,True,6.658658523107493,8.211812744985522,9.408162661374494,11.608120843769504,8.27479893925438,14.96381871392604,4.423894524978751,11.245575980726219,9.3493553665153,8.841480800314436,7.957332720282992,8,True,3.4,-51.77374108919399,-43.337240202937565,2026-10-29,2026-09-22,última,,,False,False,,,Em Alta,15.84000015258789,4.1666656632214805,-2.4506735304456573,True,False,False,sem sinal (Em Alta)
RECV3,SMALL11+DIVO11,SMALL11,Energia,57.68,61.44,36.36363636363637,,,0.9,,52.87,71.93,54.85,86.99,False,54,Não,,,False,4,8,False,,True,,False,False,True,True,False,False,4,11,False,False,False,True,False,True,True,True,True,True,True,0.36,True,3404392704.0,6.82,0.77,14.7,10.7,11.26,17.76,10.15,16.73,3.48,1.18,1.6,2.91,0.72,2.24,73.01,-14.8,7.07,5.06,0.52,50.04,49.96,8.89,13.47,30.4,-13.9,10.5,10.52,10.7,-31.9,32.6,23.3,9.17,13.47,-5.59,2.06,3.2,-3.18,-0.04,23815816.0,8.19,12.45,18.92,-0.8,3.0,True,8,,2.0,-3.3,True,,0.68,0.4,0.08,11.600000381469727,False,False,False,9.03084086822704,11.946125542539233,16.3632594128262,24.01108099076923,23.377247874077003,20.893577576708218,7.93513385894003,11.146081444759144,15.587918446105762,14.154692477682715,12.739223229914444,8,True,3.0,9.820886301560417,34.378602874931666,n/d,n/d,,,,False,False,,,Lateral,11.369999885559082,2.022871576302876,-15.871189950899634,False,False,False,sem sinal (Lateral)
CPFE3,BOVA11+DIVO11+AUVP11,BOVA11,Serviços públicos,57.57,58.1,54.54545454545455,,,0.1,,76.13,42.8,30.08,71.23,True,55,Não,,,False,6,8,False,,True,,False,False,True,False,True,True,6,11,True,True,True,False,False,True,True,True,True,True,True,1.44,True,57658814464.0,9.6,2.54,7.46,8.31,26.43,27.84,15.57,13.16,6.11,2.35,2.07,0.92,1.55,1.8,79.79,21.5,12.5,8.79,0.29,71.02,27.73,35.09,52.32,42.6,-4.3,11.7,45.17,44.92,-21.6,26.2,0.5,40.99,52.32,-28.39,1.65,30.2,-2.55,0.87,84733001.0,49.89,69.73,97.45,3.0,3.0,True,8,,4.1,4.1,False,,0.9,0.66,0.05,50.040000915527344,False,False,True,30.245820930536812,52.109978042856895,65.31288853348508,48.068004503906266,71.17012080167423,60.96907766596942,32.001541719478844,92.21536304169763,56.511599404950644,56.53952785441316,50.885575068971846,8,True,3.0,1.6897964387968756,12.932850461669698,2026-11-12,2026-04-30,última,,,False,False,,,Em Alta,48.09000015258789,4.054898641613991,-5.570358876698666,True,False,False,sem sinal (Em Alta)
ITSA4,BOVA11+DIVO11+AUVP11+Wishlist,BOVA11,Financial Services,57.55,55.35,70.0,,,0.4,,60.95,35.08,,80.82,False,56,Não,Bandeira de alta,"Bandeira de alta (pré-confirmação) — pescoço R$14.60, preço 12.1% acima do pescoço; falta fechar acima e segurar",False,5,6,False,,True,,False,False,True,,True,True,7,10,True,True,True,,True,,True,False,True,True,True,,True,183352262656.0,10.1,1.96,6.89,9.45,19.36,17.48,0.38,214.29,,,,,,11.43,95.43,28.4,8.63,0.38,0.64,16.02,79.82,9.78,16.36,67.3,0.0,22.7,13.03,12.67,-17.7,27.2,44.2,11.35,16.36,15.31,1.71,38.2,-2.3,1.41,354058493.0,18.83,26.57,37.48,3.5,1.5,True,4,,-0.9,0.2,False,,1.26,0.89,0.07,16.360000610351562,False,False,False,11.242565290866105,12.121073248400172,12.700911822433385,17.441581113383492,16.737131251735732,16.6798620213622,5.322123119975673,,13.186103095765464,12.410992535416778,11.169893281875101,4,True,1.5,-31.724371239891603,-19.40035083237014,n/d,2026-12-01,próxima,"A Itaúsa (ITSA4) apresenta-se como uma holding financeira robusta, cujo retorno sobre o patrimônio líquido de 19,4% situa-se acima da média setorial de 18,8%, sugerindo uma eficiente alocação de capital que convive com um retorno sobre o capital investido de 0,4%, o qual, embora baixo em termos absolutos, também supera os 0,1% dos seus pares. Essa elevada qualidade de rentabilidade, contudo, não é acompanhada por múltiplos de preço excessivamente descontados, visto que o preço sobre lucro de 10,1 e o preço sobre valor patrimonial de 1,96 indicam que o mercado já precifica essa solidez com certo prêmio. No âmbito dos proventos, o rendimento de dividendos de 6,89% mostra-se coerente com a forte geração de lucros traduzida em uma margem líquida de 214,29%, patamar atípico que merece checagem manual detalhada para identificar possíveis efeitos contábeis não recorrentes ou equivalência patrimonial concentrada. Sob a ótica da expansão, o crescimento anual composto da receita nos últimos cinco anos foi de 28,4%, superando a média setorial de 20,8%, mas a análise detalhada por janelas temporais revela que a receita está desacelerando, registrando queda de 0,9% na janela de três anos e tímida recuperação de 0,2% na de um ano, o que serve como um claro sinal de alerta sobre a perda de fôlego operacional recente. Diante disso, o crescimento implícito de 3,5% ao ano embutido no preço atual pelo fluxo de caixa descontado reverso parece um patamar exigente quando contrastado com essa recente perda de tração das receitas. O checklist de critérios reforça a consistência do papel ao atender cinco dos seis requisitos aplicáveis, falhando apenas devido à ocorrência de vendas por parte de pessoas de dentro da companhia. No que tange ao valuation, a cotação atual de R$ 16,36 situa-se acima da média dos preços-teto de R$ 13,19 e da mediana de R$ 12,41, evidenciando uma dispersão relevante entre os métodos, que variam desde R$ 11,24 pelo modelo de Bazin até R$ 17,44 pelo método de Graham, resultando em um potencial de valorização negativo de 31,7% contra o preço-teto ajustado com margem de segurança de R$ 11,17. Como prós, destacam-se a rentabilidade superior aos pares, o histórico de crescimento de longo prazo e o sólido pagamento de dividendos; como contras, pesam o valuation esticado frente às métricas de preço-teto e a nítida desaceleração recente de suas receitas.

Gatilho de falseamento: retorno sobre o patrimônio líquido abaixo de 18,8% no fechamento do próximo ano fiscal.",,True,False,,,Em Alta,14.670000076293945,11.52011264668349,8.903698910880431,True,False,False,sem sinal (Em Alta)
CMIG4,BOVA11+DIVO11+AUVP11,BOVA11,Serviços públicos,56.61,55.37,63.63636363636363,,,0.1,,54.76,53.53,37.38,98.63,True,57,Não,,,False,5,8,False,,True,,True,False,True,True,False,True,7,11,True,True,False,False,False,True,True,True,True,True,True,0.67,True,34270969856.0,7.46,1.17,8.52,17.67,15.75,21.33,9.3,10.51,7.03,2.49,3.69,1.17,0.78,,131.8,-20.4,10.28,5.94,0.42,57.36,42.63,9.56,13.2,25.4,-9.2,10.5,10.84,10.85,-25.1,23.8,14.5,9.89,13.2,-14.39,1.5,14.4,-2.33,0.4,159914655.0,10.82,14.68,19.92,0.3,5.2,True,6,,10.4,7.4,True,,0.91,0.73,0.09,11.979999542236328,True,False,False,15.39275151480377,22.576035555045532,17.129579327594392,19.234713234541637,,14.127676775544375,4.368042728536571,17.920770218158097,17.730254437614633,17.525174772876245,15.77265729558862,6,True,5.2,31.658246229317566,47.99879061017806,2026-11-12,2026-09-23,última,,,False,False,,,Em Alta,11.40999984741211,4.995615271226317,-9.609350812768703,True,False,False,sem sinal (Em Alta)
EZTC3,SMALL11+DIVO11+AUVP11,SMALL11,Consumo discricionário,56.34,53.45,72.72727272727273,,,0.9,,49.72,48.54,67.67,54.11,False,58,Não,Bandeira de alta,"Bandeira de alta (pré-confirmação) — pescoço R$14.20, preço 20.2% acima do pescoço; falta fechar acima e segurar",False,3,8,False,,True,,False,False,True,True,False,True,8,11,False,False,False,True,False,True,True,False,True,False,True,0.0,True,4734518784.0,8.91,0.9,5.86,5.69,10.15,7.87,5.14,36.95,15.1,0.07,0.17,3.06,0.34,1.78,50.7,-22.5,7.44,2.75,2.48,28.86,69.9,10.21,17.07,67.2,0.0,37.1,13.4,13.44,-37.1,42.6,26.7,10.21,17.07,-2.19,2.69,8.0,-3.76,0.71,33179755.0,14.14,24.24,41.56,2.3,5.5,True,7,,10.2,-4.0,True,,1.48,0.67,0.07,17.06999969482422,False,False,False,7.064497909780317,11.66177840818476,23.000463879711702,28.59332533293592,20.488235599830656,15.906525889859267,11.346232575570081,5.174320715827208,16.865865656553243,15.906525889859267,14.31587330087334,7,True,5.5,-16.13430839595126,-1.1958643346248632,n/d,n/d,,,,False,False,,,Em Alta,14.600000381469727,16.917803074097225,3.8098720495884475,False,False,False,sem sinal (Em Alta)
BBDC4,BOVA11+DIVO11+AUVP11+Wishlist,BOVA11,Produtos financeiros,55.78,53.86,66.66666666666667,15.65,,0.4,,47.03,48.88,66.43,71.92,False,59,Não,Bandeira de alta,"Bandeira de alta (pré-confirmação) — pescoço R$18.49, preço 18.1% acima do pescoço; falta fechar acima e segurar",False,3,6,False,,True,,False,False,True,,True,True,6,9,True,False,False,,True,,True,False,True,True,True,,True,231267631104.0,9.34,1.32,5.76,8.39,14.13,11.35,0.0,26.07,,,,,,3.06,78.39,17.8,7.45,1.07,,92.32,7.66,15.62,21.84,39.8,0.0,23.7,17.86,18.05,-24.6,29.5,25.3,15.72,21.84,-3.59,1.86,10.2,-2.41,0.69,790754137.0,20.25,29.42,42.74,2.7,1.7,True,4,,2.7,11.9,False,,1.31,0.85,-0.0,21.84000015258789,False,False,False,13.330261848366977,17.660001827814057,22.529685352585297,29.50417615931572,26.765882133528834,20.26834939590406,10.930860084667197,,18.447074606167597,18.96417561185906,17.067758050673152,4,True,1.7,-21.850925222403262,-15.53537327250547,n/d,2026-10-14,próxima,"O Bradesco (BBDC4) apresenta um panorama de valuation e rentabilidade que exige cautela, uma vez que seu ROE de 14,1% e seu ROIC de 0,0% situam-se abaixo das médias do setor de produtos financeiros, que são de 18,4% e 2,2%, respectivamente. Essa rentabilidade inferior pressiona a relação de qualidade versus preço, pois o papel é negociado a um P/L de 9,34 e P/VP de 1,32, múltiplos que não parecem excessivamente descontados diante do retorno entregue, enquanto o dividend yield de 5,76% mostra-se condizente com a geração de caixa de uma instituição financeira de grande porte, cuja dinâmica de endividamento segue métricas regulatórias próprias. No campo do crescimento, embora o CAGR de receita de 5 anos de 17,8% supere a média setorial de 12,7%, a análise detalhada por janelas revela que o indicador está DESACELERANDO de forma nítida, registrando apenas 2,7% na janela de 3 anos antes de ensaiar uma recuperação para 11,9% no último ano. Essa oscilação expressiva sugere que o desempenho recente merece uma checagem manual detalhada para identificar possíveis eventos contábeis não recorrentes. O mercado precifica atualmente um crescimento implícito de 2,7% ao ano para a empresa, patamar que se mostra bastante conservador quando confrontado com o histórico de expansão de longo prazo do banco. Sob a ótica do checklist de critérios fundamentalistas, o ativo atendeu a apenas 3 dos 6 requisitos aplicáveis, evidenciando fragilidades ao não superar os pares em ROE e ROIC, além de registrar transações de venda por parte de insiders. Quanto ao valuation, os métodos de preço-teto revelam uma dispersão acentuada, variando desde os conservadores R$ 13,33 pelo método de Bazin até R$ 29,50 pela fórmula de Graham, resultando em uma média de R$ 18,45 e um preço-teto ajustado com margem de segurança de R$ 17,07, o que gera um upside negativo de 21,9% frente à cotação atual de R$ 21,84. Como prós, destacam-se o robusto valor de mercado, a tendência gráfica de alta e o crescimento implícito conservador embutido no preço; como contras, pesam a rentabilidade abaixo dos pares, a forte desaceleração do crescimento de receita nas janelas intermediárias e o prêmio salgado em relação ao preço-teto ajustado.

Gatilho de falseamento: ROE abaixo de 14,1% no fechamento do próximo ano fiscal.",,True,False,,,Em Alta,19.229999542236328,13.572546398761043,3.0476076831791543,True,False,False,sem sinal (Em Alta)
WEGE3,BOVA11+AUVP11+Carteira,BOVA11,Bens Industriais,55.43,53.98,63.63636363636363,,,0.7,,85.86,6.38,59.14,19.18,False,60,Não,Bandeira de alta,"Bandeira de alta (pré-confirmação) — pescoço R$51.11, preço 0.3% acima do pescoço; falta fechar acima e segurar",False,6,8,False,,True,,False,False,True,True,False,True,7,11,True,True,True,True,False,True,True,False,True,True,True,-0.17,True,215036280832.0,34.4,11.4,3.91,2.38,33.16,31.31,24.33,15.58,22.38,-0.35,-0.2,1.59,0.29,5.71,81.84,-2.1,28.04,11.21,1.12,56.49,40.84,34.04,53.68,50.5,-4.5,9.4,46.54,46.16,-22.5,29.3,6.9,41.6,53.68,-21.99,1.85,50.4,-2.4,1.05,395656155.0,52.76,76.65,111.36,10.5,2.3,True,8,,10.9,7.4,True,,0.62,0.41,0.09,51.25,False,False,False,8.867154007603071,16.67597027881481,20.376969242310576,12.275903952660968,12.517111523396066,20.41913929189381,9.794935233493627,15.083090476912554,14.501284250885686,13.80010100015431,12.420090900138879,8,True,2.3,-75.76567629241194,-71.70481121778403,2026-10-21,2026-09-21,última,"A WEGE3 apresenta-se como uma empresa de altíssima qualidade operacional no setor de Bens Industriais, ostentando um ROE de 33,2% e um ROIC de 24,3% que se posicionam muito acima das médias setoriais de 10,8% e 13,3%, respectivamente, o que sugere uma capacidade diferenciada de gerar valor sobre o capital empregado. Essa excelência operacional, contudo, convive com múltiplos de preço extremamente esticados, evidenciados pelo P/L de 34,4 e pelo P/VP de 11,4, indicando que o mercado cobra um prêmio elevado pela qualidade do ativo. No âmbito financeiro, a excelente rentabilidade é acompanhada por um endividamento sob controle, com a relação Dívida Líquida/EBITDA em -0,35, patamar abaixo da média setorial de 2,38 que revela uma sólida posição de caixa líquido. O dividend yield de 3,91% mostra-se coerente com a forte geração de lucro e a baixa alavancagem, embora o foco da companhia pareça ser o reinvestimento frente ao retorno imediato via proventos. No entanto, o crescimento acende um sinal de alerta, pois o CAGR de receita de 5 anos de -2,1% ficou abaixo do setor e, ao analisarmos as janelas temporais de 3 anos para 1 ano, que passaram de 10,9% para 7,4%, fica explícito que a receita está desacelerando. Além disso, a variação atípica na taxa de crescimento de 5 anos, que consta como negativa enquanto as janelas mais curtas são de expansão de dois dígitos, merece uma checagem manual detalhada para identificar possíveis eventos contábeis pontuais. O checklist de critérios reforça a solidez ao atender 6 de 8 requisitos, falhando apenas no crescimento frente aos pares e na ocorrência de vendas por insiders. Sob a ótica do valuation, há uma expressiva dispersão entre os métodos de preço-teto, que variam de R$ 8,87 por Bazin a R$ 20,38 por DCF, resultando em uma média de R$ 14,50 e um upside negativo de -75,8% contra o preço-teto ajustado de R$ 12,42. Diante disso, o crescimento implícito de 10,5% ao ano embutido no preço atual via fluxo de caixa descontado reverso parece um patamar exigente, especialmente quando confrontado com a recente desaceleração para 7,4% na janela de um ano. Em balanço, os prós residem na rentabilidade excepcional, margem líquida saudável de 15,58% e robustez financeira com caixa líquido, enquanto os contras concentram-se no valuation esticado, na desaceleração do crescimento de receita e no elevado prêmio exigido pelo mercado.

Gatilho de falseamento: a margem líquida reportada abaixo de 15,0% no próximo resultado trimestral provaria que a tese de alta eficiência e resiliência operacional da empresa estava errada.",,False,True,49.82,2.87,Lateral,51.79999923706055,-1.0617746045583853,-5.395660526644674,False,False,False,sem sinal (Lateral)
UGPA3,BOVA11,BOVA11,Consumo discricionário,55.31,52.24,72.72727272727273,,,0.9,,62.68,41.59,43.18,50.0,False,61,Bandeira de alta,,,False,7,8,False,,True,,False,False,True,True,True,True,8,11,True,True,True,False,True,True,True,True,False,True,True,0.63,True,41612460032.0,12.6,2.43,5.12,4.91,19.25,16.17,21.5,2.26,5.73,1.13,0.72,1.64,0.98,1.72,61.86,44.3,12.74,9.73,0.63,64.07,31.75,18.91,39.74,106.5,-1.7,26.3,25.96,26.52,-22.2,30.0,91.7,20.23,39.74,62.81,1.89,90.4,-2.77,1.99,356177744.0,52.94,77.79,114.29,5.4,3.0,True,8,,-0.3,6.6,False,,0.81,0.51,0.04,39.04999923706055,False,False,False,13.942093833287943,26.220131305828616,42.38914407709593,33.47525387941986,37.97132796605763,23.51115406015545,22.994155627790434,29.67172089297812,28.771872705326746,27.945926099403366,25.15133348946303,8,True,3.0,-35.591974440826455,-26.320426971940392,n/d,n/d,,,Bandeira de alta,False,False,,,Em Alta,39.7400016784668,-1.7362919281911582,-2.909005340955395,False,True,False,"Bandeira de alta — mastro +34%, recuo 31%, bandeira 8d (candidato)"
GMAT3,SMALL11,SMALL11,Bens de primeira necessidade,54.72,52.02,70.0,,,0.0,,46.64,66.34,56.81,30.82,True,62,Não,Bandeira de alta,"Bandeira de alta (pré-confirmação) — pescoço R$5.11, preço 3.5% acima do pescoço; falta fechar acima e segurar",False,4,8,False,,True,,False,,True,True,False,True,7,10,True,True,False,False,False,True,True,False,False,True,True,0.47,True,12169577472.0,7.5,1.09,0.91,3.24,14.52,15.23,10.1,3.99,5.21,2.21,3.01,1.74,0.56,0.68,24.29,-40.8,5.94,5.51,1.0,52.91,42.64,3.57,6.82,48.2,-22.5,25.4,4.66,4.78,-47.7,41.9,17.8,3.57,5.86,-11.09,2.64,-28.6,-3.7,-0.73,18194773.0,2.38,4.1,7.04,0.4,8.1,False,6,,20.9,19.8,True,,1.09,0.5,0.1,5.289999961853027,False,False,False,1.2461281412426644,2.3435248591757207,9.647139715379282,8.77612999019411,10.038113351101368,4.263484935832014,6.880775511812179,6.523767590606443,,,,6,False,8.1,,,n/d,n/d,,,,False,False,,,Em Alta,5.079999923706055,4.1338590807255216,-23.472509373157557,False,False,False,sem sinal (Em Alta)
IGTI11,BOVA11+SMALL11,BOVA11,Imobiliário,54.61,51.41,72.72727272727273,,,0.8,,69.03,33.69,49.72,19.86,False,63,Não,Bandeira de alta,"Bandeira de alta (pré-confirmação) — pescoço R$27.42, preço 12.2% acima do pescoço; falta fechar acima e segurar",False,3,7,False,,True,,False,False,True,True,False,True,8,11,False,False,True,True,False,True,,False,True,False,True,0.48,True,,14.29,1.85,0.95,2.45,12.93,7.32,12.16,41.91,10.41,2.15,2.43,2.73,0.9,1.7,35.08,-35.4,14.11,5.46,0.48,51.02,48.98,22.47,30.76,36.9,0.0,21.9,25.77,25.9,-25.2,30.7,23.7,22.57,30.76,-5.19,1.93,10.8,-2.72,0.54,76223006.0,26.82,39.71,58.8,6.3,10.0,False,6,,13.5,20.3,False,2023,1.27,0.8,0.1,30.760000228881836,False,False,False,5.491750214406139,10.328033467737995,29.441387157827258,28.377596867333672,23.353105350860556,2.9447079660782083,17.419031422856182,25.304882220242135,,,,6,False,10.0,,,n/d,n/d,,,,False,False,,,Em Alta,28.469999313354492,8.043558028654974,1.0957654193266553,False,False,False,sem sinal (Em Alta)
PGMN3,SMALL11+DIVO11+Wishlist,SMALL11,Bens de primeira necessidade,54.36,57.54,36.36363636363637,,,0.0,,45.18,78.87,43.63,87.67,True,64,Não,Fundo duplo,"Fundo duplo (pré-confirmação) — pescoço R$3.54, preço 29.7% acima do pescoço; falta fechar acima e segurar",False,4,8,False,,True,,False,False,False,False,True,False,4,11,False,True,True,False,True,False,True,False,False,False,True,0.99,True,3299589888.0,10.12,0.97,5.14,10.75,9.61,5.91,12.78,2.1,3.22,3.59,3.87,1.78,1.02,0.91,108.75,11.1,6.69,6.26,0.83,68.82,31.1,3.13,7.54,46.6,-39.1,23.5,4.53,4.82,-58.5,52.7,-26.6,3.13,7.54,-55.49,3.32,11.4,-4.36,0.54,27331681.0,3.15,6.12,11.87,3.5,2.8,True,7,,17.5,17.9,False,2024,1.86,0.68,0.14,4.590000152587891,False,False,False,3.587345411038573,6.7465237891467345,6.2034937673634625,6.9490883876844896,9.908596946196242,9.258333333333333,4.455747183697969,,6.729875545494401,6.7465237891467345,6.0718714102320615,7,True,2.8,32.2847757817323,46.620377380598256,n/d,2025-12-26,última,"A Pague Menos (PGMN3) apresenta-se como uma tese de investimento intrigante no setor de bens de primeira necessidade, onde sua rentabilidade medida pelo ROE de 9,6% e pelo ROIC de 12,8% posiciona-se ligeiramente acima dos pares setoriais de 9,4% e 11,0%, respectivamente, sugerindo uma eficiência operacional superior na alocação de capital. Essa qualidade de retorno convive com múltiplos de valuation bastante descontados, evidenciados pelo P/L de 10,12 e pelo P/VP de 0,97, o que indica uma relação favorável entre qualidade e preço, reforçada por um EV/EBITDA atrativo de 3,22. No entanto, essa rentabilidade acima da média é acompanhada por um endividamento que exige atenção, dado que a relação Dívida Líquida/EBITDA de 3,59 está acima do patamar setorial de 3,29, enquanto a relação Dívida/Patrimônio atinge 1,02, embora mitigada por uma liquidez corrente confortável de 1,78. O dividend yield de 5,14% mostra-se coerente com a geração de caixa atual, mas sua sustentabilidade futura depende diretamente do controle dessa alavancagem financeira e da manutenção do lucro líquido, que hoje opera com uma margem estreita de 2,1%. No campo do crescimento, a companhia supera amplamente o setor com um CAGR de receita de 5 anos de 11,1% contra uma retração setorial de 14,2%, contudo, a ausência de dados de CAGR por janela para o período de 5 anos impede a verificação de uma eventual desaceleração, tornando o ano de 2024, marcado por variação atípica, um ponto que merece checagem manual detalhada para descartar efeitos contábeis não recorrentes. O checklist de critérios revela um perfil intermediário ao atender 4 de 8 requisitos, penalizado principalmente pela margem líquida abaixo de 15% e pelo endividamento elevado, enquanto o crescimento implícito de 3,5% ao ano embutido no preço atual via fluxo de caixa descontado reverso parece bastante conservador frente ao histórico recente de expansão de receita de 17,9% no último ano. Sob a ótica do valuation, a média dos preços-teto calculados situa-se em R$ 6,73 e a mediana em R$ 6,75, revelando uma dispersão relevante entre o método de Bazin, mais restritivo em R$ 3,59, e o de Lynch, mais otimista em R$ 9,91, mas ainda assim o preço atual de R$ 4,59 oferece um upside atraente de 32,3% contra o preço-teto ajustado de R$ 6,07. Como prós, destacam-se o forte crescimento histórico, múltiplos de valuation descontados e rentabilidade acima dos pares; como contras, pesam a margem líquida pressionada, o endividamento acima da média do setor e as incertezas associadas às variações atípicas recentes.

Gatilho de falseamento: margem líquida abaixo de 2,1% ou relação Dívida Líquida/EBITDA acima de 3,59 no fechamento do próximo ano fiscal.",,True,False,,,Em Alta,4.050000190734863,13.333331763499135,-39.76377662043598,False,False,False,sem sinal (Em Alta)
BPAC11,BOVA11+AUVP11,BOVA11,Produtos financeiros,53.93,49.72,77.77777777777777,15.65,,0.4,,59.62,28.27,66.43,25.34,False,65,Não,Bandeira de alta,"Bandeira de alta (pré-confirmação) — pescoço R$64.10, preço 26.2% acima do pescoço; falta fechar acima e segurar",False,4,6,False,,True,,False,False,True,,True,True,7,9,True,True,False,,True,,True,False,True,True,True,,True,272563716096.0,17.29,3.96,1.74,2.73,22.88,20.48,0.0,39.8,,,,,,1.43,47.26,20.8,13.4,2.41,,90.46,8.68,44.56,80.89,81.5,0.0,46.3,54.24,54.64,-23.5,39.6,57.3,48.49,80.89,28.41,2.5,27.2,-3.31,1.24,614412106.0,86.0,140.85,230.69,7.5,5.6,True,3,,20.9,37.5,False,,1.78,0.86,0.05,80.88999938964844,False,False,False,16.078921360667763,30.23874565570744,63.988805278477095,46.37041701681111,69.24499938802275,11.46826715114814,48.85851680706026,,19.261978055841116,16.078921360667763,14.471029224600988,3,True,5.6,-82.11023694672835,-76.18744195675431,n/d,2026-08-11,última,,,False,False,,,Em Alta,66.0199966430664,22.523483039503777,22.523483039503777,True,False,False,sem sinal (Em Alta)
COGN3,BOVA11+SMALL11,BOVA11,Consumo discricionário,53.18,50.21,70.0,,,0.9,,42.5,71.83,44.77,41.78,False,66,Fundo duplo,,,False,1,8,False,,False,,False,,False,True,True,True,7,10,False,False,False,False,False,False,True,False,True,False,True,0.39,True,5391355904.0,7.91,0.4,4.41,4.03,5.11,0.79,10.24,8.96,3.66,2.9,3.9,1.88,0.5,2.27,31.84,34.0,5.52,3.98,0.45,44.22,55.77,2.03,4.57,32.5,-41.1,17.0,2.85,2.87,-55.6,46.3,-13.6,2.03,4.57,-42.49,2.92,-15.6,-4.51,-0.22,82045579.0,1.39,2.5,4.51,1.0,9.1,False,5,,11.9,9.8,True,2024,1.54,0.64,0.05,2.690000057220459,False,False,False,0.7875035835872074,1.0913862036929158,3.4276701967255803,7.1734043347089695,2.553390100741412,2.2973215372327225,1.6830658237756702,6.120190002412035,,,,5,False,9.1,,,n/d,n/d,,,Fundo duplo,False,False,,,Em Alta,2.430000066757202,10.699587790967557,-43.08977448717983,False,True,False,Fundo duplo — rompeu pescoço ~R$2.45 (candidato)
FLRY3,BOVA11+SMALL11+DIVO11,BOVA11,Cuidados de saúde,52.83,49.32,72.72727272727273,,,0.2,,55.24,32.64,50.67,61.64,True,67,Não,Bandeira de alta,"Bandeira de alta (pré-confirmação) — pescoço R$22.79, preço 6.5% acima do pescoço; falta fechar acima e segurar",False,4,8,False,,True,,False,False,True,True,True,True,8,11,False,True,True,False,False,True,True,False,True,True,True,0.7,True,13199245312.0,18.86,2.45,4.82,6.55,13.0,10.93,12.7,8.01,7.34,1.78,1.92,1.86,0.98,1.31,123.44,14.4,15.05,6.47,0.55,61.45,37.83,13.12,24.28,85.1,0.0,39.2,15.56,16.13,-18.6,28.8,67.3,14.3,24.28,38.41,1.81,36.8,-2.57,1.41,91288422.0,27.77,40.06,57.8,8.0,2.3,True,8,,22.9,7.9,True,2023,0.87,0.58,0.04,24.280000686645508,False,False,False,11.557747761922913,21.73602240387438,17.60804619973608,16.942834451091844,26.964530308278654,19.944897181175023,15.36617646849421,19.151644940967724,18.658987464442603,18.379845570351904,16.541861013316716,8,True,2.3,-31.870426089340786,-23.15079515337318,2026-11-05,2026-08-12,última,,,False,False,,,Em Alta,23.799999237060547,2.0168128780337025,1.377870201226461,True,False,False,sem sinal (Em Alta)
BMOB3,SMALL11+DIVO11,SMALL11,Comunicação,52.77,50.85,63.63636363636363,,,0.4,,57.09,22.3,70.21,55.48,False,68,Não,Bandeira de alta,"Bandeira de alta (pré-confirmação) — pescoço R$28.65, preço 6.6% acima do pescoço; falta fechar acima e segurar",False,7,8,False,,True,,False,False,True,True,False,True,7,11,True,True,True,False,True,True,True,True,True,True,True,-0.3,True,2547046400.0,16.37,2.78,6.44,6.18,16.97,10.68,11.27,8.49,9.37,-1.91,-2.33,1.69,0.05,,101.15,-1.0,12.54,6.02,1.43,47.82,51.18,19.48,30.53,56.7,0.0,25.0,23.55,23.82,-20.5,34.6,41.0,20.89,30.53,12.11,2.18,23.3,-3.58,0.84,21363903.0,28.36,44.19,68.85,7.2,4.4,True,6,,4.8,13.2,False,,1.14,0.63,0.09,30.530000686645508,False,False,False,13.720016772024195,20.12269126563549,19.893301200827857,21.466998970186662,,22.236814601046543,5.072791806211104,19.57127256932471,19.50184922984091,20.007996233231673,18.007196609908505,6,True,4.4,-41.01802749783347,-36.122342642555374,n/d,n/d,,,,False,False,,,Em Alta,28.549999237060547,6.935206663735172,6.450489406500681,False,False,False,sem sinal (Em Alta)
EVEN3,SMALL11+DIVO11,SMALL11,Consumo discricionário,52.34,51.95,54.54545454545455,,,0.9,,39.34,67.08,48.01,78.77,False,69,Não,Bandeira de alta,"Bandeira de alta (pré-confirmação) — pescoço R$5.11, preço 8.1% acima do pescoço; falta fechar acima e segurar",False,1,8,False,,True,,False,False,True,True,False,True,6,11,False,False,False,False,False,False,True,False,True,False,True,0.36,True,1095186304.0,5.57,0.57,16.6,9.11,10.28,7.88,4.93,12.83,8.3,2.85,7.13,4.66,0.64,1.1,50.76,-37.5,3.33,2.92,1.27,57.92,36.05,4.03,8.43,37.0,-34.5,10.8,6.51,6.28,-52.2,41.8,-24.4,4.03,8.31,-53.29,2.64,-39.3,-3.86,-0.68,6099387.0,2.57,4.37,7.43,-3.6,8.2,False,7,,-6.1,-11.0,True,,1.4,0.64,0.14,5.519999980926514,False,False,False,3.658337799595264,6.0829994406631895,11.984368516594841,14.694855162020014,14.047565112437166,7.69295642749694,5.906245498114507,1.7966452818518994,,,,7,False,8.2,,,n/d,n/d,,,,False,False,,,Em Alta,4.920000076293945,12.195119823748591,-35.295224386378685,False,False,False,sem sinal (Em Alta)
MDIA3,SMALL11,SMALL11,Bens de primeira necessidade,51.94,54.69,36.36363636363637,,,0.0,,37.5,67.76,88.61,31.51,True,70,Não,,,False,2,8,False,,True,,False,False,False,True,False,True,4,11,False,False,False,False,False,True,True,False,False,False,True,-0.04,True,6174525440.0,9.61,0.74,5.2,3.3,7.65,8.74,8.32,6.23,4.68,-0.32,-0.54,2.55,0.21,1.84,31.71,-22.6,8.08,3.52,1.38,34.41,65.59,16.15,28.35,13.9,-35.1,4.2,22.74,21.67,-43.0,32.1,-21.8,16.15,25.87,-50.69,2.02,-35.3,-2.59,-1.51,12651991.0,8.08,12.32,18.78,3.0,7.4,True,7,,1.0,8.0,False,2023,0.77,0.46,-0.01,18.399999618530273,False,False,False,4.415704005138403,7.493395100480643,23.630363714366982,32.72890830499341,16.32046830614131,20.264325603158493,11.609491361839327,22.92208720392207,19.28129137070032,20.264325603158493,18.237893042842643,7,True,7.4,-0.8810140165675717,4.789629187179512,n/d,n/d,,,,False,False,,,Lateral,17.1299991607666,7.413896789162688,-35.98865887754593,False,False,False,sem sinal (Lateral)
ALOS3,BOVA11+SMALL11+DIVO11,BOVA11,Imobiliário,51.11,47.29,72.72727272727273,,,0.8,,49.07,56.12,24.71,62.33,False,71,Não,Bandeira de alta,"Bandeira de alta (pré-confirmação) — pescoço R$29.99, preço 10.2% acima do pescoço; falta fechar acima e segurar",False,3,8,False,,True,,False,True,False,True,True,True,8,11,False,False,False,True,True,False,True,False,True,False,False,0.56,True,16534666240.0,17.84,1.3,10.04,6.64,7.27,9.51,6.39,31.4,6.52,3.4,7.32,0.72,0.56,0.29,118.48,60.8,17.03,3.66,0.27,46.56,50.55,21.16,33.06,56.2,0.0,22.4,26.82,26.76,-21.8,27.6,26.9,24.84,33.06,-1.99,1.74,25.2,-2.22,1.0,150087181.0,33.77,48.05,68.36,7.7,3.7,True,8,,37.0,4.4,True,2023,1.18,0.83,0.08,33.060001373291016,False,False,False,15.967416929237585,30.02904538627584,25.34616046267067,32.56304618236652,55.59417271293332,28.036722190163356,22.830673594111285,58.77704483477966,33.643035286567276,29.0328837882196,26.12959540939764,8,True,3.7,-20.963114567479746,1.763562882811276,n/d,n/d,,,,False,False,,,Em Alta,30.510000228881836,8.357919125792934,2.9635458298164385,False,False,False,sem sinal (Em Alta)
HYPE3,BOVA11+SMALL11,BOVA11,Cuidados de saúde,51.08,52.07,45.45454545454545,,,0.2,,58.11,40.09,57.58,43.84,True,72,Não,Bandeira de alta,"Bandeira de alta (pré-confirmação) — pescoço R$24.48, preço 10.1% acima do pescoço; falta fechar acima e segurar",False,4,8,False,,True,,False,False,True,True,True,False,5,11,False,True,False,True,False,True,True,False,True,True,True,0.42,True,18972692480.0,10.87,1.31,3.9,4.15,12.1,12.72,10.74,19.82,8.8,2.25,2.88,1.86,0.53,1.64,45.08,4.5,8.42,6.31,0.5,50.22,49.77,19.64,26.95,37.2,0.0,24.9,22.26,22.27,-25.3,32.0,19.6,19.64,26.95,-9.29,2.02,4.2,-2.81,0.37,75774158.0,21.87,33.05,49.94,4.2,4.2,True,7,,0.7,3.4,False,,1.0,0.6,0.04,26.950000762939453,False,False,False,8.128568248348742,15.286952544475213,33.910438090887396,33.876584773819125,26.75786298953863,24.974644227129193,17.28810512744699,16.11501973349466,24.02994392668446,24.974644227129193,22.477179804416274,7,True,4.2,-16.59673778070545,-10.835089994767412,n/d,n/d,,,,False,False,,,Em Alta,25.15999984741211,7.1144710905531205,1.6279508963968459,False,False,False,sem sinal (Em Alta)
LOGG3,SMALL11+DIVO11,SMALL11,Imobiliário,50.87,48.62,63.63636363636363,,,0.8,,50.81,50.68,19.19,92.47,False,73,Não,Bandeira de alta,"Bandeira de alta (pré-confirmação) — pescoço R$25.49, preço 6.6% acima do pescoço; falta fechar acima e segurar",False,2,8,False,,True,,True,True,True,True,False,False,7,11,False,False,False,True,False,False,True,False,True,False,False,0.58,True,2365997824.0,6.38,0.68,25.29,13.45,10.63,8.83,3.04,136.74,20.7,121.08,302.7,0.52,0.64,4.23,85.82,-33.1,4.13,0.1,0.28,45.7,53.91,16.32,28.1,66.5,-3.3,7.7,23.96,23.23,-19.2,32.4,21.2,22.17,28.1,-7.69,2.04,39.3,-2.9,1.06,13261445.0,27.59,41.71,63.07,-1.7,4.1,True,7,,4.6,13.2,False,,0.93,0.55,0.16,27.18000030517578,True,False,False,26.58940863571171,30.313615212224533,35.32280107023639,61.897900795716794,63.72681547509348,41.26881123350895,15.697827238827076,,39.25959709447413,35.32280107023639,31.79052096321275,7,True,4.1,16.962916137859672,44.44296046235907,n/d,n/d,,,,False,False,,,Em Alta,25.709999084472656,5.717624554840683,-4.63335498029328,False,False,False,sem sinal (Em Alta)
CSMG3,BOVA11+SMALL11+DIVO11,BOVA11,Serviços públicos,50.79,48.52,63.63636363636363,,,0.1,,62.99,19.63,34.2,84.25,True,74,Não,,,False,5,8,False,,True,,False,False,True,False,False,True,7,11,True,True,True,False,False,True,True,False,True,True,True,0.9,True,23141443584.0,17.95,2.62,3.27,10.32,14.6,15.68,11.59,14.88,9.56,2.77,3.28,1.22,1.06,,185.23,-21.2,14.02,6.35,0.28,51.64,48.36,31.89,67.15,91.4,-9.1,5.4,53.9,50.92,-20.9,33.2,43.2,41.72,67.15,14.31,2.09,69.0,-2.83,1.62,204001325.0,74.51,113.35,172.43,7.7,7.3,True,6,,10.5,5.7,True,,0.88,0.51,0.12,61.029998779296875,False,False,False,45.80119948987296,67.17509258514701,36.26666594127205,42.21353755778052,,33.70234346983773,9.247999815024373,58.51449393833229,47.278888830373766,44.00736852382674,39.60663167144407,6,True,7.3,-35.10301087392488,-22.531722470864413,n/d,n/d,,,,False,False,,,Em Alta,57.86000061035156,5.478738568105324,-9.605664228101373,False,False,False,sem sinal (Em Alta)
EGIE3,BOVA11,BOVA11,Serviços públicos,50.66,51.58,45.45454545454545,,,0.1,,77.59,26.78,19.39,60.96,True,75,Não,,,False,6,8,False,,True,,False,False,True,False,True,False,5,11,True,True,True,True,True,False,True,False,True,True,True,1.43,True,44814311424.0,11.32,2.99,2.85,6.55,26.37,32.12,11.59,28.94,9.28,3.56,4.23,1.09,2.06,1.66,74.09,270.0,12.32,6.68,0.19,74.84,23.06,27.05,37.14,17.0,-14.8,3.0,30.55,30.81,-26.9,26.7,5.1,27.15,37.14,-23.79,1.68,6.7,-2.54,0.04,89996688.0,25.15,35.44,49.94,4.5,2.8,True,8,,2.6,14.6,False,,0.87,0.63,0.07,31.639999389648438,False,False,False,15.06091433729314,28.324235673038388,38.22911131087124,25.79698302631352,37.39050864447659,41.48232707067642,19.82433826847775,31.639999389648438,29.718552215099436,29.982117531343413,26.98390577820907,8,True,2.8,-14.715846084885476,-6.072842008895973,n/d,n/d,,,,False,False,,,Em Alta,30.8799991607666,2.4611407044577316,-16.864053200124008,False,False,False,sem sinal (Em Alta)
MOTV3,BOVA11,BOVA11,Bens Industriais,50.37,52.84,36.36363636363637,,,0.7,,71.89,49.1,24.62,32.88,False,76,Não,Bandeira de alta,"Bandeira de alta (pré-confirmação) — pescoço R$16.94, preço 14.1% acima do pescoço; falta fechar acima e segurar",False,6,8,False,,True,,False,False,True,False,True,False,4,11,True,True,False,True,True,False,True,True,True,True,False,1.9,False,38852128768.0,10.07,2.2,4.82,3.33,21.85,19.92,11.72,19.27,7.56,3.69,4.33,1.77,2.45,0.69,33.55,58.4,12.97,6.62,0.44,77.07,22.24,13.02,19.33,48.5,0.0,33.6,14.64,14.8,-22.1,30.4,35.6,13.08,19.33,6.71,1.92,15.0,-2.8,0.77,218935383.0,18.18,26.8,39.51,3.5,7.3,True,7,,-0.6,4.1,False,2025,1.28,0.81,0.05,19.329999923706055,False,False,False,4.684294248255205,8.809495312041241,26.254668826765435,19.480362567408317,34.265207802206746,10.034631135769072,23.05742022358458,13.232304945939267,19.304870116244953,19.480362567408317,17.532326310667486,7,True,7.3,-9.299915261944335,-0.13000417775627104,n/d,n/d,,,,False,False,,,Em Alta,17.489999771118164,10.520298322852728,10.205238966630326,False,False,False,sem sinal (Em Alta)
GGPS3,SMALL11,SMALL11,Bens Industriais,50.21,49.45,54.54545454545455,,,0.7,,60.3,41.99,50.19,17.81,False,77,Não,Fundo duplo,"Fundo duplo (pré-confirmação) — pescoço R$12.96, preço 18.1% acima do pescoço; falta fechar acima e segurar",False,5,8,False,,True,,False,False,True,False,True,True,6,11,True,True,False,False,True,True,True,False,False,True,True,0.48,True,11510962176.0,12.57,2.56,1.91,2.32,20.36,19.43,11.88,5.1,7.73,1.03,1.2,2.87,1.38,0.87,29.17,207.7,10.1,7.28,0.78,74.55,25.29,11.0,19.55,39.1,-21.7,25.0,16.06,15.04,-43.7,36.8,-4.7,11.0,19.55,-33.59,2.32,-23.1,-3.02,-0.49,43618031.0,8.67,13.74,21.79,5.4,7.9,True,6,,23.3,17.0,True,,1.34,0.7,0.12,15.300000190734863,False,False,False,2.581865803302028,4.85557343008091,16.647933073810098,12.793667921904275,20.378165226119354,9.719326349020639,14.545254181449957,12.123584704448753,14.367988576125512,13.669461051677116,12.302514946509405,6,True,7.9,-19.591406580770045,-6.091579104513634,n/d,n/d,,,,False,False,,,Em Alta,13.25,15.471699552715945,-22.137402097928227,False,False,False,sem sinal (Em Alta)
RDOR3,BOVA11+AUVP11,BOVA11,Cuidados de saúde,50.01,47.6,63.63636363636363,,,0.2,,62.49,19.39,51.93,42.47,True,78,Não,Bandeira de alta,"Bandeira de alta (pré-confirmação) — pescoço R$38.73, preço 12.9% acima do pescoço; falta fechar acima e segurar",False,6,8,False,,True,,False,False,True,False,True,True,7,11,True,True,True,False,True,True,True,False,True,True,True,0.68,True,95009054720.0,20.31,4.73,9.82,4.13,23.26,13.61,15.63,8.35,8.45,1.12,0.99,2.9,2.51,5.4,83.82,22.9,16.29,6.35,0.64,79.71,18.16,32.17,44.45,35.9,-1.6,25.1,37.85,37.8,-27.6,33.7,9.6,32.17,44.45,-19.29,2.12,-2.1,-3.02,0.2,220884582.0,32.98,50.72,77.99,8.4,2.7,True,8,,34.3,10.2,True,2023,1.22,0.7,0.06,43.72999954223633,False,False,False,13.125522048898196,18.751871439324788,22.371488558949356,21.163388273412583,16.989084312663643,21.99238118066575,11.042438121826972,30.093985290593604,19.44126990329186,19.957629856368683,17.961866870731814,8,True,2.7,-58.925526963741525,-55.54248775028081,n/d,n/d,,,,False,False,,,Em Alta,39.81999969482422,9.819186030582339,-2.240402866527469,False,False,False,sem sinal (Em Alta)
SBFG3,SMALL11,SMALL11,Consumo discricionário,49.78,47.33,63.63636363636363,,,0.9,,40.93,83.79,27.5,24.66,False,79,Não,,,False,2,8,False,,True,,False,True,True,True,True,False,7,11,False,False,False,False,True,False,True,False,False,True,False,0.87,True,2329706496.0,5.56,0.73,5.37,2.73,13.07,10.92,8.98,5.0,4.32,3.49,5.35,1.62,1.0,0.5,15.18,185.0,4.49,4.63,0.8,67.87,32.13,7.64,14.95,32.2,-32.4,6.1,11.36,11.14,-48.9,48.7,-16.1,7.64,14.81,-44.99,3.07,-28.5,-4.29,-0.51,29272144.0,4.36,8.06,14.9,-3.6,12.5,False,6,,7.3,8.2,False,2024,1.84,0.73,0.05,10.100000381469727,False,False,False,2.0051100203818057,3.770900457685783,24.84567278802021,23.780108038674516,25.09751409456005,6.687167777596921,17.829860973438894,13.829328674360047,,,,6,False,12.5,,,n/d,n/d,,,,False,False,,,Lateral,8.739999771118164,15.56064812319291,-33.92018071663293,False,False,False,sem sinal (Lateral)
SBSP3,BOVA11+AUVP11,BOVA11,Serviços públicos,49.4,48.49,54.54545454545455,,,0.1,,69.95,27.18,40.16,21.92,True,80,Não,Bandeira de alta,"Bandeira de alta (pré-confirmação) — pescoço R$27.88, preço 13.0% acima do pescoço; falta fechar acima e segurar",False,7,8,False,,True,,False,False,True,False,False,True,6,11,True,True,True,True,False,True,True,True,True,True,True,0.76,True,110772682752.0,13.81,2.46,2.15,2.57,17.8,17.28,12.72,19.67,9.57,2.25,2.43,1.47,1.14,1.2,35.48,-33.9,13.06,7.77,0.3,59.31,40.69,23.12,35.21,36.3,-10.5,14.2,27.56,27.89,-33.8,29.7,19.2,23.31,35.21,-9.69,1.87,6.9,-2.41,0.49,517481143.0,27.42,40.04,58.47,6.1,5.4,True,7,,20.0,5.4,True,2024,1.16,0.75,0.08,31.5,False,False,False,5.885848366406142,11.069192250370259,31.19758940459227,25.635241906289906,32.05567613321984,11.499779773995904,22.969255779252435,30.25222800144949,23.52556617845287,25.635241906289906,23.071717715660917,7,True,5.4,-26.756451696314553,-25.315662925546444,n/d,n/d,,,,False,False,,,Em Alta,28.229999542236328,11.583423700986106,-10.81035366578379,False,False,False,sem sinal (Em Alta)
GOAU4,BOVA11+SMALL11,BOVA11,Materiais,49.37,51.67,36.36363636363637,,,1.0,,29.47,76.27,59.72,73.97,False,81,Não,Bandeira de alta,"Bandeira de alta (pré-confirmação) — pescoço R$11.10, preço 6.1% acima do pescoço; falta fechar acima e segurar",False,4,8,False,,True,,False,False,False,True,True,False,4,11,False,False,True,False,True,True,True,False,False,True,True,0.5,True,15581263872.0,19.61,0.81,3.25,8.57,4.13,12.06,10.0,1.14,2.2,0.99,1.35,2.88,0.28,0.27,168.06,73.2,5.8,5.06,1.04,34.12,23.4,7.01,11.78,67.9,0.0,12.8,9.46,9.37,-25.3,29.7,35.5,7.68,11.78,6.61,1.87,59.2,-2.84,1.44,95699838.0,13.57,19.82,28.97,8.2,6.5,True,7,,-5.4,4.2,False,,0.8,0.52,0.06,11.779999732971191,False,False,False,7.342359322760689,13.808372532804778,8.216216029971187,14.020233071930088,18.021417235550015,6.1112762116739185,7.40079534473254,39.608814917026834,10.702952821346175,8.216216029971187,7.394594426974069,7,True,6.5,-37.227550130775946,-9.143013039384506,n/d,n/d,,,,False,False,,,Em Alta,11.75,0.2553168763505642,0.0,False,False,False,sem sinal (Em Alta)
BEEF3,BOVA11+SMALL11,BOVA11,Bens de primeira necessidade,49.32,54.81,18.181818181818183,,,0.0,,66.77,63.6,27.54,33.56,True,82,Rompimento,,,False,5,8,False,,False,,False,False,True,False,False,False,2,11,True,True,True,False,False,True,True,False,False,True,True,9.15,False,4155295488.0,9.14,2.65,4.67,3.39,29.04,144.02,16.55,0.8,3.86,2.98,2.48,1.43,13.46,0.61,30.97,-57.5,6.91,5.34,0.65,95.87,2.86,3.04,7.18,37.8,-41.6,12.1,4.2,4.74,-57.7,44.1,-21.4,3.04,6.25,-50.29,2.78,-39.6,-4.79,-1.1,91793211.0,1.51,2.68,4.74,2.5,13.5,False,6,,21.0,60.9,False,2023,0.82,0.36,0.01,4.190000057220459,False,False,False,1.0324227637778847,1.9416208751048605,6.270064319409452,4.038399255072243,8.429520116001399,3.760485277130923,5.647790011483157,13.980677216038105,,,,6,False,13.5,,,n/d,n/d,,,Rompimento,False,False,,,Em Alta,4.090000152587891,2.4449853521226528,-42.71900001436899,False,True,False,"Rompimento (vol x0.0, +2.4% do topo, MM50>MM200)"
IRBR3,SMALL11+Carteira,SMALL11,Insurance,49.05,48.88,50.0,,2.87,0.3,,17.01,74.5,100.0,26.03,False,83,Bandeira de alta,,,False,1,6,False,,False,,False,,False,,False,True,4,8,False,False,False,,False,,True,False,True,False,True,,True,5200484864.0,-35.65,0.98,2.46,2.89,-2.76,2.79,0.0,4.89,,,,,,,,-23.0,7.35,2.3,,66.23,33.77,44.91,64.07,42.7,0.0,16.4,52.72,53.2,-21.4,32.4,26.0,49.05,64.07,-2.89,2.04,28.8,-2.79,0.61,59072706.0,56.29,85.08,128.6,,2.0,True,3,,,-14.5,,2024,0.88,0.52,0.08,64.06999969482422,False,False,False,13.451788260505065,19.72928944874076,,,,26.30875,,,19.82994256974861,19.72928944874076,17.756360503866684,3,True,2.0,-72.28599876940362,-69.04956662368997,2026-11-12,2026-07-01,última,"A análise fundamentalista do IRB Re (IRBR3) revela uma empresa em complexo processo de reestruturação, onde a baixa qualidade atual contrasta com múltiplos de preço aparentemente descontados. O retorno sobre o patrimônio líquido de -2,8% e o retorno sobre o capital investido de 0,0% situam-se drasticamente abaixo das médias de seus pares do setor de seguros, que registram robustos 34,3% e 19,5%, respectivamente. Essa fragilidade na rentabilidade convive com um indicador preço/lucro negativo de -35,65 e um preço sobre valor patrimonial de 0,98, sugerindo que o mercado precifica o papel abaixo do seu valor de livro devido ao histórico recente de prejuízos. O dividendo distribuído de 2,46% mostra-se pouco sustentável no longo prazo, dado que a geração de lucro atual é insuficiente para suportar proventos consistentes sem comprometer a estrutura de capital. No campo do crescimento, a receita apresenta uma severa retração com taxa composta anual de cinco anos em -23,0%, muito pior que a média setorial de -2,5%, sendo que a análise por janelas temporais aponta que o indicador está desacelerando, com queda de -14,5% no último ano, o que acende um claro sinal de alerta sobre a velocidade de recuperação do negócio. Adicionalmente, o ano de 2024 apresentou variações atípicas nos resultados, o que demanda uma checagem manual minuciosa por parte do investidor para isolar possíveis efeitos contábeis não recorrentes. O checklist de critérios fundamentalistas reforça esse cenário de cautela ao aprovar apenas um de seis requisitos avaliados, falhando em quesitos cruciais como rentabilidade mínima frente à taxa Selic e ausência de vendas por parte de iniciados. Sob a ótica do valuation, as estimativas de preço-teto calculadas pelos métodos de Bazin (R$ 13,45) e Gordon (R$ 19,73) mostram uma dispersão relevante, resultando em uma média de R$ 19,83 e um valor ajustado com margem de segurança de R$ 17,76, o que representa um expressivo potencial de queda de -72,3% frente à cotação atual de R$ 64,07. Como prós, destacam-se a excelente nota de segurança financeira do balanço e a tendência gráfica de alta no curto prazo; como contras, pesam a rentabilidade negativa, a forte contração histórica de receita e o valuation atual bastante esticado frente aos fundamentos.

Gatilho de falseamento: margem líquida abaixo de 4,0% no próximo resultado trimestral divulgado pela companhia.",Bandeira de alta,False,True,57.62,11.19,Em Alta,63.43000030517578,1.0089853169939378,-1.5065385256843755,False,True,False,"Bandeira de alta — mastro +29%, recuo 17%, bandeira 7d (candidato)"
BRBI11,SMALL11+DIVO11,SMALL11,Produtos financeiros,48.93,54.03,20.0,20.63,,0.4,,32.81,41.45,100.0,89.04,False,84,Não,Bandeira de alta,"Bandeira de alta (pré-confirmação) — pescoço R$15.17, preço 14.7% acima do pescoço; falta fechar acima e segurar",False,3,5,False,,True,,False,False,True,,False,False,2,10,True,True,False,,False,,,True,True,True,True,,True,,11.45,2.26,7.93,11.85,19.7,21.77,1.85,0.0,,,,,,,135.65,-22.4,8.57,0.94,0.23,95.52,4.48,11.74,20.71,48.2,-16.0,21.3,17.64,16.79,-43.3,36.3,-7.2,11.74,20.71,-36.09,2.29,-15.2,-3.16,-0.11,4186637.0,11.33,17.96,28.48,4.6,3.0,True,4,,50.1,67.6,False,,1.12,0.59,-0.0,17.399999618530273,False,False,False,14.99254032566562,21.989059144309575,16.20960663152748,16.22495626832559,,7.333333333333334,4.133449691039507,,15.131134858709002,15.60107347859655,14.040966130736896,4,True,3.0,-19.30479058296155,-13.039452928522055,n/d,n/d,,,,False,False,,,Em Alta,15.140000343322754,14.927339656265293,-17.832094715213653,False,False,False,sem sinal (Em Alta)
CPLE3,BOVA11+DIVO11,BOVA11,Serviços públicos,48.87,43.05,81.81818181818181,,,0.1,,46.73,30.66,35.15,73.29,True,85,Não,Bandeira de alta,"Bandeira de alta (pré-confirmação) — pescoço R$16.04, preço 7.5% acima do pescoço; falta fechar acima e segurar",False,5,8,False,,True,,False,False,True,True,True,True,9,11,False,True,True,False,True,True,True,False,True,False,True,0.9,True,51225780224.0,16.42,2.13,6.16,8.52,12.99,9.34,9.82,11.41,10.2,2.97,4.16,1.3,0.98,0.33,139.94,50.0,16.24,5.45,0.3,61.78,38.29,10.61,17.25,62.5,0.0,15.1,14.5,14.03,-17.9,25.9,44.3,11.94,17.25,15.41,1.63,41.9,-2.63,1.29,255987646.0,19.16,26.7,37.19,7.2,3.8,True,8,,8.3,15.3,False,2023,1.01,0.75,0.07,17.25,False,False,False,10.692236022464897,20.10830193902269,14.368787081057716,13.835790595590106,31.516443361753957,8.309775831960696,12.942752740560293,15.054651059330968,15.853592328967665,14.102288838323911,12.692059954491521,8,True,3.8,-26.422840843527418,-8.095116933520785,n/d,n/d,,,,False,False,,,Em Alta,16.610000610351562,3.853096725653238,2.2416277637902438,False,False,False,sem sinal (Em Alta)
SMTO3,SMALL11,SMALL11,Bens de primeira necessidade,48.38,52.11,27.272727272727273,,,0.0,,44.39,77.15,47.11,34.25,True,86,Pivô de alta,,,False,3,8,False,,True,,False,False,True,False,False,False,3,11,False,True,False,False,False,True,True,False,True,True,True,0.99,True,6413505536.0,8.14,0.9,1.09,3.39,11.0,14.59,6.36,11.43,3.92,2.38,5.13,3.16,1.65,1.02,27.63,-39.3,10.3,3.45,0.45,68.55,31.45,12.82,21.21,55.0,-6.3,18.1,15.88,16.23,-34.0,45.1,36.2,13.89,21.21,7.31,2.84,21.5,-4.2,0.27,30403301.0,13.16,23.29,41.23,1.3,9.3,False,6,,3.9,3.8,True,2025,0.61,0.26,0.04,19.8700008392334,False,False,False,4.905327132774241,9.225179736798008,33.38701892619069,34.8221584502942,27.718070759248146,11.111456745944244,19.07611608620156,45.46503370634049,,,,6,False,9.3,,,n/d,n/d,,,Pivô de alta,False,False,,,Lateral,20.0,-0.6499958038330034,-7.13721637955228,False,True,False,Pivô de alta
FESA4,SMALL11,SMALL11,Materiais,48.34,52.06,27.272727272727273,,,1.0,,27.63,73.1,72.16,69.18,False,87,Não,,,False,2,8,False,,True,,False,False,False,True,False,False,3,11,False,False,False,False,False,True,True,False,False,True,True,-0.12,True,1955265920.0,13.81,0.62,11.25,8.07,4.49,15.62,3.69,6.78,3.98,-3.62,-9.04,3.61,0.12,,111.49,-76.0,4.12,-1.74,1.53,26.31,73.65,4.8,8.69,20.2,-33.6,-0.4,6.78,6.7,-44.8,36.8,-15.1,4.8,8.69,-43.99,2.32,-8.4,-3.42,-0.35,6104124.0,3.39,5.44,8.73,6.1,8.2,False,6,,-9.4,4.4,False,,1.02,0.53,-0.01,5.769999980926514,False,False,False,3.387738767209842,4.968683525241103,4.456673893064167,9.353505086188148,,5.225440763076465,1.1364518427313626,6.597988312794469,,,,6,False,8.2,,,n/d,n/d,,,,False,False,,,Em Alta,5.760000228881836,0.17360679943270174,-35.16853676136046,False,False,False,sem sinal (Em Alta)
ASAI3,BOVA11+SMALL11,BOVA11,Bens de primeira necessidade,47.71,48.11,45.45454545454545,,,0.0,,63.95,54.71,24.53,7.53,True,88,Não,Fundo duplo,"Fundo duplo (pré-confirmação) — pescoço R$9.00, preço 44.2% acima do pescoço; falta fechar acima e segurar",False,5,8,False,,True,,False,False,True,False,True,False,5,11,True,True,True,False,True,False,True,False,False,True,True,3.56,False,17336958976.0,18.22,2.77,0.8,0.83,15.21,17.56,21.18,1.24,3.47,3.72,2.41,1.12,4.25,1.41,15.15,123.2,13.54,6.76,0.42,88.39,11.61,7.01,12.98,85.3,0.0,47.4,8.6,8.67,-29.4,50.2,80.7,7.04,12.98,51.81,3.16,-2.3,-4.41,0.64,129110324.0,9.6,18.15,34.31,7.8,12.5,False,4,,12.3,4.7,True,,1.71,0.66,-0.01,12.979999542236328,False,False,False,0.7851134371274624,1.476519786597776,9.743847253829898,8.666662118794502,9.786194900132118,2.5595824070909208,7.821704829836541,,,,,4,False,12.5,,,n/d,n/d,,,,False,False,,,Em Alta,11.15999984741211,16.308241216027053,12.673602660221416,False,False,False,sem sinal (Em Alta)
PRIO3,BOVA11,BOVA11,Energia,47.54,45.34,60.0,,,0.9,,59.07,45.41,34.28,5.48,False,89,Não,,,False,3,8,False,,True,,False,,True,True,True,False,6,10,False,False,False,True,True,False,True,False,True,True,True,0.77,True,51158888448.0,14.47,1.98,0.0,0.18,13.71,30.11,10.92,18.11,6.02,1.73,2.17,1.34,0.9,1.08,2.57,189.4,6.43,6.59,0.25,59.83,40.17,34.2,72.1,87.6,-11.0,6.5,57.15,53.78,-27.7,36.3,53.6,40.82,72.1,24.71,2.29,56.8,-3.42,1.22,513940826.0,67.42,107.41,171.14,6.4,73.2,False,5,,34.8,8.5,True,2023,0.18,0.1,-0.03,64.1500015258789,False,False,False,0.8278844616015502,1.5569569068183993,60.63624550677185,56.84876958497229,60.00671041122187,2.1506673048056144,49.95941704661649,24.865461821336567,,,,5,False,73.2,,,n/d,n/d,,,,False,False,,,Lateral,65.68000030517578,-2.329474379092389,-12.099207214157758,False,False,False,sem sinal (Lateral)
RANI3,SMALL11+DIVO11,SMALL11,Materiais,47.06,50.55,27.272727272727273,,,1.0,,48.05,55.09,36.75,78.08,False,90,Não,,,False,3,8,False,,True,,False,False,False,False,False,False,3,11,False,True,True,False,False,False,True,False,False,True,True,0.8,True,1818102400.0,14.12,1.28,5.07,9.02,9.03,25.63,11.69,7.65,5.07,2.42,2.84,2.1,1.38,,127.35,-70.2,5.58,4.4,0.56,63.24,36.76,7.56,9.51,4.9,-16.6,0.6,8.17,8.28,-20.5,22.7,-4.8,7.56,9.51,-33.69,1.43,-8.7,-2.14,-0.74,4717655.0,5.6,7.49,10.02,6.2,5.8,True,6,,-0.0,8.4,False,,0.52,0.42,0.05,7.929999828338623,False,False,False,5.201726080489504,7.629198251384605,5.990556999689233,8.847938673190022,,4.907844434247283,1.5275920349207548,7.929999828338623,6.751210711223211,6.809877625536919,6.128889862983227,6,True,5.8,-22.712610395260725,-14.864932441775025,n/d,n/d,,,,False,False,,,Em Alta,8.050000190734863,-1.4906876963103,-18.27604139150212,False,False,False,sem sinal (Em Alta)
GGBR4,BOVA11,BOVA11,Materiais,46.59,48.39,36.36363636363637,,,1.0,,33.0,60.86,59.44,64.38,False,91,Não,Bandeira de alta,"Bandeira de alta (pré-confirmação) — pescoço R$24.81, preço 4.0% acima do pescoço; falta fechar acima e segurar",False,4,8,False,,True,,False,False,False,True,True,False,4,11,False,False,True,False,True,True,True,False,False,True,True,0.18,True,50594881536.0,22.8,0.95,3.1,7.05,4.18,12.63,10.03,3.22,5.5,0.97,1.33,2.87,0.28,0.31,160.64,73.5,8.97,5.03,1.04,34.14,65.6,16.33,26.1,57.9,-1.2,8.8,21.42,21.31,-26.3,29.3,28.7,17.08,26.1,-0.19,1.85,55.2,-2.62,1.24,211208867.0,28.05,40.8,59.36,9.0,2.9,True,8,,-5.4,4.2,False,2025,0.73,0.48,0.03,25.790000915527344,False,False,False,13.214676388071975,24.852117207245037,15.471081477339547,26.28532738013459,33.93421173095703,11.693289039877385,13.935649617513024,23.340437455791676,20.340848787116283,19.405759466565613,17.46518351990905,8,True,2.9,-32.27924428108951,-21.128933443078314,n/d,n/d,,,,False,False,,,Em Alta,26.100000381469727,-1.1877374000441532,-1.8645348489932267,False,False,False,sem sinal (Em Alta)
SAUD3,DIVO11+AUVP11,SMALL11,Healthcare,46.45,43.42,63.63636363636363,,,0.2,,49.63,9.28,65.73,56.16,True,92,Não,Fundo duplo,"Fundo duplo (pré-confirmação) — pescoço R$13.64, preço 12.5% acima do pescoço; falta fechar acima e segurar",False,6,8,False,,True,,False,False,False,True,False,True,7,11,False,True,True,False,True,True,True,True,True,True,True,-0.69,True,44875227136.0,42.59,2.4,1.37,6.21,5.63,39.67,4.59,9.86,24.17,-7.41,-18.52,1.06,0.01,,264.32,-19.6,9.03,5.03,0.66,34.2,65.77,10.39,15.99,47.8,-4.0,9.3,13.17,13.12,-21.2,37.6,38.7,10.39,15.99,9.81,2.37,13.5,-2.97,0.29,101941392.0,11.34,18.32,29.6,11.1,14.8,False,6,,9.3,6.1,True,2023,0.9,0.46,0.01,15.350000381469727,False,False,False,6.928362591300154,10.161598467240227,3.8444080160212195,7.201785942590655,,14.516166036785778,0.9803240440854111,6.454458798980486,,,,6,False,14.8,,,n/d,n/d,,,,False,False,,,Lateral,14.927860260009766,2.8278675852213775,-6.2781476040890904,False,False,False,sem sinal (Lateral)
ANIM3,SMALL11,SMALL11,Consumo discricionário,46.41,46.58,45.45454545454545,,,0.9,,44.09,64.28,23.87,58.9,False,93,Não,Bandeira de alta,"Bandeira de alta (pré-confirmação) — pescoço R$3.01, preço 29.3% acima do pescoço; falta fechar acima e segurar",False,4,8,False,,False,,False,False,False,False,True,True,5,11,True,False,True,False,True,False,True,False,False,False,False,1.75,False,1469876224.0,10.21,0.65,2.0,6.45,6.36,-2.07,14.6,3.71,3.46,3.35,3.15,1.49,2.02,4.71,65.9,205.2,5.27,6.53,0.35,72.15,22.61,1.93,5.17,101.6,-24.8,42.7,3.31,3.44,-62.7,70.4,20.5,1.93,5.17,-8.39,4.44,-10.9,-5.6,0.41,16016141.0,1.8,4.61,11.77,3.6,33.6,False,6,,4.1,5.8,False,,2.02,0.55,0.09,3.890000104904175,False,False,False,1.8261345835446003,2.2150727068593756,3.3610608675908447,7.162610297048228,3.2854891059976707,1.3243932609772824,1.565084815316166,44.462640324736334,,,,6,False,33.6,,,n/d,n/d,,,,False,False,,,Em Alta,3.3399999141693115,16.467072002055815,-26.443949826240953,False,False,False,sem sinal (Em Alta)
OPCT3,SMALL11,SMALL11,Bens Industriais,45.94,41.69,70.0,,,0.7,,60.1,21.98,40.25,10.96,False,94,Não,,,False,6,8,False,,False,,False,,True,False,True,True,7,10,True,True,True,False,True,True,True,False,False,False,True,0.66,True,4351223808.0,25.93,4.2,0.45,0.98,16.21,1.49,14.93,6.99,7.39,2.17,2.0,2.22,1.92,2.15,25.51,486.7,20.84,8.23,0.53,70.86,29.16,7.35,11.4,24.7,-19.6,-10.7,9.41,9.34,-26.9,35.0,11.8,8.2,11.4,-17.09,2.2,48.3,-3.12,0.3,15536364.0,7.0,10.99,17.26,9.5,11.2,False,6,,21.1,24.0,False,2025,0.87,0.48,0.02,9.170000076293945,False,False,False,0.6560557973821255,1.2338081608831584,4.836943174985547,4.168067031659181,4.618199058857083,1.8102938743977288,3.694911153571227,7.326576058137225,,,,6,False,11.2,,,n/d,n/d,,,,False,False,,,Em Baixa,11.3100004196167,-18.92131091004221,-21.690862114249533,False,False,False,sem sinal (Em Baixa; sem novo topo (-18.9%))
QUAL3,SMALL11,SMALL11,Cuidados de saúde,45.59,50.43,18.181818181818183,,,0.2,,52.0,73.37,37.25,12.33,True,95,Não,,,False,5,8,False,,False,,False,False,False,True,True,False,2,11,True,False,True,False,True,True,False,True,False,False,True,0.59,True,531798400.0,20.47,0.4,0.48,1.25,1.96,0.44,22.61,1.9,1.57,2.45,1.49,0.58,0.89,14.04,25.61,60.1,3.84,5.32,0.47,66.78,32.76,1.39,2.71,35.3,-30.5,15.0,1.92,1.98,-48.6,59.7,-18.2,1.39,2.62,-47.09,3.76,-39.2,-5.66,-0.39,5120239.0,0.67,1.43,3.07,8.5,18.2,False,6,,-9.9,-7.5,False,,1.82,0.59,0.12,1.8799999952316284,False,False,False,0.17106868512810486,0.19415010146827144,0.758061450049974,3.116450191698409,0.2488161105678162,0.5411185514565526,0.33550980260036906,,,,,6,False,18.2,,,n/d,n/d,,,,False,False,,,Em Alta,1.7100000381469727,9.941517736389915,-32.995221857065395,False,False,False,sem sinal (Em Alta)
VALE3,BOVA11+DIVO11+Wishlist,BOVA11,Materiais,45.35,50.15,18.181818181818183,,,1.0,,48.31,44.44,43.68,85.62,False,96,Não,,,False,4,8,False,,True,,False,False,False,True,False,False,2,11,True,False,True,False,False,True,True,False,False,True,True,0.41,True,303861465088.0,30.57,1.61,7.86,10.47,5.27,24.52,18.11,4.76,4.26,1.04,0.79,1.19,0.55,,320.08,-43.5,8.54,7.92,0.39,60.3,38.73,53.9,87.63,32.5,-18.5,-5.3,75.64,73.66,-20.6,26.7,1.4,69.61,87.63,-27.49,1.68,45.9,-2.69,0.68,1487539019.0,67.24,94.69,133.35,10.1,14.1,False,6,,-4.3,0.9,False,,0.71,0.51,-0.09,71.4000015258789,False,False,False,54.36927964443175,79.74161014516658,24.913314238666718,48.275727005609745,,44.166666666666664,6.352895130860014,89.34204300500011,,,,6,False,14.1,,,2026-10-29,2026-08-12,última,"A mineradora VALE3 apresenta um quadro operacional misto, onde a eficiência na alocação de capital medida pelo ROIC de 18,1% situa-se bem acima da média setorial de 9,2%, sugerindo forte vantagem competitiva, embora o ROE de 5,3% fique ligeiramente abaixo dos pares de 5,6%. Essa qualidade operacional, contudo, não convive com múltiplos puramente descontados, visto que o P/L de 30,57 indica um preço esticado frente aos lucros atuais, enquanto o P/VP de 1,61 aponta para um prêmio patrimonial moderado. No âmbito financeiro, a excelente rentabilidade operacional suporta com folga o endividamento saudável, evidenciado pela relação Dívida Líquida/EBITDA de 1,04, que está confortavelmente abaixo da média do setor de 1,76. O pagamento de dividendos expressivo, com um dividend yield de 7,86%, mostra-se sustentável diante da baixa alavancagem financeira e da robusta geração de caixa, mesmo com a margem líquida pressionada em 4,76%. Por outro lado, o crescimento histórico é o principal ponto de atenção, com o CAGR de receita de 5 anos em queda acentuada de -43,5%, muito abaixo do setor, sendo que a análise por janelas temporais revela uma trajetória de -4,3% em 3 anos e uma leve recuperação de 0,9% no último ano, o que exige checagem manual detalhada sobre as variações atípicas desse período de forte oscilação. Diante disso, o crescimento implícito de 10,1% ao ano embutido no preço atual pelo fluxo de caixa descontado reverso mostra-se bastante exigente quando comparado ao histórico recente de retração da companhia. Essa pressão se reflete no checklist de critérios fundamentalistas, no qual a empresa atende a apenas 4 dos 8 requisitos avaliados, penalizada principalmente pela ausência de crescimento superior ao setor e pelas vendas de papéis por parte de iniciados. No campo do valuation, os modelos de preço-teto apresentam uma dispersão extremamente alta, variando desde os conservadores R$ 24,91 pelo fluxo de caixa descontado e R$ 48,28 por Graham, até os otimistas R$ 79,74 pelo modelo de Gordon, o que demanda cautela extra do analista na definição de uma margem de segurança. Em balanço, a VALE3 destaca-se positivamente pelo ROIC elevado, endividamento sob controle e proventos atrativos, mas contrapõe-se negativamente pelo fraco desempenho histórico de receita, múltiplos de lucros elevados e desalinhamento nas transações de insiders.

Gatilho de falseamento: ROIC abaixo de 9,2% no fechamento anual.",,True,False,,,Em Baixa,75.4800033569336,-5.405407590883337,-19.882643164783843,False,False,False,sem sinal (Em Baixa; sem novo topo (-5.4%))
SUZB3,BOVA11,BOVA11,Materiais,44.97,49.7,18.181818181818183,,,1.0,,51.27,71.2,29.78,28.77,False,97,Não,Fundo duplo,"Fundo duplo (pré-confirmação) — pescoço R$43.32, preço 3.1% abaixo do pescoço; falta fechar acima e segurar",False,5,8,False,,False,,False,False,True,False,False,False,2,11,True,True,False,True,False,False,True,True,True,True,False,1.68,False,51676286976.0,6.49,1.07,0.01,3.06,16.44,27.73,5.54,17.08,6.09,3.68,9.14,3.38,1.99,0.49,19.88,-64.0,5.77,3.15,0.57,73.83,26.09,39.68,58.97,5.7,-28.9,-2.7,47.16,47.06,-32.7,28.8,-19.1,39.68,58.97,-47.99,1.82,-4.0,-2.53,-0.86,265397066.0,25.0,36.04,51.95,-1.4,11.2,False,5,,0.2,5.7,False,2025,0.28,0.19,-0.02,41.959999084472656,False,False,False,9.347284706287603,17.57892575408281,88.42904523990458,75.52878385548752,104.9640761202327,16.119965820407575,72.08842506431948,24.170672850539255,,,,5,False,11.2,,,n/d,n/d,,,,False,False,,,Lateral,48.58000183105469,-13.62701213887194,-29.64918820334008,False,False,False,sem sinal (Lateral)
RADL3,BOVA11,BOVA11,Bens de primeira necessidade,44.53,42.76,54.54545454545455,,,0.0,,62.1,20.2,41.98,13.7,True,98,Não,,,False,6,8,False,,True,,False,False,True,False,True,True,6,11,True,True,True,False,True,True,True,False,False,True,True,1.09,True,37226336256.0,27.79,5.12,1.69,1.45,18.41,18.18,16.71,2.88,7.91,2.06,1.69,1.41,1.18,2.52,40.21,14.4,18.26,7.8,0.84,70.85,29.09,16.14,26.71,31.9,-20.3,15.4,20.38,20.9,-39.6,36.8,-9.2,16.14,26.71,-38.09,2.32,14.3,-3.73,0.35,216419088.0,16.2,25.94,41.51,9.8,6.3,True,7,,15.0,13.8,True,,1.22,0.64,0.17,21.290000915527344,False,False,False,2.2402263810902197,4.213070903792252,10.478311284151404,8.466183655028397,9.541526562950219,7.1857288338723695,7.480985432696937,14.014795630940336,8.768657471918845,8.466183655028397,7.619565289525557,7,True,6.3,-64.21059200627646,-58.813259300878485,n/d,n/d,,,,False,False,,,Lateral,20.610000610351562,3.2993706212422147,-21.51781091818725,False,False,False,sem sinal (Lateral)
SLCE3,SMALL11,SMALL11,Bens de primeira necessidade,44.45,47.48,27.272727272727273,,,0.0,,51.59,41.25,37.24,65.07,True,99,Não,Bandeira de alta,"Bandeira de alta (pré-confirmação) — pescoço R$16.91, preço 0.1% acima do pescoço; falta fechar acima e segurar",False,2,8,False,,True,,False,False,False,False,True,False,3,11,False,False,False,False,True,False,True,False,False,True,True,1.87,True,8391648768.0,21.73,1.56,4.76,7.05,7.16,17.38,10.84,4.41,6.72,4.42,5.6,2.2,1.82,0.9,153.19,24.2,11.53,6.41,0.63,73.5,23.57,12.62,19.32,34.1,-12.4,12.8,15.11,15.36,-34.7,26.4,14.4,12.62,19.32,-14.49,1.66,18.6,-2.46,0.37,54878053.0,14.79,20.7,28.98,8.7,2.7,True,8,,0.8,25.1,False,,0.41,0.3,-0.01,16.920000076293945,False,False,False,8.674736608988482,16.31410142916221,10.64988203071216,13.784767877052191,23.359411057929975,11.363478682773742,9.592931474456577,10.970151614440871,13.088682596939528,11.166815148607306,10.050133633746576,8,True,2.7,-40.60204734970725,-22.643720225051013,n/d,n/d,,,,False,False,,,Lateral,17.989999771118164,-5.94774712861329,-13.141681345483702,False,False,False,sem sinal (Lateral)
ECOR3,SMALL11,SMALL11,Bens Industriais,44.04,38.98,72.72727272727273,,,0.7,,47.82,39.37,27.81,20.55,False,100,Não,Bandeira de alta,"Bandeira de alta (pré-confirmação) — pescoço R$9.12, preço 35.3% acima do pescoço; falta fechar acima e segurar",False,2,8,False,,True,,False,True,True,False,False,True,8,11,False,True,False,False,False,False,True,False,False,True,False,5.91,False,8577010176.0,15.72,2.09,2.45,2.52,13.28,19.86,11.52,4.59,5.83,4.62,5.52,2.52,6.64,1.96,39.67,-89.7,19.89,6.86,0.19,88.21,11.06,5.87,12.33,110.1,0.0,65.4,8.22,8.54,-50.0,51.1,21.7,5.87,12.33,-7.19,3.22,5.6,-3.96,0.96,86744617.0,10.71,20.31,38.51,6.9,9.6,False,6,,23.9,16.7,True,2023,2.05,0.77,0.08,12.329999923706055,False,False,False,2.2627185113847106,4.255370619797698,10.72789946575426,10.20363509949821,8.263618143145116,1.8343911135908637,6.155488950817394,17.54266400395282,,,,6,False,9.6,,,n/d,n/d,,,,False,False,,,Em Alta,9.890000343322754,24.67138013833001,3.329923094566478,False,False,False,sem sinal (Em Alta)
RENT3,BOVA11,BOVA11,Bens Industriais,43.38,39.81,63.63636363636363,,,0.7,,52.69,34.11,18.67,38.36,False,101,Não,,,False,2,8,False,,True,,False,True,True,False,True,True,7,11,False,True,False,False,False,False,True,False,False,False,False,1.34,True,55297024000.0,16.44,2.08,4.22,3.79,12.63,7.58,12.27,7.39,6.16,4.1,4.6,1.14,1.71,3.46,62.35,24.5,11.33,6.27,0.33,70.15,29.84,31.57,50.82,58.6,-1.5,31.3,40.95,41.24,-37.9,44.0,19.8,31.57,50.82,-9.09,2.77,-5.0,-3.64,0.53,456201790.0,38.0,66.01,114.66,7.2,3.9,True,8,,32.9,12.1,True,,1.86,0.81,0.12,50.060001373291016,False,False,False,13.807515719899898,22.11102933051402,35.46335015318206,40.6068725279988,26.02828447845737,49.1833957268646,17.549651056494493,54.43837995882834,32.39855986902995,30.745817315819714,27.671235584237742,8,True,3.9,-44.723861715670196,-35.28054538505094,n/d,n/d,,,,False,False,,,Em Alta,41.47999954223633,20.684671952125356,-3.5878920839729878,False,False,False,sem sinal (Em Alta)
BBAS3,BOVA11+DIVO11+Carteira,BOVA11,Produtos financeiros,43.1,46.78,22.22222222222222,14.56,,0.4,,37.76,49.41,50.86,72.6,False,102,Não,Bandeira de alta,"Bandeira de alta (pré-confirmação) — pescoço R$23.07, preço 14.1% acima do pescoço; falta fechar acima e segurar",False,2,6,False,,True,,False,False,False,,False,False,2,9,False,False,False,,False,,True,True,True,True,True,,True,150314631168.0,10.42,0.83,2.62,8.48,7.99,14.73,0.0,21.83,,,,,,11.24,88.39,-13.8,6.1,0.79,,92.12,7.71,17.71,27.18,48.7,-3.1,28.4,21.31,21.69,-34.8,31.1,24.3,17.71,27.18,-4.59,1.96,5.6,-2.85,0.39,821528866.0,21.9,32.54,48.36,3.8,1.3,True,4,,6.1,1.6,True,,1.26,0.78,-0.03,26.329999923706055,False,False,False,16.244210500556505,17.580616010150944,19.88913613496448,42.46872387312768,23.778905176740057,15.494091844430034,8.372870463553484,,17.302013622525493,16.912413255353727,15.221171929818354,4,True,1.3,-42.19076348680858,-34.287832614280674,2026-11-11,2026-09-02,última,"A análise fundamentalista do Banco do Brasil (BBAS3) revela uma intrigante desconexão entre a qualidade operacional recente e os múltiplos de valuation praticados pelo mercado. O retorno sobre o patrimônio líquido de 8,0% e o retorno sobre o capital investido de 0,0% situam-se significativamente abaixo dos pares do setor de produtos financeiros, que registram médias de 18,4% e 2,2%, respectivamente. Essa rentabilidade deprimida convive com um preço sobre lucro de 10,42 e um preço sobre valor patrimonial de 0,83, indicando que o desconto patrimonial do papel reflete diretamente a sua baixa eficiência atual em gerar valor sobre o capital empregado. Embora a margem líquida seja robusta em 21,83%, o dividend yield de 2,62% mostra-se tímido e coerente com a atual fase de transição, uma vez que a sustentabilidade dos proventos é limitada pelo fraco desempenho operacional recente e pela ausência de forte geração de caixa livre. No campo do crescimento, a receita apresenta uma contração anual de 13,8% nos últimos cinco anos, destoando da expansão média setorial de 12,7%, sendo que a análise das janelas temporais de três anos para um ano (de 6,1% para 1,6%) confirma que o indicador está explicitamente desacelerando. Diante disso, o checklist de critérios fundamentalistas é severo, com a empresa atendendo a apenas dois dos seis requisitos avaliados, penalizada principalmente por não conseguir superar a taxa Selic ou a média dos concorrentes em termos de rentabilidade. O crescimento implícito de 3,8% ao ano embutido no preço atual de 26,33 reais, calculado via fluxo de caixa descontado reverso, configura um patamar exigente para uma instituição que vem entregando retração estrutural de receita no longo prazo. Quanto às referências de valuation, os preços-teto calculados revelam uma dispersão acentuada entre a abordagem patrimonialista de Graham, que alcança 42,47 reais, e os modelos focados em fluxo de caixa e dividendos, como Bazin e Gordon, que ficam abaixo de 18,00 reais. Essa divergência resulta em uma média de preço-teto de 17,30 reais e um valor ajustado com margem de segurança de 15,22 reais, o que aponta para um expressivo potencial de desvalorização de 42,2% frente à cotação atual de mercado. Em suma, o ativo traz como pontos positivos a sua forte escala de mercado e a manutenção de uma margem líquida saudável, mas peca gravemente pela rentabilidade abaixo do custo de oportunidade, pela desaceleração recente de receita e por um preço de tela que já exige uma recuperação operacional não condizente com o histórico recente.

Gatilho de falseamento: margem líquida abaixo de 15,0% ou retorno sobre o patrimônio líquido abaixo de 8,0% no fechamento anual do próximo exercício.",,False,True,22.29,18.12,Em Alta,23.719999313354492,11.00337557295845,-3.925401502994208,False,False,False,sem sinal (Em Alta)
NATU3,BOVA11+SMALL11,BOVA11,Bens de primeira necessidade,42.59,46.19,22.22222222222222,,,0.0,P/L=-4.09<2,38.76,70.74,54.26,2.05,True,103,Não,,,False,2,8,False,,False,,,,False,True,False,False,2,9,False,False,False,False,False,True,True,False,False,True,True,0.35,True,10849329152.0,-4.09,0.86,0.0,0.0,-21.11,16.32,10.18,-12.47,4.79,2.58,3.48,1.68,0.54,,,-88.9,8.36,2.55,0.77,55.21,44.79,6.55,10.7,20.6,-26.2,-6.8,8.59,8.68,-38.8,46.2,9.7,6.55,10.7,-19.19,2.91,-3.7,-4.17,-0.4,68996335.0,3.75,6.79,12.3,,1.0,True,1,,18.7,2.6,True,"2023, 2024",1.17,0.49,0.0,7.900000095367432,,False,False,,,,,,,,11.89546994321214,11.89546994321214,11.89546994321214,10.705922948890926,1,True,1.0,35.518010375327606,50.57556708369732,n/d,n/d,,,,False,False,,,Em Baixa,8.029999732971191,-1.6189245569957045,-29.147978783439974,False,False,False,sem sinal (Em Baixa; sem novo topo (-1.6%))
AXIA3,BOVA11+Carteira,BOVA11,Serviços públicos,41.96,38.14,63.63636363636363,,,0.1,,39.09,24.85,49.06,45.21,True,104,Não,Bandeira de alta,"Bandeira de alta (pré-confirmação) — pescoço R$56.00, preço 9.6% acima do pescoço; falta fechar acima e segurar",False,3,8,False,,True,,False,False,False,True,True,True,7,11,False,False,False,True,False,True,True,False,True,False,True,0.54,True,140825853952.0,14.4,1.42,2.51,4.28,9.86,5.35,3.25,27.05,16.93,2.95,7.36,2.05,0.63,3.8,61.58,9.7,10.36,3.03,0.39,57.63,42.34,48.65,67.15,26.2,-8.6,15.5,54.78,55.86,-27.0,38.0,22.8,49.43,67.15,-6.09,2.39,7.9,-3.11,0.32,788243026.0,44.16,73.6,122.66,6.4,3.4,True,8,,6.6,2.7,True,,1.32,0.67,0.05,61.380001068115234,False,False,False,19.09056202325269,27.347685190815724,44.408239769758666,64.38619083574146,34.375056533596045,22.028613863390394,21.927581813491035,27.803058588025824,32.67087357725898,27.575371889420772,24.817834700478695,8,True,3.4,-59.56690409154996,-46.77277124677283,2026-11-04,2025-11-17,última,"A análise fundamentalista da AXIA3 revela uma empresa do setor de serviços públicos que opera com indicadores de rentabilidade abaixo de seus pares, visto que seu ROE de 9,9% e seu ROIC de 3,2% não superam as médias setoriais de 12,1% e 9,6%, respectivamente. Essa rentabilidade contida convive com múltiplos de preço esticados, como o P/L de 14,4 e o P/VP de 1,42, sugerindo que o mercado cobra um prêmio que não se justifica pela eficiência atual do capital. No âmbito financeiro, a relação entre rentabilidade e endividamento mostra-se equilibrada, pois a empresa mantém uma estrutura de capital controlada com Dívida Líquida/EBITDA de 2,95 vezes, patamar abaixo do limite prudencial e da média do setor de 3,4 vezes, além de uma sólida liquidez corrente de 2,05. Por outro lado, o dividendo distribuído é tímido, com um dividend yield de apenas 2,51%, o qual, embora sustentável frente ao endividamento comportado, reflete a fraca geração de retorno sobre o patrimônio. O crescimento histórico da receita em cinco anos, de 9,7%, fica muito aquém da média setorial de 37,6%, e a análise das janelas temporais de três anos para um ano aponta uma clara trajetória de desaceleração, passando de 6,6% para 2,7%, o que representa um forte sinal de alerta para o investidor de longo prazo. Diante disso, o checklist de critérios fundamentalistas mostra-se bastante restritivo, com a AXIA3 atendendo a apenas 3 dos 8 requisitos avaliados, penalizada principalmente pela rentabilidade inferior à taxa Selic e aos concorrentes. Sob a ótica do valuation, o preço atual de R$ 61,38 situa-se bem acima das referências calculadas, apresentando uma ampla dispersão entre os métodos, que vão desde R$ 19,09 pelo modelo de Bazin até R$ 64,39 pelo critério de Graham, resultando em uma média de R$ 32,67 e um expressivo upside negativo de 59,6% contra o preço-teto ajustado de R$ 24,82. Adicionalmente, o crescimento implícito de 6,4% ao ano embutido no preço atual via fluxo de caixa descontado reverso mostra-se bastante exigente e difícil de se concretizar, especialmente quando confrontado com a recente taxa de expansão de apenas 2,7% no último ano. Como prós, destacam-se a robusta liquidez de curto prazo e o endividamento sob controle abaixo da média dos pares; como contras, pesam a rentabilidade deprimida, a nítida desaceleração no crescimento das receitas e o valuation esticado frente à média dos modelos de fluxo de caixa e dividendos.

Gatilho de falseamento: a margem líquida reportada abaixo de 27,05% no fechamento anual de 2026 invalidaria a premissa de estabilidade operacional que ainda sustenta a avaliação do papel.",,False,True,59.55,3.07,Em Alta,56.900001525878906,7.87346119876422,-9.522399201792553,False,False,False,sem sinal (Em Alta)
USIM5,BOVA11+SMALL11,BOVA11,Materiais,41.39,45.49,18.181818181818183,,,1.0,P/L=-4.03<2,9.76,90.32,71.0,43.15,False,105,Não,,,False,4,8,False,,False,,False,False,False,True,True,False,2,11,False,False,False,False,True,True,True,True,False,False,True,-0.02,True,9182832640.0,-4.03,0.45,0.0,4.15,-11.18,-0.65,4.67,-9.36,3.74,-0.18,-0.44,4.44,0.27,,,301.7,5.62,1.64,1.4,33.58,58.33,4.25,12.04,75.5,-38.0,-10.0,6.78,7.07,-49.6,46.4,24.7,5.98,12.04,-4.19,2.92,73.8,-4.35,1.08,73919910.0,7.03,12.7,22.95,,4.4,True,3,,-6.8,1.5,False,2025,0.78,0.32,0.03,7.460000038146973,False,False,False,2.2497219403808457,4.2309286814259135,,,,,,9.994220869378559,5.491623830395106,4.2309286814259135,3.8078358132833223,3,True,4.4,-48.95662474783084,-26.38573991536871,n/d,n/d,,,,False,False,,,Lateral,7.480000019073486,-0.2673794234694493,-38.75205376655933,False,False,False,sem sinal (Lateral)
FRAS3,SMALL11,SMALL11,Consumo discricionário,41.24,40.5,45.45454545454545,,,0.9,,52.93,17.96,46.25,29.45,False,106,Não,Bandeira de alta,"Bandeira de alta (pré-confirmação) — pescoço R$23.04, preço 9.6% acima do pescoço; falta fechar acima e segurar",True,6,8,False,,True,,False,False,True,False,True,False,5,11,True,False,True,False,True,True,True,True,False,True,True,0.6,True,7002711552.0,24.16,2.81,2.44,3.06,11.62,14.99,15.27,5.39,8.05,1.64,1.48,2.41,1.13,8.01,74.04,155.0,16.19,6.92,0.72,65.64,34.06,18.96,25.25,33.2,0.0,16.4,22.2,22.36,-24.2,28.4,6.0,18.96,25.25,-22.89,1.79,3.6,-2.66,0.17,4548881.0,20.31,29.17,41.91,9.2,3.0,True,8,,21.5,38.5,False,,0.84,0.57,0.08,25.25,False,False,False,5.6279417380565535,7.426788878685357,10.030284230240147,14.536204247156894,6.355191141756797,8.709622796201035,4.860125008915671,11.75050961208161,8.662083456636758,8.068205837443196,7.261385253698877,8,True,3.0,-71.24203859921236,-65.69471898361681,n/d,n/d,,,,False,False,,,Em Alta,23.56999969482422,7.127706096426878,0.503321741868934,False,False,False,sem sinal (Em Alta) · ⚡ cruzamento de médias (MM21>MM30) hoje
PNVL3,SMALL11,SMALL11,Bens de primeira necessidade,41.06,35.47,72.72727272727273,,,0.0,,35.2,40.45,35.96,23.29,True,107,Não,Bandeira de alta,"Bandeira de alta (pré-confirmação) — pescoço R$12.84, preço 13.0% acima do pescoço; falta fechar acima e segurar",False,4,8,False,,True,,False,False,True,False,True,True,8,11,False,True,False,False,True,False,True,True,False,False,True,0.84,True,2167440384.0,15.85,1.66,2.96,2.71,10.45,8.49,9.66,2.33,6.46,4.17,5.94,1.75,1.07,2.66,42.88,17.6,9.47,4.98,0.9,66.54,33.46,8.73,15.91,66.2,-8.8,24.7,11.71,11.86,-35.3,37.2,24.5,10.3,15.91,-4.39,2.35,40.3,-3.13,1.02,11214311.0,14.13,22.71,36.5,7.0,4.7,True,8,,11.4,11.5,False,,1.42,0.73,0.13,14.510000228881836,False,False,False,2.8551156705066427,5.346277885500202,12.467037774482312,13.418068388886294,7.940921151147802,5.679356635726427,5.987059109106842,11.019542277197209,8.089172361569217,6.963990130127322,6.26759111711459,8,True,4.7,-56.805023995526284,-44.25105283273603,n/d,n/d,,,,False,False,,,Em Alta,13.151110649108887,10.332888347076796,-10.083117818129839,False,False,False,sem sinal (Em Alta)
ENGI11,BOVA11,BOVA11,Serviços públicos,40.5,41.23,36.36363636363637,,,0.1,,49.66,36.84,23.01,50.68,True,108,Não,Bandeira de alta,"Bandeira de alta (pré-confirmação) — pescoço R$52.97, preço 18.7% acima do pescoço; falta fechar acima e segurar",False,3,8,False,,True,,False,False,False,False,True,False,4,11,False,False,True,False,False,False,True,True,False,True,True,2.32,True,19249887232.0,20.87,1.62,1.81,5.38,7.78,17.19,10.25,4.13,6.61,4.32,5.79,1.56,1.99,2.64,112.27,7.9,28.62,4.83,0.34,74.62,23.0,42.54,62.85,47.7,0.0,29.6,48.47,49.05,-24.1,30.4,34.9,43.67,62.85,6.01,1.91,14.6,-2.65,0.81,162828247.0,60.03,88.14,129.4,8.5,5.8,True,7,,10.2,5.1,True,,1.39,0.88,0.04,62.849998474121094,False,False,False,24.589670536853454,46.24444491285666,41.18954411027921,51.27170959594327,39.99151690595552,24.816999999999997,23.41742156850818,136.10500286582197,35.931615375770896,39.99151690595552,35.99236521535997,7,True,5.8,-42.73290996151724,-42.829568419852905,n/d,n/d,,,,False,False,,,Em Alta,55.150001525878906,13.961916110970552,7.250908964559444,False,False,False,sem sinal (Em Alta)
EMBJ3,BOVA11,BOVA11,Bens Industriais,40.36,33.37,80.0,,,0.7,,42.92,13.22,49.3,8.9,False,109,Não,Bandeira de alta,"Bandeira de alta (pré-confirmação) — pescoço R$99.20, preço 4.2% abaixo do pescoço; falta fechar acima e segurar",False,5,8,False,,False,,False,,True,True,True,True,8,10,False,True,False,False,True,True,True,True,False,False,True,0.14,True,67624148992.0,30.2,3.93,1.26,0.84,13.01,5.09,9.61,5.28,11.49,0.52,0.75,1.44,0.69,3.11,25.32,113.9,16.59,3.7,0.82,70.5,26.66,68.24,103.35,39.2,-8.1,10.1,85.01,85.64,-34.0,37.8,7.9,68.24,103.35,-20.99,2.38,19.6,-3.3,0.31,495954690.0,69.8,113.94,186.0,10.1,8.7,False,6,,18.6,18.5,True,,0.57,0.29,0.0,95.0,False,False,False,5.791781700061159,10.892286229469857,43.024994659260834,41.363294077741564,33.2017099012316,17.699443943455403,28.11771423875716,50.386378830054724,,,,6,False,8.7,,,n/d,n/d,,,,False,False,,,Lateral,101.5199966430664,-6.422376732329916,-9.418283088691714,False,False,False,sem sinal (Lateral)
UNIP6,SMALL11+DIVO11,SMALL11,Materiais,39.56,43.33,18.181818181818183,,,1.0,,50.03,16.6,35.03,96.58,False,110,Não,,,False,4,8,False,,True,,False,False,True,False,False,False,2,11,False,True,True,False,False,False,True,True,False,True,True,1.25,True,6440560640.0,24.49,3.27,11.23,15.8,13.34,34.18,11.66,5.09,8.83,2.72,3.21,2.39,1.85,,386.92,-46.1,17.88,4.48,0.47,74.89,24.93,53.05,71.62,8.7,-19.5,-3.1,60.64,61.18,-25.5,29.8,-0.9,55.19,71.62,-29.79,1.88,-12.7,-2.82,-0.73,13047527.0,34.73,50.94,74.7,9.3,15.2,False,5,,-10.9,-5.3,False,,0.61,0.39,0.11,57.66999816894531,False,False,False,66.2643491870459,97.18771214100065,25.11827877237308,30.568415495329354,,30.880988826991217,6.405161086955135,22.167123703658763,,,,5,False,15.2,,,n/d,n/d,,,,False,False,,,Lateral,58.13999938964844,-0.8083956409308257,-20.670714604414965,False,False,False,sem sinal (Lateral)
SMFT3,BOVA11+SMALL11,BOVA11,Consumo discricionário,39.33,36.64,54.54545454545455,,,0.9,,48.35,39.2,13.4,23.97,False,111,Não,Fundo triplo,"Fundo triplo (pré-confirmação) — pescoço R$17.97, preço 16.4% acima do pescoço; falta fechar acima e segurar",False,1,8,False,,False,,False,False,True,False,False,True,6,11,False,False,False,False,False,False,True,False,True,False,False,1.83,False,12798569472.0,18.77,2.12,4.83,2.73,11.3,9.4,10.6,8.53,4.49,4.32,5.6,1.2,2.24,3.4,51.17,-6.3,10.4,5.98,0.3,73.66,26.34,16.55,25.93,26.4,-19.4,12.9,19.64,20.32,-36.2,40.8,-8.0,16.55,23.32,-36.89,2.57,-28.4,-3.23,-0.59,118002744.0,10.41,17.42,29.15,8.0,9.0,False,6,,35.2,29.8,True,2023,1.44,0.68,0.08,20.90999984741211,False,False,False,4.145464458800234,7.306465034601918,14.279768706058682,15.723355070528626,9.184085001202005,12.817165531972883,6.964394706977002,37.34041679443222,,,,6,False,9.0,,,n/d,n/d,,,,False,False,,,Em Alta,17.6299991607666,18.604655943176375,-20.13010922421623,False,False,False,sem sinal (Em Alta)
MOVI3,SMALL11,SMALL11,Bens Industriais,39.19,41.29,27.272727272727273,,,0.7,,46.52,49.03,13.09,54.79,False,112,Não,,,False,5,8,False,,False,,False,False,True,False,True,False,3,11,True,True,True,False,True,False,True,False,False,False,False,5.24,False,5723535872.0,13.27,1.47,4.56,5.72,11.08,3.58,13.78,2.89,4.01,3.65,3.64,0.68,6.43,4.97,75.9,97.0,6.03,6.78,0.22,91.5,8.5,6.5,14.83,107.7,-9.0,57.1,9.62,10.02,-56.2,67.4,36.4,6.5,14.83,7.51,4.25,-4.0,-5.96,0.82,97306661.0,9.25,21.61,50.46,5.8,22.4,False,7,,16.4,8.8,True,,2.49,0.71,0.14,13.5,False,False,False,5.6154865783150125,7.1551422336216355,9.427380264392442,14.498761260723041,8.535457324676448,14.643206392802309,4.505926908654109,100.817801520011,,,,7,False,22.4,,,n/d,n/d,,,,False,False,,,Em Alta,10.850000381469727,24.42395875908079,-9.81964088715791,False,False,False,sem sinal (Em Alta)
HAPV3,BOVA11+SMALL11,BOVA11,Cuidados de saúde,38.58,34.8,60.0,,,0.2,P/L=-25.36<2,11.76,78.43,47.08,4.79,True,113,Não,Fundo duplo,"Fundo duplo (pré-confirmação) — pescoço R$7.33, preço 19.5% acima do pescoço; falta fechar acima e segurar",False,2,8,False,,False,,False,,False,True,True,True,6,10,False,False,False,False,True,False,True,False,False,False,True,0.17,True,4161770496.0,-25.36,0.09,0.0,0.05,-0.36,-1.11,2.12,-0.55,4.74,3.07,7.69,1.84,0.33,,,41.3,7.96,1.55,0.45,33.25,66.74,6.09,36.13,43.8,-75.8,-7.6,11.57,13.9,-83.1,81.1,-39.8,6.09,16.49,-68.69,5.11,-79.5,-6.42,-1.43,53870944.0,0.67,2.15,6.89,,566.7,False,2,,10.0,9.2,True,,1.7,0.4,0.03,8.760000228881836,False,False,False,0.028687034240966358,0.05395013213704319,,,,,,16.25573706411897,,,,2,False,566.7,,,n/d,n/d,,,,False,False,,,Em Alta,7.800000190734863,12.307692495793754,-76.01970839964412,False,False,False,sem sinal (Em Alta)
CBAV3,SMALL11,SMALL11,Materiais,37.48,39.28,27.272727272727273,,,1.0,,37.81,46.95,38.58,28.08,False,114,Não,,,False,4,8,False,,False,,False,False,True,True,True,False,3,11,False,True,False,False,True,False,True,True,False,False,True,0.57,True,7350610944.0,12.29,1.45,0.39,3.04,11.81,-1.32,6.25,6.41,6.57,1.95,4.29,2.06,0.89,1.66,37.37,28.1,9.65,3.49,0.48,67.68,30.73,3.52,11.29,221.2,0.0,3.1,10.52,9.24,-15.2,30.9,61.0,7.01,11.29,32.11,1.95,217.2,-2.26,3.5,23328967.0,24.69,36.43,53.76,5.2,16.0,False,6,,-0.1,7.5,False,,0.15,0.09,0.02,11.289999961853027,False,False,False,2.4967526488293537,4.6955057879597195,12.564529210282904,12.686016062655613,9.587998198475633,0.7920847669808695,6.847252662040021,7.625754059066172,,,,6,False,16.0,,,n/d,n/d,,,,False,False,,,Em Alta,11.279999732971191,0.08865451346249387,0.0,False,False,False,sem sinal (Em Alta)
RAPT4,SMALL11,SMALL11,Bens Industriais,36.91,40.21,18.181818181818183,,,0.7,P/L=-6.25<2,18.86,83.77,30.97,45.89,False,115,Não,Fundo duplo,"Fundo duplo (pré-confirmação) — pescoço R$5.14, preço 20.4% acima do pescoço; falta fechar acima e segurar",False,1,8,False,,False,,False,False,False,False,True,False,2,11,False,False,False,False,False,False,True,False,False,False,False,1.87,False,2158377472.0,-6.25,0.72,0.0,4.31,-11.45,8.95,9.51,-2.65,4.13,3.04,4.4,2.12,2.11,,,0.9,6.48,5.22,0.76,74.66,17.25,4.35,6.84,42.3,-9.5,26.8,5.32,5.49,-36.4,42.8,13.4,4.35,6.84,-15.49,2.7,-21.2,-4.1,-0.07,16778101.0,3.64,6.29,10.89,,9.7,False,2,,5.6,10.3,False,2025,1.41,0.64,0.0,6.190000057220459,False,False,False,1.941625848368625,2.0963137442649193,,,,,,18.782997199564285,,,,2,False,9.7,,,n/d,n/d,,,,False,False,,,Em Alta,5.46999979019165,13.162711053844166,-11.823360768677805,False,False,False,sem sinal (Em Alta)
CASH3,SMALL11,SMALL11,Comunicação,36.88,32.8,60.0,,,0.4,P/L=-5.35<2,0.88,62.25,83.17,2.05,False,116,Não,Bandeira de alta,"Bandeira de alta (pré-confirmação) — pescoço R$5.35, preço 3.6% abaixo do pescoço; falta fechar acima e segurar",False,2,8,False,,False,,False,,False,True,True,True,6,10,False,False,False,False,True,True,False,False,False,False,True,-0.29,True,537526784.0,-5.35,1.25,0.0,0.0,-23.45,-3.01,-16.62,-20.31,-8.23,-1.12,-2.8,2.68,0.0,,,18.2,6.0,9.61,1.74,18.27,80.69,3.24,5.91,59.3,-12.7,9.5,4.14,4.28,-33.2,50.8,34.7,3.24,5.91,5.81,3.2,30.6,-4.8,0.43,6415386.0,3.39,6.47,12.35,,,True,0,,12.9,26.1,False,,0.68,0.26,0.02,5.159999847412109,False,False,False,,,,,,,,,,,,0,True,,,,n/d,n/d,,,,False,False,,,Lateral,5.730000019073486,-9.947646941780341,-14.000002543131506,False,False,False,sem sinal (Lateral)
BRAP4,BOVA11+SMALL11+DIVO11,BOVA11,Basic Materials,36.66,37.25,33.333333333333336,,,1.0,DY5a=24.4%>=20,13.58,49.89,74.72,,False,117,Não,Fundo triplo,"Fundo triplo (pré-confirmação) — pescoço R$22.00, preço 3.7% abaixo do pescoço; falta fechar acima e segurar",False,4,6,False,,True,,False,False,False,True,,False,3,9,False,True,True,False,,,True,True,False,True,True,,True,8329717248.0,14.25,1.03,11.12,24.38,7.26,23.82,-0.47,0.0,-216.97,,,5.68,0.0,1.96,347.43,,2.83,-0.74,,4.4,95.6,15.14,25.49,40.0,-16.9,-2.9,21.92,21.24,-20.8,26.8,5.5,20.08,25.49,-23.39,1.69,48.5,-2.81,0.88,49866395.0,21.05,29.7,41.9,6.3,6.5,True,6,,-44.5,-48.8,True,,0.84,0.6,-0.11,21.190000534057617,False,False,False,37.57337264691581,70.66218146178036,20.33856304796928,26.235913006266806,44.6105274401213,15.342069641277186,10.953966311163652,,25.842402015619005,23.287238027118043,20.95851422440624,6,True,6.5,-1.0924318254703191,21.955645891012686,n/d,n/d,,,,False,False,,,Lateral,21.639999389648438,-2.0794772101799586,-17.3234442922088,False,False,False,sem sinal (Lateral)
AUAU3,SMALL11,SMALL11,Consumo discricionário,36.63,31.33,66.66666666666667,,,0.9,,30.09,43.43,29.86,9.59,False,118,Não,Bandeira de alta,"Bandeira de alta (pré-confirmação) — pescoço R$4.41, preço 7.7% acima do pescoço; falta fechar acima e segurar",False,2,8,False,,,,,,False,True,True,,2,3,False,False,False,False,False,True,True,False,False,False,True,0.5,True,4088770560.0,21.25,1.28,0.64,0.89,6.04,,7.01,3.84,4.57,2.55,4.99,1.26,0.7,4.34,18.93,22.2,13.58,5.61,,,,2.8,4.75,69.4,0.0,36.7,3.3,3.4,-27.2,41.3,23.8,2.8,4.75,-5.09,2.6,,-3.6,0.57,16285101.0,3.73,6.33,10.73,8.6,15.9,False,4,,,,,,0.97,0.48,0.04,4.75,,False,False,0.3077495246804051,0.5013613270257419,2.6484112098634047,4.320165820959681,1.2936637121931858,0.7397929782912117,1.3085002667595185,4.879083801891837,,,,4,False,15.9,,,n/d,n/d,,,,False,False,,,Em Alta,4.5,5.555555555555558,3.7117921206510474,False,False,False,sem sinal (Em Alta)
TIMS3,BOVA11+DIVO11+AUVP11,BOVA11,Comunicação,36.47,31.68,63.63636363636363,,,0.4,,30.27,10.26,37.74,79.45,False,119,Não,,,False,3,8,False,,True,,False,False,False,True,True,True,7,11,False,False,False,True,True,False,True,False,True,True,True,0.49,True,45771362304.0,3356.91,1.83,7.74,9.25,0.05,11.85,0.76,15.78,117.22,1.05,2.63,0.85,0.66,1342.76,31063.51,2.5,9.12,7.75,0.43,57.89,42.11,17.74,27.65,8.6,-30.3,-5.3,22.23,22.51,-35.8,28.8,-8.7,17.74,27.65,-37.59,1.81,-14.1,-2.8,-0.77,121863417.0,11.73,16.99,24.59,,43.4,False,3,,7.3,4.6,True,,0.73,0.49,0.11,19.270000457763672,False,False,False,12.968504298346854,16.24665399598453,,,,30.75,,0.7079333668757155,,,,3,False,43.4,,,n/d,n/d,,,,False,False,,,Em Alta,19.419958114624023,-0.7721832146868945,-31.257160330750832,False,False,False,sem sinal (Em Alta)
ARML3,SMALL11,SMALL11,Bens Industriais,36.11,36.06,36.36363636363637,,,0.7,,32.55,44.1,27.63,48.63,False,120,Não,Bandeira de alta,"Bandeira de alta (pré-confirmação) — pescoço R$4.77, preço 7.3% acima do pescoço; falta fechar acima e segurar",False,2,8,False,,True,,False,False,False,False,True,False,4,11,False,False,False,False,False,False,True,True,False,True,False,1.74,False,1771693824.0,28.62,1.29,9.12,4.8,4.51,11.22,9.85,3.11,5.53,3.29,4.59,1.89,2.12,1.37,137.48,20.9,4.61,5.25,0.54,75.09,23.96,2.71,6.17,89.3,-17.0,47.6,3.89,4.02,-54.6,62.7,22.4,2.8,6.17,-6.49,3.95,17.5,-5.76,0.81,5286890.0,3.62,8.04,17.84,9.9,3.9,True,8,,25.6,6.9,True,2025,1.89,0.58,0.05,5.119999885559082,False,False,False,1.7886730380036715,3.3638592940520655,2.4468338760138977,3.996975999385013,4.598261770815349,2.637367048845283,2.2039971554887456,6.970932173193932,3.500862544474745,3.0006131714486743,2.700551854303807,8,True,3.9,-47.25484541668269,-31.62377689989996,n/d,n/d,,,,False,False,,,Em Alta,4.670000076293945,9.635970062387035,-18.730163007156044,False,False,False,sem sinal (Em Alta)
VAMO3,BOVA11+SMALL11,BOVA11,Bens Industriais,35.86,38.98,18.181818181818183,,,0.7,,50.61,32.6,26.57,27.4,False,121,Não,,,False,4,8,False,,True,,False,False,False,False,False,False,2,11,True,False,True,False,False,False,True,True,False,True,False,3.87,False,7025008128.0,22.25,2.13,2.17,2.95,9.57,14.8,15.52,5.1,4.76,3.09,2.74,1.67,4.84,6.79,65.73,-1.9,9.45,7.32,0.32,88.84,11.16,2.48,5.75,131.9,0.0,80.7,3.38,3.48,-48.5,60.5,76.9,2.48,5.75,48.01,3.81,10.4,-5.25,1.06,86073784.0,4.89,10.46,22.36,8.9,9.1,False,7,,5.4,22.5,False,,2.2,0.7,0.08,5.75,False,False,False,1.2354446166540556,1.6755709097745353,2.5490283265902516,3.9619071594280455,1.6109323927679071,2.5604552671393614,1.2452927930992945,11.19229983310908,,,,7,False,9.1,,,n/d,n/d,,,,False,False,,,Em Alta,4.739999771118164,21.30802273527488,16.39675978536923,False,False,False,sem sinal (Em Alta)
POSI3,SMALL11,SMALL11,Tecnologia de informação,35.77,35.67,36.36363636363637,,,0.5,,20.38,51.98,35.66,63.7,False,122,Não,Fundo duplo,"Fundo duplo (pré-confirmação) — pescoço R$4.10, preço 4.9% abaixo do pescoço; falta fechar acima e segurar",False,0,8,False,,True,,False,False,False,True,True,False,4,11,False,False,False,False,False,False,False,False,False,True,False,0.5,True,540035904.0,44.37,0.35,4.6,6.91,0.8,10.68,6.93,0.36,3.98,3.07,6.09,1.82,0.81,3.86,306.76,11.5,2.31,3.74,0.97,64.77,35.23,3.28,4.72,18.9,-17.4,6.3,4.0,3.97,-30.5,37.6,-1.0,3.28,4.72,-29.89,2.37,-19.4,-3.88,-0.4,2378070.0,2.21,3.58,5.82,11.2,23.1,False,6,,-11.2,-7.6,False,,0.96,0.49,-0.13,3.9000000953674316,False,False,False,1.9609435056151365,3.687838915398789,1.2022072749211477,4.694368091245353,1.6185029141071352,0.7445919647652398,0.8860040784607554,17.207463771190145,,,,6,False,23.1,,,n/d,n/d,,,,False,False,,,Em Alta,3.75,4.000002543131509,-18.750001241763382,False,False,False,sem sinal (Em Alta)
YDUQ3,BOVA11+SMALL11,BOVA11,Consumo discricionário,35.34,33.55,45.45454545454545,,,0.9,,33.69,38.6,25.21,36.99,False,123,Não,Bandeira de alta,"Bandeira de alta (pré-confirmação) — pescoço R$11.14, preço 11.8% acima do pescoço; falta fechar acima e segurar",False,1,8,False,,False,,False,False,False,False,True,True,5,11,False,False,False,False,False,False,True,False,False,False,False,1.48,True,3170514944.0,30.08,1.17,4.57,3.6,3.89,5.03,11.35,2.04,4.46,3.14,3.8,1.61,1.72,30.08,108.3,1.0,5.69,7.39,0.4,70.08,29.69,7.32,14.76,70.2,-15.6,38.0,11.15,10.89,-50.4,49.3,2.2,7.32,14.76,-26.69,3.1,-20.7,-4.56,0.02,67921398.0,6.79,12.77,24.0,10.1,10.1,False,6,,6.5,3.2,True,,1.54,0.6,0.03,12.460000038146973,False,False,False,3.262553821809051,3.5536248000292705,3.2813412699542246,9.962709244226852,1.9055889324475208,5.912444487367578,1.391808514899396,14.016751154476372,,,,6,False,10.1,,,n/d,n/d,,,,False,False,,,Em Alta,11.210000038146973,11.150758213615731,-18.508828847394454,False,False,False,sem sinal (Em Alta)
AZZA3,BOVA11+SMALL11,BOVA11,Consumo discricionário,35.23,36.63,27.272727272727273,,,0.9,,23.9,54.6,43.32,35.62,False,124,Não,Fundo duplo,"Fundo duplo (pré-confirmação) — pescoço R$17.69, preço 25.3% acima do pescoço; falta fechar acima e segurar",False,2,8,False,,True,,False,False,False,True,False,False,3,11,False,False,False,False,False,True,True,False,False,True,True,0.38,True,4482239488.0,14.12,0.57,11.16,3.54,4.03,11.4,5.88,2.85,4.68,2.74,6.4,2.26,0.49,7.01,49.99,-94.3,6.39,3.33,0.93,48.36,51.64,14.3,28.04,55.0,-20.9,28.8,22.58,21.71,-49.0,51.7,-12.7,14.3,28.04,-41.59,3.25,-34.1,-4.49,-0.38,66660037.0,9.48,18.29,35.29,6.2,9.4,False,6,,40.8,41.0,False,"2024, 2025",1.4,0.52,0.03,22.170000076293945,False,False,False,5.708534571287066,6.8237385291573895,13.649792250233002,37.06825803104219,8.723263285123359,53.581590457519724,6.295869804192359,21.542516520685034,,,,6,False,9.4,,,n/d,n/d,,,,False,False,,,Em Alta,19.540000915527344,13.459565187004108,-23.18087454113925,False,False,False,sem sinal (Em Alta)
RAIL3,BOVA11,BOVA11,Bens Industriais,35.23,33.43,45.45454545454545,,,0.7,,49.27,22.04,22.26,13.01,False,125,Não,Bandeira de alta,"Bandeira de alta (pré-confirmação) — pescoço R$16.33, preço 15.9% acima do pescoço; falta fechar acima e segurar",False,2,8,False,,False,,False,False,False,False,True,True,5,11,False,False,False,False,True,False,True,False,True,False,False,1.64,False,35112914944.0,28.66,2.43,0.57,1.31,8.48,1.9,12.06,8.53,7.18,3.16,3.6,1.31,2.01,5.41,37.53,56.8,14.03,7.07,0.25,73.88,25.74,12.33,18.92,53.4,0.0,33.3,15.19,15.04,-27.6,35.8,29.2,12.33,18.92,0.31,2.26,-6.9,-3.07,0.33,160056097.0,14.52,22.92,36.17,9.9,8.3,False,7,,12.1,-0.6,True,,1.15,0.62,0.01,18.920000076293945,False,False,False,1.8016444235217057,3.086194261523615,8.224252342490857,10.754028003427093,4.361746365969787,7.639681604857538,4.033943678426126,14.971339227451157,,,,7,False,8.3,,,n/d,n/d,,,,False,False,,,Em Alta,16.8799991607666,12.08531408146527,9.183251393470538,False,False,False,sem sinal (Em Alta)
TTEN3,SMALL11,SMALL11,Bens de primeira necessidade,34.24,30.66,54.54545454545455,,,0.0,,35.06,36.63,23.5,10.27,True,126,Não,Fundo duplo,"Fundo duplo (pré-confirmação) — pescoço R$11.96, preço 2.3% abaixo do pescoço; falta fechar acima e segurar",False,2,8,False,,True,,False,True,True,False,False,True,6,11,False,True,False,False,False,False,True,False,False,True,False,0.75,True,5844537344.0,9.95,1.17,1.55,0.96,11.76,18.41,4.0,3.22,17.84,7.48,18.7,1.36,1.03,0.94,9.58,-37.8,6.06,1.74,0.97,64.13,35.82,9.93,17.74,17.7,-34.1,-11.1,15.41,14.71,-44.0,39.6,-28.9,9.93,17.74,-57.79,2.5,-17.8,-3.19,-0.55,19748790.0,5.94,9.96,16.7,3.4,19.9,False,4,,33.6,28.1,True,,0.89,0.43,0.02,11.6899995803833,False,False,False,0.8182384208368865,1.5388161269287253,16.0692488963609,16.25179304962129,13.624162076704224,1.7563164719499371,11.191453754746782,,,,,4,False,19.9,,,n/d,n/d,,,,False,False,,,Lateral,10.819999694824219,8.040664603486537,-34.6927383826216,False,False,False,sem sinal (Lateral)
MBRF3,BOVA11+DIVO11,BOVA11,Bens de primeira necessidade,34.14,38.56,9.090909090909092,,,0.0,,41.35,35.24,6.09,99.32,True,127,Rompimento,,,False,1,8,False,,False,,False,False,False,False,False,False,1,11,False,False,False,False,False,False,True,False,False,True,True,4.47,False,24743104512.0,67.31,2.16,0.0,18.23,3.2,39.26,6.29,0.22,5.91,4.84,10.57,1.05,5.39,,1226.85,-51.3,10.98,2.68,0.43,89.92,7.97,14.52,25.6,22.5,-30.5,6.8,17.81,18.0,-43.3,52.7,-9.4,14.52,22.33,-38.29,3.32,-8.9,-4.32,-0.17,75183885.0,8.36,16.29,31.73,12.1,48.1,False,3,,9.4,9.9,False,,0.91,0.33,0.03,17.790000915527344,False,False,False,23.582282499493946,34.587347665924455,2.819194915549324,6.998428962142628,,2.952219479501717,0.7188947034650777,17.790000915527344,,,,3,False,48.1,,,n/d,n/d,,,Rompimento,False,False,,,Lateral,17.350000381469727,2.5360260771380094,-33.69362293658183,False,True,False,"Rompimento (vol x0.0, +2.5% do topo, MM50>MM200)"
CSNA3,BOVA11+SMALL11,BOVA11,Materiais,33.9,38.28,9.090909090909092,,,1.0,P/L=-3.25<2,15.09,81.96,7.42,95.21,False,128,Não,,,False,2,8,False,,False,,False,False,False,False,True,False,1,11,False,False,False,False,False,False,True,True,False,False,False,3.31,False,8526784000.0,-3.25,0.7,0.0,15.41,-21.59,-7.63,8.07,-5.82,4.43,5.46,9.3,1.15,3.57,,,5.7,-16.16,2.17,0.39,84.35,12.8,4.28,10.89,50.2,-41.0,15.7,6.66,7.17,-60.7,58.5,-26.1,4.28,10.89,-54.99,3.69,-22.5,-6.09,-0.36,150673494.0,2.37,5.03,10.69,,1.8,True,2,,0.3,2.5,False,2024,1.5,0.49,-0.07,6.429999828338623,False,False,False,7.206734470042162,13.01128908123916,,,,,,,10.109011775640662,10.109011775640662,9.098110598076596,2,True,1.8,41.494725364982735,57.21636151664748,n/d,n/d,,,,False,False,,,Em Alta,6.460000038146973,-0.4643995298946657,-43.19787984377265,False,False,False,sem sinal (Em Alta)
SIMH3,SMALL11,SMALL11,Industrials,33.55,34.66,27.272727272727273,,,0.7,P/L=-40.14<2,26.18,71.24,16.81,17.12,False,129,Não,,,False,5,8,False,,False,,False,False,False,False,True,False,3,11,False,True,True,False,True,False,True,True,False,False,False,7.83,False,7320341504.0,-40.14,1.24,1.37,2.27,-3.1,-1.12,11.25,-0.4,4.05,3.53,4.31,1.28,6.05,,,8.8,4.58,6.03,0.36,91.64,5.09,5.63,14.3,122.7,-12.3,60.1,9.7,9.74,-60.6,60.8,22.5,5.63,13.96,-6.39,3.83,-21.6,-4.95,0.47,40947632.0,7.39,15.99,34.58,,27.1,False,2,,21.8,6.8,True,,2.32,0.73,0.06,12.539999961853027,False,False,False,2.070392206718091,3.8936730855375714,,,,,,56.139327938895036,,,,2,False,27.1,,,n/d,n/d,,,,False,False,,,Em Alta,10.800000190734863,16.111108707302435,-14.16422062831889,False,False,False,sem sinal (Em Alta)
MYPK3,SMALL11,SMALL11,Consumo discricionário,32.81,35.39,18.181818181818183,,,0.9,,23.93,55.29,28.31,51.37,False,130,Não,Fundo duplo,"Fundo duplo (pré-confirmação) — pescoço R$9.71, preço 1.4% abaixo do pescoço; falta fechar acima e segurar",False,1,8,False,,True,,False,False,False,False,True,False,2,11,False,False,False,False,False,False,True,False,False,False,True,0.95,True,1433296768.0,16.09,0.36,0.0,5.4,2.23,4.01,8.93,0.6,3.55,2.9,4.46,1.73,1.23,55.3,86.95,0.1,4.25,3.75,0.65,66.29,30.03,8.74,11.33,9.5,-15.6,3.6,9.71,9.78,-22.9,28.7,-2.5,8.74,11.05,-31.39,1.81,-13.4,-2.85,-0.93,6485918.0,5.6,8.08,11.65,7.1,14.7,False,6,,-3.2,0.2,False,2024,0.74,0.5,0.02,9.569999694824219,False,False,False,3.7612676129731777,3.8537609922337857,4.432040534672729,18.861399355273782,3.387318409398899,7.734986267929679,1.7285577519194535,25.34616076428156,,,,6,False,14.7,,,n/d,n/d,,,,False,False,,,Lateral,9.880000114440918,-3.1376560326511815,-18.02585363266409,False,False,False,sem sinal (Lateral)
SOJA3,SMALL11,SMALL11,Bens de primeira necessidade,31.77,32.56,27.272727272727273,,,0.0,,28.78,30.47,40.44,39.04,True,131,Bandeira de alta,,,False,2,8,False,,True,,False,False,False,False,False,False,3,11,False,False,False,False,False,False,True,True,False,True,True,0.66,True,1098872192.0,47.65,0.82,3.64,3.84,1.73,13.98,5.66,0.87,10.14,4.31,10.48,2.98,1.47,,183.07,-31.0,7.91,2.9,1.35,45.47,36.89,4.98,10.46,56.4,-25.5,20.9,7.8,7.56,-52.4,45.5,-12.9,4.98,9.02,-41.79,2.87,-20.4,-3.72,-0.6,4864413.0,3.43,6.13,10.96,11.4,13.3,False,4,,14.2,42.9,False,2023,0.79,0.33,0.05,7.789999961853027,False,False,False,2.1766388707294064,3.1924036770697963,1.7438265042273304,5.911399845742715,,0.5931787058646117,0.44467575857796926,2.1340277527243385,,,,4,False,13.3,,,n/d,n/d,,,Bandeira de alta,False,False,,,Em Alta,8.029999732971191,-2.9887892789426163,-25.495700710491885,False,True,False,"Bandeira de alta — mastro +63%, recuo 21%, bandeira 7d (candidato)"
BRAV3,BOVA11+SMALL11,BOVA11,Energia,31.64,30.17,40.0,,,0.9,,21.94,60.97,19.48,11.64,False,132,Fundo duplo,,,False,1,8,False,,False,,False,,False,False,False,True,4,10,False,False,False,False,False,False,True,False,False,False,False,1.17,True,8872773632.0,162.94,0.72,0.65,1.08,0.44,3.55,8.3,0.44,3.26,3.05,5.05,1.26,1.55,,176.12,-17.3,7.54,3.71,0.27,72.43,27.57,13.35,21.64,43.1,-11.7,0.1,18.21,17.84,-25.7,38.0,15.3,15.6,21.64,-13.59,2.39,-0.4,-4.07,-0.01,59086841.0,12.48,20.32,33.07,,20.5,False,3,,89.0,33.2,True,2023,0.51,0.26,0.15,19.100000381469727,False,False,False,1.501442451898492,2.2021155961177885,,,,1.8333333333333335,,30.746546476232567,,,,3,False,20.5,,,n/d,n/d,,,Fundo duplo,False,False,,,Lateral,18.899999618530273,1.058205116276123,-13.750312657279462,False,True,False,Fundo duplo — rompeu pescoço ~R$18.92 (candidato)
DESK3,SMALL11,SMALL11,Comunicação,31.5,32.25,27.272727272727273,,,0.4,,38.11,30.21,34.33,6.85,False,133,Não,,,False,3,8,False,,True,,False,False,False,False,False,False,3,11,False,True,True,False,False,False,True,False,False,False,True,0.9,True,2238088448.0,40.06,1.56,0.96,0.48,3.91,6.21,11.53,4.4,5.32,2.09,2.49,1.41,1.21,12.69,19.28,-50.0,11.32,6.52,0.32,62.73,36.49,10.19,19.49,88.9,-1.2,5.0,17.7,16.87,-28.0,57.2,14.8,13.18,19.49,-14.09,3.6,85.0,-3.69,1.17,12914836.0,17.28,36.46,76.92,11.0,38.1,False,4,,19.7,7.9,True,2023,0.46,0.16,0.15,19.25,False,False,False,0.6736709220101403,0.9019820278392047,4.679152211075211,11.550591405420322,1.7479144048937747,0.5052244908797222,2.2777190355651356,19.25,,,,4,False,38.1,,,n/d,n/d,,,,False,False,,,Em Alta,19.489999771118164,-1.231399558422852,-2.4328411220121193,False,False,False,sem sinal (Em Alta)
DXCO3,SMALL11,SMALL11,Materiais,31.15,31.83,27.272727272727273,,,1.0,P/L=-173.55<2,13.51,67.04,27.51,34.93,False,134,Não,Bandeira de alta,"Bandeira de alta (pré-confirmação) — pescoço R$5.81, preço 17.2% acima do pescoço; falta fechar acima e segurar",False,2,8,False,,True,,False,False,False,False,True,False,3,11,False,False,False,False,False,False,True,True,False,False,False,0.88,True,6182599168.0,-173.55,0.9,0.0,3.49,-0.52,6.92,4.35,-0.43,5.51,3.22,8.04,1.98,1.19,,,5.2,12.31,2.48,0.51,62.06,36.03,4.44,6.81,53.5,0.0,32.9,5.0,5.1,-26.8,34.8,35.7,4.46,6.81,6.81,2.19,10.2,-3.39,0.6,12221046.0,5.83,9.08,14.14,,3.2,True,3,,-0.9,0.2,False,,1.2,0.66,-0.05,6.809999942779541,False,False,False,1.7289173238324036,2.925004571840435,,,,,,5.5034027192335095,3.385774871635449,2.925004571840435,2.6325041146563914,3,True,3.2,-61.343551589195464,-50.282306900379716,n/d,n/d,,,,False,False,,,Em Alta,6.170000076293945,10.372769182687215,9.485533319764183,False,False,False,sem sinal (Em Alta)
PRNR3,SMALL11,SMALL11,Bens Industriais,30.78,31.4,27.272727272727273,,,0.7,,37.65,25.82,32.48,15.07,False,135,Não,Bandeira de alta,"Bandeira de alta (pré-confirmação) — pescoço R$19.87, preço 1.7% acima do pescoço; falta fechar acima e segurar",False,1,8,False,,False,,False,False,False,False,True,False,3,11,False,False,False,False,False,False,True,False,False,False,True,1.38,True,1151544576.0,26.27,2.41,0.0,1.69,9.17,4.0,10.43,2.55,6.34,2.44,3.22,1.85,1.76,5.16,44.46,27.8,5.77,6.01,0.64,70.26,25.54,14.63,21.97,38.1,-8.1,10.7,18.03,17.95,-27.0,34.1,26.8,15.76,21.97,-2.09,2.15,7.3,-3.21,0.29,9561174.0,15.63,24.15,37.3,9.6,8.1,False,7,,24.3,42.1,False,2025,1.09,0.62,0.03,20.200000762939453,False,False,False,2.4864572947290213,4.150298783283661,9.334412163792,12.042151515075403,5.21748788438136,5.585370797830624,4.597782953334863,20.200000762939453,,,,7,False,8.1,,,n/d,n/d,,,,False,False,,,Em Alta,19.280000686645508,4.771784458136419,-8.555904828398198,False,False,False,sem sinal (Em Alta)
JSLG3,SMALL11,SMALL11,Bens Industriais,30.62,32.82,18.181818181818183,,,0.7,P/L=-26.00<2,20.41,46.38,13.63,93.15,False,136,Não,,,False,1,8,False,,True,,False,False,False,False,False,False,2,11,False,False,False,False,False,False,True,False,False,True,False,5.26,False,2716712448.0,-26.0,2.3,20.15,13.93,-8.83,13.19,9.68,-1.07,4.86,4.15,5.9,1.38,6.52,,,-44.0,5.42,4.78,0.43,89.08,10.92,3.88,9.52,145.5,0.0,61.6,5.93,6.09,-44.7,62.3,57.1,4.78,9.52,28.21,3.92,21.9,-5.48,1.2,14838575.0,8.65,19.04,41.91,,3.0,True,3,,17.0,6.5,True,2023,2.05,0.63,0.16,9.520000457763672,False,False,False,9.641680643491599,14.141131610454348,,,,,,29.37442699168874,17.719079748544896,14.141131610454348,12.727018449408913,3,True,3.0,33.687162157958504,86.12477832492938,n/d,n/d,,,,False,False,,,Em Alta,8.390000343322754,13.468415592381188,7.936516861222009,False,False,False,sem sinal (Em Alta)
LWSA3,SMALL11,SMALL11,Tecnologia de informação,29.8,31.85,18.181818181818183,,,0.5,P/L=-12.39<2,11.76,56.03,49.38,26.71,False,137,Não,Fundo duplo,"Fundo duplo (pré-confirmação) — pescoço R$4.11, preço 9.6% acima do pescoço; falta fechar acima e segurar",False,2,7,False,,False,,False,False,False,True,True,False,2,11,False,False,False,False,True,,True,False,False,False,True,,True,2550046976.0,-12.39,1.04,6.82,2.93,-8.41,-2.3,5.89,-13.29,6.59,,,1.18,0.03,,,108.1,12.52,-3.98,1.15,32.17,67.83,3.38,4.67,33.3,-3.4,16.3,3.87,3.89,-27.5,44.8,17.3,3.38,4.67,-11.59,2.82,5.1,-4.31,0.18,13371476.0,2.86,5.07,8.99,,1.9,True,2,,9.4,8.6,True,2024,1.3,0.55,0.05,4.510000228881836,False,False,False,0.9606978364151981,1.806731737516324,,,,,,,1.3837147869657611,1.3837147869657611,1.245343308269185,2,True,1.9,-72.38706773684704,-69.31896415205226,n/d,n/d,,,,False,False,,,Lateral,4.170000076293945,8.153480728232099,-5.068123268251368,False,False,False,sem sinal (Lateral)
CAML3,SMALL11,SMALL11,Bens de primeira necessidade,28.23,30.0,18.181818181818183,,,0.0,,24.48,37.21,24.77,47.26,True,138,Não,Bandeira de alta,"Bandeira de alta (pré-confirmação) — pescoço R$5.31, preço 18.1% acima do pescoço; falta fechar acima e segurar",False,1,8,False,,True,,False,False,False,False,False,False,2,11,False,False,False,False,False,False,True,False,False,False,False,1.5,True,2138516608.0,19.9,0.73,4.68,4.68,3.69,8.66,5.74,0.99,8.47,5.55,13.3,1.87,1.99,78.74,93.15,-58.5,6.46,3.09,0.76,72.01,27.99,4.18,7.12,50.1,-12.0,26.4,5.32,5.46,-41.3,44.5,17.8,4.18,7.12,-11.09,2.8,3.9,-3.35,0.54,4585458.0,4.65,8.28,14.75,8.3,10.2,False,6,,2.9,-9.4,True,,1.4,0.61,0.09,6.269999980926514,False,False,False,2.1345224559335416,2.179983530204146,2.3402607527067336,7.803165718970983,1.554483286946098,1.9526157451126078,0.9079648984145957,0.7661015481108431,,,,6,False,10.2,,,n/d,n/d,,,,False,False,,,Em Alta,5.599999904632568,11.964287280428199,-12.904875976149466,False,False,False,sem sinal (Em Alta)
EQTL3,BOVA11,BOVA11,Serviços públicos,27.96,26.48,36.36363636363637,,,0.1,,33.2,19.06,18.79,30.14,True,139,Não,Bandeira de alta,"Bandeira de alta (pré-confirmação) — pescoço R$40.80, preço 16.8% acima do pescoço; falta fechar acima e segurar",False,1,8,False,,True,,False,False,False,False,False,True,4,11,False,False,False,False,False,False,True,False,False,False,True,2.15,True,59875196928.0,62.63,2.3,3.31,3.15,3.67,8.85,9.18,1.75,9.04,4.81,7.2,1.57,2.27,,197.49,-54.9,28.88,4.62,0.33,74.15,23.5,33.78,47.66,41.1,0.0,23.6,39.09,39.16,-24.5,29.0,24.4,34.23,47.66,-4.49,1.83,11.2,-2.74,0.72,323608990.0,44.72,64.58,93.26,12.0,24.3,False,4,,23.4,18.5,True,,1.28,0.85,0.02,47.65999984741211,False,False,False,10.92983454929478,16.030424005632348,8.117089760589641,18.836064625610703,,4.252639999948865,2.0698578889503585,50.36373502314698,,,,4,False,24.3,,,n/d,n/d,,,,False,False,,,Em Alta,41.90999984741211,13.71987597455231,2.8929191740422633,False,False,False,sem sinal (Em Alta)
MRVE3,BOVA11+SMALL11,BOVA11,Consumo discricionário,27.88,31.03,10.0,,,0.9,P/L=-6.13<2,14.42,68.7,25.51,22.6,False,140,Não,Bandeira de alta,"Bandeira de alta (pré-confirmação) — pescoço R$5.55, preço 12.9% acima do pescoço; falta fechar acima e segurar",False,1,8,False,,False,,False,,False,False,True,False,1,10,False,False,False,False,False,False,True,False,False,False,False,1.18,True,3528971776.0,-6.13,0.77,0.0,2.7,-12.58,-7.71,6.84,-4.93,5.64,3.03,6.1,1.89,1.69,,,10.7,3.67,3.75,0.89,78.42,18.67,4.2,10.43,49.3,-39.9,19.7,7.04,6.88,-59.7,49.8,-18.8,4.2,10.43,-47.69,3.13,-25.0,-4.85,-0.36,61264980.0,2.81,5.31,10.04,,3.1,True,3,,18.0,21.1,False,"2024, 2025",1.56,0.6,0.1,6.269999980926514,False,False,False,1.2321259086204948,2.3171916281475755,,,,,,3.829598744001044,2.4596387602563716,2.3171916281475755,2.085472465332818,3,True,3.1,-66.73887604981063,-60.77131151931978,n/d,n/d,,,,False,False,,,Em Alta,5.710000038146973,9.807354449007576,-40.45583912700307,False,False,False,sem sinal (Em Alta)
HBOR3,SMALL11,SMALL11,Imobiliário,27.07,27.03,27.272727272727273,,,0.8,,13.94,36.18,37.99,41.1,False,141,Não,Bandeira de alta,"Bandeira de alta (pré-confirmação) — pescoço R$2.22, preço 8.6% acima do pescoço; falta fechar acima e segurar",False,1,8,False,,True,,False,False,False,True,False,False,3,11,False,False,False,False,False,False,False,True,False,False,False,1.25,True,319791616.0,70.79,0.22,5.53,3.93,0.31,3.0,2.16,0.41,13.72,15.28,38.21,2.55,0.72,,278.39,-64.6,2.59,1.03,0.81,57.57,22.01,1.68,4.23,43.5,-43.1,14.2,2.42,2.54,-60.3,69.8,-3.6,1.68,3.33,-32.49,4.4,-42.3,-5.91,-0.41,1419028.0,0.64,1.62,4.08,12.2,31.3,False,4,,7.6,-11.2,True,2025,1.61,0.44,0.1,2.4100000858306885,False,False,False,0.6892798377570938,1.0109437620437376,0.36313981610671014,2.89675003258539,,0.26415074528231325,0.09260065310721108,,,,,4,False,31.3,,,n/d,n/d,,,,False,False,,,Em Alta,2.309999942779541,4.329010628927588,-43.353205332164144,False,False,False,sem sinal (Em Alta)
ORVR3,SMALL11,SMALL11,Bens Industriais,27.05,19.47,70.0,,,0.7,,21.23,8.16,38.35,2.05,False,142,Não,,,False,2,8,False,,False,,False,,False,True,True,True,7,10,False,False,False,False,True,False,True,False,False,False,False,0.16,True,10985927680.0,218.6,2.26,0.0,0.0,1.04,-2.35,3.71,3.35,24.1,4.88,12.21,2.38,0.74,210.19,,135.8,17.8,2.86,0.49,63.86,33.58,13.27,20.97,50.7,-4.6,10.9,17.53,17.42,-26.3,31.8,15.2,15.45,20.97,-13.69,2.0,22.3,-2.99,0.85,49522105.0,19.13,28.65,42.91,,1.0,True,1,,18.8,16.3,True,,1.16,0.7,0.02,20.0,False,False,False,,,,,,,,1.5149669493885936,1.5149669493885936,1.5149669493885936,1.3634702544497341,1,True,1.0,-93.18264872775133,-92.42516525305703,n/d,n/d,,,,False,False,,,Em Alta,17.850000381469727,12.044815532677578,-5.771497571039863,False,False,False,sem sinal (Em Alta)
LJQQ3,SMALL11,SMALL11,Consumo discricionário,26.56,29.48,10.0,,,0.9,P/L=-1.92<2,6.43,78.59,12.43,44.52,False,143,Não,Bandeira de alta,"Bandeira de alta (pré-confirmação) — pescoço R$1.51, preço 29.1% acima do pescoço; falta fechar acima e segurar",False,0,8,False,,False,,False,,False,False,True,False,1,10,False,False,False,False,False,False,False,False,False,False,False,5.85,False,403488672.0,-1.92,1.3,0.0,4.19,-67.62,-9.94,2.03,-6.88,1.7,34.56,86.39,1.77,7.9,,,8.8,27.86,-0.01,0.82,89.26,10.74,0.96,2.65,103.1,-26.4,53.6,1.99,1.8,-63.8,69.3,-7.1,0.96,2.65,-35.99,4.37,-44.9,-5.68,-0.08,2971782.0,0.69,1.67,4.06,,1.9,True,2,,6.4,4.6,True,2025,2.3,0.64,-0.02,1.9500000476837158,False,False,False,0.5937842694531634,1.1166975131974008,,,,,,,0.8552408913252821,0.8552408913252821,0.769716802192754,2,True,1.9,-60.52734444252692,-56.14149382502991,n/d,n/d,,,,False,False,,,Em Alta,1.5399999618530273,26.62338285627941,-28.832115295743886,False,False,False,sem sinal (Em Alta)
DASA3,SMALL11,SMALL11,Cuidados de saúde,26.27,30.91,0.0,,,0.2,P/L=-5.72<2,17.22,71.08,22.85,8.22,True,144,Não,,,False,2,8,False,,False,,False,,False,False,False,False,0,10,False,False,False,False,False,False,True,True,False,False,True,0.98,True,5111791104.0,-5.72,0.75,0.0,0.83,-13.13,-13.32,7.28,-9.6,4.99,4.54,8.58,1.27,1.12,,,-9.8,17.94,3.53,0.48,62.87,36.98,1.29,4.6,217.1,-11.1,43.2,3.08,3.06,-54.1,88.9,-8.7,2.11,4.52,-37.59,5.6,108.9,-7.15,1.54,3652990.0,4.03,12.45,38.46,,59.9,False,2,,-5.2,-27.1,True,2023,1.66,0.36,0.11,4.090000152587891,False,False,False,0.24768523671296588,0.36327168051235,,,,,,14.834724931261833,,,,2,False,59.9,,,n/d,n/d,,,,False,False,,,Em Alta,4.019999980926514,1.7412978107836707,-14.255761657393995,False,False,False,sem sinal (Em Alta)
MGLU3,BOVA11+SMALL11,BOVA11,Consumo discricionário,26.12,28.97,10.0,,,0.9,,18.6,59.18,19.79,18.49,False,145,Não,,,False,1,8,False,,False,,False,,False,True,False,False,1,10,False,False,False,False,False,False,True,False,False,False,False,0.6,True,7330202624.0,82.85,0.66,0.86,2.36,0.79,-2.27,6.07,0.23,3.77,4.67,10.57,1.1,0.76,,195.38,-2.6,11.67,1.9,0.75,70.25,29.75,3.88,11.0,143.6,-14.1,78.5,8.06,7.46,-64.7,65.4,8.0,3.88,11.0,-20.89,4.12,-36.1,-5.73,0.17,190633228.0,4.33,9.86,22.44,12.4,19.5,False,3,,1.2,1.7,False,2024,2.16,0.64,0.02,9.449999809265137,False,False,False,1.620722134299096,2.3770591303053408,1.216656583771814,6.061845101731027,,0.42075001833333336,0.31024742886181256,,,,,3,False,19.5,,,n/d,n/d,,,,False,False,,,Em Alta,7.630000114440918,23.853206651722015,-16.18567646193172,False,False,False,sem sinal (Em Alta)
CVCB3,SMALL11,SMALL11,Consumo discricionário,25.86,23.37,40.0,,,0.9,P/L=-6.25<2,10.66,57.85,19.56,2.05,False,146,Não,,,False,2,8,False,,False,,False,,False,False,False,True,4,10,False,False,False,False,False,True,True,False,False,False,True,1.13,True,817653824.0,-6.25,2.56,0.0,0.0,-40.86,-60.02,5.9,-8.94,2.63,1.33,3.11,0.68,1.67,,,-4.5,10.83,4.12,0.67,87.19,12.81,1.08,2.72,45.4,-42.3,6.9,1.84,1.84,-60.3,71.8,-28.6,1.08,2.72,-57.49,4.52,0.0,-6.41,-0.09,22060528.0,0.53,1.31,3.25,,1.0,True,1,,6.8,4.8,True,2023,1.12,0.3,-0.06,1.5700000524520874,False,False,False,,,,,,,,3.986718012174644,3.986718012174644,3.986718012174644,3.58804621095718,1,True,1.0,128.53796758498376,153.9310750944264,n/d,n/d,,,,False,False,,,Em Baixa,1.6100000143051147,-2.4844696582373316,-43.727595916906594,False,False,False,sem sinal (Em Baixa; sem novo topo (-2.5%))
HBSA3,SMALL11,SMALL11,Bens Industriais,24.93,25.8,20.0,,,0.7,P/L=-29.20<2,24.19,24.2,43.29,2.05,False,147,Fundo duplo,,,False,2,8,False,,False,,False,,False,False,True,False,2,10,False,False,False,False,True,False,True,False,False,False,False,1.2,True,5223868928.0,-29.2,2.5,0.0,0.0,-8.56,-15.0,11.14,-5.52,8.45,3.09,3.81,3.26,1.56,,,68.3,12.8,5.08,0.41,66.67,33.33,2.98,4.38,28.9,-12.3,14.5,3.68,3.65,-32.0,37.2,8.5,2.98,4.38,-20.39,2.34,1.2,-3.34,0.16,5241389.0,2.71,4.36,7.02,,1.0,True,1,,8.2,56.5,False,"2024, 2025",0.81,0.42,0.04,3.8399999141693115,False,False,False,,,,,,,,2.3292882694651285,2.3292882694651285,2.3292882694651285,2.0963594425186156,1,True,1.0,-45.40730496416923,-39.34144996018804,n/d,n/d,,,Fundo duplo,False,False,,,Em Alta,3.4800000190734863,10.344824515020301,-12.52847309894306,False,True,False,Fundo duplo — rompeu pescoço ~R$3.72 (candidato)
KLBN11,BOVA11,BOVA11,Materiais,24.29,26.97,9.090909090909092,,,1.0,,21.9,26.35,19.73,65.75,False,148,Não,,,False,2,8,False,,True,,False,False,False,False,False,False,1,11,False,True,False,False,False,False,True,False,False,True,False,0.49,True,131177881600.0,41.04,2.43,6.29,7.1,5.92,28.81,5.45,0.86,6.31,3.99,9.97,2.0,2.3,,291.34,-51.7,10.77,2.09,0.37,77.43,12.36,16.08,21.02,14.8,-12.2,3.9,18.02,18.04,-23.4,20.9,-3.3,16.1,21.02,-32.19,1.32,14.8,-2.23,-0.14,96781154.0,15.38,20.1,26.29,11.0,11.4,False,6,,1.1,5.4,False,,0.48,0.44,0.03,18.459999084472656,False,False,False,9.530714827448762,13.978381746924851,4.797920489791464,8.768314555639217,,11.016666666666667,1.2234697248968234,8.593821429612083,,,,6,False,11.4,,,n/d,n/d,,,,False,False,,,Lateral,19.6299991607666,-5.9602655441389985,-13.129416073069855,False,False,False,sem sinal (Lateral)
ENEV3,BOVA11,BOVA11,Serviços públicos,20.38,18.68,30.0,,,0.1,,26.86,8.17,21.72,2.05,True,149,Não,Bandeira de alta,"Bandeira de alta (pré-confirmação) — pescoço R$28.07, preço 7.8% acima do pescoço; falta fechar acima e segurar",False,1,8,False,,True,,False,,False,False,False,False,3,10,False,False,False,False,False,False,True,False,False,False,True,1.16,True,58110300160.0,61.12,2.89,0.0,0.0,4.73,2.64,5.85,5.03,13.58,3.9,9.18,1.28,1.2,12.92,,-91.5,33.94,4.12,0.26,62.34,34.87,16.08,30.26,88.2,0.0,16.4,24.42,23.23,-13.5,35.5,51.1,19.82,30.26,22.21,2.23,64.3,-3.01,1.46,234170059.0,34.88,54.66,85.68,11.9,7.2,True,4,,44.3,61.7,False,2025,1.05,0.57,0.03,30.260000228881836,False,False,False,,,5.74844191494685,10.799896459900149,2.341783394676229,,2.845390597438313,16.811481873729775,5.433878091740385,4.296916256192581,3.867224630573323,4,True,7.2,-87.22001123158543,-82.04270307125118,n/d,n/d,,,,False,False,,,Em Alta,28.709999084472656,5.398819901904739,4.742128307985638,False,False,False,sem sinal (Em Alta)
TUPY3,SMALL11,SMALL11,Bens Industriais,20.19,23.75,0.0,,,0.7,P/L=-2.90<2,5.99,48.02,27.12,36.3,False,150,Bandeira de alta,,,False,2,8,False,,False,,False,False,False,False,False,False,0,11,False,False,False,False,False,False,True,True,False,False,False,0.83,True,2219048960.0,-2.9,0.98,0.0,3.58,-33.8,2.01,1.49,-8.26,8.88,3.88,9.69,2.16,1.72,,,-5.8,5.92,1.31,0.87,73.24,26.66,11.34,16.92,49.2,0.0,13.5,13.07,13.6,-22.1,39.7,45.5,11.34,16.92,16.61,2.5,18.6,-3.87,0.47,8832449.0,13.04,21.63,35.86,,1.9,True,3,,-1.6,-9.1,True,2025,1.06,0.51,0.04,16.920000076293945,False,False,False,4.404113117367689,6.45936590547261,,,,,,8.330972911276112,6.39815064470547,6.45936590547261,5.813429314925349,3,True,1.9,-65.6416708704963,-62.18587106468334,n/d,n/d,,,Bandeira de alta,False,False,,,Em Alta,16.760000228881836,0.9546530144813881,-0.3533537547697807,False,True,False,"Bandeira de alta — mastro +16%, recuo 22%, bandeira 8d (candidato)"
AURE3,BOVA11+SMALL11,BOVA11,Serviços públicos,20.13,20.47,18.181818181818183,,,0.1,P/L=-14.98<2,12.79,22.6,11.09,68.49,True,151,Não,Bandeira de alta,"Bandeira de alta (pré-confirmação) — pescoço R$13.15, preço 18.2% acima do pescoço; falta fechar acima e segurar",False,2,8,False,,False,,False,False,False,False,True,False,2,11,False,False,False,False,False,False,True,True,False,False,False,1.74,True,16233628672.0,-14.98,1.42,0.0,7.48,-9.47,2.89,2.64,-8.09,13.67,6.49,16.23,1.12,1.85,,,5.9,-107.17,2.04,0.26,71.73,25.67,10.05,15.54,54.6,0.0,32.8,11.72,11.85,-31.2,35.5,33.6,10.05,15.54,4.71,2.24,19.0,-2.98,1.01,38449928.0,15.29,24.0,37.67,,2.6,True,3,,33.7,63.5,False,,1.23,0.67,0.11,15.539999961853027,False,False,False,8.454012414666089,15.681654557077268,,,,,,6.037617401406503,10.05776145771662,8.454012414666089,7.60861117319948,3,True,2.6,-51.03853801881084,-35.27824013895745,n/d,n/d,,,,False,False,,,Em Alta,13.819999694824219,12.445733031911521,6.002729356073377,False,False,False,sem sinal (Em Alta)
CSAN3,BOVA11+SMALL11,BOVA11,Consumo discricionário,20.06,21.99,9.090909090909092,,,0.9,P/L=-2.28<2,15.76,32.98,22.63,21.23,False,152,Não,Bandeira de alta,"Bandeira de alta (pré-confirmação) — pescoço R$3.99, preço 27.8% acima do pescoço; falta fechar acima e segurar",False,1,8,False,,False,,False,False,False,False,True,False,1,11,False,False,False,False,False,False,True,False,False,False,True,8.46,False,20118800384.0,-2.28,4.07,0.0,2.54,-1.79,-64.7,8.59,-22.18,5.1,2.9,4.64,1.67,1.91,,,2.8,8.57,5.56,0.41,77.05,3.93,3.13,6.8,62.9,-25.0,35.0,5.18,4.93,-54.0,52.1,-2.9,3.13,6.8,-31.79,3.28,-38.3,-4.69,-0.38,113183350.0,2.19,4.22,8.11,,4.2,True,2,,0.9,-8.0,True,2024,1.98,0.73,0.02,5.099999904632568,False,False,False,0.942177984520824,1.2162270147216299,,,,,,4.001024127224644,1.079202499621227,1.079202499621227,0.9712822496591044,2,True,4.2,-80.95524965055698,-78.83916627839666,n/d,n/d,,,,False,False,,,Em Alta,4.119999885559082,23.7864088906522,-26.086958925455082,False,False,False,sem sinal (Em Alta)
