ticker,origem,grupo,setor,investment,investment_base,consistencia,basileia,solvencia,ciclicidade,dado_suspeito,quality,value,safety,dividend,regulado,rank_invest,oportunidade_grafica,criterios_ok,criterios_aplicaveis,passa_checklist,mais_5a_bolsa,sem_prejuizo_anual,lucro_20t,div_ge5_5a,div_sem_corte,roe_ge_10,divida_menor_patrim,cresc_receita_5a,cresc_lucro_5a,n_ok,n_aplic,roe_roic_ge_selic,roe_ge_setor,roic_ge_setor,margem_ge_15,cagr_ge_setor,divida_ok,marketcap_ok,insider_ok,margem_ok,roe_ok,alavancagem_ok,div_liq_patrim,nde_ok,market_cap,pl,pvp,dy,dy_teto,roe,roe_medio,roic,mrg_liq,ev_ebitda,div_liq_ebitda,lev_roic_adj,liq_corr,div_patrim,peg,payout,cresc_5a,pl_fut,roa,liq_geral,grau_endiv,indep_fin,min_52s,max_52s,dist_min52,dist_max52,dist_mm100,beta,corr_ibov,close,teto_bazin,teto_gordon,teto_dcf,teto_graham,teto_lynch,teto_projetivo,teto_graham_selic,teto_mult_ebitda,teto_medio,teto_mediana,teto_ajustado,teto_n_metodos,teto_confiavel,teto_dispersao,teto_upside_pct,teto_upside_media_pct,prox_resultado,ex_dividendo,ex_tipo,tese_ia,strategy,in_wishlist,in_carteira,preco_medio,var_pm_pct,trend,breakout_level,pct_to_level,dist_52w_high_pct,fund_ok,breakout,aprovado,note
JHSF3,SMALL11,SMALL11,Imobiliário,77.84,75.69,90.0,,,0.8,,86.88,82.03,44.97,70.92,False,1,Não,7,8,False,,True,,False,True,True,True,True,True,9,10,True,True,True,True,True,True,True,False,True,True,True,0.33,True,6892595200.0,3.34,0.95,6.48,7.91,28.4,16.71,13.12,52.59,4.53,1.22,1.3,1.73,0.86,0.22,26.41,90.2,6.06,7.25,0.72,61.6,36.26,5.05,13.85,106.1,-24.9,-6.4,1.37,0.61,10.399999618530273,5.874272151376664,10.89677484080371,41.25748351662458,27.694246049534936,71.32928275366089,19.57807411896471,37.67664532461566,18.30743169989186,,,,6,False,12.1,,,n/d,2026-08-31,próxima,,,False,False,,,Em Baixa,10.850000381469727,-4.1474723236691435,-26.520965687357688,True,False,False,sem sinal (Em Baixa; sem novo topo (-4.1%))
VULC3,SMALL11,SMALL11,Consumo discricionário,76.88,78.09,70.0,,,0.9,,87.8,63.18,65.69,96.45,False,2,Não,6,8,False,,True,,False,False,True,True,False,True,7,10,True,True,True,True,False,True,True,False,True,True,True,0.25,True,4199689728.0,4.57,1.6,29.49,15.45,35.06,31.82,17.83,24.89,6.15,0.76,0.6,2.96,0.37,0.44,70.58,-64.7,5.86,11.45,1.64,37.42,62.57,13.37,20.08,0.0,-33.4,-10.0,0.92,0.6,13.369999885559082,14.750078239516435,27.361395134302985,38.76422286294482,23.453333072587068,75.35854777242481,48.547485181999235,26.780989587798082,8.81488378985017,,,,6,False,8.5,,,n/d,2025-12-23,última,,,False,False,,,Em Baixa,14.039999961853027,-4.772080328449779,-33.90920208420973,True,False,False,sem sinal (Em Baixa; sem novo topo (-4.8%))
MDNE3,SMALL11,SMALL11,Imobiliário,74.61,71.89,90.0,,,0.8,,73.1,75.84,60.08,80.14,False,3,Não,7,8,False,,True,,False,True,True,True,True,True,9,10,True,True,True,True,True,True,True,False,True,True,True,0.26,True,2543994112.0,4.58,1.12,15.77,9.28,24.38,16.15,10.98,21.43,4.41,0.91,1.16,2.38,0.48,0.33,42.49,19.5,3.85,6.4,1.12,72.76,27.27,20.62,34.28,19.3,-28.2,-10.7,1.66,0.63,24.600000381469727,16.300603560115793,30.237619604014792,71.16812337433926,51.52104017548554,125.13929939189944,25.696715266959554,61.68777258814437,43.135071769905565,47.24105712980818,47.32805597269555,42.595250375426,6,True,7.7,73.1514216053079,92.0368146229507,n/d,2026-01-02,última,,,False,False,,,Lateral,25.09000015258789,-1.9529683863617753,-28.238036005045906,True,False,False,sem sinal (Lateral)
POMO3,SMALL11,SMALL11,Bens Industriais,74.0,74.7,70.0,,,0.7,,80.49,75.3,52.52,91.49,False,4,Não,5,8,False,,True,,False,False,True,True,False,True,7,10,True,True,True,False,False,True,True,False,True,True,True,0.44,True,5102155264.0,4.28,1.21,22.48,12.72,28.32,24.74,18.39,13.19,4.55,1.29,0.98,1.94,0.81,0.33,54.43,-14.0,,8.76,1.02,59.93,39.42,3.73,6.48,10.2,-36.6,-21.8,0.91,0.45,4.110000133514404,3.7332191115451834,6.925121451916315,12.72371536660417,8.566797975520885,24.605138320461656,11.20720451094203,10.355629842338786,5.2809946110932104,9.176577293069233,9.461213908929835,8.515092518036852,6,True,6.6,107.17985988861062,123.2743794395566,n/d,2026-08-26,última,,,False,False,,,Em Baixa,4.215035915374756,-2.491930886691218,-37.0764712846113,True,False,False,sem sinal (Em Baixa; sem novo topo (-2.5%))
PSSA3,BOVA11,BOVA11,Insurance,73.16,72.83,75.0,,1.8,0.3,,76.13,53.58,100.0,51.77,False,5,Não,4,6,False,,True,,False,False,True,,True,True,6,8,True,False,True,,True,,True,False,True,True,True,,True,31113766912.0,8.52,1.95,6.21,5.34,22.84,17.35,79.28,8.13,,,,,,0.68,45.46,0.3,7.79,6.06,,71.59,28.18,43.07,55.45,12.7,-12.5,-4.7,0.75,0.5,48.540000915527344,18.497672579745362,34.31318263542764,75.48767748013348,56.487705745874926,101.37074321852262,48.40360290767146,59.832793561100324,,44.17553390074448,41.358392771549546,37.222553494394596,4,True,4.1,-23.315713242008684,-8.991485233752272,2026-11-05,2026-06-23,última,,,False,False,,,Em Baixa,53.47999954223633,-9.237095491759629,-12.619259077966715,True,False,False,sem sinal (Em Baixa; sem novo topo (-9.2%))
POMO4,BOVA11+SMALL11,BOVA11,Bens Industriais,72.87,73.38,70.0,,,0.7,,80.49,72.29,52.52,85.82,False,6,Não,5,8,False,,True,,False,False,True,True,False,True,7,10,True,True,True,False,False,True,True,False,True,True,True,0.44,True,5474575360.0,4.59,1.3,20.95,10.21,28.32,24.74,18.39,13.19,4.79,1.29,0.98,1.94,0.81,0.31,46.88,-14.0,4.51,8.76,1.02,59.93,39.42,3.93,7.69,12.1,-42.7,-20.4,0.97,0.48,4.409999847412109,3.2170029115332324,5.967540400894146,12.730391716385716,8.563510105820175,24.223973523452486,11.575137762178509,11.62548979383149,5.2783704956239275,11.423487685455205,11.575137762178509,10.417623985960658,7,True,7.5,136.22730944251535,159.0360109005168,n/d,2026-08-26,última,,,False,False,,,Em Baixa,4.525676250457764,-2.556002609200203,-42.88872193099961,True,False,False,sem sinal (Em Baixa; sem novo topo (-2.6%))
ABCB10,SMALL11,SMALL11,Produtos financeiros,71.87,75.73,50.0,,,0.4,,75.84,75.51,,,False,7,Não,1,3,False,,,,,,True,,False,,1,2,True,False,,,False,,,,True,True,True,,True,,,0.8,,,14.9,,,40.92,,,,,,,,-2.9,,1.54,,,,,,,,,,,,,,,,,,,,,,,0,True,,,,n/d,n/d,,,,False,False,,,,,,,False,False,False,histórico insuficiente
PETR4,BOVA11,BOVA11,Energia,71.19,74.93,50.0,,,0.9,DY5a=41.0%>=20,86.35,85.24,36.34,,False,8,Não,7,8,False,,True,,True,False,True,True,True,False,5,10,True,True,True,True,True,True,True,False,True,True,True,0.61,True,566351495168.0,4.01,1.11,8.79,41.02,27.73,30.77,19.69,24.32,2.63,1.29,0.92,0.85,0.76,0.27,164.48,96.8,4.2,10.07,0.28,65.87,33.99,26.84,47.05,54.4,-11.9,0.3,0.33,0.23,41.45000076293945,121.44126784753597,225.2735518571792,136.96072571295454,93.19274974886335,310.09975633121786,56.092553333333335,125.07356838692455,57.8068628710751,116.5487542511237,121.44126784753597,109.29714106278237,7,True,5.5,163.68429204108773,181.1791365642874,n/d,2026-08-24,última,,,False,False,,,Em Alta,42.971248626708984,-3.540152805389951,-13.033350904610097,True,False,False,sem sinal (Em Alta)
MILS3,SMALL11,SMALL11,Bens Industriais,70.9,69.3,80.0,,,0.7,,84.89,56.36,57.38,55.32,False,9,Não,6,8,False,,True,,False,True,True,True,True,True,8,10,True,True,True,True,False,True,True,False,True,True,True,0.65,True,3570138880.0,8.17,1.95,5.41,5.71,23.81,18.37,20.65,23.53,4.86,1.28,0.87,2.98,0.99,0.64,46.66,21.3,8.37,11.12,0.54,61.6,38.32,10.3,15.81,52.2,-0.9,7.4,0.74,0.47,15.670000076293945,6.39263962393707,11.858346502403265,25.413402816510985,18.622240181620434,35.31252006553364,12.30153360596852,20.43463668312601,18.381396462282616,20.33201090249221,18.622240181620434,16.760016163458392,7,True,5.5,6.956069443888868,29.751185727504236,n/d,2026-04-22,última,,,False,False,,,Em Alta,15.75,-0.5079360235305086,-1.6938488782749617,True,False,False,sem sinal (Em Alta)
CURY3,BOVA11+SMALL11,BOVA11,Consumo discricionário,70.85,69.23,80.0,,,0.9,,90.09,34.58,56.97,86.52,False,10,Não,6,8,False,,True,,False,False,True,True,True,True,8,10,True,True,True,True,False,True,True,False,True,True,True,-0.13,True,9854442496.0,8.97,5.95,15.05,10.4,66.38,57.38,37.72,17.89,5.78,-0.15,-0.06,1.92,0.66,2.01,93.29,8.2,6.67,16.3,0.91,70.61,24.44,26.99,40.16,18.5,-20.3,2.2,1.32,0.57,31.989999771118164,23.763302267676405,36.41661190359144,39.03790508829197,20.7706836705417,52.98477641779028,51.52687081424705,19.51897964147778,24.081354542012168,33.5125605432036,30.248983222801805,27.224084900521625,8,True,2.7,-14.898139745844563,4.759489787368065,n/d,2026-08-17,última,,,False,False,,,Lateral,32.58000183105469,-1.8109331699734388,-20.518639682719495,True,False,False,sem sinal (Lateral)
LEVE3,SMALL11,SMALL11,Consumo discricionário,70.4,70.47,70.0,,,0.9,,86.26,58.23,35.47,100.0,False,11,Não,6,8,False,,True,,True,False,True,False,True,True,7,10,True,True,True,False,False,True,True,True,True,True,True,1.2,True,4384686592.0,6.29,4.55,8.81,19.55,72.29,64.73,34.45,13.0,5.16,1.2,0.49,1.43,1.7,0.24,122.97,25.8,6.35,14.14,0.81,77.23,22.71,24.65,35.6,31.2,-9.1,-1.7,0.64,0.45,32.349998474121094,45.17588858821368,83.80127333113637,68.14586324039816,28.68365580916275,154.29252054429776,98.51666666666667,62.23131661953342,25.451020533421428,77.26388354277267,68.14586324039816,61.33127691635834,7,True,6.1,89.58664546899837,138.83736379332805,n/d,2026-04-30,última,,,False,False,,,Em Alta,34.0,-4.852945664349728,-10.660040618467681,True,False,False,sem sinal (Em Alta)
PETR3,BOVA11,BOVA11,Energia,70.37,73.96,50.0,,,0.9,DY5a=38.9%>=20,86.35,81.76,36.34,,False,12,Não,7,8,False,,True,,True,False,True,True,True,False,5,10,True,True,True,True,True,True,True,False,True,True,True,0.65,True,591979479040.0,4.44,1.23,7.94,38.86,27.73,30.77,19.69,24.32,2.81,1.29,0.92,0.85,0.76,0.3,172.54,96.8,3.11,10.07,0.28,65.87,33.99,28.69,52.45,60.1,-12.4,-0.6,0.37,0.22,45.93000030517578,127.49015790504708,236.49424291386234,137.06587928909434,93.22742020910896,310.3378398998363,56.092553333333335,125.16959542626732,56.484631597340474,142.79529007173628,126.3298766656572,113.69688899909148,8,True,5.5,147.54384551196958,210.8976466861571,2026-11-10,2026-08-24,última,,,False,False,,,Lateral,48.05994415283203,-4.431848361876922,-13.536335497552997,True,False,False,sem sinal (Lateral)
RIAA3,SMALL11,SMALL11,Consumo discricionário,70.14,70.16,70.0,,,0.9,,65.63,94.33,38.75,92.91,False,13,Não,4,8,False,,False,,False,False,True,True,True,True,7,10,True,True,False,False,False,True,True,False,True,False,True,0.47,True,3469255424.0,2.27,0.64,46.86,13.14,28.35,8.06,8.96,14.35,2.55,2.11,3.3,1.61,0.68,0.15,29.84,16.6,5.18,4.35,1.05,64.01,35.99,6.1,10.43,13.3,-33.8,-19.4,1.61,0.61,6.909999847412109,6.487949251266301,12.035145861098988,40.33369954987244,27.193579723693496,85.67457587176646,51.88018214566937,36.833038834223146,34.896765068411334,,,,6,False,13.2,,,n/d,n/d,,,,False,False,,,Em Baixa,7.960000038146973,-13.19095710682051,-36.216145119505924,False,False,False,sem sinal (Em Baixa; sem novo topo (-13.2%))
VTRU3,SMALL11,SMALL11,Consumo discricionário,69.51,72.95,50.0,,,0.9,P/L=1.86<2,85.98,90.2,54.99,7.09,False,14,Não,7,8,False,,True,,,,True,True,False,True,4,8,True,True,True,True,False,True,True,True,True,False,True,0.37,True,2026129024.0,1.86,0.51,0.19,0.21,27.23,9.79,15.07,46.56,2.9,2.1,1.95,2.56,0.56,,0.38,-23.9,4.02,6.37,0.37,51.99,48.01,10.1,16.86,34.3,-19.5,1.9,1.17,0.52,13.569999694824219,0.1998710114460401,0.29101219266543443,75.87526711084509,66.0890542092952,,0.4136666666666666,19.48993811775829,37.48250127764066,,,,2,False,379.6,,,n/d,n/d,,,,False,False,,,Em Alta,13.819999694824219,-1.8089725435640136,-21.777283888375255,False,False,False,sem sinal (Em Alta)
BRSR6,SMALL11,SMALL11,Produtos financeiros,68.7,69.8,62.5,17.35,,0.4,,45.62,90.76,90.71,84.4,False,15,Não,2,6,False,,True,,False,False,True,,False,True,5,8,False,False,False,,False,,True,True,True,False,True,,True,5664296448.0,3.7,0.49,11.46,10.16,13.26,9.63,0.0,22.38,,,,,,0.45,37.6,-29.2,4.26,1.0,,93.0,6.99,10.06,18.55,37.6,-25.3,-4.9,1.08,0.64,13.850000381469727,10.054103418779372,18.650361841835736,49.597974339046985,48.79127221912361,69.0135226623509,33.93511808714049,29.4672735706466,,34.061151422674406,33.93511808714049,30.54160627842644,3,True,4.9,120.5170067669373,145.9288843648387,n/d,n/d,,,,False,False,,,Lateral,14.380000114440918,-3.6856726617056634,-25.63347359111252,False,False,False,sem sinal (Lateral)
CXSE3,BOVA11,BOVA11,Insurance,68.66,65.34,87.5,,1.6,0.3,,64.19,33.18,100.0,81.56,False,16,Pivô de alta,4,6,False,,True,,True,True,True,,True,True,7,8,True,False,False,,True,,True,True,True,True,True,,True,57629999104.0,12.74,4.18,7.04,9.62,32.79,28.44,-1.21,75.43,,,,,,1.0,122.6,12.8,11.18,20.76,,8.23,91.77,12.71,22.04,51.1,-12.9,2.4,0.68,0.53,19.209999084472656,13.20480130356737,24.49490641811747,19.97900218754024,12.486644528308076,33.81124070103557,22.898448930232796,16.159835516002904,,20.144289709864466,21.438725558886517,19.294853002997865,4,True,1.9,0.4417174522084899,4.863564132842635,2026-11-09,2026-11-04,próxima,"A Caixa Seguridade (CXSE3) apresenta-se como um caso de estudo interessante no setor de seguros, onde sua alta eficiência operacional, traduzida em uma robusta margem líquida de 75,43%, contrasta com indicadores de retorno que demandam atenção. O retorno sobre o patrimônio líquido (ROE) de 32,8% e o retorno sobre o capital investido (ROIC) de -1,2% situam-se abaixo das médias de seus pares setoriais, que registram 34,3% e 19,5%, respectivamente, sugerindo que a companhia enfrenta desafios para superar a rentabilidade média do seu nicho, apesar de manter uma operação altamente lucrativa. Essa rentabilidade mista convive com múltiplos de valuation pressionados, visto que o preço sobre o lucro (P/L) de 12,74 e o preço sobre o valor patrimonial (P/VP) de 4,18 indicam que o mercado cobra um prêmio considerável pelo papel, desalinhando a clássica relação de alta rentabilidade com preço descontado. No que tange à remuneração ao acionista, o rendimento de dividendos (DY) de 7,04% mostra-se atraente e sustentável, sendo suportado pela forte geração de caixa e pela ausência de alavancagem financeira preocupante, o que confere nota máxima de segurança à empresa. O crescimento histórico da companhia é um forte ponto positivo, com um crescimento anual composto (CAGR) de receita nos últimos cinco anos de 12,8%, superando com folga a média negativa de 2,5% do setor. No checklist de critérios fundamentalistas, a empresa atende a quatro dos seis requisitos aplicáveis, falhando justamente em superar as médias setoriais de ROE e ROIC, mas validando sua solidez pelo valor de mercado bilionário e pela ausência de venda de ações por parte de controladores. Sob a ótica do valuation, o preço atual de R$ 19,21 orbita muito próximo da média dos modelos de precificação teóricos, que é de R$ 20,14, revelando uma dispersão acentuada entre o conservadorismo de Graham, que aponta R$ 12,49, e o otimismo de Lynch, que projeta R$ 33,81. Essa proximidade com o preço-teto ajustado com margem de segurança, calculado em R$ 19,29, limita o potencial de valorização imediato a um modesto upside de 0,4%. Em suma, os principais atrativos da CXSE3 residem em seu crescimento superior ao mercado, margens elevadas e distribuição consistente de proventos com risco financeiro nulo, enquanto os pontos desfavoráveis concentram-se no retorno sobre o capital abaixo dos pares e no preço atual esticado, que oferece pouca margem de segurança para novos aportes.",Pivô de alta,False,False,,,Em Baixa,19.6200008392334,-2.0897132376308414,-13.244038277481529,True,True,True,Pivô de alta
PLPL3,SMALL11,SMALL11,Consumo discricionário,68.48,71.74,50.0,,,0.9,,77.92,80.97,52.37,59.57,False,17,Não,5,8,False,,True,,False,False,True,False,False,True,5,10,True,True,True,False,False,True,True,False,True,True,True,0.57,True,1445714432.0,4.76,1.3,6.92,6.32,27.32,38.02,24.26,8.62,1.97,1.22,0.7,3.0,1.2,0.32,30.09,-37.3,2.8,7.78,1.2,73.04,24.14,6.46,17.36,10.2,-59.0,-21.7,1.47,0.5,7.119999885559082,3.214732338355602,5.963328487649641,19.819327412533156,13.576758507809151,31.892069542093417,10.95072400487419,18.099159372954812,29.414361545717924,,,,6,False,9.9,,,n/d,2025-12-30,última,,,False,False,,,Em Baixa,7.449999809265137,-4.429529290667267,-59.03486719285751,True,False,False,sem sinal (Em Baixa; sem novo topo (-4.4%))
VLID3,SMALL11,SMALL11,Bens Industriais,67.61,67.19,70.0,,,0.7,,62.12,74.49,66.22,73.76,False,18,Não,4,8,False,,True,,False,False,True,True,False,True,7,10,True,False,True,False,False,True,True,False,True,True,True,0.1,True,1366989824.0,6.18,0.81,10.92,8.58,13.18,13.73,15.68,11.15,3.22,0.48,0.43,2.3,0.41,1.0,53.03,-32.9,10.05,7.18,1.13,45.32,54.23,16.3,22.63,7.2,-22.7,-1.9,0.93,0.51,17.479999542236328,10.713847376454595,19.874186883323272,37.477345296865906,37.0591905335928,41.781012257380084,34.504040654888605,18.56246598134294,31.88800278970118,31.592320628156397,34.504040654888605,31.053636589399744,7,True,3.9,77.65238788688696,80.73410443645005,2026-11-04,2026-08-13,última,,,False,False,,,Lateral,18.134065628051758,-3.606836432772409,-23.440248952572297,True,False,False,sem sinal (Lateral)
GRND3,SMALL11,SMALL11,Consumo discricionário,66.54,64.16,80.0,,,0.9,DY5a=20.2%>=20,62.69,63.93,67.77,,False,19,Não,5,8,False,,True,,True,False,True,True,False,True,8,10,True,True,False,True,False,True,True,False,True,True,True,-0.31,True,3139516928.0,5.42,0.98,42.76,20.24,18.04,16.72,7.81,24.95,8.27,-3.59,-6.43,2.05,0.02,0.36,109.68,-24.5,4.64,2.66,2.01,29.93,70.07,3.37,4.83,3.3,-28.0,-10.1,0.72,0.45,3.4800000190734863,5.030148804333234,9.33092603203815,8.507380120428724,7.162387676869555,19.261992725499002,6.059476722895763,7.769003732617932,2.319104650068493,,,,6,False,8.3,,,2026-11-05,2026-04-24,última,,,False,False,,,Em Baixa,3.554507255554199,-2.096134038389974,-28.721585487533474,True,False,False,sem sinal (Em Baixa; sem novo topo (-2.1%))
LAVV3,SMALL11,SMALL11,Imobiliário,66.31,63.89,80.0,,,0.8,,66.53,53.72,55.1,95.04,False,20,Não,5,8,False,,True,,True,False,True,True,False,True,8,10,True,True,False,True,False,True,True,False,True,True,True,0.37,True,2003202048.0,5.55,1.38,23.7,14.03,24.9,19.67,8.69,19.91,7.05,1.5,2.42,4.12,0.86,1.01,77.85,-30.3,2.93,4.85,1.47,60.31,33.37,9.22,18.94,11.2,-45.9,-11.1,1.49,0.71,10.25,10.270053850104986,17.879471668182678,22.965970742022343,17.568273736145937,36.091520909429484,24.121742385587915,11.33576894316089,10.25,18.810350279329278,17.723872702164307,15.951485431947876,8,True,3.5,55.62424811656466,83.51561248126124,n/d,2026-02-03,última,,,False,False,,,Lateral,10.569999694824219,-3.027433340238528,-45.995783734395765,True,False,False,sem sinal (Lateral)
LREN3,BOVA11+SMALL11,BOVA11,Consumo discricionário,66.23,65.57,70.0,,,0.9,,68.23,74.6,56.59,48.94,False,21,Não,6,8,False,,True,,False,False,True,True,True,True,7,10,True,True,True,False,False,True,True,True,True,True,True,0.13,True,10377899008.0,7.28,1.05,8.44,4.37,14.41,11.89,23.53,9.35,1.95,0.59,0.35,1.69,0.32,0.74,31.78,3.2,6.31,6.22,1.29,46.72,53.28,10.5,16.05,2.9,-32.7,-22.0,1.46,0.66,10.800000190734863,3.367718437154572,6.247117700921732,19.656593753741333,18.529115267538884,21.059819339809284,15.92813033608202,13.129840677605795,29.569590578136115,,,,6,False,8.8,,,2026-11-05,2026-06-24,última,,,False,False,,,Em Baixa,13.670000076293945,-20.99487834338889,-34.59224337860515,True,False,False,sem sinal (Em Baixa; sem novo topo (-21.0%))
TGMA3,SMALL11,SMALL11,Bens Industriais,66.09,65.4,70.0,,,0.7,,78.82,30.53,70.0,82.98,False,22,Não,7,8,False,,True,,False,False,True,True,True,True,7,10,True,True,True,False,True,True,True,True,True,True,True,0.03,True,2333537792.0,9.2,2.35,10.26,10.07,25.55,24.91,27.01,10.14,6.35,0.07,0.04,2.22,0.23,4.87,92.61,23.5,6.97,14.79,1.33,34.75,65.25,26.65,39.14,32.8,-9.6,14.9,0.92,0.51,35.38999938964844,25.447006381197745,29.967247721880668,32.35749191539541,36.10305636518475,45.98394662470416,48.24425106572141,14.83986886448243,30.484031038271805,32.92836249710479,31.420761476833604,28.278685329150246,8,True,3.3,-20.0941344536396,-6.95574155128037,n/d,n/d,,,,False,False,,,Em Alta,35.20000076293945,0.5397688141786317,-10.48688079255269,False,False,False,sem sinal (Em Alta)
DIRR3,BOVA11+SMALL11,BOVA11,Consumo discricionário,65.95,65.23,70.0,,,0.9,,71.96,51.49,54.48,90.78,False,23,Não,5,8,False,,True,,False,False,True,False,True,True,7,10,True,True,False,True,False,True,True,False,True,True,True,0.31,True,5725241856.0,6.7,2.46,14.08,12.12,36.78,26.14,9.99,17.73,4.91,0.6,0.83,4.18,1.16,0.97,81.21,8.6,4.79,5.44,1.01,82.45,14.5,10.3,16.95,6.9,-35.0,-13.8,1.49,0.64,11.010000228881836,9.53170258240875,17.68130829036823,21.773507915326018,12.863928933299864,31.27631893907824,25.272397033594572,11.530064126390997,9.49166905910143,17.42761210994601,15.272618611834046,13.745356750650641,8,True,3.3,24.844291234375437,58.28893503770565,n/d,2025-12-17,última,,,False,False,,,Em Baixa,11.8100004196167,-6.773921780782022,-36.203037233781686,True,False,False,sem sinal (Em Baixa; sem novo topo (-6.8%))
INTB3,SMALL11,SMALL11,Tecnologia de informação,65.75,66.76,60.0,,,0.5,,72.26,55.65,78.24,46.81,False,24,Pivô de alta,5,8,False,,True,,False,False,True,True,True,True,6,10,True,True,True,False,False,True,True,False,True,True,True,-0.17,True,4721656320.0,7.92,1.43,8.33,4.3,18.07,19.14,17.52,13.1,6.25,-1.0,-0.8,2.64,0.26,0.66,34.05,14.3,7.26,5.97,1.67,43.4,56.17,9.95,15.13,45.0,-4.6,5.2,1.05,0.48,14.430000305175781,4.431663296288034,8.220735414614301,24.141098995401396,20.338877931530398,29.545519564585746,16.717798658738698,18.514661119086007,14.201123065365616,18.811402107046025,18.514661119086007,16.663195007177407,7,True,6.7,15.476054433627562,30.36314420796453,n/d,n/d,,,Pivô de alta,False,False,,,Em Alta,15.130000114440918,-4.6265684333803625,-7.848827262453195,False,True,False,Pivô de alta
CEAB3,BOVA11+SMALL11,BOVA11,Consumo discricionário,64.94,64.64,66.66666666666667,,,0.9,,59.86,90.67,43.62,63.12,False,25,Não,5,8,False,,False,,False,,True,True,False,True,6,9,True,True,True,False,False,True,True,False,False,False,True,0.51,True,2355102976.0,4.3,0.64,6.64,6.49,14.79,7.33,14.93,7.02,1.94,1.94,1.82,1.67,0.72,0.4,27.89,-9.5,4.22,5.91,0.81,60.22,39.78,7.28,17.96,7.8,-56.3,-25.6,1.73,0.57,7.849999904632568,3.6372918480417624,6.7471763781174685,24.18895319450733,22.445883048141557,31.311317560398304,9.605681426851284,17.114549788039614,,,,,5,False,8.6,,,n/d,n/d,,,,False,False,,,Em Baixa,9.4399995803833,-16.843217652835662,-56.56759959555542,False,False,False,sem sinal (Em Baixa; sem novo topo (-16.8%))
ALPA4,SMALL11,SMALL11,Consumo discricionário,64.53,63.57,70.0,,,0.9,,75.64,41.12,58.3,75.89,False,26,Não,6,8,False,,False,,False,False,True,True,True,True,7,10,True,True,True,False,True,True,True,False,True,False,True,0.19,True,9237154816.0,13.25,2.57,13.2,8.78,19.37,-7.05,17.96,14.52,8.46,0.82,0.64,1.91,0.39,0.14,116.33,92.8,11.07,7.61,0.98,45.48,54.52,8.0,16.06,70.1,-15.3,11.0,1.07,0.45,13.600000381469727,8.528550104542024,15.820460443925452,13.600000381469723,11.054921901314653,30.79245369389372,10.329989999999999,12.41962298987047,6.216978540913663,11.138646337433713,11.054921901314653,9.949429711183189,7,True,5.0,-26.84243064625581,-18.098190992624218,n/d,n/d,,,,False,False,,,Em Alta,13.529999732971191,0.5173736133043061,-16.152891755843847,False,False,False,sem sinal (Em Alta)
MULT3,BOVA11+SMALL11,BOVA11,Imobiliário,63.23,62.03,70.0,,,0.8,,86.46,41.32,43.74,40.43,False,27,Não,7,8,False,,True,,False,False,True,True,True,True,7,10,True,True,True,True,True,True,True,False,True,True,True,0.74,True,13464497152.0,10.15,2.08,4.09,3.71,20.52,17.07,18.7,43.42,7.55,2.13,1.59,1.64,0.75,0.79,37.65,62.0,10.36,10.89,0.29,52.11,47.88,25.46,35.12,7.7,-21.9,-6.9,1.27,0.8,27.420000076293945,7.264887280014469,13.47636590442684,35.79458138038372,28.307011550239878,44.58429127869899,26.46258109821177,28.942595263680538,24.89125670295465,28.922669025513766,28.307011550239878,25.47631039521589,7,True,6.1,-7.088583791648051,5.4801930891275275,2026-10-29,2026-07-01,última,,,False,False,,,Em Baixa,28.700000762939453,-4.459932587522375,-22.274872361821828,True,False,False,sem sinal (Em Baixa; sem novo topo (-4.5%))
BBSE3,BOVA11,BOVA11,Insurance,62.22,59.97,75.0,,1.3,0.3,,67.92,31.94,61.0,92.2,False,28,Pivô de alta,5,6,False,,True,,True,False,True,,False,True,6,8,True,True,False,,True,,True,True,True,True,True,,True,76504604672.0,8.33,7.03,11.81,12.82,84.38,83.67,0.0,87.93,,,,,,,106.79,-0.1,8.95,28.81,,55.04,44.96,28.18,40.52,39.9,-2.7,10.2,0.55,0.51,39.40999984741211,36.08952110000523,52.546342721607616,49.203361154031924,24.428540978187634,,59.50416498381771,12.63877546126919,,49.335847489865614,50.87485193781977,45.7873667440378,4,True,1.6,16.1821033273728,25.18611438945564,2026-11-03,2026-08-07,última,"A BB Seguridade (BBSE3) apresenta-se como um caso de estudo robusto no setor de seguros, destacando-se por uma rentabilidade excepcional traduzida em um ROE de 84,4%, patamar que se posiciona muito acima da média do setor de 34,3% e sugere uma eficiência singular na alocação do patrimônio líquido dos acionistas. Essa alta rentabilidade convive com uma dinâmica de preço peculiar, onde o múltiplo P/L de 8,33 indica um valuation atrativo, embora o P/VP de 7,03 revele um prêmio substancial sobre o valor patrimonial, o que é justificado pela natureza de leveza de ativos da companhia, evidenciada pelo ROIC nulo de 0,0% que fica abaixo da média setorial de 19,5%. O perfil financeiro da empresa é coroado por um expressivo dividend yield de 11,81%, o qual se mostra altamente sustentável quando correlacionado à sua extraordinária margem líquida de 87,93% e à ausência de pressões de endividamento típicas de holdings de seguros, garantindo que a distribuição de proventos seja lastreada por uma real e forte geração de lucro. No quesito crescimento, o CAGR de receita nos últimos cinco anos registrou uma leve retração de -0,1%, desempenho que, contudo, posiciona a empresa acima de seus pares que amargaram uma queda média de -2,5% no mesmo período. Essa resiliência operacional é ratificada pelo checklist de critérios fundamentalistas, no qual a companhia atende a expressivos 5 de 6 requisitos aplicáveis, falhando apenas no indicador de ROIC setorial, mas confirmando sua solidez com valor de mercado robusto e alinhamento de controle pela ausência de vendas de ações por insiders. Sob a ótica de valuation, a análise das faixas de preço-teto revela uma dispersão relevante entre os métodos de avaliação, variando desde a postura mais conservadora de Graham a R$ 24,43 e Bazin a R$ 36,09, até as projeções mais otimistas de DCF a R$ 49,20 e Gordon a R$ 52,55. Essa divergência converge para uma média de R$ 49,34 e uma mediana de R$ 50,87, resultando em um preço-teto ajustado com margem de segurança de R$ 45,79 que, frente ao preço atual de R$ 39,41, sugere um potencial de valorização de 16,2%. Em um balanço final, os prós da BBSE3 concentram-se em sua rentabilidade sobre o patrimônio fora da curva, margem líquida quase integral, forte histórico de dividendos e resiliência frente ao setor, enquanto os contras residem no crescimento histórico de receita estagnado, no ROIC nulo decorrente de sua estrutura corporativa e no prêmio patrimonial exigido pelo mercado.",Pivô de alta,False,False,,,Lateral,39.6523323059082,-0.6111430132950457,-3.3255556596956004,True,True,True,Pivô de alta
CYRE3,BOVA11+SMALL11,BOVA11,Consumo discricionário,62.05,58.88,80.0,,,0.9,,60.89,61.96,45.54,68.79,False,29,Não,4,8,False,,True,,False,False,True,True,True,True,8,10,True,True,False,True,False,False,True,False,True,True,False,0.53,True,8824430592.0,5.36,0.98,9.6,7.26,18.26,15.44,7.03,20.62,8.61,3.1,6.18,3.37,0.73,0.48,38.93,16.4,4.49,3.68,1.17,56.08,39.17,19.83,35.31,21.5,-31.8,5.8,1.71,0.66,24.09000015258789,12.498486211306135,23.18469192197288,59.55083992943834,49.85774466322926,82.7619686823537,33.575833098162654,43.508382772962825,5.300682749020105,,,,6,False,15.6,,,n/d,n/d,,,,False,False,,,Em Alta,24.729999542236328,-2.5879474383142753,-33.111478444635424,False,False,False,sem sinal (Em Alta)
VIVA3,BOVA11+SMALL11,BOVA11,Consumo discricionário,61.91,62.25,60.0,,,0.9,,76.54,51.61,66.01,17.02,False,30,Não,6,8,False,,True,,False,False,True,True,True,True,6,10,True,True,True,True,False,True,True,False,True,True,True,0.28,True,5337565696.0,9.15,1.68,3.07,1.97,18.4,21.98,17.32,18.56,6.04,1.1,0.89,4.19,0.4,0.61,18.04,0.4,7.11,10.38,1.73,37.54,62.46,20.42,35.35,11.2,-35.8,-1.7,1.13,0.51,22.700000762939453,3.1974813481023188,5.931327900729801,32.87158580425658,27.4632507976689,42.10543719317205,10.853405399094557,30.018580243887147,14.77016409447442,,,,6,False,13.2,,,n/d,2025-12-22,última,,,False,False,,,Lateral,22.290000915527344,1.839389100816513,-36.75381978348498,True,False,False,sem sinal (Lateral)
SEER3,SMALL11,SMALL11,Consumo discricionário,61.81,62.13,60.0,,,0.9,,70.01,81.98,40.03,21.28,False,31,Não,5,8,False,,False,,False,False,True,True,True,False,6,10,True,True,True,False,False,True,True,False,True,False,True,0.74,True,1512158080.0,5.6,1.0,4.04,2.42,17.83,-1.1,17.04,11.85,2.58,1.79,1.47,1.64,0.92,0.37,13.56,29.3,4.73,9.65,0.47,59.3,40.7,8.27,13.75,42.9,-14.1,-1.0,1.41,0.47,11.8100004196167,2.0428393749623686,3.7894670405551936,27.943304564271653,23.67266534349759,36.7410281328078,9.158754146,25.51803662095752,37.816245458761706,,,,5,False,18.5,,,n/d,n/d,,,,False,False,,,Lateral,12.1899995803833,-3.117302492594942,-16.418964444686523,False,False,False,sem sinal (Lateral)
TOTS3,BOVA11+SMALL11+Wishlist,BOVA11,Tecnologia de informação,61.45,58.18,80.0,,,0.5,,86.25,31.93,49.84,14.18,False,32,Não,6,8,False,,True,,False,False,True,True,True,True,8,10,True,True,True,True,True,False,True,False,True,True,True,0.55,True,18588698624.0,13.25,3.46,2.16,1.39,26.12,14.98,23.37,21.63,7.62,2.09,1.25,1.84,0.92,0.88,18.41,269.5,15.39,7.39,1.0,42.41,54.01,27.05,47.43,20.5,-31.3,4.9,0.96,0.44,32.599998474121094,3.234610402654326,6.000202296923774,32.59999847412109,22.838251450992594,40.32336020746996,10.59424454785779,29.770564644291717,23.85300012742309,,,,6,False,12.5,,,2026-11-04,2026-06-16,última,"A TOTVS (TOTS3) apresenta uma sólida eficiência operacional no setor de tecnologia da informação, com um ROE de 26,1% e um ROIC de 23,4% que se posicionam significativamente acima dos pares setoriais (9,1% e 13,4%, respectivamente), sugerindo uma forte capacidade de geração de valor sobre o capital empregado. Essa elevada qualidade operacional convive com múltiplos de valuation que exigem atenção, pois o P/VP de 3,46 indica um prêmio em relação ao valor patrimonial, embora o P/L de 13,25 e o PEG de 0,88 sinalizem que o preço atual está atrativo quando confrontado com o forte ritmo de crescimento dos lucros. No âmbito financeiro, a excelente rentabilidade, traduzida em uma margem líquida de 21,63%, ajuda a suportar um endividamento cuja relação Dívida Líquida/EBITDA de 2,09 está acima da média do setor (1,39), mas que permanece sob controle e bem respaldada por uma liquidez corrente confortável de 1,84. Essa alavancagem mais alta e o foco na expansão explicam o modesto dividend yield de 2,16%, demonstrando que a companhia prioriza a retenção de caixa para sustentar seu crescimento em detrimento de proventos agressivos. O perfil de expansão da empresa é altamente robusto, evidenciado por um impressionante CAGR de receita de cinco anos de 269,5%, patamar que supera com folga a média setorial de 74,1%. No checklist de critérios fundamentalistas, a TOTS3 atende a 6 dos 8 requisitos avaliados, falhando apenas na relação de endividamento comparada ao setor e no registro de venda de ações por parte de insiders. Sob a ótica do valuation, as estimativas de preço-teto revelam uma enorme dispersão entre as metodologias, variando desde patamares muito baixos nos modelos de fluxo de caixa de dividendos, como Bazin (R$ 3,25) e Gordon (R$ 6,03), até avaliações mais generosas baseadas em crescimento e fluxo de caixa livre, como Graham (R$ 22,94), o próprio preço atual via DCF (R$ 32,75) e o modelo de Lynch (R$ 40,51), o qual aponta o maior potencial de valorização. Como prós, destacam-se o crescimento exponencial da receita, a rentabilidade muito acima da média e a forte tendência de alta no sinal gráfico de rompimento; como contras, pesam o endividamento superior ao dos pares, a distribuição tímida de dividendos e a pressão vendedora de insiders.",,True,False,,,Em Alta,32.75,-0.45801992634780797,-31.63291935983593,True,False,False,sem sinal (Em Alta)
TEND3,SMALL11,SMALL11,Consumo discricionário,61.38,63.39,50.0,,,0.9,,76.97,58.55,53.22,34.75,False,33,Não,5,8,False,,False,,False,False,True,True,False,False,5,10,True,True,True,False,False,True,True,False,True,False,True,0.24,True,3931944192.0,6.79,2.55,4.56,3.32,37.61,-8.65,14.39,12.08,4.66,0.47,0.46,1.96,0.79,0.45,22.55,-11.5,4.66,7.18,0.76,81.81,18.11,20.2,36.71,58.7,-12.7,1.0,1.62,0.56,32.060001373291016,7.605318787487681,14.107866350789648,62.56185834994196,36.54683885613228,86.50581496674414,22.514801130999526,57.131961210135685,29.41951074080377,,,,6,False,11.4,,,n/d,n/d,,,,False,False,,,Lateral,33.66999816894531,-4.7816955248285,-13.89130525334279,False,False,False,sem sinal (Lateral)
ABCB4,SMALL11,SMALL11,Produtos financeiros,61.27,65.47,37.5,16.87,,0.4,,51.37,69.43,83.86,82.27,False,34,Não,2,6,False,,True,,False,False,True,,False,True,3,8,True,False,False,,False,,True,False,True,True,True,,True,5937403392.0,5.89,0.83,11.31,10.05,14.05,14.98,0.0,40.92,,,,,,1.03,59.19,-2.9,4.82,1.54,,89.78,10.19,19.15,26.85,20.3,-14.2,-2.6,0.91,0.69,23.040000915527344,16.537019047654148,29.615994216092513,50.03895731343963,49.4284574677156,61.73828447219761,45.76200014120314,24.54952762954982,,35.48849267959736,37.688997178647824,33.92009746078304,4,True,3.0,47.22263937899098,54.02991002348703,n/d,n/d,,,,False,False,,,Em Baixa,24.15999984741211,-4.635757197675372,-15.692060165398525,False,False,False,sem sinal (Em Baixa; sem novo topo (-4.6%))
SAPR11,SMALL11,SMALL11,Serviços públicos,60.95,59.35,70.0,,,0.1,,57.7,57.88,64.41,60.28,True,35,Não,4,8,False,,True,,False,False,False,True,True,True,7,10,False,False,True,False,False,True,True,True,False,True,True,0.21,True,10052535296.0,22.08,0.83,1.66,6.34,3.76,14.91,11.83,6.04,3.94,0.89,1.05,1.86,0.6,1.92,140.07,11.5,6.26,5.91,0.51,53.34,46.66,31.45,47.9,5.8,-30.6,-12.3,0.98,0.55,33.2599983215332,15.070880866950532,27.956484008193232,19.959011673927307,36.8531743095158,26.87872793636501,15.033916666666668,14.91277098655701,78.37239813230944,22.38070949259651,19.959011673927307,17.963110506534576,7,True,5.3,-45.99184782608695,-32.70982975935155,n/d,n/d,,,,False,False,,,Em Baixa,34.83000183105469,-4.5076182227520185,-31.7323532672662,False,False,False,sem sinal (Em Baixa; sem novo topo (-4.5%))
ITSA4,BOVA11,BOVA11,Financial Services,60.37,59.26,66.66666666666667,,,0.4,,60.83,47.8,,80.85,False,36,Pivô de alta,5,6,False,,True,,False,False,True,,True,True,6,9,True,True,True,,True,,True,False,True,True,True,,True,144574808064.0,7.97,1.54,8.73,9.4,19.36,17.48,0.38,214.29,,,,,,1.64,74.91,28.4,6.79,0.38,0.64,16.02,79.82,9.72,14.81,32.8,-12.9,-3.0,1.23,0.88,12.899999618530273,8.660681302560317,13.905778742838928,18.5629330238132,17.465918744796472,23.074838563235694,17.336793067638347,9.265468065322638,,14.616546534212699,15.621285905238636,14.059157314714772,4,True,2.1,8.985718840793,13.30656563134065,n/d,2026-09-01,próxima,"A Itaúsa (ITSA4) apresenta-se como uma holding financeira robusta, cujo retorno sobre o patrimônio líquido (ROE) de 19,4% e o retorno sobre o capital investido (ROIC) de 0,4% posicionam-se ligeiramente acima de seus pares do setor de serviços financeiros, sugerindo uma eficiência operacional superior mesmo em um cenário de tendência de baixa no curto prazo. Essa qualidade na rentabilidade convive com múltiplos de valuation atraentes, uma vez que o preço sobre o lucro (P/L) de 7,97 e o preço sobre o valor patrimonial (P/VP) de 1,54 indicam que o papel é negociado a patamares razoáveis frente à sua capacidade de geração de caixa. O excelente rendimento de dividendos (DY) de 8,73% mostra-se sustentável e coerente com a extraordinária margem líquida de 214,29%, sendo suportado por um crescimento histórico consistente, evidenciado pelo CAGR de receita de cinco anos de 28,4%, que supera a média de seus pares. No âmbito do checklist fundamentalista, a companhia demonstra solidez ao atender a cinco dos seis critérios avaliados, falhando apenas no quesito de transações de insiders, enquanto confirma sua robustez ao registrar ROE, ROIC e crescimento acima do setor, além de um valor de mercado muito superior ao mínimo exigido. Sob a ótica do valuation, a análise dos preços-teto revela uma dispersão relevante entre os métodos, variando desde o conservador modelo de Bazin a R$ 8,66 até o otimista critério de Lynch a R$ 23,07, refletindo diferentes premissas de crescimento e desconto. A média dessas metodologias estabelece-se em R$ 14,62 e a mediana em R$ 15,62, enquanto o preço-teto ajustado com margem de segurança fica em R$ 14,06, o que confere ao preço atual de R$ 12,90 um upside de 9,0% em relação a essa métrica de referência. Em suma, os prós da Itaúsa concentram-se em sua rentabilidade acima da média, forte histórico de crescimento, elevado retorno de dividendos e desconto perante o valor intrínseco ajustado, ao passo que os contras residem na tendência técnica de baixa no mercado e na ocorrência de vendas por parte de insiders.",Pivô de alta,False,False,,,Em Baixa,13.729999542236328,-6.045156237280292,-14.287420989363586,True,True,True,Pivô de alta
BBDC3,BOVA11,BOVA11,Produtos financeiros,60.09,59.66,62.5,15.65,,0.4,,49.0,67.22,66.43,75.18,False,37,Não,3,6,False,,True,,False,False,True,,True,True,5,8,True,False,False,,True,,True,False,True,True,True,,True,157990518784.0,6.38,0.9,9.48,8.7,14.13,11.35,0.0,26.07,,,,,,1.02,55.52,17.8,,1.07,,92.32,7.66,12.81,17.96,16.4,-16.9,-4.5,1.16,0.84,14.920000076293945,9.27388800151337,17.203062242807302,30.985893575375357,29.534422976965928,35.048443830519204,25.51038176036819,15.486171422834934,,20.743306395016056,21.356722001587748,19.221049801428975,4,True,3.3,28.82741087896421,39.03020300901092,2026-11-04,2026-09-02,próxima,,,False,False,,,Em Baixa,15.75,-5.269840785435265,-17.977831505769238,True,False,False,sem sinal (Em Baixa; sem novo topo (-5.3%))
ITUB4,BOVA11,BOVA11,Produtos financeiros,60.07,57.44,75.0,15.95,,0.4,,58.69,40.31,70.71,68.09,False,38,Não,4,6,False,,True,,False,False,True,,True,True,6,8,True,True,False,,True,,True,False,True,True,True,,True,434812878848.0,9.33,2.09,7.89,7.16,22.45,19.06,0.0,32.58,,,,,,1.25,66.77,8.1,7.74,1.58,,92.99,6.67,33.18,48.4,18.9,-18.5,-4.7,1.18,0.85,39.45000076293945,20.166821179980225,37.40945328886331,56.024920697636404,42.37642446456151,61.80196330867626,45.16906414890201,31.121314152931614,,39.69256482884549,41.289258718882664,37.1603328469944,4,True,2.8,-5.8039743261451004,0.614864540468929,n/d,2026-09-01,próxima,,,False,False,,,Em Baixa,42.380001068115234,-6.91363905457798,-18.9921937161473,True,False,False,sem sinal (Em Baixa; sem novo topo (-6.9%))
CMIN3,BOVA11,BOVA11,Materiais,60.02,65.32,30.0,,,1.0,,82.86,45.8,34.0,97.87,False,39,Não,7,8,False,,True,,False,False,True,False,True,False,3,10,True,True,True,False,True,True,True,True,True,True,True,0.16,True,32239089664.0,13.95,4.43,18.19,16.61,31.79,32.01,20.33,13.41,5.42,0.2,0.14,1.17,1.24,0.15,231.68,90.7,14.91,8.29,0.53,80.09,19.91,4.08,6.24,46.8,-4.0,21.2,1.08,0.48,5.989999771118164,7.1058351332452485,13.181324172169933,5.689426305900764,3.6143407808112546,12.881719937888525,6.133333333333334,5.1956270416150385,5.473701748879975,7.4094135567305095,5.911379819617049,5.320241837655344,8,True,3.6,-11.181268097741427,23.696391316345267,n/d,2026-04-17,última,,,False,False,,,Em Alta,5.96999979019165,0.33500806749393597,-6.007731926718918,True,False,False,sem sinal (Em Alta)
TFCO4,SMALL11,SMALL11,Consumo discricionário,59.5,59.41,60.0,,,0.9,,80.85,30.19,69.23,16.31,False,40,Não,5,8,False,,True,,False,False,True,True,True,True,6,10,True,True,True,False,False,True,True,False,True,True,True,0.2,True,1945531776.0,13.36,3.21,2.49,1.72,23.99,26.81,27.1,13.1,8.25,0.48,0.25,3.17,0.28,0.89,23.03,9.3,8.43,16.01,1.67,41.96,57.74,12.65,18.1,1.3,-29.2,-13.3,1.25,0.67,12.819999694824219,1.5786563031990382,2.9284074424342155,12.714445805121322,9.285889869344075,16.04799278945732,6.104046666666666,11.610927867318342,6.329231874984288,,,,6,False,10.2,,,n/d,n/d,,,,False,False,,,Em Baixa,14.989999771118164,-14.476318275034084,-29.47463883631918,False,False,False,sem sinal (Em Baixa; sem novo topo (-14.5%))
ISAE4,BOVA11,BOVA11,Serviços públicos,59.32,59.2,60.0,,,0.1,,61.05,47.86,60.54,76.6,True,41,Não,5,8,False,,True,,False,False,True,True,True,True,6,10,False,True,False,True,True,False,True,True,True,True,True,0.67,True,18876243968.0,6.68,0.85,6.48,8.95,12.71,14.91,9.63,26.39,7.47,3.41,4.96,5.28,0.79,1.31,59.8,220.0,9.01,6.2,0.28,54.58,44.81,21.0,31.63,27.4,-15.4,-4.7,0.98,0.68,26.75,17.104582181575157,28.311277772819338,47.344146207986,53.24972279891534,56.30911403228065,42.93483682163758,23.559029453630522,30.768044786991904,37.447594256979556,36.85144080431474,33.16629672388327,8,True,3.3,23.986155977133716,39.99100656814787,n/d,2026-04-20,última,,,False,False,,,Lateral,26.709999084472656,0.14976007824198945,-16.519479775960555,True,False,False,sem sinal (Lateral)
ABEV3,BOVA11,BOVA11,Bens de primeira necessidade,59.17,59.02,60.0,,,0.0,,79.4,18.75,66.09,53.9,True,42,Não,7,8,False,,True,,False,False,True,True,True,True,6,10,True,True,True,True,True,True,True,False,True,True,True,-0.17,True,235000774656.0,14.53,2.67,5.18,5.43,18.4,17.07,20.62,18.41,8.21,-0.57,-0.39,1.02,0.03,3.75,78.92,24.6,13.73,10.3,0.81,38.81,60.59,11.06,16.9,37.7,-9.8,-3.4,0.68,0.46,15.239999771118164,5.912376105039489,8.495852368176934,10.765549805062903,11.60613937821477,9.76553892348896,14.90925468393097,5.35951294962121,10.955026730909887,9.72115636805564,10.265544364275932,9.238989927848339,8,True,2.8,-39.376705599710974,-36.21288376605799,2026-10-29,2026-09-22,próxima,,,False,False,,,Em Baixa,15.84000015258789,-3.787881159658324,-10.314351303632762,True,False,False,sem sinal (Em Baixa; sem novo topo (-3.8%))
BLAU3,SMALL11,SMALL11,Cuidados de saúde,58.83,63.92,30.0,,,0.2,,63.08,57.97,84.65,41.13,True,43,Não,5,8,False,,True,,False,False,True,True,False,False,3,10,False,True,True,False,False,True,True,True,True,True,True,-0.01,True,2095033472.0,9.05,0.91,8.19,3.82,10.02,13.86,12.24,13.09,4.87,-0.09,-0.1,3.23,0.37,1.38,34.54,-14.8,6.54,5.15,1.38,37.94,62.5,8.35,13.7,8.6,-33.8,-8.8,0.77,0.25,9.069999694824219,2.4727130949284217,4.586882791092223,13.27928132115148,14.99179191951746,10.398612907024086,7.31062903669576,6.809197057668844,10.094195991647114,9.638655860685281,10.094195991647114,9.084776392482402,7,True,6.1,0.16291839201070246,6.269638202805727,n/d,n/d,,,,False,False,,,Lateral,9.300000190734863,-2.4731235612208136,-36.498225913259155,False,False,False,sem sinal (Lateral)
EZTC3,SMALL11,SMALL11,Consumo discricionário,58.75,56.76,70.0,,,0.9,,50.72,59.76,67.67,54.61,False,44,Não,3,8,False,,True,,False,False,True,True,False,True,7,10,False,False,False,True,False,True,True,False,True,False,True,0.0,True,3203496960.0,6.03,0.61,8.66,5.69,10.15,7.87,5.14,36.95,10.22,0.07,0.17,3.06,0.34,0.9,34.31,-22.5,5.06,2.75,2.48,28.86,69.9,10.21,16.23,13.1,-28.8,-9.0,1.36,0.61,11.550000190734863,4.694665749191979,8.708604964751121,25.379353652941443,28.566016116491458,23.670144054087512,14.171102762452888,13.144038271963181,4.831418303116641,18.9398766371146,18.9206234082702,17.028561067443178,6,True,6.1,47.43342672066002,63.98161319778784,n/d,n/d,,,,False,False,,,Lateral,11.760000228881836,-1.785714575338404,-29.75957896167223,False,False,False,sem sinal (Lateral)
TAEE11,BOVA11+SMALL11,BOVA11,Serviços públicos,58.5,58.23,60.0,,,0.1,,73.32,26.25,48.71,89.36,True,45,Não,6,8,False,,True,,True,False,True,False,True,True,6,10,True,True,True,True,False,False,True,True,True,True,True,0.45,True,40244490240.0,8.25,1.66,7.72,11.16,20.14,22.05,11.11,36.48,9.45,4.36,5.49,3.48,1.36,5.16,92.06,13.5,8.99,6.9,0.24,66.19,33.81,31.54,43.57,23.5,-10.6,-1.5,0.89,0.69,38.939998626708984,31.03837513739929,35.59923874768555,38.668353569095196,49.91213791285566,60.21617616143855,16.76375510001485,17.35171013880313,28.467369449057486,34.75213952704371,33.318806942542416,29.986926248288174,8,True,3.6,-22.991968911575377,-10.754646243856868,n/d,2026-08-17,última,,,False,False,,,Lateral,39.42622375488281,-1.2332531038142136,-11.120199739056813,True,False,False,sem sinal (Lateral)
VBBR3,BOVA11,BOVA11,Consumo discricionário,58.25,56.18,70.0,,,0.9,,61.44,53.81,46.65,57.45,False,46,Não,6,8,False,,True,,False,False,True,True,True,True,7,10,True,True,True,False,True,True,True,False,False,True,True,0.74,True,40204718080.0,7.97,1.71,4.49,6.06,21.49,20.83,16.06,2.48,5.89,1.52,1.33,2.01,0.93,0.72,48.32,677.0,10.22,9.71,0.57,65.98,33.8,19.01,36.13,76.8,-7.0,4.5,1.05,0.64,33.61000061035156,14.555449395497599,27.00035862864804,55.87609888170114,43.18496416127684,72.40109786632468,38.47805884214759,40.703585384964974,21.489866170876603,42.73343284799141,40.703585384964974,36.633226846468474,7,True,5.0,8.995019878654166,27.144992775840393,n/d,n/d,,,,False,False,,,Lateral,35.40999984741211,-5.083307666808978,-8.24460925389502,False,False,False,sem sinal (Lateral)
KEPL3,SMALL11,SMALL11,Bens Industriais,58.16,63.13,30.0,,,0.7,,64.58,44.48,65.44,98.58,False,47,Não,6,8,False,,True,,False,False,True,True,False,False,3,10,True,True,True,False,False,True,True,True,True,True,True,-0.02,True,1129639808.0,8.38,1.47,4.42,16.63,17.52,36.22,12.97,9.71,6.69,-0.07,-0.08,2.04,0.43,,139.35,-56.2,11.81,6.76,1.34,48.81,51.19,5.69,10.45,14.6,-37.6,-4.8,1.04,0.5,6.519999980926514,7.744252217680399,11.275631228942661,8.091646754371807,8.811669036624172,,8.987435936460594,2.0784861855323187,5.352910135320273,8.37725755156665,8.45165789549799,7.606492105948191,6,True,5.4,16.663989696320257,28.485545645296373,n/d,n/d,,,,False,False,,,Lateral,6.400000095367432,1.8749981839210061,-37.90476208641416,False,False,False,sem sinal (Lateral)
BBDC4,BOVA11,BOVA11,Produtos financeiros,58.09,57.31,62.5,15.65,,0.4,,49.0,58.96,66.43,72.34,False,48,Não,3,6,False,,True,,False,False,True,,True,True,5,8,True,False,False,,True,,True,False,True,True,True,,True,185049546752.0,7.27,1.03,9.15,8.33,14.13,11.35,0.0,26.07,,,,,,1.3,60.57,17.8,5.65,1.07,,92.32,7.66,14.99,20.89,13.4,-18.7,-5.4,1.22,0.82,16.989999771118164,10.111133161794058,17.7300337528756,29.271208879494797,29.45091649314749,32.49121841936877,27.89684497023121,14.427122966244136,,21.252305191098916,22.813439361553407,20.532095425398065,4,True,2.9,20.848120670967994,25.087142303711964,n/d,2026-09-02,próxima,,,False,False,,,Em Baixa,18.049999237060547,-5.872573466739961,-20.005558043627836,True,False,False,sem sinal (Em Baixa; sem novo topo (-5.9%))
ALUP11,SMALL11,SMALL11,Serviços públicos,57.68,55.5,70.0,,,0.1,,61.11,50.58,51.95,49.65,True,49,Não,7,8,False,,True,,False,False,True,False,True,True,7,10,True,True,True,True,True,False,True,True,True,True,True,0.81,True,15601516544.0,7.8,1.12,3.29,4.76,14.38,12.27,10.21,27.68,6.26,3.48,4.77,3.17,1.11,0.86,37.11,176.5,11.83,5.7,0.32,60.84,28.54,28.44,36.3,15.3,-9.6,-0.3,0.83,0.67,32.79999923706055,11.145624749313269,20.675133909976115,55.71794742192976,52.639139354437496,58.03633793664617,28.358493651146304,35.139132219066504,54.26380819457677,43.547141812539884,52.639139354437496,47.37522541899375,7,True,5.2,44.43666622243312,32.76567934591961,n/d,n/d,,,,False,False,,,Lateral,32.65999984741211,0.4286570431797809,-10.446723804179292,False,False,False,sem sinal (Lateral)
CPFE3,BOVA11,BOVA11,Serviços públicos,57.6,58.94,50.0,,,0.1,,76.76,40.53,29.47,83.69,True,50,Não,6,8,False,,True,,False,False,True,False,True,True,5,10,True,True,True,False,False,True,True,True,True,True,True,1.44,True,51332935680.0,8.55,2.26,8.38,10.15,26.43,27.84,15.57,13.16,5.66,2.35,2.11,0.92,1.55,2.45,86.82,21.5,10.21,8.79,0.29,71.02,27.73,35.03,52.32,27.2,-14.8,-2.4,0.96,0.65,44.54999923706055,32.312391767873386,44.51496129312962,51.27320258836094,48.073050685059016,71.06107565136139,59.893094639670956,25.329311927088497,77.11023262183943,51.1959151467979,49.67312663670998,44.705813973038985,8,True,3.0,0.3497524997684298,14.917881085413587,2026-11-12,2026-04-30,última,,,False,False,,,Em Baixa,46.09000015258789,-3.3412907581447993,-15.930448380675422,True,False,False,sem sinal (Em Baixa; sem novo topo (-3.3%))
RECV3,BOVA11+SMALL11,BOVA11,Energia,57.56,62.42,30.0,,,0.9,,54.62,72.36,54.8,87.94,False,51,Não,3,8,False,,True,,False,False,True,True,False,False,3,10,False,False,False,True,False,True,True,False,True,True,True,0.36,True,3043409408.0,6.1,0.69,16.45,10.71,11.26,17.76,10.15,16.73,3.23,1.18,1.63,2.91,0.72,1.56,65.34,-14.8,6.32,5.06,0.52,50.04,49.96,8.89,13.47,16.6,-23.0,-4.4,0.7,0.38,10.369999885559082,7.933673935278387,11.429973623892291,17.494106319734556,23.976210771599405,24.843788179786614,21.06869220101916,8.71222384525243,10.0158971835899,15.684320757519092,14.462039971813423,13.01583597463208,8,True,3.1,25.5143309380119,51.247067797566295,n/d,n/d,,,,False,False,,,Em Alta,10.59000015258789,-2.0774340307733286,-24.791748112782653,False,False,False,sem sinal (Em Alta)
BPAC11,BOVA11,BOVA11,Produtos financeiros,56.61,53.36,75.0,15.65,,0.4,,59.81,41.59,66.43,27.66,False,52,Não,4,6,False,,True,,False,False,True,,True,True,6,8,True,True,False,,True,,True,False,True,True,True,,True,182192111616.0,11.56,2.64,2.61,2.74,22.88,20.48,0.0,39.8,,,,,,0.77,31.64,20.0,8.88,2.41,,90.46,8.68,41.91,63.41,29.0,-14.7,-1.3,1.6,0.85,54.06999969482422,10.571631448937499,19.610376337779062,61.974696882043325,46.42658566900867,82.96304807158204,11.768333333333333,56.59576092624335,,13.98344704001663,11.768333333333333,10.5915,3,True,5.9,-80.41150349587693,-74.13825204560676,n/d,2026-08-11,última,,,False,False,,,Lateral,55.99077224731445,-3.430516271513584,-16.24255661952868,True,False,False,sem sinal (Lateral)
SANB11,BOVA11,BOVA11,Produtos financeiros,56.11,57.19,50.0,14.99,,0.4,,52.15,61.5,57.0,69.5,False,53,Bandeira de alta,3,6,False,,True,,True,False,True,,True,False,4,8,True,False,False,,True,,True,False,True,True,True,,True,159753551872.0,7.19,1.13,7.76,7.32,15.69,10.65,0.0,28.66,,,,,,0.97,52.62,49.8,6.51,1.11,,90.04,9.86,25.1,36.14,18.5,-17.7,7.3,1.17,0.65,29.729999542236328,15.54095037793197,28.828462951063806,54.787551312187944,49.47462312565243,61.00002212844875,36.63504030644169,30.36807367802135,,33.94800123690635,32.73175162875275,29.458576465877474,4,True,3.5,-0.9129602439894136,14.187695121480438,n/d,2026-07-22,última,"O Santander Brasil (SANB11) apresenta-se como uma alternativa robusta no setor de produtos financeiros, exibindo uma rentabilidade ligeiramente abaixo de seus pares, com um ROE de 15,7% frente à média setorial de 15,9% e um ROIC nulo que também fica aquém dos 0,2% do setor. Essa rentabilidade mais tímida, contudo, convive com múltiplos de preço bastante atrativos, uma vez que o P/L de 7,19 e o P/VP de 1,13 sugerem uma relação de qualidade e preço favorável para o investidor focado em valor. O retorno em dividendos de 7,76% mostra-se sustentável e coerente com a forte geração de caixa da instituição, que ostenta uma expressiva margem líquida de 28,66%, garantindo a remuneração dos acionistas sem comprometer a estrutura de capital de um banco de grande porte. No quesito crescimento, o papel destaca-se amplamente ao registrar um impressionante CAGR de receita de 49,8% nos últimos cinco anos, superando com folga a média de 4,2% do setor. O checklist de critérios fundamentalistas revela um desempenho intermediário, com o atendimento de 3 dos 6 requisitos avaliados, penalizado principalmente pelo ROE e ROIC abaixo da média setorial e pelas movimentações de insiders. Sob a ótica do valuation, as estimativas de preço-teto revelam uma dispersão acentuada entre os métodos de cálculo, variando desde os conservadores R$ 15,54 de Bazin e R$ 28,83 de Gordon até os otimistas R$ 49,47 de Graham, R$ 54,79 de DCF e R$ 61,0 de Lynch. Essa divergência resulta em uma média de R$ 33,95 e uma mediana de R$ 32,73, sendo que o preço-teto ajustado com margem de segurança fica em R$ 29,46, indicando que a cotação atual de R$ 29,73 já consome o prêmio estimado, com um upside negativo de 0,9% frente a essa métrica ajustada. Em suma, o ativo traz como pontos positivos o seu crescimento histórico formidável, a margem líquida elevada e o bom patamar de dividendos, enquanto os pontos negativos concentram-se na rentabilidade ligeiramente abaixo dos pares setoriais e na ausência de margem de segurança em relação ao preço-teto ajustado.",Bandeira de alta,False,False,,,Em Alta,29.93000030517578,-0.6682284026066854,-18.456528966731923,True,True,True,"Bandeira de alta — mastro +19%, recuo 26%, bandeira 8d (candidato)"
UGPA3,BOVA11,BOVA11,Consumo discricionário,55.7,53.18,70.0,,,0.9,,63.5,43.08,43.65,51.06,False,54,Não,7,8,False,,True,,False,False,True,True,True,True,7,10,True,True,True,False,True,True,True,True,False,True,True,0.63,True,35655647232.0,10.8,2.08,5.98,4.95,19.25,16.17,21.5,2.26,5.07,1.13,0.74,1.64,0.98,1.2,53.44,44.3,12.24,9.73,0.63,64.07,31.75,16.6,33.72,101.6,-0.8,17.2,1.0,0.56,33.459999084472656,11.825292663794556,21.9359178913389,41.05046183974654,33.4867992482282,43.099269573779445,23.866137301316936,25.73202704941658,27.050012022697263,28.505739698789803,26.391019536056923,23.75191758245123,8,True,3.6,-29.01399213285253,-14.806513811238897,n/d,n/d,,,,False,False,,,Em Alta,33.720001220703125,-0.7710620605518637,-2.192341479308635,False,False,False,sem sinal (Em Alta)
CMIG4,BOVA11,BOVA11,Serviços públicos,55.68,54.92,60.0,,,0.1,,55.23,50.61,37.44,99.29,True,55,Não,5,8,False,,True,,True,False,True,True,False,True,6,10,True,True,False,False,False,True,True,True,True,True,True,0.67,True,30037159936.0,6.54,1.03,10.06,17.43,15.75,21.33,9.3,10.51,6.47,2.49,3.75,1.17,0.78,,114.01,-20.4,9.07,5.94,0.42,57.36,42.63,9.61,13.28,9.2,-20.9,-6.4,0.96,0.73,10.5,13.074848151068373,19.03697890795555,16.69724770642202,19.189915907564938,,14.127676775544375,4.2889908256880735,14.750381614975343,16.146174843921766,15.72381466069868,14.151433194628813,6,True,4.5,34.77555423456013,53.773093751635884,2026-11-12,2026-06-24,última,,,False,False,,,Em Baixa,11.25,-6.666666666666665,-21.263707866382486,True,False,False,sem sinal (Em Baixa; sem novo topo (-6.7%))
GMAT3,SMALL11,SMALL11,Bens de primeira necessidade,55.63,53.68,66.66666666666667,,,0.0,,47.86,69.6,57.07,33.33,True,56,Não,4,8,False,,True,,False,,True,True,False,True,6,9,True,True,False,False,False,True,True,False,False,True,True,0.48,True,10593740800.0,6.52,0.95,2.59,3.24,14.52,15.23,10.1,3.99,4.59,2.21,3.06,1.74,0.56,0.57,21.12,-40.8,5.17,5.51,1.0,52.91,42.64,3.57,7.15,28.9,-35.7,11.5,1.23,0.52,4.599999904632568,1.0642398535160509,1.9741649282722744,9.34815931539594,8.767251826804014,10.365962392105335,4.222542560317113,6.964100621050791,6.821405062665426,,,,6,False,9.7,,,n/d,n/d,,,,False,False,,,Em Alta,4.639999866485596,-0.8620681681899223,-36.48014288083624,False,False,False,sem sinal (Em Alta)
IGTI11,BOVA11+SMALL11,BOVA11,Imobiliário,55.45,52.88,70.0,,,0.8,,69.97,36.72,50.07,21.99,False,57,Não,3,7,False,,True,,False,False,True,True,False,True,7,10,False,False,True,True,False,True,,False,True,False,True,0.48,True,,11.38,1.47,1.2,2.45,12.93,7.32,12.16,41.91,8.69,2.15,2.47,2.73,0.9,1.22,27.94,-35.4,11.16,5.46,0.48,51.02,48.98,21.57,30.19,13.6,-18.8,-4.8,1.32,0.79,24.5,4.295923681060008,7.9689384283663145,28.525922671353243,28.413683923330026,25.34548130182813,2.9698030560941096,18.360783843733888,18.356979484595456,,,,6,False,9.6,,,n/d,n/d,,,,False,False,,,Lateral,24.989999771118164,-1.960783415790479,-19.4783408861002,False,False,False,sem sinal (Lateral)
WEGE3,BOVA11+Carteira,BOVA11,Bens Industriais,55.41,54.6,60.0,,,0.7,,86.48,6.88,59.88,19.86,False,58,Bandeira de alta,6,8,False,,True,,False,False,True,True,False,True,6,10,True,True,True,True,False,True,True,False,True,True,True,-0.17,True,211553730560.0,33.84,11.22,3.98,2.33,33.16,31.31,24.33,15.58,22.01,-0.35,-0.2,1.59,0.29,4.83,78.85,-2.1,27.29,11.21,1.12,56.49,40.84,34.11,53.79,47.8,-6.3,9.7,0.72,0.43,50.41999816894531,8.391674382437875,15.566555979422258,19.741872805511974,12.273897127934267,13.921054104545952,20.609892713032018,10.548446875006661,13.145080728603942,14.27480933956187,13.533067416574948,12.179760674917453,8,True,2.5,-75.84339326212191,-71.6881994090313,2026-10-21,2026-06-22,última,"A WEG (WEGE3) consolida sua posição de destaque no setor de bens industriais ao apresentar uma eficiência operacional excepcional, evidenciada por um ROE de 33,2% e um ROIC de 24,3%, ambos situados confortavelmente acima das médias setoriais de 14,5% e 12,6%, respectivamente. Essa alta rentabilidade convive com múltiplos de preço bastante esticados, como o P/L de 33,84 e o P/VP de 11,22, o que sugere que o mercado cobra um prêmio elevado pela qualidade da empresa, gerando uma clara assimetria entre a excelência dos indicadores de retorno e o valuation pressionado. No âmbito financeiro, a excelente rentabilidade é sustentada por uma estrutura de capital extremamente robusta, onde a relação dívida líquida sobre EBITDA de -0,35 fica muito abaixo do par setorial de 2,39, indicando uma posição de caixa líquido que confere máxima segurança contra oscilações macroeconômicas. Essa solidez financeira e a margem líquida de 15,58% garantem a sustentabilidade do dividendo distribuído, embora o rendimento de 3,98% seja considerado moderado, refletindo uma postura que prioriza o reinvestimento ou a manutenção de caixa em detrimento de proventos agressivos. Por outro lado, o crescimento recente acende um sinal de alerta, visto que a taxa composta anual de receita nos últimos cinco anos recuou 2,1%, desempenho significativamente abaixo da média de expansão do setor, que foi de 21,6%. No checklist de critérios fundamentalistas, a companhia atende a 6 dos 8 requisitos avaliados, falhando justamente no crescimento frente aos pares e na ocorrência de vendas por parte de pessoas internas à empresa, o que não anula sua robustez geral. Sob a ótica de avaliação de preço, os diferentes métodos teóricos revelam uma dispersão notável, variando desde o conservador modelo de Bazin a R$ 8,25 até o fluxo de caixa descontado a R$ 19,41, resultando em uma média de R$ 14,08 e uma mediana de R$ 13,31. Frente ao preço atual de R$ 49,58, o preço-teto ajustado com margem de segurança fica estabelecido em R$ 11,98, o que aponta para um expressivo potencial de desvalorização de 75,8% em relação ao valor justo calculado. Em um balanço final, os pontos positivos residem na rentabilidade espetacular, na saúde financeira impecável com caixa líquido e no forte alinhamento aos critérios de qualidade, enquanto os pontos negativos concentram-se no valuation severamente esticado perante os modelos matemáticos e no crescimento de receita abaixo da média de seus pares de mercado.",Bandeira de alta,False,True,49.82,1.2,Em Alta,49.58000183105469,1.6942240961445254,-7.120502370201887,False,True,False,"Bandeira de alta — mastro +16%, recuo 27%, bandeira 15d (candidato)"
BMOB3,SMALL11,SMALL11,Comunicação,55.34,52.75,70.0,,,0.4,,58.02,26.48,71.01,58.16,False,59,Não,7,8,False,,True,,False,False,True,True,False,True,7,10,True,True,True,False,True,True,True,True,True,True,True,-0.3,True,2016446464.0,12.96,2.2,8.13,6.18,16.97,10.68,11.27,8.49,7.18,-1.91,-2.38,1.69,0.05,3.85,80.15,-1.0,10.79,6.02,1.43,47.82,51.18,18.09,27.93,33.6,-13.5,-0.3,1.22,0.62,24.170000076293945,10.67724121232894,14.533358261208631,18.132201636888407,21.471088877420947,17.815593527387282,23.231626055221508,8.930526323335169,18.853778682816564,16.70567682207593,17.973897582137845,16.176507823924062,8,True,2.6,-33.071957911203896,-30.882595079257204,n/d,n/d,,,,False,False,,,Lateral,23.780000686645508,1.640031027700739,-14.207684300112112,False,False,False,sem sinal (Lateral)
EVEN3,SMALL11,SMALL11,Consumo discricionário,54.31,53.31,60.0,,,0.9,,40.36,70.82,47.85,78.72,False,60,Não,1,8,False,,True,,False,False,True,True,False,True,6,10,False,False,False,False,False,False,True,False,True,False,True,0.36,True,894799040.0,4.55,0.47,20.32,9.09,10.28,7.88,4.93,12.83,7.37,2.85,7.13,4.66,0.64,0.75,41.37,-37.5,2.93,2.92,1.27,57.92,36.05,4.15,8.43,8.7,-46.5,-18.0,1.34,0.63,4.510000228881836,2.9288160450566822,5.432953763580145,13.133517150040511,14.628951351798744,14.986216515800317,9.454733740118359,6.403327803796581,1.4606204626987043,,,,6,False,10.3,,,n/d,n/d,,,,False,False,,,Em Baixa,4.710000038146973,-4.246280417097859,-47.13431995733464,False,False,False,sem sinal (Em Baixa; sem novo topo (-4.2%))
VIVT3,BOVA11,BOVA11,Comunicação,54.01,45.89,100.0,,,0.4,,45.36,35.44,51.88,62.41,False,61,Não,5,8,False,,True,,True,True,True,True,True,True,10,10,False,True,True,False,True,False,True,True,True,False,True,0.16,True,96059924480.0,14.7,1.48,8.01,6.47,10.05,7.53,9.1,10.68,4.25,0.56,0.86,0.95,0.3,30.01,95.13,18.5,9.86,5.51,0.48,46.12,53.66,29.17,40.8,2.7,-26.6,-12.3,0.83,0.56,29.95047378540039,13.843985636311768,14.416102320649363,15.154619705931394,30.458283932130424,14.182604757439865,30.45375548446975,6.070118759002846,37.498510276225616,17.797067227990773,14.416102320649363,12.974492088584427,7,True,6.2,-56.680177477162474,-40.57834491864999,n/d,n/d,,,,False,False,,,Em Baixa,31.096282958984375,-3.684714263422717,-27.0864728145099,False,False,False,sem sinal (Em Baixa; sem novo topo (-3.7%))
PGMN3,SMALL11,SMALL11,Bens de primeira necessidade,53.29,57.4,30.0,,,0.0,,46.37,75.19,44.36,88.65,True,62,Não,4,8,False,,True,,False,False,False,False,True,False,3,10,False,True,True,False,True,False,True,False,False,False,True,0.99,True,2480083968.0,7.6,0.73,6.84,10.75,9.61,5.91,12.78,2.1,2.66,3.59,3.94,1.78,1.02,4.32,81.67,11.1,5.06,6.26,0.83,68.82,31.1,3.13,7.54,10.2,-54.2,-17.9,1.52,0.58,3.450000047683716,2.648221187184128,3.082676097349097,3.7744277128886905,6.947717221214344,5.677819672501725,8.480104657160679,1.7152418347669336,,4.618029769009371,3.7744277128886905,3.3969849415998215,7,True,4.9,-1.5366697203232804,33.85593348353297,n/d,n/d,,,,False,False,,,Lateral,3.5199999809265137,-1.9886344779005638,-54.72440814307718,False,False,False,sem sinal (Lateral)
FLRY3,BOVA11+SMALL11,BOVA11,Cuidados de saúde,52.94,49.93,70.0,,,0.2,,56.4,31.64,50.91,64.54,True,63,Não,5,8,False,,True,,False,False,True,True,True,True,7,10,False,True,True,False,True,False,True,True,True,True,True,0.7,True,10144065536.0,14.5,1.88,6.27,6.57,13.0,10.93,12.7,8.01,5.99,1.78,1.96,1.86,0.98,23.39,95.23,14.4,12.34,6.47,0.55,61.45,37.83,13.07,18.68,42.7,-0.1,16.3,0.96,0.6,18.65999984741211,8.753833568123905,9.216135789655892,9.677566796182235,16.952742645192508,9.249655179813946,17.542416844506516,3.939249751943877,16.17967221207829,11.438909098437145,9.463610987998091,8.517249889198283,8,True,4.5,-54.35557363962407,-38.69823584149938,2026-11-05,2026-08-12,última,,,False,False,,,Em Alta,18.68000030517578,-0.1070688299621203,-3.339564802748518,True,False,False,sem sinal (Em Alta)
BRBI11,SMALL11,SMALL11,Produtos financeiros,52.39,55.75,33.333333333333336,20.63,,0.4,,33.14,47.35,100.0,90.07,False,64,Não,4,5,False,,True,,False,False,True,,False,True,3,9,True,True,True,,False,,,True,True,True,True,,True,,8.56,1.69,10.61,11.84,19.7,21.77,1.85,0.0,,,,,,,101.34,-22.4,6.41,0.94,0.23,95.52,4.48,11.74,20.71,10.8,-37.2,-15.6,0.96,0.48,13.010000228881836,11.001933650466993,16.018815395079944,15.806542334155502,16.225135359053187,,7.333333333333334,4.060197000669064,,12.540156178258943,13.404237992311248,12.063814193080123,4,True,2.2,-7.272759563072151,-3.6114069358726963,n/d,n/d,,,,False,False,,,Em Baixa,14.185785293579102,-8.288473569591249,-38.562960344932065,False,False,False,sem sinal (Em Baixa; sem novo topo (-8.3%))
RDOR3,BOVA11,BOVA11,Cuidados de saúde,52.18,49.03,70.0,,,0.2,,63.49,22.73,51.9,43.97,True,65,Não,5,8,False,,True,,False,False,True,False,True,True,7,10,True,True,True,False,True,False,True,False,True,True,True,0.72,True,76841091072.0,16.4,3.81,12.3,4.01,23.26,13.61,15.63,8.35,6.94,1.12,1.01,2.9,2.51,2.06,65.74,22.9,13.12,6.35,0.64,79.71,18.16,32.33,44.66,9.2,-21.0,-0.3,1.2,0.65,35.29999923706055,10.107037354148057,18.748554291944647,28.51981645677148,21.182711102808472,25.78113290215356,22.883790879566213,16.532082185861608,26.138067898365613,21.236649133952454,22.033250991187344,19.829925892068612,8,True,2.8,-43.82457132959456,-39.83951956674081,n/d,n/d,,,,False,False,,,Lateral,36.06999969482422,-2.134739296585475,-21.471786528584325,False,False,False,sem sinal (Lateral)
COGN3,BOVA11+SMALL11,BOVA11,Consumo discricionário,52.14,51.54,55.55555555555556,,,0.9,,43.36,74.31,44.93,44.68,False,66,Não,2,8,False,,False,,False,,False,True,True,False,5,9,False,False,False,False,True,False,True,False,True,False,True,0.39,True,4464317952.0,6.56,0.34,5.32,4.02,5.11,0.79,10.24,8.96,3.34,2.9,3.97,1.88,0.5,1.74,26.36,34.0,4.55,3.98,0.45,44.22,55.77,2.03,4.57,9.9,-51.2,-9.7,1.56,0.6,2.2300000190734863,0.6400879193711283,0.9083110540122803,3.4456246091956797,7.082796232577443,2.6452108233144123,2.231318221818243,1.7121722501646317,7.208069671381895,,,,4,False,11.3,,,n/d,n/d,,,,False,False,,,Lateral,2.2200000286102295,0.4504500150622537,-52.82163521208264,False,False,False,sem sinal (Lateral)
ASAI3,BOVA11+SMALL11,BOVA11,Bens de primeira necessidade,51.98,54.09,40.0,,,0.0,,70.96,64.95,24.63,9.93,True,67,Não,5,8,False,,True,,False,False,True,False,True,False,4,10,True,True,True,False,True,False,True,False,False,True,True,3.55,False,11202884608.0,11.75,1.79,1.25,0.83,15.21,29.87,21.18,1.24,2.73,3.72,2.46,1.12,4.25,0.86,9.79,123.2,8.38,6.76,0.41,88.47,11.53,7.01,10.43,19.5,-19.8,-3.2,1.69,0.62,8.369999885559082,0.4978787011700179,0.9235649906703832,9.438510509247473,8.657076640576447,10.36773199379102,0.7358538297499456,8.046947282028906,,,,,4,False,20.8,,,n/d,n/d,,,,False,False,,,Lateral,8.960000038146973,-6.58482310352656,-21.16936954640104,False,False,False,sem sinal (Lateral)
SBFG3,SMALL11,SMALL11,Consumo discricionário,51.75,48.53,70.0,,,0.9,,42.43,84.36,28.26,26.95,False,68,Não,3,8,False,,True,,False,True,True,True,True,True,7,10,False,True,False,False,True,False,True,False,False,True,False,0.81,True,1916817920.0,4.58,0.6,6.52,2.7,13.07,10.92,8.98,5.0,3.97,3.49,5.45,1.62,1.0,0.4,12.35,185.0,3.66,4.63,0.8,67.87,32.13,7.96,14.95,4.4,-44.4,-19.9,1.63,0.66,8.3100004196167,1.6003486490686574,2.9686467440223594,24.040940078585425,23.778471839894095,25.67792365139956,6.7094259462754025,17.912571693300276,14.332750647785748,,,,6,False,16.0,,,n/d,n/d,,,,False,False,,,Em Baixa,9.359999656677246,-11.21794097835781,-45.63135591752632,False,False,False,sem sinal (Em Baixa; sem novo topo (-11.2%))
MDIA3,SMALL11,SMALL11,Bens de primeira necessidade,51.0,54.71,30.0,,,0.0,,38.49,64.62,89.16,34.04,True,69,Não,3,8,False,,True,,False,False,False,True,False,True,3,10,False,False,False,False,True,True,True,False,False,False,True,-0.04,True,5822174720.0,9.06,0.69,6.09,3.26,7.65,8.74,8.32,6.23,4.38,-0.31,-0.53,2.55,0.21,1.68,29.52,-0.9,7.45,3.48,1.38,34.41,65.59,16.79,28.44,3.3,-39.0,-9.9,0.71,0.4,17.350000381469727,4.038061652128853,6.921294104128643,23.44539823565604,32.9156248225843,16.56490109728604,20.296589450503497,11.605859771437357,22.376814173415887,,,,6,False,8.2,,,n/d,n/d,,,,False,False,,,Lateral,17.549514770507812,-1.1368655580915155,-39.90574285278473,False,False,False,sem sinal (Lateral)
HYPE3,BOVA11+SMALL11,BOVA11,Cuidados de saúde,50.98,52.92,40.0,,,0.2,,59.73,41.11,57.56,42.55,True,70,Não,3,8,False,,True,,False,False,True,True,True,False,4,10,False,True,False,True,False,False,True,False,True,True,True,0.42,True,15494950912.0,8.87,1.07,4.78,3.87,12.1,12.72,10.74,19.82,7.57,2.25,2.93,1.86,0.53,1.12,34.34,4.5,6.85,6.31,0.5,50.22,49.77,19.85,26.59,10.9,-17.2,1.9,1.07,0.6,22.010000228881836,6.08664140959321,11.290719814795404,32.878523453515704,33.888910539615864,29.321020038820485,25.28068247295777,19.020625922438956,13.16312599291161,23.549086890722258,25.28068247295777,22.752614225661993,7,True,5.6,3.373984502761118,6.992669903841309,n/d,n/d,,,,False,False,,,Em Alta,21.84000015258789,0.778388622281212,-17.88710387339534,False,False,False,sem sinal (Em Alta)
LOGG3,SMALL11,SMALL11,Imobiliário,50.75,49.12,60.0,,,0.8,,51.39,51.33,18.99,93.62,False,71,Pivô de alta,2,8,False,,True,,True,True,True,True,False,False,6,10,False,False,False,True,False,False,True,False,True,False,False,0.57,True,2091306880.0,5.62,0.6,28.74,13.45,10.63,8.83,3.04,136.74,19.25,121.08,302.7,0.52,0.64,2.17,75.59,-33.1,3.88,0.1,0.28,45.7,53.91,15.97,28.1,49.8,-14.9,-4.7,0.92,0.52,23.920000076293945,22.9814504313156,28.941061942555475,38.285458572382545,61.7886423486284,68.29187145555795,41.71075101428656,18.311338388680543,,40.04436773620102,38.285458572382545,34.45691271514429,7,True,3.7,44.0506379817825,67.4095635805922,n/d,n/d,,,Pivô de alta,False,False,,,Em Baixa,25.620685577392578,-6.6379390823144035,-16.071739126769323,False,True,False,Pivô de alta
SBSP3,BOVA11,BOVA11,Serviços públicos,50.51,50.6,50.0,,,0.1,,71.47,31.46,40.45,24.82,True,72,Não,7,8,False,,True,,False,False,True,False,False,True,5,10,True,True,True,True,False,True,True,True,True,True,True,0.76,True,88128643072.0,10.99,1.96,2.7,2.57,17.8,17.28,12.72,19.67,8.08,2.25,2.48,1.47,1.14,0.86,28.22,-33.9,10.1,7.77,0.3,59.31,40.69,22.14,35.21,13.2,-28.8,-14.0,1.12,0.71,25.059999465942383,4.596834088018053,8.527127233273488,30.21337515229632,25.61211449297552,34.98906322208824,11.781548730200335,24.40384962119472,25.059999465942386,25.343325114116254,25.336056979458952,22.802451281513058,6,True,7.6,-9.008572356505551,1.1305892027608566,n/d,n/d,,,,False,False,,,Em Baixa,27.709999084472656,-9.563333475587177,-29.044682872919104,False,False,False,sem sinal (Em Baixa; sem novo topo (-9.6%))
BEEF3,BOVA11+SMALL11,BOVA11,Bens de primeira necessidade,50.42,54.02,30.0,,,0.0,,67.41,58.07,28.11,35.46,True,73,Não,5,8,False,,False,,False,False,True,False,False,True,3,10,True,True,True,False,False,True,True,False,False,True,True,9.15,False,4063685888.0,8.94,2.6,4.77,3.4,29.04,144.02,16.55,0.8,3.84,2.98,2.52,1.43,13.46,0.6,30.38,-57.5,5.52,5.34,0.65,95.87,2.86,3.04,7.18,34.9,-42.9,8.8,0.84,0.34,4.099999904632568,0.9952746025534815,1.846234387736708,6.076621782593012,4.033849326526731,8.437790045328555,3.760485277130923,5.549216873160413,13.186516612111909,,,,5,False,13.2,,,n/d,n/d,,,,False,False,,,Em Alta,4.050000190734863,1.2345607788387003,-43.949377825601275,False,False,False,sem sinal (Em Alta)
GGPS3,SMALL11,SMALL11,Bens Industriais,50.34,50.4,50.0,,,0.7,,61.08,44.06,49.95,19.15,False,74,Não,5,8,False,,True,,False,False,True,False,True,True,5,10,True,True,False,False,True,True,True,False,False,True,True,0.48,True,9404381184.0,10.27,2.09,2.34,2.32,20.36,19.43,11.88,5.1,6.53,1.03,1.22,2.87,1.38,0.68,23.78,207.7,7.61,7.28,0.78,74.55,25.29,11.0,19.55,13.6,-36.1,-3.4,1.14,0.64,12.5,2.067643568969287,3.835478820438028,16.127069133398244,12.79802361537235,21.075658224495623,9.294207014285712,14.72736124634859,10.111587927952904,,,,6,False,10.2,,,n/d,n/d,,,,False,False,,,Lateral,12.539999961853027,-0.3189789631156903,-36.38676721289962,False,False,False,sem sinal (Lateral)
CSMG3,BOVA11+SMALL11,BOVA11,Serviços públicos,49.96,48.19,60.0,,,0.1,,64.33,15.32,34.5,85.11,True,75,Não,5,8,False,,True,,False,False,True,False,False,True,6,10,True,True,True,False,False,True,True,False,True,True,True,0.9,True,20892897280.0,16.2,2.37,3.97,10.18,14.6,15.68,11.59,14.88,8.87,2.77,3.34,1.22,1.06,,164.94,-21.2,11.43,6.35,0.28,51.64,48.36,26.5,67.45,107.9,-18.3,-4.8,0.88,0.47,55.099998474121094,40.071818385516956,58.344567569312694,35.372838526596254,42.180445816604106,,33.8014680094549,9.086154951199864,47.96787202142232,42.956501721484535,41.126132101060534,37.01351889095448,6,True,6.4,-32.82482773871822,-22.039014680445067,n/d,n/d,,,,False,False,,,Em Baixa,63.709999084472656,-13.514363104817539,-18.75553122668898,False,False,False,sem sinal (Em Baixa; sem novo topo (-13.5%))
EGIE3,BOVA11+Wishlist,BOVA11,Serviços públicos,49.64,51.34,40.0,,,0.1,,78.55,22.89,19.45,63.83,True,76,Não,7,8,False,,True,,False,False,True,False,True,False,4,10,True,True,True,True,True,False,True,True,True,True,True,1.43,True,40848445440.0,10.32,2.72,3.13,6.54,26.37,32.12,11.59,28.94,8.75,3.56,4.3,1.09,2.06,1.2,67.5,270.0,11.0,6.68,0.19,74.84,23.06,26.83,37.14,7.5,-22.3,-9.5,0.92,0.62,28.84000015258789,13.472864155112713,24.992163007734085,37.02810097110363,25.820355458992413,42.230928774492156,42.15771502827135,22.522170330711383,25.11428706378544,29.167323098775398,25.467321261388925,22.920589135250033,8,True,3.1,-20.525003418929224,1.1349616659351414,2026-11-10,2026-08-21,última,"A Engie Brasil (EGIE3) apresenta uma sólida eficiência operacional no setor de serviços públicos, com um ROE de 26,4% e um ROIC de 11,6% que se posicionam acima dos pares setoriais (12,1% e 9,6%, respectivamente), evidenciando uma rentabilidade superior. Essa elevada qualidade técnica, contudo, convive com múltiplos de preço esticados, uma vez que o P/L de 10,32 e o P/VP de 2,72 sugerem que o mercado cobra um prêmio pelo papel, o que é corroborado pelo baixo score de valor de 23,0. No âmbito financeiro, a expressiva margem líquida de 28,94% ajuda a sustentar uma estrutura de capital cujo endividamento é ligeiramente preocupante, dado que a relação Dívida Líquida/EBITDA de 3,56 está acima da média do setor de 3,4. Essa alavancagem financeira mais alta e a liquidez corrente apertada de 1,09 acabam limitando o atual rendimento de dividendos (DY) em 3,13%, indicando que a distribuição de proventos está contida para preservar o caixa frente às obrigações de curto e médio prazo. Em termos de expansão, a companhia demonstra um desempenho formidável com um CAGR de receita de cinco anos de 270,0%, patamar vastamente superior à média setorial de 37,6%, o que chancela o cumprimento de 7 dos 8 critérios do checklist fundamentalista. Sob a ótica do valuation, as estimativas de preço-teto revelam uma dispersão acentuada entre os métodos, variando desde os conservadores R$ 13,47 por Bazin até os otimistas R$ 42,23 por Lynch. Enquanto o preço atual de R$ 28,84 orbita próximo à média dos modelos de R$ 29,17, ele se situa acima da mediana de R$ 25,47 e do preço-teto ajustado com margem de segurança de R$ 22,92, resultando em um upside negativo de 20,5% frente a esta métrica ajustada. Como prós, destacam-se o crescimento exponencial de receita, a rentabilidade muito acima da média e o forte alinhamento do checklist; como contras, pesam o endividamento acima do setor, o valuation esticado que limita a margem de segurança e o dividendo atual pouco atrativo.",,True,False,,,Lateral,29.324909210205078,-1.6535739433711116,-24.221206800815555,False,False,False,sem sinal (Lateral)
MOTV3,BOVA11,BOVA11,Bens Industriais,49.57,53.02,30.0,,,0.7,,73.12,53.09,25.0,18.44,False,77,Não,6,8,False,,True,,False,False,True,False,True,False,3,10,True,True,False,True,True,False,True,True,True,True,False,1.9,False,30350084096.0,7.87,1.72,1.38,2.26,21.85,19.92,11.72,19.27,6.66,3.69,4.41,1.77,2.45,0.52,17.78,58.4,10.0,6.62,0.44,77.07,22.24,13.52,17.55,11.7,-13.9,1.3,1.29,0.78,15.100000381469727,2.436662812693136,4.520009517545767,25.422491112385494,19.467788872445063,33.1147757432973,10.38593205872702,23.216010751687893,9.095541318259263,,,,6,False,13.6,,,n/d,n/d,,,,False,False,,,Lateral,15.119999885559082,-0.13227185344397707,-14.915305324589479,False,False,False,sem sinal (Lateral)
CPLE3,BOVA11,BOVA11,Serviços públicos,49.37,43.96,80.0,,,0.1,,47.71,29.86,35.42,79.43,True,78,Não,5,8,False,,True,,False,False,True,True,True,True,8,10,False,True,True,False,True,True,True,False,True,False,True,0.9,True,43504791552.0,13.94,1.81,7.25,9.15,12.99,9.34,9.82,11.41,9.1,2.97,4.24,1.3,0.98,0.28,127.59,50.0,13.15,5.45,0.3,61.78,38.29,10.29,16.67,42.4,-12.1,-2.4,1.11,0.75,14.649999618530273,9.577489863176922,17.76624369619319,13.924856165389246,13.834332138211387,31.527976223522824,8.56043112128839,12.71628374348754,12.211886267201569,15.014937402308883,13.275307940849464,11.947777146764517,8,True,3.7,-18.445205065724434,2.4910429575507376,n/d,n/d,,,,False,False,,,Lateral,14.899999618530273,-1.6778523919496524,-13.168706797829488,False,False,False,sem sinal (Lateral)
ALOS3,BOVA11+SMALL11,BOVA11,Imobiliário,48.64,43.1,80.0,,,0.8,,50.07,38.59,24.12,60.99,False,79,Não,3,8,False,,True,,False,True,False,True,True,True,8,10,False,False,False,True,True,False,True,False,True,False,False,0.56,True,13218729984.0,14.26,1.04,11.84,6.38,7.27,9.51,6.39,31.4,4.9,3.4,7.45,0.72,0.56,21.62,90.93,60.8,13.61,3.66,0.27,46.56,50.55,20.42,32.08,29.4,-17.6,-4.0,1.2,0.81,26.43000030517578,12.03762484358339,12.716171740480386,13.985087482290883,32.554572360635134,13.040731663429112,24.67111019729624,5.719805478183194,64.37858937491418,,,,7,False,11.3,,,n/d,n/d,,,,False,False,,,Lateral,27.182300567626953,-2.7676107126382465,-18.493749236579614,False,False,False,sem sinal (Lateral)
ECOR3,SMALL11,SMALL11,Bens Industriais,48.38,44.57,70.0,,,0.7,,49.46,57.23,28.33,23.4,False,80,Não,1,8,False,,True,,False,True,True,False,False,True,7,10,False,False,False,False,False,False,True,False,False,True,False,5.91,False,4834567680.0,8.86,1.18,4.35,2.52,13.28,19.86,11.52,4.59,5.16,4.62,5.62,2.52,6.64,0.86,22.35,-89.7,8.37,6.86,0.19,88.21,11.06,5.87,11.74,18.4,-40.8,-8.4,1.8,0.73,6.949999809265137,1.2521365216622575,2.3227132476834873,10.39362273958951,10.195726737371302,10.067728543069167,1.873451565750586,7.180163112252039,11.096541866951286,,,,5,False,8.9,,,n/d,n/d,,,,False,False,,,Lateral,7.239999771118164,-4.005524461615262,-41.75645172406745,False,False,False,sem sinal (Lateral)
GOAU4,BOVA11+SMALL11,BOVA11,Materiais,48.35,51.59,30.0,,,1.0,,30.52,73.76,59.88,74.47,False,81,Pivô de alta,4,8,False,,True,,False,False,False,True,True,False,3,10,False,False,True,False,True,True,True,False,False,True,True,0.5,True,13147517952.0,16.55,0.68,3.85,8.58,4.13,12.06,10.0,1.14,1.98,0.99,1.38,2.88,0.28,0.23,142.03,73.2,4.9,5.06,1.04,34.12,23.4,6.66,11.41,49.4,-12.9,-0.6,0.9,0.55,9.9399995803833,6.092977382929868,11.302473045334903,7.958005706349167,14.054783810388791,18.01812612758302,6.1112762116739185,7.267310871458486,39.81362833472408,10.114993307959736,7.958005706349167,7.16220513571425,7,True,6.5,-27.94561933534745,1.760500351748373,n/d,n/d,,,Pivô de alta,False,False,,,Em Baixa,11.407694816589355,-12.865835383952373,-13.09197081728385,False,True,False,Pivô de alta
ANIM3,SMALL11,SMALL11,Consumo discricionário,47.95,49.35,40.0,,,0.9,,45.44,71.33,24.48,61.7,False,82,Não,4,8,False,,False,,False,False,False,False,True,False,4,10,True,False,True,False,True,False,True,False,False,False,False,1.75,False,1031558336.0,7.17,0.46,2.85,6.44,6.36,-2.07,14.6,3.71,3.17,3.35,3.21,1.49,2.02,2.09,46.15,205.2,3.64,6.53,0.35,72.15,22.61,1.93,5.17,41.5,-47.2,-9.7,2.08,0.51,2.7300000190734863,1.2552552157361652,1.7186409624533823,3.7236476810644064,7.130424987803595,3.7548972052270244,1.3406752208054442,1.8367558497276069,,2.271645355835672,1.7776984060904946,1.5999285654814452,6,True,5.7,-41.39455845042694,-16.78954798664697,n/d,n/d,,,,False,False,,,Lateral,2.740000009536743,-0.36496315432303916,-48.37840283752919,False,False,False,sem sinal (Lateral)
FESA4,SMALL11,SMALL11,Materiais,47.36,52.19,20.0,,,1.0,,28.42,71.21,72.16,71.63,False,83,Não,2,8,False,,True,,False,False,False,True,False,False,2,10,False,False,False,False,False,True,True,False,False,True,True,-0.12,True,1762111360.0,12.45,0.56,13.51,8.28,4.49,15.62,3.69,6.78,3.48,-3.62,-9.04,3.61,0.12,,103.07,-76.0,3.71,-1.74,1.53,26.31,73.65,4.8,8.69,8.3,-40.2,-18.6,1.13,0.55,5.199999809265137,3.075082686039045,4.47732039087285,4.343774941072886,9.3414845002798,,5.225440763076465,1.115777354368997,6.291900990903517,,,,6,False,8.4,,,n/d,n/d,,,,False,False,,,Em Baixa,5.960000038146973,-12.75168161103113,-41.573033346670485,False,False,False,sem sinal (Em Baixa; sem novo topo (-12.8%))
SMTO3,SMALL11,SMALL11,Bens de primeira necessidade,46.82,51.55,20.0,,,0.0,,45.33,72.57,46.95,36.17,True,84,Não,3,8,False,,True,,False,False,True,False,False,False,2,10,False,True,False,False,False,True,True,False,True,True,True,0.99,True,6013265920.0,7.63,0.84,1.16,3.4,11.0,14.59,6.36,11.43,3.8,2.38,5.23,3.16,1.65,0.94,25.95,-39.3,9.65,3.45,0.45,68.55,31.45,12.82,21.12,45.3,-11.8,15.0,0.58,0.23,18.6299991607666,4.52559067386753,8.394970700024269,32.35222658979783,34.90616862755231,28.192878724311896,11.130503491686415,19.024450914223827,43.9950485000171,,,,6,False,9.7,,,n/d,n/d,,,,False,False,,,Em Alta,19.270000457763672,-3.321231353366272,-12.932385110954137,False,False,False,sem sinal (Em Alta)
PRIO3,BOVA11,BOVA11,Energia,46.52,44.93,55.55555555555556,,,0.9,,60.94,39.71,34.73,6.38,False,85,Não,3,8,False,,True,,False,,True,True,True,False,5,9,False,False,False,True,True,False,True,False,True,True,True,0.77,True,48455401472.0,13.7,1.88,0.0,0.18,13.71,30.11,10.92,18.11,5.79,1.73,2.21,1.34,0.9,1.02,2.43,189.4,6.68,6.59,0.25,59.83,40.17,34.2,72.1,77.7,-15.7,-0.4,0.12,0.06,60.7599983215332,0.7701325441337613,1.4285958693681273,58.76423195330766,56.789730019897824,60.11315304048987,2.037352037527687,49.13860968899645,21.446001015940823,,,,5,False,78.1,,,n/d,n/d,,,,False,False,,,Em Alta,62.849998474121094,-3.3253782073653704,-16.744319640044804,False,False,False,sem sinal (Em Alta)
IRBR3,SMALL11+Carteira,SMALL11,Insurance,46.17,49.27,28.571428571428573,,2.87,0.3,,18.15,72.79,100.0,29.08,False,86,Não,1,6,False,,False,,False,,False,,False,False,2,7,False,False,False,,False,,True,False,True,False,True,,True,4334413824.0,-29.71,0.82,2.95,2.94,-2.76,2.79,0.0,4.89,,,,,,,,-23.0,6.14,2.3,,66.23,33.77,44.53,62.39,19.9,-14.4,0.4,1.09,0.61,53.400001525878906,11.213178413825588,16.326387770530058,,,,26.3277,,,17.955755394785214,16.326387770530058,14.693748993477053,3,True,2.3,-72.48361690335136,-66.37499085822417,2026-11-12,2026-07-01,última,"A análise fundamentalista do IRB Brasil (IRBR3) revela uma companhia em momento de profunda reestruturação, onde a desconexão entre preço e qualidade fica evidente ao observarmos que o baixo preço sobre valor patrimonial de 0,82 convive com indicadores de rentabilidade severamente deprimidos. O retorno sobre o patrimônio líquido de -2,8% e o retorno sobre o capital investido de 0,0% situam-se drasticamente abaixo das médias do setor, que registram 34,3% e 19,5% respectivamente, sugerindo que a empresa ainda enfrenta sérias dificuldades para gerar valor a partir de seus ativos e capital empregado. Essa fragilidade operacional é corroborada pelo crescimento histórico, visto que a contração na receita média anualizada de cinco anos de -23,0% é muito mais acentuada do que a retração setorial de -2,5%, evidenciando uma perda de espaço de mercado acima de seus pares. No que tange aos proventos, o rendimento de dividendos de 2,95% mostra-se modesto e pouco sustentável no longo prazo, uma vez que a ausência de lucros consistentes e a rentabilidade negativa limitam a capacidade de distribuição sem comprometer o caixa. O rigoroso checklist de critérios reforça esse diagnóstico desafiador ao aprovar apenas um dos seis requisitos avaliados, falhando em demonstrar retornos superiores à taxa Selic ou aos concorrentes, além de registrar transações desfavoráveis de insiders. Sob a ótica do valuation, as estimativas de preço-teto calculadas revelam uma dispersão relevante entre os métodos de Bazin, que aponta R$ 11,21, e Gordon, situado em R$ 16,33, resultando em uma média de R$ 17,96 e um valor ajustado com margem de segurança de R$ 14,69. Frente à cotação atual de R$ 53,40, essa métrica de referência indica um expressivo potencial de desvalorização de -72,5% em relação ao preço-teto ajustado, sinalizando que o papel negocia com considerável prêmio sobre seus fundamentos atuais. Em suma, o investimento apresenta como pontos positivos a excelente nota de segurança financeira e o desconto patrimonial expresso no múltiplo preço sobre valor patrimonial, enquanto os fatores contrários concentram-se na severa destruição de valor operacional, no histórico de encolhimento de receita e no desalinhamento do preço de tela frente aos modelos matemáticos de teto.",,False,True,57.62,-7.32,Lateral,54.20000076293945,-1.4760133317333168,-17.495777467276653,False,False,False,sem sinal (Lateral)
GGBR4,BOVA11,BOVA11,Materiais,46.14,48.99,30.0,,,1.0,,34.35,59.79,59.6,66.67,False,87,Não,4,8,False,,True,,False,False,False,True,True,False,3,10,False,False,True,False,True,True,True,False,False,True,True,0.18,True,44893450240.0,20.23,0.85,3.49,7.06,4.18,12.63,10.03,3.22,4.97,0.97,1.36,2.87,0.28,0.28,142.73,73.5,7.95,5.03,1.04,34.14,65.6,15.69,26.05,45.8,-12.2,0.4,0.84,0.52,22.8799991607666,11.530525579688485,21.389124950322138,14.985664304506049,26.172177619198777,33.92980597246653,11.887333533584622,13.68502174222817,22.8799991607666,19.55745660784517,18.187394627414093,16.368655164672685,8,True,2.9,-28.45867235545717,-14.521602599613503,n/d,n/d,,,,False,False,,,Em Baixa,26.04621124267578,-12.156133006866865,-12.588046634166917,False,False,False,sem sinal (Em Baixa; sem novo topo (-12.2%))
QUAL3,SMALL11,SMALL11,Cuidados de saúde,45.99,50.58,20.0,,,0.2,,52.72,72.79,36.92,12.77,True,88,Não,4,8,False,,False,,False,False,False,True,True,False,2,10,True,False,True,False,True,False,False,True,False,False,True,0.61,True,463909248.0,17.86,0.35,0.55,1.25,1.96,0.44,22.61,1.9,1.49,2.45,1.52,0.58,0.89,11.73,22.3,60.1,3.35,5.32,0.47,66.78,32.76,1.39,2.71,18.0,-39.4,-5.2,1.95,0.57,1.6399999856948853,0.1462397367977481,0.16658944323551053,0.7471648525308644,3.111432285836558,0.2544830305077174,0.5414651045109136,0.3332100977057394,,,,,6,False,21.3,,,n/d,n/d,,,,False,False,,,Lateral,1.7200000286102295,-4.651165208409025,-41.54902368371399,False,False,False,sem sinal (Lateral)
SAUD3,SMALL11,SMALL11,Cuidados de saúde,45.75,43.23,60.0,,,0.2,,49.65,8.09,65.95,56.74,True,89,Não,3,8,False,,True,,False,False,False,True,False,True,6,10,False,False,False,False,False,True,True,True,True,True,True,-0.69,True,40928546816.0,38.84,2.19,0.95,6.04,5.63,39.67,4.59,9.86,21.16,-7.41,-18.52,1.06,0.01,,234.74,-19.6,9.25,5.03,0.66,34.2,65.77,10.45,16.09,33.9,-13.0,-2.0,0.77,0.38,14.0,6.043656221506368,8.799563458513274,3.7487126673532436,7.200416636977363,,14.516166036785778,0.9629248197734295,6.291423343500479,,,,6,False,15.1,,,n/d,n/d,,,,False,False,,,Em Baixa,14.470000267028809,-3.2481013016962157,-15.045163629748359,False,False,False,sem sinal (Em Baixa; sem novo topo (-3.2%))
MOVI3,SMALL11,SMALL11,Bens Industriais,45.43,48.15,30.0,,,0.7,,48.14,73.15,12.97,56.03,False,90,Não,4,8,False,,False,,False,False,True,False,True,False,3,10,False,False,True,False,True,False,True,True,False,False,False,5.5,False,2905931264.0,6.69,0.74,9.05,5.83,11.08,3.58,13.78,2.89,3.57,3.65,3.71,0.68,6.43,0.99,38.97,97.0,3.26,6.78,0.22,91.5,8.5,6.46,14.83,11.3,-51.5,-25.4,2.34,0.65,7.190000057220459,2.991919285593352,5.550010274775667,14.24028411930808,15.32820267413183,13.528153134876622,14.985056307406643,7.438938474390356,,11.845107497481534,13.884218627092352,12.495796764383117,6,True,5.1,73.79411216880847,64.74419197794367,n/d,n/d,,,,False,False,,,Em Baixa,7.960000038146973,-9.673366548196194,-51.970608356926206,False,False,False,sem sinal (Em Baixa; sem novo topo (-9.7%))
SYNE3,SMALL11,SMALL11,Imobiliário,45.02,45.91,40.0,,,0.8,DY5a=128.1%>=20,43.99,58.9,33.98,,False,91,Não,2,8,False,,False,,False,False,False,True,False,False,4,10,False,False,False,True,False,False,False,True,True,True,False,0.72,True,549520000.0,10.09,0.79,71.7,128.1,7.8,14.02,6.47,16.16,4.62,3.1,6.71,1.45,0.5,1.29,1292.49,-67.2,12.0,3.08,0.36,40.97,29.56,3.49,5.11,3.2,-29.5,-8.3,1.0,0.44,3.5999999046325684,32.9390451754821,61.1019288005193,4.7274527984520835,6.04831803806817,10.703666713476418,6.468000000000001,2.7024209959453316,9.366565928007281,,,,5,False,22.6,,,n/d,n/d,,,,False,False,,,Em Baixa,4.079999923706055,-11.764706569834438,-30.962270848301653,False,False,False,sem sinal (Em Baixa; sem novo topo (-11.8%))
BBAS3,BOVA11+Carteira,BOVA11,Produtos financeiros,44.59,50.25,12.5,14.56,,0.4,,39.32,60.33,50.86,73.05,False,92,Não,2,6,False,,True,,False,False,False,,False,False,1,8,False,False,False,,False,,True,True,True,True,True,,True,111437209600.0,7.72,0.62,2.82,8.35,7.99,14.73,0.0,21.83,,,,,,2.72,64.43,-13.8,4.25,0.79,,92.12,7.71,17.8,27.31,9.7,-28.5,-5.7,1.2,0.73,19.520000457763672,11.637361025193485,15.015930385947362,23.30409414476115,42.3220394475809,28.289165316058014,15.787965303195527,11.271075811697274,,16.436337714774382,15.401947844571446,13.861753060114301,4,True,2.0,-28.986922463923005,-15.797452206323225,2026-11-11,2026-09-02,próxima,"O Banco do Brasil (BBAS3) apresenta um cenário de valuation intrigante, onde múltiplos de preço historicamente baixos, como o P/L de 7,72 e o P/VP de 0,62, convivem com indicadores de rentabilidade que decepcionam frente aos seus pares. O ROE de 8,0% e o ROIC de 0,0% situam-se abaixo das médias do setor de produtos financeiros, que são de 15,9% e 0,2%, respectivamente, sugerindo que o desconto no preço das ações reflete diretamente essa menor eficiência na geração de retorno sobre o capital. Essa fragilidade operacional é reforçada pela contração na receita, com um CAGR de cinco anos negativo em 13,8%, enquanto o setor expandiu 4,2% no mesmo período, evidenciando uma perda de ritmo de crescimento que justifica o fraco desempenho no checklist de critérios da empresa, que atendeu a apenas dois de seis requisitos avaliados. No âmbito dos proventos, o dividend yield de 2,82% mostra-se modesto e coerente com a atual fase de transição da companhia, sendo sustentado por uma robusta margem líquida de 21,83%, ainda que o retorno geral ao acionista seja penalizado pela ausência de forte crescimento nos lucros. Sob a ótica do valuation por preço-teto, observa-se uma dispersão acentuada entre os métodos de cálculo, variando desde os conservadores R$ 11,67 pelo método de Bazin e R$ 15,05 por Gordon, até os otimistas R$ 28,36 de Lynch e R$ 42,43 de Graham. Essa divergência resulta em uma média de preço-teto de R$ 16,47 e uma mediana de R$ 15,42, patamares que, quando ajustados pela margem de segurança para R$ 13,88, revelam um upside negativo de 29,1% em relação ao preço atual de R$ 19,57. Em um balanço final, o papel traz como pontos positivos o seu elevado valor de mercado de mais de R$ 111 bilhões, a ausência de venda de ações por insiders e uma margem líquida saudável, contrapondo-se aos pontos negativos de uma tendência gráfica em baixa, rentabilidade abaixo da média setorial e um preço atual que se posiciona acima do teto médio recomendado pelas metodologias de fluxo de caixa e dividendos descontados.",,False,True,22.29,-12.43,Em Baixa,21.049999237060547,-7.268403015441283,-29.127669794783053,False,False,False,sem sinal (Em Baixa; sem novo topo (-7.3%))
RANI3,SMALL11,SMALL11,Materiais,44.44,48.75,20.0,,,1.0,,49.25,45.65,36.9,78.01,False,93,Não,3,8,False,,True,,False,False,False,False,False,False,2,10,False,True,True,False,False,False,True,False,False,True,True,0.78,True,1769133568.0,13.71,1.24,5.22,9.01,9.03,25.63,11.69,7.65,4.98,2.42,2.89,2.1,1.38,,123.55,-70.2,5.42,4.4,0.56,63.24,36.76,7.24,9.51,6.4,-19.0,-4.0,0.64,0.46,7.699999809265137,4.956376438784838,7.216484094870725,5.840991831973553,8.858341186591046,,4.91387477971708,1.500364660136064,7.6699580867962345,6.576004403122247,6.528737963422139,5.875864167079925,6,True,5.9,-23.690073861953785,-14.597343298507958,n/d,n/d,,,,False,False,,,Em Baixa,8.35505485534668,-7.84022436025481,-20.64634560910679,False,False,False,sem sinal (Em Baixa; sem novo topo (-7.8%))
VALE3,BOVA11,BOVA11,Materiais,44.32,48.61,20.0,,,1.0,,49.52,35.84,43.22,87.23,False,94,Não,4,8,False,,True,,False,False,False,True,False,False,2,10,True,False,True,False,False,True,True,False,False,True,True,0.41,True,333864566784.0,33.59,1.77,7.15,10.47,5.27,24.52,18.11,4.76,4.61,1.04,0.8,1.19,0.55,,351.59,-43.5,9.51,7.92,0.39,60.3,38.73,50.76,87.63,54.5,-10.5,1.4,0.85,0.57,78.44999694824219,58.652546757707384,85.39810807922196,24.289370891983285,48.26058199892214,,42.833333333333336,6.239165325275927,86.35344022531886,,,,6,False,13.8,,,n/d,n/d,,,,False,False,,,Em Alta,78.69999694824219,-0.3176620199419,-11.97190105176864,False,False,False,sem sinal (Em Alta)
RENT3,BOVA11+Wishlist,BOVA11,Bens Industriais,44.07,43.02,50.0,,,0.7,,53.99,45.22,18.29,37.59,False,95,Não,2,8,False,,True,,False,False,True,False,True,True,5,10,False,False,False,False,True,False,True,False,False,False,False,1.34,True,39103369216.0,11.62,1.47,5.79,3.47,12.63,7.58,12.27,7.39,5.05,4.1,4.68,1.14,1.71,1.54,40.27,24.5,7.69,6.27,0.33,70.15,29.84,32.03,51.57,10.5,-31.4,-14.4,1.75,0.79,35.400001525878906,8.762922234305606,16.255220744636897,40.36575044904436,40.62868896182997,33.54007651219662,50.02761776745858,22.584473208953764,51.45658855125112,36.40834517076733,40.36575044904436,36.329175404139924,7,True,5.9,2.6247848537005014,2.8484282526126004,2026-11-05,2026-06-29,última,"A Localiza (RENT3) apresenta um perfil de investimento que exige cautela, refletido em um score de segurança de apenas 18.0 e no atendimento de somente dois dos oito critérios do checklist fundamentalista. Embora a companhia demonstre um forte histórico de crescimento, com o CAGR de receita de cinco anos em 24.5% posicionando-se acima da média setorial de 21.6%, essa expansão não se traduziu em rentabilidade superior no momento atual. O ROE de 12.6% e o ROIC de 12.3% situam-se ligeiramente abaixo dos pares do setor (14.5% e 12.6%, respectivamente), o que, diante de uma margem líquida de 7.39%, sugere que a eficiência operacional está pressionada. Essa rentabilidade abaixo da média convive com múltiplos de preço moderados, como o P/L de 11.62 e o P/VP de 1.47, indicando que o mercado já precifica parte desses desafios e não concede um prêmio excessivo ao papel. O grande ponto de atenção reside na relação entre rentabilidade e endividamento, uma vez que a alavancagem medida pela relação Dívida Líquida/EBITDA está em 4.1, patamar significativamente acima da média do setor de 2.39, o que compromete a flexibilidade financeira da empresa. Nesse cenário de endividamento elevado e liquidez corrente apertada de 1.14, o dividend yield de 5.79% parece esticado e pode enfrentar desafios de sustentabilidade caso a geração de caixa não acompanhe o serviço da dívida. Sob a ótica de valuation, a análise dos preços-teto revela uma dispersão brutal entre os métodos, variando desde os conservadores R$ 8.76 por Bazin e R$ 16.26 por Gordon até os mais otimistas R$ 40.63 por Graham e R$ 40.37 por fluxo de caixa descontado. Tomando o preço-teto ajustado com margem de segurança de R$ 36.33 como referência de valor justo, o preço atual de R$ 35.40 oferece um upside limitado de 2.6%, praticamente em linha com a média dos modelos de R$ 36.41. Em suma, o ativo traz como prós o seu robusto crescimento histórico de receita acima do setor e uma escala de mercado consolidada, mas entrega como contras uma alavancagem financeira preocupante, rentabilidade abaixo de seus pares e uma tendência gráfica de baixa que reflete o atual ceticismo do mercado.",,True,False,,,Em Baixa,39.20000076293945,-9.693875416076903,-32.81152101126167,False,False,False,sem sinal (Em Baixa; sem novo topo (-9.7%))
RADL3,BOVA11,BOVA11,Bens de primeira necessidade,43.98,42.92,50.0,,,0.0,,62.99,18.9,41.81,14.89,True,96,Não,6,8,False,,True,,False,False,True,False,True,True,5,10,True,True,True,False,True,True,True,False,False,True,True,1.09,True,33764233216.0,25.21,4.64,2.28,1.44,18.41,18.18,16.71,2.88,7.23,2.06,1.72,1.41,1.18,2.15,36.42,14.4,16.54,7.8,0.84,70.85,29.09,16.14,26.71,19.6,-27.7,1.0,1.22,0.58,19.309999465942383,1.9928004625270515,3.6966448579876805,10.149047716133936,8.468921507385986,10.071859881749416,7.54396093867197,7.681483918199289,13.747800348129482,8.765674166893966,8.468921507385986,7.622029356647388,7,True,6.9,-60.5280705983934,-54.60551833595726,n/d,n/d,,,,False,False,,,Em Alta,20.549999237060547,-6.034062370581051,-28.81677012279945,False,False,False,sem sinal (Em Alta)
USIM5,BOVA11+SMALL11,BOVA11,Materiais,42.64,46.63,20.0,,,1.0,P/L=-3.85<2,10.18,87.83,71.0,58.87,False,97,Não,4,8,False,,False,,False,False,False,True,True,False,2,10,False,False,False,False,True,True,True,True,False,False,True,-0.02,True,8776622080.0,-3.85,0.43,0.0,6.27,-11.18,-0.65,4.67,-9.36,3.57,-0.18,-0.44,4.44,0.27,,,301.7,6.23,1.64,1.4,33.58,58.33,4.18,12.04,70.6,-40.8,-15.8,0.91,0.34,7.130000114440918,3.192404428590627,5.921910215035613,,,,,,9.795329306466718,6.303214650030985,5.921910215035613,5.329719193532052,3,True,3.1,-25.249381374659784,-11.595868879937088,n/d,n/d,,,,False,False,,,Em Baixa,7.460000038146973,-4.423591447970354,-41.46141267819928,False,False,False,sem sinal (Em Baixa; sem novo topo (-4.4%))
SLCE3,BOVA11+SMALL11,BOVA11,Bens de primeira necessidade,42.6,46.59,20.0,,,0.0,,52.74,34.97,37.62,65.96,True,98,Não,2,8,False,,True,,False,False,False,False,True,False,2,10,False,False,False,False,True,False,True,False,False,True,True,1.87,True,8080106496.0,20.92,1.5,4.94,7.05,7.16,17.38,10.84,4.41,6.59,4.42,5.7,2.2,1.82,0.86,147.48,24.2,11.57,6.41,0.63,73.5,23.57,12.62,19.32,29.1,-15.7,7.4,0.51,0.36,16.290000915527344,8.20260328740407,15.215829098134547,10.317519700322048,13.793862678094674,23.36042196299332,9.032508696563744,9.422036858407308,9.919264240514863,12.408005815304321,10.118391970418456,9.10655277337661,8,True,2.8,-44.09728507322303,-23.83053948464038,n/d,n/d,,,,False,False,,,Em Alta,15.90999984741211,2.388441682964837,-16.375763355602057,False,False,False,sem sinal (Em Alta)
FRAS3,SMALL11,SMALL11,Consumo discricionário,42.4,41.06,50.0,,,0.9,,54.45,16.65,46.02,31.91,False,99,Não,5,8,False,,True,,False,False,True,False,True,True,5,10,True,False,True,False,True,True,True,False,False,True,True,0.6,True,6406440960.0,22.11,2.57,2.67,3.07,11.62,14.99,15.27,5.39,7.47,1.64,1.51,2.41,1.13,5.91,67.8,155.0,14.24,6.92,0.72,65.64,34.06,18.96,25.01,21.9,-7.6,8.5,0.81,0.52,23.100000381469727,5.059556816639622,7.163514966148472,10.565958587233714,14.535912939282277,7.113111155477317,8.43363575361484,5.248389305924524,10.591032906373414,8.588889053836773,7.7985753598816565,7.018717823893491,8,True,2.9,-69.61594065806275,-62.81866271860941,n/d,n/d,,,,False,False,,,Em Alta,23.350000381469727,-1.0706637940717023,-8.05438532371694,False,False,False,sem sinal (Em Alta)
SUZB3,BOVA11,BOVA11,Materiais,42.11,47.78,10.0,,,1.0,,52.53,60.22,29.81,31.21,False,100,Fundo triplo,5,8,False,,False,,False,False,True,False,False,False,1,10,True,True,False,True,False,False,True,True,True,True,False,1.68,False,56836530176.0,7.14,1.17,0.01,3.06,16.44,27.73,5.54,17.08,6.36,3.68,9.21,3.38,1.99,0.56,21.87,-64.0,6.33,3.15,0.57,73.83,26.09,39.68,58.97,16.3,-21.7,7.4,0.42,0.26,46.150001525878906,10.097081417163343,18.730086028838,85.64250983443914,75.73923984409785,102.82010431862325,16.000283506074872,69.45220509224774,22.17724767718654,,,,6,False,10.2,,,n/d,n/d,,,Fundo triplo,False,False,,,Em Alta,46.34000015258789,-0.41000998291618185,-22.62416247372807,False,True,False,Fundo triplo — rompeu pescoço ~R$43.58 (candidato)
ENGI11,BOVA11,BOVA11,Serviços públicos,41.86,42.19,40.0,,,0.1,,50.77,37.22,23.96,52.48,True,101,Não,3,8,False,,True,,False,False,False,False,True,True,4,10,False,False,True,False,False,False,True,True,False,True,True,2.32,True,14569882624.0,15.8,1.23,2.39,5.38,7.78,17.19,10.25,4.13,5.83,4.32,5.9,1.56,1.99,13.55,85.02,7.9,19.72,4.83,0.34,74.62,23.0,42.0,57.51,13.3,-17.3,-3.0,1.32,0.86,47.56999969482422,18.283410364593852,20.176392028076034,23.73199929236954,51.185070817246164,19.70990833784934,23.268093874449615,10.248948856071587,118.41687988323402,,,,7,False,11.6,,,n/d,n/d,,,,False,False,,,Lateral,49.68960952758789,-4.265700320278942,-18.82377357869842,False,False,False,sem sinal (Lateral)
PNVL3,SMALL11,SMALL11,Bens de primeira necessidade,41.81,36.83,70.0,,,0.0,,36.35,43.47,36.65,22.7,True,102,Não,4,8,False,,True,,False,False,True,False,True,True,7,10,False,True,False,False,True,False,True,True,False,False,True,0.81,True,1805951360.0,13.21,1.38,2.72,2.49,10.45,8.49,9.66,2.33,5.74,4.17,6.05,1.75,1.07,1.88,32.9,17.6,8.27,4.98,0.9,66.54,33.46,8.82,16.07,37.1,-24.8,0.7,1.41,0.7,12.09000015258789,2.150806826199356,3.989746662599805,12.126608782875815,13.431564853580007,8.696806188693083,5.735265293544016,6.478711639138209,12.090000152587889,8.935529081859832,8.696806188693083,7.8271255698237745,7,True,6.2,-35.25950809729012,-26.091571802444,n/d,n/d,,,,False,False,,,Em Alta,12.420000076293945,-2.657004200313373,-25.806726956472893,False,False,False,sem sinal (Em Alta)
AXIA3,BOVA11+Carteira,BOVA11,Serviços públicos,41.71,38.48,60.0,,,0.1,,39.95,23.62,49.93,46.1,True,103,Não,3,8,False,,True,,False,False,False,True,True,True,6,10,False,False,False,True,False,True,True,False,True,False,True,0.54,True,121610829824.0,13.04,1.29,2.78,4.28,9.86,5.35,3.25,27.05,15.66,2.95,7.36,2.05,0.63,2.99,55.77,9.7,9.17,3.03,0.39,57.63,42.34,41.67,67.15,28.2,-20.5,-2.7,1.41,0.65,53.40999984741211,16.315074524596294,24.731187422795344,44.34787925945992,61.770367468111225,35.38002402807485,26.754325479273867,22.17049370142744,21.568593891980093,31.62974322196488,25.742756451034605,23.168480805931146,8,True,3.8,-56.62145502317627,-40.7793609580071,2026-11-04,2025-11-17,última,"A análise fundamentalista da AXIA3 revela uma empresa de serviços públicos que atualmente apresenta um descompasso entre preço e qualidade, uma vez que seus múltiplos de valuation, como o P/L de 13,04 e o P/VP de 1,29, mostram-se elevados para uma rentabilidade que caminha abaixo de seus pares. O ROE de 9,9% e o ROIC de 3,2% situam-se abaixo das médias setoriais de 12,1% e 9,6%, respectivamente, sugerindo que a companhia entrega uma eficiência operacional inferior à de seus concorrentes diretos. Por outro lado, a relação entre rentabilidade e endividamento traz um ponto de alívio, pois a robusta margem líquida de 27,05% convive com uma alavancagem financeira controlada, evidenciada pelo indicador Dívida Líquida/EBITDA de 2,95, que está abaixo do limite prudencial e da média do setor de 3,4. Essa estrutura de capital saudável, contudo, não se traduz em proventos atraentes no momento, visto que o dividend yield de 2,78% é tímido e reflete uma geração de valor que prioriza a retenção ou o pagamento de obrigações em detrimento da distribuição aos acionistas. No quesito expansão, o crescimento histórico de longo prazo decepciona, com um CAGR de receita de cinco anos de 9,7% que fica muito aquém da média setorial de 37,6%, o que ajuda a explicar por que o checklist de critérios atendeu a apenas 3 de 8 requisitos possíveis. Sob a ótica do valuation, os métodos de precificação teórica expõem uma enorme dispersão, variando desde os conservadores R$ 16,32 pelo método de Bazin até os otimistas R$ 61,77 pela fórmula de Graham. Essa divergência resulta em uma média de preço-teto de R$ 31,63 e uma mediana de R$ 25,74, valores que, quando ponderados pelo preço-teto ajustado com margem de segurança de R$ 23,17, apontam para um upside negativo de 56,6% em relação à cotação atual de R$ 53,41. Em balanço, a AXIA3 destaca-se positivamente por sua excelente liquidez corrente de 2,05, margem líquida forte e endividamento sob controle, mas contrapõe esses prós com o crescimento muito abaixo do setor, baixa rentabilidade sobre o capital e um preço de tela que desconsidera a devida margem de segurança.",,False,True,59.55,-10.31,Em Alta,53.709999084472656,-0.5585537929142848,-21.270632767441555,False,False,False,sem sinal (Em Alta)
VAMO3,BOVA11+SMALL11,BOVA11,Bens Industriais,40.89,44.58,20.0,,,0.7,,52.09,51.44,27.21,28.37,False,104,Não,4,8,False,,True,,False,False,False,False,False,False,2,10,True,False,True,False,False,False,True,True,False,True,False,3.87,False,3726308608.0,11.8,1.13,4.08,2.93,9.57,14.8,15.52,5.1,3.9,3.09,2.79,1.67,4.84,1.88,34.57,-1.9,5.1,7.32,0.32,88.84,11.16,2.48,4.82,23.0,-36.7,-6.7,2.06,0.65,3.049999952316284,0.6383064648336432,1.184058492266408,3.424788082050064,3.961967112431116,2.37571140954621,2.6343852525374385,1.7077755116005007,9.00430014677799,,,,6,False,14.1,,,n/d,n/d,,,,False,False,,,Lateral,3.319999933242798,-8.13252970950491,-38.25911099214851,False,False,False,sem sinal (Lateral)
UNIP6,SMALL11,SMALL11,Materiais,39.46,42.9,20.0,,,1.0,,51.72,11.68,34.97,97.16,False,105,Não,4,8,False,,True,,False,False,True,False,False,False,2,10,False,True,True,False,False,False,True,True,False,True,True,1.25,True,6274280960.0,23.87,3.18,11.52,15.84,13.34,34.18,11.66,5.09,8.66,2.72,3.27,2.39,1.85,,378.14,-46.1,10.63,4.48,0.47,74.89,24.93,53.05,71.62,6.0,-21.5,-7.9,0.71,0.4,56.209999084472656,63.603417762593274,92.60657626233582,24.490322181755992,30.603075081236554,,31.018850384254566,6.2907833076763335,21.277856615776027,,,,5,False,14.7,,,n/d,n/d,,,,False,False,,,Em Baixa,63.5,-11.480316402405267,-22.679049747934922,False,False,False,sem sinal (Em Baixa; sem novo topo (-11.5%))
AUAU3,SMALL11,SMALL11,Consumo discricionário,39.21,34.37,66.66666666666667,,,0.9,,31.38,52.66,30.07,10.64,False,106,Não,2,8,False,,,,,,False,True,True,,2,3,False,False,False,False,False,True,True,False,False,False,True,0.51,True,2823403520.0,14.67,0.89,0.92,0.92,6.04,,7.01,3.84,3.05,2.53,5.05,1.26,0.7,2.81,13.5,22.2,9.67,5.6,,,,2.8,3.87,16.9,-15.1,-2.1,0.88,0.42,3.2799999713897705,0.21553628461977367,0.3618360060249547,2.6810633696991486,4.30581175176729,1.3738916528223868,0.5291946696615099,1.3315894706280074,11.242597841118249,,,,3,False,52.2,,,n/d,n/d,,,,False,False,,,Lateral,3.619999885559082,-9.392263119279109,-18.6819027573805,False,False,False,sem sinal (Lateral)
HAPV3,BOVA11+SMALL11,BOVA11,Cuidados de saúde,38.81,35.85,55.55555555555556,,,0.2,P/L=-18.47<2,12.07,81.06,47.95,5.67,True,107,Não,2,8,False,,False,,False,,False,True,True,False,5,9,False,False,False,False,True,False,True,False,False,False,True,0.16,True,3031060992.0,-18.47,0.07,0.0,0.13,-0.36,-1.11,2.12,-0.55,4.14,3.07,7.69,1.84,0.33,,,41.3,5.33,1.55,0.45,33.25,66.74,6.09,41.71,4.8,-84.7,-41.7,1.58,0.35,6.380000114440918,0.06112997582794635,0.11339610516084048,,,,,,14.105372927415992,,,,2,False,230.7,,,n/d,n/d,,,,False,False,,,Em Baixa,11.130000114440918,-42.67744789900752,-85.0445378873391,False,False,False,sem sinal (Em Baixa; sem novo topo (-42.7%))
EMBJ3,BOVA11,BOVA11,Bens Industriais,38.69,33.75,66.66666666666667,,,0.7,,44.47,12.04,49.4,8.51,False,108,Não,4,8,False,,False,,False,,True,True,True,False,6,9,False,False,False,False,True,True,True,True,False,False,True,0.14,True,69211537408.0,30.91,4.02,1.01,0.71,13.01,5.09,9.61,5.28,11.75,0.52,0.76,1.44,0.69,3.05,22.09,113.9,16.85,3.7,0.82,70.5,26.66,68.4,103.57,42.2,-6.1,18.5,0.83,0.37,97.2300033569336,4.9641719574392935,9.20853898104989,41.678988821720154,41.37414486486504,34.13071760040354,17.69250931078311,28.443509667336887,42.92647655369059,,,,6,False,8.6,,,n/d,n/d,,,,False,False,,,Em Alta,101.29000091552734,-4.008290573498618,-7.495714738828607,False,False,False,sem sinal (Em Alta)
NATU3,BOVA11+SMALL11,BOVA11,Bens de primeira necessidade,38.05,42.56,12.5,,,0.0,P/L=-4.63<2,39.45,54.63,54.51,2.48,True,109,Fundo duplo,2,8,False,,False,,,,False,True,False,False,1,8,False,False,False,False,False,True,True,False,False,True,True,0.35,True,12277312512.0,-4.63,0.98,0.0,0.0,-21.11,16.32,10.18,-12.47,5.25,2.58,3.54,1.68,0.54,,,-88.9,9.35,2.55,0.77,55.21,44.79,7.2,10.7,24.2,-16.4,-1.5,1.15,0.42,8.9399995803833,,,,,,,,10.577908207595193,10.577908207595193,10.577908207595193,9.520117386835674,1,True,1.0,6.489013799567767,18.321126443964197,n/d,n/d,,,Fundo duplo,False,False,,,Lateral,8.760000228881836,2.054787063909025,-19.820628822929788,False,True,False,Fundo duplo — rompeu pescoço ~R$8.73 (candidato)
SMFT3,BOVA11+SMALL11,BOVA11,Consumo discricionário,37.99,37.63,40.0,,,0.9,,49.56,40.21,13.61,25.53,False,110,Não,1,8,False,,False,,False,False,True,False,False,False,4,10,False,False,False,False,False,False,True,False,True,False,False,1.82,False,10617191424.0,15.53,1.75,5.83,2.63,11.3,9.4,10.6,8.53,3.92,4.32,5.7,1.2,2.24,2.32,40.82,-6.3,8.56,5.98,0.3,73.66,26.34,16.61,26.03,4.2,-33.5,-8.3,1.29,0.61,17.299999237060547,3.248067552875365,6.025165310583802,14.760141010370395,15.741009855249247,10.377522174431618,13.015698774492439,7.658411090968366,,11.262991369349313,11.696610474462029,10.526949427015825,6,True,4.8,-39.1505786632366,-34.89600077425775,n/d,n/d,,,,False,False,,,Em Baixa,19.940000534057617,-13.239725307368655,-34.479096585796285,False,False,False,sem sinal (Em Baixa; sem novo topo (-13.2%))
AZZA3,BOVA11+SMALL11,BOVA11,Consumo discricionário,37.93,39.33,30.0,,,0.9,,24.83,62.25,43.8,38.3,False,111,Não,1,8,False,,True,,False,False,False,True,False,True,3,10,False,False,False,False,False,False,True,False,False,True,True,0.38,True,3010398976.0,9.48,0.38,16.62,3.53,4.03,11.4,5.88,2.85,3.63,2.74,6.52,2.26,0.49,3.54,33.5,-94.3,3.12,3.33,0.93,48.36,51.64,14.54,31.78,2.4,-53.2,-20.3,1.23,0.48,14.890000343322754,3.7585968746903102,4.772963288646973,14.246909988081995,37.21259872540951,9.759890954402579,48.401767037605715,6.8417421704227355,26.30873549612496,,,,4,False,12.9,,,n/d,n/d,,,,False,False,,,Em Baixa,17.010000228881836,-12.463256067213123,-54.39194666779944,False,False,False,sem sinal (Em Baixa; sem novo topo (-12.5%))
RAIL3,BOVA11,BOVA11,Bens Industriais,37.24,34.99,50.0,,,0.7,,50.27,26.08,22.51,13.48,False,112,Não,2,8,False,,False,,False,False,False,False,True,True,5,10,False,False,False,False,True,False,True,False,True,False,False,1.64,False,27077031936.0,22.1,1.87,0.74,1.31,8.48,1.9,12.06,8.53,6.08,3.16,3.66,1.31,2.01,3.67,28.96,56.8,11.37,7.07,0.25,73.88,25.74,12.33,17.04,18.3,-14.4,1.5,1.14,0.58,14.59000015258789,1.3654320324554037,2.532876420204774,8.747398281528938,10.76538622376811,4.8422735593187625,7.692407065089607,4.263639757998042,11.597034531105228,,,,7,False,8.5,,,n/d,n/d,,,,False,False,,,Em Alta,14.529999732971191,0.4129416429413002,-15.804246930911681,False,False,False,sem sinal (Em Alta)
TIMS3,BOVA11,BOVA11,Comunicação,36.98,31.15,70.0,,,0.4,,31.11,7.8,37.39,77.3,False,113,Não,3,8,False,,True,,False,False,False,True,True,True,7,10,False,False,False,True,True,False,True,False,True,True,True,0.49,True,44512468992.0,3282.69,1.79,7.83,8.95,0.05,11.85,0.76,15.78,114.52,1.05,2.63,0.85,0.66,1313.08,29387.82,2.5,8.87,7.75,0.43,57.89,42.11,17.94,27.96,4.5,-33.0,-16.0,0.81,0.49,18.739999771118164,11.983371409499151,14.953163454461983,,,,30.75,,0.6817226043738452,,,,3,False,45.1,,,n/d,n/d,,,,False,False,,,Em Baixa,18.899999618530273,-0.8465600563041242,-33.89685019308995,False,False,False,sem sinal (Em Baixa; sem novo topo (-0.8%))
CBAV3,SMALL11,SMALL11,Materiais,36.91,38.13,30.0,,,1.0,,39.03,38.95,38.9,30.5,False,114,Não,4,8,False,,False,,False,False,True,True,True,False,3,10,False,True,False,False,True,False,True,True,False,False,True,0.57,True,7292014080.0,12.2,1.44,0.39,3.04,11.81,-1.32,6.25,6.41,6.53,1.95,4.36,2.06,0.89,1.64,37.12,28.1,9.57,3.49,0.48,67.68,30.73,3.02,11.2,271.2,0.0,3.9,0.25,0.12,11.199999809265137,2.4339031145763883,4.5148902775392,12.163934219078937,12.675004230098555,9.610755192940605,0.7923060956436142,6.737902849325576,7.386557878337924,,,,6,False,16.0,,,n/d,n/d,,,,False,False,,,Em Alta,11.180000305175781,0.17888643598780174,0.0,False,False,False,sem sinal (Em Alta)
YDUQ3,BOVA11+SMALL11,BOVA11,Consumo discricionário,36.42,35.79,40.0,,,0.9,,34.82,44.27,25.41,39.72,False,115,Não,1,8,False,,False,,False,False,False,False,True,False,4,10,False,False,False,False,False,False,True,False,False,False,False,1.48,True,2193348352.0,20.81,0.81,6.6,3.6,3.89,5.03,11.35,2.04,3.85,3.14,3.87,1.61,1.72,21.33,74.92,1.0,4.07,7.39,0.4,70.08,29.69,7.32,14.76,17.8,-41.6,-6.2,1.61,0.59,8.619999885559082,2.2167747332086964,2.4060495155643213,3.2113684930263338,9.959097165558408,1.8954184745159077,5.9110102961654025,1.3605599745649326,14.260448163610217,,,,6,False,10.5,,,n/d,n/d,,,,False,False,,,Lateral,8.880000114440918,-2.927930467692408,-43.62328379944348,False,False,False,sem sinal (Lateral)
RAPT4,SMALL11,SMALL11,Bens Industriais,36.1,40.71,10.0,,,0.7,P/L=-4.81<2,19.47,83.08,32.16,47.52,False,116,Não,1,8,False,,False,,False,False,False,False,True,False,1,10,False,False,False,False,False,False,True,False,False,False,True,1.82,False,1659753856.0,-4.81,0.55,0.0,4.31,-11.45,8.95,9.51,-2.65,3.85,2.95,4.35,2.12,2.11,,,0.5,3.73,5.22,0.76,74.66,17.25,4.35,6.9,9.4,-31.0,-4.0,1.3,0.58,4.760000228881836,1.4641303605106348,1.525949197954417,,,,,,13.400822997856087,,,,2,False,9.2,,,n/d,n/d,,,,False,False,,,Em Baixa,5.070000171661377,-6.114397086459222,-32.19372874907612,False,False,False,sem sinal (Em Baixa; sem novo topo (-6.1%))
POSI3,SMALL11,SMALL11,Tecnologia de informação,35.62,36.61,30.0,,,0.5,,21.47,52.33,36.69,65.25,False,117,Não,0,8,False,,True,,False,False,False,True,True,False,3,10,False,False,False,False,False,False,False,False,False,True,False,0.5,True,469415808.0,38.56,0.31,5.3,6.9,0.8,10.68,6.93,0.36,3.75,3.07,6.21,1.82,0.81,3.35,265.92,11.5,2.01,3.74,0.97,64.77,35.23,3.28,4.72,3.4,-28.2,-13.5,1.09,0.5,3.390000104904175,1.6698701018405506,3.0976090389142215,1.1648729613584106,4.650949362890212,1.6173024541536751,0.7445919647652398,0.8703579107508126,15.305988951447638,,,,6,False,20.6,,,n/d,n/d,,,,False,False,,,Em Baixa,3.5299999713897705,-3.966001915588613,-29.375000620881696,False,False,False,sem sinal (Em Baixa; sem novo topo (-4.0%))
SIMH3,SMALL11,SMALL11,Industrials,34.96,37.6,20.0,,,0.7,P/L=-20.68<2,26.94,81.37,16.83,17.73,False,118,Não,5,8,False,,False,,False,False,False,False,True,False,2,10,False,True,True,False,True,False,True,True,False,False,False,7.83,False,3771085056.0,-20.68,0.64,2.65,2.25,-3.1,-1.12,11.25,-0.4,3.77,3.53,4.39,1.28,6.05,,,8.8,2.06,6.03,0.36,91.64,5.09,5.63,14.3,14.7,-54.8,-24.9,2.34,0.7,6.460000038146973,1.037970429736868,1.92543514716189,,,,,,45.72942300643005,,,,2,False,44.1,,,n/d,n/d,,,,False,False,,,Em Baixa,7.659999847412109,-15.665794166700287,-55.78156780683936,False,False,False,sem sinal (Em Baixa; sem novo topo (-15.7%))
ARML3,SMALL11,SMALL11,Bens Industriais,34.15,34.88,30.0,,,0.7,,33.67,36.38,27.99,50.35,False,119,Fundo duplo,2,8,False,,True,,False,False,False,False,True,False,3,10,False,False,False,False,False,False,True,True,False,True,False,1.74,False,1280325632.0,20.69,0.93,12.63,4.8,4.51,11.22,9.85,3.11,4.87,3.29,4.68,1.89,2.12,587.83,99.22,20.9,3.33,5.25,0.54,75.09,23.96,2.71,6.17,36.8,-40.0,-0.3,1.87,0.56,3.700000047683716,1.2673907892047682,1.271032376721887,1.2810299105942078,4.0010250375619485,0.8638811649237705,2.294169854400527,0.48168897332508553,5.12793832390089,,,,5,False,10.6,,,n/d,n/d,,,Fundo duplo,False,False,,,Em Alta,3.700000047683716,0.0,-41.26984229103444,False,True,False,Fundo duplo — rompeu pescoço ~R$3.56 (candidato)
JSLG3,SMALL11,SMALL11,Bens Industriais,33.83,36.27,20.0,,,0.7,P/L=-14.78<2,21.05,58.06,14.24,94.33,False,120,Não,1,8,False,,True,,False,False,False,False,False,False,2,10,False,False,False,False,False,False,True,False,False,True,False,5.26,False,1543845888.0,-14.78,1.31,35.46,13.88,-8.83,13.19,9.68,-1.07,4.23,4.15,6.0,1.38,6.52,,,-44.0,3.02,4.78,0.43,89.08,10.92,3.88,8.64,39.5,-37.4,-12.7,2.09,0.61,5.409999847412109,5.361728602899321,7.8066768458214115,,,,,,,6.584202724360367,6.584202724360367,5.92578245192433,2,True,1.5,9.533874659145258,21.704305176828065,n/d,n/d,,,,False,False,,,Lateral,5.730000019073486,-5.584645211102801,-38.66213112697925,False,False,False,sem sinal (Lateral)
CSNA3,BOVA11+SMALL11,BOVA11,Materiais,33.63,37.8,10.0,,,1.0,P/L=-2.66<2,15.62,78.71,7.6,95.74,False,121,Não,2,8,False,,False,,False,False,False,False,True,False,1,10,False,False,False,False,False,False,True,True,False,False,False,3.31,False,6988515328.0,-2.66,0.57,0.0,15.41,-21.59,-7.63,8.07,-5.82,4.28,5.46,9.47,1.15,3.57,,,5.7,-51.05,2.17,0.39,84.35,12.8,4.28,10.89,23.1,-51.6,-7.0,1.66,0.53,5.269999980926514,5.801133202234647,10.342791461044373,,,,,,,8.07196233163951,8.07196233163951,7.264766098475559,2,True,1.8,37.851349616102794,53.1681662401142,n/d,n/d,,,,False,False,,,Lateral,5.159999847412109,2.131785596264546,-53.44522859540282,False,False,False,sem sinal (Lateral)
BRAP4,BOVA11+SMALL11,BOVA11,Basic Materials,33.37,34.85,25.0,,,1.0,DY5a=24.3%>=20,14.87,38.91,74.72,,False,122,Não,4,6,False,,True,,False,False,False,True,,False,2,8,False,True,True,False,,,True,True,False,True,True,,True,8628470784.0,14.76,1.07,10.74,24.28,7.26,23.82,-0.47,0.0,-225.0,,,5.68,0.0,2.03,358.31,,2.93,-0.74,,4.4,95.6,14.28,25.49,53.7,-13.9,-2.3,0.92,0.63,21.950000762939453,38.06062409027002,70.60245768745088,19.70443835426475,26.199362936256197,44.61382268890132,15.342069641277186,10.759154458365328,,25.779912028222466,22.951900645260473,20.656710580734426,6,True,6.6,-5.891982402062723,17.448342287757292,n/d,n/d,,,,False,False,,,Lateral,22.0,-0.2272692593661252,-14.35816823381073,False,False,False,sem sinal (Lateral)
MYPK3,SMALL11,SMALL11,Consumo discricionário,32.99,35.28,20.0,,,0.9,,24.86,52.31,28.48,53.19,False,123,Não,1,8,False,,True,,False,False,False,False,True,False,2,10,False,False,False,False,False,False,True,False,False,False,True,0.95,True,1362904960.0,15.3,0.34,3.38,5.41,2.23,4.01,8.93,0.6,3.5,2.9,4.54,1.73,1.23,39.96,82.83,0.1,3.92,3.75,0.65,66.29,30.03,8.74,13.84,4.1,-34.3,-2.3,0.79,0.48,9.100000381469727,3.5189820560284053,3.631773254514998,4.384535772786157,18.925505819227684,3.4476973076684,7.74207375190352,1.7320232981733967,21.41757303071974,,,,6,False,12.4,,,n/d,n/d,,,,False,False,,,Em Baixa,9.399999618530273,-3.1914813748412985,-34.58887783067962,False,False,False,sem sinal (Em Baixa; sem novo topo (-3.2%))
TTEN3,SMALL11,SMALL11,Bens de primeira necessidade,32.9,29.88,50.0,,,0.0,,35.33,32.06,24.19,11.35,True,124,Não,2,8,False,,True,,False,True,True,False,False,True,5,10,False,True,False,False,False,False,True,False,False,True,False,0.75,True,5584915456.0,9.5,1.12,1.63,0.95,11.76,18.41,4.0,3.19,17.35,7.5,18.75,1.36,1.03,0.89,9.05,-37.7,5.55,1.74,0.97,64.13,35.82,9.93,17.74,12.4,-37.1,-23.5,0.81,0.37,11.15999984741211,0.7591834706251174,1.4082853380095928,15.565262945074782,16.22873369395297,13.68378210178576,1.6783486061687438,11.036216349033745,,,,,4,False,21.4,,,n/d,n/d,,,,False,False,,,Em Baixa,11.800000190734863,-5.423731635405138,-37.6536308086892,False,False,False,sem sinal (Em Baixa; sem novo topo (-5.4%))
CASH3,SMALL11,SMALL11,Comunicação,32.5,28.43,55.55555555555556,,,0.4,P/L=-5.93<2,1.35,43.54,83.44,2.48,False,125,Não,2,8,False,,False,,False,,False,True,True,False,5,9,False,False,False,False,True,True,False,False,False,False,True,-0.29,True,596904768.0,-5.93,1.39,0.0,0.0,-23.45,-3.01,-16.62,-20.31,-9.35,-1.12,-2.8,2.68,0.0,,,18.2,6.66,9.61,1.74,18.27,80.69,3.24,5.73,76.9,0.0,30.5,0.94,0.32,5.730000019073486,,,,,,,,,,,,0,True,,,,n/d,n/d,,,,False,False,,,Em Alta,5.599999904632568,2.3214306545501273,-0.6932402423787232,False,False,False,sem sinal (Em Alta)
DESK3,SMALL11,SMALL11,Comunicação,31.9,32.24,30.0,,,0.4,,39.33,27.53,34.38,7.8,False,126,Não,3,8,False,,True,,False,False,False,False,False,True,3,10,False,True,True,False,False,False,True,False,False,False,True,0.9,True,2149727488.0,38.48,1.5,0.79,0.44,3.91,6.21,11.53,4.4,5.18,2.09,2.53,1.41,1.21,11.83,16.78,-50.0,10.88,6.52,0.32,62.73,36.49,7.85,19.0,135.5,-2.7,2.1,0.67,0.19,18.489999771118164,0.5757657340328247,0.7745288709809908,4.617060898371423,11.544230873086516,1.773095571637718,0.6742713011304755,2.2664916243266,18.489999771118164,,,,3,False,32.1,,,n/d,n/d,,,,False,False,,,Lateral,19.0,-2.6842117309570312,-3.6477370685692345,False,False,False,sem sinal (Lateral)
DXCO3,SMALL11,SMALL11,Materiais,31.3,33.29,20.0,,,1.0,P/L=-130.73<2,14.01,71.1,27.6,36.88,False,127,Não,2,8,False,,True,,False,False,False,False,True,False,2,10,False,False,False,False,False,False,True,True,False,False,False,0.88,True,4657376768.0,-130.73,0.68,0.0,3.45,-0.52,6.92,4.35,-0.43,4.73,3.22,8.04,1.98,1.19,,,5.2,8.27,2.48,0.51,62.06,36.03,4.44,6.09,15.6,-15.8,1.3,1.18,0.61,5.130000114440918,1.26482595981965,2.1168587200254327,,,,,,5.943594333110627,1.6908423399225414,1.6908423399225414,1.5217581059302874,2,True,4.7,-70.33609996135189,-67.04011106816877,n/d,n/d,,,,False,False,,,Em Alta,5.289999961853027,-3.0245718065386007,-17.524111133726382,False,False,False,sem sinal (Em Alta)
BRAV3,BOVA11+SMALL11,BOVA11,Energia,30.22,29.67,33.333333333333336,,,0.9,,22.83,57.17,19.5,12.06,False,128,Não,1,8,False,,False,,False,,False,False,False,True,3,9,False,False,False,False,False,False,True,False,False,False,False,1.17,True,8231703552.0,151.16,0.67,0.7,1.08,0.44,3.55,8.3,0.44,3.16,3.05,5.14,1.26,1.55,,163.02,-17.3,5.03,3.71,0.27,72.43,27.57,13.35,21.64,32.7,-18.1,-9.1,0.46,0.22,17.719999313354492,1.3649993195092052,1.9874390092054028,,,,1.6666666666666667,,17.719999313354492,,,,3,False,13.0,,,n/d,n/d,,,,False,False,,,Em Baixa,19.450000762939453,-8.894608646398371,-19.981970158869554,False,False,False,sem sinal (Em Baixa; sem novo topo (-8.9%))
PRNR3,SMALL11,SMALL11,Bens Industriais,30.11,31.89,20.0,,,0.7,,39.09,24.83,32.67,15.6,False,129,Não,2,8,False,,False,,False,False,False,False,True,False,2,10,False,False,False,False,True,False,True,False,False,False,True,1.2,True,999905600.0,22.81,2.09,0.0,1.69,9.17,4.0,10.43,2.55,5.8,2.44,3.27,1.85,1.76,4.04,38.46,27.8,5.01,6.01,0.64,70.26,25.54,14.63,21.97,19.9,-20.2,-5.7,1.17,0.6,17.540000915527344,2.11251729595674,3.7387305089303347,9.72075907205862,12.049945566327688,5.635913931521765,5.536636594603163,4.781798819519488,15.869633802302758,6.9106307488268435,5.586275263062464,5.027647736756218,6,True,7.5,-71.33610333905128,-60.60073895030881,n/d,n/d,,,,False,False,,,Em Baixa,18.950000762939453,-7.440632140604708,-20.597551858900754,False,False,False,sem sinal (Em Baixa; sem novo topo (-7.4%))
LWSA3,SMALL11,SMALL11,Tecnologia de informação,29.81,31.54,20.0,,,0.5,P/L=-11.45<2,12.22,52.52,49.66,29.79,False,130,Fundo duplo,2,7,False,,False,,False,False,False,True,True,False,2,10,False,False,False,False,True,,True,False,False,False,True,,True,2339742464.0,-11.45,0.96,7.37,2.95,-8.41,-2.3,5.89,-13.29,6.02,,,1.18,0.03,,,108.1,11.2,-3.98,1.15,32.17,67.83,3.38,4.67,23.3,-10.6,9.2,1.37,0.54,4.170000076293945,0.8773866922933609,1.6275523142041843,,,,,,,1.2524695032487725,1.2524695032487725,1.1272225529238953,2,True,1.9,-72.9682845971143,-69.96476066346035,n/d,n/d,,,Fundo duplo,False,False,,,Em Alta,4.21999979019165,-1.1848274024543137,-12.224852965857558,False,True,False,Fundo duplo — rompeu pescoço ~R$4.11 (candidato)
LJQQ3,SMALL11,SMALL11,Consumo discricionário,28.76,31.88,11.11111111111111,,,0.9,P/L=-1.20<2,6.56,87.07,13.12,45.39,False,131,Não,0,8,False,,False,,False,,False,False,True,False,1,9,False,False,False,False,False,False,False,False,False,False,False,4.22,False,252439072.0,-1.2,0.81,0.0,4.11,-67.62,-9.94,2.03,-6.88,0.97,34.56,86.39,1.77,7.9,,,8.8,17.43,-0.01,0.82,89.26,10.74,0.96,2.83,27.1,-56.9,-14.7,2.16,0.59,1.2200000286102295,0.3581979141752629,0.6644571307951127,,,,,,,0.5113275224851879,0.5113275224851879,0.4601947702366691,2,True,1.9,-62.27911807830835,-58.08790897589816,n/d,n/d,,,,False,False,,,Lateral,1.2799999713897705,-4.687495634425332,-57.49128650670413,False,False,False,sem sinal (Lateral)
DASA3,SMALL11,SMALL11,Cuidados de saúde,28.19,33.16,0.0,,,0.2,P/L=-3.65<2,17.64,78.96,22.82,9.22,True,132,Não,2,8,False,,False,,False,,False,False,False,False,0,9,False,False,False,False,False,False,True,True,False,False,True,0.98,True,3262047488.0,-3.65,0.48,0.0,0.77,-13.13,-13.32,7.28,-9.6,4.09,4.54,8.74,1.27,1.12,,,-9.8,11.45,3.53,0.48,62.87,36.98,1.24,4.6,110.5,-43.3,-9.4,2.04,0.41,2.609999895095825,0.1432662786779356,0.20859570175507425,,,,,,,0.17593099021650493,0.17593099021650493,0.15833789119485445,2,True,1.5,-93.93341388663,-93.25934876292224,n/d,n/d,,,,False,False,,,Em Baixa,2.9000000953674316,-10.000006577064035,-45.283020848380275,False,False,False,sem sinal (Em Baixa; sem novo topo (-10.0%))
EQTL3,BOVA11,BOVA11,Serviços públicos,28.1,27.76,30.0,,,0.1,,34.32,20.45,19.72,32.62,True,133,Não,1,8,False,,True,,False,False,False,False,False,True,3,10,False,False,False,False,False,False,True,False,False,False,True,2.15,True,46269485056.0,48.4,1.78,4.29,3.15,3.67,8.85,9.18,1.75,7.96,4.81,7.33,1.57,2.27,,152.62,-54.9,22.32,4.62,0.33,74.15,23.5,33.78,45.35,9.0,-18.8,-6.7,1.2,0.82,36.83000183105469,8.29537369183638,12.078064095313769,7.91388469097043,18.821763735103016,,6.267048420977274,2.0328247763893823,38.232785958176535,,,,5,False,18.8,,,n/d,n/d,,,,False,False,,,Em Baixa,39.18000030517578,-5.997954200655409,-20.48790571306921,False,False,False,sem sinal (Em Baixa; sem novo topo (-6.0%))
MRVE3,BOVA11+SMALL11,BOVA11,Consumo discricionário,27.88,30.84,11.11111111111111,,,0.9,P/L=-5.39<2,15.16,64.89,25.83,26.24,False,134,Não,1,8,False,,False,,False,,False,False,True,False,1,9,False,False,False,False,False,False,True,False,False,False,False,1.18,True,3101217792.0,-5.39,0.68,0.0,2.67,-12.58,-7.71,6.84,-4.93,5.43,3.03,6.21,1.89,1.69,,,10.7,3.08,3.75,0.89,78.42,18.67,4.2,10.43,31.2,-47.2,-3.2,1.58,0.57,5.510000228881836,1.0504542058759605,1.9485925518999068,,,,,,2.947784849753326,1.9822772025097308,1.9485925518999068,1.7537332967099162,3,True,2.8,-68.1718108192201,-64.02400870839888,n/d,n/d,,,,False,False,,,Em Alta,5.460000038146973,0.915754402665403,-47.67331083941908,False,False,False,sem sinal (Em Alta)
CAML3,SMALL11,SMALL11,Bens de primeira necessidade,27.41,30.48,10.0,,,0.0,,25.41,36.59,25.39,48.23,True,135,Não,1,8,False,,True,,False,False,False,False,False,False,1,10,False,False,False,False,False,False,True,False,False,False,False,1.5,True,1674659712.0,15.58,0.58,5.97,4.35,3.69,8.66,5.74,0.99,7.87,5.55,13.55,1.87,1.99,13.08,67.72,-58.5,4.71,3.09,0.76,72.01,27.99,4.24,7.23,15.8,-32.0,-8.4,1.39,0.57,4.909999847412109,1.524384741204742,1.685994552569405,2.4897031213461185,7.747739573095417,1.7451912774700788,1.7822418419493067,1.0778585140429413,0.39497535376979565,,,,6,False,19.6,,,n/d,n/d,,,,False,False,,,Lateral,4.909999847412109,0.0,-32.78430590877813,False,False,False,sem sinal (Lateral)
HBOR3,SMALL11,SMALL11,Imobiliário,26.39,27.52,20.0,,,0.8,,14.67,35.76,38.24,43.26,False,136,Não,1,8,False,,True,,False,False,False,True,False,False,2,10,False,False,False,False,False,False,False,True,False,False,False,1.25,True,272021920.0,60.21,0.19,6.5,3.93,0.31,3.0,2.16,0.41,13.41,15.28,38.21,2.55,0.72,,236.65,-64.6,2.2,1.03,0.81,57.57,22.01,1.68,4.23,22.0,-51.6,-4.9,1.63,0.41,2.049999952316284,0.5755235829559052,0.8379623367837981,0.35409399608186937,2.874974492878804,,0.26415074528231325,0.0909554632792714,,,,,4,False,31.6,,,n/d,n/d,,,,False,False,,,Lateral,2.0,2.499997615814209,-51.814970028141275,False,False,False,sem sinal (Lateral)
SOJA3,SMALL11,SMALL11,Bens de primeira necessidade,26.31,27.42,20.0,,,0.0,,29.97,28.28,13.41,41.84,True,137,Não,2,8,False,,True,,False,False,False,False,False,False,2,10,False,False,False,False,True,False,True,False,False,True,True,0.66,True,945114752.0,40.98,0.71,4.23,3.84,1.73,13.98,5.66,0.89,9.33,4.7,11.63,0.95,1.47,,157.44,-0.4,6.9,2.47,1.35,45.47,36.89,4.98,10.46,34.5,-35.9,6.5,0.83,0.33,6.699999809265137,1.838647084561244,2.6770701551211715,1.700341581658307,5.891839368604524,,1.0522259290281606,0.43676356561827395,1.5010298774722355,,,,5,False,13.5,,,n/d,n/d,,,,False,False,,,Em Alta,6.889999866485596,-2.7576206226745947,-35.92056566449635,False,False,False,sem sinal (Em Alta)
GFSA3,SMALL11,SMALL11,Consumo discricionário,26.15,30.76,0.0,,,0.9,P/L=-0.05<2,0.68,100.0,26.05,2.48,False,138,Não,1,7,False,,False,,False,,False,False,False,False,0,9,False,False,False,False,False,,False,True,False,False,True,,True,33047134.0,-0.05,0.02,0.0,0.0,-39.87,-13.41,-6.27,-124.06,-5.67,,,1.31,1.06,,,-55.9,0.7,-4.96,0.96,67.49,32.51,0.2,13.76,5.0,-98.5,-77.1,1.17,0.25,0.20999999344348907,,,,,,,,,,,,0,True,,,,n/d,n/d,,,,False,False,,,Em Baixa,0.25,-16.00000262260437,-98.493543760654,False,False,False,sem sinal (Em Baixa; sem novo topo (-16.0%))
ORVR3,SMALL11,SMALL11,Bens Industriais,25.44,20.12,55.55555555555556,,,0.7,,22.11,8.61,38.83,2.48,False,139,Não,2,8,False,,False,,False,,False,True,True,False,5,9,False,False,False,False,True,False,True,False,False,False,False,0.28,True,9019446272.0,179.47,1.86,0.0,0.0,1.04,-2.35,3.71,3.35,20.51,4.88,12.21,2.38,0.74,172.57,,135.8,14.62,2.86,0.49,63.86,33.58,13.27,20.97,23.7,-21.7,-12.8,1.11,0.66,16.420000076293945,,,,,,,,0.6258253562080854,0.6258253562080854,0.6258253562080854,0.5632428205872769,1,True,1.0,-96.56977577362836,-96.18863974847596,n/d,n/d,,,,False,False,,,Em Baixa,17.8799991607666,-8.165543361301019,-22.638399146370514,False,False,False,sem sinal (Em Baixa; sem novo topo (-8.2%))
RCSL4,SMALL11,SMALL11,Bens Industriais,25.09,27.31,12.5,,,0.7,P/L=-4.84<2,38.07,,15.51,2.48,False,140,Não,2,7,False,,False,,False,,True,,False,False,1,8,True,True,False,False,False,,False,False,False,True,True,,True,72554832.0,-4.84,-4.86,0.0,0.0,100.56,,-2.72,0.0,-84.46,,,1.21,,,,-99.2,,-11.18,0.2,170.21,-69.4,0.26,2.7,119.2,-78.9,-0.6,0.23,0.03,0.5699999928474426,,,,,,,,,,,,0,True,,,,n/d,n/d,,,,False,False,,,Lateral,0.7799999713897705,-26.92307515962583,-79.44093832264083,False,False,False,sem sinal (Lateral)
MGLU3,BOVA11+SMALL11,BOVA11,Consumo discricionário,24.85,27.28,11.11111111111111,,,0.9,,19.43,49.76,20.18,20.57,False,141,Não,1,8,False,,False,,False,,False,True,False,False,1,9,False,False,False,False,False,False,True,False,False,False,False,0.6,True,3653351168.0,41.29,0.33,1.73,2.35,0.79,-2.27,6.07,0.23,2.45,4.67,10.76,1.1,0.76,1651.01,96.83,-2.6,5.81,1.9,0.75,70.25,29.75,3.88,11.0,21.4,-57.2,-20.4,2.02,0.59,4.710000038146973,0.7890005482364856,0.7906101726244787,0.8164565643562133,6.052471572771843,0.27037537940977485,0.41737103864902036,0.30652625807574,,,,,4,False,22.4,,,n/d,n/d,,,,False,False,,,Lateral,4.789999961853027,-1.670144558312403,-58.845771626618614,False,False,False,sem sinal (Lateral)
MBRF3,BOVA11,BOVA11,Bens de primeira necessidade,24.79,29.17,0.0,,,0.0,DY5a=21.3%>=20,41.61,24.84,6.59,,True,142,Não,1,8,False,,False,,False,False,False,False,False,False,0,10,False,False,False,False,False,False,True,False,False,True,True,4.51,False,25861849088.0,70.23,2.25,9.41,21.28,3.2,39.26,6.29,0.22,5.99,4.84,10.77,1.05,5.39,21.95,1494.77,-51.3,26.87,2.68,0.43,89.92,7.97,14.52,27.52,27.8,-32.6,9.2,1.02,0.31,18.559999465942383,28.216405237284338,37.7472798952115,2.525289847755857,7.003524063352925,6.470478023821676,3.046690502845772,1.237559818745736,14.536198068626659,,,,4,False,30.5,,,n/d,n/d,,,,False,False,,,Em Alta,19.540000915527344,-5.015360305363181,-32.89949541457112,False,False,False,sem sinal (Em Alta)
CSAN3,BOVA11+SMALL11,BOVA11,Consumo discricionário,24.3,26.82,10.0,,,0.9,P/L=-1.65<2,16.3,35.09,41.48,24.11,False,143,Não,2,8,False,,False,,False,False,False,False,True,False,1,10,False,False,False,False,False,True,True,False,False,False,True,1.47,True,14633600000.0,-1.65,2.96,0.0,2.53,-1.79,-64.7,8.59,-22.18,4.69,0.5,0.82,1.67,1.1,,,26.5,6.24,5.56,0.41,77.05,3.93,3.13,8.0,18.5,-53.6,-10.4,1.91,0.64,3.7100000381469727,0.6710835655555316,1.244860014105511,,,,,,3.3777648274213465,0.9579717898305213,0.9579717898305213,0.8621746108474693,2,True,5.0,-76.76079239939581,-74.17865822155092,n/d,n/d,,,,False,False,,,Lateral,3.9100000858306885,-5.115090621314533,-53.79825452653869,False,False,False,sem sinal (Lateral)
KLBN11,BOVA11,BOVA11,Materiais,23.41,25.78,10.0,,,1.0,,22.8,18.98,20.19,67.38,False,144,Não,2,8,False,,True,,False,False,False,False,False,False,1,10,False,True,False,False,False,False,True,False,False,True,False,0.49,True,132954398720.0,41.6,2.46,6.21,7.1,5.92,28.81,5.45,0.86,6.35,3.99,9.97,2.0,2.3,,295.2,-51.7,10.83,2.09,0.37,77.43,12.36,16.08,21.02,16.3,-11.0,6.8,0.55,0.46,18.709999084472656,9.483425393631588,13.807867373127593,4.677499771118164,8.773054078751867,,11.016666666666667,1.2015006280207372,7.769813625286412,,,,6,False,11.5,,,n/d,n/d,,,,False,False,,,Em Alta,18.739999771118164,-0.16008904488752362,-11.952945484834554,False,False,False,sem sinal (Em Alta)
CVCB3,SMALL11,SMALL11,Consumo discricionário,23.02,21.2,33.333333333333336,,,0.9,P/L=-7.09<2,10.87,49.0,19.07,2.48,False,145,Não,2,8,False,,False,,False,,False,False,False,False,3,9,False,False,False,False,False,True,True,False,False,False,True,1.13,True,927021504.0,-7.09,2.9,0.0,0.0,-40.86,-60.02,5.9,-8.94,2.91,1.33,3.17,0.68,1.67,,,-4.5,12.28,4.12,0.67,87.19,12.81,1.08,2.72,64.8,-34.6,11.0,1.14,0.29,1.7799999713897705,,,,,,,,3.3668305860056424,3.3668305860056424,3.3668305860056424,3.030147527405078,1,True,1.0,70.23300989377152,89.14778877085725,n/d,n/d,,,,False,False,,,Em Alta,1.7400000095367432,2.298848369758155,-36.200716999022745,False,False,False,sem sinal (Em Alta)
HBSA3,SMALL11,SMALL11,Bens Industriais,22.76,24.82,11.11111111111111,,,0.7,P/L=-26.77<2,24.91,18.92,43.18,2.48,False,146,Não,2,8,False,,False,,False,,False,False,True,False,1,9,False,False,False,False,True,False,True,False,False,False,False,1.26,True,4788546560.0,-26.77,2.29,0.0,0.0,-8.56,-15.0,11.14,-5.52,7.97,3.09,3.88,3.26,1.56,,,68.3,12.42,5.08,0.41,66.67,33.33,2.98,4.38,18.1,-19.6,3.5,0.75,0.35,3.5199999809265137,,,,,,,,1.7251481620060434,1.7251481620060434,1.7251481620060434,1.552633345805439,1,True,1.0,-55.891097891518626,-50.99010876835403,n/d,n/d,,,,False,False,,,Em Alta,3.4800000190734863,1.1494241848790887,-19.81776564962765,False,False,False,sem sinal (Em Alta)
AURE3,BOVA11+SMALL11,BOVA11,Serviços públicos,21.32,21.55,20.0,,,0.1,P/L=-10.46<2,13.12,25.85,10.82,70.21,True,147,Não,2,8,False,,False,,False,False,False,False,True,False,2,10,False,False,False,False,False,False,True,True,False,False,False,1.74,True,11334290432.0,-10.46,0.99,0.0,7.48,-9.47,2.89,2.64,-8.09,11.82,6.49,16.23,1.12,1.85,,,5.9,-76.43,2.04,0.26,71.73,25.67,10.05,14.61,8.0,-25.7,-10.3,1.14,0.6,10.850000381469727,5.797173308380348,10.610974255561361,,,,,,3.2357010429268422,6.547949535622851,5.797173308380348,5.217455977542313,3,True,3.3,-51.91284982392265,-39.65023681652743,n/d,n/d,,,,False,False,,,Em Baixa,11.15999984741211,-2.77777303029505,-25.989082575706522,False,False,False,sem sinal (Em Baixa; sem novo topo (-2.8%))
ENEV3,BOVA11,BOVA11,Serviços públicos,21.31,19.19,33.333333333333336,,,0.1,,27.68,8.59,21.69,2.48,True,148,Não,1,8,False,,True,,False,,False,False,False,True,3,9,False,False,False,False,False,False,True,False,False,False,True,1.16,True,50658746368.0,53.28,2.52,0.0,0.0,4.73,2.64,5.85,5.03,12.28,3.9,9.34,1.28,1.2,11.26,,-91.5,27.34,4.12,0.26,62.34,34.87,14.89,27.59,77.2,-4.4,2.1,1.11,0.54,26.3799991607666,,,5.593735548062394,10.79900290442119,2.341918093664152,,2.794740794831108,13.151047623790111,6.93608899295379,5.593735548062394,5.034361993256155,5,True,5.6,-80.91598880433833,-73.70701586954779,n/d,n/d,,,,False,False,,,Lateral,26.979999542236328,-2.223870984617493,-6.187772498353283,False,False,False,sem sinal (Lateral)
TUPY3,SMALL11,SMALL11,Bens Industriais,19.43,22.86,0.0,,,0.7,P/L=-2.57<2,6.33,42.49,27.41,39.01,False,149,Não,2,8,False,,False,,False,False,False,False,False,False,0,10,False,False,False,False,False,False,True,True,False,False,False,0.83,True,1971131264.0,-2.57,0.87,0.0,3.58,-33.8,2.01,1.49,-8.26,8.35,3.88,9.69,2.16,1.72,,,-5.8,5.31,1.31,0.87,73.24,26.66,11.34,16.19,32.5,-7.2,3.9,1.24,0.54,15.029999732971191,3.845120472686757,5.598495408231919,,,,,,5.387818010858983,4.94381129725922,5.387818010858983,4.849036209773085,3,True,1.5,-67.7376161282572,-67.10704334602202,n/d,n/d,,,,False,False,,,Em Baixa,15.479999542236328,-2.9069755980117296,-8.909092527447326,False,False,False,sem sinal (Em Baixa; sem novo topo (-2.9%))
BBDC1,BOVA11,BOVA11,Produtos financeiros,,,,,,0.4,,,,,,False,150,Não,0,0,False,,,,,,,,,,0.0,0.0,,,,,,,,,True,True,True,,True,,,,,,,,,,,,,,,,,,,,,,,,,,,,,,,,,,,,,,,,,,0,True,,,,n/d,n/d,,,,False,False,,,,,,,False,False,False,histórico insuficiente
BBDC2,BOVA11,BOVA11,Produtos financeiros,,,,,,0.4,,,,,,False,151,Não,0,0,False,,,,,,,,,,0.0,0.0,,,,,,,,,True,True,True,,True,,,,,,,,,,,,,,,,,,,,,,,,,,,,,,,,,,,,,,,,,,0,True,,,,n/d,n/d,,,,False,False,,,,,,,False,False,False,histórico insuficiente
MOVI1,SMALL11,SMALL11,Bens Industriais,,,,,,0.7,,,,,,False,152,Não,0,0,False,,,,,,,,,,0.0,0.0,,,,,,,,,True,True,True,,True,,,,,,,,,,,,,,,,,,,,,,,,,,,,,,,,,,,,,,,,,,0,True,,,,n/d,n/d,,,,False,False,,,,,,,False,False,False,histórico insuficiente
