ticker,origem,grupo,setor,investment,investment_base,consistencia,basileia,solvencia,ciclicidade,dado_suspeito,quality,value,safety,dividend,regulado,rank_invest,oportunidade_grafica,candidato_padrao,candidato_nota,virada_alta,criterios_ok,criterios_aplicaveis,passa_checklist,mais_5a_bolsa,sem_prejuizo_anual,lucro_20t,div_ge5_5a,div_sem_corte,roe_ge_10,divida_menor_patrim,cresc_receita_5a,cresc_lucro_5a,n_ok,n_aplic,roe_roic_ge_selic,roe_ge_setor,roic_ge_setor,margem_ge_15,cagr_ge_setor,divida_ok,marketcap_ok,insider_ok,margem_ok,roe_ok,alavancagem_ok,div_liq_patrim,nde_ok,market_cap,pl,pvp,dy,dy_teto,roe,roe_medio,roic,mrg_liq,ev_ebitda,div_liq_ebitda,lev_roic_adj,liq_corr,div_patrim,peg,payout,cresc_5a,pl_fut,roa,liq_geral,grau_endiv,indep_fin,min_52s,max_52s,dist_min52,dist_max52,dist_mm100,mediana_1a,media_1a,max_drawdown,vol_anual,ret_ytd,min_ytd,max_ytd,rel_ibov_ytd,beta,corr_ibov,corr_usd,close,teto_bazin,teto_gordon,teto_dcf,teto_graham,teto_lynch,teto_projetivo,teto_graham_selic,teto_mult_ebitda,teto_medio,teto_mediana,teto_ajustado,teto_n_metodos,teto_confiavel,teto_dispersao,teto_upside_pct,teto_upside_media_pct,prox_resultado,ex_dividendo,ex_tipo,tese_ia,strategy,in_wishlist,in_carteira,preco_medio,var_pm_pct,trend,breakout_level,pct_to_level,dist_52w_high_pct,fund_ok,breakout,aprovado,note
JHSF3,SMALL11,SMALL11,Imobiliário,77.82,75.67,90.0,,,0.8,,86.88,81.94,44.97,70.92,False,1,Não,,,False,7,8,False,,True,,False,True,True,True,True,True,9,10,True,True,True,True,True,True,True,False,True,True,True,0.33,True,6813065216.0,3.3,0.94,6.56,7.91,28.4,16.71,13.12,52.59,4.49,1.22,1.3,1.73,0.86,0.22,26.1,90.2,5.99,7.25,0.72,61.6,36.26,5.05,13.85,105.3,-25.2,-6.7,9.13,8.83,-27.9,38.7,39.5,7.43,13.85,30.08,1.37,0.61,0.06,10.359999656677246,5.851607493390991,10.854731900240289,41.59696831847682,27.901663924503552,71.91590901746441,19.767539352374044,37.986665407816574,18.048486742044474,,,,6,False,12.3,,,n/d,2026-08-31,próxima,,,False,False,,,Em Baixa,10.819999694824219,-4.2513867940958905,-26.80358213834876,True,False,False,sem sinal (Em Baixa; sem novo topo (-4.3%))
VULC3,SMALL11,SMALL11,Consumo discricionário,76.94,78.16,70.0,,,0.9,,87.8,63.47,65.69,96.45,False,2,Não,,,False,6,8,False,,True,,False,False,True,True,False,True,7,10,True,True,True,True,False,True,True,False,True,True,True,0.25,True,4205972224.0,4.58,1.61,29.45,15.44,35.06,31.82,17.83,24.89,6.16,0.76,0.6,2.96,0.37,0.45,70.73,-64.7,5.87,11.45,1.64,37.42,62.57,13.37,20.08,0.7,-33.0,-9.2,17.05,16.83,-33.4,26.2,-32.4,13.37,19.91,-41.82,0.92,0.6,0.13,13.460000038146973,14.847320570000138,27.541779657350258,38.93995644223742,23.51205793312256,75.5448285957473,48.525159379469486,26.80868494893448,8.920136085713818,,,,6,False,8.5,,,n/d,2025-12-23,última,,,False,False,,,Em Baixa,14.039999961853027,-4.131053598874123,-33.464311886155116,True,False,False,sem sinal (Em Baixa; sem novo topo (-4.1%))
MDNE3,SMALL11,SMALL11,Imobiliário,74.83,72.15,90.0,,,0.8,,73.1,76.88,60.08,80.14,False,3,Não,,,False,7,8,False,,True,,False,True,True,True,True,True,9,10,True,True,True,True,True,True,True,False,True,True,True,0.24,True,2507799040.0,4.51,1.1,16.0,9.28,24.38,16.15,10.98,21.43,4.36,0.91,1.16,2.38,0.48,0.32,41.86,19.5,3.79,6.4,1.12,72.76,27.27,20.62,34.28,19.3,-28.2,-10.4,25.43,26.44,-33.9,44.9,7.0,22.65,34.28,-2.42,1.66,0.63,0.13,24.610000610351562,16.31411912109865,30.262690969637994,72.30210822331667,52.410496028174926,127.99502612711933,26.12261083743122,63.198941147306094,42.851009546012286,47.8579761253132,47.630752787093606,42.86767750838425,6,True,7.8,74.18803919229917,94.46556252901097,n/d,2026-01-02,última,,,False,False,,,Lateral,24.920000076293945,-1.2439785914658996,-28.208863807735685,True,False,False,sem sinal (Lateral)
POMO3,SMALL11,SMALL11,Bens Industriais,73.94,74.63,70.0,,,0.7,,80.49,75.02,52.52,91.49,False,4,Não,,,False,5,8,False,,True,,False,False,True,True,False,True,7,10,True,True,True,False,False,True,True,False,True,True,True,0.44,True,5151811584.0,4.32,1.22,22.27,12.72,28.32,24.74,18.39,13.19,4.58,1.29,0.98,1.94,0.81,0.34,54.94,-14.0,,8.76,1.02,59.93,39.42,3.73,6.48,10.4,-36.4,-21.4,5.55,5.44,-42.4,35.0,-22.3,3.73,6.43,-31.72,0.91,0.45,0.05,4.119999885559082,3.742641514200839,6.942600008842556,12.636573723068942,8.512687176725057,24.29899389621988,11.192765588517295,10.197505177398499,5.258139118319559,8.35470175815325,8.512687176725057,7.661418459052552,7,True,6.5,85.95676388017426,102.78402888886298,n/d,2026-08-26,última,,,False,False,,,Em Baixa,4.137517929077148,-0.42339498748646953,-36.92337647573303,True,False,False,sem sinal (Em Baixa; sem novo topo (-0.4%))
POMO4,BOVA11+SMALL11+Carteira,BOVA11,Bens Industriais,72.94,73.46,70.0,,,0.7,,80.49,72.64,52.52,85.82,False,5,Não,,,False,5,8,False,,True,,False,False,True,True,False,True,7,10,True,True,True,False,False,True,True,False,True,True,True,0.44,True,5486989312.0,4.6,1.3,20.91,10.21,28.32,24.74,18.39,13.19,4.8,1.29,0.98,1.94,0.81,0.31,46.98,-14.0,4.52,8.76,1.02,59.93,39.42,3.93,7.69,14.4,-41.5,-18.6,5.82,5.94,-48.9,34.7,-20.2,3.93,6.81,-29.62,0.97,0.48,0.06,4.5,3.2829707827016414,6.089910801911545,12.961956521739129,8.728772626887835,24.66556325170065,11.575137762178509,11.836956521739134,5.3835710290357195,11.605981216456076,11.575137762178509,10.417623985960658,7,True,7.5,131.5027552435702,157.9106936990239,n/d,2026-08-26,última,"A Marcopolo (POMO4) apresenta uma sólida combinação de alta qualidade operacional e valuation atrativo no setor de bens industriais, evidenciada por um ROE de 28,3% e um ROIC de 18,4% que se posicionam bem acima das médias setoriais de 14,5% e 12,6%, respectivamente. Essa rentabilidade robusta convive com múltiplos de preço bastante descontados, como o P/L de 4,6 e o P/VP de 1,3, sugerindo que o mercado ainda não precificou totalmente a eficiência da companhia. O excelente retorno sobre o capital é sustentado por uma estrutura de capital saudável, onde a relação dívida líquida sobre EBITDA de 1,29 vezes está confortavelmente abaixo da média dos pares de 2,39 vezes, garantindo segurança financeira e liquidez corrente de 1,94. Essa folga no endividamento viabiliza um expressivo dividend yield de 20,91%, o qual se mostra sustentável diante da forte geração de lucro atual, embora o investidor deva monitorar a consistência dessa distribuição frente ao histórico recente. Por outro lado, o crescimento de longo prazo acende um alerta, dado que o CAGR de receita nos últimos cinco anos contraiu 14,0%, ficando muito abaixo da média setorial de 21,6% de expansão. Esse descompasso no crescimento reflete-se no checklist de critérios da empresa, que atendeu a 5 dos 8 requisitos avaliados, sendo penalizado justamente pela perda de receita frente aos pares, pela margem líquida de 13,19% (abaixo do sarrafo de 15%) e por vendas recentes de insiders. No campo do valuation, as estimativas de preço-teto revelam uma dispersão acentuada entre os métodos, variando desde os conservadores R$ 3,28 pelo modelo de Bazin até os otimistas R$ 24,67 de Lynch, resultando em uma média de R$ 11,61 e uma mediana de R$ 11,58. Frente ao preço atual de R$ 4,5, o preço-teto ajustado com margem de segurança de R$ 10,42 projeta um expressivo potencial de valorização de 131,5%, servindo como uma robusta referência de margem de segurança para o papel. Em balanço, a tese de investimento em POMO4 destaca-se positivamente pela alta rentabilidade, endividamento sob controle e proventos excepcionais, mas traz como contrapartidas a contração histórica de receita, a tendência gráfica de baixa no curto prazo e os ruídos apontados pelo checklist corporativo.",,False,True,4.45,1.12,Em Baixa,4.41884708404541,1.836517861131659,-41.72317990102352,True,False,False,sem sinal (Em Baixa; sem novo topo (+1.8%))
PSSA3,BOVA11,BOVA11,Insurance,72.94,72.58,75.0,,1.8,0.3,,76.13,52.6,100.0,51.77,False,6,Não,,,False,4,6,False,,True,,False,False,True,,True,True,6,8,True,False,True,,True,,True,False,True,True,True,,True,31325294592.0,8.58,1.96,6.16,5.34,22.84,17.35,79.28,8.13,,,,,,0.69,45.78,0.3,7.85,6.06,,71.59,28.18,43.07,55.45,12.2,-12.8,-5.0,47.94,48.43,-16.1,25.9,4.4,44.27,55.45,-5.02,0.75,0.5,0.03,48.34000015258789,18.421917660345876,34.1726572599416,74.65093263657221,55.91472932652801,99.83445496223254,47.861049307919515,58.90972725125358,,43.776639216194795,41.01685328393056,36.915167955537505,4,True,4.1,-23.63432387461164,-9.440134302831183,2026-11-05,2026-06-23,última,,,False,False,,,Em Baixa,52.650001525878906,-8.18613722389454,-12.979296459940294,True,False,False,sem sinal (Em Baixa; sem novo topo (-8.2%))
ABCB10,SMALL11,SMALL11,Produtos financeiros,71.45,75.24,50.0,,,0.4,,75.84,74.15,,,False,7,Não,,,False,1,3,False,,,,,,True,,False,,1,2,True,False,,,False,,,,True,True,True,,True,,,0.82,,,14.9,,,40.92,,,,,,,,-2.9,,1.54,,,,,,,,,,,,,,,,,,,,,,,,,,,,,,,,0,True,,,,n/d,n/d,,,,False,False,,,,,,,False,False,False,histórico insuficiente
MILS3,SMALL11,SMALL11,Bens Industriais,70.84,69.22,80.0,,,0.7,,84.89,56.06,57.38,55.32,False,8,Não,,,False,6,8,False,,True,,False,True,True,True,True,True,8,10,True,True,True,True,False,True,True,False,True,True,True,0.65,True,3576973824.0,8.19,1.95,5.4,5.71,23.81,18.37,20.65,23.53,4.87,1.28,0.87,2.98,0.99,0.65,46.76,21.3,8.39,11.12,0.54,61.6,38.32,10.3,15.81,52.5,-0.7,7.3,12.82,13.06,-15.0,27.1,24.1,12.01,15.81,14.68,0.74,0.47,0.07,15.699999809265137,6.403272793702906,11.878071032318891,25.399877591301955,18.63509665364473,35.24419671738814,12.298869619327528,20.394353135338537,18.40902666520164,20.322784487788777,18.63509665364473,16.77158698828026,7,True,5.5,6.8253961276021125,29.444488755952513,n/d,2026-04-22,última,,,False,False,,,Em Alta,15.75,-0.3174615284753268,-1.5056447768889702,True,False,False,sem sinal (Em Alta)
PETR4,BOVA11,BOVA11,Energia,70.8,74.47,50.0,,,0.9,DY5a=41.0%>=20,86.35,83.6,36.34,,False,9,Não,Bandeira de alta,"Bandeira de alta (pré-confirmação) — pescoço R$43.15, preço 1.1% abaixo do pescoço; falta fechar acima e segurar",False,7,8,False,,True,,True,False,True,True,True,False,5,10,True,True,True,True,True,True,True,False,True,True,True,0.61,True,595044794368.0,4.21,1.17,8.37,41.02,27.73,30.77,19.69,24.32,2.71,1.29,0.92,0.85,0.76,0.28,172.68,96.8,4.41,10.07,0.28,65.87,33.99,26.84,47.05,59.1,-9.2,3.4,36.74,35.71,-22.2,25.5,47.9,27.87,47.05,38.48,0.34,0.23,-0.06,42.70000076293945,125.10152754914834,232.06333360367015,134.38836344630587,91.26098734326251,304.2755398784284,55.15675999999999,122.72446775096613,54.40212095818906,139.92163756624632,123.91299765005724,111.52169788505151,8,True,5.6,161.17493183242368,227.68532802390084,n/d,2026-08-24,última,,,False,False,,,Em Alta,42.971248626708984,-0.631231049685943,-10.410713766652947,True,False,False,sem sinal (Em Alta)
LEVE3,SMALL11,SMALL11,Consumo discricionário,70.33,70.39,70.0,,,0.9,,86.26,57.93,35.47,100.0,False,10,Não,,,False,6,8,False,,True,,True,False,True,False,True,True,7,10,True,True,True,False,False,True,True,True,True,True,True,1.2,True,4396884992.0,6.31,4.56,8.79,19.55,72.29,64.73,34.45,13.0,5.17,1.21,0.49,1.43,1.7,0.24,123.36,25.8,6.37,14.14,0.81,77.23,22.71,24.65,35.6,31.8,-8.8,-1.3,32.22,31.11,-12.3,24.5,2.9,31.18,35.6,-6.52,0.64,0.45,0.11,32.47999954223633,45.35763233460455,84.13840798069145,68.20285165366582,28.72170204316001,154.42155091396037,98.70833333333334,62.283358868630685,25.672662239830682,77.40483387543517,68.20285165366582,61.38256648829924,7,True,6.0,88.98573692551506,138.3153785909988,n/d,2026-04-30,última,,,False,False,,,Em Alta,34.0,-4.470589581657858,-10.30102081343549,True,False,False,sem sinal (Em Alta)
RIAA3,SMALL11,SMALL11,Consumo discricionário,70.15,70.18,70.0,,,0.9,,65.63,94.42,38.75,92.91,False,11,Não,,,False,4,8,False,,False,,False,False,True,True,True,True,7,10,True,True,False,False,False,True,True,False,True,False,True,0.47,True,3479296768.0,2.27,0.64,46.72,13.15,28.35,8.06,8.96,14.35,2.55,2.11,3.3,1.61,0.68,0.15,29.85,16.6,5.19,4.35,1.05,64.01,35.99,6.11,10.43,13.2,-33.7,-19.1,8.27,8.19,-37.2,45.5,-17.5,6.55,10.43,-26.92,1.61,0.61,0.07,6.920000076293945,6.500811646585628,12.05900560441634,40.392070929909586,27.23293457569906,85.8199842275806,51.88018214566937,36.88634401901179,35.344254854783145,,,,6,False,13.2,,,n/d,n/d,,,,False,False,,,Em Baixa,7.960000038146973,-13.065326091319108,-36.123836413014466,False,False,False,sem sinal (Em Baixa; sem novo topo (-13.1%))
CURY3,BOVA11+SMALL11,BOVA11,Consumo discricionário,69.99,68.22,80.0,,,0.9,,90.09,30.54,56.97,86.52,False,12,Não,Fundo duplo,"Fundo duplo (pré-confirmação) — pescoço R$34.67, preço 5.3% abaixo do pescoço; falta fechar acima e segurar",False,6,8,False,,True,,False,False,True,True,True,True,8,10,True,True,True,True,False,True,True,False,True,True,True,-0.13,True,10079316992.0,9.17,6.09,14.71,10.4,66.38,57.38,37.72,17.89,5.92,-0.15,-0.06,1.92,0.66,2.98,95.36,8.2,6.82,16.3,0.91,70.61,24.44,26.99,40.16,21.7,-18.2,5.0,31.26,31.75,-29.9,39.5,9.5,28.13,40.16,0.08,1.32,0.57,0.06,32.849998474121094,24.401981757533054,32.23832812877129,33.80534679768205,20.851307770651225,48.27773686236829,50.98532072971253,16.498567099623997,24.29339039885633,31.41899744314985,28.320154943152176,25.488139448836957,8,True,3.1,-22.410530798300453,-4.356167724325999,n/d,2026-08-17,última,,,False,False,,,Lateral,32.58000183105469,0.8287189315288712,-18.38191360348138,True,False,False,sem sinal (Lateral)
PETR3,BOVA11,BOVA11,Energia,69.89,73.4,50.0,,,0.9,DY5a=38.9%>=20,86.35,79.74,36.34,,False,13,Não,Bandeira de alta,"Bandeira de alta (pré-confirmação) — pescoço R$48.12, preço 1.7% abaixo do pescoço; falta fechar acima e segurar",False,7,8,False,,True,,True,False,True,True,True,False,5,10,True,True,True,True,True,True,True,False,True,True,True,0.65,True,621881327616.0,4.66,1.29,7.55,38.86,27.73,30.77,19.69,24.32,2.9,1.29,0.92,0.85,0.76,0.31,181.09,96.8,3.26,10.07,0.28,65.87,33.99,28.69,52.45,64.9,-9.8,2.4,40.44,39.22,-22.9,28.6,54.8,29.47,52.45,45.38,0.37,0.22,-0.07,47.310001373291016,131.3186535240124,243.596102287043,134.5187807287781,91.52851288970868,304.57082429157305,56.1476,122.84356579760114,53.17581509382557,142.21248182656774,127.08110966080677,114.37299869472609,8,True,5.7,141.75226247043753,200.59707820438612,2026-11-10,2026-08-24,última,,,False,False,,,Em Alta,48.05994415283203,-1.5604320661634086,-10.93846372884365,True,False,False,sem sinal (Em Alta)
VTRU3,SMALL11,SMALL11,Consumo discricionário,69.42,72.85,50.0,,,0.9,P/L=1.87<2,85.98,89.81,54.99,7.09,False,14,Fundo duplo,,,False,7,8,False,,True,,,,True,True,False,True,4,8,True,True,True,True,False,True,True,True,True,False,True,0.37,True,2041060096.0,1.87,0.51,0.18,0.21,27.23,9.79,15.07,46.56,2.91,2.1,1.95,2.56,0.56,,0.39,-23.9,4.05,6.37,0.37,51.99,48.01,10.1,16.86,35.1,-19.0,2.6,13.4,13.25,-28.8,38.9,-2.5,12.0,16.86,-11.92,1.17,0.52,0.06,13.649999618530273,0.20105932696657336,0.2927423800633308,75.91443638113093,66.3006837087815,,0.4131,19.49999945504325,37.65945770521207,,,,2,False,377.6,,,n/d,n/d,,,Fundo duplo,False,False,,,Em Alta,13.819999694824219,-1.2301018816781362,-21.31613344904273,False,True,False,Fundo duplo — rompeu pescoço ~R$13.12 (candidato)
BRSR6,SMALL11,SMALL11,Produtos financeiros,68.65,69.73,62.5,17.35,,0.4,,45.62,90.46,90.71,84.4,False,15,Não,Fundo duplo,"Fundo duplo (pré-confirmação) — pescoço R$14.49, preço 4.8% abaixo do pescoço; falta fechar acima e segurar",False,2,6,False,,True,,False,False,True,,False,True,5,8,False,False,False,,False,,True,True,True,False,True,,True,5672475648.0,3.7,0.49,11.44,10.16,13.26,9.63,0.0,22.38,,,,,,0.45,37.6,-29.2,4.26,1.0,,93.0,6.99,10.06,18.55,37.1,-25.6,-5.0,14.13,14.31,-29.2,28.9,-6.9,13.13,18.55,-16.32,1.08,0.64,0.02,13.800000190734863,10.018249485016652,18.58385279470589,49.41891960195592,48.6151297750832,68.76522849909007,33.7657969264196,29.360376650768433,,33.922856441027136,33.7657969264196,30.38921723377764,3,True,4.9,120.21171604171829,145.81779689976014,n/d,n/d,,,,False,False,,,Lateral,14.010000228881836,-1.4989295839842653,-25.901945822326933,False,False,False,sem sinal (Lateral)
PLPL3,SMALL11,SMALL11,Consumo discricionário,68.59,71.87,50.0,,,0.9,,77.92,81.51,52.37,59.57,False,16,Não,,,False,5,8,False,,True,,False,False,True,False,False,True,5,10,True,True,True,False,False,True,True,False,True,True,True,0.52,True,1425409408.0,4.69,1.28,7.02,6.32,27.32,38.02,24.26,8.62,1.95,1.22,0.7,3.0,1.2,0.31,29.65,-37.3,2.87,7.78,1.2,73.04,24.14,6.46,17.36,12.1,-58.3,-19.9,13.82,12.44,-62.8,50.1,-44.6,6.46,16.13,-54.02,1.47,0.5,0.07,7.239999771118164,3.268913169515907,6.063833929452008,20.4541571358882,14.016462045061305,32.91359934754694,11.238900952370878,18.678890667490357,30.979109800066226,,,,6,False,10.1,,,n/d,2025-12-30,última,,,False,False,,,Lateral,7.449999809265137,-2.818792530515335,-58.344444253562244,True,False,False,sem sinal (Lateral)
CXSE3,BOVA11+Wishlist,BOVA11,Insurance,68.54,65.19,87.5,,1.6,0.3,,64.19,32.57,100.0,81.56,False,17,Pivô de alta,,,False,4,6,False,,True,,True,True,True,,True,True,7,8,True,False,False,,True,,True,True,True,True,True,,True,57899999232.0,12.8,4.2,7.01,9.62,32.79,28.44,-1.21,75.43,,,,,,1.0,123.17,12.8,11.23,20.76,,8.23,91.77,12.84,22.04,50.4,-12.4,2.8,17.11,16.69,-18.8,22.1,23.7,15.42,22.04,14.28,0.68,0.53,0.06,19.309999465942383,13.27286332418177,24.621161466357183,19.988866634666916,12.492342733468211,33.8271937267662,22.898448930232796,16.167814284988815,,20.195335088859665,21.443657782449854,19.29929200420487,4,True,1.9,-0.055450347144747614,4.58485576076153,2026-11-09,2026-11-04,próxima,"A Caixa Seguridade (CXSE3) apresenta-se como um caso de estudo interessante no setor de seguros, onde sua alta eficiência operacional se reflete em uma expressiva margem líquida de 75,43%, embora seus indicadores de retorno tragam nuances importantes. O ROE de 32,8% e o ROIC de -1,2% situam-se abaixo dos pares do setor (que registram médias de 34,3% e 19,5%, respectivamente), sugerindo que, apesar de altamente rentável em termos de margem, a companhia entrega uma rentabilidade sobre o capital ligeiramente inferior à de seus concorrentes diretos. Essa qualidade operacional intermediária convive com múltiplos de preço que demandam atenção, visto que o P/L de 12,8 e o P/VP de 4,2 indicam que o mercado já precifica o ativo com certo prêmio, não configurando uma relação clássica de assimetria favorável entre alta rentabilidade e preço descontado. No que tange aos proventos, o dividend yield de 7,01% mostra-se robusto e coerente com a forte geração de caixa implícita na margem líquida, sustentando-se de forma saudável mesmo diante de uma estrutura de capital que historicamente dispensa alavancagem financeira sufocante no setor de seguros. Sob a ótica do crescimento, a empresa se destaca positivamente com um CAGR de receita de cinco anos de 12,8%, posicionando-se significativamente acima da média setorial, que encolheu 2,5% no mesmo período. Esse vigor operacional é corroborado pelo checklist de critérios fundamentalistas, no qual a companhia atende a 4 de 6 requisitos possíveis, falhando justamente na superação do ROE e ROIC médios do setor, mas validando sua solidez pelo tamanho de mercado e ausência de venda de controle por insiders. Quanto ao valuation, a análise dos preços-teto revela uma dispersão acentuada entre os métodos de avaliação, variando desde os conservadores R$ 12,49 por Graham e R$ 13,27 por Bazin até os otimistas R$ 24,62 por Gordon e R$ 33,83 por Lynch. Essa divergência resulta em uma média de R$ 20,20 e uma mediana de R$ 21,44, deixando o preço atual de R$ 19,31 praticamente alinhado ao preço-teto ajustado com margem de segurança de R$ 19,30, o que anula qualquer upside imediato frente a essa métrica ponderada. Em balanço, os prós da Caixa Seguridade residem em seu crescimento de receita muito superior aos pares, margem líquida excepcional, distribuição consistente de dividendos e nota máxima de segurança financeira, enquanto os contras concentram-se no prêmio exigido em seus múltiplos de valuation, retornos sobre o capital abaixo da média setorial e a ausência de margem de segurança no preço atual.",Pivô de alta,True,False,,,Em Baixa,19.6200008392334,-1.5800273192196679,-12.792417783962751,True,True,True,Pivô de alta
VLID3,SMALL11,SMALL11,Bens Industriais,67.7,67.29,70.0,,,0.7,,62.12,74.86,66.22,73.76,False,18,Não,,,False,4,8,False,,True,,False,False,True,True,False,True,7,10,True,False,True,False,False,True,True,False,True,True,True,0.1,True,1362297600.0,6.16,0.81,10.95,8.58,13.18,13.73,15.68,11.15,3.21,0.48,0.43,2.3,0.41,0.99,52.86,-32.9,10.01,7.18,1.13,45.32,54.23,16.3,22.63,5.6,-23.9,-3.2,19.44,19.26,-27.9,31.0,-16.4,16.3,22.63,-25.82,0.93,0.51,0.08,17.219999313354492,10.554749107137454,19.579059593739974,37.03977125031607,36.56718452753732,41.356532540032134,34.032010112535296,18.385178574329615,31.591719471906266,31.221636581485235,34.032010112535296,30.628809101281767,7,True,3.9,77.86765576423946,81.31032419537998,2026-11-04,2026-08-13,última,,,False,False,,,Em Baixa,17.530000686645508,-1.7684047983362428,-24.57901058396539,True,False,False,sem sinal (Em Baixa; sem novo topo (-1.8%))
LAVV3,SMALL11,SMALL11,Imobiliário,66.71,64.37,80.0,,,0.8,,66.53,55.65,55.1,95.04,False,19,Não,,,False,5,8,False,,True,,True,False,True,True,False,True,8,10,True,True,False,True,False,True,True,False,True,True,True,0.37,True,1956297856.0,5.42,1.35,24.26,14.03,24.9,19.67,8.69,19.91,6.92,1.5,2.42,4.12,0.86,0.91,76.04,-30.3,2.86,4.85,1.47,60.31,33.37,9.22,18.94,9.7,-46.6,-12.0,12.97,13.34,-51.3,36.0,-31.9,9.22,18.94,-41.32,1.49,0.71,0.06,10.109999656677246,10.131431333182375,18.70783417981315,24.602346177953613,17.728658415308395,37.29788758946659,24.486731016009056,11.977882095135195,10.109999656677246,19.380346307943203,18.218246297560775,16.3964216678047,8,True,3.7,62.180239610349794,91.69482656849812,n/d,2026-02-03,última,,,False,False,,,Lateral,10.359999656677246,-2.4131274930966784,-46.73340410688951,True,False,False,sem sinal (Lateral)
GRND3,SMALL11,SMALL11,Consumo discricionário,66.62,64.26,80.0,,,0.9,DY5a=20.2%>=20,62.69,64.29,67.77,,False,20,Não,,,False,5,8,False,,True,,True,False,True,True,False,True,8,10,True,True,False,True,False,True,True,False,True,True,True,-0.31,True,3121473536.0,5.39,0.97,43.01,20.24,18.04,16.72,7.81,24.95,8.22,-3.59,-6.43,2.05,0.02,0.36,109.08,-24.5,4.61,2.66,2.01,29.93,70.07,3.37,4.83,3.6,-27.8,-9.7,3.91,4.02,-30.3,27.6,-18.9,3.37,4.83,-28.32,0.72,0.45,0.05,3.490000009536743,5.044849560029598,9.358195933854903,8.579313567043014,7.23996451276644,19.42486090651249,6.154156046691009,7.8346938989600385,2.3430092120260544,,,,6,False,8.3,,,2026-11-05,2026-04-24,última,,,False,False,,,Em Baixa,3.554507255554199,-1.814801360066387,-28.516762653782312,True,False,False,sem sinal (Em Baixa; sem novo topo (-1.8%))
TGMA3,SMALL11,SMALL11,Bens Industriais,66.52,65.9,70.0,,,0.7,,78.82,32.51,70.0,82.98,False,21,Não,,,False,7,8,False,,True,,False,False,True,True,True,True,7,10,True,True,True,False,True,True,True,True,True,True,True,0.03,True,2291996928.0,9.03,2.31,10.44,10.07,25.55,24.91,27.01,10.14,6.24,0.07,0.04,2.22,0.23,3.88,90.9,23.5,6.84,14.79,1.33,34.75,65.25,26.65,39.14,32.1,-10.1,14.1,33.03,32.85,-31.9,31.1,0.0,26.65,39.14,-9.42,0.92,0.51,0.16,35.20000076293945,25.309455172626116,31.0567095465457,34.166424379681864,36.55813791194976,48.3044456149437,49.08093709514336,16.111529960546466,30.918377753498497,33.938252179366934,32.61156696311378,29.350410266802403,8,True,3.0,-16.61815445838237,-3.584512943820617,n/d,n/d,,,,False,False,,,Em Alta,35.38999938964844,-0.5368709522062254,-10.967450727991201,False,False,False,sem sinal (Em Alta)
DIRR3,BOVA11+SMALL11,BOVA11,Consumo discricionário,66.41,65.78,70.0,,,0.9,,71.96,53.69,54.48,90.78,False,22,Não,,,False,5,8,False,,True,,False,False,True,False,True,True,7,10,True,True,False,True,False,True,True,False,True,True,True,0.31,True,5652441088.0,6.61,2.43,14.26,12.12,36.78,26.14,9.99,17.73,4.86,0.6,0.83,4.18,1.16,0.9,80.11,8.6,4.73,5.44,1.01,82.45,14.5,10.3,16.95,6.5,-35.3,-14.0,13.87,13.91,-39.2,40.0,-19.5,10.3,16.88,-28.92,1.49,0.64,0.07,10.970000267028809,9.497073381107768,17.61707112195491,21.98978873496697,12.983567216912961,32.252834217532154,25.67848958322784,12.063123300192462,9.632374997322403,17.714290319152184,15.300319169433937,13.770287252490544,8,True,3.4,25.52677226342661,61.479397337791,n/d,2025-12-17,última,,,False,False,,,Em Baixa,11.75,-6.638295599754818,-36.43481525593772,True,False,False,sem sinal (Em Baixa; sem novo topo (-6.6%))
LREN3,BOVA11+SMALL11,BOVA11,Consumo discricionário,66.35,65.71,70.0,,,0.9,,68.23,75.17,56.59,48.94,False,23,Não,,,False,6,8,False,,True,,False,False,True,True,True,True,7,10,True,True,True,False,False,True,True,True,True,True,True,0.13,True,10281806848.0,7.21,1.04,8.51,4.37,14.41,11.89,23.53,9.35,1.93,0.59,0.35,1.69,0.32,0.73,31.48,3.2,6.27,6.22,1.29,46.72,53.28,10.5,16.05,1.2,-33.8,-23.0,14.37,14.12,-34.6,38.3,-18.1,10.5,15.66,-27.52,1.46,0.66,0.12,10.630000114440918,3.315435253377434,6.15013239501514,19.53502101474926,18.413664511653693,20.994436092704287,15.828143106471734,13.088521520446722,29.736468109901793,,,,6,False,9.0,,,2026-11-05,2026-06-24,última,,,False,False,,,Em Baixa,13.479999542236328,-21.14242970755025,-35.62180269808549,True,False,False,sem sinal (Em Baixa; sem novo topo (-21.1%))
INTB3,SMALL11,SMALL11,Tecnologia de informação,65.35,66.3,60.0,,,0.5,,72.26,53.8,78.24,46.81,False,24,Não,Fundo duplo,"Fundo duplo (pré-confirmação) — pescoço R$13.81, preço 6.7% acima do pescoço; falta fechar acima e segurar",False,5,8,False,,True,,False,False,True,True,True,True,6,10,True,True,True,False,False,True,True,False,True,True,True,-0.17,True,4803459072.0,8.06,1.46,8.19,4.3,18.07,19.14,17.52,13.1,6.38,-1.0,-0.8,2.64,0.26,0.68,34.65,14.3,7.39,5.97,1.67,43.4,56.17,9.95,15.13,48.0,-2.6,7.3,12.59,12.6,-17.9,37.4,29.5,10.4,15.13,20.08,1.05,0.48,0.08,14.729999542236328,4.523502086078591,8.391096369675786,24.214949619681303,20.368077725827852,29.437352727019352,16.792877400275806,18.44681921390274,14.610249832240054,18.894488984088987,18.44681921390274,16.602137292512467,7,True,6.5,12.709693200655114,28.272162737762052,n/d,n/d,,,,False,False,,,Em Alta,14.720000267028809,0.06792985751444824,-5.93300737812632,False,False,False,sem sinal (Em Alta)
CEAB3,BOVA11+SMALL11,BOVA11,Consumo discricionário,64.6,64.24,66.66666666666667,,,0.9,,59.86,89.37,43.62,62.41,False,25,Não,,,False,5,8,False,,False,,False,,True,True,False,True,6,9,True,True,True,False,False,True,True,False,False,False,True,0.51,True,2478108416.0,4.53,0.67,6.31,6.49,14.79,7.33,14.93,7.02,2.03,1.94,1.82,1.67,0.72,0.43,29.39,-9.5,4.48,5.91,0.81,60.22,39.78,7.28,17.96,11.8,-54.7,-22.6,12.1,12.61,-59.5,51.7,-34.4,7.28,13.6,-43.82,1.73,0.57,0.14,8.140000343322754,3.771663344142528,6.996435503384389,23.809051776827037,22.163032326320067,30.42304109722089,9.483446801536738,16.596518434902638,,,,,6,False,8.1,,,n/d,n/d,,,,False,False,,,Em Baixa,9.4399995803833,-13.77117897083383,-54.9630880893548,False,False,False,sem sinal (Em Baixa; sem novo topo (-13.8%))
ALPA4,SMALL11,SMALL11,Consumo discricionário,63.95,62.88,70.0,,,0.9,,75.64,38.37,58.3,75.89,False,26,Não,Bandeira de alta,"Bandeira de alta (pré-confirmação) — pescoço R$12.97, preço 10.4% acima do pescoço; falta fechar acima e segurar",False,6,8,False,,False,,False,False,True,True,True,True,7,10,True,True,True,False,True,True,True,False,True,False,True,0.19,True,9780516864.0,14.03,2.72,12.46,8.78,19.37,-7.05,17.96,14.52,8.93,0.82,0.64,1.91,0.39,0.15,123.2,92.8,11.55,7.61,0.98,45.48,54.52,8.0,16.06,79.1,-10.8,16.6,11.9,11.58,-31.7,40.8,22.1,10.97,16.06,12.68,1.07,0.45,0.07,14.319999694824219,8.981535421199682,16.660748206325408,13.523877117350027,10.995651842598887,30.62009913362271,10.329989999999999,12.350106650561159,6.210695553020633,11.293229255865112,10.995651842598887,9.896086658338998,7,True,4.9,-30.893248119859862,-21.136665526976895,n/d,n/d,,,,False,False,,,Em Alta,13.600000381469727,5.294112449698951,-11.713931559577428,False,False,False,sem sinal (Em Alta)
MULT3,BOVA11+SMALL11,BOVA11,Imobiliário,63.23,62.03,70.0,,,0.8,,86.46,41.33,43.74,40.43,False,27,Não,,,False,7,8,False,,True,,False,False,True,True,True,True,7,10,True,True,True,True,True,True,True,False,True,True,True,0.74,True,13444854784.0,10.14,2.08,4.1,3.71,20.52,17.07,18.7,43.42,7.54,2.13,1.59,1.64,0.75,0.79,37.61,62.0,10.34,10.89,0.29,52.11,47.88,25.46,35.12,7.7,-21.9,-6.8,28.57,29.12,-25.0,27.1,3.4,26.35,35.12,-6.02,1.27,0.8,0.06,27.420000076293945,7.265285064599618,13.47710379483229,35.829881756498494,28.320966203071844,44.64824887607762,26.46426766618676,28.983357471153,24.278564066167753,28.857484261998252,28.320966203071844,25.48886958276466,7,True,6.1,-7.042780773727464,5.242466016428238,2026-10-29,2026-07-01,última,,,False,False,,,Em Baixa,28.030000686645508,-2.176241867315365,-22.274872361821828,True,False,False,sem sinal (Em Baixa; sem novo topo (-2.2%))
CYRE3,BOVA11+SMALL11+Wishlist,BOVA11,Consumo discricionário,62.37,59.26,80.0,,,0.9,,60.89,63.48,45.54,68.79,False,28,Fundo duplo,,,False,4,8,False,,True,,False,False,True,True,True,True,8,10,True,True,False,True,False,False,True,False,True,True,False,0.53,True,8432478208.0,5.12,0.93,10.04,7.26,18.26,15.44,7.03,20.62,8.35,3.1,6.18,3.37,0.73,0.45,37.19,16.4,4.33,3.68,1.17,56.08,39.17,19.83,35.31,20.0,-32.6,4.7,26.89,26.34,-43.8,44.3,-0.7,19.83,32.0,-10.12,1.71,0.66,0.04,23.799999237060547,12.348026599212316,22.905589341538843,61.59179490059613,51.73586889978424,87.07810606304278,34.83309172400272,45.92960715987113,5.609791711095563,,,,6,False,15.5,,,2026-11-12,2025-12-10,última,"A Cyrela (CYRE3) apresenta uma interessante assimetria de valor no setor de consumo discricionário, onde a alta rentabilidade sobre o patrimônio, com um ROE de 18,3% que se posiciona confortavelmente acima da média setorial de 12,5%, convive com múltiplos de preço bastante deprimidos, evidenciados pelo P/L de 5,12 e pelo P/VP de 0,93, sugerindo que o papel está descontado frente ao seu poder de geração de riqueza atual. Essa eficiência interna, contudo, encontra um contrafluxo no ROIC de 7,0%, que fica abaixo dos 13,1% do setor e indica desafios na alocação de capital total, uma dinâmica que se reflete em um endividamento mais pressionado, com a relação Dívida Líquida/EBITDA em 3,1 vezes superando a média dos pares de 2,68 vezes. Apesar dessa alavancagem mais saliente, a liquidez corrente robusta de 3,37 garante fôlego financeiro no curto prazo, permitindo a sustentação de um expressivo Dividend Yield de 10,04% que se mostra coerente com a forte margem líquida de 20,62%, embora o investidor deva monitorar a capacidade de manutenção desse fluxo caso a dívida exija maior consumo de caixa. No quesito expansão, o crescimento da receita nos últimos cinco anos, com CAGR de 16,4%, mostra-se saudável em termos absolutos, mas ainda corre abaixo da média setorial de 33,9%, o que ajuda a explicar por que o checklist de critérios fundamentalistas da companhia atendeu a apenas 4 de 8 requisitos possíveis. Sob a ótica de valuation, as estimativas de preço-teto revelam uma dispersão brutal entre os métodos, variando desde os conservadores R$ 12,35 de Bazin e R$ 22,91 de Gordon — ambos abaixo da cotação atual de R$ 23,80 —, até marcas altamente otimistas como os R$ 51,74 de Graham, R$ 61,59 do Fluxo de Caixa Descontado (DCF) e R$ 87,08 de Lynch, o que evidencia cenários futuros muito distintos a depender das premissas adotadas. Em suma, o ativo coloca na balança, como pontos positivos, o seu robusto retorno sobre o patrimônio líquido, margens operacionais saudáveis e um patamar de proventos altamente atrativo em termos de rendimento. Por outro lado, pesam negativamente o endividamento acima da média de seus pares de mercado, um ritmo de crescimento histórico inferior ao do setor e o não atendimento à metade dos critérios de qualidade e segurança do checklist analisado.",Fundo duplo,True,False,,,Em Alta,24.729999542236328,-3.76061594173277,-33.91669772095172,False,True,False,Fundo duplo — rompeu pescoço ~R$23.40 (candidato)
VIVA3,BOVA11+SMALL11,BOVA11,Consumo discricionário,62.33,62.74,60.0,,,0.9,,76.54,53.58,66.01,17.02,False,29,Não,Fundo duplo,"Fundo duplo (pré-confirmação) — pescoço R$23.54, preço 4.0% abaixo do pescoço; falta fechar acima e segurar",False,6,8,False,,True,,False,False,True,True,True,True,6,10,True,True,True,True,False,True,True,False,True,True,True,0.28,True,5165917184.0,8.86,1.63,3.18,1.97,18.4,21.98,17.32,18.56,5.85,1.1,0.89,4.19,0.4,0.59,17.48,0.4,6.88,10.38,1.73,37.54,62.46,20.42,35.35,10.7,-36.1,-2.0,27.5,26.97,-42.2,37.9,-29.9,20.42,32.35,-39.32,1.13,0.51,0.04,22.600000381469727,3.184692831012528,5.90760520152824,33.79796896777358,28.20908778885038,43.29409767000241,10.853405399094557,30.86456034038191,15.412546776011336,,,,6,False,13.6,,,n/d,2025-12-22,última,,,False,False,,,Lateral,22.700000762939453,-0.440530300038533,-37.0324383709557,True,False,False,sem sinal (Lateral)
BBSE3,BOVA11,BOVA11,Insurance,62.14,59.87,75.0,,1.3,0.3,,67.92,31.54,61.0,92.2,False,30,Não,,,False,5,6,False,,True,,True,False,True,,False,True,6,8,True,True,False,,True,,True,True,True,True,True,,True,77688766464.0,8.45,7.13,11.63,12.82,84.38,83.67,0.0,87.93,,,,,,,108.31,-0.1,9.09,28.81,,55.04,44.96,28.18,40.52,40.0,-2.6,10.1,32.67,32.84,-9.8,18.5,24.6,30.7,40.52,15.18,0.55,0.51,0.06,39.45000076293945,36.11966587797076,52.590233518325434,48.553847092848564,24.108220534195013,,58.623553662704126,12.471935997750936,,48.97182503796222,50.572040305586995,45.514836275028294,4,True,1.6,15.373473751073629,24.136436225288648,2026-11-03,2026-08-07,última,,,False,False,,,Lateral,39.40999984741211,0.10149940543573432,-3.2274316734819064,True,False,False,sem sinal (Lateral)
SEER3,SMALL11,SMALL11,Consumo discricionário,61.71,62.01,60.0,,,0.9,,70.01,81.51,40.03,21.28,False,31,Não,,,False,5,8,False,,False,,False,False,True,True,True,False,6,10,True,True,True,False,False,True,True,False,True,False,True,0.74,True,1558252544.0,5.77,1.03,3.92,2.42,17.83,-1.1,17.04,11.85,2.64,1.79,1.47,1.64,0.92,0.38,13.98,29.3,4.87,9.65,0.47,59.3,40.7,8.27,13.75,44.2,-13.3,0.0,10.96,10.93,-25.4,51.5,28.6,9.18,13.75,19.18,1.41,0.47,0.03,11.920000076293945,2.0634101960065223,3.827625913592099,27.372617159600484,23.193217371744293,35.99440968604862,8.985947463999999,24.99688057593705,35.819012129661445,,,,5,False,17.4,,,n/d,n/d,,,,False,False,,,Lateral,12.15999984741211,-1.9736823530408287,-15.640481388873761,False,False,False,sem sinal (Lateral)
ABCB4,SMALL11,SMALL11,Produtos financeiros,61.41,65.63,37.5,16.87,,0.4,,51.37,70.07,83.86,82.27,False,32,Não,,,False,2,6,False,,True,,False,False,True,,False,True,3,8,True,False,False,,False,,True,False,True,True,True,,True,5952865280.0,5.9,0.83,11.28,10.05,14.05,14.98,0.0,40.92,,,,,,1.03,59.29,-2.9,4.92,1.54,,89.78,10.19,19.15,26.85,20.4,-14.2,-2.5,23.05,22.94,-17.3,22.9,2.2,22.2,26.85,-7.22,0.91,0.69,-0.02,23.049999237060547,16.544615523198566,29.574311417347413,49.88257113774699,49.40798271639872,61.60540340239055,45.67365135610321,24.483364208960275,,35.41878735859905,37.62398138672531,33.86158324805278,4,True,3.0,46.904921339906224,53.660687769792005,n/d,n/d,,,,False,False,,,Em Baixa,23.600000381469727,-2.3305132860973576,-15.655474320920526,False,False,False,sem sinal (Em Baixa; sem novo topo (-2.3%))
TEND3,SMALL11,SMALL11,Consumo discricionário,61.25,63.23,50.0,,,0.9,,76.97,57.89,53.22,34.75,False,33,Pivô de alta,,,False,5,8,False,,False,,False,False,True,True,False,False,5,10,True,True,True,False,False,True,True,False,True,False,True,0.24,True,4016568064.0,6.94,2.61,4.46,3.32,37.61,-8.65,14.39,12.08,4.75,0.47,0.46,1.96,0.79,0.46,23.05,-11.5,4.76,7.18,0.76,81.81,18.11,20.2,36.71,65.3,-9.0,5.1,28.55,27.93,-22.2,49.8,46.5,22.35,36.71,37.08,1.63,0.56,0.1,33.38999938964844,7.919773850179173,14.691180492082365,63.74891814306077,37.2141137927402,88.14507561199352,22.94410877968384,58.21599317215362,30.190588039540714,,,,6,False,11.1,,,n/d,n/d,,,Pivô de alta,False,False,,,Lateral,33.66999816894531,-0.8315972513331604,-10.319115973912806,False,True,False,Pivô de alta
SAPR11,SMALL11,SMALL11,Serviços públicos,60.96,59.37,70.0,,,0.1,,57.7,57.98,64.41,60.28,True,34,Não,,,False,4,8,False,,True,,False,False,False,True,True,True,7,10,False,False,True,False,False,True,True,True,False,True,True,0.21,True,10034401280.0,22.04,0.83,1.66,6.34,3.76,14.91,11.83,6.04,3.93,0.89,1.05,1.86,0.6,1.92,139.82,11.5,6.25,5.91,0.51,53.34,46.66,31.45,47.9,6.1,-30.4,-11.8,37.25,38.66,-34.3,30.5,-17.0,31.45,47.9,-26.42,0.98,0.55,0.07,33.36000061035156,15.116884737964174,28.041821188923542,20.05535426892732,36.99750756788258,27.008910769080824,15.033916666666668,14.98475526508532,79.30503918682102,22.4627357806472,20.05535426892732,18.04981884203459,7,True,5.3,-45.89382940108894,-32.66566136189745,n/d,n/d,,,,False,False,,,Em Baixa,34.83000183105469,-4.220502852206176,-31.52709405890669,False,False,False,sem sinal (Em Baixa; sem novo topo (-4.2%))
TOTS3,BOVA11+SMALL11,BOVA11,Tecnologia de informação,60.9,57.53,80.0,,,0.5,,86.25,29.31,49.84,14.18,False,35,Não,Bandeira de alta,"Bandeira de alta (pré-confirmação) — pescoço R$32.23, preço 7.6% acima do pescoço; falta fechar acima e segurar",False,6,8,False,,True,,False,False,True,True,True,True,8,10,True,True,True,True,True,False,True,False,True,True,True,0.55,True,19620771840.0,13.98,3.65,2.04,1.39,26.12,14.98,23.37,21.63,7.98,2.09,1.25,1.84,0.92,0.93,19.42,269.5,16.25,7.39,1.0,42.41,54.01,27.05,47.43,28.2,-26.9,11.6,37.1,37.34,-43.0,38.3,-14.4,27.05,46.82,-23.82,0.97,0.43,-0.03,34.689998626708984,3.4419310012671187,6.384782007350505,32.87857523633004,23.03538757661248,40.667883649383,10.663943525146328,30.024963046007063,24.920794046783534,,,,6,False,11.8,,,2026-11-04,2026-06-16,última,,,False,False,,,Em Alta,32.75,5.923659928882397,-27.249875934746203,True,False,False,sem sinal (Em Alta)
ITSA4,BOVA11+Wishlist,BOVA11,Financial Services,60.33,59.21,66.66666666666667,,,0.4,,60.83,47.64,,80.85,False,36,Não,,,False,5,6,False,,True,,False,False,True,,True,True,6,9,True,True,True,,True,,True,False,True,True,True,,True,145135190016.0,8.0,1.55,8.7,9.4,19.36,17.48,0.38,214.29,,,,,,1.67,75.19,28.4,6.82,0.38,0.64,16.02,79.82,9.72,14.81,32.1,-13.3,-3.4,12.76,12.27,-17.7,24.1,13.0,11.37,14.81,3.58,1.23,0.88,0.07,12.84000015258789,8.62048133808174,13.751691551641743,18.288227384684628,17.295990790720378,22.79369009216899,17.22078296695734,9.132575779855479,,14.470295810341362,15.486237259299543,13.93761353336959,4,True,2.1,8.548390714469534,12.697006529434397,n/d,2026-09-01,próxima,"A Itaúsa (ITSA4) apresenta-se como uma holding financeira robusta, cujo retorno sobre o patrimônio líquido (ROE) de 19,4% e o retorno sobre o capital investido (ROIC) de 0,4% posicionam-se ligeiramente acima da média de seus pares do setor de serviços financeiros, sugerindo uma eficiência operacional superior na alocação de capital. Essa qualidade na rentabilidade convive com múltiplos de valuation atrativos, uma vez que o preço sobre o lucro (P/L) de 8,0 vezes e o preço sobre o valor patrimonial (P/VP) de 1,55 demonstram que o mercado ainda precifica o papel com desconto relativo, apesar de o indicador de crescimento PEG situar-se em 1,67. A sustentabilidade financeira da companhia é reforçada por uma margem líquida excepcional de 214,29%, o que confere ampla segurança para a manutenção de um rendimento de dividendos (DY) de 8,7%, patamar este altamente coerente com a forte geração de lucros e a capacidade de distribuição da holding. No quesito expansão, a Itaúsa supera os seus pares setoriais ao registrar um crescimento anual composto (CAGR) de receita nos últimos cinco anos de 28,4%, o que corrobora a solidez de suas investidas. Esse desempenho operacional é chancelado pelo checklist de critérios fundamentalistas, no qual a empresa atende a 5 de 6 requisitos possíveis, falhando apenas na questão de vendas recentes por parte de insiders, enquanto o sinal gráfico e a tendência de curto prazo permanecem em baixa. Sob a ótica do valuation, as estimativas de preço-teto revelam uma dispersão relevante entre os métodos analíticos, variando desde os conservadores R$ 8,62 por Bazin até os otimistas R$ 22,79 por Lynch, resultando em uma média de R$ 14,47 e uma mediana de R$ 15,49. Frente ao preço atual de R$ 12,84, o preço-teto ajustado com margem de segurança de R$ 13,94 projeta um upside de 8,5%, indicando que o papel negocia com um desconto interessante em relação ao seu valor intrínseco estimado. Em suma, os prós da Itaúsa concentram-se em sua rentabilidade acima da média setorial, no histórico de crescimento robusto e no atraente retorno via dividendos, ao passo que os contras residem na tendência técnica de baixa no curto prazo e no sinal de alerta emitido pelas transações de insiders.",,True,False,,,Em Baixa,13.510000228881836,-4.95928989595138,-14.686080610856534,True,False,False,sem sinal (Em Baixa; sem novo topo (-5.0%))
ITUB4,BOVA11,BOVA11,Produtos financeiros,60.19,57.58,75.0,15.95,,0.4,,58.69,40.88,70.71,68.09,False,37,Não,,,False,4,6,False,,True,,False,False,True,,True,True,6,8,True,True,False,,True,,True,False,True,True,True,,True,431947153408.0,9.27,2.08,7.94,7.16,22.45,19.06,0.0,32.58,,,,,,1.23,66.35,8.1,7.69,1.58,,92.99,6.67,33.18,48.4,17.8,-19.2,-5.4,39.44,39.72,-22.5,23.8,1.9,37.51,48.4,-7.52,1.18,0.85,0.05,39.099998474121094,19.98838165232127,37.07844796505595,55.88726858490879,42.23733079208057,62.05594568752193,45.10179304171956,31.29948488805238,,39.513972811001395,41.09012050338775,36.981108453048975,4,True,2.8,-5.41915627560583,1.058757936152599,n/d,2026-09-01,próxima,,,False,False,,,Em Baixa,41.83000183105469,-6.526424187021751,-19.710892510720747,True,False,False,sem sinal (Em Baixa; sem novo topo (-6.5%))
CMIN3,BOVA11+Wishlist,BOVA11,Materiais,60.09,65.4,30.0,,,1.0,,82.86,46.11,34.0,97.87,False,38,Não,Bandeira de alta,"Bandeira de alta (pré-confirmação) — pescoço R$6.04, preço 0.6% abaixo do pescoço; falta fechar acima e segurar",False,7,8,False,,True,,False,False,True,False,True,False,3,10,True,True,True,False,True,True,True,True,True,True,True,0.16,True,32292913152.0,13.97,4.44,18.16,16.61,31.79,32.01,20.33,13.41,5.43,0.2,0.14,1.17,1.24,0.15,232.0,90.7,14.93,8.29,0.53,80.09,19.91,4.08,6.24,47.3,-3.6,21.3,5.17,5.11,-34.6,38.7,18.5,4.08,6.24,9.08,1.08,0.48,-0.06,6.010000228881836,7.12914295604707,13.224560183467313,5.700250753950201,3.6197290189035445,12.9062281221514,6.133333333333334,5.205512009267733,5.504458217875779,7.427901824374547,5.916792043641768,5.325112839277591,8,True,3.7,-11.39579639802557,23.592371738669836,n/d,2026-04-17,última,"A CSN Mineração (CMIN3) apresenta uma notável eficiência operacional no setor de materiais, evidenciada por um ROE de 31,8% e um ROIC de 20,3%, ambos significativamente acima dos pares setoriais (5,6% e 9,2%, respectivamente), o que reflete uma alta qualidade no emprego do capital. Essa forte rentabilidade convive com múltiplos de preço que exigem atenção, pois o P/L de 13,97 e o P/VP de 4,44 mostram-se esticados, sugerindo que o mercado já precifica parte dessa qualidade, embora o PEG de 0,15 aponte que o preço está atrativo quando ajustado ao forte crescimento dos lucros. No âmbito financeiro, a excelente rentabilidade é sustentada por um endividamento sob controle, com a relação Dívida Líquida/EBITDA em 0,2, patamar muito abaixo da média do setor de 1,76, garantindo solidez mesmo com uma relação Dívida/Patrimônio de 1,24 e liquidez corrente de 1,17. Esse balanço desalavancado confere sustentabilidade ao expressivo dividend yield de 18,16%, o qual é plenamente coerente com a forte geração de caixa e com o lucro da companhia. O histórico de crescimento também impressiona, com um CAGR de receita em cinco anos de 90,7%, patamar muito acima da média setorial de 17,4%, o que ajudou a empresa a cumprir sete dos oito critérios do checklist fundamentalista, falhando apenas em manter a margem líquida acima de 15%. Sob a ótica do valuation, os métodos de preço-teto revelam uma dispersão acentuada entre si, variando desde os conservadores R$ 3,62 por Graham e R$ 5,70 por fluxo de caixa descontado, até os otimistas R$ 13,22 por Gordon e R$ 12,91 por Lynch. Essa divergência resulta em uma média de R$ 7,43 e uma mediana de R$ 5,92, sendo que o preço atual de R$ 6,01 situa-se ligeiramente acima do preço-teto ajustado com margem de segurança de R$ 5,33, gerando um upside negativo de 11,4% frente a essa métrica mais rigorosa. Como prós, o ativo destaca-se pelo crescimento acelerado, rentabilidade excepcional, endividamento muito abaixo dos pares e proventos altamente atrativos; como contras, pesam a margem líquida abaixo de 15%, a avaliação patrimonial esticada e a ausência de margem de segurança em relação ao preço-teto ajustado.",,True,False,,,Em Alta,5.989999771118164,0.333897471250455,-5.693894120451281,True,False,False,sem sinal (Em Alta)
BBDC3,BOVA11,BOVA11,Produtos financeiros,59.96,59.51,62.5,15.65,,0.4,,49.0,66.62,66.43,75.18,False,39,Não,,,False,3,6,False,,True,,False,False,True,,True,True,5,8,True,False,False,,True,,True,False,True,True,True,,True,159261212672.0,6.43,0.91,9.4,8.7,14.13,11.35,0.0,26.07,,,,,,1.03,55.96,17.8,,1.07,,92.32,7.66,12.83,17.96,16.6,-16.7,-4.2,15.24,15.38,-22.4,23.7,0.0,13.93,17.96,-9.42,1.16,0.84,-0.04,14.960000038146973,9.299118829019461,17.2498654278311,30.827371773786528,29.335714548710495,34.72617273512254,25.379132344060782,15.316577646474926,,20.688872093674465,21.31449888594594,19.183048997351346,4,True,3.3,28.22893682109551,38.29459920400578,2026-11-04,2026-09-02,próxima,,,False,False,,,Em Baixa,15.449999809265137,-3.17151959331623,-17.757942051467413,True,False,False,sem sinal (Em Baixa; sem novo topo (-3.2%))
TFCO4,SMALL11,SMALL11,Consumo discricionário,59.63,59.57,60.0,,,0.9,,80.85,30.85,69.23,16.31,False,40,Não,,,False,5,8,False,,True,,False,False,True,True,True,True,6,10,True,True,True,False,False,True,True,False,True,True,True,0.2,True,1957672320.0,13.45,3.23,2.47,1.72,23.99,26.81,27.1,13.1,8.3,0.48,0.25,3.17,0.28,0.9,23.19,9.3,8.49,16.01,1.67,41.96,57.74,12.65,18.1,0.8,-29.6,-13.6,15.73,15.72,-30.1,31.8,-19.6,12.65,17.65,-29.02,1.25,0.67,0.13,12.75,1.5702537619671477,2.912820728449059,12.560408921933083,9.175696506445684,15.853795737363575,6.104046666666666,11.470260223048328,6.29518650005524,,,,6,False,10.1,,,n/d,n/d,,,,False,False,,,Em Baixa,14.859999656677246,-14.199190480661494,-29.859721041962175,False,False,False,sem sinal (Em Baixa; sem novo topo (-14.2%))
ISAE4,BOVA11,BOVA11,Serviços públicos,59.29,59.16,60.0,,,0.1,,61.05,47.67,60.54,76.6,True,41,Não,,,False,5,8,False,,True,,False,False,True,True,True,True,6,10,False,True,False,True,True,False,True,True,True,True,True,0.67,True,18840961024.0,6.67,0.85,6.49,8.95,12.71,14.91,9.63,26.39,7.46,3.41,4.96,5.28,0.79,1.3,59.71,220.0,8.99,6.2,0.28,54.58,44.81,21.12,31.63,26.2,-15.7,-5.0,26.84,26.49,-19.9,24.7,2.3,25.09,31.63,-7.12,0.98,0.68,0.06,26.649999618530273,17.040819145550742,28.24466298961362,47.3030634411532,53.09041087001181,56.22823555621964,42.93945176688816,23.53452110954218,30.99183173163939,37.421624576327346,36.965641749263774,33.269077574337395,8,True,3.3,24.83706585573362,40.418855954907215,n/d,2026-04-20,última,,,False,False,,,Lateral,26.75,-0.3738332017559909,-16.83155767755663,True,False,False,sem sinal (Lateral)
ABEV3,BOVA11,BOVA11,Bens de primeira necessidade,59.24,59.11,60.0,,,0.0,,79.4,19.1,66.09,53.9,True,42,Não,,,False,7,8,False,,True,,False,False,True,True,True,True,6,10,True,True,True,True,True,True,True,False,True,True,True,-0.17,True,234229760000.0,14.48,2.66,5.19,5.43,18.4,17.07,20.62,18.41,8.18,-0.57,-0.39,1.02,0.03,3.69,78.65,24.6,13.68,10.3,0.81,38.81,60.59,11.06,16.9,36.6,-10.5,-4.1,14.85,14.33,-13.6,25.4,11.1,13.6,16.9,1.68,0.68,0.46,0.03,15.119999885559082,5.8658307961069855,8.474845208228476,10.775996301514743,11.556277119763706,9.774262758716311,14.916423237032957,5.368455502201046,10.836928710908301,9.696127454309066,10.275129530115528,9.247616577103976,8,True,2.8,-38.83851423877155,-35.87217243586282,2026-10-29,2026-09-22,próxima,,,False,False,,,Em Baixa,15.65999984741211,-3.448275652073296,-11.020536850974572,True,False,False,sem sinal (Em Baixa; sem novo topo (-3.4%))
EZTC3,SMALL11,SMALL11,Consumo discricionário,58.7,56.7,70.0,,,0.9,,50.72,59.53,67.67,54.61,False,43,Não,,,False,3,8,False,,True,,False,False,True,True,False,True,7,10,False,False,False,True,False,True,True,False,True,False,True,0.0,True,3256195072.0,6.13,0.62,8.52,5.69,10.15,7.87,5.14,36.95,10.39,0.07,0.17,3.06,0.34,0.93,34.88,-22.5,5.1,2.75,2.48,28.86,69.9,10.21,16.23,15.3,-27.5,-7.2,13.23,13.26,-37.1,38.1,-12.6,10.21,15.91,-22.02,1.36,0.61,0.07,11.770000457763672,4.7842690642304255,8.874819114147439,25.440865589782806,28.63793221437547,23.616769246274604,14.249773798444334,13.10602503645083,4.870861694358507,18.98769749991258,18.93327152235947,17.03994437012352,6,True,6.0,44.77437304502154,61.32282719995994,n/d,n/d,,,,False,False,,,Lateral,11.760000228881836,0.08503595822453303,-28.42166002413473,False,False,False,sem sinal (Lateral)
BLAU3,SMALL11,SMALL11,Cuidados de saúde,58.7,63.76,30.0,,,0.2,,63.08,57.32,84.65,41.13,True,44,Não,,,False,5,8,False,,True,,False,False,True,True,False,False,3,10,False,True,True,False,False,True,True,True,True,True,True,-0.01,True,2101963264.0,9.08,0.91,8.17,3.82,10.02,13.86,12.24,13.09,4.88,-0.09,-0.1,3.23,0.37,1.39,34.66,-14.8,6.57,5.15,1.38,37.94,62.5,8.35,13.7,8.6,-33.8,-8.6,9.84,9.81,-39.1,51.7,-33.8,8.35,13.7,-43.22,0.77,0.25,0.19,9.069999694824219,2.4728244552188987,4.587089364431057,13.235407043658688,14.967005252931765,10.35281120611356,7.309831173973449,6.779397752649116,10.12863973392969,9.622883075383905,10.12863973392969,9.115775760536721,7,True,6.1,0.5046975441313828,6.095737587237049,n/d,n/d,,,,False,False,,,Lateral,9.300000190734863,-2.4731235612208136,-36.49822149343045,False,False,False,sem sinal (Lateral)
TAEE11,BOVA11+SMALL11,BOVA11,Serviços públicos,58.54,58.28,60.0,,,0.1,,73.32,26.44,48.71,89.36,True,45,Não,,,False,6,8,False,,True,,True,False,True,False,True,True,6,10,True,True,True,True,False,False,True,True,True,True,True,0.45,True,39975780352.0,8.2,1.65,7.77,11.16,20.14,22.05,11.11,36.48,9.41,4.36,5.49,3.48,1.36,4.79,91.51,13.5,8.93,6.9,0.24,66.19,33.81,31.81,43.57,21.7,-11.2,-2.1,39.23,38.54,-15.3,22.2,-3.0,36.91,43.57,-12.42,0.89,0.69,0.09,38.70000076293945,30.847561459614678,35.742454424730184,39.06003421916135,49.9060657389037,60.73976153776389,16.612731176626077,17.682418547686844,28.82212409504474,34.92664389994143,33.29500794217243,29.96550714795519,8,True,3.7,-22.569750498167263,-9.75027593955896,n/d,2026-08-17,última,,,False,False,,,Em Baixa,38.939998626708984,-0.61632735550462,-11.667998142339286,True,False,False,sem sinal (Em Baixa; sem novo topo (-0.6%))
VBBR3,BOVA11,BOVA11,Consumo discricionário,58.35,56.29,70.0,,,0.9,,61.44,54.25,46.65,57.45,False,46,Não,Bandeira de alta,"Bandeira de alta (pré-confirmação) — pescoço R$34.16, preço 2.4% abaixo do pescoço; falta fechar acima e segurar",False,6,8,False,,True,,False,False,True,True,True,True,7,10,True,True,True,False,True,True,True,False,False,True,True,0.74,True,39929589760.0,7.91,1.7,4.52,6.06,21.49,20.83,16.06,2.48,5.86,1.52,1.33,2.01,0.93,0.71,47.96,677.0,10.15,9.71,0.57,65.98,33.8,19.6,36.13,70.2,-7.7,3.6,29.01,27.8,-18.4,28.0,32.9,24.7,36.13,23.48,1.05,0.64,0.16,33.349998474121094,14.442231105328371,26.790338700384126,55.86440958054417,43.13942726989067,72.71632254625109,38.50528575964233,40.903421081407984,21.66331906695809,42.79750342929692,40.903421081407984,36.81307897326719,7,True,5.0,10.38404994780846,28.328351986303367,n/d,n/d,,,,False,False,,,Lateral,35.40999984741211,-5.817569562744773,-8.954415774913082,False,False,False,sem sinal (Lateral)
KEPL3,SMALL11,SMALL11,Bens Industriais,58.07,63.02,30.0,,,0.7,,64.58,44.07,65.44,98.58,False,47,Não,,,False,6,8,False,,True,,False,False,True,True,False,False,3,10,True,True,True,False,False,True,True,True,True,True,True,-0.02,True,1134837632.0,8.42,1.48,4.4,16.65,17.52,36.22,12.97,9.71,6.72,-0.07,-0.08,2.04,0.43,,140.17,-56.2,11.86,6.76,1.34,48.81,51.19,5.69,10.45,15.5,-37.1,-3.9,7.72,7.98,-45.6,35.7,-33.5,5.69,10.45,-42.92,1.04,0.5,-0.02,6.570000171661377,7.812280576072481,11.374680518761533,8.114964582574622,8.828150667173986,,8.987435936460594,2.084475792501998,5.379803695646386,8.416219329448266,8.471557624874304,7.624401862386874,6,True,5.5,16.04873155519062,28.10074748171627,n/d,n/d,,,,False,False,,,Lateral,6.519999980926514,0.7668740932688989,-37.42856979370117,False,False,False,sem sinal (Lateral)
BBDC4,BOVA11+Wishlist,BOVA11,Produtos financeiros,58.0,57.2,62.5,15.65,,0.4,,49.0,58.5,66.43,72.34,False,48,Não,,,False,3,6,False,,True,,False,False,True,,True,True,5,8,True,False,False,,True,,True,False,True,True,True,,True,186029801472.0,7.31,1.03,9.11,8.33,14.13,11.35,0.0,26.07,,,,,,1.32,60.91,17.8,5.68,1.07,,92.32,7.66,14.99,20.89,13.0,-19.0,-5.6,17.71,17.84,-24.6,25.6,-3.0,15.75,20.89,-12.42,1.22,0.82,-0.03,16.93000030517578,10.07593946881644,17.561339159838628,28.8325885130935,29.266509177344545,32.090219343822056,27.629634494017775,14.228316384647004,,21.024875408941586,22.5954868269282,20.33593814423538,4,True,2.9,20.117765963762846,24.18709409304578,n/d,2026-09-02,próxima,"A análise fundamentalista do Bradesco (BBDC4) revela uma instituição financeira de grande porte que transita por um momento de transição, refletido em indicadores de rentabilidade ligeiramente pressionados frente aos seus pares de setor. O retorno sobre o patrimônio líquido de 14,1% e o retorno sobre o capital investido de 0,0% situam-se ambos abaixo da média setorial de 15,9% e 0,2%, respectivamente, sugerindo que a eficiência operacional atual do banco ainda precisa convergir para a média do mercado de produtos financeiros. Essa rentabilidade mais tímida convive com múltiplos de preço historicamente atrativos, como o preço sobre lucro de 7,31 e o preço sobre valor patrimonial de 1,03, indicando que o mercado já precifica o atual momento de menor eficiência e oferece uma relação de qualidade versus preço descontada. No que tange à geração de valor no longo prazo, o banco demonstra forte resiliência com um crescimento composto anual de receita nos últimos cinco anos de 17,8%, patamar expressivamente acima da média setorial de 4,2%, o que sinaliza uma robusta capacidade de expansão de receitas apesar dos desafios de rentabilidade de curto prazo. O retorno em proventos é um dos grandes destaques do papel, apresentando um rendimento de dividendos de 9,11% que se mostra sustentável e coerente com a forte margem líquida de 26,07%, garantindo a distribuição de lucros sem comprometer a estrutura de capital da companhia. No checklist de critérios fundamentalistas, o ativo atende a metade dos requisitos, com três de seis critérios validados, sendo penalizado principalmente por não superar a rentabilidade dos pares e pela ocorrência de vendas por parte de iniciados, embora cumpra com folga as exigências de valor de mercado e de crescimento de receita. Sob a ótica de avaliação intrínseca, as estimativas de preço-teto revelam uma dispersão acentuada entre os métodos de cálculo, variando desde os conservadores R$ 10,08 pelo método de Bazin até os otimistas R$ 32,09 pelo modelo de Lynch, resultando em uma média de R$ 21,02 e uma mediana de R$ 22,60. Tomando como referência o preço-teto ajustado com margem de segurança de R$ 20,34, o papel apresenta um potencial de valorização de 20,1% em relação à cotação atual de R$ 16,93, o que confere uma margem de proteção relevante para o investidor focado no longo prazo. Em balanço, o investimento em BBDC4 coloca em lados opostos, como pontos positivos, o forte crescimento histórico de receita, o elevado rendimento de dividendos e o desconto patrimonial atrativo, enquanto figuram como pontos negativos a rentabilidade abaixo da média do setor, a tendência gráfica de baixa no curto prazo e o cumprimento parcial dos critérios de qualidade do checklist.",,True,False,,,Em Baixa,17.700000762939453,-4.350284884596789,-20.288062337392855,True,False,False,sem sinal (Em Baixa; sem novo topo (-4.4%))
ALUP11,SMALL11,SMALL11,Serviços públicos,57.78,55.62,70.0,,,0.1,,61.11,51.07,51.95,49.65,True,49,Não,,,False,7,8,False,,True,,False,False,True,False,True,True,7,10,True,True,True,True,True,False,True,True,True,True,True,0.81,True,15553951744.0,7.77,1.12,3.3,4.76,14.38,12.27,10.21,27.68,6.25,3.48,4.77,3.17,1.11,0.86,36.96,176.5,11.79,5.7,0.32,60.84,28.54,28.5,36.3,14.1,-10.4,-1.0,32.44,32.49,-15.6,21.2,3.1,30.63,36.3,-6.32,0.83,0.67,0.06,32.529998779296875,11.0539601774189,20.505096129112058,55.47264914101462,52.30651498008846,57.866736859900534,28.13054896040698,35.03833480437814,54.48085949640561,43.400105767329485,52.30651498008846,47.07586348207961,7,True,5.2,44.71523285774048,33.41563908988121,n/d,n/d,,,,False,False,,,Lateral,32.79999923706055,-0.823172146475537,-11.183892068798663,False,False,False,sem sinal (Lateral)
CPFE3,BOVA11,BOVA11,Serviços públicos,57.56,58.89,50.0,,,0.1,,76.76,40.34,29.47,83.69,True,50,Não,,,False,6,8,False,,True,,False,False,True,False,True,True,5,10,True,True,True,False,False,True,True,True,True,True,True,1.44,True,51620999168.0,8.6,2.27,8.33,10.16,26.43,27.84,15.57,13.16,5.68,2.35,2.11,0.92,1.55,2.57,87.34,21.5,10.26,8.79,0.29,71.02,27.73,35.03,52.32,25.8,-15.8,-3.5,44.79,43.91,-21.6,25.2,-11.5,40.99,52.32,-20.92,0.96,0.65,0.04,44.060001373291016,31.96233902274301,43.40419626504693,49.69482714320432,47.301358204649,69.17232321949791,58.77995438993259,24.460509177830122,76.33330481362214,50.13860152956575,48.498092673926664,43.648283406534,8,True,3.1,-0.9344483747715016,13.796186942380695,2026-11-12,2026-04-30,última,,,False,False,,,Em Baixa,45.849998474121094,-3.9040287031642973,-16.855115078924488,True,False,False,sem sinal (Em Baixa; sem novo topo (-3.9%))
RECV3,BOVA11+SMALL11,BOVA11,Energia,57.39,62.22,30.0,,,0.9,,54.62,71.56,54.8,87.94,False,51,Não,,,False,3,8,False,,True,,False,False,True,True,False,False,3,10,False,False,False,True,False,True,True,False,True,True,True,0.36,True,3119714816.0,6.25,0.7,16.04,10.71,11.26,17.76,10.15,16.73,3.28,1.18,1.63,2.91,0.72,1.68,66.95,-14.8,6.48,5.06,0.52,50.04,49.96,8.89,13.47,19.9,-20.9,-1.5,10.53,10.7,-31.9,31.3,13.3,9.17,13.47,3.88,0.7,0.38,0.1,10.65999984741211,8.155913722317502,11.522807452184608,17.21213831395306,24.174607347633366,24.617320071227553,21.031939643538408,8.546606029956708,9.746272614957581,15.625950649471097,14.367472883068833,12.93072559476195,8,True,3.0,21.301367540836292,46.58490500133126,n/d,n/d,,,,False,False,,,Em Alta,10.59000015258789,0.6609980530275283,-22.6885282073805,False,False,False,sem sinal (Em Alta)
BPAC11,BOVA11,BOVA11,Produtos financeiros,56.57,53.32,75.0,15.65,,0.4,,59.81,41.42,66.43,27.66,False,52,Não,Fundo duplo,"Fundo duplo (pré-confirmação) — pescoço R$57.88, preço 7.2% abaixo do pescoço; falta fechar acima e segurar",False,4,6,False,,True,,False,False,True,,True,True,6,8,True,True,False,,True,,True,False,True,True,True,,True,180541030400.0,11.45,2.62,2.63,2.74,22.88,20.48,0.0,39.8,,,,,,0.76,31.34,20.0,8.8,2.41,,90.46,8.68,41.91,63.41,28.2,-15.3,-1.8,53.37,52.91,-23.5,32.2,4.5,48.49,63.41,-4.92,1.59,0.85,0.06,53.7400016784668,10.507319567950145,19.491077798547515,62.18821154931746,46.54098234247379,83.24912656142394,11.768333333333333,56.79074413182955,,13.922243566610332,11.768333333333333,10.5915,3,True,5.9,-80.29121758616556,-74.09333246785353,n/d,2026-08-11,última,,,False,False,,,Lateral,55.38956832885742,-2.9781179022679183,-16.75374194090331,True,False,False,sem sinal (Lateral)
SANB11,BOVA11+Wishlist,BOVA11,Produtos financeiros,55.94,56.99,50.0,14.99,,0.4,,52.15,60.67,57.0,69.5,False,53,Não,Bandeira de alta,"Bandeira de alta (pré-confirmação) — pescoço R$29.65, preço 0.6% abaixo do pescoço; falta fechar acima e segurar",False,3,6,False,,True,,True,False,True,,True,False,4,8,True,False,False,,True,,True,False,True,True,True,,True,161258127360.0,7.26,1.14,7.69,7.32,15.69,10.65,0.0,28.66,,,,,,0.99,53.13,49.8,6.66,1.11,,90.04,9.86,25.1,36.14,17.4,-18.5,6.4,29.02,29.15,-30.6,30.8,-7.4,25.1,36.14,-16.82,1.17,0.65,-0.02,29.469999313354492,15.404996145253484,28.576267849445212,53.78477836114972,48.59041952862963,59.55728564090104,36.60763962993459,29.60722465810817,,33.59342049644575,32.5919537396899,29.33275836572091,4,True,3.5,-0.4656971524644393,13.991928331069591,n/d,2026-07-22,última,"O Santander Brasil (SANB11) apresenta-se como um ativo de grande porte no setor de produtos financeiros, cuja análise de qualidade versus preço revela uma dinâmica interessante, dado que seu ROE de 15,7% e seu ROIC de 0,0% situam-se ligeiramente abaixo da média dos pares (15,9% e 0,2%, respectivamente), enquanto seus múltiplos de valuation, como o P/L de 7,26 e o P/VP de 1,14, sugerem um preço relativamente descontado para o investidor. Essa rentabilidade, embora abaixo da média setorial, é compensada por uma robusta margem líquida de 28,66% e por um crescimento histórico excepcional, visto que o CAGR de receita de cinco anos de 49,8% supera com folga a média do setor de 4,2%. No que tange aos proventos, o dividend yield de 7,69% mostra-se atraente e coerente com a geração de lucro da instituição, sustentando um score de dividendos de 70,0 em uma estrutura de capital bancária onde o endividamento tradicional não impede a distribuição sustentável de caixa. O checklist de critérios fundamentalistas do papel reflete uma postura de cautela, com apenas 3 de 6 critérios atendidos, apontando que, embora o banco possua valor de mercado robusto e crescimento superior aos pares, peca em eficiência comparativa e registra vendas recentes de insiders. Sob a ótica do valuation, as estimativas de preço-teto revelam uma dispersão acentuada entre os métodos de cálculo, variando desde os conservadores R$ 15,40 por Bazin e R$ 28,58 por Gordon, até patamares mais otimistas de R$ 48,59 por Graham, R$ 53,78 por fluxo de caixa descontado e R$ 59,56 por Lynch. Essa divergência resulta em uma média de R$ 33,59 e uma mediana de R$ 32,59, mas quando ajustamos o teto com margem de segurança para R$ 29,33, o preço atual de R$ 29,47 passa a apresentar um upside negativo de -0,5%, indicando que o papel negocia muito próximo do seu valor justo estimado. Em um balanço final, os prós de SANB11 concentram-se em seu crescimento de receita muito acima do setor, margem líquida forte, tendência gráfica de alta e dividendos robustos, ao passo que os contras residem no ROE e ROIC abaixo dos pares, no sinal gráfico ainda ausente, nas vendas de insiders e na escassa margem de segurança em relação ao preço-teto ajustado.",,True,False,,,Em Alta,29.93000030517578,-1.5369227769160498,-19.169657841905597,True,False,False,sem sinal (Em Alta)
CMIG4,BOVA11,BOVA11,Serviços públicos,55.66,54.9,60.0,,,0.1,,55.23,50.51,37.44,99.29,True,54,Não,,,False,5,8,False,,True,,True,False,True,True,False,True,6,10,True,True,False,False,False,True,True,True,True,True,True,0.67,True,30065768448.0,6.55,1.03,10.05,17.43,15.75,21.33,9.3,10.51,6.47,2.49,3.75,1.17,0.78,,114.19,-20.4,9.08,5.94,0.42,57.36,42.63,9.61,13.28,8.2,-21.7,-7.1,10.7,10.79,-25.1,22.6,-1.2,9.95,13.28,-10.62,0.96,0.72,0.07,10.399999618530273,12.950701962125953,18.856222056855387,16.51297649354425,18.992639286437406,,13.953261012883331,4.241657423479087,14.714495083640017,15.996715982581058,15.613735788592134,14.052362209732921,6,True,4.5,35.11887235740878,53.814582397472364,2026-11-12,2026-06-24,última,,,False,False,,,Em Baixa,11.109999656677246,-6.390639604747905,-22.01358017579902,True,False,False,sem sinal (Em Baixa; sem novo topo (-6.4%))
UGPA3,BOVA11,BOVA11,Consumo discricionário,55.64,53.11,70.0,,,0.9,,63.5,42.8,43.65,51.06,False,55,Não,,,False,7,8,False,,True,,False,False,True,True,True,True,7,10,True,True,True,False,True,True,True,True,False,True,True,0.63,True,35836801024.0,10.85,2.09,5.95,4.95,19.25,16.17,21.5,2.26,5.09,1.13,0.74,1.64,0.98,1.22,53.67,44.3,12.3,9.73,0.63,64.07,31.75,16.81,33.72,97.3,-1.6,16.0,24.72,24.58,-22.2,30.7,62.9,20.23,33.72,53.48,1.0,0.56,0.04,33.16999816894531,11.720425091924005,21.74138854551903,40.50714062106224,33.04065851780371,42.38658027948908,23.492504377192212,25.3039647483814,26.889521207368535,28.135272923592527,26.096742977874968,23.48706868008747,8,True,3.6,-29.191830037311462,-15.178551472054158,n/d,n/d,,,,False,False,,,Em Alta,33.720001220703125,-1.6310884692973482,-3.0400495275060724,False,False,False,sem sinal (Em Alta)
IGTI11,BOVA11+SMALL11,BOVA11,Imobiliário,55.6,53.06,70.0,,,0.8,,69.97,37.45,50.07,21.99,False,56,Não,,,False,3,7,False,,True,,False,False,True,True,False,True,7,10,False,False,True,True,False,True,,False,True,False,True,0.48,True,,11.21,1.45,1.22,2.46,12.93,7.32,12.16,41.91,8.59,2.15,2.47,2.73,0.9,1.2,27.52,-35.4,10.99,5.46,0.48,51.02,48.98,21.57,30.19,12.1,-19.9,-6.0,25.3,25.58,-25.2,28.7,-2.7,22.57,30.19,-12.12,1.32,0.79,0.11,24.18000030517578,4.240146147937589,7.865471104424226,28.58028582012302,28.44859048200662,25.509986998493925,2.9712613700543677,18.468556157863468,17.910456983123673,,,,6,False,9.6,,,n/d,n/d,,,,False,False,,,Em Baixa,24.649999618530273,-1.9066909558942857,-20.53005134908745,False,False,False,sem sinal (Em Baixa; sem novo topo (-1.9%))
WEGE3,BOVA11+Carteira,BOVA11,Bens Industriais,55.4,54.59,60.0,,,0.7,,86.48,6.86,59.88,19.86,False,57,Não,Fundo duplo,"Fundo duplo (pré-confirmação) — pescoço R$46.91, preço 7.1% acima do pescoço; falta fechar acima e segurar",False,6,8,False,,True,,False,False,True,True,False,True,6,10,True,True,True,True,False,True,True,False,True,True,True,-0.17,True,209707565056.0,33.54,11.12,4.01,2.33,33.16,31.31,24.33,15.58,21.82,-0.35,-0.2,1.59,0.29,4.63,78.15,-2.1,27.05,11.21,1.12,56.49,40.84,34.11,53.79,47.3,-6.6,9.3,45.82,44.65,-22.5,28.9,4.6,41.68,53.79,-4.82,0.72,0.43,0.1,50.25,8.363254056478963,15.513836274768474,19.851296958855094,12.342223380333019,14.346032134770498,20.793232267705257,10.825575383089646,13.235705352157433,14.408894476019798,13.790868743463966,12.411781869117569,8,True,2.5,-75.2999365788705,-71.3255831322989,2026-10-21,2026-06-22,última,"A WEG (WEGE3) consolida-se no setor de bens industriais como uma empresa de altíssima eficiência operacional, o que se reflete em um retorno sobre o patrimônio líquido (ROE) de 33,2% e um retorno sobre o capital investido (ROIC) de 24,3%, ambos patamares que se posicionam muito acima das médias de seus pares setoriais, de 14,5% e 12,6%, respectivamente. Essa qualidade excepcional, contudo, convive com múltiplos de preço extremamente esticados, evidenciados por um P/L de 33,54 e um P/VP de 11,12, indicando que o mercado cobra um prêmio elevado pela resiliência da companhia e que não há uma relação de barganha entre preço e qualidade no momento. No âmbito financeiro, a excelente rentabilidade é sustentada por uma estrutura de capital altamente conservadora, com a relação dívida líquida sobre EBITDA em -0,35, patamar substancialmente abaixo da média do setor de 2,39, o que revela uma posição de caixa líquido robusta e baixo endividamento. Esse balanço saudável confere sustentabilidade ao pagamento de proventos, embora o rendimento de dividendos (DY) de 4,01% seja considerado moderado, sugerindo que a empresa prioriza a retenção de lucros para reinvestimento em detrimento de uma distribuição agressiva. Por outro lado, o crescimento recente acende um sinal de alerta, visto que a taxa de crescimento anual composta (CAGR) da receita nos últimos cinco anos foi negativa em 2,1%, situando-se bem abaixo da média setorial de 21,6%. No checklist de critérios fundamentalistas, a WEGE3 demonstra solidez ao atender a 6 dos 8 requisitos avaliados, falhando apenas no crescimento frente aos pares e na ocorrência de vendas por parte de insiders. Sob a ótica do valuation, os modelos de precificação revelam uma dispersão relevante, com o preço-teto variando de R$ 8,36 pelo método de Bazin até R$ 19,85 pelo fluxo de caixa descontado (DCF), resultando em uma média de R$ 14,41 e uma mediana de R$ 13,79. Frente ao preço atual de R$ 50,25, o preço-teto ajustado com margem de segurança fica em R$ 12,41, o que aponta para um expressivo potencial de desvalorização teórica de 75,3% em relação ao valor de tela. Em suma, os principais pontos positivos da companhia residem em sua rentabilidade muito acima da média, na sólida posição de caixa líquido e na aprovação na maioria dos critérios de qualidade, enquanto os pontos negativos concentram-se no valuation severamente esticado perante os modelos clássicos e no crescimento de receita abaixo de seus pares de mercado.",,False,True,49.82,0.86,Em Alta,50.41999816894531,-0.3371641711998663,-7.433658758599993,False,False,False,sem sinal (Em Alta)
GMAT3,SMALL11,SMALL11,Bens de primeira necessidade,55.05,53.0,66.66666666666667,,,0.0,,47.86,66.85,57.07,33.33,True,58,Não,Fundo duplo,"Fundo duplo (pré-confirmação) — pescoço R$4.03, preço 18.1% acima do pescoço; falta fechar acima e segurar",False,4,8,False,,True,,False,,True,True,False,True,6,9,True,True,False,False,False,True,True,False,False,True,True,0.48,True,11008279552.0,6.78,0.98,2.49,3.24,14.52,15.23,10.1,3.99,4.75,2.21,3.06,1.74,0.56,0.6,21.96,-40.8,5.37,5.51,1.0,52.91,42.64,3.57,7.15,33.3,-33.5,15.4,4.67,4.99,-50.1,41.1,6.0,3.57,5.86,-3.42,1.24,0.52,0.1,4.760000228881836,1.1012569703060897,2.0428316799177964,9.302360329304472,8.759319099989012,10.229329566403303,4.217909909961553,6.876020533800642,6.539351670742607,,,,6,False,9.3,,,n/d,n/d,,,,False,False,,,Em Alta,4.639999866485596,2.586214781232954,-34.27075641632828,False,False,False,sem sinal (Em Alta)
BMOB3,SMALL11,SMALL11,Comunicação,54.95,52.29,70.0,,,0.4,,58.02,24.67,71.01,58.16,False,59,Não,,,True,7,8,False,,True,,False,False,True,True,False,True,7,10,True,True,True,False,True,True,True,True,True,True,True,-0.3,True,2066503040.0,13.28,2.25,7.93,6.18,16.97,10.68,11.27,8.49,7.39,-1.91,-2.38,1.69,0.05,4.38,82.13,-1.0,11.06,6.02,1.43,47.82,51.18,18.09,27.93,34.7,-12.7,0.6,23.19,23.07,-20.5,33.4,12.5,20.89,27.93,3.08,1.22,0.62,0.06,24.3700008392334,10.765539431633467,14.158777331863,17.239290549873438,21.147376950480652,16.913929180724253,22.788602908593504,8.40013442978832,18.63306280322801,16.25583919827308,17.076609865298845,15.368948878768961,8,True,2.7,-36.93496779029073,-33.295697010798975,n/d,n/d,,,,False,False,,,Em Alta,24.170000076293945,0.8274752267610319,-13.497774141230934,False,False,False,sem sinal (Em Alta) · ⚡ cruzamento de médias (MM21>MM30) hoje
EVEN3,SMALL11,SMALL11,Consumo discricionário,54.76,53.83,60.0,,,0.9,,40.36,72.89,47.85,78.72,False,60,Não,,,False,1,8,False,,True,,False,False,True,True,False,True,6,10,False,False,False,False,False,False,True,False,True,False,True,0.36,True,843214144.0,4.29,0.44,21.56,9.09,10.28,7.88,4.93,12.83,7.13,2.85,7.13,4.66,0.64,0.68,39.01,-37.5,2.83,2.92,1.27,57.92,36.05,4.15,8.43,6.3,-47.7,-19.4,6.78,6.54,-50.8,36.7,-39.6,4.15,8.31,-49.02,1.34,0.62,0.1,4.409999847412109,2.864148126771817,5.31299477516172,13.620628899349754,15.225615185138203,15.792340441638094,9.861587028239244,6.7975920983624105,1.534123064462555,,,,6,False,10.3,,,n/d,n/d,,,,False,False,,,Em Baixa,4.650000095367432,-5.16129554909951,-48.30651239694207,False,False,False,sem sinal (Em Baixa; sem novo topo (-5.2%))
VIVT3,BOVA11,BOVA11,Comunicação,54.28,46.21,100.0,,,0.4,,45.36,36.45,51.88,63.12,False,61,Não,,,False,5,8,False,,True,,True,True,True,True,True,True,10,10,False,True,True,False,True,False,True,True,True,False,True,0.16,True,94621900800.0,14.48,1.46,8.5,6.53,10.05,7.53,9.1,10.68,4.19,0.56,0.86,0.95,0.3,26.8,94.62,18.5,9.71,5.51,0.48,46.12,53.66,29.17,40.8,0.7,-28.0,-13.7,32.92,33.78,-28.5,25.6,-4.8,29.17,40.8,-14.22,0.83,0.56,0.0,29.389999389648438,13.71847494278794,14.346203412512514,15.161219294495092,30.320064950227763,14.360270331809378,30.469058400458696,6.111449047858403,37.5668789909021,17.78382005430711,14.360270331809378,12.92424329862844,7,True,6.1,-56.025030394588796,-39.49023333232591,n/d,n/d,,,,False,False,,,Em Baixa,30.777448654174805,-4.508006105756812,-28.45091748718991,False,False,False,sem sinal (Em Baixa; sem novo topo (-4.5%))
PGMN3,SMALL11+Wishlist,SMALL11,Bens de primeira necessidade,53.46,57.6,30.0,,,0.0,,46.37,75.99,44.36,88.65,True,62,Não,Fundo duplo,"Fundo duplo (pré-confirmação) — pescoço R$3.54, preço 3.1% abaixo do pescoço; falta fechar acima e segurar",True,4,8,False,,True,,False,False,False,False,True,False,3,10,False,True,True,False,True,False,True,False,False,False,True,0.99,True,2451329280.0,7.52,0.72,6.92,10.75,9.61,5.91,12.78,2.1,2.64,3.59,3.94,1.78,1.02,4.08,80.81,11.1,5.0,6.26,0.83,68.82,31.1,3.13,7.54,9.6,-54.5,-17.9,4.51,4.8,-58.5,44.6,-45.1,3.13,7.54,-54.52,1.52,0.58,0.17,3.430000066757202,2.6328692078509564,3.0881404732338456,3.8213429373911647,6.992141669127824,5.7426406336416465,8.656729307643818,1.7471267350052344,,4.668712994842069,3.8213429373911647,3.4392086436520484,7,True,5.0,0.26847162436216543,36.11407883312299,n/d,2025-12-26,última,"A análise fundamentalista da Pague Menos (PGMN3) revela um papel que transita entre uma operação eficiente e um endividamento que exige atenção do investidor. A qualidade operacional da companhia é evidenciada pelo ROE de 9,6% e pelo ROIC de 12,8%, ambos posicionados acima das médias do setor de 9,4% e 11,0%, respectivamente, o que sugere uma capacidade superior de gerar valor sobre o capital empregado em relação aos seus pares diretos. Essa rentabilidade acima da média setorial convive com múltiplos de preço bastante descontados, como o P/L de 7,52 e o P/VP de 0,72, indicando que o mercado atualmente precifica o ativo com um desconto atraente frente ao seu valor patrimonial e à sua capacidade de geração de lucros. No entanto, essa aparente pechincha é contrabalançada por um endividamento elevado, visto que a relação Dívida Líquida/EBITDA de 3,59 está acima da média setorial de 3,32, comprometendo a flexibilidade financeira da empresa e pressionando a sustentabilidade de sua estrutura de capital. Quanto aos proventos, o dividend yield de 6,92% mostra-se robusto, mas sua perenidade pode ser testada no longo prazo caso a pressão da dívida e a margem líquida apertada de 2,1% limitem o fluxo de caixa disponível para distribuição. No quesito expansão, a empresa apresenta um excelente desempenho histórico com crescimento anual composto de receita nos últimos cinco anos de 11,1%, superando com folga a média do setor que encolheu 12,1% no mesmo período. Apesar desse forte crescimento de receita, o checklist de critérios fundamentalistas acende um alerta ao aprovar apenas 4 dos 8 requisitos analisados, penalizado principalmente pela alavancagem financeira excessiva e por retornos sobre o capital que ainda não superam a taxa Selic. Sob a ótica do valuation, as estimativas de preço-teto revelam uma dispersão acentuada entre os métodos, variando desde os conservadores R$ 2,63 por Bazin e R$ 3,09 por Gordon até os otimistas R$ 5,74 por Lynch e R$ 6,99 por Graham. Essa disparidade resulta em uma média de R$ 4,67 e uma mediana de R$ 3,82, sendo que o preço-teto ajustado com margem de segurança de R$ 3,44 coloca a cotação atual de R$ 3,43 em patamar de neutralidade, com um upside residual de apenas 0,3%. Em suma, o investimento em PGMN3 coloca na balança, como pontos positivos, o forte crescimento histórico de receita, a rentabilidade operacional acima dos pares e o valuation descontado em termos de múltiplos patrimoniais, enquanto os pontos negativos concentram-se na alavancagem financeira acima da média do setor, nas margens líquidas estreitas e no escasso colchão de segurança em relação ao preço-teto ajustado.",,True,False,,,Lateral,3.509999990463257,-2.2792001117782346,-54.98687508831187,False,False,False,sem sinal (Lateral) · ⚡ cruzamento de médias (MM21>MM30) hoje
FLRY3,BOVA11+SMALL11,BOVA11,Cuidados de saúde,52.74,49.69,70.0,,,0.2,,56.4,30.71,50.91,64.54,True,63,Bandeira de alta,,,False,5,8,False,,True,,False,False,True,True,True,True,7,10,False,True,True,False,True,False,True,True,True,True,True,0.7,True,10258227200.0,14.66,1.91,6.2,6.57,13.0,10.93,12.7,8.01,6.04,1.78,1.96,1.86,0.98,30.27,96.28,14.4,12.47,6.47,0.55,61.45,37.83,13.07,18.74,43.4,0.0,16.5,15.17,15.41,-18.6,27.4,29.1,14.3,18.74,19.68,0.96,0.6,0.05,18.739999771118164,8.790659640692011,9.149702328356627,9.503707803063788,16.79875791329259,9.013907502659793,17.3677507839341,3.8039997213491423,16.19033501601518,11.327352588670404,9.326705065710208,8.394034559139188,8,True,4.6,-55.20792603169633,-39.55521490385519,2026-11-05,2026-08-12,última,"A Fleury (FLRY3) apresenta uma sólida eficiência operacional no setor de cuidados de saúde, com um ROE de 13,0% e um ROIC de 12,7% que se posicionam confortavelmente acima das médias dos seus pares de 6,6% e 11,0%, respectivamente. Essa rentabilidade superior, contudo, convive com múltiplos de preço que exigem cautela, pois o P/L de 14,66 e o P/VP de 1,91 indicam que o mercado já precifica essa qualidade com certo ágio, enquanto a margem líquida se estabelece em 8,01%. No âmbito financeiro, a companhia consegue sustentar um atraente dividendo de 6,2% respaldado por sua geração de caixa, mas o investidor deve monitorar o endividamento, visto que a relação dívida líquida sobre EBITDA de 1,78 está acima da média setorial de 0,96. O crescimento histórico da empresa é robusto, evidenciado por um CAGR de receita nos últimos cinco anos de 14,4%, superando a média de 12,4% dos concorrentes diretos. No checklist de critérios fundamentalistas, a Fleury atende a 5 de 8 requisitos, falhando principalmente por não superar a taxa Selic em seus retornos e por carregar uma alavancagem superior à dos pares, apesar de manter uma liquidez corrente saudável de 1,86. Sob a ótica do valuation, há uma clara dispersão entre os métodos de preço-teto, variando desde os conservadores R$ 8,79 por Bazin e R$ 9,01 por Lynch até os R$ 16,80 por Graham, resultando em uma média de R$ 11,33 e uma mediana de R$ 9,33. Frente ao preço atual de R$ 18,74, o preço-teto ajustado com margem de segurança de R$ 8,39 aponta para um upside negativo de 55,2%, sugerindo que o papel está esticado em relação às métricas teóricas de valor justo. Em balanço, os prós residem no forte crescimento de receita, liderança setorial e rentabilidade acima da média, ao passo que os contras concentram-se no valuation atual desfavorável perante os modelos de desconto e no endividamento mais elevado que o de seus pares.",Bandeira de alta,False,False,,,Em Alta,18.68000030517578,0.321196279240743,-2.925158184077159,True,True,True,"Bandeira de alta — mastro +30%, recuo 12%, bandeira 14d (candidato)"
ASAI3,BOVA11+SMALL11,BOVA11,Bens de primeira necessidade,52.15,54.29,40.0,,,0.0,,70.96,65.78,24.63,9.93,True,64,Não,,,False,5,8,False,,True,,False,False,True,False,True,False,4,10,True,True,True,False,True,False,True,False,False,True,True,3.55,False,10921808896.0,11.45,1.74,1.28,0.83,15.21,29.87,21.18,1.24,2.7,3.72,2.46,1.12,4.25,0.83,9.54,123.2,8.52,6.76,0.41,88.47,11.53,7.01,10.43,17.0,-21.4,-5.1,8.61,8.66,-32.8,46.9,14.1,7.04,10.16,4.68,1.69,0.62,-0.02,8.199999809265137,0.48786591884330716,0.9049912794543348,9.48908274871293,8.714204226367567,10.4504064314307,0.736097797219379,8.107035955682957,,,,,4,False,21.4,,,n/d,n/d,,,,False,False,,,Lateral,8.960000038146973,-8.482145375515115,-22.77047030800714,False,False,False,sem sinal (Lateral)
RDOR3,BOVA11,BOVA11,Cuidados de saúde,52.12,48.97,70.0,,,0.2,,63.49,22.5,51.9,43.97,True,65,Não,Fundo duplo,"Fundo duplo (pré-confirmação) — pescoço R$36.05, preço 2.1% abaixo do pescoço; falta fechar acima e segurar",False,5,8,False,,True,,False,False,True,False,True,True,7,10,True,True,True,False,True,False,True,False,True,True,True,0.72,True,77145841664.0,16.46,3.83,12.25,4.01,23.26,13.61,15.63,8.35,6.96,1.12,1.01,2.9,2.51,2.08,65.98,22.9,13.17,6.35,0.64,79.71,18.16,32.33,44.66,9.2,-20.9,-0.2,37.85,37.84,-27.6,31.8,-11.9,32.33,44.66,-21.32,1.2,0.65,0.06,35.310001373291016,10.110051251371457,18.75414507129405,28.423907545328426,21.094764974338005,25.574065888870518,22.76792270071332,16.400746541673485,26.237355116275992,21.170369886233157,21.931343837525663,19.7382094537731,8,True,2.8,-44.100230285736096,-40.04426773473103,n/d,n/d,,,,False,False,,,Lateral,36.06999969482422,-2.107009503640933,-21.449542531818654,False,False,False,sem sinal (Lateral)
COGN3,BOVA11+SMALL11,BOVA11,Consumo discricionário,52.11,51.5,55.55555555555556,,,0.9,,43.36,74.14,44.93,44.68,False,66,Não,Fundo duplo,"Fundo duplo (pré-confirmação) — pescoço R$2.33, preço 4.3% abaixo do pescoço; falta fechar acima e segurar",True,2,8,False,,False,,False,,False,True,True,False,5,9,False,False,False,False,True,False,True,False,True,False,True,0.39,True,4484337152.0,6.59,0.34,5.29,4.02,5.11,0.79,10.24,8.96,3.35,2.9,3.97,1.88,0.5,1.75,26.48,34.0,4.57,3.98,0.45,44.22,55.77,2.03,4.57,9.9,-51.2,-9.4,2.87,2.9,-55.6,44.3,-28.4,2.03,4.57,-37.82,1.56,0.61,0.03,2.2300000190734863,0.6401421983704806,0.9077766957298101,3.427630423461861,7.066656151822504,2.631160765163185,2.231183282150885,1.703043106085504,7.1715165146355755,,,,4,False,11.2,,,n/d,n/d,,,,False,False,,,Lateral,2.2300000190734863,0.0,-52.82163521208264,False,False,False,sem sinal (Lateral) · ⚡ cruzamento de médias (MM21>MM30) hoje
BRBI11,SMALL11,SMALL11,Produtos financeiros,52.07,55.38,33.333333333333336,20.63,,0.4,,33.14,45.87,100.0,90.07,False,67,Não,,,False,4,5,False,,True,,False,False,True,,False,True,3,9,True,True,True,,False,,,True,True,True,True,,True,,8.65,1.71,10.49,11.84,19.7,21.77,1.85,0.0,,,,,,,102.41,-22.4,6.48,0.94,0.23,95.52,4.48,11.74,20.71,9.6,-37.9,-16.3,17.68,16.97,-43.3,34.6,-31.4,11.74,20.71,-40.82,0.96,0.48,-0.0,12.869999885559082,10.884095070279301,15.847242422326664,15.47375708783982,15.873170937287119,,7.333333333333334,3.9747150761346797,,12.384606978444781,13.178926079059561,11.861033471153606,4,True,2.2,-7.839676949318375,-3.7715066933212693,n/d,n/d,,,,False,False,,,Em Baixa,13.909950256347656,-7.47630546208462,-39.22408305770103,False,False,False,sem sinal (Em Baixa; sem novo topo (-7.5%))
SBFG3,SMALL11,SMALL11,Consumo discricionário,51.78,48.56,70.0,,,0.9,,42.43,84.46,28.26,26.95,False,68,Não,,,False,3,8,False,,True,,False,True,True,True,True,True,7,10,False,True,False,False,True,False,True,False,False,True,False,0.87,True,1923737856.0,4.59,0.6,6.5,2.7,13.07,10.92,8.98,5.0,3.97,3.49,5.45,1.62,1.0,0.4,12.38,185.0,3.68,4.63,0.8,67.87,32.13,7.96,14.95,4.6,-44.3,-19.4,11.52,11.46,-46.8,42.0,-30.8,7.96,14.81,-40.22,1.63,0.66,0.07,8.329999923706055,1.6050829935220525,2.977428952983407,24.046296076057782,23.809720019213252,25.67832652672064,6.709160235195411,17.911527192841422,14.804726504530052,,,,6,False,16.0,,,n/d,n/d,,,,False,False,,,Em Baixa,9.170000076293945,-9.16030693128823,-45.500508039697884,False,False,False,sem sinal (Em Baixa; sem novo topo (-9.2%))
HYPE3,BOVA11+SMALL11,BOVA11,Cuidados de saúde,51.29,53.28,40.0,,,0.2,,59.73,42.55,57.56,42.55,True,69,Não,Fundo triplo,"Fundo triplo (pré-confirmação) — pescoço R$21.84, preço 2.7% abaixo do pescoço; falta fechar acima e segurar",False,3,8,False,,True,,False,False,True,True,True,False,4,10,False,True,False,True,False,False,True,False,True,True,True,0.42,True,15037353984.0,8.61,1.04,4.93,3.87,12.1,12.72,10.74,19.82,7.41,2.25,2.93,1.86,0.53,1.07,33.34,4.5,6.65,6.31,0.5,50.22,49.77,19.85,26.59,7.0,-20.1,-1.6,22.36,22.38,-25.3,30.9,-6.7,19.85,25.56,-16.12,1.07,0.59,0.04,21.25,5.876635916879793,10.901159625812015,32.701800232288036,33.68464293302805,29.46401509087266,25.11816867768864,19.10716733404388,13.225809905423873,23.457537685593877,25.11816867768864,22.606351809919776,7,True,5.7,6.382832046681308,10.388412638088829,n/d,n/d,,,,False,False,,,Em Alta,22.010000228881836,-3.4529769240281616,-20.722443228298214,False,False,False,sem sinal (Em Alta)
MDIA3,SMALL11,SMALL11,Bens de primeira necessidade,51.17,54.91,30.0,,,0.0,,38.49,65.41,89.16,34.04,True,70,Não,,,False,2,8,False,,True,,False,False,False,True,False,True,3,10,False,False,False,False,False,True,True,False,False,False,True,-0.04,True,5748348416.0,8.94,0.68,6.17,3.26,7.65,8.74,8.32,6.23,4.31,-0.32,-0.55,2.55,0.21,1.65,29.13,-22.6,7.35,3.52,1.38,34.41,65.59,16.79,28.44,2.1,-39.7,-10.6,23.52,22.79,-41.0,30.6,-27.3,16.79,25.92,-36.72,0.71,0.4,-0.0,17.149999618530273,3.991825544547093,6.867699802656627,23.5742731070989,32.99378636564864,16.651271028078195,20.30231638082625,11.661919726476496,22.293406826756208,,,,6,False,8.3,,,n/d,n/d,,,,False,False,,,Lateral,17.459671020507812,-1.773638241028741,-40.59847068549305,False,False,False,sem sinal (Lateral)
BEEF3,BOVA11+SMALL11,BOVA11,Bens de primeira necessidade,50.81,54.48,30.0,,,0.0,,67.41,59.9,28.11,35.46,True,71,Não,,,False,5,8,False,,False,,False,False,True,False,False,True,3,10,True,True,True,False,False,True,True,False,False,True,True,9.15,False,3845634560.0,8.46,2.46,5.04,3.4,29.04,144.02,16.55,0.8,3.79,2.98,2.52,1.43,13.46,0.56,28.73,-57.5,5.22,5.34,0.65,95.87,2.86,3.04,7.18,30.6,-44.7,5.4,5.12,4.96,-57.7,42.8,-25.5,3.04,6.25,-34.92,0.84,0.34,0.01,3.9700000286102295,0.963039003020938,1.7864373506038398,6.217789642917912,4.127898727162465,8.632688708208814,3.856907976544537,5.678132428626925,13.362501779641494,,,,5,False,13.9,,,n/d,n/d,,,,False,False,,,Em Alta,4.099999904632568,-3.1707287572239395,-45.72659463574499,False,False,False,sem sinal (Em Alta)
LOGG3,SMALL11,SMALL11,Imobiliário,50.79,49.17,60.0,,,0.8,,51.39,51.53,18.99,93.62,False,72,Pivô de alta,,,False,2,8,False,,True,,True,True,True,True,False,False,6,10,False,False,False,True,False,False,True,False,True,False,False,0.57,True,2106169856.0,5.66,0.6,28.54,13.45,10.63,8.83,3.04,136.74,19.33,121.08,302.7,0.52,0.64,2.23,76.13,-33.1,3.88,0.1,0.28,45.7,53.91,15.97,28.1,50.4,-14.5,-4.3,23.56,22.44,-19.2,30.6,7.1,22.17,28.1,-2.32,0.93,0.52,0.17,24.020000457763672,23.078303474898032,28.90113962937307,37.96117379287505,61.827321119921955,67.85077928360379,41.589759715294875,18.104652240922025,,39.901875608126964,37.96117379287505,34.16505641358755,7,True,3.7,42.2358691194147,66.11937904951206,n/d,n/d,,,Pivô de alta,False,False,,,Em Baixa,25.11423110961914,-4.357014344095777,-15.72086713359857,False,True,False,Pivô de alta
SBSP3,BOVA11,BOVA11,Serviços públicos,50.46,50.54,50.0,,,0.1,,71.47,31.22,40.45,24.82,True,73,Não,,,False,7,8,False,,True,,False,False,True,False,False,True,5,10,True,True,True,True,False,True,True,True,True,True,True,0.76,True,88761655296.0,11.06,1.97,2.68,2.57,17.8,17.28,12.72,19.67,8.12,2.25,2.48,1.47,1.14,0.87,28.4,-33.9,10.17,7.77,0.3,59.31,40.69,22.14,35.21,13.3,-28.8,-13.7,27.4,27.55,-33.8,27.2,-5.1,23.31,35.21,-14.52,1.12,0.71,0.07,25.079999923706055,4.600671626105012,8.534245866424795,30.04611202433139,25.486377606323416,34.722594789431476,11.679210209877825,24.222874957867834,25.079999923706055,25.20619491858967,25.283188765014735,22.754869888513262,6,True,7.5,-9.270853438061765,0.5031698375897342,n/d,n/d,,,,False,False,,,Em Baixa,27.389999389648438,-8.43373317786712,-28.98805322992024,False,False,False,sem sinal (Em Baixa; sem novo topo (-8.4%))
GGPS3,SMALL11,SMALL11,Bens Industriais,50.24,50.28,50.0,,,0.7,,61.08,43.57,49.95,19.15,False,74,Não,Fundo duplo,"Fundo duplo (pré-confirmação) — pescoço R$12.96, preço 4.2% abaixo do pescoço; falta fechar acima e segurar",False,5,8,False,,True,,False,False,True,False,True,True,5,10,True,True,False,False,True,True,True,False,False,True,True,0.48,True,9464568832.0,10.34,2.1,2.32,2.32,20.36,19.43,11.88,5.1,6.56,1.03,1.22,2.87,1.38,0.69,23.95,207.7,7.66,7.28,0.78,74.55,25.29,11.0,19.55,12.9,-36.5,-3.8,16.21,15.35,-43.7,30.4,-22.7,11.0,19.55,-32.12,1.14,0.64,0.14,12.420000076293945,2.054914839778009,3.8118670277882063,15.915377273780926,12.642790482177237,20.799691383104577,9.294207014285712,14.534042642471638,10.014801946179611,,,,6,False,10.1,,,n/d,n/d,,,,False,False,,,Lateral,12.539999961853027,-0.956936889347082,-36.7938915144727,False,False,False,sem sinal (Lateral)
CSMG3,BOVA11+SMALL11,BOVA11,Serviços públicos,50.05,48.29,60.0,,,0.1,,64.33,15.72,34.5,85.11,True,75,Não,,,False,5,8,False,,True,,False,False,True,False,False,True,6,10,True,True,True,False,False,True,True,False,True,True,True,0.9,True,20752599040.0,16.09,2.35,3.99,10.18,14.6,15.68,11.59,14.88,8.82,2.77,3.34,1.22,1.06,,163.82,-21.2,11.35,6.35,0.28,51.64,48.36,26.64,67.45,107.2,-18.2,-4.6,52.55,48.45,-20.9,32.1,28.9,41.91,67.45,19.48,0.88,0.47,0.1,55.20000076293945,40.14456963379362,58.45049338680352,35.679304408612204,42.58124836443645,,34.09884162830641,9.164876269794618,48.81663041531538,43.29518130621127,41.362908999115035,37.226618099203534,6,True,6.4,-32.56047539007102,-21.566701616281357,n/d,n/d,,,,False,False,,,Em Baixa,63.349998474121094,-12.865032213869698,-18.608078721132582,False,False,False,sem sinal (Em Baixa; sem novo topo (-12.9%))
EGIE3,BOVA11,BOVA11,Serviços públicos,49.74,51.46,40.0,,,0.1,,78.55,23.35,19.45,63.83,True,76,Não,,,False,7,8,False,,True,,False,False,True,False,True,False,4,10,True,True,True,True,True,False,True,True,True,True,True,1.43,True,40805953536.0,10.31,2.72,3.14,6.54,26.37,32.12,11.59,28.94,8.74,3.56,4.3,1.09,2.06,1.2,67.43,270.0,10.99,6.68,0.19,74.84,23.06,26.83,37.14,7.5,-22.3,-9.4,30.18,30.57,-26.9,25.6,-4.2,27.15,37.14,-13.62,0.92,0.62,0.06,28.850000381469727,13.47826689465524,25.002185089585467,37.07686760955129,25.841831932277433,42.3331017452885,42.16403727291196,22.580471026686837,25.39446734308974,29.23390361425581,25.618149637683587,23.056334673915227,8,True,3.1,-20.082029916629583,1.3306870977813245,n/d,n/d,,,,False,False,,,Lateral,29.324909210205078,-1.6194724605322341,-24.194938585398006,False,False,False,sem sinal (Lateral)
MOTV3,BOVA11,BOVA11,Bens Industriais,49.61,53.07,30.0,,,0.7,,73.12,53.29,25.0,18.44,False,77,Não,Fundo triplo,"Fundo triplo (pré-confirmação) — pescoço R$15.15, preço 0.5% abaixo do pescoço; falta fechar acima e segurar",False,6,8,False,,True,,False,False,True,False,True,False,3,10,True,True,False,True,True,False,True,True,True,True,False,1.9,False,30269687808.0,7.85,1.71,1.38,2.26,21.85,19.92,11.72,19.27,6.65,3.69,4.41,1.77,2.45,0.52,17.73,58.4,9.98,6.62,0.44,77.07,22.24,13.52,17.55,11.5,-14.1,1.2,15.06,15.2,-22.1,28.4,1.2,13.67,17.55,-8.22,1.29,0.78,0.05,15.079999923706055,2.4334431250659203,4.514036996997282,25.453503055936967,19.52359161971606,33.155185045415756,10.38593205872702,23.2443310925915,9.165197465554654,,,,6,False,13.6,,,n/d,n/d,,,,False,False,,,Lateral,15.119999885559082,-0.2645500142578139,-15.028002860960331,False,False,False,sem sinal (Lateral)
CPLE3,BOVA11,BOVA11,Serviços públicos,49.47,44.08,80.0,,,0.1,,47.71,30.32,35.42,79.43,True,78,Não,,,False,5,8,False,,True,,False,False,True,True,True,True,8,10,False,True,True,False,True,True,True,False,True,False,True,0.9,True,43593883648.0,13.97,1.81,7.24,9.15,12.99,9.34,9.82,11.41,9.11,2.97,4.24,1.3,0.98,0.28,127.82,50.0,13.17,5.45,0.3,61.78,38.29,10.29,16.67,41.6,-12.6,-2.8,13.91,13.5,-17.9,25.4,21.9,11.94,16.67,12.48,1.11,0.75,0.06,14.569999694824219,9.52214931156133,17.663586972946266,13.819076303251315,13.744005213809503,31.288474648870906,8.56043112128839,12.6196847750446,12.2203515982404,14.92971999312659,13.181844994427053,11.863660494984348,8,True,3.7,-18.574737519049222,2.4689108156272344,n/d,n/d,,,,False,False,,,Lateral,14.899999618530273,-2.2147646453336334,-13.642870416419983,False,False,False,sem sinal (Lateral)
ALOS3,BOVA11+SMALL11,BOVA11,Imobiliário,48.61,43.07,80.0,,,0.8,,50.07,38.45,24.12,60.99,False,79,Não,,,False,3,8,False,,True,,False,True,False,True,True,True,8,10,False,False,False,True,True,False,True,False,True,False,False,0.56,True,13208726528.0,14.25,1.04,11.85,6.38,7.27,9.51,6.39,31.4,4.9,3.4,7.45,0.72,0.56,21.47,90.87,60.8,13.6,3.66,0.27,46.56,50.55,20.42,32.08,28.4,-18.3,-4.7,26.58,26.31,-21.8,25.5,-0.4,25.09,32.08,-9.82,1.2,0.81,0.09,26.209999084472656,11.938545882984016,12.6158079204679,13.883141208570864,32.29491627828039,12.949743488431672,24.672094283350425,5.68081677406004,61.56724104958222,,,,7,False,10.8,,,n/d,n/d,,,,False,False,,,Em Baixa,26.757112503051758,-2.0447401359795503,-19.172191173531473,False,False,False,sem sinal (Em Baixa; sem novo topo (-2.0%))
ECOR3,SMALL11,SMALL11,Bens Industriais,48.31,44.48,70.0,,,0.7,,49.46,56.87,28.33,23.4,False,80,Não,,,False,1,8,False,,True,,False,True,True,False,False,True,7,10,False,False,False,False,False,False,True,False,False,True,False,5.91,False,4806742528.0,8.81,1.17,4.38,2.52,13.28,19.86,11.52,4.59,5.15,4.62,5.62,2.52,6.64,0.85,22.23,-89.7,8.33,6.86,0.19,88.21,11.06,5.87,11.74,18.6,-40.7,-8.0,7.92,8.47,-50.0,42.5,-31.3,5.87,11.74,-40.72,1.8,0.73,0.06,6.960000038146973,1.2543243837169098,2.3267717317948677,10.46765045464783,10.282994794813272,10.15256190813501,1.8737205648580484,7.239168614939716,11.455863492502061,,,,5,False,9.1,,,n/d,n/d,,,,False,False,,,Lateral,6.949999809265137,0.14388818929900182,-41.67264613706973,False,False,False,sem sinal (Lateral)
GOAU4,BOVA11+SMALL11,BOVA11,Materiais,48.16,51.37,30.0,,,1.0,,30.52,72.88,59.88,74.47,False,81,Não,,,False,4,8,False,,True,,False,False,False,True,True,False,3,10,False,False,True,False,True,True,True,False,False,True,True,0.5,True,13782409216.0,17.35,0.72,3.68,8.58,4.13,12.06,10.0,1.14,2.04,0.99,1.38,2.88,0.28,0.24,148.89,73.2,5.13,5.06,1.04,34.12,23.4,6.66,11.41,57.0,-8.4,4.3,9.19,8.92,-25.3,28.4,20.2,7.68,11.41,10.78,0.9,0.54,0.06,10.449999809265137,6.405398456774406,11.882014137316522,7.980547404770202,14.02463456437777,18.069163935328763,6.1112762116739185,7.287896120582602,39.673773879719434,10.251561547260598,7.980547404770202,7.182492664293182,7,True,6.5,-31.26801152737755,-1.898930771545082,n/d,n/d,,,,False,False,,,Em Baixa,11.081195831298828,-5.696100237222401,-8.632904756322768,False,False,False,sem sinal (Em Baixa; sem novo topo (-5.7%))
ANIM3,SMALL11,SMALL11,Consumo discricionário,47.9,49.29,40.0,,,0.9,,45.44,71.1,24.48,61.7,False,82,Não,,,False,4,8,False,,False,,False,False,False,False,True,False,4,10,True,False,True,False,True,False,True,False,False,False,False,1.75,False,1039115520.0,7.22,0.46,2.83,6.44,6.36,-2.07,14.6,3.71,3.18,3.35,3.21,1.49,2.02,2.12,46.48,205.2,3.66,6.53,0.35,72.15,22.61,1.93,5.17,44.0,-46.2,-7.6,3.39,3.48,-62.7,69.3,-13.9,1.93,5.17,-23.32,2.08,0.51,0.08,2.7799999713897705,1.2784373290556545,1.746572825244264,3.7573946600485746,7.235833015165504,3.7895079929038733,1.3404041086952254,1.852381280445798,,2.294116366065565,1.799477052845031,1.619529347560528,6,True,5.7,-41.743548049358544,-17.477827709519865,n/d,n/d,,,,False,False,,,Em Alta,2.740000009536743,1.4598526172921567,-47.43295324830539,False,False,False,sem sinal (Em Alta)
FESA4,SMALL11,SMALL11,Materiais,47.38,52.21,20.0,,,1.0,,28.42,71.33,72.16,71.63,False,83,Não,,,False,2,8,False,,True,,False,False,False,True,False,False,2,10,False,False,False,False,False,True,True,False,False,True,True,-0.12,True,1758722816.0,12.43,0.56,13.53,8.28,4.49,15.62,3.69,6.78,3.47,-3.62,-9.04,3.61,0.12,,102.91,-76.0,3.71,-1.74,1.53,26.31,73.65,4.8,8.69,9.8,-39.4,-17.1,6.78,6.74,-44.8,34.9,-22.5,4.8,8.69,-31.92,1.13,0.55,0.0,5.269999980926514,3.116563124188505,4.5377159088184635,4.409332244701186,9.474848945408988,,5.225440763076465,1.1326169364823102,6.400473544325034,,,,6,False,8.4,,,n/d,n/d,,,,False,False,,,Em Baixa,5.699999809265137,-7.543856889954181,-40.7865145302468,False,False,False,sem sinal (Em Baixa; sem novo topo (-7.5%))
SMTO3,SMALL11,SMALL11,Bens de primeira necessidade,46.76,51.48,20.0,,,0.0,,45.33,72.32,46.95,36.17,True,84,Não,Fundo duplo,"Fundo duplo (pré-confirmação) — pescoço R$16.37, preço 15.3% acima do pescoço; falta fechar acima e segurar",False,3,8,False,,True,,False,False,True,False,False,False,2,10,False,True,False,False,False,True,True,False,True,True,True,0.99,True,5997127680.0,7.61,0.84,1.17,3.4,11.0,14.59,6.36,11.43,3.79,2.38,5.23,3.16,1.65,0.93,25.88,-39.3,9.63,3.45,0.45,68.55,31.45,12.82,21.12,47.2,-10.7,16.5,15.88,16.04,-34.0,42.9,29.3,13.89,21.12,19.88,0.59,0.23,0.02,18.8700008392334,4.583569630183356,8.502521663990125,32.85512629695696,35.40227792012859,28.649579254949213,11.313029547335743,19.332150145430624,44.34329506457097,,,,6,False,9.7,,,n/d,n/d,,,,False,False,,,Em Alta,19.270000457763672,-2.0757634095909805,-11.810733223954706,False,False,False,sem sinal (Em Alta)
PRIO3,BOVA11,BOVA11,Energia,46.75,45.2,55.55555555555556,,,0.9,,60.94,40.78,34.73,6.38,False,85,Não,Bandeira de alta,"Bandeira de alta (pré-confirmação) — pescoço R$62.96, preço 3.0% abaixo do pescoço; falta fechar acima e segurar",False,3,8,False,,True,,False,,True,True,True,False,5,9,False,False,False,True,True,False,True,False,True,True,True,0.77,True,48279953408.0,13.65,1.87,0.0,0.18,13.71,30.11,10.92,18.11,5.77,1.73,2.21,1.34,0.9,1.02,2.42,189.4,6.66,6.59,0.25,59.83,40.17,34.2,72.1,78.6,-15.3,0.2,53.51,51.28,-27.7,34.9,46.3,40.82,72.1,36.88,0.12,0.06,-0.04,61.09000015258789,0.77431531498201,1.4363549092916283,59.2998169979333,57.35539252649738,60.66647636403732,2.0484393527518083,49.58988749214635,20.76287316549984,,,,5,False,78.3,,,n/d,n/d,,,,False,False,,,Em Alta,62.849998474121094,-2.800315615374105,-16.29213847277259,False,False,False,sem sinal (Em Alta)
QUAL3,SMALL11,SMALL11,Cuidados de saúde,46.12,50.73,20.0,,,0.2,,52.72,73.38,36.92,12.77,True,86,Não,Bandeira de alta,"Bandeira de alta (pré-confirmação) — pescoço R$1.63, preço 4.4% abaixo do pescoço; falta fechar acima e segurar",False,4,8,False,,False,,False,False,False,True,True,False,2,10,True,False,True,False,True,False,False,True,False,False,True,0.61,True,435622080.0,16.77,0.33,0.58,1.25,1.96,0.44,22.61,1.9,1.46,2.45,1.52,0.58,0.89,10.82,20.94,60.1,3.14,5.32,0.47,66.78,32.76,1.39,2.71,12.2,-42.4,-9.6,2.0,2.03,-48.6,59.1,-32.1,1.39,2.62,-41.52,1.94,0.56,0.1,1.559999942779541,0.13912041942045497,0.15886005570357267,0.7587301048694177,3.1455191986246036,0.2602920092505782,0.5416071244229079,0.339114131291073,,,,,6,False,22.6,,,n/d,n/d,,,,False,False,,,Lateral,1.7200000286102295,-9.30233041681805,-44.40029237550325,False,False,False,sem sinal (Lateral)
GGBR4,BOVA11,BOVA11,Materiais,45.77,48.55,30.0,,,1.0,,34.12,58.42,59.6,66.67,False,87,Não,,,False,4,8,False,,True,,False,False,False,True,True,False,3,10,False,False,True,False,True,True,True,False,False,True,True,0.18,True,46698606592.0,21.04,0.88,3.35,7.06,4.18,12.63,10.03,3.22,5.13,0.97,1.36,2.87,0.28,0.29,148.44,73.5,8.27,5.03,1.04,34.14,65.6,15.69,26.05,52.7,-8.0,4.9,20.76,20.38,-26.3,27.9,19.6,17.08,26.05,10.18,0.84,0.52,0.03,23.969999313354492,12.07935626997116,22.407205880796504,15.095175423096341,26.42378803114604,34.17775567493511,11.887333533584622,13.785028122223832,23.162776228044542,19.87730239547477,18.751190651946423,16.87607158675178,8,True,2.9,-29.595026824429006,-17.074247121899344,n/d,n/d,,,,False,False,,,Em Baixa,25.3928279876709,-5.6032698485069865,-8.423752665566465,False,False,False,sem sinal (Em Baixa; sem novo topo (-5.6%))
SAUD3,SMALL11,SMALL11,Cuidados de saúde,45.75,43.23,60.0,,,0.2,,49.65,8.09,65.95,56.74,True,88,Não,,,False,3,8,False,,True,,False,False,False,True,False,True,6,10,False,False,False,False,False,True,True,True,True,True,True,-0.69,True,41016250368.0,38.92,2.19,0.95,6.04,5.63,39.67,4.59,9.86,21.22,-7.41,-18.52,1.06,0.01,,235.22,-19.6,9.27,5.03,0.66,34.2,65.77,10.45,16.09,34.3,-12.7,-1.8,12.95,13.05,-21.2,34.9,26.0,10.45,16.09,16.58,0.77,0.38,0.02,14.039999961853027,6.060896433307069,8.824665206895093,3.7516957760347247,7.213564052622798,,14.516166036785778,0.9636910853276011,6.3108881258912914,,,,6,False,15.1,,,n/d,n/d,,,,False,False,,,Em Baixa,14.1899995803833,-1.057079795390814,-14.802435757316912,False,False,False,sem sinal (Em Baixa; sem novo topo (-1.1%))
MOVI3,SMALL11,SMALL11,Bens Industriais,45.69,48.46,30.0,,,0.7,,48.14,74.39,12.97,56.03,False,89,Não,,,False,4,8,False,,False,,False,False,True,False,True,False,3,10,False,False,True,False,True,False,True,True,False,False,False,5.5,False,2821057024.0,6.49,0.72,9.32,5.83,11.08,3.58,13.78,2.89,3.56,3.65,3.71,0.68,6.43,0.94,37.81,97.0,3.16,6.78,0.22,91.5,8.5,6.47,14.83,11.5,-51.4,-24.9,9.57,9.92,-56.2,61.2,-27.2,6.5,14.83,-36.62,2.34,0.65,0.14,7.210000038146973,3.000514734438178,5.565954832382821,14.71995385291947,15.821145678128493,14.127420758855205,15.499093956848602,7.779395119124497,,13.589401873175253,14.71995385291947,13.247958467627523,5,True,5.3,83.74422187981506,88.47991402601765,n/d,n/d,,,,False,False,,,Em Baixa,7.760000228881836,-7.087631114852622,-51.83700795231858,False,False,False,sem sinal (Em Baixa; sem novo topo (-7.1%))
IRBR3,SMALL11+Carteira,SMALL11,Insurance,45.59,48.59,28.571428571428573,,2.87,0.3,,18.15,70.07,100.0,29.08,False,90,Não,Fundo duplo,"Fundo duplo (pré-confirmação) — pescoço R$57.45, preço 3.9% abaixo do pescoço; falta fechar acima e segurar",False,1,6,False,,False,,False,,False,,False,False,2,7,False,False,False,,False,,True,False,True,False,True,,True,4556004864.0,-31.23,0.86,2.81,2.94,-2.76,2.79,0.0,4.89,,,,,,,,-23.0,6.46,2.3,,66.23,33.77,44.53,62.39,24.0,-11.5,3.8,51.79,51.64,-21.4,31.1,8.6,49.05,62.39,-0.82,1.1,0.6,0.06,55.22999954223633,11.595475518545003,16.883012355001526,,,,26.3277,,,18.268729291182176,16.883012355001526,15.194711119501374,3,True,2.3,-72.48830120325923,-66.92245257541342,2026-11-12,2026-07-01,última,"A análise fundamentalista do IRB Brasil (IRBR3) revela uma companhia em momento de profunda reestruturação, evidenciada por uma clara desconexão entre qualidade e preço. O retorno sobre o patrimônio líquido (ROE) negativo de -2,8% e o retorno sobre o capital investido (ROIC) nulo de 0,0% situam-se drasticamente abaixo das médias setoriais de 34,3% e 19,5%, respectivamente, o que justifica o desconto patrimonial com o preço sobre valor patrimonial (P/VP) em 0,86, embora o preço sobre lucro (P/L) negativo de -31,23 reflita a ausência de lucros consistentes. Essa fragilidade operacional é acompanhada por uma severa contração histórica, com o crescimento anual composto (CAGR) da receita nos últimos cinco anos recuando 23,0%, desempenho bem inferior à média de retração de 2,5% observada entre seus pares de setor. No que tange aos proventos, o rendimento de dividendos (DY) de 2,81% mostra-se tímido e pouco sustentável no longo prazo, uma vez que a rentabilidade deficitária e a margem líquida apertada de 4,89% limitam a capacidade de geração de caixa para distribuição aos acionistas, apesar de a empresa ostentar uma nota máxima de segurança financeira. O checklist de critérios corrobora esse cenário desafiador ao registrar apenas um de seis critérios atendidos, falhando em superar a taxa Selic, em bater as médias setoriais e em demonstrar alinhamento com movimentações de insiders. Sob a ótica de avaliação de valor, as estimativas de preço-teto calculadas apontam para uma expressiva dispersão entre os métodos, variando de R$ 11,60 pelo modelo de Bazin a R$ 16,88 pela fórmula de Gordon, gerando uma média de R$ 18,27 e uma mediana de R$ 16,88. Frente ao preço atual de R$ 55,23, o preço-teto ajustado com margem de segurança de R$ 15,19 indica um expressivo potencial de desvalorização de -72,5%, sinalizando que o papel negocia com forte prêmio sobre seus fundamentos de fluxo de caixa e dividendos. Como prós, destacam-se a excelente pontuação de segurança financeira e o desconto em relação ao valor patrimonial; como contras, pesam a rentabilidade severamente abaixo do setor, o histórico de contração de receita, o fraco retorno aos acionistas e o elevado prêmio do preço de tela frente aos tetos calculados.",,False,True,57.62,-4.15,Lateral,53.400001525878906,3.4269624795245868,-14.668388717056768,False,False,False,sem sinal (Lateral)
SYNE3,SMALL11,SMALL11,Imobiliário,44.93,45.8,40.0,,,0.8,DY5a=127.8%>=20,43.99,58.5,33.98,,False,91,Não,,,False,2,8,False,,False,,False,False,False,True,False,False,4,10,False,False,False,True,False,False,False,True,True,True,False,0.72,True,560205120.0,10.29,0.8,70.33,127.78,7.8,14.02,6.47,16.16,4.68,3.1,6.71,1.45,0.5,1.32,1314.81,-67.2,12.23,3.08,0.36,40.97,29.56,3.49,5.11,4.9,-28.4,-6.6,4.5,4.37,-31.7,38.9,-24.2,3.49,5.11,-33.62,1.0,0.44,0.11,3.6600000858306885,33.404072500816966,61.96455448901548,4.712828098858758,6.050895793984491,10.670554186095304,6.468000000000001,2.69406087117511,8.858663885271094,,,,5,False,23.0,,,n/d,n/d,,,,False,False,,,Em Baixa,4.0,-8.499997854232788,-29.81163852376235,False,False,False,sem sinal (Em Baixa; sem novo topo (-8.5%))
RANI3,SMALL11,SMALL11,Materiais,44.66,49.01,20.0,,,1.0,,49.25,46.66,36.9,78.01,False,92,Não,,,True,3,8,False,,True,,False,False,False,False,False,False,2,10,False,True,True,False,False,False,True,False,False,True,True,0.8,True,1773728768.0,13.75,1.24,5.21,9.01,9.03,25.63,11.69,7.65,4.99,2.42,2.89,2.1,1.38,,123.91,-70.2,5.44,4.4,0.56,63.24,36.76,7.24,9.51,6.9,-18.6,-3.3,8.17,8.28,-20.1,23.7,-7.1,7.6,9.51,-16.52,0.64,0.46,0.04,7.739999771118164,4.982339145295868,7.254285795550786,5.854254372336648,8.891397273263332,,4.91387477971708,1.5037713841029576,7.739999771118164,6.60602518954698,6.554270083943717,5.898843075549345,6,True,5.9,-23.787554909744337,-14.650834820468784,n/d,n/d,,,,False,False,,,Em Baixa,8.275388717651367,-6.469653146216814,-20.234119215969127,False,False,False,sem sinal (Em Baixa; sem novo topo (-6.5%)) · ⚡ cruzamento de médias (MM21>MM30) hoje
RENT3,BOVA11,BOVA11,Bens Industriais,44.24,43.22,50.0,,,0.7,,53.99,46.04,18.29,37.59,False,93,Não,,,False,2,8,False,,True,,False,False,True,False,True,True,5,10,False,False,False,False,True,False,True,False,False,False,False,1.34,True,38451646464.0,11.43,1.44,5.89,3.47,12.63,7.58,12.27,7.39,5.0,4.1,4.68,1.14,1.71,1.5,39.62,24.5,7.56,6.27,0.33,70.15,29.84,32.03,51.57,9.5,-32.0,-15.0,41.52,41.69,-37.9,38.3,-17.3,32.03,51.57,-26.72,1.75,0.78,0.12,35.060001373291016,8.680155234935771,16.101687960805858,40.64260876606351,40.991973431305134,34.02445210621705,50.383808220802784,22.898165336012575,54.19026455668205,37.033280053984136,40.64260876606351,36.57834788945716,7,True,6.2,4.330708661417315,5.628290369082478,n/d,n/d,,,,False,False,,,Em Baixa,38.15999984741211,-8.123685761312515,-33.45683434808792,False,False,False,sem sinal (Em Baixa; sem novo topo (-8.1%))
VALE3,BOVA11+Wishlist,BOVA11,Materiais,44.2,48.47,20.0,,,1.0,,49.52,35.26,43.22,87.23,False,94,Não,,,False,4,8,False,,True,,False,False,False,True,False,False,2,10,True,False,True,False,False,True,True,False,False,True,True,0.41,True,334417854464.0,33.64,1.77,7.14,10.47,5.27,24.52,18.11,4.76,4.62,1.04,0.8,1.19,0.55,,352.11,-43.5,9.51,7.92,0.39,60.3,38.73,51.19,87.63,54.5,-9.7,2.3,74.16,71.37,-20.2,25.6,12.4,69.97,87.63,2.98,0.85,0.57,-0.1,79.11000061035156,59.14580346951593,86.1162898516152,24.457312911642575,48.63041997500544,,43.333333333333336,6.282304278127969,87.27846382233153,,,,6,False,13.9,,,2026-10-29,2026-08-12,última,"A Vale (VALE3) apresenta um quadro operacional misto, onde a eficiência na alocação de capital se destaca pelo ROIC de 18,1%, patamar significativamente acima da média do setor (9,2%), embora o ROE de 5,3% fique ligeiramente abaixo dos pares (5,6%). Essa forte rentabilidade operacional convive com múltiplos de valuation que dividem opiniões, pois o P/VP de 1,77 sugere um prêmio patrimonial razoável, enquanto o P/L elevado de 33,64 indica que o mercado já precifica uma recuperação relevante dos lucros. No âmbito financeiro, a excelente saúde do balanço é comprovada pela relação Dívida Líquida/EBITDA de 1,04, confortavelmente abaixo da média setorial (1,76), o que garante que o endividamento sob controle dê sustentação ao pagamento de proventos. O dividend yield de 7,14% mostra-se robusto e coerente com essa estrutura de capital desalavancada, mesmo diante de uma margem líquida mais pressionada de 4,76%. Por outro lado, o crescimento histórico recente é o principal ponto de atenção, visto que o CAGR de receita de 5 anos contraiu 43,5%, desempenho muito abaixo da expansão média do setor (17,4%). Esse descompasso operacional reflete-se no checklist de critérios da companhia, que atendeu a apenas 4 dos 8 requisitos avaliados, penalizado justamente pela falta de crescimento frente aos pares, margem abaixo de 15% e vendas de insiders. Sob a ótica do valuation por preço-teto, observa-se uma dispersão extrema entre as metodologias teóricas, com o modelo de Gordon sugerindo um teto de R$ 86,12 (único acima do preço atual de R$ 79,11), enquanto as fórmulas de Bazin (R$ 59,15), Graham (R$ 48,63) e o fluxo de caixa descontado (R$ 24,46) apontam para valores bem mais conservadores. Em suma, o papel traz como grandes atrativos o seu ROIC elevado, o endividamento muito bem equacionado e o bom retorno via dividendos, contrapondo-se ao risco de uma severa retração histórica de receita, margens líquidas estreitas e uma clara falta de consenso nos modelos de preço-teto.",,True,False,,,Em Alta,78.69999694824219,0.520970365956952,-11.231316348971387,False,False,False,sem sinal (Em Alta)
BBAS3,BOVA11+Carteira,BOVA11,Produtos financeiros,44.15,49.74,12.5,14.56,,0.4,,39.32,58.28,50.86,73.05,False,95,Não,,,False,2,6,False,,True,,False,False,False,,False,False,1,8,False,False,False,,False,,True,True,True,True,True,,True,115147972608.0,7.98,0.64,2.73,8.35,7.99,14.73,0.0,21.83,,,,,,2.99,66.61,-13.8,4.39,0.79,,92.12,7.71,17.8,27.31,12.2,-26.9,-3.4,21.29,21.65,-34.8,28.2,-6.2,17.8,27.31,-15.62,1.2,0.73,-0.03,19.969999313354492,11.905944175485965,15.10171756820564,22.673033246643048,41.915811278652825,27.564656580953766,15.614709144800027,10.882260075550345,,16.323851033783672,15.358213356502834,13.82239202085255,4,True,1.9,-30.784213840162057,-18.25812921852501,2026-11-11,2026-09-02,próxima,"O Banco do Brasil (BBAS3) apresenta um perfil de investimento intrigante, onde múltiplos de preço historicamente baixos, como o P/L de 7,98 e o P/VP de 0,64, convivem com indicadores de rentabilidade que atualmente se posicionam abaixo dos seus pares de setor. Essa aparente barganha de preço é contraposta por um ROE de 8,0% e um ROIC de 0,0%, ambos abaixo da média do setor de produtos financeiros, que registra 15,9% e 0,2%, respectivamente, sugerindo que o desconto patrimonial reflete uma eficiência operacional momentaneamente inferior à de seus concorrentes. No âmbito do crescimento, a instituição enfrenta desafios estruturais evidenciados por um CAGR de receita de cinco anos negativo em 13,8%, enquanto a média setorial expandiu 4,2% no mesmo período. Essa retração operacional ajuda a explicar o dividend yield de 2,73%, um patamar que se mostra modesto e diretamente pressionado pela queda nas receitas, embora a robusta margem líquida de 21,83% atue como um importante colchão de segurança para a sustentabilidade dos lucros remanescentes. O checklist de critérios fundamentalistas reforça essa postura de cautela ao aprovar apenas 2 de 6 requisitos possíveis, falhando em quesitos de rentabilidade frente à taxa Selic e ao setor, mas validando o papel por seu elevado valor de mercado e pela ausência de venda de ações por parte de controladores e diretores. Sob a ótica do valuation, as estimativas de preço-teto revelam uma enorme dispersão entre os métodos de cálculo, variando desde os conservadores R$ 11,91 pelo modelo de Bazin e R$ 15,10 por Gordon, até os otimistas R$ 41,92 por Graham e R$ 27,56 por Lynch. Diante dessa volatilidade teórica, a média dos modelos se estabelece em R$ 16,32 e o preço-teto ajustado com margem de segurança fica em R$ 13,82, o que aponta para um upside negativo de 30,8% em relação à cotação atual de R$ 19,97. Em suma, o ativo coloca na balança, como pontos positivos, o seu robusto valor de mercado de mais de R$ 115 bilhões, a forte margem líquida e múltiplos de avaliação muito baratos, enquanto os pontos negativos concentram-se na rentabilidade abaixo da média setorial, na contração histórica de suas receitas e em um preço atual que já supera as principais métricas de preço-teto ajustadas.",,False,True,22.29,-10.41,Lateral,20.280000686645508,-1.52860632541868,-27.49383440864105,False,False,False,sem sinal (Lateral)
RADL3,BOVA11,BOVA11,Bens de primeira necessidade,44.01,42.95,50.0,,,0.0,,62.99,19.02,41.81,14.89,True,96,Não,,,False,6,8,False,,True,,False,False,True,False,True,True,5,10,True,True,True,False,True,True,True,False,False,True,True,1.09,True,33851662336.0,25.27,4.65,2.27,1.44,18.41,18.18,16.71,2.88,7.24,2.06,1.72,1.41,1.18,2.16,36.51,14.4,16.59,7.8,0.84,70.85,29.09,16.14,26.71,20.2,-27.4,1.6,20.15,20.64,-39.6,36.3,-17.2,16.14,26.71,-26.62,1.22,0.58,0.16,19.399999618530273,2.0022206481605647,3.714119302337847,10.172140678493315,8.489143658487551,10.082257746044743,7.542853166735031,7.691046838187847,13.63549921457183,8.761008657836879,8.489143658487551,7.6402292926387965,7,True,6.8,-60.61737400581654,-54.84016066954642,n/d,n/d,,,,False,False,,,Em Alta,20.219999313354492,-4.055389330713988,-28.484998930265427,False,False,False,sem sinal (Em Alta)
SLCE3,BOVA11+SMALL11,BOVA11,Bens de primeira necessidade,43.09,47.17,20.0,,,0.0,,52.74,37.28,37.62,65.96,True,97,Não,Fundo duplo,"Fundo duplo (pré-confirmação) — pescoço R$14.02, preço 14.2% acima do pescoço; falta fechar acima e segurar",False,2,8,False,,True,,False,False,False,False,True,False,2,10,False,False,False,False,True,False,True,False,False,True,True,1.87,True,7822177792.0,20.25,1.45,5.11,7.05,7.16,17.38,10.84,4.41,6.47,4.42,5.7,2.2,1.82,0.84,142.75,24.2,11.2,6.41,0.63,73.5,23.57,12.62,19.32,26.9,-17.1,5.7,14.43,15.06,-34.7,24.0,8.2,12.62,19.32,-1.22,0.51,0.36,-0.0,16.010000228881836,8.061612848788368,14.954291834502422,10.475679162107866,14.014773467585435,23.718518857602717,9.17819432070187,9.566469272566431,10.006601870367763,12.497017704277859,10.241140516237815,9.217026464614033,8,True,2.9,-42.429566940376205,-21.94242644835571,n/d,n/d,,,,False,False,,,Em Alta,16.290000915527344,-1.7188500362735781,-17.81313857749779,False,False,False,sem sinal (Em Alta)
USIM5,BOVA11+SMALL11,BOVA11,Materiais,42.55,46.53,20.0,,,1.0,P/L=-3.89<2,10.18,87.44,71.0,58.87,False,98,Não,,,False,4,8,False,,False,,False,False,False,True,True,False,2,10,False,False,False,False,True,True,True,True,False,False,True,-0.02,True,8862787584.0,-3.89,0.43,0.0,6.28,-11.18,-0.65,4.67,-9.36,3.6,-0.18,-0.44,4.44,0.27,,,301.7,5.34,1.64,1.4,33.58,58.33,4.18,12.04,71.5,-40.4,-15.3,6.53,6.78,-49.6,46.2,19.9,5.98,12.04,10.48,0.91,0.34,0.01,7.170000076293945,3.214416907714287,5.962743363810002,,,,,,9.809989751681186,6.329050007735159,5.962743363810002,5.366469027429003,3,True,3.1,-25.15384978624935,-11.72873165426045,n/d,n/d,,,,False,False,,,Em Baixa,7.190000057220459,-0.2781638493372318,-41.133005774662266,False,False,False,sem sinal (Em Baixa; sem novo topo (-0.3%))
FRAS3,SMALL11,SMALL11,Consumo discricionário,42.49,41.16,50.0,,,0.9,,54.45,17.04,46.02,31.91,False,99,Não,Fundo duplo,"Fundo duplo (pré-confirmação) — pescoço R$21.17, preço 8.9% acima do pescoço; falta fechar acima e segurar",False,5,8,False,,True,,False,False,True,False,True,True,5,10,True,False,True,False,True,True,True,False,False,True,True,0.6,True,6381480960.0,22.02,2.56,2.68,3.07,11.62,14.99,15.27,5.39,7.44,1.64,1.51,2.41,1.13,5.83,67.52,155.0,14.19,6.92,0.72,65.64,34.06,18.96,25.01,21.6,-7.8,8.3,21.91,22.22,-24.2,26.5,-3.2,18.96,24.94,-12.62,0.81,0.52,0.08,23.059999465942383,5.050688930984102,7.175729499404693,10.627457579541982,14.568737290106931,7.163504679773879,8.436256190564569,5.281933263776005,10.726875340444472,8.628897846824579,7.805992844984631,7.025393560486169,8,True,2.9,-69.5342856756694,-62.580667620705235,n/d,n/d,,,,False,False,,,Em Alta,23.350000381469727,-1.241973922011086,-8.213602150774923,False,False,False,sem sinal (Em Alta)
SUZB3,BOVA11,BOVA11,Materiais,42.19,47.87,10.0,,,1.0,,52.53,60.61,29.81,31.21,False,100,Fundo triplo,,,False,5,8,False,,False,,False,False,True,False,False,False,1,10,True,True,False,True,False,False,True,True,True,True,False,1.68,False,56639479808.0,7.12,1.17,0.01,3.06,16.44,27.73,5.54,17.08,6.35,3.68,9.21,3.38,1.99,0.55,21.81,-64.0,6.31,3.15,0.57,73.83,26.09,39.68,58.97,16.9,-21.3,8.1,47.64,47.46,-32.7,27.5,-10.5,39.68,58.97,-19.92,0.42,0.26,-0.0,46.400001525878906,10.151778887896093,18.831549837047252,86.34831744633361,76.25640482050953,103.73311086835915,16.14784584740784,70.06583760681164,22.72912505392368,,,,6,False,10.2,,,n/d,n/d,,,Fundo triplo,False,False,,,Em Alta,46.34000015258789,0.12948073606700028,-22.205008438148667,False,True,False,Fundo triplo — rompeu pescoço ~R$43.58 (candidato)
ENGI11,BOVA11,BOVA11,Serviços públicos,42.07,42.44,40.0,,,0.1,,50.77,38.2,23.96,52.48,True,101,Não,Fundo duplo,"Fundo duplo (pré-confirmação) — pescoço R$51.55, preço 7.9% abaixo do pescoço; falta fechar acima e segurar",False,3,8,False,,True,,False,False,False,False,True,True,4,10,False,False,True,False,False,False,True,True,False,True,True,2.32,True,14508625920.0,15.73,1.22,2.4,5.38,7.78,17.19,10.25,4.13,5.82,4.32,5.9,1.56,1.99,13.16,84.64,7.9,19.64,4.83,0.34,74.62,23.0,42.0,57.51,13.1,-17.4,-3.0,47.73,48.21,-24.1,26.4,2.0,43.67,57.51,-7.42,1.32,0.86,0.04,47.5,18.256681799510993,20.198738581228145,23.863780931702557,51.4328502242105,19.856942030962703,23.274819266934617,10.334911206948629,120.2965411332743,,,,7,False,11.6,,,n/d,n/d,,,,False,False,,,Lateral,48.91815185546875,-2.8990299135968067,-18.943225147185426,False,False,False,sem sinal (Lateral)
AXIA3,BOVA11+Carteira,BOVA11,Serviços públicos,41.8,38.59,60.0,,,0.1,,39.95,24.09,49.93,46.1,True,102,Não,Fundo duplo,"Fundo duplo (pré-confirmação) — pescoço R$55.62, preço 5.4% abaixo do pescoço; falta fechar acima e segurar",False,3,8,False,,True,,False,False,False,True,True,True,6,10,False,False,False,True,False,True,True,False,True,False,True,0.54,True,120904982528.0,12.96,1.28,2.79,4.28,9.86,5.35,3.25,27.05,15.59,2.95,7.36,2.05,0.63,2.95,55.42,9.7,9.12,3.03,0.39,57.63,42.34,41.67,67.15,26.2,-21.7,-4.1,53.89,54.9,-27.0,37.2,5.2,49.43,67.15,-4.22,1.41,0.65,0.03,52.599998474121094,16.067644605140575,24.44956361377085,44.11350739807757,61.258943856520816,35.19545559592213,26.507113304708355,22.055100569789115,21.525479780069528,31.396601090499868,25.478338459239602,22.93050461331564,8,True,3.8,-56.40588350093333,-40.31064258310422,2026-11-04,2025-11-17,última,"A análise fundamentalista da AXIA3 revela uma empresa de serviços públicos que atualmente apresenta um descompasso entre preço e qualidade, uma vez que seus múltiplos de valuation, como o P/L de 12,96 e o P/VP de 1,28, não encontram respaldo em uma rentabilidade robusta. O ROE de 9,9% e o ROIC de 3,2% situam-se abaixo dos pares do setor (12,1% e 9,6%, respectivamente), sugerindo uma eficiência na alocação de capital inferior à média de mercado, apesar de a companhia sustentar uma margem líquida saudável de 27,05%. No âmbito financeiro, a relação entre rentabilidade e endividamento mostra-se equilibrada, dado que a relação dívida líquida sobre EBITDA de 2,95 está abaixo da média setorial de 3,4 e é acompanhada por uma confortável liquidez corrente de 2,05. Por outro lado, o dividendo distribuído de 2,79% é modesto e reflete essa rentabilidade pressionada, mostrando-se coerente com a necessidade de reter caixa para honrar os compromissos financeiros em detrimento de uma distribuição mais agressiva. Quanto ao crescimento, o avanço histórico da receita nos últimos cinco anos, de 9,7%, fica severamente abaixo da média do setor de 37,6%, o que ajuda a explicar por que o checklist de critérios fundamentalistas aprovou apenas 3 dos 8 requisitos avaliados. Sob a ótica do valuation, o preço atual de R$ 52,60 posiciona-se bem acima das referências de preço-teto calculadas, as quais exibem uma dispersão acentuada que vai desde R$ 16,07 pelo método de Bazin até R$ 61,26 pelo modelo de Graham. Essa disparidade resulta em uma média de R$ 31,40 e em um preço-teto ajustado com margem de segurança de R$ 22,93, o que aponta para um expressivo potencial de desvalorização de 56,4% em relação à cotação de tela. Em balanço, a AXIA3 destaca-se positivamente por suas margens operacionais elevadas e pelo endividamento controlado abaixo do limite setorial, mas esbarra negativamente em um crescimento muito aquém de seus pares, em retornos sobre o capital pouco competitivos e em um preço de negociação atual que desconsidera uma margem de segurança adequada.",,False,True,59.55,-11.67,Em Alta,53.650001525878906,-1.9571351759446354,-22.464620705260185,False,False,False,sem sinal (Em Alta)
PNVL3,SMALL11,SMALL11,Bens de primeira necessidade,41.75,36.77,70.0,,,0.0,,36.35,43.25,36.65,22.7,True,103,Não,Fundo duplo,"Fundo duplo (pré-confirmação) — pescoço R$11.32, preço 5.8% acima do pescoço; falta fechar acima e segurar",False,4,8,False,,True,,False,False,True,False,True,True,7,10,False,True,False,False,True,False,True,True,False,False,True,0.81,True,1783544960.0,13.04,1.36,2.75,2.49,10.45,8.49,9.66,2.33,5.7,4.17,6.05,1.75,1.07,1.85,32.48,17.6,8.17,4.98,0.9,66.54,33.46,8.82,16.07,35.8,-25.5,-0.1,11.39,11.63,-35.3,34.7,1.7,10.4,16.07,-7.72,1.41,0.7,0.14,11.970000267028809,2.129633592444588,3.950470313984711,12.162768676237093,13.482709251786792,8.763285707986334,5.737621689244132,6.523398953552543,11.97000026702881,8.941464979974345,8.763285707986334,7.886957137187701,7,True,6.3,-34.11063524441006,-25.301046111055815,n/d,n/d,,,,False,False,,,Em Alta,12.180000305175781,-1.724138201028902,-26.543144621972424,False,False,False,sem sinal (Em Alta)
VAMO3,BOVA11+SMALL11,BOVA11,Bens Industriais,41.03,44.74,20.0,,,0.7,,52.09,52.07,27.21,28.37,False,104,Não,,,False,4,8,False,,True,,False,False,False,False,False,False,2,10,True,False,True,False,False,False,True,True,False,True,False,3.87,False,3653004288.0,11.57,1.11,4.16,2.93,9.57,14.8,15.52,5.1,3.89,3.09,2.79,1.67,4.84,1.83,33.91,-1.9,5.0,7.32,0.32,88.84,11.16,2.48,4.82,22.2,-37.1,-7.2,3.42,3.49,-48.5,54.3,-6.8,2.48,4.82,-16.22,2.06,0.65,0.08,3.0299999713897705,0.6343933975249364,1.1767997524087568,3.469965395066072,4.010566432856011,2.4239037961386325,2.6359495106274387,1.7406897225741218,9.095071583324174,,,,6,False,14.3,,,n/d,n/d,,,,False,False,,,Em Baixa,3.109999895095825,-2.5723449004679044,-38.663968900951176,False,False,False,sem sinal (Em Baixa; sem novo topo (-2.6%))
UNIP6,SMALL11,SMALL11,Materiais,39.52,42.97,20.0,,,1.0,,51.72,11.94,34.97,97.16,False,105,Não,,,False,4,8,False,,True,,False,False,True,False,False,False,2,10,False,True,True,False,False,False,True,True,False,True,True,1.25,True,6188332032.0,23.54,3.14,11.68,15.84,13.34,34.18,11.66,5.09,8.57,2.72,3.27,2.39,1.85,,372.99,-46.1,10.48,4.48,0.47,74.89,24.93,53.05,71.62,4.0,-22.9,-9.5,61.26,61.74,-25.5,30.6,-5.2,55.19,71.62,-14.62,0.71,0.4,0.1,55.189998626708984,62.463140269796185,90.94633223282325,24.383007039837445,30.44974002332082,,30.880988826991217,6.263217467650553,21.40204343348154,,,,5,False,14.5,,,n/d,n/d,,,,False,False,,,Em Baixa,61.720001220703125,-10.58004287887755,-24.082134713891,False,False,False,sem sinal (Em Baixa; sem novo topo (-10.6%))
AUAU3,SMALL11,SMALL11,Consumo discricionário,39.15,34.29,66.66666666666667,,,0.9,,31.38,52.35,30.07,10.64,False,106,Não,,,False,2,8,False,,,,,,False,True,True,,2,3,False,False,False,False,False,True,True,False,False,False,True,0.51,True,2883659008.0,14.98,0.91,0.9,0.92,6.04,,7.01,3.84,3.12,2.53,5.05,1.26,0.7,2.88,13.78,22.2,9.88,5.6,,,,2.8,3.87,17.7,-14.6,-1.4,3.24,3.29,-27.2,38.7,-14.0,2.8,3.87,-23.42,0.88,0.42,0.07,3.299999952316284,0.21684692274157955,0.3632642099384286,2.635988024123126,4.23963618152881,1.3498689971612605,0.5323255219280377,1.3096013161198383,10.11118901106369,,,,4,False,46.6,,,n/d,n/d,,,,False,False,,,Lateral,3.569999933242798,-7.563024817237462,-18.186061169569857,False,False,False,sem sinal (Lateral)
HAPV3,BOVA11+SMALL11,BOVA11,Cuidados de saúde,38.81,35.85,55.55555555555556,,,0.2,P/L=-18.79<2,12.07,81.06,47.95,5.67,True,107,Não,,,False,2,8,False,,False,,False,,False,True,True,False,5,9,False,False,False,False,True,False,True,False,False,False,True,0.16,True,3083320576.0,-18.79,0.07,0.0,0.13,-0.36,-1.11,2.12,-0.55,4.16,3.07,7.69,1.84,0.33,,,41.3,5.42,1.55,0.45,33.25,66.74,6.09,41.71,7.6,-84.3,-40.0,12.49,17.24,-85.4,77.2,-55.0,6.09,16.49,-64.42,1.58,0.35,0.03,6.550000190734863,0.06300659616723851,0.11687723589022744,,,,,,14.39542003429921,,,,2,False,228.5,,,n/d,n/d,,,,False,False,,,Em Baixa,11.130000114440918,-41.15004381503654,-84.64603794148347,False,False,False,sem sinal (Em Baixa; sem novo topo (-41.2%))
EMBJ3,BOVA11,BOVA11,Bens Industriais,38.79,33.87,66.66666666666667,,,0.7,,44.47,12.49,49.4,8.51,False,108,Pivô de alta,,,False,4,8,False,,False,,False,,True,True,True,False,6,9,False,False,False,False,True,True,True,True,False,False,True,0.14,True,67780755456.0,30.27,3.94,1.03,0.71,13.01,5.09,9.61,5.28,11.52,0.52,0.76,1.44,0.69,2.97,21.63,113.9,16.83,3.7,0.82,70.5,26.66,68.4,103.57,42.7,-5.8,18.7,83.07,83.86,-34.0,38.1,10.6,68.4,103.57,1.18,0.83,0.37,0.01,97.61000061035156,4.982479598989772,9.242499656126029,42.72654470059987,42.39662181432417,35.18195897675254,18.147506910191737,29.280291756626188,44.08436660991484,,,,6,False,8.8,,,n/d,n/d,,,Pivô de alta,False,False,,,Em Alta,101.29000091552734,-3.6331328580446853,-7.134186680461729,False,True,False,Pivô de alta
NATU3,BOVA11+SMALL11,BOVA11,Bens de primeira necessidade,38.37,42.93,12.5,,,0.0,P/L=-4.52<2,39.45,56.11,54.51,2.48,True,109,Fundo duplo,,,False,2,8,False,,False,,,,False,True,False,False,1,8,False,False,False,False,False,True,True,False,False,True,True,0.35,True,12002652160.0,-4.52,0.95,0.0,0.0,-21.11,16.32,10.18,-12.47,5.16,2.58,3.54,1.68,0.54,,,-88.9,9.21,2.55,0.77,55.21,44.79,7.2,10.7,23.8,-16.7,-1.7,8.69,8.79,-30.6,47.1,23.8,7.2,10.7,14.38,1.15,0.42,0.03,8.90999984741211,,,,,,,,10.771630703545231,10.771630703545231,10.771630703545231,9.694467633190708,1,True,1.0,8.804352404186023,20.89372489354002,n/d,n/d,,,Fundo duplo,False,False,,,Em Alta,8.9399995803833,-0.3355674986497581,-20.08968473322179,False,True,False,Fundo duplo — rompeu pescoço ~R$8.73 (candidato)
SMFT3,BOVA11+SMALL11,BOVA11,Consumo discricionário,38.28,37.98,40.0,,,0.9,,49.56,41.62,13.61,25.53,False,110,Não,,,False,1,8,False,,False,,False,False,True,False,False,False,4,10,False,False,False,False,False,False,True,False,True,False,False,1.82,False,10322611200.0,15.1,1.71,6.0,2.63,11.3,9.4,10.6,8.53,3.84,4.32,5.7,1.2,2.24,2.22,39.69,-6.3,8.32,5.98,0.3,73.66,26.34,16.61,26.03,2.5,-34.6,-9.6,20.67,21.09,-36.2,36.0,-25.4,16.61,23.41,-34.82,1.29,0.61,0.08,17.030000686645508,3.19753416429778,5.931425874772382,14.943543648877677,15.89715452361429,10.65040731362152,13.031253093260874,7.843954306873619,,11.382956460170059,11.840830203441197,10.656747183097078,6,True,5.0,-37.423683186026956,-33.1593893058602,n/d,n/d,,,,False,False,,,Em Baixa,18.3799991607666,-7.344932185866259,-35.50167171434436,False,False,False,sem sinal (Em Baixa; sem novo topo (-7.3%))
AZZA3,BOVA11+SMALL11,BOVA11,Consumo discricionário,37.95,39.35,30.0,,,0.9,,24.83,62.35,43.8,38.3,False,111,Não,,,False,1,8,False,,True,,False,False,False,True,False,True,3,10,False,False,False,False,False,False,True,False,False,True,True,0.38,True,2963898368.0,9.34,0.38,16.88,3.53,4.03,11.4,5.88,2.85,3.6,2.74,6.52,2.26,0.49,3.46,33.01,-94.3,3.07,3.33,0.93,48.36,51.64,14.54,31.78,1.7,-53.5,-20.4,23.79,23.09,-54.3,43.8,-41.7,14.54,28.04,-51.12,1.23,0.48,0.01,14.789999961853027,3.7340503906688696,4.75096548122225,14.391132161293184,37.238672914810465,9.87187888903129,48.8961294912506,6.917256501148352,27.468540129230952,,,,4,False,13.1,,,n/d,n/d,,,,False,False,,,Em Baixa,17.010000228881836,-13.051147778701367,-54.69824771723877,False,False,False,sem sinal (Em Baixa; sem novo topo (-13.1%))
RAIL3,BOVA11,BOVA11,Bens Industriais,37.11,34.84,50.0,,,0.7,,50.27,25.5,22.51,13.48,False,112,Não,,,False,2,8,False,,False,,False,False,False,False,True,True,5,10,False,False,False,False,True,False,True,False,True,False,False,1.64,False,27615232000.0,22.54,1.91,0.73,1.31,8.48,1.9,12.06,8.53,6.16,3.16,3.66,1.31,2.01,3.77,29.53,56.8,11.6,7.07,0.25,73.88,25.74,12.33,17.04,20.1,-13.1,3.1,15.02,14.97,-27.6,33.7,1.1,12.33,17.04,-8.32,1.14,0.58,-0.01,14.8100004196167,1.3860195501202128,2.5626813274609406,8.677574916854656,10.7066274318662,4.787218444579653,7.688860390947499,4.2232563063700015,11.50778129173654,,,,7,False,8.3,,,n/d,n/d,,,,False,False,,,Em Alta,14.59000015258789,1.5078839254829335,-14.534672704443597,False,False,False,sem sinal (Em Alta)
CBAV3,SMALL11,SMALL11,Materiais,37.0,38.24,30.0,,,1.0,,39.03,39.4,38.9,30.5,False,113,Não,,,False,4,8,False,,False,,False,False,True,True,True,False,3,10,False,True,False,False,True,False,True,True,False,False,True,0.57,True,7305035776.0,12.22,1.44,0.39,3.04,11.81,-1.32,6.25,6.41,6.54,1.95,4.36,2.06,0.89,1.65,37.18,28.1,9.59,3.49,0.48,67.68,30.73,3.22,11.21,248.5,0.0,3.9,10.17,8.46,-15.2,35.1,59.9,7.01,11.21,50.48,0.25,0.12,0.02,11.210000038146973,2.436021021368591,4.518818994638736,12.154869108465414,12.675935600985852,9.597028731131367,0.7922538304855716,6.728795260843049,7.42587936633825,,,,6,False,16.0,,,n/d,n/d,,,,False,False,,,Em Alta,11.199999809265137,0.08928775939409661,-0.35555521647135935,False,False,False,sem sinal (Em Alta)
TIMS3,BOVA11,BOVA11,Comunicação,36.99,31.16,70.0,,,0.4,,31.11,7.82,37.39,77.3,False,114,Não,,,False,3,8,False,,True,,False,False,False,True,True,True,7,10,False,False,False,True,True,False,True,False,True,True,True,0.49,True,43467354112.0,3205.62,1.75,8.02,8.95,0.05,11.85,0.76,15.78,111.71,1.05,2.63,0.85,0.66,1282.25,28699.07,2.5,8.66,7.75,0.43,57.89,42.11,17.94,27.96,2.2,-34.5,-17.5,22.48,23.01,-35.8,28.4,-14.1,17.94,27.96,-23.52,0.81,0.49,0.09,18.329999923706055,11.721688181327465,14.626628295830358,,,,30.75,,0.6870532318141034,,,,3,False,44.8,,,n/d,n/d,,,,False,False,,,Em Baixa,18.899999618530273,-3.01587146205744,-35.343076535955895,False,False,False,sem sinal (Em Baixa; sem novo topo (-3.0%))
YDUQ3,BOVA11+SMALL11,BOVA11,Consumo discricionário,36.15,35.47,40.0,,,0.9,,34.82,42.99,25.41,39.72,False,115,Fundo duplo,,,False,1,8,False,,False,,False,False,False,False,True,False,4,10,False,False,False,False,False,False,True,False,False,False,False,1.48,True,2249327104.0,21.34,0.83,6.44,3.6,3.89,5.03,11.35,2.04,3.88,3.14,3.87,1.61,1.72,23.68,76.83,1.0,4.17,7.39,0.4,70.08,29.69,7.32,14.76,21.0,-40.0,-3.3,11.85,11.14,-50.4,47.3,-27.3,7.32,14.76,-36.72,1.62,0.58,0.03,8.859999656677246,2.278494629330833,2.457217340227376,3.1982088187273154,9.985934437661033,1.868987657814233,5.90666505812452,1.3443378600295248,14.36284499478099,,,,6,False,10.7,,,n/d,n/d,,,Fundo duplo,False,False,,,Lateral,8.880000114440918,-0.22523037731887463,-42.05363192425094,False,True,False,Fundo duplo — rompeu pescoço ~R$8.38 (candidato)
RAPT4,SMALL11,SMALL11,Bens Industriais,36.03,40.62,10.0,,,0.7,P/L=-4.88<2,19.47,82.71,32.16,47.52,False,116,Não,Fundo duplo,"Fundo duplo (pré-confirmação) — pescoço R$5.14, preço 6.2% abaixo do pescoço; falta fechar acima e segurar",False,1,8,False,,False,,False,False,False,False,True,False,1,10,False,False,False,False,False,False,True,False,False,False,True,1.82,False,1684161920.0,-4.88,0.56,0.0,4.31,-11.45,8.95,9.51,-2.65,3.86,2.95,4.35,2.12,2.11,,,0.5,3.79,5.22,0.76,74.66,17.25,4.35,6.9,10.8,-30.1,-2.7,5.58,5.65,-37.0,38.5,-11.7,4.35,6.84,-21.12,1.3,0.58,-0.01,4.820000171661377,1.4827292471139881,1.545333370881023,,,,,,13.473369895680767,,,,2,False,9.1,,,n/d,n/d,,,,False,False,,,Lateral,5.039999961853027,-4.365075235253856,-31.33902870715929,False,False,False,sem sinal (Lateral)
POSI3,SMALL11,SMALL11,Tecnologia de informação,35.66,36.66,30.0,,,0.5,,21.47,52.53,36.69,65.25,False,117,Não,,,False,0,8,False,,True,,False,False,False,True,True,False,3,10,False,False,False,False,False,False,False,False,False,True,False,0.5,True,465261664.0,38.22,0.31,5.34,6.9,0.8,10.68,6.93,0.36,3.73,3.07,6.21,1.82,0.81,3.32,263.61,11.5,1.99,3.74,0.97,64.77,35.23,3.28,4.72,1.8,-29.2,-14.6,4.07,4.05,-30.5,37.8,-15.2,3.28,4.72,-24.62,1.09,0.49,-0.14,3.3399999141693115,1.6454636475372666,3.0523350661816293,1.1579015924317992,4.60268789222791,1.6077051302582108,0.7445919647652398,0.8651491143452691,16.476571529698084,,,,6,False,22.1,,,n/d,n/d,,,,False,False,,,Em Baixa,3.5299999713897705,-5.382437925223426,-30.416671219799074,False,False,False,sem sinal (Em Baixa; sem novo topo (-5.4%))
SIMH3,SMALL11,SMALL11,Industrials,34.82,37.43,20.0,,,0.7,P/L=-20.94<2,26.94,80.69,16.83,17.73,False,118,Não,,,False,5,8,False,,False,,False,False,False,False,True,False,2,10,False,True,True,False,True,False,True,True,False,False,False,7.83,False,3817785856.0,-20.94,0.65,2.62,2.25,-3.1,-1.12,11.25,-0.4,3.77,3.53,4.39,1.28,6.05,,,8.8,2.08,6.03,0.36,91.64,5.09,5.63,14.3,16.0,-54.3,-23.7,10.26,10.01,-60.6,57.1,-36.2,5.63,13.96,-45.62,2.34,0.7,0.03,6.53000020980835,1.050039163837102,1.947822648917824,,,,,,44.88389887435632,,,,2,False,42.7,,,n/d,n/d,,,,False,False,,,Em Baixa,7.139999866485596,-8.543412718262367,-55.30241953658547,False,False,False,sem sinal (Em Baixa; sem novo topo (-8.5%))
ARML3,SMALL11,SMALL11,Bens Industriais,34.21,34.95,30.0,,,0.7,,33.67,36.67,27.99,50.35,False,119,Fundo duplo,,,False,2,8,False,,True,,False,False,False,False,True,False,3,10,False,False,False,False,False,False,True,True,False,True,False,1.74,False,1263024000.0,20.41,0.92,12.8,4.8,4.51,11.22,9.85,3.11,4.85,3.29,4.68,1.89,2.12,216.06,97.91,20.9,3.29,5.25,0.54,75.09,23.96,2.71,6.17,36.0,-40.4,-0.5,3.69,3.96,-54.6,57.6,-12.1,2.8,6.17,-21.52,1.87,0.56,0.05,3.680000066757202,1.2609089671821718,1.2706737907687957,1.2978578402877596,4.0283172824626154,0.8819378175442726,2.295529039487124,0.492374554746859,5.189162701709523,,,,5,False,10.5,,,n/d,n/d,,,Fundo duplo,False,False,,,Em Alta,3.700000047683716,-0.5405400180747089,-41.58730229612979,False,True,False,Fundo duplo — rompeu pescoço ~R$3.56 (candidato)
JSLG3,SMALL11,SMALL11,Bens Industriais,33.74,36.17,20.0,,,0.7,P/L=-15.02<2,21.05,57.67,14.24,94.33,False,120,Não,,,False,1,8,False,,True,,False,False,False,False,False,False,2,10,False,False,False,False,False,False,True,False,False,True,False,5.26,False,1569529088.0,-15.02,1.33,34.88,13.88,-8.83,13.19,9.68,-1.07,4.25,4.15,6.0,1.38,6.52,,,-44.0,3.07,4.78,0.43,89.08,10.92,3.88,8.64,38.5,-37.8,-13.0,5.66,5.9,-44.7,58.5,-11.4,4.78,8.64,-20.82,2.09,0.61,0.15,5.369999885559082,5.323748900765144,7.75137839951405,,,,,,,6.537563650139598,6.537563650139598,5.883807285125638,2,True,1.5,9.568108203284664,21.742342448094078,n/d,n/d,,,,False,False,,,Em Baixa,5.619999885559082,-4.448398667095876,-39.11564544939471,False,False,False,sem sinal (Em Baixa; sem novo topo (-4.4%))
CSNA3,BOVA11+SMALL11,BOVA11,Materiais,33.63,37.8,10.0,,,1.0,P/L=-2.63<2,15.62,78.71,7.6,95.74,False,121,Não,,,False,2,8,False,,False,,False,False,False,False,True,False,1,10,False,False,False,False,False,False,True,True,False,False,False,3.31,False,6908949504.0,-2.63,0.57,0.0,15.41,-21.59,-7.63,8.07,-5.82,4.28,5.46,9.47,1.15,3.57,,,5.7,-50.46,2.17,0.39,84.35,12.8,4.28,10.89,25.5,-50.7,-5.1,7.53,7.34,-60.7,53.8,-38.3,4.28,10.89,-47.72,1.66,0.53,-0.04,5.369999885559082,5.9112115587528775,10.539049234509044,,,,,,,8.225130396630961,8.225130396630961,7.402617356967865,2,True,1.8,37.851350367341084,53.168167074823415,n/d,n/d,,,,False,False,,,Lateral,5.269999980926514,1.8975314040700964,-52.56183718790754,False,False,False,sem sinal (Lateral)
BRAP4,BOVA11+SMALL11,BOVA11,Basic Materials,33.48,34.98,25.0,,,1.0,DY5a=24.3%>=20,14.87,39.37,74.72,,False,122,Fundo triplo,,,False,4,6,False,,True,,False,False,False,True,,False,2,8,False,True,True,False,,,True,True,False,True,True,,True,8734606336.0,14.95,1.09,10.61,24.29,7.26,23.82,-0.47,0.0,-227.85,,,5.68,0.0,2.06,363.19,,2.97,-0.74,,4.4,95.6,14.38,25.49,55.4,-12.3,-0.4,21.74,20.56,-20.8,25.2,11.3,20.08,25.49,1.88,0.92,0.63,-0.11,22.350000381469727,38.78271061982778,71.94192819978053,19.808528766185542,26.262432466666052,44.849499093250294,15.342069641277186,10.81599062894556,,25.976871869358742,23.035480616425797,20.731932554783217,6,True,6.7,-7.239676953330354,16.227612644230803,n/d,n/d,,,Fundo triplo,False,False,,,Em Alta,21.950000762939453,1.8223216611711335,-12.797498582511736,False,True,False,Fundo triplo — rompeu pescoço ~R$22.00 (candidato)
MYPK3,SMALL11,SMALL11,Consumo discricionário,32.91,35.19,20.0,,,0.9,,24.86,51.94,28.48,53.19,False,123,Não,,,False,1,8,False,,True,,False,False,False,False,True,False,2,10,False,False,False,False,False,False,True,False,False,False,True,0.95,True,1359909504.0,15.26,0.34,3.38,5.41,2.23,4.01,8.93,0.6,3.5,2.9,4.54,1.73,1.23,39.26,82.57,0.1,3.91,3.75,0.65,66.29,30.03,8.74,13.84,4.0,-34.3,-2.4,9.92,10.14,-36.9,28.0,-7.4,8.74,11.05,-16.82,0.79,0.48,0.02,9.09000015258789,3.5132011129358056,3.627571357824406,4.393334529074348,18.929468682440774,3.4546540988698995,7.742523562363575,1.7368386922960912,21.77146113239846,,,,6,False,12.5,,,n/d,n/d,,,,False,False,,,Em Baixa,9.399999618530273,-3.2978667927951677,-34.660759826909306,False,False,False,sem sinal (Em Baixa; sem novo topo (-3.3%))
TTEN3,SMALL11,SMALL11,Bens de primeira necessidade,32.86,29.83,50.0,,,0.0,,35.53,31.49,24.19,11.35,True,124,Não,,,False,2,8,False,,True,,False,True,True,False,False,True,5,10,False,True,False,False,False,False,True,False,False,True,False,0.75,True,5735047680.0,9.75,1.15,1.59,0.95,11.76,18.41,4.0,3.22,17.63,7.48,18.7,1.36,1.03,0.91,9.29,-37.8,5.7,1.74,0.97,64.13,35.82,9.93,17.74,13.3,-36.6,-22.6,15.41,15.04,-44.0,37.4,-31.6,9.93,17.74,-41.02,0.81,0.37,0.0,11.25,0.7656099595307407,1.420206474929524,15.288461538461535,15.93648555693364,13.408067909647087,1.6480786246996983,10.819333916729178,,,,,4,False,20.8,,,n/d,n/d,,,,False,False,,,Em Baixa,11.59000015258789,-2.933564694664592,-37.15083664943837,False,False,False,sem sinal (Em Baixa; sem novo topo (-2.9%))
CASH3,SMALL11,SMALL11,Comunicação,32.79,28.77,55.55555555555556,,,0.4,P/L=-5.72<2,1.35,44.9,83.44,2.48,False,125,Não,Bandeira de alta,"Bandeira de alta (pré-confirmação) — pescoço R$5.65, preço 4.6% acima do pescoço; falta fechar acima e segurar",False,2,8,False,,False,,False,,False,True,True,False,5,9,False,False,False,False,True,True,False,False,False,False,True,-0.29,True,576070400.0,-5.72,1.34,0.0,0.0,-23.45,-3.01,-16.62,-20.31,-8.95,-1.12,-2.8,2.68,0.0,,,18.2,6.43,9.61,1.74,18.27,80.69,3.24,5.91,82.4,0.0,34.0,4.12,4.18,-33.6,50.0,54.3,3.24,5.91,44.88,0.94,0.32,0.04,5.909999847412109,,,,,,,,,,,,0,True,,,,n/d,n/d,,,,False,False,,,Em Alta,5.730000019073486,3.141358250252302,-1.5000025431315067,False,False,False,sem sinal (Em Alta)
DESK3,SMALL11,SMALL11,Comunicação,31.8,32.12,30.0,,,0.4,,39.33,27.05,34.38,7.8,False,126,Não,,,False,3,8,False,,True,,False,False,False,False,False,True,3,10,False,True,True,False,False,False,True,False,False,False,True,0.9,True,2162516736.0,38.71,1.51,1.0,0.44,3.91,6.21,11.53,4.4,5.2,2.09,2.53,1.41,1.21,11.92,16.91,-50.0,10.94,6.52,0.32,62.73,36.49,7.84,18.96,135.6,-2.6,2.2,16.95,15.79,-28.0,59.0,10.1,13.18,18.96,0.68,0.67,0.19,0.16,18.460542678833008,0.5760472916087859,0.7744861386649863,4.57982377230311,11.453432572829579,1.7576601898856745,0.6742367133690663,2.24784791347073,18.460542678833008,,,,3,False,32.0,,,n/d,n/d,,,,False,False,,,Lateral,18.959476470947266,-2.6315800063298367,-3.5956209008148665,False,False,False,sem sinal (Lateral)
DXCO3,SMALL11,SMALL11,Materiais,31.22,33.2,20.0,,,1.0,P/L=-132.52<2,14.01,70.76,27.6,36.88,False,127,Bandeira de alta,,,False,2,8,False,,True,,False,False,False,False,True,False,2,10,False,False,False,False,False,False,True,True,False,False,False,0.88,True,4720927232.0,-132.52,0.69,0.0,3.46,-0.52,6.92,4.35,-0.43,4.76,3.22,8.04,1.98,1.19,,,5.2,8.39,2.48,0.51,62.06,36.03,4.44,6.09,18.1,-14.0,3.4,4.99,5.05,-26.8,33.6,4.4,4.46,6.09,-5.02,1.18,0.6,-0.07,5.239999771118164,1.2942997784292807,2.1661871746257324,,,,,,6.020931258896678,1.7302434765275065,1.7302434765275065,1.5572191288747559,2,True,4.7,-70.28207639515868,-66.98008488350965,n/d,n/d,,,Bandeira de alta,False,False,,,Em Alta,5.289999961853027,-0.9451831965108126,-15.755627847750953,False,True,False,"Bandeira de alta — mastro +14%, recuo 45%, bandeira 15d (candidato)"
BRAV3,BOVA11+SMALL11,BOVA11,Energia,30.4,29.88,33.333333333333336,,,0.9,,22.83,58.0,19.5,12.06,False,128,Não,,,False,1,8,False,,False,,False,,False,False,False,True,3,9,False,False,False,False,False,False,True,False,False,False,False,1.17,True,7897232896.0,145.02,0.64,0.73,1.08,0.44,3.55,8.3,0.44,3.1,3.05,5.14,1.26,1.55,,156.42,-17.3,4.83,3.71,0.27,72.43,27.57,13.35,21.64,31.1,-19.1,-10.1,18.4,17.92,-33.4,36.7,5.6,15.6,21.64,-3.82,0.46,0.22,0.16,17.5,1.3482451993146591,1.963045010202144,1.2549993104399393,8.61639044308504,,1.6666666666666667,0.3223693283685009,,,,,4,False,26.7,,,n/d,n/d,,,,False,False,,,Em Baixa,18.799999237060547,-6.914889839451965,-20.975418934443766,False,False,False,sem sinal (Em Baixa; sem novo topo (-6.9%))
PRNR3,SMALL11,SMALL11,Bens Industriais,30.02,31.79,20.0,,,0.7,,39.09,24.43,32.67,15.6,False,129,Não,,,False,2,8,False,,False,,False,False,False,False,True,False,2,10,False,False,False,False,True,False,True,False,False,False,True,1.2,True,1006746368.0,22.96,2.11,0.0,1.69,9.17,4.0,10.43,2.55,5.83,2.44,3.27,1.85,1.76,4.09,38.72,27.8,5.05,6.01,0.64,70.26,25.54,14.63,21.97,20.0,-20.1,-5.5,17.53,17.74,-27.0,33.3,10.2,15.76,21.97,0.78,1.17,0.6,0.03,17.549999237060547,2.1141765770729206,3.730125101339508,9.632950375549862,11.96027571768681,5.58425064532182,5.535381010910674,4.7417561335137615,15.78993633088096,6.86412316405374,5.559815828116247,5.003834245304622,6,True,7.5,-71.48812271890039,-60.88818539912704,n/d,n/d,,,,False,False,,,Em Baixa,18.600000381469727,-5.645167327282663,-20.55229010487568,False,False,False,sem sinal (Em Baixa; sem novo topo (-5.6%))
LWSA3,SMALL11,SMALL11,Tecnologia de informação,29.1,30.71,20.0,,,0.5,P/L=-11.84<2,12.22,49.22,49.66,29.79,False,130,Fundo duplo,,,False,2,7,False,,False,,False,False,False,True,True,False,2,10,False,False,False,False,True,,True,False,False,False,True,,True,2418294784.0,-11.84,1.0,7.13,2.94,-8.41,-2.3,5.89,-13.29,6.26,,,1.18,0.03,,,108.1,11.58,-3.98,1.15,32.17,67.83,3.38,4.67,28.0,-7.2,13.2,3.85,3.88,-27.5,43.6,12.6,3.38,4.67,3.18,1.37,0.54,0.04,4.329999923706055,0.9106060409813845,1.6891742060204682,,,,,,,1.2998901235009264,1.2998901235009264,1.1699011111508337,2,True,1.9,-72.98149811167865,-69.9794423463096,n/d,n/d,,,Fundo duplo,False,False,,,Em Alta,4.21999979019165,2.6066383645343416,-8.856984890296339,False,True,False,Fundo duplo — rompeu pescoço ~R$4.11 (candidato)
LJQQ3,SMALL11,SMALL11,Consumo discricionário,28.99,32.14,11.11111111111111,,,0.9,P/L=-1.15<2,6.56,88.1,13.12,45.39,False,131,Não,,,False,0,8,False,,False,,False,,False,False,True,False,1,9,False,False,False,False,False,False,False,False,False,False,False,4.22,False,242093184.0,-1.15,0.78,0.0,4.12,-67.62,-9.94,2.03,-6.88,0.92,34.56,86.39,1.77,7.9,,,8.8,16.71,-0.01,0.82,89.26,10.74,0.96,2.83,22.9,-58.3,-17.1,2.07,1.93,-66.1,63.1,-43.8,0.96,2.65,-53.22,2.15,0.59,-0.04,1.1799999475479126,0.34687811005501734,0.6434588941520571,,,,,,,0.49516850210353724,0.49516850210353724,0.4456516518931835,2,True,1.9,-62.232909177727876,-58.03656575303098,n/d,n/d,,,,False,False,,,Lateral,1.2200000286102295,-3.2786950921536606,-58.88501760974649,False,False,False,sem sinal (Lateral)
MRVE3,BOVA11+SMALL11,BOVA11,Consumo discricionário,28.29,31.32,11.11111111111111,,,0.9,P/L=-5.07<2,15.16,66.81,25.83,26.24,False,132,Não,,,False,1,8,False,,False,,False,,False,False,True,False,1,9,False,False,False,False,False,False,True,False,False,False,False,1.18,True,2921110784.0,-5.07,0.64,0.0,2.67,-12.58,-7.71,6.84,-4.93,5.35,3.03,6.21,1.89,1.69,,,10.7,2.9,3.75,0.89,78.42,18.67,4.2,10.43,30.2,-47.6,-3.5,7.58,7.11,-59.7,47.6,-29.1,4.2,10.43,-38.52,1.58,0.57,0.06,5.46999979019165,1.043475834410068,1.935647672830676,,,,,,3.086391414577443,2.021838307272729,1.935647672830676,1.7420829055476084,3,True,3.0,-68.15204803716142,-63.03768949135754,n/d,n/d,,,,False,False,,,Em Alta,5.510000228881836,-0.7259607446205685,-48.05318206168453,False,False,False,sem sinal (Em Alta)
DASA3,SMALL11,SMALL11,Cuidados de saúde,28.21,33.19,0.0,,,0.2,P/L=-3.49<2,17.64,79.08,22.82,9.22,True,133,Não,,,False,2,8,False,,False,,False,,False,False,False,False,0,9,False,False,False,False,False,False,True,True,False,False,True,0.98,True,3124566784.0,-3.49,0.46,0.0,0.77,-13.13,-13.32,7.28,-9.6,4.03,4.54,8.74,1.27,1.12,,,-9.8,10.97,3.53,0.48,62.87,36.98,1.26,4.6,110.3,-42.4,-7.8,2.91,2.87,-54.1,86.0,-40.8,2.11,4.52,-50.22,2.04,0.41,0.09,2.6500000953674316,0.14641081356970945,0.21317414455749698,,,,,,,0.1797924790636032,0.1797924790636032,0.1618132311572429,2,True,1.5,-93.89384055343565,-93.21537839270627,n/d,n/d,,,,False,False,,,Lateral,2.9000000953674316,-8.620689371678269,-44.444442222980854,False,False,False,sem sinal (Lateral)
EQTL3,BOVA11,BOVA11,Serviços públicos,28.04,27.69,30.0,,,0.1,,34.32,20.17,19.72,32.62,True,134,Não,,,False,1,8,False,,True,,False,False,False,False,False,True,3,10,False,False,False,False,False,False,True,False,False,False,True,2.15,True,46168977408.0,48.29,1.77,4.3,3.15,3.67,8.85,9.18,1.75,7.96,4.81,7.33,1.57,2.27,,152.27,-54.9,22.27,4.62,0.33,74.15,23.5,33.78,45.35,8.7,-19.1,-6.9,38.8,38.67,-24.5,25.1,-4.2,34.23,45.35,-13.62,1.2,0.82,0.03,36.709999084472656,8.268344974597303,12.038710283013673,7.906067311627989,18.834773280606058,,6.267048420977274,2.0308167407615856,38.574283688044034,,,,5,False,19.0,,,n/d,n/d,,,,False,False,,,Em Baixa,38.43000030517578,-4.475673190331653,-20.74697900187029,False,False,False,sem sinal (Em Baixa; sem novo topo (-4.5%))
CAML3,SMALL11,SMALL11,Bens de primeira necessidade,27.38,30.45,10.0,,,0.0,,25.41,36.47,25.39,48.23,True,135,Não,,,False,1,8,False,,True,,False,False,False,False,False,False,1,10,False,False,False,False,False,False,True,False,False,False,False,1.5,True,1688302592.0,15.71,0.58,5.92,4.35,3.69,8.66,5.74,0.99,7.89,5.55,13.55,1.87,1.99,13.43,68.29,-58.5,4.74,3.09,0.76,72.01,27.99,4.24,7.23,16.0,-31.9,-7.9,5.39,5.49,-41.3,42.1,-8.9,4.24,7.23,-18.32,1.39,0.57,0.07,4.920000076293945,1.5276379239491997,1.686462928178328,2.4695467752039315,7.731331217553538,1.7278006836764783,1.7818703016022917,1.0669637152848865,0.3081571864153818,,,,6,False,25.1,,,n/d,n/d,,,,False,False,,,Lateral,4.909999847412109,0.2036706556540313,-32.64740726392014,False,False,False,sem sinal (Lateral)
HBOR3,SMALL11,SMALL11,Imobiliário,26.39,27.52,20.0,,,0.8,,14.67,35.76,38.24,43.26,False,136,Não,,,False,1,8,False,,True,,False,False,False,True,False,False,2,10,False,False,False,False,False,False,False,True,False,False,False,1.25,True,285291296.0,63.15,0.2,6.2,3.93,0.31,3.0,2.16,0.41,13.49,15.28,38.21,2.55,0.72,,248.21,-64.6,2.31,1.03,0.81,57.57,22.01,1.68,4.23,32.1,-47.6,3.1,2.52,2.68,-60.3,69.1,-11.2,1.68,3.33,-20.62,1.64,0.41,0.09,2.2200000286102295,0.623261018319346,0.9074680426729679,0.3656057054243292,2.963074451063704,,0.35220099370975094,0.09391245455267797,,,,,4,False,31.6,,,n/d,n/d,,,,False,False,,,Lateral,2.049999952316284,8.292686841375918,-47.8191363881519,False,False,False,sem sinal (Lateral)
GFSA3,SMALL11,SMALL11,Consumo discricionário,26.15,30.76,0.0,,,0.9,P/L=-0.05<2,0.68,100.0,26.05,2.48,False,137,Não,,,False,1,7,False,,False,,False,,False,False,False,False,0,9,False,False,False,False,False,,False,True,False,False,True,,True,33047134.0,-0.05,0.02,0.0,0.0,-39.87,-13.41,-6.27,-124.06,-5.67,,,1.31,1.06,,,-55.9,0.7,-4.96,0.96,67.49,32.51,0.2,13.45,10.0,-98.4,-75.6,2.28,3.81,-98.5,80.5,-95.6,0.2,5.06,-105.02,1.17,0.25,0.01,0.2199999988079071,,,,,,,,,,,,0,True,,,,n/d,n/d,,,,False,False,,,Em Baixa,0.23999999463558197,-8.333331781129004,-98.40579713212169,False,False,False,sem sinal (Em Baixa; sem novo topo (-8.3%))
SOJA3,SMALL11,SMALL11,Bens de primeira necessidade,26.08,27.15,20.0,,,0.0,,29.97,27.18,13.41,41.84,True,138,Não,,,True,2,8,False,,True,,False,False,False,False,False,False,2,10,False,False,False,False,True,False,True,False,False,True,True,0.66,True,974737728.0,42.27,0.73,4.1,3.84,1.73,13.98,5.66,0.89,9.49,4.7,11.63,0.95,1.47,,162.4,-0.4,7.11,2.47,1.35,45.47,36.89,4.98,10.46,38.0,-34.3,9.3,8.07,7.78,-52.4,43.4,-23.2,4.98,9.02,-32.62,0.83,0.33,0.05,6.869999885559082,1.8852993534931934,2.74499585868609,1.6902767638943565,5.866383289668032,,1.0522259290281606,0.4341782346816548,1.4302555494470364,,,,5,False,13.5,,,n/d,n/d,,,,False,False,,,Em Alta,6.889999866485596,-0.2902754907702976,-34.29466879344803,False,False,False,sem sinal (Em Alta) · ⚡ cruzamento de médias (MM21>MM30) hoje
ORVR3,SMALL11,SMALL11,Bens Industriais,25.44,20.12,55.55555555555556,,,0.7,,22.11,8.61,38.83,2.48,False,139,Não,,,False,2,8,False,,False,,False,,False,True,True,False,5,9,False,False,False,False,True,False,True,False,False,False,False,0.16,True,8997474304.0,179.04,1.85,0.0,0.0,1.04,-2.35,3.71,3.35,20.47,4.88,12.21,2.38,0.74,172.15,,135.8,14.58,2.86,0.49,63.86,33.58,13.27,20.97,22.3,-22.6,-13.8,17.48,17.09,-26.3,28.6,-6.5,15.45,20.97,-15.92,1.11,0.66,0.03,16.229999542236328,,,,,,,,0.630584828999255,0.630584828999255,0.630584828999255,0.5675263460993296,1,True,1.0,-96.50322635794029,-96.114695953267,n/d,n/d,,,,False,False,,,Em Baixa,17.770000457763672,-8.666296431379783,-23.53357243561811,False,False,False,sem sinal (Em Baixa; sem novo topo (-8.7%))
RCSL4,SMALL11,SMALL11,Bens Industriais,25.09,27.31,12.5,,,0.7,P/L=-3.48<2,38.07,,15.51,2.48,False,140,Não,,,False,2,7,False,,False,,False,,True,,False,False,1,8,True,True,False,False,False,,False,False,False,True,True,,True,52188560.0,-3.48,-3.5,0.0,0.0,100.56,,-2.72,0.0,-60.75,,,1.21,,,,-99.2,,-11.18,0.2,170.21,-69.4,0.26,2.7,88.5,-81.9,-13.8,0.6,0.85,-84.5,145.9,-73.2,0.42,2.7,-82.62,0.22,0.03,0.01,0.49000000953674316,,,,,,,,,,,,0,True,,,,n/d,n/d,,,,False,False,,,Lateral,0.7599999904632568,-35.52631372560092,-82.32642009757231,False,False,False,sem sinal (Lateral)
MGLU3,BOVA11+SMALL11,BOVA11,Consumo discricionário,24.94,27.38,11.11111111111111,,,0.9,,19.43,50.18,20.18,20.57,False,141,Não,,,False,1,8,False,,False,,False,,False,True,False,False,1,9,False,False,False,False,False,False,True,False,False,False,False,0.6,True,3583541760.0,40.5,0.32,1.76,2.35,0.79,-2.27,6.07,0.23,2.43,4.67,10.76,1.1,0.76,1030.98,95.03,-2.6,5.7,1.9,0.75,70.25,29.75,3.88,11.0,24.7,-56.0,-17.7,8.43,7.76,-64.7,58.7,-44.7,3.88,11.0,-54.12,2.02,0.59,0.02,4.840000152587891,0.8111693281433602,0.8137713589376933,0.8563537349717655,6.37726014905843,0.2850987640246648,0.45537883586928757,0.32220307579879304,,,,,4,False,22.4,,,n/d,n/d,,,,False,False,,,Lateral,4.710000038146973,2.760087333079153,-57.70987898225846,False,False,False,sem sinal (Lateral)
MBRF3,BOVA11,BOVA11,Bens de primeira necessidade,24.8,29.18,0.0,,,0.0,DY5a=21.3%>=20,41.61,24.87,6.59,,True,142,Não,,,False,1,8,False,,False,,False,False,False,False,False,False,0,10,False,False,False,False,False,False,True,False,False,True,True,4.46,False,25415954432.0,69.01,2.21,9.58,21.26,3.2,39.26,6.29,0.22,5.96,4.84,10.77,1.05,5.39,21.57,1467.23,-51.3,26.41,2.68,0.43,89.92,7.97,14.52,27.52,29.2,-31.8,10.5,18.52,18.6,-47.2,56.6,-4.5,14.52,22.33,-13.92,1.02,0.31,0.02,18.760000228881836,28.489861680257505,38.11310384781115,2.5976267846589667,7.205629833517744,6.649616928793319,3.046690502845772,1.2730097242692497,14.41716937089225,,,,4,False,29.9,,,n/d,n/d,,,,False,False,,,Em Alta,19.540000915527344,-3.991814995390741,-32.176426853317444,False,False,False,sem sinal (Em Alta)
CSAN3,BOVA11+SMALL11,BOVA11,Consumo discricionário,24.46,27.01,10.0,,,0.9,P/L=-1.68<2,16.3,35.86,41.48,24.11,False,143,Não,,,False,2,8,False,,False,,False,False,False,False,True,False,1,10,False,False,False,False,False,True,True,False,False,False,True,1.47,True,14870261760.0,-1.68,3.01,0.0,2.53,-1.79,-64.7,8.59,-22.18,4.71,0.5,0.82,1.67,1.1,,,26.5,6.34,5.56,0.41,77.05,3.93,3.13,8.0,18.5,-53.6,-10.0,5.36,5.23,-60.9,51.0,-29.3,3.13,6.8,-38.72,1.91,0.64,-0.02,3.7100000381469727,0.6711165068656856,1.2449211202358466,,,,,,3.383752809074293,0.9580188135507661,0.9580188135507661,0.8622169321956895,2,True,5.0,-76.75965166225876,-74.17739073584306,n/d,n/d,,,,False,False,,,Lateral,3.7899999618530273,-2.1108159501653567,-53.79825452653869,False,False,False,sem sinal (Lateral)
KLBN11,BOVA11,BOVA11,Materiais,23.34,25.7,10.0,,,1.0,,22.8,18.65,20.19,67.38,False,144,Não,,,False,2,8,False,,True,,False,False,False,False,False,False,1,10,False,True,False,False,False,False,True,False,False,True,False,0.49,True,134091382784.0,41.96,2.48,6.15,7.1,5.92,28.81,5.45,0.86,6.38,3.99,9.97,2.0,2.3,,297.79,-51.7,11.01,2.09,0.37,77.43,12.36,16.08,21.02,16.8,-10.6,7.2,17.48,17.84,-23.4,20.2,-1.6,16.1,21.02,-11.02,0.55,0.46,0.02,18.790000915527344,9.52516124920559,13.86863477884334,4.657197557709351,8.73724432126944,,11.016666666666667,1.1962856363896273,7.862326723578971,,,,6,False,11.6,,,n/d,n/d,,,,False,False,,,Em Alta,18.739999771118164,0.2668150748125431,-11.576466279871322,False,False,False,sem sinal (Em Alta)
HBSA3,SMALL11,SMALL11,Bens Industriais,23.2,25.33,11.11111111111111,,,0.7,P/L=-25.86<2,24.91,20.93,43.18,2.48,False,145,Não,Fundo duplo,"Fundo duplo (pré-confirmação) — pescoço R$3.72, preço 6.7% abaixo do pescoço; falta fechar acima e segurar",False,2,8,False,,False,,False,,False,False,True,False,1,9,False,False,False,False,True,False,True,False,False,False,False,1.26,True,4625300992.0,-25.86,2.21,0.0,0.0,-8.56,-15.0,11.14,-5.52,7.79,3.09,3.88,3.26,1.56,,,68.3,12.0,5.08,0.41,66.67,33.33,2.98,4.38,16.4,-20.8,2.2,3.67,3.66,-32.0,36.2,-2.0,2.98,4.38,-11.42,0.75,0.35,0.03,3.4700000286102295,,,,,,,,1.7731063573182027,1.7731063573182027,1.7731063573182027,1.5957957215863825,1,True,1.0,-54.01165105391901,-48.901834504354454,n/d,n/d,,,,False,False,,,Em Alta,3.5199999809265137,-1.4204531985004043,-20.956716762086604,False,False,False,sem sinal (Em Alta)
CVCB3,SMALL11,SMALL11,Consumo discricionário,23.19,21.4,33.333333333333336,,,0.9,P/L=-6.85<2,10.87,49.77,19.07,2.48,False,146,Não,,,False,2,8,False,,False,,False,,False,False,False,False,3,9,False,False,False,False,False,True,True,False,False,False,True,1.13,True,895773568.0,-6.85,2.8,0.0,0.0,-40.86,-60.02,5.9,-8.94,2.83,1.33,3.17,0.68,1.67,,,-4.5,11.86,4.12,0.67,87.19,12.81,1.08,2.72,64.8,-34.6,11.2,1.93,1.89,-60.3,68.3,-19.1,1.08,2.72,-28.52,1.14,0.29,-0.07,1.7799999713897705,,,,,,,,3.5766161386007536,3.5766161386007536,3.5766161386007536,3.218954524740678,1,True,1.0,80.840144746037,100.93349416226332,n/d,n/d,,,,False,False,,,Em Alta,1.7799999713897705,0.0,-36.200716999022745,False,False,False,sem sinal (Em Alta)
AURE3,BOVA11+SMALL11,BOVA11,Serviços públicos,21.37,21.61,20.0,,,0.1,P/L=-10.41<2,13.12,26.08,10.82,70.21,True,147,Não,,,False,2,8,False,,False,,False,False,False,False,True,False,2,10,False,False,False,False,False,False,True,True,False,False,False,1.74,True,11282059264.0,-10.41,0.99,0.0,7.48,-9.47,2.89,2.64,-8.09,11.8,6.49,16.23,1.12,1.85,,,5.9,-76.08,2.04,0.26,71.73,25.67,10.05,14.61,8.1,-25.7,-10.1,11.62,11.68,-31.2,32.6,-6.6,10.05,14.61,-16.02,1.14,0.6,0.08,10.859999656677246,5.802515941910595,10.620753253674872,,,,,,3.332701500657688,6.585323565414385,5.802515941910595,5.222264347719536,3,True,3.2,-51.912849789929425,-39.36165954328171,n/d,n/d,,,,False,False,,,Lateral,10.979999542236328,-1.0928951781599139,-25.920874694999863,False,False,False,sem sinal (Lateral)
ENEV3,BOVA11,BOVA11,Serviços públicos,21.25,19.12,33.333333333333336,,,0.1,,27.68,8.31,21.69,2.48,True,148,Não,,,False,1,8,False,,True,,False,,False,False,False,True,3,9,False,False,False,False,False,False,True,False,False,False,True,1.16,True,50505117696.0,53.12,2.51,0.0,0.0,4.73,2.64,5.85,5.03,12.25,3.9,9.34,1.28,1.2,11.23,,-91.5,27.26,4.12,0.26,62.34,34.87,14.89,27.59,75.6,-5.2,1.2,21.54,22.02,-13.5,34.6,30.6,19.82,27.59,21.18,1.11,0.55,0.03,26.149999618530273,,,5.561667097290203,10.742294441064676,2.328492059406028,,2.7787187632513133,13.20859186037037,6.923952844276518,5.561667097290203,5.005500387561183,5,True,5.7,-80.85850684290561,-73.52216846928708,n/d,n/d,,,,False,False,,,Lateral,26.690000534057617,-2.023233063777119,-7.005694032393317,False,False,False,sem sinal (Lateral)
TUPY3,SMALL11,SMALL11,Bens Industriais,19.38,22.8,0.0,,,0.7,P/L=-2.61<2,6.33,42.28,27.41,39.01,False,149,Não,,,False,2,8,False,,False,,False,False,False,False,False,False,0,10,False,False,False,False,False,False,True,True,False,False,False,0.83,True,1999983616.0,-2.61,0.88,0.0,3.58,-33.8,2.01,1.49,-8.26,8.41,3.88,9.69,2.16,1.72,,,-5.8,5.39,1.31,0.87,73.24,26.66,11.34,16.19,36.0,-4.8,6.4,13.06,13.41,-23.6,39.3,32.6,11.34,16.19,23.18,1.25,0.54,0.02,15.420000076293945,3.9453565932727845,5.744439199805174,,,,,,5.488479853420727,5.059425215499562,5.488479853420727,4.939631868078655,3,True,1.5,-67.96607105292668,-67.18920109943637,n/d,n/d,,,,False,False,,,Lateral,15.350000381469727,0.4560240591832354,-6.545454083066993,False,False,False,sem sinal (Lateral)
BBDC1,BOVA11,BOVA11,Produtos financeiros,,,,,,0.4,,,,,,False,150,Não,,,False,0,0,False,,,,,,,,,,0.0,0.0,,,,,,,,,True,True,True,,True,,,,,,,,,,,,,,,,,,,,,,,,,,,,,,,,,,,,,,,,,,,,,,,,,,,0,True,,,,n/d,n/d,,,,False,False,,,,,,,False,False,False,histórico insuficiente
BBDC2,BOVA11,BOVA11,Produtos financeiros,,,,,,0.4,,,,,,False,151,Não,,,False,0,0,False,,,,,,,,,,0.0,0.0,,,,,,,,,True,True,True,,True,,,,,,,,,,,,,,,,,,,,,,,,,,,,,,,,,,,,,,,,,,,,,,,,,,,0,True,,,,n/d,n/d,,,,False,False,,,,,,,False,False,False,histórico insuficiente
MOVI1,SMALL11,SMALL11,Bens Industriais,,,,,,0.7,,,,,,False,152,Não,,,False,0,0,False,,,,,,,,,,0.0,0.0,,,,,,,,,True,True,True,,True,,,,,,,,,,,,,,,,,,,,,,,,,,,,,,,,,,,,,,,,,,,,,,,,,,,0,True,,,,n/d,n/d,,,,False,False,,,,,,,False,False,False,histórico insuficiente
