ticker,origem,grupo,setor,investment,investment_base,consistencia,basileia,solvencia,ciclicidade,dado_suspeito,quality,value,safety,dividend,regulado,rank_invest,oportunidade_grafica,candidato_padrao,candidato_nota,virada_alta,criterios_ok,criterios_aplicaveis,passa_checklist,mais_5a_bolsa,sem_prejuizo_anual,lucro_20t,div_ge5_5a,div_sem_corte,roe_ge_10,divida_menor_patrim,cresc_receita_5a,cresc_lucro_5a,n_ok,n_aplic,roe_roic_ge_selic,roe_ge_setor,roic_ge_setor,margem_ge_15,cagr_ge_setor,divida_ok,marketcap_ok,insider_ok,margem_ok,roe_ok,alavancagem_ok,div_liq_patrim,nde_ok,market_cap,pl,pvp,dy,dy_teto,roe,roe_medio,roic,mrg_liq,ev_ebitda,div_liq_ebitda,lev_roic_adj,liq_corr,div_patrim,peg,payout,cresc_5a,pl_fut,roa,liq_geral,grau_endiv,indep_fin,min_52s,max_52s,dist_min52,dist_max52,dist_mm100,mediana_1a,media_1a,max_drawdown,vol_anual,ret_ytd,min_ytd,max_ytd,rel_ibov_ytd,desvio_padrao,momentum_12_1,var_95,sharpe,liquidez_media,preco_p10_1a,preco_p50_1a,preco_p90_1a,g_implicito,teto_dispersao,teto_confiavel,teto_n_metodos,cagr_5a,cagr_3a,cagr_1a,desacelerando,anos_atipicos,beta,corr_ibov,corr_usd,close,div_ge5_5a,divo_qualidade_ok,auvp_ok,teto_bazin,teto_gordon,teto_dcf,teto_graham,teto_lynch,teto_projetivo,teto_graham_selic,teto_mult_ebitda,teto_medio,teto_mediana,teto_ajustado,teto_n_metodos,teto_confiavel,teto_dispersao,teto_upside_pct,teto_upside_media_pct,prox_resultado,ex_dividendo,ex_tipo,tese_ia,strategy,in_wishlist,in_carteira,preco_medio,var_pm_pct,trend,breakout_level,pct_to_level,dist_52w_high_pct,fund_ok,breakout,aprovado,note
JHSF3,SMALL11+DIVO11+AUVP11,SMALL11,Imobiliário,76.69,74.18,90.9090909090909,,,0.8,,86.69,77.11,44.52,69.86,False,1,Não,Bandeira de alta,"Bandeira de alta (pré-confirmação) — pescoço R$12.90, preço 13.1% acima do pescoço; falta fechar acima e segurar",False,7,8,False,,True,,False,True,True,True,True,True,10,11,True,True,True,True,True,True,True,False,True,True,True,0.34,True,9594097664.0,4.68,1.33,5.14,8.25,28.4,16.71,13.12,52.59,5.95,1.22,1.27,1.73,0.86,0.31,38.6,90.2,11.51,7.25,0.72,61.6,36.26,5.49,14.59,165.8,0.0,33.1,9.97,9.46,-27.9,40.4,98.9,7.33,14.59,68.67,2.55,108.9,-3.79,2.16,56499845.0,22.07,36.92,61.77,-6.3,8.3,False,6,,21.6,116.4,False,2025,1.26,0.6,0.05,14.59000015258789,False,False,True,8.751537907559785,16.458537419701145,42.639647537201995,27.73944760861553,72.4751385721721,19.57807411896471,38.407863649547615,27.332963427738605,,,,6,False,8.3,,,n/d,2026-10-29,próxima,,,False,False,,,Em Alta,13.3100004196167,9.616827142129058,-0.9504371622484298,True,False,False,sem sinal (Em Alta)
VULC3,SMALL11+DIVO11,SMALL11,Consumo discricionário,75.73,76.26,72.72727272727273,,,0.9,,87.38,57.01,65.5,95.89,False,2,Não,,,False,6,8,False,,True,,False,False,True,True,False,True,8,11,True,True,True,True,False,True,True,False,True,True,True,0.25,True,5189145600.0,5.65,1.98,17.42,15.42,35.06,31.82,17.83,24.89,7.43,0.76,0.59,2.96,0.37,1.25,87.13,-64.7,7.53,11.45,1.64,37.42,62.57,12.98,20.08,27.3,-17.7,17.2,16.48,16.42,-35.4,28.1,-17.0,12.98,19.91,-47.23,1.77,-19.1,-3.0,-0.3,35977968.0,11.69,16.75,23.99,-3.4,5.3,True,8,,12.0,16.8,False,2025,0.86,0.59,0.12,16.520000457763672,False,False,False,18.526893075729806,28.82646166742206,33.086257980616224,23.4285005972285,58.285771504375376,47.508293176377826,16.39983928115332,10.981133653666342,29.63039386707118,26.12748113232528,23.514733019092752,8,True,5.3,42.340994960698474,79.3607327241096,n/d,2025-12-23,última,,,False,False,,,Em Alta,15.460000038146973,6.856406319541963,-18.33806872338909,True,False,False,sem sinal (Em Alta)
PSSA3,BOVA11+AUVP11,BOVA11,Insurance,74.83,74.31,77.77777777777777,,1.8,0.3,,75.94,59.45,100.0,52.74,False,3,Não,,,False,4,6,False,,True,,False,False,True,,True,True,7,9,True,False,True,,True,,True,False,True,True,True,,True,34075152384.0,9.33,2.13,5.64,5.6,22.84,17.35,79.28,8.13,,,,,,0.86,52.29,0.3,8.58,6.06,,71.59,28.18,42.6,54.85,24.8,-3.1,5.9,47.71,48.19,-16.1,26.2,16.0,43.79,54.85,-14.23,1.65,15.5,-2.69,0.38,98862644.0,46.49,65.18,91.39,2.7,3.6,True,4,,20.5,17.0,True,2023,0.71,0.52,0.04,53.15999984741211,False,False,True,21.667016750397877,40.74797021123213,77.9305049106342,56.564715417175485,94.02288789675418,47.53677672994098,55.236325872514264,,46.9705671505513,44.142373470586556,39.728136123527904,4,True,3.6,-25.266861855602663,-11.64302617499372,2026-11-05,2026-09-24,última,,,False,False,,,Em Alta,53.560001373291016,-0.7468288193106298,-3.255219904831985,True,False,False,sem sinal (Em Alta)
POMO3,SMALL11+DIVO11,SMALL11,Bens Industriais,74.65,74.99,72.72727272727273,,,0.7,,79.77,78.22,52.5,90.41,False,4,Não,,,False,5,8,False,,True,,False,False,True,True,False,True,8,11,True,True,True,False,False,True,True,False,True,True,True,0.44,True,5735240704.0,4.81,1.36,20.0,12.75,28.32,24.74,18.39,13.19,4.96,1.29,0.96,1.94,0.81,0.44,61.31,-14.0,,8.76,1.02,59.93,39.42,3.73,6.43,23.8,-28.2,-2.3,5.38,5.24,-42.0,36.0,-12.9,3.73,6.43,-43.13,2.27,-26.8,-3.47,-0.84,10252533.0,2.31,3.67,5.83,-5.8,5.3,True,7,,18.7,5.4,True,,0.92,0.49,0.05,4.619999885559082,False,False,False,4.282627667085199,8.054102999711843,13.137146747213809,8.568232280341702,22.767216509163312,11.013775192109645,9.348414869060145,6.958827310332567,8.766161009407844,8.568232280341702,7.711409052307532,7,True,5.3,66.91361998538984,89.74374949247472,n/d,2026-08-26,última,,,False,False,,,Em Alta,4.449999809265137,3.8202265973134697,-28.390089639584602,True,False,False,sem sinal (Em Alta)
POMO4,BOVA11+SMALL11+DIVO11+AUVP11+Carteira,BOVA11,Bens Industriais,73.59,73.74,72.72727272727273,,,0.7,,79.77,75.93,52.5,83.56,False,5,Não,,,False,5,8,False,,True,,False,False,True,True,False,True,8,11,True,True,True,False,False,True,True,False,True,True,True,0.44,True,6132487168.0,5.14,1.46,18.71,10.24,28.32,24.74,18.39,13.19,5.23,1.29,0.96,1.94,0.81,0.38,52.63,-14.0,5.21,8.76,1.02,59.93,39.42,3.93,6.89,25.6,-28.3,-1.2,5.69,5.62,-42.9,36.4,-12.4,3.93,6.81,-42.63,2.29,-33.9,-3.44,-1.08,85608800.0,2.24,3.58,5.73,-4.8,6.2,True,7,,18.7,5.4,True,,1.01,0.53,0.05,4.940000057220459,False,False,True,3.678917117479803,6.918737675776532,13.14522420146526,8.553822335177214,22.733812695084367,11.415532609392828,10.865268436491618,6.931456427200328,11.509122054369737,10.865268436491618,9.778741592842456,7,True,6.2,97.95023238004907,132.97817653964685,n/d,2026-08-26,última,"A Marco Polo apresenta indicadores operacionais robustos, ostentando um ROE de 28,3% e um ROIC de 18,4% que superam com folga as médias setoriais de 10,8% e 13,3%, respectivamente, sugerindo uma alocação de capital altamente eficiente em relação aos seus pares. Essa elevada rentabilidade convive com múltiplos descontados, como um P/L de 5,14 e um P/VP de 1,46, o que aponta para um binômio de alta qualidade operacional negociada a preços atrativos. O expressivo dividend yield de 18,71% mostra-se coerente com a forte geração de lucros, amparado por uma estrutura de endividamento saudável, evidenciada pela relação Dívida Líquida/EBITDA de 1,29, patamar bem abaixo da média do setor de 2,38. No entanto, o histórico de crescimento exige atenção, visto que o CAGR de receita de 5 anos amarga uma retração de -14,0% frente aos 47,1% dos pares, enquanto a análise por janelas revela uma clara desaceleração das receitas de 18,7% em 3 anos para 5,4% em 1 ano, um sinal de alerta crucial que a média móvel isolada costuma ocultar. Vale notar que variações atípicas em horizontes mais longos merecem checagem manual para isolar eventuais eventos contábeis pontuais de uma perda estrutural de mercado. O crescimento implícito no preço atual via DCF reverso é de -4,8% ao ano, o que se mostra um patamar bastante conservador frente ao histórico recente e indica uma margem de avaliação favorável. Quanto ao valuation, a faixa de preços-teto reflete enorme dispersão entre os métodos, variando do mais rígido Bazin a R$ 3,68 até projeções otimistas como Lynch a R$ 22,73, resultando em um preço ajustado com margem de segurança de R$ 9,78 e um upside de 98,0% em relação à cotação atual de R$ 4,94. O checklist de critérios corrobora essa assimetria ao aprovar a empresa em 5 dos 8 filtros, reprovando apenas em margem líquida acima de 15%, crescimento de receita e vendas de insiders. Em síntese, o ativo equilibra como prós uma rentabilidade excepcional, endividamento controlado e múltiplos baratos com excelente retorno via proventos, enquanto traz como contras a desaceleração recente do top line e o não atingimento de metas operacionais setoriais de expansão.

Gatilho de falseamento: ROIC caindo abaixo de 13,3% no fechamento do próximo exercício anual.",,False,True,4.45,11.01,Em Alta,4.829999923706055,2.2774355124627332,-29.40689711138369,True,False,False,sem sinal (Em Alta)
MDNE3,SMALL11+DIVO11,SMALL11,Imobiliário,73.17,70.04,90.9090909090909,,,0.8,,72.31,69.89,60.09,80.14,False,6,Não,,,False,7,8,False,,True,,False,True,True,True,True,True,10,11,True,True,True,True,True,True,True,False,True,True,True,0.24,True,3386039552.0,6.1,1.49,11.83,9.34,24.38,16.15,10.98,21.43,5.78,0.91,1.13,2.38,0.48,0.58,56.99,19.5,5.13,6.4,1.12,72.76,27.27,20.62,34.28,59.0,-4.3,25.4,26.01,26.84,-33.9,48.2,42.6,22.65,34.28,12.37,3.04,15.5,-5.1,0.8,50267280.0,26.69,49.37,91.33,-2.3,4.8,True,8,,43.4,50.1,False,,1.68,0.67,0.1,32.790000915527344,False,False,False,22.279463801535712,41.89976579450103,73.52173658478895,51.59108198560286,106.58626576501874,24.944471301761308,50.69545943989399,61.75296121864278,54.15890073646817,51.143270712748425,46.02894364147358,8,True,4.8,40.37493856755911,65.16895158371838,n/d,2026-01-02,última,,,False,False,,,Em Alta,30.239999771118164,8.432543530786173,-4.346551682695521,True,False,False,sem sinal (Em Alta)
CURY3,BOVA11+SMALL11+DIVO11+AUVP11,BOVA11,Consumo discricionário,72.66,71.04,81.81818181818181,,,0.9,,89.4,43.72,56.92,84.93,False,7,Fundo duplo,,,False,6,8,False,,True,,False,False,True,True,True,True,9,11,True,True,True,True,False,True,True,False,True,True,True,-0.13,True,10633802752.0,9.68,6.43,12.06,10.41,66.38,57.38,37.72,17.89,6.25,-0.15,-0.06,1.92,0.66,1.18,100.76,8.2,7.38,16.3,0.91,70.61,24.44,26.99,40.16,27.9,-14.0,11.0,31.78,31.91,-32.0,42.9,15.1,27.3,40.16,-15.13,2.7,10.2,-3.95,0.31,161402597.0,23.89,41.29,71.38,3.1,3.2,True,8,,33.7,37.5,False,,1.24,0.56,0.05,34.52000045776367,False,False,True,26.13135159472387,49.1437999345936,48.77526057748532,20.754815962230015,66.360546299702,53.296321754967614,28.414810294159196,28.825891096034102,40.21284968923696,38.80057583675971,34.92051825308374,8,True,3.2,1.16024852262131,16.49145178441893,n/d,2026-08-17,última,"A Cury (CURY3) apresenta fundamentos de alta eficiência operacional, destacando-se do setor de consumo discricionário com um ROE extraordinário de 66,4% e um ROIC de 37,7%, ambos substancialmente acima da média de seus pares. A despeito dessa rentabilidade fora da curva, o papel negocia a um múltiplo P/L de 9,68x, sugerindo um desconto atrativo, enquanto o P/VP em 6,43x reflete a forte capacidade da companhia em gerar valor sobre o seu patrimônio líquido. A estrutura de capital é extremamente robusta, evidenciada pelo indicador Dívida Líquida/EBITDA negativo de -0,15x — consideravelmente abaixo do alavancado setor —, o que garante conforto financeiro e permite sustentar um expressivo Dividend Yield de 12,06% de forma totalmente coerente com a geração de caixa e baixo endividamento. No tocante ao crescimento de receita, embora o CAGR de 5 anos de 8,2% figure abaixo do setor, a métrica por janelas revela um forte avanço recente de 33,7% em 3 anos e 37,5% em 1 ano, indicando uma aceleração operacional que exige checagem manual para validar a perenidade dessa expansão recente frente à média longa. Essa consistência se traduz na aprovação de 6 dos 8 critérios do checklist fundamentalista, pecando apenas no crescimento consolidado de 5 anos e na presença de vendas por insiders. Sob a ótica de valuation, os métodos de preço-teto mostram ampla dispersão — variando desde os mais conservadores Graham (R$ 20,75) e Bazin (R$ 26,13) até visões otimistas como Lynch (R$ 66,36) —, resultando em uma média de R$ 40,21 e uma mediana de R$ 38,80. Ao considerar o preço-teto ajustado com margem de segurança em R$ 34,92, o papel oferece um modesto upside de 1,2% sobre a cotação atual de R$ 34,52, ao passo que o modelo reverso indica um crescimento implícito no preço de apenas 3,1% ao ano, patamar bastante conservador perto da taxa recente da empresa. Em suma, os prós englobam uma rentabilidade soberba, caixa líquido e excelente retorno em dividendos, enquanto os contras residem na reduzida margem de segurança no valuation atual, no histórico de venda por insiders e no crescimento de longo prazo defasado em relação aos pares.

Gatilho de falseamento: o ROIC fechar o acumulado do próximo ano fiscal abaixo de 13,7%, nivelando-se à média do setor e anulando o diferencial competitivo da empresa.",Fundo duplo,False,False,,,Lateral,32.27000045776367,6.972420105617583,-14.232678519325281,True,True,True,Fundo duplo — rompeu pescoço ~R$33.66 (candidato)
MILS3,SMALL11,SMALL11,Bens Industriais,72.57,70.94,81.81818181818181,,,0.7,,84.31,64.53,57.62,53.42,False,8,Não,,,False,6,8,False,,True,,False,True,True,True,True,True,9,11,True,True,True,True,False,True,True,False,True,True,True,0.65,True,3687113216.0,8.44,2.01,5.23,5.67,23.81,18.37,20.65,23.53,4.98,1.28,0.85,2.98,0.99,0.68,47.86,21.3,8.69,11.12,0.54,61.6,38.32,10.3,16.18,57.1,0.0,4.2,13.45,13.67,-15.0,26.3,27.9,12.01,16.18,-2.33,1.66,53.4,-1.84,1.33,15724624.0,18.31,25.47,35.43,1.7,5.2,True,7,,18.9,16.7,True,,0.56,0.41,0.06,16.18000030517578,False,False,False,6.672673074385071,12.548930330214503,26.2204560823824,18.633761499913692,34.67050504985706,12.107604907178818,20.44624145175325,24.219378240738695,21.263839651719774,20.44624145175325,18.401617306577926,7,True,5.2,13.730636338069013,31.420514528159416,n/d,2026-04-22,última,,,False,False,,,Em Alta,16.110000610351562,0.43451081422827276,-0.7970519008174026,True,False,False,sem sinal (Em Alta)
PETR4,BOVA11+DIVO11+AUVP11,BOVA11,Energia,71.15,74.08,54.54545454545455,,,0.9,DY5a=41.0%>=20,85.74,82.91,36.8,,False,9,Não,,,False,7,8,False,,True,,True,False,True,True,True,False,6,11,True,True,True,True,True,True,True,False,True,True,True,0.61,True,765155213312.0,5.41,1.5,6.51,40.97,27.73,30.77,19.69,24.32,3.21,1.29,0.9,0.85,0.76,0.36,221.63,96.8,4.12,10.07,0.28,65.87,33.99,26.84,56.0,108.6,0.0,31.0,39.52,38.15,-22.2,27.9,93.9,27.87,56.0,63.67,1.76,75.0,-2.66,2.14,2345952510.0,78.6,112.31,160.47,-4.0,5.5,True,8,,-10.5,-2.4,False,,0.48,0.33,0.01,56.0,True,True,True,166.84271884248676,313.77195188764443,141.57772345119548,93.24703342275387,310.53604436229205,57.301624999999994,127.52680221811461,64.15360612438127,159.36968816360854,134.55226283465504,121.09703655118953,8,True,5.5,116.24470812712416,184.5887288635867,n/d,2026-08-24,última,,,False,False,,,Em Alta,55.47999954223633,0.9372755264134502,-1.408449379940424,True,False,False,sem sinal (Em Alta)
ABCB10,SMALL11,SMALL11,Produtos financeiros,70.84,74.52,50.0,,,0.4,,74.34,74.83,,,False,10,Não,,,False,1,3,False,,,,,,True,,False,,1,2,True,False,,,False,,,,True,True,True,,True,,,1.06,,,14.9,,,40.92,,,,,,,,-2.9,,1.54,,,,,,,,,,,,,,,,,,,,,,,,,,,True,0,,,,,,,,,,,False,False,,,,,,,,,,,,0,True,,,,n/d,n/d,,,,False,False,,,,,,,False,False,False,histórico insuficiente
PETR3,BOVA11+DIVO11+AUVP11,BOVA11,Energia,70.48,73.29,54.54545454545455,,,0.9,DY5a=38.8%>=20,85.74,80.09,36.8,,False,11,Não,,,False,7,8,False,,True,,True,False,True,True,True,False,6,11,True,True,True,True,True,True,True,False,True,True,True,0.65,True,812763512832.0,6.09,1.69,5.78,38.81,27.73,30.77,19.69,24.32,3.49,1.29,0.9,0.85,0.76,0.41,236.38,96.8,4.26,10.07,0.28,65.87,33.99,28.69,63.06,119.8,0.0,32.2,44.26,42.03,-22.9,30.6,106.3,29.47,63.06,76.07,1.92,80.3,-2.95,2.12,718198196.0,89.2,131.86,194.91,-2.3,5.8,True,8,,-10.5,-2.4,False,,0.5,0.31,-0.02,63.060001373291016,True,True,True,178.00738843750486,334.7687337389204,141.6253010343524,93.23806165413143,310.6404008536503,57.301624999999994,127.56965795056576,63.06000137329102,163.27639625530202,134.59747949245906,121.13773154321315,8,True,5.8,92.09915779437468,158.92228464881947,2026-11-10,2026-08-24,última,,,False,False,,,Em Alta,61.93000030517578,1.8246424391197502,-1.2836563574096571,True,False,False,sem sinal (Em Alta)
CXSE3,BOVA11+DIVO11+Wishlist+Carteira,BOVA11,Insurance,70.09,66.77,88.88888888888889,,1.6,0.3,,63.8,39.63,100.0,81.51,False,12,Não,Bandeira de alta,"Bandeira de alta (pré-confirmação) — pescoço R$20.84, preço 0.1% acima do pescoço; falta fechar acima e segurar",False,4,6,False,,True,,True,True,True,,True,True,8,9,True,False,False,,True,,True,True,True,True,True,,True,62610001920.0,13.84,4.54,6.48,9.6,32.79,28.44,-1.21,75.43,,,,,,1.08,132.89,12.8,12.16,20.76,,8.23,91.77,13.53,22.04,54.3,-5.3,7.0,17.41,17.49,-18.8,22.9,33.7,15.42,22.04,3.47,1.44,41.5,-2.15,1.26,167725158.0,23.22,31.15,41.78,6.1,1.9,True,4,,13.4,5.7,True,,0.59,0.5,0.08,20.8700008392334,True,True,False,14.574398419598236,27.40927186653475,20.624837674424207,12.4887149781003,33.78135758754793,22.898448930232796,16.454728985384023,,21.376739222697495,21.7616433023285,19.58547897209565,4,True,1.9,-6.154872139357959,2.428070738317767,2026-11-09,2026-11-04,próxima,"A Caixa Seguridade (CXSE3) apresenta uma tese de investimento ancorada em alta rentabilidade e eficiência operacional, ostentando um elevado retorno sobre o patrimônio líquido de 32,8% e uma impressionante margem líquida de 75,43%, embora seu ROE se posicione ligeiramente abaixo da média do setor de seguros (34,3%) e seu ROIC de -1,2% fique bem atrás dos pares (19,5%), sugerindo a necessidade de checagem manual sobre a estrutura de capital e a alocação de recursos que distorce esse indicador operacional. A despeito dessa qualidade expressiva, os múltiplos de valuation mostram-se mais esticados, com um P/L de 13,84 e um P/VP de 4,54, indicando que a alta rentabilidade convive com preços ajustados e sem descontos evidentes em relação aos fundamentos. O dividend yield de 6,48% é sustentado pela forte geração de lucros e pela sólida saúde financeira do negócio, o que é corroborado pelo score máximo de segurança e pela ausência de vendas por insiders. No tocante ao crescimento, o CAGR de receita em 5 anos de 12,8% supera confortavelmente o desempenho médio do setor (-2,5%), mas a análise por janelas temporais revela uma clara trajetória de desaceleração — caindo de 13,4% em 3 anos para 5,7% no último ano —, o que serve como um importante sinal de alerta que a média quinquenal oculta. O checklist de critérios reflete esse cenário misto ao aprovar o papel em 4 dos 6 quesitos avaliados, respaldando uma pontuação geral de investimento de 70,0. O crescimento implícito no preço atual, projetado em 6,1% ao ano via fluxo de caixa descontado reverso, parece ser um patamar conservador e plenamente alinhado ao histórico recente do papel, ainda que superior ao ritmo do último ano. As métricas de preço-teto revelam uma dispersão expressiva entre os métodos, variando desde os mais conservadores Graham (R$ 12,49) e Bazin (R$ 14,57) até os mais otimistas Gordon (R$ 27,41) e Lynch (R$ 33,78), resultando em uma média de R$ 21,38 e mediana de R$ 21,76 que se aproximam da cotação atual de R$ 20,87. Contudo, quando se aplica a margem de segurança no preço-teto ajustado (R$ 19,59), observa-se um upside negativo de -6,2%, indicando assimetria limitada no momento. Em suma, os prós concentram-se na margem líquida extraordinária, no yield atrativo e no excelente histórico de crescimento frente ao setor, enquanto os contras residem na desaceleração recente das receitas, no valuation justo sem margem de segurança e no ROIC pontualmente negativo que exige verificação.

Gatilho de falseamento: CAGR de receita de 1 ano caindo abaixo de 3,0% no fechamento do próximo resultado anual.",,True,True,19.51,6.97,Em Alta,21.399999618530273,-2.4766298539461107,-5.747158758536464,True,False,False,sem sinal (Em Alta)
TGMA3,SMALL11+DIVO11,SMALL11,Bens Industriais,69.58,69.02,72.72727272727273,,,0.7,,78.58,45.86,69.54,82.88,False,13,Não,,,False,6,8,False,,True,,False,False,True,True,True,True,8,11,True,True,True,False,False,True,True,True,True,True,True,0.03,True,2979727872.0,11.74,3.0,8.03,10.05,25.55,24.91,27.01,10.14,8.08,0.07,0.04,2.22,0.23,0.5,118.0,23.5,8.9,14.79,1.33,34.75,65.25,26.65,45.25,69.6,-0.1,38.6,33.39,33.33,-31.9,32.9,28.4,26.65,45.25,-1.83,2.07,10.9,-2.58,0.87,14997974.0,42.96,65.34,99.39,4.8,3.5,True,8,,17.5,6.5,True,,0.93,0.55,0.14,45.189998626708984,False,False,False,33.03380241750286,62.12486067549732,52.64757767138706,36.11926559959939,115.47699819431597,54.45315322467492,47.422553925132426,38.07780688744974,54.919502324444956,50.035065798259744,45.03155921843377,8,True,3.5,-0.35060724295213896,21.53021463467244,n/d,2026-08-07,última,,,False,False,,,Em Alta,45.25,-0.13259971998014208,-1.696764353451563,True,False,False,sem sinal (Em Alta)
LEVE3,SMALL11+DIVO11+AUVP11,SMALL11,Consumo discricionário,69.58,70.63,63.63636363636363,,,0.9,,86.09,59.12,35.56,100.0,False,14,Não,,,False,6,8,False,,True,,True,False,True,False,True,True,7,11,True,True,True,False,False,True,True,True,True,True,True,1.2,True,5085423616.0,7.3,5.27,7.6,19.55,72.29,64.73,34.45,13.0,5.82,1.21,0.48,1.43,1.7,0.28,142.68,25.8,7.36,14.14,0.81,77.23,22.71,24.65,37.91,52.2,-1.0,14.4,32.5,32.09,-12.3,25.1,18.9,31.18,37.91,-11.33,1.58,30.4,-2.25,1.22,11087141.0,41.16,56.59,77.79,0.0,5.4,True,8,,8.6,18.6,False,,0.6,0.46,0.09,37.52000045776367,True,True,True,53.33417535311125,100.30265880923825,70.29818910336631,28.693753058023145,154.1917827031384,98.51666666666667,63.32142543008883,32.433450327423046,75.13651268138199,66.80980726672757,60.12882654005482,8,True,5.4,60.25806451612905,100.25722751779624,n/d,2026-04-30,última,,,False,False,,,Em Alta,37.90999984741211,-1.0287507022373688,-2.8985480061493263,True,False,False,sem sinal (Em Alta)
PLPL3,SMALL11,SMALL11,Consumo discricionário,69.14,71.71,54.54545454545455,,,0.9,,77.7,82.02,52.77,56.85,False,15,Não,Fundo duplo,"Fundo duplo (pré-confirmação) — pescoço R$7.61, preço 17.9% acima do pescoço; falta fechar acima e segurar",False,5,8,False,,True,,False,False,True,False,False,True,6,11,True,True,True,False,False,True,True,False,True,True,True,0.52,True,1821356544.0,5.99,1.64,5.49,6.32,27.32,38.02,24.26,8.62,2.43,1.22,0.69,3.0,1.2,0.4,37.86,-37.3,4.21,7.78,1.2,73.04,24.14,6.46,16.13,38.9,-44.4,16.4,13.07,11.44,-60.0,53.6,-31.3,6.46,16.13,-61.53,3.37,-53.2,-5.74,-0.95,26225841.0,2.7,5.36,10.64,-2.5,7.7,True,7,,30.0,26.7,True,,1.64,0.59,0.08,8.970000267028809,False,False,False,4.123657867457768,7.755137215251223,20.48187900921005,13.575266990882758,31.928263720029463,10.95072400487419,18.449149130182796,29.486098042393888,18.946645444689192,18.449149130182796,16.604234217164517,7,True,7.7,85.10851419031724,111.22235095501298,n/d,2025-12-30,última,,,False,False,,,Em Alta,8.300000190734863,8.072289890328598,-45.03676204189154,True,False,False,sem sinal (Em Alta)
BRSR6,SMALL11+DIVO11,SMALL11,Produtos financeiros,68.22,68.5,66.66666666666667,17.35,,0.4,,43.94,87.8,90.71,86.3,False,16,Não,Fundo duplo,"Fundo duplo (pré-confirmação) — pescoço R$14.28, preço 32.1% acima do pescoço; falta fechar acima e segurar",False,2,6,False,,True,,False,False,True,,False,True,6,9,False,False,False,,False,,True,True,True,False,True,,True,7717348352.0,5.04,0.67,8.15,10.6,13.26,9.63,0.0,22.38,,,,,,0.82,53.41,-29.2,5.91,1.0,,93.0,6.99,10.57,18.87,78.4,0.0,31.9,14.29,14.69,-29.2,31.2,29.2,12.94,18.87,-1.03,1.96,41.2,-2.91,1.55,42747955.0,22.37,33.43,49.97,-5.1,3.5,True,4,,7.1,5.1,True,,1.05,0.65,-0.0,18.8700008392334,False,False,False,14.544286628290726,27.35264227191449,51.2089116476892,48.709145288189475,62.807556442118205,33.27803218967433,24.985859923304158,,31.595968184392184,30.31533723079441,27.283803507714968,4,True,3.5,44.588247452475386,67.44020550703793,n/d,n/d,,,,False,False,,,Em Alta,18.149999618530273,3.9669489577731865,-1.1006241368572645,False,False,False,sem sinal (Em Alta)
RIAA3,SMALL11,SMALL11,Consumo discricionário,68.13,68.92,63.63636363636363,,,0.9,,64.99,91.3,38.34,91.78,False,17,Não,Fundo duplo,"Fundo duplo (pré-confirmação) — pescoço R$7.38, preço 46.0% acima do pescoço; falta fechar acima e segurar",False,4,8,False,,False,,False,False,True,True,True,True,7,11,True,True,False,False,False,True,True,False,True,False,True,0.47,True,5413087232.0,3.53,1.0,30.58,13.43,28.35,8.06,8.96,14.35,3.58,2.11,3.24,1.61,0.68,0.24,47.4,16.6,7.82,4.35,1.05,64.01,35.99,6.2,10.77,73.6,0.0,36.1,8.25,8.22,-37.2,49.5,29.4,6.5,10.77,-0.83,3.12,11.2,-4.42,1.05,18090946.0,9.79,18.38,34.51,-11.4,8.2,False,6,,7.5,9.0,False,2025,1.67,0.65,0.06,10.770000457763672,False,False,False,10.517738149800996,19.78013335914187,41.72969198658317,27.19065240903988,86.46468150380524,51.84044815162238,37.41623625503264,22.636391057872874,,,,6,False,8.2,,,n/d,n/d,,,,False,False,,,Em Alta,9.449999809265137,13.968261112601898,-1.192652892809276,False,False,False,sem sinal (Em Alta)
VLID3,SMALL11+DIVO11,SMALL11,Bens Industriais,68.1,67.28,72.72727272727273,,,0.7,,60.88,76.41,66.2,75.34,False,18,Não,Fundo duplo,"Fundo duplo (pré-confirmação) — pescoço R$18.46, preço 10.2% acima do pescoço; falta fechar acima e segurar",False,6,8,False,,True,,False,False,True,True,False,True,8,11,True,True,True,False,False,True,True,True,True,True,True,0.1,True,1590415232.0,7.19,0.95,9.38,8.58,13.18,13.73,15.68,11.15,3.7,0.48,0.42,2.3,0.41,1.43,61.72,-32.9,11.7,7.18,1.13,45.32,54.23,16.3,22.63,24.8,-10.1,16.4,19.29,19.09,-27.9,32.7,-1.2,16.3,22.63,-31.43,2.06,-5.1,-3.08,-0.03,4467493.0,14.41,21.94,33.41,-0.1,3.2,True,7,,3.1,-5.0,True,2023,0.8,0.47,0.05,20.350000381469727,False,False,False,12.705150053477432,21.080661303428297,34.15366113717001,36.93426262172327,38.57576194953346,34.21167599110057,16.836843776629966,40.05659962278356,31.692780914624162,34.21167599110057,30.790508391990514,7,True,3.2,51.304706706677464,55.73847823355782,2026-11-11,2026-08-13,última,,,False,False,,,Em Alta,19.600000381469727,3.826530537770134,-10.870079872950766,True,False,False,sem sinal (Em Alta)
VTRU3,SMALL11,SMALL11,Consumo discricionário,67.71,73.78,33.333333333333336,,,0.9,,85.82,94.01,55.23,6.16,False,19,Não,Fundo duplo,"Fundo duplo (pré-confirmação) — pescoço R$13.12, preço 53.2% acima do pescoço; falta fechar acima e segurar",False,7,8,False,,True,,,,True,True,False,False,3,9,True,True,True,True,False,True,True,True,True,False,True,0.38,True,3001119744.0,2.75,0.75,0.12,0.2,27.23,9.79,15.07,46.56,3.79,2.1,1.91,2.56,0.56,0.18,0.56,-23.9,6.19,6.37,0.37,51.99,48.01,10.28,20.1,95.5,0.0,46.5,13.65,13.74,-28.8,40.1,43.6,12.0,20.1,13.37,2.52,36.8,-3.52,1.44,15350121.0,22.64,37.82,63.17,-16.6,371.2,False,5,,,5.5,,,1.07,0.52,0.05,20.100000381469727,,False,False,0.2993658146736902,0.5630008708218109,99.96950336355616,66.38811629707259,111.13319479047604,0.4851466666666666,90.04800170898439,36.780822897473534,,,,5,False,371.2,,,n/d,n/d,,,,False,False,,,Em Alta,18.75,7.200002034505215,0.0,False,False,False,sem sinal (Em Alta)
DIRR3,BOVA11+SMALL11+DIVO11+AUVP11,BOVA11,Consumo discricionário,65.75,64.52,72.72727272727273,,,0.9,,71.19,49.8,55.31,89.73,False,20,Não,,,False,5,8,False,,True,,False,False,True,False,True,True,8,11,True,True,False,True,False,True,True,False,True,True,True,0.31,True,6382453760.0,7.48,2.75,12.6,12.12,36.78,26.14,9.99,17.73,5.43,0.6,0.82,4.18,1.16,2.18,90.66,8.6,5.52,5.44,1.01,82.45,14.5,9.7,16.95,26.8,-27.4,3.2,13.56,13.51,-42.8,42.4,-9.8,9.7,16.88,-40.03,2.67,-26.7,-4.34,-0.47,142863998.0,6.15,10.58,18.22,0.3,3.2,True,8,,26.2,29.7,False,,1.45,0.66,0.08,12.300000190734863,False,False,True,10.842105064223416,14.949844125648953,16.490122246304697,12.86409478514948,25.579586576830483,24.45046641853282,8.088245028641127,11.702119001413303,15.620822905843035,13.906969455399217,12.516272509859295,8,True,3.2,1.7583115103310565,26.998558240752104,n/d,2025-12-17,última,,,False,False,,,Em Alta,11.649999618530273,5.579404235951313,-28.728189111719594,True,False,False,sem sinal (Em Alta)
TEND3,BOVA11+SMALL11,BOVA11,Consumo discricionário,65.53,65.87,63.63636363636363,,,0.9,,76.54,70.44,52.98,32.19,False,21,Não,,,False,5,8,False,,False,,False,False,True,True,False,True,7,11,True,True,True,False,False,True,True,False,True,False,True,0.24,True,3787664896.0,6.54,2.46,4.73,3.32,37.61,-8.65,14.39,12.08,4.5,0.47,0.45,1.96,0.79,0.44,21.71,-11.5,4.53,7.18,0.76,81.81,18.11,20.84,36.71,48.3,-15.8,-3.0,29.28,28.71,-26.4,50.8,35.6,22.35,36.71,5.37,3.2,41.5,-4.94,0.59,158369543.0,22.03,42.14,80.61,-1.3,11.6,False,6,,20.0,27.1,False,2023,1.35,0.51,0.11,30.899999618530273,False,False,False,7.460371111051338,14.030310831428807,64.62266863103893,36.54208347910401,86.55658976374772,22.47972026024363,58.20917359331698,36.23038810112152,,,,6,False,11.6,,,n/d,n/d,,,,False,False,,,Lateral,30.260000228881836,2.115001271670791,-17.006908270424827,False,False,False,sem sinal (Lateral)
PINE4,SMALL11+DIVO11,SMALL11,Produtos financeiros,64.71,62.4,77.77777777777777,14.09,,0.4,,64.03,69.18,44.14,74.66,False,22,Não,,,False,4,6,False,,True,,False,False,True,,True,True,7,9,True,True,False,,True,,True,False,True,True,True,,True,3930034944.0,6.56,2.19,6.05,8.58,33.43,18.92,0.0,39.51,,,,,,0.45,56.28,76.3,5.03,1.87,,95.52,4.47,7.93,15.72,96.1,-1.1,26.8,12.03,11.97,-36.3,47.6,23.9,10.01,15.72,-6.33,3.0,49.7,-4.36,1.36,13166483.0,16.46,30.36,56.01,-1.3,3.3,True,4,,84.0,124.9,False,2023,1.19,0.48,-0.06,15.550000190734863,False,False,False,9.701957383716277,18.245939208730935,32.42132219154003,19.46021708424934,54.98276764143573,12.889898897953035,28.621711464618805,,18.314779420485067,15.567919053341985,14.011127148007787,4,True,3.3,-9.896289542452742,17.779930519856446,n/d,2026-07-15,última,,,False,False,,,Em Alta,14.729999542236328,5.5668749082258495,-1.675995971209665,True,False,False,sem sinal (Em Alta)
LREN3,BOVA11+SMALL11,BOVA11,Consumo discricionário,64.43,62.96,72.72727272727273,,,0.9,,66.88,66.83,56.12,49.32,False,23,Não,,,False,6,8,False,,True,,False,True,True,True,True,True,8,11,True,True,True,False,False,True,True,True,True,True,True,0.13,True,14274752512.0,10.15,1.46,6.11,4.84,14.41,11.89,23.53,9.35,2.82,0.59,0.34,1.69,0.32,1.38,49.08,3.2,8.94,6.22,1.29,46.72,53.28,10.28,15.33,46.5,-1.8,17.6,13.77,13.45,-32.9,42.3,18.5,10.28,15.33,-11.73,2.66,-12.5,-3.81,0.29,313452719.0,10.48,17.9,30.57,3.5,5.9,True,7,,6.1,9.6,False,,1.54,0.7,0.1,15.0600004196167,False,False,False,5.295690305913807,9.959314349508869,20.293787312625074,18.556958392909017,18.061965684454165,15.541280201150355,11.004103993648295,31.09335570916566,17.78725223478021,18.061965684454165,16.25576911600875,7,True,5.9,7.94003096330913,18.10924129597682,2026-11-05,2026-09-23,última,,,False,False,,,Em Alta,13.6899995803833,10.007311038902467,-3.649337252863749,True,False,False,sem sinal (Em Alta)
BBSE3,BOVA11+DIVO11+AUVP11,BOVA11,Insurance,63.64,61.15,77.77777777777777,,1.3,0.3,,68.0,36.97,61.0,91.1,False,24,Não,,,False,5,6,False,,True,,True,False,True,,False,True,7,9,True,True,False,,True,,True,True,True,True,True,,True,79241764864.0,8.62,7.28,11.4,12.75,84.38,83.67,0.0,87.93,,,,,,,109.93,-0.1,9.29,28.81,,55.04,44.96,28.18,42.35,44.9,-3.6,7.4,33.06,34.19,-9.8,20.1,28.9,30.7,42.35,-1.33,1.26,34.9,-2.13,1.08,291002913.0,44.05,56.97,73.68,1.9,1.6,True,4,,9.7,10.8,False,,0.52,0.5,0.12,40.81999969482422,True,True,True,37.858453559420155,55.525731887149576,50.511987248042345,24.442461152855927,,59.50416498381771,12.8805567482508,,50.85008441960744,53.01885956759596,47.71697361083636,4,True,1.6,16.89606557465664,24.571496324765985,2026-11-03,2026-08-07,última,,,False,False,,,Lateral,40.9900016784668,-0.414740123643087,-5.025592997713934,True,False,False,sem sinal (Lateral)
LAVV3,SMALL11+DIVO11+Carteira,SMALL11,Imobiliário,63.6,60.39,81.81818181818181,,,0.8,,65.65,41.7,55.18,93.84,False,25,Não,,,False,5,8,False,,True,,True,False,True,True,False,True,9,11,True,True,False,True,False,True,True,False,True,True,True,0.37,True,3142468096.0,8.71,2.17,15.09,14.07,24.9,19.67,8.69,19.91,10.23,1.5,2.38,4.12,0.86,,122.52,-30.3,4.53,4.85,1.47,60.31,33.37,9.22,18.94,74.6,-15.0,48.1,12.87,13.21,-51.3,41.3,8.5,9.22,18.94,-21.73,2.6,-11.4,-3.58,0.56,13495094.0,12.63,21.38,36.18,2.0,4.8,True,6,,46.9,13.7,True,,1.56,0.73,0.03,16.100000381469727,True,True,False,16.470517692226878,24.156759281932757,19.716801079488373,17.566215282943947,,21.62526407772588,5.0277842752695365,15.832518825698127,19.228012706669325,18.64150818121616,16.777357363094545,6,True,4.8,4.207186121588058,19.42864752226827,n/d,2026-02-03,última,"A Lavvi Empreendimentos Imobiliários apresenta uma combinação atípica de alta rentabilidade sobre o patrimônio, refletida num ROE de 24.9% bem acima dos pares do setor imobiliário, mas com um ROIC de 8.7% que se posiciona abaixo da média setorial, sugerindo que a eficiência na alocação do capital total gerado necessita de acompanhamento. Essa sólida rentabilidade acionária convive com múltiplos valuation negociados em patamares moderados, apresentando um P/L de 8.71 e um P/VP de 2.17, enquanto o excelente Dividend Yield de 15.09% mostra-se sustentável e alinhado aos lucros correntes, amparado por uma estrutura de capital extremamente desalavancada, com Dívida Líquida/EBITDA de apenas 1.5, substancialmente abaixo dos pares. Ao analisar a evolução do faturamento, a média histórica de cinco anos é negativamente distorcida por um período de forte retração, o que torna aquele ano atípico merecedor de checagem manual para confirmar se derivou de um evento contábil pontual ou de entrega de empreendimentos. Nas janelas mais recentes, contudo, a receita expandiu expressivos 46.9% em três anos e 13.7% no último ano, movimento que explicita um ritmo desacelerando e acende um sinal de alerta fundamentalista para a manutenção desse ritmo no longo prazo. O checklist de critérios corrobora essa leitura ao aprovar a empresa em cinco de oito quesitos, confirmando a higidez de margens e o baixo endividamento, mas falhando no crescimento consolidado comparado ao setor e nas vendas de insiders. Do ponto de vista de precificação, a faixa de preços-teto aponta relevante dispersão entre os métodos, variando desde a visão mais conservadora de Bazin em R$ 16.47 até projeções de fluxo de caixa e modelo de Gordon que chegam a R$ 24.16, resultando numa média de R$ 19.23 e um preço-teto ajustado com margem de segurança de R$ 16.78, o que concede um modesto upside de 4.2% em relação ao preço atual de R$ 16.10. Paralelamente, o reverse DCF indica um crescimento implícito no preço de apenas 2.0% ao ano, patamar bastante conservador quando confrontado com o histórico recente de expansão e com a robusta margem líquida de 19.91%. Em suma, a tese pondera dividendos extraordinários, liquidez folgada e desalavancagem contra a desaceleração da receita recente e a proximidade do valor justo ajustado. Gatilho de falseamento: margem líquida abaixo de 15.0% no próximo resultado trimestral.",,False,True,10.43,54.36,Em Alta,14.680000305175781,9.673024841786205,-15.173863172955926,True,False,False,sem sinal (Em Alta)
GRND3,SMALL11+DIVO11,SMALL11,Consumo discricionário,63.53,63.51,63.63636363636363,,,0.9,DY5a=20.2%>=20,60.78,60.04,73.97,,False,26,Não,,,False,5,8,False,,True,,True,False,True,True,False,False,7,11,True,True,False,True,False,True,True,False,True,True,True,-0.11,True,4240151808.0,7.32,1.32,31.66,20.25,18.04,16.72,7.81,22.7,11.55,-1.39,-2.45,3.36,0.03,0.49,148.21,-37.8,6.27,2.74,2.01,29.93,70.07,3.37,4.83,39.6,-2.8,25.5,3.88,4.02,-30.3,29.3,9.2,3.37,4.83,-21.03,1.85,0.2,-2.47,0.47,11279061.0,4.06,5.93,8.65,0.1,8.1,False,6,,0.8,-1.3,True,,0.73,0.48,0.01,4.699999809265137,True,True,False,6.920956555697138,13.01586345797236,8.781949229369019,7.172104243702551,19.26229430026695,6.059476722895763,7.910382192642962,2.392246662734938,,,,6,False,8.1,,,n/d,n/d,,,,False,False,,,Em Alta,4.539999961853027,3.5242257435351254,-3.733180236445366,False,False,False,sem sinal (Em Alta)
ALPA4,SMALL11,SMALL11,Consumo discricionário,63.29,63.23,63.63636363636363,,,0.9,,74.8,41.0,58.26,76.71,False,27,Não,,,False,6,8,False,,False,,False,False,True,True,True,True,7,11,True,True,True,False,True,True,True,False,True,False,True,0.19,True,11324456960.0,16.24,3.15,10.77,8.81,19.37,-7.05,17.96,14.52,10.26,0.82,0.63,1.91,0.39,0.17,143.05,92.8,13.04,7.61,0.98,45.48,54.52,8.0,16.67,108.5,0.0,29.2,12.26,12.23,-31.7,43.5,42.1,10.97,16.67,11.87,2.74,63.6,-4.09,1.55,33465885.0,19.62,34.2,59.61,7.2,4.0,True,7,,3.0,11.1,False,,1.0,0.44,0.06,16.670000076293945,False,False,False,10.678968242953127,20.083349953682816,14.039567837972017,11.055504648496017,30.79433511630655,10.405583333333333,12.646206954429891,7.721365959960871,12.375792418689725,11.055504648496017,9.949954183646415,7,True,4.0,-40.31221272880475,-25.760093808943186,n/d,n/d,,,,False,False,,,Em Alta,15.989999771118164,4.252659880608811,-1.2440704674959169,False,False,False,sem sinal (Em Alta)
CMIN3,BOVA11+DIVO11+AUVP11+Wishlist,BOVA11,Materiais,62.39,68.59,27.272727272727273,,,1.0,,82.1,60.12,34.43,97.26,False,28,Não,,,False,7,8,False,,True,,False,False,True,False,True,False,3,11,True,True,True,False,True,True,True,True,True,True,True,0.16,True,26911174656.0,11.66,3.71,21.74,16.59,31.79,32.01,20.33,13.41,4.56,0.2,0.13,1.17,1.24,0.13,193.46,90.7,11.48,8.29,0.53,80.09,19.91,4.08,6.99,22.8,-28.3,-4.0,5.22,5.21,-34.6,41.8,-1.2,4.08,6.99,-31.43,2.63,25.3,-4.6,-0.29,53395609.0,2.74,4.68,7.99,4.8,3.6,True,8,,10.7,9.3,True,2025,0.96,0.44,-0.06,5.010000228881836,False,False,True,6.045463848488368,11.369372334415221,5.876833113057871,3.613206432667201,12.890223573452408,7.475,5.293585147497788,5.8027178468539296,7.295800287054098,5.96114848077312,5.365033632695808,8,True,3.6,7.08649476236074,45.624749575758436,n/d,2026-04-17,última,"A Companhia Mineração Nacional (CMIN3) apresenta retornos sobre o patrimônio e sobre o capital investido substancialmente superiores às médias dos seus pares setoriais, sugerindo uma eficiência operacional destacada e a capacidade de remunerar o capital de forma expressiva. A despeito dessa elevadíssima qualidade operacional, o papel negocia a um múltiplo de lucros moderado e a um valor da firma sobre EBITDA comprimido, o que denota um descompasso positivo entre o alto desempenho operacional e o preço cobrado pelo mercado, embora o valor patrimonial negociado supere a média do setor. A sólida rentabilidade convive com uma alavancagem financeira extremamente controlada, com a dívida líquida sobre EBITDA bem abaixo da média setorial, respaldando a sustentabilidade de um dividendo bastante robusto, cujo provento é plenamente coerente com a forte geração de caixa da empresa. Embora o crescimento histórico de receita em cinco anos se posicionar muitíssimo acima dos seus pares, a análise por janelas temporais revela uma desaceleração contínua até os últimos doze meses, configurando um sinal de alerta crucial de que a dinâmica de expansão perdeu fôlego recente. O checklist de critérios fundamentalistas corrobora essa sólida tese de investimento ao aprovar sete de oito requisitos, sendo reprovado unicamente no patamar de margem líquida, que se manteve ligeiramente abaixo do patamar de referência de quinze por cento, enquanto o ano de 2025 registra variações atípicas que merecem checagem manual quanto a potenciais eventos extraordinários. A faixa de preço-teto aponta para um preço justo médio bem superior à cotação atual e um preço ajustado com margem de segurança que oferece um potencial de valorização positivo, contudo, a forte dispersão entre os métodos — oscilando do conservadorismo do modelo de Graham a estimativas mais otimistas de Lynch — reforça a necessidade de cautela. Adicionalmente, o crescimento implícito no preço de quatro vírgula oito por cento ao ano sugere um patamar bastante conservador perante o histórico de expansão do negócio. Em suma, o papel contrapõe excelentes métricas de rentabilidade, baixíssima alavancagem, um yield formidável e valuation atrativo como prós, tendo como contrapartida a clara desaceleração das receitas recentes, a margem líquida aquém do ideal e a tendência técnica desfavorável no curto prazo.

Gatilho de falseamento: ROIC abaixo de 9.2% no fechamento do próximo exercício anual.",,True,False,,,Em Baixa,5.460000038146973,-8.24175469086368,-29.137197917428935,True,False,False,sem sinal (Em Baixa; sem novo topo (-8.2%))
INTB3,SMALL11+AUVP11,SMALL11,Tecnologia de informação,62.39,63.78,54.54545454545455,,,0.5,,71.27,45.98,77.76,46.58,False,29,Não,Fundo duplo,"Fundo duplo (pré-confirmação) — pescoço R$13.75, preço 43.9% acima do pescoço; falta fechar acima e segurar",False,5,8,False,,True,,False,False,True,True,True,False,6,11,True,True,True,False,False,True,True,False,True,True,True,-0.17,True,6472236032.0,10.86,1.96,6.39,4.4,18.07,19.14,17.52,13.1,8.89,-1.0,-0.79,2.64,0.26,1.15,47.75,14.3,9.91,5.97,1.67,43.4,56.17,9.91,19.78,99.5,0.0,41.1,13.2,13.03,-17.9,39.6,74.6,10.36,19.78,44.37,2.5,47.1,-3.7,1.53,22076786.0,23.19,38.44,63.72,4.2,4.0,True,7,,1.8,-6.2,True,,1.03,0.5,0.08,19.780000686645508,False,False,True,6.325022609213523,11.895123165069302,24.91154366761033,20.336425173114865,25.204918442158387,16.258760375977914,15.960006265835583,19.540010225201097,19.15811247356678,19.540010225201097,17.586009202680987,7,True,4.0,-11.091968694651245,-3.1440252350375064,n/d,n/d,,,,False,False,,,Em Alta,19.030000686645508,3.9411454174372196,-0.9017956216599843,False,False,False,sem sinal (Em Alta)
CEAB3,BOVA11+SMALL11,BOVA11,Consumo discricionário,62.1,60.71,70.0,,,0.9,,58.56,78.62,43.39,60.27,False,30,Não,,,False,5,8,False,,False,,False,,True,True,False,True,7,10,True,True,True,False,False,True,True,False,False,False,True,0.52,True,4020537344.0,7.44,1.1,3.84,6.49,14.79,7.33,14.93,7.02,3.26,1.94,1.78,1.67,0.72,0.97,48.26,-9.5,7.33,5.91,0.81,60.22,39.78,7.28,17.96,86.5,-24.4,36.9,11.45,11.86,-59.5,57.0,9.4,7.28,13.6,-20.83,3.59,-36.9,-4.87,-0.11,118016117.0,6.03,12.45,25.71,0.3,5.2,True,7,,8.9,4.5,True,2024,1.93,0.65,0.1,13.579999923706055,False,False,False,6.406688413811303,12.048707565329,24.96496690795771,22.51688014943074,25.807241898322932,9.339168272418481,13.903562469623049,33.43978265334948,20.288615702347347,22.51688014943074,20.265192134487666,7,True,5.2,49.228219796316374,49.400705569448,n/d,n/d,,,,False,False,,,Em Alta,12.609999656677246,7.692310019335924,-24.543964927378592,False,False,False,sem sinal (Em Alta)
B3SA3,BOVA11+AUVP11,BOVA11,Produtos financeiros,62.03,62.39,60.0,,,0.4,,93.58,15.32,,39.73,False,31,Não,Fundo duplo,"Fundo duplo (pré-confirmação) — pescoço R$15.80, preço 47.8% acima do pescoço; falta fechar acima e segurar",False,5,6,False,,True,,False,False,True,,True,True,6,10,True,True,True,,True,,True,False,True,True,True,,True,116298203136.0,22.11,6.3,3.94,3.86,28.49,23.11,22.2,49.45,,,,,,5.32,85.41,33.0,17.92,9.25,0.57,63.98,35.97,11.54,23.35,102.4,0.0,45.7,15.43,15.5,-27.8,42.0,79.4,13.02,23.35,49.17,2.64,43.2,-3.36,1.49,1095977738.0,27.22,45.88,77.32,8.8,1.7,True,4,,3.5,6.8,False,,1.82,0.84,0.1,23.350000381469727,False,False,True,6.559953941423645,9.793357320043434,11.466378183917474,9.384551134492423,8.469585212191243,8.580426868542363,5.6821539999846475,,9.100029078481729,9.186892094292897,8.268202884863609,4,True,1.7,-64.59013811654944,-61.02771336267986,2026-11-12,2026-09-23,última,,,False,False,,,Em Alta,23.299999237060547,0.21459719333229987,-3.830314163406512,True,False,False,sem sinal (Em Alta)
SEER3,SMALL11,SMALL11,Consumo discricionário,61.81,61.49,63.63636363636363,,,0.9,,69.28,74.52,39.6,37.67,False,32,Não,Bandeira de alta,"Bandeira de alta (pré-confirmação) — pescoço R$16.56, preço 5.4% acima do pescoço; falta fechar acima e segurar",False,6,8,False,,False,,False,False,True,True,True,True,7,11,True,True,True,False,False,True,True,True,True,False,True,0.74,True,2234306304.0,8.27,1.47,5.06,3.62,17.83,-1.1,17.04,11.85,3.56,1.79,1.45,1.64,0.92,0.66,29.95,29.3,7.01,9.65,0.47,59.3,40.7,8.0,17.45,118.1,0.0,44.9,11.12,11.11,-25.4,53.5,94.5,8.89,17.45,64.27,3.37,39.7,-5.13,1.08,14561728.0,15.49,30.93,61.78,1.5,7.4,True,5,,9.8,11.9,False,2025,1.44,0.52,0.02,17.450000762939453,False,False,False,4.5955763545668695,8.642648434556403,28.85985225840125,23.739703320235392,33.996089403713825,8.954915718840534,22.606702799393396,33.588205677515084,28.558110691851788,28.85985225840125,25.973867032561127,5,True,7.4,48.84736903693883,63.65678764039877,n/d,n/d,,,,False,False,,,Em Alta,16.920000076293945,3.132391750920105,-3.0016621181154557,False,False,False,sem sinal (Em Alta)
TFCO4,SMALL11,SMALL11,Consumo discricionário,61.77,59.84,72.72727272727273,,,0.9,,80.35,33.03,69.24,15.75,False,33,Não,,,False,5,8,False,,True,,False,True,True,True,True,True,8,11,True,True,True,False,False,True,True,False,True,True,True,0.2,True,2350724352.0,16.14,3.87,2.17,1.86,23.99,26.81,27.1,13.1,9.87,0.48,0.24,3.17,0.28,1.08,29.95,9.3,10.19,16.01,1.67,41.96,57.74,12.56,17.98,23.4,-13.8,10.0,15.39,15.32,-30.2,33.8,-1.7,12.56,17.54,-31.93,2.13,-18.8,-3.07,-0.32,18321193.0,9.78,15.05,23.17,7.1,7.7,True,7,,22.6,25.8,False,,1.21,0.69,0.11,15.489999771118164,False,False,False,2.090361652690602,3.9312285274794223,13.126593722177121,9.296841411661351,16.176732917674613,6.114780413999999,11.82384121314596,7.779691760900585,9.749958566719865,9.296841411661351,8.367157270495216,7,True,7.7,-45.98349003144483,-37.05643182190923,n/d,n/d,,,,False,False,,,Em Alta,15.899999618530273,-2.5786154543946282,-14.22256228026878,False,False,False,sem sinal (Em Alta)
VIVA3,BOVA11+SMALL11,BOVA11,Consumo discricionário,61.68,61.34,63.63636363636363,,,0.9,,75.46,49.62,66.65,16.44,False,34,Não,Fundo duplo,"Fundo duplo (pré-confirmação) — pescoço R$23.54, preço 25.1% acima do pescoço; falta fechar acima e segurar",False,6,8,False,,True,,False,False,True,True,True,True,7,11,True,True,True,True,False,True,True,False,True,True,True,0.27,True,6918837760.0,11.87,2.18,2.37,1.99,18.4,21.98,17.32,18.56,7.8,1.1,0.87,4.19,0.4,0.84,23.56,0.4,9.43,10.38,1.73,37.54,62.46,20.42,35.35,44.2,-16.7,31.1,26.45,26.44,-42.2,40.0,-8.7,20.42,32.35,-38.93,2.52,-16.1,-3.8,0.11,93199762.0,19.51,32.61,54.51,4.9,9.4,False,6,,13.5,16.8,False,2024,1.17,0.56,0.05,29.450000762939453,False,False,False,4.251805541222627,7.996137517847714,33.93428900042484,27.46141827856586,39.81937176418587,10.765096336925884,29.08070065127241,17.996238680438026,,,,6,False,9.4,,,n/d,2025-12-22,última,,,False,False,,,Em Alta,28.899999618530273,1.9031181718650592,-17.9471368710129,True,False,False,sem sinal (Em Alta)
ISAE4,BOVA11+DIVO11,BOVA11,Serviços públicos,61.31,60.9,63.63636363636363,,,0.1,,59.77,56.14,60.47,78.77,True,35,Não,,,False,5,8,False,,True,,False,False,True,True,True,True,7,11,False,True,False,True,True,False,True,True,True,True,True,0.67,True,20689774592.0,7.32,0.93,6.52,9.14,12.71,14.91,9.63,26.39,7.86,3.41,4.87,5.28,0.79,1.74,66.9,220.0,9.66,6.2,0.28,54.58,44.81,22.2,31.43,32.0,-6.7,7.4,27.2,26.98,-19.9,25.3,13.3,24.93,31.43,-16.93,1.59,20.9,-2.32,0.58,146549606.0,27.28,37.76,52.25,0.1,2.7,True,8,,20.0,18.1,True,,0.9,0.69,0.06,29.31999969482422,False,False,False,19.487243587144867,29.261107209132685,43.74118292146839,53.303804288633756,53.45819546760854,42.251928092842846,21.680821001325075,39.13493158769065,37.789901769480856,40.693429840266745,36.62408685624007,8,True,2.7,24.911620864393203,28.88779728108868,n/d,2026-10-09,última,,,False,False,,,Em Alta,29.791040420532227,-1.5811489597502004,-7.918738375579048,True,False,False,sem sinal (Em Alta)
TOTS3,BOVA11+SMALL11+AUVP11,BOVA11,Tecnologia de informação,61.06,57.4,81.81818181818181,,,0.5,,85.64,30.48,49.36,13.7,False,36,Não,Bandeira de alta,"Bandeira de alta (pré-confirmação) — pescoço R$38.46, preço 9.7% acima do pescoço; falta fechar acima e segurar",False,6,8,False,,True,,False,False,True,True,True,True,9,11,True,True,True,True,True,False,True,False,True,True,True,0.56,True,23921690624.0,17.15,4.48,1.67,1.48,26.12,14.98,23.37,21.63,9.55,2.09,1.23,1.84,0.92,1.14,25.41,269.5,20.09,7.39,1.0,42.41,54.01,26.94,47.23,56.7,-10.6,33.4,34.66,36.27,-43.0,39.6,4.6,26.94,46.62,-25.63,2.5,-23.0,-3.51,-0.17,215703750.0,25.1,41.81,69.63,7.5,8.9,False,5,,15.0,17.4,False,,0.83,0.4,-0.03,42.20000076293945,False,False,True,4.546942569650429,8.551185542278063,33.65522491015955,22.836663295065282,40.55512954966678,10.385147615992176,30.315102588887125,37.79037789925941,,,,5,False,8.9,,,2026-11-04,2026-09-24,última,,,False,False,,,Em Alta,40.810001373291016,3.4060263241210142,-11.125289098220337,True,False,False,sem sinal (Em Alta)
ABCB4,SMALL11+DIVO11+AUVP11,SMALL11,Produtos financeiros,60.73,63.6,44.44444444444444,16.87,,0.4,,50.01,64.41,83.86,82.19,False,37,Não,Fundo duplo,"Fundo duplo (pré-confirmação) — pescoço R$24.94, preço 18.5% acima do pescoço; falta fechar acima e segurar",False,2,6,False,,True,,False,False,True,,False,True,4,9,True,False,False,,False,,True,False,True,True,True,,True,7622475776.0,7.55,1.06,8.82,9.96,14.05,14.98,0.0,40.92,,,,,,2.17,75.2,-2.9,6.71,1.54,,89.78,10.19,19.16,29.56,54.3,0.0,23.0,23.6,23.54,-17.3,24.8,31.0,22.2,29.56,0.77,1.56,26.6,-2.12,1.18,19476188.0,32.14,44.13,60.58,0.4,1.8,True,4,,7.9,13.6,False,,0.95,0.74,-0.05,29.559999465942383,False,False,True,21.411638511073065,29.68033791696855,39.470598396589786,49.56433372403996,52.63910237774458,34.576869070224674,19.381844018434723,,31.28486097371402,32.128603493596614,28.915743144236952,4,True,1.8,-2.179486919300222,5.835120226436197,n/d,n/d,,,,False,False,,,Em Alta,28.81999969482422,2.567660579299247,0.0,False,False,False,sem sinal (Em Alta)
SAPR4,AUVP11,SMALL11,Utilities,60.52,58.37,72.72727272727273,,,0.1,,56.46,56.44,64.5,59.59,True,38,Não,,,False,6,8,False,,True,,False,False,False,True,True,True,8,11,False,True,True,False,True,True,True,True,False,True,True,0.04,True,13071927296.0,28.71,1.08,1.3,6.48,3.76,14.91,11.83,6.04,4.88,0.89,1.03,1.86,0.6,2.5,185.96,11.5,11.09,5.91,0.51,53.34,46.66,6.24,9.08,38.6,-4.7,23.5,7.26,7.49,-31.3,31.9,10.9,6.24,9.08,-19.33,2.01,-2.7,-3.06,0.41,17088477.0,7.13,10.75,16.2,9.9,6.5,True,7,,8.3,5.2,True,,0.88,0.53,0.01,8.649999618530273,False,False,False,4.074824608931256,7.663299183893298,4.120852392958321,7.36849636101336,5.416364820128977,1.7543033594410482,3.036990461678341,11.380007560862156,6.151547912780815,5.416364820128977,4.874728338116079,7,True,6.5,-43.64475661162691,-28.8838360223416,n/d,n/d,,,,False,False,,,Em Alta,8.220000267028809,5.231135493100081,-6.283856473144822,False,False,False,sem sinal (Em Alta)
ITUB3,DIVO11+AUVP11,SMALL11,Financial Services,60.08,56.96,77.77777777777777,15.95,,0.4,,58.07,38.23,70.71,71.23,False,39,Não,,,False,3,6,False,,True,,False,False,True,,True,True,7,9,True,True,False,,False,,True,False,True,True,True,,True,597605941248.0,12.83,2.88,5.75,8.3,22.45,19.06,0.0,32.58,,,,,,1.58,106.54,8.1,,1.58,,92.99,6.67,29.36,54.86,84.6,-1.2,22.5,41.4,40.36,-15.9,26.7,52.5,35.56,54.86,22.27,1.68,55.8,-2.66,1.85,107779253.0,70.09,98.47,138.32,5.5,1.9,True,4,,6.6,4.2,True,,1.14,0.82,0.05,54.220001220703125,False,False,True,32.74515118884891,61.582010139028746,57.80122323580852,42.30982314752796,69.32407160829055,44.802317944384626,33.40256349559139,,49.2326756270177,51.301770590096574,46.17159353108692,4,True,1.9,-14.84398286317824,-9.198313318704033,n/d,n/d,,,,False,False,,,Em Alta,54.86000061035156,-1.1666047804011037,-2.1829317658504044,False,False,False,sem sinal (Em Alta)
MULT3,BOVA11+SMALL11,BOVA11,Imobiliário,60.04,59.41,63.63636363636363,,,0.8,,86.07,31.94,43.29,40.41,False,40,Não,,,False,7,8,False,,True,,False,False,True,True,True,True,7,11,True,True,True,True,True,True,True,False,True,True,True,0.74,True,19034841088.0,14.4,2.96,2.98,3.93,20.52,17.07,18.7,43.42,9.94,2.13,1.56,1.64,0.75,1.62,56.58,62.0,14.91,10.89,0.29,52.11,47.88,25.65,38.91,51.7,0.0,33.7,28.93,29.37,-25.0,30.0,48.0,26.11,38.91,17.77,1.89,12.6,-2.81,0.98,253297418.0,39.01,57.27,84.1,6.4,3.6,True,8,,15.1,7.6,True,,1.26,0.81,0.02,38.90999984741211,False,False,False,11.119332448252068,20.91151876558373,36.95752673678927,28.269972536150163,34.69097141617083,21.444668231765636,22.756740736928695,39.63224661649173,26.972872186016517,25.513356636539427,22.962020972885487,8,True,3.6,-40.986838697166725,-30.67881703471538,2026-10-29,2026-10-01,última,,,False,False,,,Em Alta,37.7400016784668,3.100153992872956,-1.1935023056250493,True,False,False,sem sinal (Em Alta)
SAPR11,SMALL11+AUVP11,SMALL11,Serviços públicos,59.87,57.6,72.72727272727273,,,0.1,,56.46,54.16,64.5,57.53,True,41,Não,,,False,4,8,False,,True,,False,False,False,True,True,True,8,11,False,False,True,False,False,True,True,True,False,True,True,0.21,True,13622001664.0,29.92,1.13,1.23,6.35,3.76,14.91,11.83,6.04,5.05,0.89,1.03,1.86,0.6,2.6,189.97,11.5,7.87,5.91,0.51,53.34,46.66,31.45,47.9,43.3,-5.9,25.4,37.48,38.67,-34.3,33.6,12.1,31.45,47.9,-18.13,2.12,0.7,-3.17,0.57,81661256.0,38.52,59.23,91.08,10.1,6.1,True,7,,8.3,5.2,True,,1.0,0.57,0.04,45.06999969482422,False,False,False,20.811478358840077,39.139006074850855,20.602984162719366,36.767051028511446,26.88712646806583,15.033916666666668,15.184010592373935,91.6310811921671,24.91793905028974,20.811478358840077,18.73033052295607,7,True,6.1,-58.44168926163309,-44.71280404035307,n/d,n/d,,,,False,False,,,Em Alta,43.04999923706055,4.692219497241501,-7.491792763600902,False,False,False,sem sinal (Em Alta)
TAEE11,BOVA11+SMALL11+DIVO11,BOVA11,Serviços públicos,59.83,60.76,54.54545454545455,,,0.1,,72.69,37.54,49.12,88.36,True,42,Não,Bandeira de alta,"Bandeira de alta (pré-confirmação) — pescoço R$44.10, preço 5.3% acima do pescoço; falta fechar acima e segurar",False,6,8,False,,True,,True,False,True,False,True,False,6,11,True,True,True,True,False,False,True,True,True,True,True,0.45,True,48006078464.0,9.84,1.98,6.47,11.15,20.14,22.05,11.11,36.48,10.47,4.36,5.39,3.48,1.36,0.73,109.73,13.5,11.1,6.9,0.24,66.19,33.81,33.33,46.45,39.3,0.0,16.8,39.74,39.58,-15.3,23.3,16.5,36.91,46.45,-13.73,1.46,21.6,-2.32,0.94,96438980.0,47.93,64.5,86.81,3.3,5.6,True,7,,20.9,24.4,False,,0.81,0.67,0.09,46.45000076293945,True,False,False,37.67283582417697,70.84923640482315,64.56464831984763,49.916811928233784,116.36956330102805,20.619166666666672,53.625204132824415,37.94103478783946,61.56276209982478,53.625204132824415,48.262683719541975,7,True,5.6,3.9024390243902696,32.5355459389856,n/d,2026-08-17,última,,,False,False,,,Em Alta,45.630001068115234,1.797062624653778,-0.9805992026624022,True,False,False,sem sinal (Em Alta)
CYRE3,BOVA11+SMALL11+AUVP11+Wishlist,BOVA11,Consumo discricionário,59.67,55.76,81.81818181818181,,,0.9,,59.79,52.29,45.38,67.12,False,43,Não,Fundo duplo,"Fundo duplo (pré-confirmação) — pescoço R$23.40, preço 50.6% acima do pescoço; falta fechar acima e segurar",False,4,8,False,,True,,False,False,True,True,True,True,9,11,True,True,False,True,False,False,True,False,True,True,False,0.54,True,12713549824.0,7.83,1.43,6.56,7.26,18.26,15.44,7.03,20.62,11.38,3.1,6.07,3.37,0.73,0.99,56.87,16.4,6.78,3.68,1.17,56.08,39.17,19.83,35.31,77.7,-0.2,49.6,26.68,26.39,-43.8,49.7,47.0,19.83,35.23,16.77,3.13,-6.1,-4.55,0.46,295596071.0,23.65,44.91,85.28,0.9,7.7,True,7,,20.3,18.3,True,2024,1.8,0.7,0.03,35.22999954223633,False,False,False,18.610523435710487,34.999790848449074,61.53965231289169,49.940742711997565,68.11328203631282,27.66113655634879,34.91472177024283,8.90327938455673,42.25426423885046,34.999790848449074,31.499811763604168,7,True,7.7,-10.588100559468172,19.938304819427888,2026-11-12,2025-12-10,última,"A Cyrela demonstra uma rentabilidade sobre o patrimônio líquido de 18,3%, superando a média do setor de consumo discricionário de 14,1%, embora o seu retorno sobre o capital investido de 7,0% permaneça abaixo dos pares de 13,7%, sugerindo uma alocação que depende mais de capital próprio do que da eficiência operacional total dos ativos. Essa qualidade mista convive com um valuation descontado através do múltiplo preço sobre lucro de 7,83, enquanto a relação preço sobre valor patrimonial em 1,43 reflete ágio moderado. Sob a ótica da rentabilidade e do endividamento, a margem líquida robusta de 20,62% e a excelente liquidez corrente de 3,37 trazem conforto operacional, porém a alavancagem de 3,1 vezes a dívida líquida sobre o EBITDA figura acima do setor de 2,82, impondo atenção ao custo da dívida sobre o patrimônio de 0,73. O dividend yield de 6,56% mostra-se coerente com a geração de lucros recente, mas sua sustentabilidade requer monitoramento frente ao nível atual de endividamento. No quesito expansão, o crescimento composto da receita em cinco anos atingiu 16,4%, ficando abaixo do grupo comparável de 35,4%, e a análise detalhada por janelas revela uma receita desacelerando de 20,3% em três anos para 18,3% no último ano, sinal de alerta que uma média histórica isolada encobre. Adicionalmente, o exercício de 2024 registrou variações atípicas que merecem checagem manual para isolar eventuais impactos contábeis pontuais. No checklist fundamentalista, a empresa cumpriu 4 de 8 critérios, perdendo pontos em alavancagem, rentabilidade do capital investido e vendas por insiders. Quanto às referências de valuation, observa-se uma dispersão expressiva entre os métodos de preço-teto, variando de R$ 18,61 por Bazin até R$ 68,11 por Lynch, resultando em uma média de R$ 42,25 e mediana de R$ 35,00, sendo que o valor ajustado com margem de segurança de R$ 31,50 aponta um potencial de valorização negativo de 10,6% frente à cotação atual de R$ 35,23. Por outro lado, o crescimento implícito no preço atual via fluxo de caixa descontado reverso é de apenas 0,9% ao ano, patamar extremamente conservador quando confrontado com o histórico recente de expansão da companhia. Em suma, os pontos fortes residem no ROE elevado, nas margens brutas de lucro e nas premissas conservadoras embutidas no preço, ao passo que os riscos concentram-se no ROIC fraco, na alavancagem acima do setor e na desaceleração do ritmo de receitas.

Gatilho de falseamento: dívida líquida sobre EBITDA subir acima de 3,5 vezes no próximo resultado trimestral.",,True,False,,,Em Alta,34.18000030517578,3.071969653849149,-2.1800511062590733,False,False,False,sem sinal (Em Alta)
ABEV3,BOVA11+AUVP11,BOVA11,Bens de primeira necessidade,59.65,60.55,54.54545454545455,,,0.0,,78.02,28.24,65.88,52.05,True,44,Não,,,False,7,8,False,,True,,False,False,True,True,True,True,6,11,True,True,True,True,True,True,True,False,True,True,True,-0.17,True,246509617152.0,15.24,2.8,5.39,5.55,18.4,17.07,20.62,18.41,8.64,-0.57,-0.38,1.02,0.03,5.37,84.56,24.6,14.21,10.3,0.81,38.81,60.59,11.01,16.83,45.2,-5.0,1.7,15.24,14.74,-13.6,25.8,18.0,13.54,16.83,-12.23,1.63,41.2,-1.92,1.04,486576469.0,16.84,23.25,32.09,6.7,3.2,True,8,,3.4,-1.4,True,,0.66,0.49,0.06,15.989999771118164,False,False,True,6.452687273276053,8.363719817926105,9.890531951801087,11.610962366166056,8.802027038252,15.037024972789341,4.7611943761749895,11.443659007849309,9.545225850529366,9.346279495026543,8.41165154552389,8,True,3.2,-47.39429852452292,-40.30502822288734,2026-10-29,2026-09-22,última,,,False,False,,,Em Alta,16.5,-3.090910478071729,-5.465835883581516,True,False,False,sem sinal (Em Alta)
KEPL3,SMALL11+DIVO11+Wishlist,SMALL11,Bens Industriais,59.47,63.55,36.36363636363637,,,0.7,,63.51,48.4,65.38,97.95,False,45,Não,,,False,5,8,False,,True,,False,False,True,True,False,False,4,11,True,True,False,False,False,True,True,True,True,True,True,-0.02,True,1332351360.0,9.89,1.73,3.75,16.81,17.52,36.22,12.97,9.71,7.9,-0.07,-0.07,2.04,0.43,,166.3,-56.2,15.74,6.76,1.34,48.81,51.19,5.69,10.45,35.1,-26.4,18.2,7.7,7.89,-45.6,35.8,-22.2,5.69,10.45,-52.43,2.25,-5.5,-3.04,0.05,11170280.0,5.32,8.43,13.36,3.3,6.5,True,6,,-6.4,-7.3,True,,0.88,0.48,-0.03,7.690000057220459,False,False,False,9.404130971779841,13.7927254252771,8.293899623560995,8.81853422434035,,8.654567938813905,2.114944404008053,6.647905655864154,9.268627306606056,8.736551081577128,7.862895973419415,6,True,6.5,2.248321390279018,20.528312583084563,n/d,2025-12-16,última,"A Kepler Weber (KEPL3) apresenta uma combinação atrativa de alta qualidade rentável e extrema segurança financeira no setor de bens industriais, negociando a múltiplos atrativos como o P/L de 9,89 e P/VP de 1,73. O seu ROE de 17,5% supera expressivamente a média dos pares do setor (10,8%), embora o seu ROIC de 13,0% se posicione levemente abaixo do setor (13,3%), demonstrando uma rentabilidade do capital próprio que convive com preços descontados. Esse desempenho operacional é sustentado por um endividamento impecável, cuja relação Dívida Líquida/EBITDA de -0,07 revela caixa líquido e fica brutalmente abaixo do alavancado setor (2,38), garantindo que os dividendos pagos, traduzidos em um DY de 3,75%, sejam extremamente sustentáveis e alinhados à geração de lucro. Por outro lado, o grande ponto de atenção reside nas métricas de topo de linha, onde o CAGR de receita de 5 anos exibiu uma queda atípica de -56,2% frente à expansão do setor (47,1%), sendo que o detalhamento por janelas confirma um ritmo contínuo de desaceleração de -6,4% em 3 anos para -7,3% em 1 ano, um sinal de alerta e retrações históricas que merecem checagem manual por parte do investidor. No checklist fundamentalista, a companhia cumpre 5 dos 8 critérios com destaque para suas notas elevadas de dividendos e segurança, perdendo pontos em margem líquida (9,71%) e expansão de receita. Sob a ótica de valuation, os métodos de preço-teto apresentam dispersão que vai desde R$ 8,29 no fluxo de caixa descontado até R$ 13,79 no modelo de Gordon, culminando em uma média de R$ 9,27 e uma mediana de R$ 8,74; quando ajustado com margem de segurança, o teto de R$ 7,86 sugere um modesto upside de 2,2% sobre a cotação de R$ 7,69. Adicionalmente, o crescimento implícito no preço atual via DCF reverso exige uma expansão de apenas 3,3% ao ano, o que se mostra um patamar conservador frente à capacidade histórica da empresa, embora sensível à desaceleração recente. Em suma, o balanço de prós e contras revela uma empresa de altíssima qualidade de balanço, sem dívida líquida, com forte ROE e teto de preço favorável, contraposta por margens abaixo do ideal de 15% e um ritmo recente de vendas em clara desaceleração.

Gatilho de falseamento: ROE caindo para abaixo de 10,8% (a média do setor) no fechamento do próximo exercício anual.",,True,False,,,Em Alta,7.440000057220459,3.360215027920299,-26.761904216948007,False,False,False,sem sinal (Em Alta)
SANB11,BOVA11+Wishlist,BOVA11,Produtos financeiros,59.39,60.07,55.55555555555556,14.99,,0.4,,50.57,76.56,57.0,67.81,False,46,Não,,,False,3,6,False,,True,,True,False,True,,True,False,5,9,True,False,False,,True,,True,False,True,True,True,,True,154917421056.0,6.98,1.09,8.0,7.32,15.69,10.65,0.0,28.66,,,,,,0.91,51.07,49.8,6.66,1.11,,90.04,9.86,25.1,36.14,14.9,-20.2,3.1,29.55,29.51,-30.6,31.5,-9.4,25.1,36.14,-39.63,1.98,18.1,-2.74,0.06,138428158.0,21.49,32.06,47.82,-0.5,3.7,True,4,,2.6,-3.8,True,,0.94,0.57,-0.04,28.829999923706055,True,False,False,15.341161150114283,28.851280485537508,56.49283652671857,49.57867774354678,61.9296754461532,36.71786006800394,31.52831344190979,,34.35078455759358,32.78457027677072,29.50611324909365,4,True,3.7,2.345172830998332,19.1494438033208,n/d,2026-07-22,última,"A avaliação fundamentalista do Santander Brasil (SANB11) revela uma oportunidade pautada em métricas de valuation atraentes, embora acompanhada por sinais operacionais de desaceleração que exigem cautela. O banco apresenta um ROE de 15,7%, posicionado abaixo da média setorial de 18,4%, e um ROIC reportado de 0,0%, também inferior ao patamar do setor de 2,2%, o que reflete uma eficiência de capital levemente pressionada em relação aos seus pares. Por outro lado, esse retorno mais tímido convive com um preço descontado, evidenciado pelo P/L de 6,98 e pelo P/VP de 1,09, sugerindo que o mercado precifica a qualidade da instituição com ampla margem de segurança. A rentabilidade é suportada por uma sólida margem líquida de 28,66%, garantindo a sustentabilidade do dividend yield de 8,0%, o qual se mostra coerente com a geração de caixa da operação financeira. No tocante à expansão, embora a média do CAGR de receita de 5 anos atinja impressionantes 49.8%, bem acima dos 12.7% do setor, a análise detalhada por janelas temporais expõe uma trajetória de receita caindo de 2,6% em 3 anos para -3,8% no último ano, configurando uma clara desaceleração que atua como sinal de alerta oculto pelas médias históricas mais longas, além de sinalizar que anos anteriores com variações atípicas merecem checagem manual. O checklist do papel atendeu a apenas 3 dos 6 critérios avaliados, confirmando um momento operacional misto e corroborado por uma tendência gráfica em baixa. Sob a ótica do valuation, a faixa de preços-teto calculada revela alta dispersão entre os métodos de avaliação, variando desde os conservadores R$ 15,34 no modelo de Bazin até R$ 61,93 na abordagem de Lynch, resultando em uma média de R$ 34,35 e mediana de R$ 32,78. Frente ao preço atual de R$ 28,83, o valor teto ajustado com margem de segurança atinge R$ 29,51, indicando um upside modesto de 2,3%, enquanto o crescimento implícito no preço atual via DCF reverso é de -0,5% ao ano, patamar altamente conservador frente ao histórico da empresa. Em suma, o papel oferece como prós um dividend yield elevado com proteção de valuation descontado, mas traz como contras a desaceleração recente das receitas e indicadores de rentabilidade abaixo dos pares setoriais.

Gatilho de falseamento: o investimento se provará equivocado se o ROE do Santander Brasil recuar para abaixo de 13,0% no fechamento do próximo exercício anual.",,True,False,,,Em Baixa,29.920000076293945,-3.643048629038992,-20.92504030618724,True,False,False,sem sinal (Em Baixa; sem novo topo (-3.6%))
BMGB4,DIVO11,SMALL11,Financial Services,59.35,58.06,66.66666666666667,12.81,,0.4,,49.02,85.53,25.86,94.52,False,47,Não,,,False,3,6,False,,True,,False,False,True,,True,True,6,9,True,False,False,,True,,True,False,True,False,True,,True,4497162752.0,7.26,1.05,7.32,15.4,14.47,7.04,0.0,30.16,,,,,,0.28,111.81,26.0,6.63,1.27,,91.8,7.94,3.43,7.0,104.0,0.0,29.2,4.93,4.87,-15.1,33.3,46.6,4.53,7.0,16.37,2.1,75.7,-2.61,1.87,10090183.0,9.25,14.17,21.72,-0.0,1.9,True,4,,8.1,-1.8,True,,0.89,0.52,0.03,7.0,False,False,False,7.84023341867871,14.744697042224798,13.187594419265974,12.026142323020867,28.925619834710748,14.45881736694123,11.87878787878788,,12.55783556177768,13.823205893103601,12.440885303793241,4,True,1.9,77.72693291133201,79.39765088253827,n/d,n/d,,,,False,False,,,Em Alta,6.900000095367432,1.4492739601511984,-0.990101413886213,False,False,False,sem sinal (Em Alta)
VBBR3,BOVA11+DIVO11,BOVA11,Consumo discricionário,59.22,56.84,72.72727272727273,,,0.9,,60.66,57.71,46.45,58.22,False,48,Não,Bandeira de alta,"Bandeira de alta (pré-confirmação) — pescoço R$38.34, preço 3.8% abaixo do pescoço; falta fechar acima e segurar",False,6,8,False,,True,,False,False,True,True,True,True,8,11,True,True,True,False,True,True,True,False,False,True,True,0.68,True,44116336640.0,8.74,1.88,5.22,6.37,21.49,20.83,16.06,2.48,6.3,1.52,1.3,2.01,0.93,0.92,55.71,677.0,10.71,9.71,0.57,65.98,33.8,20.1,39.97,83.5,-7.7,10.3,29.78,29.42,-18.4,28.3,48.6,24.44,39.97,18.37,1.78,81.3,-2.46,1.74,544085208.0,46.24,66.53,95.72,2.1,3.9,True,8,,1.4,9.9,False,,0.86,0.58,0.14,36.880001068115234,False,False,False,17.095743000259297,32.151026352100544,57.71432956699217,43.156631865075326,67.06061104826003,38.37462813218273,37.18321492706396,28.350089503281467,40.135784299401934,37.77892152962335,34.001029376661016,8,True,3.9,-7.806322147705269,8.828045382302063,n/d,n/d,,,,False,False,,,Lateral,39.970001220703125,-7.730798244227655,-10.528869539208275,False,False,False,sem sinal (Lateral)
ITUB4,BOVA11+DIVO11+AUVP11,BOVA11,Produtos financeiros,58.64,55.26,77.77777777777777,15.95,,0.4,,58.07,33.38,70.71,66.44,False,49,Não,Fundo duplo,"Fundo duplo (pré-confirmação) — pescoço R$44.24, preço 14.1% acima do pescoço; falta fechar acima e segurar",False,3,6,False,,True,,False,False,True,,True,True,7,9,True,True,False,,False,,True,False,True,True,True,,True,556273893376.0,11.94,2.68,6.17,7.18,22.45,19.06,0.0,32.58,,,,,,3.72,85.71,8.1,10.02,1.58,,92.99,6.67,33.35,50.47,51.3,0.0,21.5,41.08,40.75,-22.5,26.9,31.7,37.48,50.47,1.47,1.69,25.9,-2.53,1.11,1602261339.0,53.45,75.21,105.84,5.0,1.6,True,4,,6.6,4.2,True,,1.2,0.86,0.02,50.470001220703125,False,False,True,26.347543749703906,35.47100223974992,41.38658723500888,42.32091159744741,43.9054655830443,42.775183825768984,20.178226475905316,,36.49507926255792,38.428794737379405,34.58591526364147,4,True,1.6,-31.472331232173424,-27.6895613634592,n/d,2026-11-03,próxima,,,False,False,,,Em Alta,50.45000076293945,0.03964411786165911,-0.7472905896179327,True,False,False,sem sinal (Em Alta)
ITSA4,BOVA11+DIVO11+AUVP11+Wishlist,BOVA11,Financial Services,58.64,56.64,70.0,,,0.4,,60.95,39.22,,80.82,False,50,Não,Fundo duplo,"Fundo duplo (pré-confirmação) — pescoço R$14.14, preço 15.3% acima do pescoço; falta fechar acima e segurar",False,5,6,False,,True,,False,False,True,,True,True,7,10,True,True,True,,True,,True,False,True,True,True,,True,182791880704.0,10.07,1.95,6.91,9.45,19.36,17.48,0.38,214.29,,,,,,10.68,95.13,28.4,8.68,0.38,0.64,16.02,79.82,9.78,16.54,66.7,-1.4,21.0,13.07,12.76,-17.7,27.5,43.8,11.35,16.54,13.57,1.73,42.2,-2.32,1.43,518267404.0,18.85,26.71,37.85,3.5,1.5,True,4,,-0.9,0.2,False,,1.26,0.89,0.05,16.309999465942383,False,False,True,11.205574661473944,12.144161708154217,12.766010168774368,17.45875075427073,16.827983811822822,16.68965033295341,5.383031936129919,,13.201349217838985,12.455085938464293,11.209577344617864,4,True,1.5,-31.27174916207037,-19.059781421787935,n/d,2026-12-01,próxima,"A Itaúsa (ITSA4) apresenta um perfil fundamentalista sólido, sustentado por um ROE de 19.4% que supera a média do setor de 18.8%, enquanto seu ROIC de 0.4%, embora numericamente reduzido pela estrutura de holding, também se posiciona acima dos pares do segmento (0.1%). Essa elevada rentabilidade sobre o patrimônio convive com múltiplos negociados a um P/L de 10.07 e P/VP de 1.95, sugerindo que a qualidade operacional da companhia é oferecida sem ágio excessivo, embora o PEG elevado de 10.68 sinalize cautela frente ao ritmo atual de expansão dos lucros. A geração de proventos mostra-se atrativa, ostentando um *dividend yield* de 6.91% que se revela plenamente coerente com o lucro expressivo evidenciado pela margem líquida de 214.29% — patamar que indica variação atípica decorrente de equivalência patrimonial e merece checagem manual por parte do investidor. No tocante ao crescimento, a receita acumulou um CAGR de 5 anos de 28.4%, batendo a média setorial de 20.8%, contudo a análise das janelas menores (3 anos com -0.9% e 1 ano com 0.2%) mostra que o indicador está claramente DESACELERANDO, o que acende um sinal de alerta sobre a evolução recente das receitas que uma média de longo prazo tende a ocultar. O checklist fundamentalista ratifica essa consistência ao aprovar 5 dos 6 critérios analisados, falhando apenas na presença de vendas de ações por *insiders*. Em termos de valoração, o valuation apresenta considerável dispersão entre as metodologias, variando do conservadorismo de Bazin (R$ 11.21) e Gordon (R$ 12.14) até números mais complacentes em Graham (R$ 17.46) e Lynch (R$ 16.83); frente ao preço-teto médio de R$ 13.20 e ao valor ajustado com margem de segurança de R$ 11.21, o preço atual de R$ 16.31 resulta em um *upside* negativo de -31.3%. Por sua vez, o modelo de DCF reverso indica que a cotação corrente embute um crescimento implícito de 3.5% ao ano, patamar que parece bastante conservador frente ao histórico de longo prazo, porém ligeiramente exigente quando confrontado com a recente estagnação das receitas de curto prazo. Em síntese, o papel destaca-se positivamente pela rentabilidade superior aos pares, excelente histórico de proventos e crescimento implícito moderado, contrapondo-se à nítida desacelerada no ritmo das receitas recentes, às vendas por parte de *insiders* e a uma cotação atual que se encontra acima da média dos preços-teto calculados.

Gatilho de falseamento: o ROE fechar o próximo exercício anual abaixo de 18.8%, perdendo a sua dominância sobre a média do setor.",,True,False,,,Em Alta,16.540000915527344,-1.3905770063715073,-1.9242315753037476,True,False,False,sem sinal (Em Alta)
CYRE4,AUVP11,SMALL11,Consumer Cyclical,58.24,50.87,100.0,,,0.9,,59.79,58.73,45.38,2.05,False,51,Não,Bandeira de alta,"Bandeira de alta (pré-confirmação) — pescoço R$32.50, preço 3.2% acima do pescoço; falta fechar acima e segurar",False,5,7,False,,True,,,,True,True,True,True,9,9,True,True,True,True,True,False,,False,True,True,False,0.54,True,,7.46,1.36,0.0,0.0,18.26,15.44,7.03,20.62,10.96,3.1,6.07,3.37,0.73,0.5,,16.4,,3.68,1.17,56.08,39.17,18.14,33.54,84.9,0.0,51.5,22.5,23.31,-39.9,53.9,14.2,18.14,33.54,-16.03,3.39,,-4.74,0.38,10383623.0,20.81,41.05,80.97,0.3,5.2,True,4,,20.3,18.3,True,2024,1.9,0.72,0.11,33.540000915527344,,False,False,,,61.49338574843722,49.947696170342724,67.43968012505498,,55.390457276045154,12.963493806461647,58.567804829970015,58.44192151224119,52.597729361017066,4,True,5.2,56.820894231600775,74.62076097575789,n/d,n/d,,,,False,False,,,Em Alta,32.5,3.200002817007208,-0.7985816231790066,False,False,False,sem sinal (Em Alta)
BBDC3,BOVA11+DIVO11+AUVP11,BOVA11,Produtos financeiros,58.2,56.71,66.66666666666667,15.65,,0.4,,47.03,58.61,66.43,76.03,False,52,Não,Bandeira de alta,"Bandeira de alta (pré-confirmação) — pescoço R$19.99, preço 4.9% abaixo do pescoço; falta fechar acima e segurar",False,3,6,False,,True,,False,False,True,,True,True,6,9,True,False,False,,True,,True,False,True,True,True,,True,201406152704.0,8.6,1.22,5.69,8.76,14.13,11.35,0.0,26.07,,,,,,2.47,75.33,17.8,,1.07,,92.32,7.66,13.34,19.99,42.5,-4.9,21.7,15.49,15.69,-22.4,28.8,27.4,13.9,19.99,-2.83,1.81,20.0,-2.27,0.84,277236329.0,18.56,26.66,38.29,1.9,1.8,True,4,,2.7,11.9,False,,1.27,0.85,-0.06,19.020000457763672,False,False,True,12.116896081659647,16.797205392555515,22.297440982258838,27.853042456012187,27.081632919650264,18.50210625503682,10.949188757705505,,17.428412177877703,17.649655823796166,15.88469024141655,4,True,1.8,-16.48428044630954,-8.367971827447073,2026-10-22,2026-10-14,próxima,,,False,False,,,Em Alta,19.989999771118164,-4.852422833720893,-6.027664659835585,True,False,False,sem sinal (Em Alta)
RECV3,SMALL11+DIVO11,SMALL11,Energia,58.03,61.85,36.36363636363637,,,0.9,,52.87,73.57,54.85,86.99,False,53,Não,,,False,4,8,False,,True,,False,False,True,True,False,False,4,11,False,False,False,True,False,True,True,True,True,True,True,0.36,True,3580570624.0,7.18,0.81,13.96,10.7,11.26,17.76,10.15,16.73,3.61,1.18,1.6,2.91,0.72,2.75,76.82,-14.8,7.45,5.06,0.52,50.04,49.96,8.89,13.47,37.4,-9.3,16.2,10.52,10.72,-31.9,32.8,29.9,9.17,13.47,-0.33,2.06,6.7,-3.18,0.17,23261989.0,9.22,14.04,21.37,-0.2,3.2,True,8,,2.0,-3.3,True,,0.68,0.4,0.07,12.220000267028809,False,False,False,9.50850513157336,12.042805050768028,15.676874578474955,24.035753580741982,22.651597398826794,20.8065154563134,7.472447901888814,11.616536066867129,15.476379395681807,13.859839814621491,12.473855833159343,8,True,3.2,2.0773777461811527,26.647946460681716,n/d,n/d,,,,False,False,,,Em Alta,12.100000381469727,0.9917345601315297,-11.374651081298726,False,False,False,sem sinal (Em Alta)
ALUP11,SMALL11,SMALL11,Serviços públicos,57.88,55.26,72.72727272727273,,,0.1,,59.66,52.81,52.1,47.95,True,54,Não,,,False,7,8,False,,True,,False,False,True,False,True,True,8,11,True,True,True,True,True,False,True,True,True,True,True,0.81,True,18893056000.0,9.44,1.36,2.72,4.76,14.38,12.27,10.21,27.68,6.96,3.48,4.68,3.17,1.11,1.19,44.9,176.5,14.32,5.7,0.32,60.84,28.54,29.74,39.72,33.6,0.0,21.4,32.78,32.97,-15.6,23.3,25.9,30.63,39.72,-4.33,1.47,13.2,-2.04,0.76,52051040.0,39.36,53.01,71.39,2.9,4.9,True,7,,4.7,9.9,False,,0.86,0.71,0.01,39.720001220703125,False,False,False,13.740556015755253,25.841110184468747,57.549482359137926,52.582963768920244,53.351216843520135,33.98363986778437,32.78053199824974,66.98925292275986,46.154028277834435,52.582963768920244,47.32466739202822,7,True,4.9,19.145684636488227,16.198456342890854,n/d,n/d,,,,False,False,,,Em Alta,39.36000061035156,0.9146356828482416,-3.003661829841775,False,False,False,sem sinal (Em Alta)
CPFE3,BOVA11+DIVO11+AUVP11,BOVA11,Serviços públicos,57.42,57.93,54.54545454545455,,,0.1,,76.13,42.42,30.08,70.55,True,55,Não,,,False,6,8,False,,True,,False,False,True,False,True,True,6,11,True,True,True,False,False,True,True,True,True,True,True,1.44,True,60666200064.0,10.1,2.67,7.09,8.3,26.43,27.84,15.57,13.16,6.33,2.35,2.07,0.92,1.55,2.37,83.87,21.5,12.86,8.79,0.29,71.02,27.73,35.09,52.65,50.1,0.0,16.8,45.22,45.12,-21.6,26.5,5.7,40.99,52.65,-24.53,1.67,27.6,-2.56,1.08,99890368.0,55.38,77.77,109.21,3.5,3.3,True,8,,4.1,4.1,False,,0.91,0.66,0.04,52.650001525878906,False,False,False,31.796292266702142,48.05071488933334,57.29248889798469,48.09205438844596,65.51152302925463,59.99688246327459,28.402684857872643,92.58921726664363,53.966482257438955,52.69227164321532,47.42304447889379,8,True,3.3,-9.927743391262622,2.5004381641146933,2026-11-12,2026-04-30,última,,,False,False,,,Em Alta,50.36000061035156,4.547261492797983,-0.645070778020429,True,False,False,sem sinal (Em Alta)
CMIG4,BOVA11+DIVO11+AUVP11,BOVA11,Serviços públicos,57.1,55.95,63.63636363636363,,,0.1,,54.76,55.85,37.38,98.63,True,56,Não,,,False,5,8,False,,True,,True,False,True,True,False,True,7,11,True,True,False,False,False,True,True,True,True,True,True,0.67,True,34700070912.0,7.55,1.19,8.42,17.66,15.75,21.33,9.3,10.51,7.08,2.49,3.69,1.17,0.78,,133.37,-20.4,10.41,5.94,0.42,57.36,42.63,9.56,13.2,26.9,-8.1,11.5,10.87,10.88,-25.1,24.1,15.9,9.89,13.2,-14.33,1.52,15.9,-2.33,0.43,204260642.0,11.01,15.0,20.43,0.4,5.2,True,6,,10.4,7.4,True,,0.92,0.74,0.08,12.130000114440918,True,False,False,15.583131465340111,22.855259482498834,17.13730700494964,19.195750987407834,,14.127676775544375,4.370013286262158,18.132476669043335,17.83860039746402,17.634891836996488,15.871402653296839,6,True,5.2,30.84420860311232,47.06183206236694,2026-11-12,2026-09-23,última,,,False,False,,,Em Alta,12.069999694824219,0.49710373764491056,-8.477577054996255,True,False,False,sem sinal (Em Alta)
UGPA3,BOVA11,BOVA11,Consumo discricionário,56.17,53.25,72.72727272727273,,,0.9,,62.68,45.63,43.18,50.0,False,57,Não,Bandeira de alta,"Bandeira de alta (pré-confirmação) — pescoço R$39.39, preço 0.8% abaixo do pescoço; falta fechar acima e segurar",False,7,8,False,,True,,False,False,True,True,True,True,8,11,True,True,True,False,True,True,True,True,False,True,True,0.63,True,41592475648.0,12.62,2.43,5.12,4.9,19.25,16.17,21.5,2.26,5.74,1.13,0.72,1.64,0.98,1.72,61.89,44.3,12.76,9.73,0.63,64.07,31.75,18.91,39.74,106.8,-1.6,24.7,26.11,26.78,-22.2,30.0,91.9,20.23,39.74,61.67,1.89,97.4,-2.77,2.07,431659501.0,54.18,79.57,116.86,5.4,3.0,True,8,,-0.3,6.6,False,,0.81,0.52,0.04,39.09000015258789,False,False,False,13.942194112667734,26.220319895758994,42.36531891185846,33.482981039891754,37.913527698642596,23.50966860380432,22.96778706338824,34.46981783907126,29.35895189563542,29.851650467825372,26.866485421042835,8,True,3.0,-31.27018338150561,-24.89395809405808,n/d,n/d,,,,False,False,,,Em Alta,39.7400016784668,-1.6356353760073161,-4.658536213200271,False,False,False,sem sinal (Em Alta)
BBDC4,BOVA11+DIVO11+AUVP11+Wishlist,BOVA11,Produtos financeiros,55.9,54.0,66.66666666666667,15.65,,0.4,,47.03,49.44,66.43,71.92,False,58,Não,,,False,3,6,False,,True,,False,False,True,,True,True,6,9,True,False,False,,True,,True,False,True,True,True,,True,228832116736.0,9.77,1.38,5.51,8.39,14.13,11.35,0.0,26.07,,,,,,3.83,81.96,17.8,7.46,1.07,,92.32,7.66,15.62,22.8,38.3,-5.2,21.1,17.88,18.15,-24.6,30.1,24.0,15.72,22.8,-6.23,1.89,18.9,-2.49,0.77,1234390146.0,20.46,29.93,43.77,3.2,1.5,True,4,,2.7,11.9,False,,1.3,0.83,-0.05,21.610000610351562,False,False,False,13.18407942476834,16.597414960681636,20.25107857466161,27.916387186469777,24.193620450636196,20.16906259909963,9.625094439706537,,17.550408889802803,18.383238779890632,16.54491490190157,4,True,1.5,-23.438618997649307,-18.785708495557117,n/d,2026-10-14,próxima,"A análise fundamentalista do Bradesco revela um retrato de transição, onde a rentabilidade mensurada pelo ROE de 14,1% e pelo ROIC nulo permanece abaixo da média do setor (18,4% e 2,2%, respectivamente), sugerindo um momento de eficiência operacional pressionada que se reflete em scores intermediários de qualidade e valor. Apesar dessa rentabilidade mais modesta em relação aos pares, a expressiva margem líquida de 26,07% sustenta a geração de caixa e apoia um dividend yield de 5,51%, o qual se mostra coerente com a capacidade do banco em remunerar o acionista sem comprometer sua estrutura patrimonial. No quesito de valuation, a convivência de múltiplos como o P/L de 9,77 e o P/VP de 1,38 retrata um preço que não parece descontado o suficiente para compensar os indicadores de retorno mais baixos, enquanto um PEG ratio elevado de 3,83 sinaliza que o mercado cobra caro pelo crescimento projetado. Embora o crescimento histórico de receita em cinco anos de 17,8% supere o setor (12,7%), a análise do CAGR por janelas mais curtas mostra que essa expansão vem desacelerando significativamente para 2,7% no triênio recente, impondo um claro sinal de alerta que a média de longo prazo esconde e indicando a necessidade de checagem manual sobre eventuais efeitos atípicos passados. Sob a ótica do checklist de critérios, a instituição atende a apenas três de seis requisitos, falhando no desempenho relativo frente aos pares e registrando vendas por parte de insiders. Quanto aos modelos de valuation, a faixa de preços-teto aponta uma dispersão relevante entre os métodos mais rígidos em dividendos e ativos, como Bazin (R$ 13,18) e Gordon (R$ 16,60), e as abordagens de Graham (R$ 27,92) ou Lynch (R$ 24,19), resultando em uma média de R$ 17,55 e mediana de R$ 18,38. O preço-teto ajustado com margem de segurança atinge R$ 16,54, o que gera um upside negativo de 23,4% frente à cotação atual de R$ 21,61, indicando que a ação é negociada com prêmio perante os métodos conservadores. Por outro lado, o modelo de fluxo de caixa descontado reverso aponta um crescimento implícito no preço atual de 3,2% ao ano, patamar que se mostra bastante conservador quando confrontado com o histórico de crescimento do banco e próximo à expansão de 2,7% vista no último triênio. Em suma, o papel apresenta como prós a robusta margem líquida, o fluxo regular de proventos e uma exigência de crescimento implícito conservadora pelo mercado, contrapondo-se aos contras do valuation esticado frente ao preço-teto ajustado, da rentabilidade inferior à média setorial e da nítida desacelerada nos ganhos recentes.

Gatilho de falseamento: ROE acumulado no fechamento do próximo exercício anual caindo para menos de 12,0%, o que invalidaria a tese de estabilização da rentabilidade e sustentabilidade dos lucros.",,True,False,,,Em Alta,22.799999237060547,-5.21929239705713,-6.043475607167115,True,False,False,sem sinal (Em Alta)
WEGE3,BOVA11+AUVP11+Carteira,BOVA11,Bens Industriais,55.7,54.3,63.63636363636363,,,0.7,,85.86,7.65,59.14,19.18,False,59,Não,Bandeira de alta,"Bandeira de alta (pré-confirmação) — pescoço R$51.44, preço 0.1% acima do pescoço; falta fechar acima e segurar",False,6,8,False,,True,,False,False,True,True,False,True,7,11,True,True,True,True,False,True,True,False,True,True,True,-0.16,True,215959355392.0,34.54,11.45,3.89,2.38,33.16,31.31,24.33,15.58,22.48,-0.35,-0.2,1.59,0.29,5.84,82.16,-2.1,28.17,11.21,1.12,56.49,40.84,34.04,53.68,51.2,-4.1,9.1,46.67,46.37,-22.5,29.3,7.4,41.6,53.68,-22.83,1.84,50.2,-2.4,1.08,488316429.0,53.39,77.55,112.64,10.5,2.3,True,8,,10.9,7.4,True,,0.62,0.41,0.1,51.470001220703125,False,False,False,8.904416320811002,16.55051887986393,20.143517221395975,12.276696730276042,12.358650927406615,20.535243065025288,9.69412083491764,16.16367161095153,14.578354448831002,14.261161269179071,12.835045142261164,8,True,2.3,-75.06305646424109,-71.67601689706771,2026-10-21,2026-09-21,última,"A WEG (WEGE3) ostenta uma eficiência operacional excelente, com um ROE de 33,2% e um ROIC de 24,3% que superam com folga as médias de seu setor, estabelecidas em 10,8% e 13,3%, respectivamente. Essa qualidade técnica excepcional convive com múltiplos de valuation bastante esticados, retratados em um P/L de 34,54 e um P/VP de 11,45, evidenciando que o mercado cobra um prêmio elevado pela previsibilidade da companhia. A rentabilidade expressiva é acompanhada por uma estrutura de capital extremamente sólida, apresentando uma Dívida Líquida/EBITDA negativa de -0,35 — bem abaixo do indicador setorial de 2,38 — o que demonstra caixa líquido e baixíssimo risco financeiro. O dividend yield de 3,89% mostra-se perfeitamente sustentável e coerente com a geração de lucro, respaldado pela alavancagem controlada e pela liquidez corrente de 1,59. No entanto, o crescimento do faturamento acende um sinal de alerta: o CAGR de receita em 5 anos, de -2,1%, ficou muito abaixo da média setorial de 47,1%, sendo que a análise por janelas revela uma trajetória em desaceleração (10,9% em 3 anos e 7,4% no último ano), trajetória esta que uma média simples de longo prazo poderia ocultar. Além disso, a presença de ano com variação atípica no histórico de receitas merece uma checagem manual para isolar eventuais efeitos contábeis pontuais de uma perda estrutural de ritmo. O checklist de critérios reflete esse cenário misto ao aprovar a empresa em 6 de 8 quesitos, falhando justamente no ritmo de expansão frente aos pares e no histórico de vendas por insiders. Sob a ótica do valuation, os modelos fundamentados em dividendos e fluxo de caixa geram uma faixa de preço-teto cuja média é de R$ 14,58 e a mediana é de R$ 14,26, exibindo expressiva dispersão entre abordagens como Bazin (R$ 8,90) e DCF (R$ 20,14), o que resulta em um upside negativo de 75,1% em relação ao preço ajustado com margem de segurança. Para sustentar a cotação atual de R$ 51,47, o modelo reverso indica um crescimento implícito de 10,5% ao ano, patamar que se mostra bastante exigente quando confrontado com a recente desaceleração das vendas. Em suma, o papel contrapõe fundamentos de rentabilidade e governança impecáveis a um preço relativo esticado e uma clara desaceleração na expansão de suas receitas.

Gatilho de falseamento: uma queda no ROIC para patamares abaixo da média setorial de 13,3% no fechamento anual de 2026 indicaria a deterioração do retorno sobre o capital investido e invalidaria a tese de prêmio por alta qualidade operacional.",,False,True,49.82,3.31,Lateral,51.79999923706055,-0.6370618170228104,-4.989551840440754,False,False,False,sem sinal (Lateral)
VIVT3,BOVA11,BOVA11,Comunicação,55.69,47.87,100.0,,,0.4,,44.24,44.91,52.18,63.01,False,60,Não,,,False,5,8,False,,True,,True,True,True,True,True,True,11,11,False,True,True,False,True,False,True,True,True,False,True,0.17,True,96986652672.0,14.84,1.49,8.39,6.68,10.05,7.53,9.1,10.68,4.29,0.56,0.85,0.95,0.3,184.99,99.2,18.5,9.94,5.51,0.48,46.12,53.66,29.02,40.59,4.6,-25.2,-4.9,32.75,33.51,-28.5,26.6,-1.1,29.02,40.59,-31.33,1.68,0.4,-2.44,-0.34,189529430.0,21.81,30.72,43.28,6.6,6.9,True,6,,7.4,6.7,True,,0.76,0.55,0.05,30.350000381469727,True,False,False,14.75507836042254,14.853576017006144,14.973095848296579,30.615395575954846,13.835382107509206,30.32964422059381,5.667805698797759,38.97441700590181,19.893695354963853,14.91333593265136,13.422002339386225,6,True,6.9,-55.77594012953929,-34.452404926129745,n/d,n/d,,,,False,False,,,Em Alta,32.029998779296875,-5.245077932731745,-25.727879999088177,False,False,False,sem sinal (Em Alta)
EZTC3,SMALL11+DIVO11+AUVP11,SMALL11,Consumo discricionário,55.49,52.45,72.72727272727273,,,0.9,,49.72,44.52,67.67,54.11,False,61,Não,,,False,3,8,False,,True,,False,False,True,True,False,True,8,11,False,False,False,True,False,True,True,False,True,False,True,0.0,True,5480614912.0,10.32,1.05,5.06,5.69,10.15,7.87,5.14,36.95,17.48,0.07,0.17,3.06,0.34,2.46,58.7,-22.5,8.61,2.75,2.48,28.86,69.9,10.21,19.76,93.6,0.0,55.9,13.44,13.54,-37.1,43.3,46.7,10.21,19.76,16.47,2.73,12.0,-3.76,1.11,54065908.0,19.36,33.47,57.86,3.7,4.9,True,8,,10.2,-4.0,True,,1.49,0.66,0.04,19.760000228881836,False,False,False,8.174521368425086,12.252268484064274,20.871743134995377,28.47368696440245,18.917370741063404,15.783515178656012,10.344657253003236,5.817862059191984,15.07945314797523,14.017891831360142,12.616102648224128,8,True,4.9,-36.15332741856937,-23.686978880017286,n/d,n/d,,,,False,False,,,Em Alta,18.270000457763672,8.155444629367814,-1.6426078705805591,False,False,False,sem sinal (Em Alta)
GMAT3,SMALL11,SMALL11,Bens de primeira necessidade,54.74,52.05,70.0,,,0.0,,46.64,66.48,56.81,30.82,True,62,Não,Bandeira de alta,"Bandeira de alta (pré-confirmação) — pescoço R$5.36, preço 6.3% acima do pescoço; falta fechar acima e segurar",False,4,8,False,,True,,False,,True,True,False,True,7,10,True,True,False,False,False,True,True,False,False,True,True,0.47,True,13112776704.0,8.08,1.17,0.85,3.24,14.52,15.23,10.1,3.99,5.58,2.21,3.01,1.74,0.56,0.75,26.17,-40.8,6.4,5.51,1.0,52.91,42.64,3.57,6.6,59.7,-13.6,33.4,4.67,4.77,-45.9,42.6,26.9,3.57,5.86,-3.33,2.69,-26.0,-3.7,-0.45,34993836.0,2.84,4.92,8.53,1.2,7.3,True,6,,20.9,19.8,True,,1.12,0.51,0.11,5.699999809265137,False,False,False,1.342708919269596,2.5251590320457242,9.648674222007417,8.79361583857451,9.847282245461262,4.253007030333412,6.758716205366092,6.44390979264172,7.624200889064068,7.776166021970301,6.998549419773271,6,True,7.3,22.781572876500643,33.75791481029901,n/d,n/d,,,,False,False,,,Em Alta,5.550000190734863,2.7026957364917115,-16.342741512180716,False,False,False,sem sinal (Em Alta)
BPAC11,BOVA11+AUVP11,BOVA11,Produtos financeiros,54.55,50.45,77.77777777777777,15.65,,0.4,,59.62,31.2,66.43,25.34,False,63,Não,Fundo duplo,"Fundo duplo (pré-confirmação) — pescoço R$57.88, preço 40.8% acima do pescoço; falta fechar acima e segurar",False,4,6,False,,True,,False,False,True,,True,True,7,9,True,True,False,,True,,True,False,True,True,True,,True,274619138048.0,17.42,3.99,1.73,2.73,22.88,20.48,0.0,39.8,,,,,,1.45,47.57,20.8,13.42,2.41,,90.46,8.68,44.56,81.5,82.9,0.0,44.7,54.36,55.15,-23.5,39.9,58.4,48.49,81.5,28.17,2.52,35.7,-3.28,1.35,1038707684.0,90.32,148.54,244.29,7.6,5.6,True,3,,20.9,37.5,False,,1.8,0.86,0.07,81.5,False,False,False,16.18698234587681,30.4419700246651,63.99022258434871,46.37013332718357,68.89728093687532,11.460855727550188,48.642741737389194,,19.3632693660307,16.18698234587681,14.56828411128913,3,True,5.6,-82.12480477142438,-76.24138728094393,n/d,2026-08-11,última,,,False,False,,,Em Alta,80.88999938964844,0.7541112806951356,-3.641524904677673,True,False,False,sem sinal (Em Alta)
IGTI11,BOVA11+SMALL11,BOVA11,Imobiliário,54.35,51.11,72.72727272727273,,,0.8,,69.03,32.48,49.72,19.86,False,64,Não,Fundo duplo,"Fundo duplo (pré-confirmação) — pescoço R$26.54, preço 25.3% acima do pescoço; falta fechar acima e segurar",False,3,7,False,,True,,False,False,True,True,False,True,8,11,False,False,True,True,False,True,,False,True,False,True,0.48,True,,15.46,2.0,0.88,2.45,12.93,7.32,12.16,41.91,11.09,2.15,2.43,2.73,0.9,1.93,37.93,-35.4,15.26,5.46,0.48,51.02,48.98,22.47,33.26,48.0,0.0,30.5,25.86,26.04,-25.2,31.0,33.8,22.57,33.26,3.57,1.95,14.1,-2.72,0.93,120829986.0,32.62,48.49,72.08,6.8,10.1,False,6,,13.5,20.3,False,2023,1.27,0.79,0.07,33.2599983215332,False,False,False,5.933883446311389,11.159529190966257,29.425028770041468,28.372247481679505,22.544907296751095,2.9347133764859015,16.902804130918764,29.52135504852314,,,,6,False,10.1,,,n/d,n/d,,,,False,False,,,Em Alta,32.380001068115234,2.717718419980253,-1.01190526198911,False,False,False,sem sinal (Em Alta)
PGMN3,SMALL11+DIVO11+Wishlist,SMALL11,Bens de primeira necessidade,53.39,56.4,36.36363636363637,,,0.0,,45.18,74.29,43.63,87.67,True,65,Não,Fundo duplo,"Fundo duplo (pré-confirmação) — pescoço R$3.54, preço 55.4% acima do pescoço; falta fechar acima e segurar",False,4,8,False,,True,,False,False,False,False,True,False,4,11,False,True,True,False,True,False,True,False,False,False,True,0.99,True,3953756928.0,12.12,1.16,4.29,10.75,9.61,5.91,12.78,2.1,3.66,3.59,3.87,1.78,1.02,1.09,130.25,11.1,8.08,6.26,0.83,68.82,31.1,3.13,7.54,75.7,-27.1,47.2,4.63,4.85,-58.5,53.4,-12.0,3.13,7.54,-42.23,3.36,10.8,-4.36,0.89,44980037.0,4.51,8.84,17.32,5.1,2.3,True,7,,17.5,17.9,False,2024,1.86,0.67,0.09,5.5,False,False,False,4.298561866984515,8.08406957565152,6.206749707228787,6.9578272853387935,9.91379749761032,9.258333333333333,4.458085808580859,,7.025346439246875,6.9578272853387935,6.262044556804915,7,True,2.3,13.855355578271178,27.73357162267045,n/d,2025-12-26,última,"A Pague Menos (PGMN3) apresenta retornos sobre o capital ligeiramente superiores aos pares do seu setor, com um ROE de 9,6% e um ROIC de 12,8% que se posicionam acima das médias setoriais de 9,3% e 11,0%, respectivamente, sugerindo boa eficiência operacional em seu segmento. Essa qualidade de rentabilidade convive com múltiplos de valuation atraentes e comprimidos, visto que o papel negocia a um P/L de 12,12 e a um P/VP de 1,16, demonstrando um ponto de entrada descontado para o nível de retorno entregue. Por outro lado, a geração de lucros convive com um endividamento expressivo, traduzido na relação Dívida Líquida/EBITDA de 3,59 vezes, patamar que figura acima da média do setor de 3,29 vezes e aponta para a necessidade de desalavancagem financeira. O dividend yield de 4,29% mostra-se coerente com a margem líquida enxuta de 2,1%, indicando um provento sustentável, porém limitado pela elevada alocação de recursos ao serviço da dívida. No campo do crescimento, a companhia se destaca ao registrar um CAGR de receita em 5 anos de 11,1%, superando com folga o encolhimento setorial de -14.2%, além de mostrar expansão contínua nas janelas mais recentes de 3 anos (17,5%) e 1 ano (17,9%). O checklist de critérios fundamentalistas corrobora essa visão mista ao aprovar a empresa em apenas 4 de 8 quesitos, reprovando exatamente na alavancagem e no atingimento de retornos superiores à taxa básica de juros. Vale notar que a forte variação observada no ano de 2024 exige checagem manual por parte do investidor para isolar eventuais impactos contábeis extraordinários do resultado recorrente. Sob a ótica do valuation, os preços-teto calculados exibem considerável dispersão entre os métodos, variando de R$ 4,30 pelo modelo de Bazin até R$ 9,91 na métrica de Lynch, estabelecendo uma média de R$ 7,03 e conferindo um upside de 13,9% frente ao preço ajustado com margem de segurança. Por fim, a taxa de crescimento implícita no preço atual via DCF reverso é de 5,1% ao ano, o que se revela um patamar bastante conservador perante o histórico recente de expansão de dois dígitos da receita. Em suma, a tese equilibra um histórico consistente de ganho de mercado e múltiplos atrativos contra uma margem operacional comprimida e uma alavancagem financeira desconfortável.

Gatilho de falseamento: A alavancagem medida pelo indicador Dívida Líquida/EBITDA ultrapassar 4,0 vezes no próximo balanço trimestral.",,True,False,,,Em Alta,5.230000019073486,5.1625235170523975,-27.821521225699296,False,False,False,sem sinal (Em Alta)
COGN3,BOVA11+SMALL11,BOVA11,Consumo discricionário,52.61,49.54,70.0,,,0.9,,42.5,69.13,44.77,41.78,False,66,Não,Fundo duplo,"Fundo duplo (pré-confirmação) — pescoço R$2.45, preço 29.8% acima do pescoço; falta fechar acima e segurar",False,1,8,False,,False,,False,,False,True,True,True,7,10,False,False,False,False,False,False,True,False,True,False,True,0.39,True,6373424640.0,9.35,0.48,3.73,4.03,5.11,0.79,10.24,8.96,4.0,2.9,3.9,1.88,0.5,2.93,37.63,34.0,6.53,3.98,0.45,44.22,55.77,2.03,4.57,56.7,-30.4,37.2,2.88,2.87,-55.6,47.0,2.1,2.03,4.57,-28.13,2.96,-12.5,-4.33,0.32,128693956.0,2.09,3.8,6.91,2.8,7.6,True,5,,11.9,9.8,True,2024,1.53,0.62,0.0,3.180000066757202,False,False,False,0.9308797627177945,1.2503439615219822,3.3223756278979417,7.120196250239468,2.4528279947951668,2.290749199555663,1.618778715563345,6.644824066965008,2.1870150998668194,2.290749199555663,2.061674279600097,5,True,7.6,-35.16747684529188,-31.225941699522576,n/d,n/d,,,,False,False,,,Em Alta,2.930000066757202,8.53242301378816,-32.72322785117926,False,False,False,sem sinal (Em Alta)
FLRY3,BOVA11+SMALL11+DIVO11,BOVA11,Cuidados de saúde,52.27,48.66,72.72727272727273,,,0.2,,55.24,30.28,50.67,60.96,True,67,Não,,,False,4,8,False,,True,,False,False,True,True,True,True,8,11,False,True,True,False,False,True,True,False,True,True,True,0.7,True,15074755584.0,21.54,2.8,4.22,6.54,13.0,10.93,12.7,8.01,8.16,1.78,1.92,1.86,0.98,1.5,140.87,14.4,16.62,6.47,0.55,61.45,37.83,13.12,27.73,111.4,0.0,55.3,15.58,16.3,-18.6,29.6,91.1,14.3,27.73,60.87,1.87,43.2,-2.57,1.83,115550873.0,35.95,52.42,76.43,8.7,2.0,True,8,,22.9,7.9,True,2023,0.88,0.57,-0.02,27.729999542236328,False,False,False,13.189204749510973,24.804214093435153,17.607930940048824,16.9371079798386,26.957453979293362,19.944897181175023,15.366075883757327,22.32127418677263,19.641019874228988,18.776414060611923,16.898772654550733,8,True,2.0,-39.0595999512667,-29.170500546481403,2026-11-05,2026-08-12,última,,,False,False,,,Em Alta,26.350000381469727,5.237188390088465,-0.3593258416955458,True,False,False,sem sinal (Em Alta)
HYPE3,BOVA11+SMALL11,BOVA11,Cuidados de saúde,52.13,53.31,45.45454545454545,,,0.2,,58.11,45.32,57.58,43.15,True,68,Não,Fundo duplo,"Fundo duplo (pré-confirmação) — pescoço R$21.61, preço 24.6% acima do pescoço; falta fechar acima e segurar",False,4,8,False,,True,,False,False,True,True,True,False,5,11,False,True,False,True,False,True,True,False,True,True,True,0.42,True,18958612480.0,10.86,1.31,3.91,4.14,12.1,12.72,10.74,19.82,8.79,2.25,2.88,1.86,0.53,1.63,45.0,4.5,8.41,6.31,0.5,50.22,49.77,19.64,27.32,37.1,-1.4,23.7,22.31,22.35,-25.3,32.1,19.5,19.64,27.32,-10.73,2.02,5.0,-2.81,0.45,112617476.0,22.39,33.85,51.2,4.2,4.2,True,7,,0.7,3.4,False,,0.99,0.6,0.03,26.93000030517578,False,False,False,8.115858613087026,15.263050230418504,33.9164739778843,33.86702566963571,26.777724543947325,24.97686853291035,17.30625614228028,19.21404819777749,24.474492470693423,24.97686853291035,22.479181679619312,7,True,4.2,-16.527361957367116,-9.118112909974318,n/d,n/d,,,,False,False,,,Em Alta,27.31999969482422,-1.42752340411747,-10.233332316080734,False,False,False,sem sinal (Em Alta)
BMOB3,SMALL11+DIVO11,SMALL11,Comunicação,52.08,50.04,63.63636363636363,,,0.4,,57.09,19.05,70.21,55.48,False,69,Não,Bandeira de alta,"Bandeira de alta (pré-confirmação) — pescoço R$30.75, preço 12.4% acima do pescoço; falta fechar acima e segurar",False,7,8,False,,True,,False,False,True,True,False,True,7,11,True,True,True,False,True,True,True,True,True,True,True,-0.3,True,2882425344.0,18.52,3.14,5.69,6.18,16.97,10.68,11.27,8.49,10.76,-1.91,-2.33,1.69,0.05,,114.4,-1.0,14.19,6.02,1.43,47.82,51.18,19.58,34.55,76.4,0.0,39.8,23.65,24.01,-20.5,35.1,59.5,20.89,34.55,29.27,2.21,33.8,-3.23,1.4,31222086.0,38.87,60.92,95.47,7.9,4.5,True,6,,4.8,13.2,False,,1.15,0.63,0.08,34.54999923706055,False,False,False,15.521539509210296,22.764924613508438,19.89920762393696,21.490869449545684,,22.236814601046543,5.074297944103925,19.800799494515097,20.28569254862717,20.695038536741322,18.62553468306719,6,True,4.5,-46.09107063861163,-41.285982643763894,n/d,n/d,,,,False,False,,,Em Alta,32.34000015258789,6.833639684741333,-0.718390820347381,False,False,False,sem sinal (Em Alta)
EVEN3,SMALL11+DIVO11,SMALL11,Consumo discricionário,52.02,51.58,54.54545454545455,,,0.9,,39.34,65.86,48.01,78.08,False,70,Não,Bandeira de alta,"Bandeira de alta (pré-confirmação) — pescoço R$5.64, preço 10.0% acima do pescoço; falta fechar acima e segurar",False,1,8,False,,True,,False,False,True,True,False,True,6,11,False,False,False,False,False,False,True,False,True,False,True,0.36,True,1232084736.0,6.27,0.64,14.76,9.11,10.28,7.88,4.93,12.83,8.94,2.85,7.13,4.66,0.64,1.42,57.14,-37.5,3.85,2.92,1.27,57.92,36.05,4.03,8.43,54.1,-26.4,24.3,6.37,6.27,-52.2,42.2,-15.0,4.03,8.31,-45.23,2.66,-35.9,-3.86,-0.17,8004551.0,3.56,6.07,10.37,-1.9,6.2,True,7,,-6.1,-11.0,True,,1.4,0.64,0.13,6.210000038146973,False,False,False,4.115755517173865,6.3234420051020805,11.066883409276466,14.70479940574643,13.38978607620226,7.644927339956377,5.486935425711991,2.390148451627758,8.961789882738495,7.644927339956377,6.8804346059607395,7,True,6.2,10.796047724563639,44.312235550527326,n/d,n/d,,,,False,False,,,Em Alta,5.860000133514404,5.972694482221175,-27.207126735997544,False,False,False,sem sinal (Em Alta)
EGIE3,BOVA11,BOVA11,Serviços públicos,51.35,52.39,45.45454545454545,,,0.1,,77.59,29.72,19.39,61.64,True,71,Não,,,False,6,8,False,,True,,False,False,True,False,True,False,5,11,True,True,True,True,True,False,True,False,True,True,True,1.43,True,44941787136.0,11.35,2.99,2.85,6.54,26.37,32.12,11.59,28.94,9.29,3.56,4.23,1.09,2.06,1.67,74.28,270.0,12.36,6.68,0.19,74.84,23.06,27.05,37.14,17.3,-14.6,3.2,30.65,30.87,-26.9,26.8,5.4,27.15,37.14,-24.83,1.69,11.8,-2.54,0.15,107882701.0,25.97,36.61,51.62,4.5,2.7,True,8,,2.6,14.6,False,,0.88,0.63,0.07,31.729999542236328,False,False,False,15.1029151806473,28.4032243558625,38.236520693216434,25.836150157672215,37.255032103306355,41.46264485685675,19.737488842608276,32.06246343469836,29.762054953108525,30.23284389528043,27.209559505752384,8,True,2.7,-14.246580843679846,-6.202157634790506,n/d,n/d,,,,False,False,,,Em Alta,31.790000915527344,-0.18874291149110212,-16.627572541405165,False,False,False,sem sinal (Em Alta)
MDIA3,SMALL11,SMALL11,Bens de primeira necessidade,51.26,53.89,36.36363636363637,,,0.0,,37.5,64.6,88.61,31.51,True,72,Não,Fundo duplo,"Fundo duplo (pré-confirmação) — pescoço R$17.75, preço 16.1% acima do pescoço; falta fechar acima e segurar",False,2,8,False,,True,,False,False,False,True,False,True,4,11,False,False,False,False,False,True,True,False,False,False,True,-0.04,True,6916140032.0,10.76,0.82,4.64,3.3,7.65,8.74,8.32,6.23,5.3,-0.32,-0.54,2.55,0.21,2.18,35.51,-22.6,9.05,3.52,1.38,34.41,65.59,16.15,28.35,27.6,-27.3,16.8,22.58,21.55,-43.0,33.1,-12.4,16.15,25.87,-42.63,2.09,-34.2,-2.59,-0.94,18266940.0,10.61,16.37,25.27,4.1,6.7,True,7,,1.0,8.0,False,2023,0.78,0.45,0.02,20.610000610351562,False,False,False,4.946511453603177,8.095128910956664,22.797529438973633,32.91214607057298,15.770962349892935,20.208372449701685,11.25790483222593,23.24818946900938,19.184319074476175,20.208372449701685,18.187535204731518,7,True,6.7,-11.753834710724554,-6.917425976005676,n/d,n/d,,,,False,False,,,Em Alta,19.860000610351562,3.776434929257144,-28.300336578562423,False,False,False,sem sinal (Em Alta)
CSMG3,BOVA11+SMALL11+DIVO11,BOVA11,Serviços públicos,51.07,48.85,63.63636363636363,,,0.1,,62.99,20.97,34.2,84.25,True,73,Não,,,False,5,8,False,,True,,False,False,True,False,False,True,7,11,True,True,True,False,False,True,True,False,True,True,True,0.9,True,24479952896.0,18.99,2.77,3.09,10.32,14.6,15.68,11.59,14.88,9.97,2.77,3.28,1.22,1.06,,195.94,-21.2,14.83,6.35,0.28,51.64,48.36,31.89,67.15,102.4,-3.9,10.8,54.1,51.3,-20.9,33.5,51.4,41.72,67.15,21.17,2.11,71.8,-2.83,1.82,282175507.0,84.36,128.91,196.98,8.1,7.7,True,6,,10.5,5.7,True,,0.88,0.51,0.09,64.55999755859375,False,False,False,48.44571078746566,71.05370915494963,36.26329510049149,42.223321823745955,,33.70234346983773,9.24714025062533,59.00315628603096,48.4485894370869,45.3345163056058,40.801064675045225,6,True,7.7,-36.80132246285365,-24.955713647424417,n/d,n/d,,,,False,False,,,Em Alta,63.689998626708984,1.365989873832274,-4.377220818097582,False,False,False,sem sinal (Em Alta)
MOTV3,BOVA11,BOVA11,Bens Industriais,50.7,53.23,36.36363636363637,,,0.7,,71.89,50.66,24.62,32.88,False,74,Não,Fundo duplo,"Fundo duplo (pré-confirmação) — pescoço R$14.50, preço 41.4% acima do pescoço; falta fechar acima e segurar",False,6,8,False,,True,,False,False,True,False,True,False,4,11,True,True,False,True,True,False,True,True,True,True,False,1.9,False,41203757056.0,10.68,2.33,4.54,3.32,21.85,19.92,11.72,19.27,7.81,3.69,4.33,1.77,2.45,0.76,35.5,58.4,13.75,6.62,0.44,77.07,22.24,13.02,20.5,57.5,0.0,39.4,14.66,14.9,-22.1,30.5,43.8,13.08,20.5,13.57,1.92,22.6,-2.86,1.08,301822963.0,21.16,31.21,46.03,4.0,6.7,True,7,,-0.6,4.1,False,2025,1.28,0.81,0.03,20.5,False,False,False,4.956002751399238,9.320482593760502,26.25347348072973,19.493127941374752,33.43147382475176,9.997336920321858,22.533519257924155,15.570992034252606,19.514343721873622,19.493127941374752,17.54381514723728,7,True,6.7,-14.42041391591571,-4.808079405494525,n/d,n/d,,,,False,False,,,Em Alta,20.260000228881836,1.1845990543279061,-1.5842531200899845,False,False,False,sem sinal (Em Alta)
ALOS3,BOVA11+SMALL11+DIVO11,BOVA11,Imobiliário,50.62,46.72,72.72727272727273,,,0.8,,49.07,53.83,24.71,62.33,False,75,Não,Bandeira de alta,"Bandeira de alta (pré-confirmação) — pescoço R$34.29, preço 4.5% acima do pescoço; falta fechar acima e segurar",False,3,8,False,,True,,False,True,False,True,True,True,8,11,False,False,False,True,True,False,True,False,True,False,False,0.56,True,17919993856.0,19.33,1.41,9.26,6.63,7.27,9.51,6.39,31.4,7.2,3.4,7.32,0.72,0.56,0.32,128.18,60.8,18.46,3.66,0.27,46.56,50.55,21.16,35.83,69.3,0.0,31.2,26.88,26.96,-21.8,27.7,37.5,24.84,35.83,7.27,1.75,31.0,-2.22,1.47,229635691.0,41.71,59.46,84.75,8.2,3.6,True,8,,37.0,4.4,True,2023,1.17,0.81,0.03,35.83000183105469,False,False,False,17.278897446088425,32.49547487441791,25.3524035451616,32.55461818196397,55.60786626651012,28.036722190163356,22.83629708011349,63.05108783929434,34.65167092796415,30.266098532290634,27.239488679061573,8,True,3.6,-23.975754152899654,-3.288671065791726,n/d,n/d,,,,False,False,,,Em Alta,35.130001068115234,1.9926010294795793,-0.7479131703009845,False,False,False,sem sinal (Em Alta)
RDOR3,BOVA11+AUVP11,BOVA11,Cuidados de saúde,50.02,47.62,63.63636363636363,,,0.2,,62.49,19.47,51.93,42.47,True,76,Não,Fundo duplo,"Fundo duplo (pré-confirmação) — pescoço R$35.87, preço 27.5% acima do pescoço; falta fechar acima e segurar",False,6,8,False,,True,,False,False,True,False,True,True,7,11,True,True,True,False,True,True,True,False,True,True,True,0.68,True,99397763072.0,21.25,4.94,9.39,4.13,23.26,13.61,15.63,8.35,8.81,1.12,0.99,2.9,2.51,7.41,87.67,22.9,17.04,6.35,0.64,79.71,18.16,32.17,45.75,42.2,0.0,29.2,37.92,37.93,-27.6,33.9,14.7,32.17,45.75,-15.53,2.13,-0.8,-3.02,0.33,332998581.0,36.04,55.54,85.57,8.6,3.5,True,8,,34.3,10.2,True,2023,1.21,0.69,0.04,45.75,False,False,False,13.72722991835842,17.842277128689158,20.35151942039274,21.180656439123613,15.056623919606805,21.802575669258257,9.80755115412228,34.47299353506716,19.280178398077304,19.096898274540948,17.187208447086853,8,True,3.5,-62.43233126319814,-57.85753355611518,n/d,n/d,,,,False,False,,,Em Alta,45.54999923706055,0.43907961863747236,-1.8029623306219933,False,False,False,sem sinal (Em Alta)
GOAU4,BOVA11+SMALL11,BOVA11,Materiais,49.8,52.17,36.36363636363637,,,1.0,,29.47,78.28,59.72,73.97,False,77,Não,Bandeira de alta,"Bandeira de alta (pré-confirmação) — pescoço R$12.00, preço 3.5% abaixo do pescoço; falta fechar acima e segurar",False,4,8,False,,True,,False,False,False,True,True,False,4,11,False,False,True,False,True,True,True,False,False,True,True,0.5,True,15316726784.0,19.28,0.8,3.31,8.57,4.13,12.06,10.0,1.14,2.18,0.99,1.35,2.88,0.28,0.26,165.21,73.2,5.7,5.06,1.04,34.12,23.4,7.09,11.78,63.4,-1.7,10.4,9.48,9.43,-25.3,29.8,33.2,7.68,11.78,2.97,1.88,60.8,-2.84,1.28,116775215.0,12.7,18.58,27.19,8.1,6.8,True,7,,-5.4,4.2,False,,0.81,0.52,0.07,11.579999923706055,False,False,False,7.216558214470874,13.57178528721458,8.214964475390454,13.986250658580694,18.018672080455477,6.1112762116739185,7.399668001040385,41.33250769288546,10.64559641840377,8.214964475390454,7.393468027851409,7,True,6.8,-36.153125418284034,-8.069114952146206,n/d,n/d,,,,False,False,,,Em Alta,11.779999732971191,-1.6977912886139923,-5.31479675273493,False,False,False,sem sinal (Em Alta)
SBSP3,BOVA11+AUVP11,BOVA11,Serviços públicos,49.68,48.82,54.54545454545455,,,0.1,,69.95,28.49,40.16,21.92,True,78,Não,Bandeira de alta,"Bandeira de alta (pré-confirmação) — pescoço R$32.03, preço 4.9% acima do pescoço; falta fechar acima e segurar",False,7,8,False,,True,,False,False,True,False,False,True,6,11,True,True,True,True,False,True,True,True,True,True,True,0.76,True,118157524992.0,14.73,2.62,2.01,2.57,17.8,17.28,12.72,19.67,10.06,2.25,2.43,1.47,1.14,1.33,37.84,-33.9,13.93,7.77,0.3,59.31,40.69,23.12,35.21,45.4,-4.6,21.2,27.66,28.02,-33.8,29.8,27.1,23.31,35.21,-3.13,1.88,14.5,-2.39,0.88,687781899.0,32.77,47.89,69.99,6.5,5.0,True,7,,20.0,5.4,True,2024,1.15,0.75,0.07,33.599998474121094,False,False,False,6.277406684651419,11.805574506941216,31.19899996283061,25.655382715000684,31.098661854408153,11.456472303731438,22.35737420628333,30.545863392496308,23.44547556309882,25.655382715000684,23.089844443500617,7,True,5.0,-31.280221749758287,-30.221795750506786,n/d,n/d,,,,False,False,,,Em Alta,33.36000061035156,0.7194180437007036,-4.864381563902709,False,False,False,sem sinal (Em Alta)
SBFG3,SMALL11,SMALL11,Consumo discricionário,49.62,47.15,63.63636363636363,,,0.9,,40.93,83.05,27.5,24.66,False,79,Não,,,False,2,8,False,,True,,False,True,True,True,True,False,7,11,False,False,False,False,True,False,True,False,False,True,False,0.87,True,2627262976.0,6.27,0.82,4.76,2.73,13.07,10.92,8.98,5.0,4.57,3.49,5.35,1.62,1.0,0.58,17.12,185.0,5.06,4.63,0.8,67.87,32.13,7.64,14.95,49.1,-23.8,19.7,11.32,11.12,-48.9,49.8,-5.4,7.64,14.81,-35.63,3.14,-20.7,-4.28,-0.01,46622889.0,6.17,11.54,21.59,-1.9,11.0,False,5,,7.3,8.2,False,2024,1.87,0.72,0.03,11.390000343322754,False,False,False,2.261576728823213,4.253223331948172,24.846221873585673,23.827270742824687,24.63805379498513,6.671897052752878,17.535328227864426,18.005815640617612,,,,5,False,11.0,,,n/d,n/d,,,,False,False,,,Em Alta,10.359999656677246,9.942091899410933,-25.480283574530628,False,False,False,sem sinal (Em Alta)
LOGG3,SMALL11+DIVO11,SMALL11,Imobiliário,49.61,47.14,63.63636363636363,,,0.8,,50.81,44.77,19.19,92.47,False,80,Não,Bandeira de alta,"Bandeira de alta (pré-confirmação) — pescoço R$27.92, preço 12.2% acima do pescoço; falta fechar acima e segurar",False,2,8,False,,True,,True,True,True,True,False,False,7,11,False,False,False,True,False,False,True,False,True,False,False,0.58,True,2727251968.0,7.36,0.78,21.94,13.44,10.63,8.83,3.04,136.74,22.55,121.08,302.7,0.52,0.64,64.14,98.92,-33.1,4.76,0.1,0.28,45.7,53.91,16.32,31.33,91.9,0.0,22.8,24.04,23.42,-19.2,33.0,39.7,22.17,31.33,9.47,2.08,41.4,-2.9,1.63,20111010.0,38.31,58.34,88.85,0.1,5.2,True,6,,4.6,13.2,False,,0.93,0.54,0.11,31.329999923706055,True,False,False,30.624329838365856,30.917468425791842,31.254835220204434,62.024810255587795,57.701001191646036,40.702588944021684,11.891072449455224,,42.20417231260294,35.97871208211306,32.38084087390176,6,True,5.2,3.35410454118954,34.70849797439315,n/d,n/d,,,,False,False,,,Em Alta,29.889999389648438,4.817666655946207,-0.6343189298570584,False,False,False,sem sinal (Em Alta)
BEEF3,BOVA11+SMALL11,BOVA11,Bens de primeira necessidade,49.51,55.04,18.181818181818183,,,0.0,,66.77,64.24,27.54,34.25,True,81,Não,Bandeira de alta,"Bandeira de alta (pré-confirmação) — pescoço R$4.50, preço 0.0% acima do pescoço; falta fechar acima e segurar",False,5,8,False,,False,,False,False,True,False,False,False,2,11,True,True,True,False,False,True,True,False,False,True,True,9.15,False,4462727680.0,9.82,2.85,4.35,3.39,29.04,144.02,16.55,0.8,3.92,2.98,2.48,1.43,13.46,0.65,33.33,-57.5,7.42,5.34,0.65,95.87,2.86,3.04,7.18,48.0,-37.3,19.8,4.21,4.72,-57.7,45.0,-15.5,3.04,6.25,-45.73,2.84,-35.3,-4.87,-0.86,106955197.0,1.77,3.17,5.67,3.2,13.1,False,6,,21.0,60.9,False,2023,0.82,0.35,-0.06,4.5,False,False,False,1.1106558837538472,2.0887496136402994,6.267656527166414,4.034833322983719,8.42887152765941,3.760485277130923,5.6456211812627295,14.58199809754428,,,,6,False,13.1,,,n/d,n/d,,,,False,False,,,Em Alta,4.599999904632568,-2.1739110153428554,-38.48102301178022,False,False,False,sem sinal (Em Alta)
CPLE3,BOVA11+DIVO11,BOVA11,Serviços públicos,49.48,43.77,81.81818181818181,,,0.1,,46.73,33.52,35.15,73.29,True,82,Não,Bandeira de alta,"Bandeira de alta (pré-confirmação) — pescoço R$17.36, preço 1.7% acima do pescoço; falta fechar acima e segurar",False,5,8,False,,True,,False,False,True,True,True,True,9,11,False,True,True,False,True,True,True,False,True,False,True,0.9,True,52413624320.0,16.8,2.18,6.02,8.52,12.99,9.34,9.82,11.41,10.37,2.97,4.16,1.3,0.98,0.34,143.06,50.0,16.75,5.45,0.3,61.78,38.29,10.61,17.65,66.3,0.0,16.9,14.53,14.12,-17.9,26.0,47.6,11.94,17.65,17.37,1.64,47.6,-2.68,1.49,371743060.0,20.68,28.86,40.28,7.4,3.8,True,8,,8.3,15.3,False,2023,1.01,0.75,0.06,17.649999618530273,False,False,False,10.930680027915983,20.55673050411296,14.369431333058442,13.834168839300403,31.517856461661204,8.309775831960696,12.94333305358887,15.216806439384186,15.959847811372843,14.101800086179423,12.691620077561481,8,True,3.8,-28.0928025390047,-9.575931125703729,n/d,n/d,,,,False,False,,,Em Alta,17.649999618530273,0.0,-1.9444465637207031,False,False,False,sem sinal (Em Alta)
GGPS3,SMALL11,SMALL11,Bens Industriais,49.2,48.26,54.54545454545455,,,0.7,,60.3,37.21,50.19,17.81,False,83,Não,Fundo duplo,"Fundo duplo (pré-confirmação) — pescoço R$12.96, preço 37.3% acima do pescoço; falta fechar acima e segurar",False,5,8,False,,True,,False,False,True,False,True,True,6,11,True,True,False,False,True,True,True,False,False,True,True,0.48,True,13391837184.0,14.63,2.98,1.64,2.32,20.36,19.43,11.88,5.1,8.8,1.03,1.2,2.87,1.38,1.09,33.95,207.7,11.75,7.28,0.78,74.55,25.29,11.0,19.55,61.8,-9.0,43.9,16.05,15.04,-43.7,37.5,10.8,11.0,19.55,-19.43,2.36,-20.2,-2.93,0.04,85755707.0,12.12,19.37,30.96,6.5,6.4,True,7,,23.3,17.0,True,,1.35,0.69,0.09,17.799999237060547,False,False,False,3.0043162345052616,5.6500527894082815,16.641015316547243,12.78736163985839,19.18458640013547,9.636549354248594,13.780391964655283,13.261336708363045,12.991613453316615,13.261336708363045,11.93520303752674,7,True,6.4,-32.94829466803003,-27.013404437302533,n/d,n/d,,,,False,False,,,Em Alta,17.0,4.705877865062047,-9.41476039381266,False,False,False,sem sinal (Em Alta)
IRBR3,SMALL11+Carteira,SMALL11,Insurance,48.91,48.72,50.0,,2.87,0.3,,17.01,73.84,100.0,26.03,False,84,Não,Bandeira de alta,"Bandeira de alta (pré-confirmação) — pescoço R$67.51, preço 4.0% acima do pescoço; falta fechar acima e segurar",False,1,6,False,,False,,False,,False,,False,True,4,8,False,False,False,,False,,True,False,True,False,True,,True,5697238016.0,-39.05,1.08,2.25,2.87,-2.76,2.79,0.0,4.89,,,,,,,,-23.0,8.06,2.3,,66.23,33.77,44.91,70.47,56.3,-0.4,26.0,52.87,53.54,-21.4,32.8,38.0,49.05,70.47,7.77,2.07,29.6,-2.79,1.0,67839360.0,69.65,105.84,160.84,,1.8,True,3,,,-14.5,,2024,0.87,0.51,0.06,70.19000244140625,False,False,False,14.661154223119528,21.503026193908642,,,,26.30875,,,20.824310139009388,21.503026193908642,19.35272357451778,3,True,1.8,-72.42809103664985,-70.33151529465572,2026-11-12,2026-07-01,última,"A análise fundamentalista do IRB Brasil RE revela um quadro operacional profundamente desafiador, no qual a fraca rentabilidade reflete a deterioração dos seus indicadores de retorno. O ROE negativo de -2.8% e o ROIC zerado em 0.0% situam-se significativamente abaixo dos pares do setor de seguros (34.3% e 19.5%, respectivamente), o que demonstra que a alta eficiência observada em outras seguradoras não é replicada aqui, enquanto a margem líquida se encontra comprimida em 4.89%. Essa desparidade entre qualidade e preço resulta em um P/L negativo de -39.05 coexistindo com um P/VP de 1.08, indicando que a ação não negocia a múltiplos verdadeiramente pechinchados em relação à sua capacidade de geração de lucro. Sob a ótica de proventos, o dividend yield de 2.25% mostra-se modesto e condizente com os resultados operacionais conturbados, já que a distribuição sustentável de dividendos exige uma lucratividade consistente que a empresa atualmente não entrega. No tocante ao crescimento, a contração das receitas no CAGR de 5 anos em -23.0% contrasta fortemente com o setor (-2.5%), sendo que a trajetória por janelas aponta que o faturamento segue caindo (-14.5% em 1 ano, sinalizando um quadro de contração contínua), destacando-se que a variação atípica observada no exercício de 2024 merece checagem manual para isolar eventuais impactos contábeis extraordinários. Esse desempenho desfavorável se reflete no checklist de investimentos, no qual a companhia atendeu a apenas 1 de 6 critérios avaliados. Sob a ótica do valuation, as faixas de preço-teto pelos métodos de Bazin (R$ 14.66) e Gordon (R$ 21.50) registram expressiva dispersão entre si, convergindo para uma média de R$ 20.82 e mediana de R$ 21.50 que, frente ao preço ajustado com margem de segurança de R$ 19.35, indicam um expressivo risco de queda (upside negativo de -72.4%) em relação cotação atual de R$ 70.19. Diante do histórico recente de encolhimento de receita, a precificação atual sugere um patamar de crescimento implícito bastante exigente e descolado da realidade operacional demonstrada. Em síntese, o papel apresenta como prós uma excelente pontuação no score de segurança financeira e a manutenção de uma tendência de alta no gráfico, mas carrega como contras a rentabilidade destrutiva de valor, o encolhimento estrutural da receita e um valuation com margem de segurança fortemente negativa.

Gatilho de falseamento: o ROE ultrapassar a taxa Selic no fechamento anual do próximo resultado.",,False,True,57.62,21.82,Em Alta,70.47000122070312,-0.3973304589848903,-1.8321644176136354,False,False,False,sem sinal (Em Alta)
SMTO3,SMALL11,SMALL11,Bens de primeira necessidade,48.72,52.51,27.272727272727273,,,0.0,,44.39,79.01,47.11,33.56,True,85,Não,Fundo duplo,"Fundo duplo (pré-confirmação) — pescoço R$16.37, preço 26.5% acima do pescoço; falta fechar acima e segurar",False,3,8,False,,True,,False,False,True,False,False,False,3,11,False,True,False,False,False,True,True,False,True,True,True,0.99,True,6681406976.0,8.48,0.93,1.05,3.39,11.0,14.59,6.36,11.43,4.0,2.38,5.13,3.16,1.65,1.08,28.78,-39.3,10.73,3.45,0.45,68.55,31.45,12.82,21.21,61.5,-2.4,22.4,15.88,16.28,-34.0,45.4,41.8,13.89,21.21,11.57,2.86,27.1,-4.2,0.48,35922748.0,15.02,26.67,47.37,1.8,9.1,False,7,,3.9,3.8,True,2025,0.6,0.26,0.04,20.700000762939453,False,False,False,5.108679929904228,9.60761419075537,33.38709800474105,34.96408924679935,27.408069415986493,11.098489373697952,18.879327007839624,46.433565082041234,,,,7,False,9.1,,,n/d,n/d,,,,False,False,,,Lateral,20.270000457763672,2.1213630758014412,-3.2581977552592956,False,False,False,sem sinal (Lateral)
ASAI3,BOVA11+SMALL11,BOVA11,Bens de primeira necessidade,48.59,49.14,45.45454545454545,,,0.0,,63.95,57.97,24.53,9.59,True,86,Não,Fundo duplo,"Fundo duplo (pré-confirmação) — pescoço R$9.00, preço 47.4% acima do pescoço; falta fechar acima e segurar",False,5,8,False,,True,,False,False,True,False,True,False,5,11,True,True,True,False,True,False,True,False,False,True,True,3.56,False,17724303360.0,18.62,2.83,0.79,0.96,15.21,17.56,21.18,1.24,3.52,3.72,2.41,1.12,4.25,1.49,17.78,123.2,13.85,6.76,0.42,88.39,11.61,7.01,13.27,89.4,0.0,47.7,8.61,8.73,-29.4,50.9,84.7,7.04,13.27,54.47,3.21,10.8,-4.43,0.78,217036360.0,10.43,19.9,37.99,8.0,10.6,False,4,,12.3,4.7,True,,1.75,0.66,0.02,13.270000457763672,False,False,False,0.9217044406836361,1.7333989965114833,9.7475489312425,8.67119875285606,9.592786219725381,2.3733961839415856,7.642251181005618,,,,,4,False,10.6,,,n/d,n/d,,,,False,False,,,Em Alta,12.979999542236328,2.234213603657653,-3.8405777220715254,False,False,False,sem sinal (Em Alta)
PRIO3,BOVA11,BOVA11,Energia,48.51,46.48,60.0,,,0.9,,59.07,50.0,34.28,5.48,False,87,Bandeira de alta,,,False,3,8,False,,True,,False,,True,True,True,False,6,10,False,False,False,True,True,False,True,False,True,True,True,0.78,True,51045429248.0,14.53,1.99,0.0,0.18,13.71,30.11,10.92,18.11,6.04,1.73,2.17,1.34,0.9,1.09,2.58,189.4,6.46,6.59,0.25,59.83,40.17,34.2,72.1,88.5,-10.6,7.2,57.36,54.09,-27.7,35.9,54.3,40.82,72.1,24.07,2.26,69.3,-3.42,1.28,538293706.0,69.26,109.8,174.09,6.4,72.9,False,5,,34.8,8.5,True,2023,0.15,0.08,0.03,64.44999694824219,False,False,False,0.8317560367039445,1.564237965801289,60.66824746587634,56.853187002759896,60.03190538961403,2.160697007894198,49.98164027359413,26.359683301545193,,,,5,False,72.9,,,n/d,n/d,,,Bandeira de alta,False,False,,,Em Alta,64.1500015258789,0.46764678913102653,-11.688141979074052,False,True,False,"Bandeira de alta — mastro +18%, recuo 42%, bandeira 7d (candidato)"
BRBI11,SMALL11+DIVO11,SMALL11,Produtos financeiros,48.4,53.41,20.0,20.63,,0.4,,32.81,38.98,100.0,89.04,False,88,Não,Bandeira de alta,"Bandeira de alta (pré-confirmação) — pescoço R$17.64, preço 9.4% acima do pescoço; falta fechar acima e segurar",False,3,5,False,,True,,False,False,True,,False,False,2,10,True,True,False,,False,,,True,True,True,True,,True,,12.7,2.5,7.15,11.85,19.7,21.77,1.85,0.0,,,,,,,150.45,-22.4,9.51,0.94,0.23,95.52,4.48,11.74,20.71,64.4,-6.8,33.8,17.73,16.82,-43.3,37.1,2.9,11.74,20.71,-27.33,2.34,-11.1,-3.16,0.26,8566757.0,14.25,22.81,36.52,5.4,3.3,True,4,,50.1,67.6,False,,1.12,0.58,0.02,19.299999237060547,False,False,False,16.628231689574463,24.388073144709214,16.209973112491802,16.247131145801866,,7.333333333333334,4.13354314368541,,16.139902820027203,16.419102401033133,14.77719216092982,4,True,3.3,-23.43423448144947,-16.373557212195188,n/d,n/d,,,,False,False,,,Em Alta,18.530000686645508,4.155415660453654,-8.859738846293663,False,False,False,sem sinal (Em Alta)
FESA4,SMALL11,SMALL11,Materiais,47.47,51.03,27.272727272727273,,,1.0,,27.63,68.97,72.16,69.18,False,89,Não,,,False,2,8,False,,True,,False,False,False,True,False,False,3,11,False,False,False,False,False,True,True,False,False,True,True,-0.12,True,2236526080.0,15.8,0.71,9.83,8.07,4.49,15.62,3.69,6.78,4.72,-3.62,-9.04,3.61,0.12,,127.56,-76.0,4.71,-1.74,1.53,26.31,73.65,4.8,8.69,37.5,-24.1,13.8,6.78,6.71,-44.8,37.9,-2.9,4.8,8.69,-33.13,2.39,-2.7,-3.42,0.11,7416922.0,4.51,7.34,11.94,7.0,8.2,False,6,,-9.4,4.4,False,,1.01,0.51,-0.05,6.599999904632568,False,False,False,3.875225220095507,5.683663656140078,4.455696138148569,9.347112514670348,,5.225440763076465,1.1362025152278852,7.019631660991389,,,,6,False,8.2,,,n/d,n/d,,,,False,False,,,Em Alta,6.380000114440918,3.4482725116836255,-25.842694522244503,False,False,False,sem sinal (Em Alta)
GGBR4,BOVA11,BOVA11,Materiais,47.3,49.23,36.36363636363637,,,1.0,,33.0,64.2,59.44,64.38,False,90,Pivô de alta,,,False,4,8,False,,True,,False,False,False,True,True,False,4,11,False,False,True,False,True,True,True,False,False,True,True,0.18,True,50398699520.0,22.72,0.95,3.11,7.04,4.18,12.63,10.03,3.22,5.48,0.97,1.33,2.87,0.28,0.31,160.05,73.5,8.94,5.03,1.04,34.14,65.6,16.55,26.1,55.2,-1.6,8.0,21.48,21.42,-26.3,29.5,28.2,17.08,26.1,-2.03,1.86,55.3,-2.62,1.13,257149922.0,27.0,39.35,57.34,9.0,2.9,True,8,,-5.4,4.2,False,2025,0.74,0.49,0.03,25.690000534057617,False,False,False,13.161585077234502,24.75227129041198,15.465356977567625,26.22946341586141,33.921655634759176,11.693289039877385,13.930493247341104,24.37905793496917,20.441646577252794,19.922207456268396,17.929986710641558,8,True,2.9,-30.206359136226922,-20.429559547291575,n/d,n/d,,,Pivô de alta,False,False,,,Lateral,26.100000381469727,-1.570880618466186,-5.3077724705255624,False,True,False,Pivô de alta
RANI3,SMALL11+DIVO11,SMALL11,Materiais,47.3,50.84,27.272727272727273,,,1.0,,48.05,56.5,36.75,77.4,False,91,Não,,,False,3,8,False,,True,,False,False,False,False,False,False,3,11,False,True,True,False,False,False,True,False,False,True,True,0.8,True,1921273472.0,14.92,1.35,4.8,9.02,9.03,25.63,11.69,7.65,5.25,2.42,2.84,2.1,1.38,,134.57,-70.2,5.9,4.4,0.56,63.24,36.76,7.56,9.51,10.8,-11.9,6.1,8.17,8.28,-20.5,22.9,0.6,7.56,9.51,-29.63,1.44,-4.3,-2.14,-0.45,5776944.0,6.31,8.45,11.33,6.6,5.8,True,6,,-0.0,8.4,False,,0.52,0.44,0.02,8.380000114440918,False,False,False,5.4969934038060035,8.062256992248805,5.991063531325053,8.856945815831383,,4.907844434247283,1.5277212004878886,8.380000114440918,6.949184048649908,7.02666026178693,6.323994235608237,6,True,5.8,-24.534676023329027,-17.074177162901726,n/d,n/d,,,,False,False,,,Em Alta,8.260000228881836,1.452783077892561,-13.638487097514085,False,False,False,sem sinal (Em Alta)
SAUD3,DIVO11+AUVP11,SMALL11,Healthcare,46.67,43.68,63.63636363636363,,,0.2,,49.63,10.32,65.73,56.16,True,92,Não,Fundo duplo,"Fundo duplo (pré-confirmação) — pescoço R$13.64, preço 15.2% acima do pescoço; falta fechar acima e segurar",False,6,8,False,,True,,False,False,False,True,False,True,7,11,False,True,True,False,True,True,True,True,True,True,True,-0.69,True,45927673856.0,43.59,2.46,1.33,6.21,5.63,39.67,4.59,9.86,24.97,-7.41,-18.52,1.06,0.01,,270.49,-19.6,9.24,5.03,0.66,34.2,65.77,10.39,15.99,51.2,-1.8,11.2,13.24,13.17,-21.2,37.9,41.9,10.39,15.99,11.67,2.39,17.5,-3.08,0.32,110378978.0,11.71,18.98,30.77,11.2,14.3,False,6,,9.3,6.1,True,2023,0.9,0.46,-0.02,15.710000038146973,False,False,False,7.08995243439964,10.398596903786139,3.844306807530038,7.196253556357011,,14.002319451412832,0.9802982359201599,6.57362155122969,,,,6,False,14.3,,,n/d,n/d,,,,False,False,,,Em Alta,15.949999809265137,-1.5047007773551946,-4.080112825769888,False,False,False,sem sinal (Em Alta)
VALE3,BOVA11+DIVO11+Wishlist,BOVA11,Materiais,46.43,51.42,18.181818181818183,,,1.0,,48.31,49.52,43.68,85.62,False,93,Não,,,False,4,8,False,,True,,False,False,False,True,False,False,2,11,True,False,True,False,False,True,True,False,False,True,True,0.41,True,288966279168.0,29.07,1.53,8.26,10.47,5.27,24.52,18.11,4.76,4.09,1.04,0.79,1.19,0.55,,304.41,-43.5,8.45,7.92,0.39,60.3,38.73,54.3,87.63,25.0,-22.5,-9.4,75.64,73.89,-22.8,26.8,-3.6,67.64,87.63,-33.83,1.69,44.0,-2.69,0.46,1906514327.0,60.25,84.98,119.84,10.0,14.7,False,6,,-4.3,0.9,False,,0.72,0.51,-0.06,67.9000015258789,False,False,False,51.710367634293995,75.84187253029786,24.914574576632557,48.29395930339088,,44.166666666666664,6.353216517041303,93.6956854523816,,,,6,False,14.7,,,2026-10-29,2026-08-12,última,"A análise de VALE3 revela um perfil financeiro misto no setor de materiais, onde a eficiência operacional demonstrada pelo ROIC de 18,1% supera com folga a média dos pares de 9,2%, embora o ROE de 5,3% permaneça ligeiramente abaixo do patamar setorial de 5,6%. Essa elevada rentabilidade sobre o capital investido convive com um valuation descontado sob a ótica do EV/EBITDA de 4,09, contrastando com um P/L esticado de 29,07 e um P/VP de 1,53. A saúde financeira mostra-se bastante robusta, uma vez que o baixo endividamento medido pela relação Dívida Líquida/EBITDA de 1,04 situa-se confortavelmente abaixo do setor de 1,76, garantindo a sustentabilidade de um atraente Dividend Yield de 8,26%. Por outro lado, a trajetória de vendas preocupa, com o CAGR de receita de 5 anos amargando retração de 43,5% — bem inferior aos 17,4% do setor —, movimento que reflete uma janela atípica de 5 anos apontada como zerada e que exige checagem manual de eventuais eventos contábeis pontuais. A avaliação pelos critérios do checklist expõe essa dicotomia ao aprovar a empresa em apenas 4 de 8 quesitos, penalizada pela falta de crescimento de receita e por vendas recentes de insiders. No âmbito do valuation, a alta dispersão entre os métodos de preço-teto exige cautela extra, variando desde os conservadores R$ 24,91 no DCF até R$ 75,84 no modelo de Gordon, sendo que o crescimento implícito no preço atual de 10,0% ao ano soa exigente frente ao recente histórico de retração do topo da linha. Em suma, o papel traz como fortalezas a geração de caixa, o forte retorno sobre o capital investido e os dividendos expressivos sustentados pelo baixo endividamento, mas enfrenta como contrapartidas a desaceleração de receitas, margens pressionadas e métricas conflitantes de precificação.

Gatilho de falseamento: ROIC caindo abaixo da média do setor de 9,2% na divulgação do próximo resultado trimestral.",,True,False,,,Em Baixa,73.37000274658203,-7.455364612151316,-23.809964494344616,False,False,False,sem sinal (Em Baixa; sem novo topo (-7.5%))
OPCT3,SMALL11,SMALL11,Bens Industriais,45.42,41.08,70.0,,,0.7,,60.1,19.55,40.25,10.96,False,94,Não,,,False,6,8,False,,False,,False,,True,False,True,True,7,10,True,True,True,False,True,True,True,False,False,False,True,0.66,True,5167374848.0,30.79,4.99,0.38,0.98,16.21,1.49,14.93,6.99,8.4,2.17,2.0,2.22,1.92,2.72,30.27,486.7,24.75,8.23,0.53,70.86,29.16,7.35,11.4,48.1,-4.5,5.9,9.45,9.39,-26.9,36.6,32.7,8.2,11.4,2.47,2.3,54.0,-2.94,0.89,17865604.0,10.1,16.16,25.85,10.2,10.4,False,6,,21.1,24.0,False,2025,0.84,0.44,-0.01,10.890000343322754,False,False,False,0.7785504298462738,1.4641770987108953,4.837515474828282,4.167388944205013,4.345642934081652,1.797832985548047,3.520722915005849,8.129570911366454,,,,6,False,10.4,,,n/d,n/d,,,,False,False,,,Lateral,10.399999618530273,4.711545603515388,-7.0025592839705775,False,False,False,sem sinal (Lateral)
SUZB3,BOVA11,BOVA11,Materiais,45.42,50.23,18.181818181818183,,,1.0,,51.49,72.91,29.78,28.77,False,95,Não,,,False,5,8,False,,False,,False,False,True,False,False,False,2,11,True,True,False,True,False,False,True,True,True,True,False,1.47,True,52550692864.0,6.6,1.09,0.01,3.06,16.44,27.73,5.54,17.08,6.14,3.68,9.14,3.38,1.99,0.5,20.22,-64.0,5.89,3.15,0.57,73.83,26.09,39.68,58.97,7.5,-27.6,-1.1,46.96,46.96,-32.7,28.8,-17.7,39.68,58.97,-47.93,1.81,-0.1,-2.53,-0.74,329596851.0,26.41,38.03,54.77,-1.2,11.0,False,5,,0.2,5.7,False,2025,0.28,0.19,-0.01,42.66999816894531,False,False,False,9.505460552495771,17.876398393887207,88.4265846707371,75.46206172517282,104.60303558688298,16.11207530917374,71.85720673887306,27.206656475519985,,,,5,False,11.0,,,n/d,n/d,,,,False,False,,,Em Baixa,48.58000183105469,-12.165507285616062,-28.458792277282484,False,False,False,sem sinal (Em Baixa; sem novo topo (-12.2%))
QUAL3,SMALL11,SMALL11,Cuidados de saúde,45.42,50.23,18.181818181818183,,,0.2,,52.0,72.58,37.25,12.33,True,96,Não,,,False,5,8,False,,False,,False,False,False,True,True,False,2,11,True,False,True,False,True,True,False,True,False,False,True,0.59,True,687377728.0,26.46,0.52,0.37,1.25,1.96,0.44,22.61,1.9,1.76,2.45,1.49,0.58,0.89,20.18,33.1,60.1,4.96,5.32,0.47,66.78,32.76,1.39,2.71,74.8,-10.2,47.5,1.91,1.97,-48.6,62.0,5.7,1.39,2.62,-24.53,3.91,-30.2,-5.66,0.26,7475376.0,1.23,2.71,5.97,9.6,14.1,False,6,,-9.9,-7.5,False,,1.84,0.57,0.1,2.430000066757202,False,False,False,0.2210553550559522,0.2475635285987441,0.7479961655968114,3.1074271280743697,0.2352975116258547,0.540336053516541,0.3268683007545006,,,,,6,False,14.1,,,n/d,n/d,,,,False,False,,,Em Alta,2.0999999046325684,15.714294148140606,-13.3927575673627,False,False,False,sem sinal (Em Alta)
RADL3,BOVA11,BOVA11,Bens de primeira necessidade,45.27,43.63,54.54545454545455,,,0.0,,62.1,23.42,41.98,14.38,True,97,Não,,,False,6,8,False,,True,,False,False,True,False,True,True,6,11,True,True,True,False,True,True,True,False,False,True,True,1.09,True,37523587072.0,28.01,5.16,2.1,1.54,18.41,18.18,16.71,2.88,7.97,2.06,1.69,1.41,1.18,2.68,43.16,14.4,18.49,7.8,0.84,70.85,29.09,16.07,26.6,33.5,-19.3,16.3,20.57,20.86,-39.6,37.3,-8.0,16.07,26.6,-38.23,2.35,8.5,-3.55,0.3,265001758.0,15.93,25.67,41.38,9.8,6.0,True,7,,15.0,13.8,True,,1.25,0.64,0.14,21.459999084472656,False,False,False,2.404678120987767,4.522346272696349,10.479022021877444,8.467194828782048,9.198216982845654,7.150589440953494,7.215314065203771,14.3825891970171,8.77361040133941,8.467194828782048,7.620475345903844,7,True,6.0,-64.48986173807609,-59.11644559347843,n/d,n/d,,,,False,False,,,Em Alta,21.197742462158203,1.2371912847918942,-20.546840591636517,False,False,False,sem sinal (Em Alta)
SLCE3,SMALL11,SMALL11,Bens de primeira necessidade,45.14,48.29,27.272727272727273,,,0.0,,51.59,44.49,37.24,65.07,True,98,Não,Bandeira de alta,"Bandeira de alta (pré-confirmação) — pescoço R$17.43, preço 1.0% acima do pescoço; falta fechar acima e segurar",False,2,8,False,,True,,False,False,False,False,True,False,3,11,False,False,False,False,True,False,True,False,False,True,True,1.87,True,8728901632.0,22.6,1.62,4.57,7.05,7.16,17.38,10.84,4.41,6.86,4.42,5.6,2.2,1.82,0.93,159.32,24.2,11.99,6.41,0.63,73.5,23.57,12.62,19.32,39.5,-8.9,16.9,15.22,15.42,-34.7,26.4,19.0,12.62,19.32,-11.23,1.66,34.4,-2.45,0.66,48736670.0,16.58,23.23,32.53,8.9,2.6,True,8,,0.8,25.1,False,,0.39,0.29,-0.04,17.600000381469727,False,False,False,9.0233668428477,16.96975119154906,10.651441852331091,13.797239702006538,23.36283236478282,11.363478682773742,9.59433649113748,11.549547811338725,13.288999367345895,11.456513247056233,10.31086192235061,8,True,2.6,-41.415558529155106,-24.494323412985242,n/d,n/d,,,,False,False,,,Em Alta,17.989999771118164,-2.1678676743206893,-9.650919943249525,False,False,False,sem sinal (Em Alta)
BBAS3,BOVA11+DIVO11+Carteira,BOVA11,Produtos financeiros,44.79,48.77,22.22222222222222,14.56,,0.4,,37.76,57.39,50.86,72.6,False,99,Não,Bandeira de alta,"Bandeira de alta (pré-confirmação) — pescoço R$26.59, preço 7.3% abaixo do pescoço; falta fechar acima e segurar",False,2,6,False,,True,,False,False,False,,False,False,2,9,False,False,False,,False,,True,True,True,True,True,,True,140666634240.0,9.75,0.78,2.8,8.48,7.99,14.73,0.0,21.83,,,,,,7.05,82.7,-13.8,5.76,0.79,,92.12,7.71,17.71,27.18,39.1,-9.3,19.2,21.36,21.75,-34.8,31.9,16.3,17.71,27.18,-13.93,2.01,8.0,-2.96,0.26,1161647448.0,19.44,29.19,43.82,3.2,1.4,True,4,,6.1,1.6,True,,1.28,0.77,0.04,24.639999389648438,False,False,False,15.19904506231397,17.131861513368435,20.71675029286858,42.38208738523633,24.92866344970846,15.563975812004454,9.110160176170417,,17.15290817013886,16.347918662686446,14.713126796417802,4,True,1.4,-40.287633275677095,-30.385922909783,2026-11-11,2026-09-02,última,"A análise fundamentalista do Banco do Brasil (BBAS3) revela uma clara assimetria negativa, em que a atratividade aparente dos múltiplos de preço oculta fragilidades operacionais relevantes frente ao setor de produtos financeiros. Embora o papel negocie descontado sobre o seu valor patrimonial (P/VP de 0,78) e com um P/L moderado de 9,75, esse valuation comprimido convive com retornos sobre o capital desapontadores, vistos no ROE de 8,0% e no ROIC de 0,0%, ambos posicionados bem abaixo dos pares do setor (18.4% e 2.2%, respectivamente). A rentabilidade operacional, evidenciada pela margem líquida de 21,83%, acaba sendo eclipsada pela trajetória de crescimento comprometida, na qual o CAGR de receita de 5 anos amarga uma queda de -13,8% contra a expansão média do setor. Além disso, a análise detalhada por janelas temporais expõe que o crescimento das receitas está explicitamente desacelerando, passando de 6,1% em 3 anos para apenas 1,6% no último ano, um claro sinal de alerta que a média isolada não revela totalmente. Essa fragilidade é confirmada pelo checklist de critérios, que aprovou apenas 2 dos 6 quesitos avaliados, reprovando o banco em capacidade de superar a Selic e de acompanhar os pares. O provento atual, refletido num dividend yield modesto de 2,8%, mostra-se coerente com a retenção necessária para balançar essa rentabilidade pressionada, sem sinalizar insustentabilidade primária. Sob a ótica do valuation pelos métodos de preço-teto, observa-se uma enorme dispersão entre os modelos, variando do conservadorismo de Bazin (R$ 15,20) ao otimismo descolado de Graham (R$ 42,38); contudo, com uma média de R$ 17,15 e um preço-teto ajustado de R$ 14,71, o papel negocia a R$ 24,64 com um upside negativo de -40,3%. Paralelamente, o crescimento implícito no preço atual de 3,2% ao ano exige uma recuperação que parece exigente quando confrontada com a histórica retração das receitas. Em suma, o balanço de prós e contras coloca em pratos opostos a alta margem líquida e o desconto do patrimônio versus a desacelerante geração de valor, a fraca rentabilidade sobre o capital e o valuation desfavorável pela maioria dos preços-teto.

Gatilho de falseamento: ROE anual fechar o próximo ciclo de resultados acima de 18,4%, igualando a média atual do setor e invalidando a tese de retornos estruturalmente deprimidos.",,False,True,22.29,10.54,Em Alta,26.329999923706055,-6.418536038566547,-10.091984231432638,False,False,False,sem sinal (Em Alta)
ANIM3,SMALL11,SMALL11,Consumo discricionário,44.65,44.51,45.45454545454545,,,0.9,,44.09,56.01,23.87,58.9,False,100,Não,,,False,4,8,False,,False,,False,False,False,False,True,True,5,11,True,False,True,False,True,False,True,False,False,False,False,1.75,False,1998880384.0,13.89,0.88,1.47,6.45,6.36,-2.07,14.6,3.71,3.79,3.35,3.15,1.49,2.02,20.94,89.57,205.2,7.16,6.53,0.35,72.15,22.61,1.93,5.29,174.1,0.0,89.6,3.33,3.46,-62.7,72.8,63.9,1.93,5.29,33.67,4.59,-7.5,-5.71,0.9,25827790.0,3.37,8.85,23.25,6.1,18.5,False,6,,4.1,5.8,False,,2.08,0.55,0.06,5.289999961853027,False,False,False,2.4808946624444026,2.623954419385032,2.929534972368372,7.177190424040372,2.708549868663989,1.3048829799373942,1.19761351902123,22.117025408105608,,,,6,False,18.5,,,n/d,n/d,,,,False,False,,,Em Alta,4.699999809265137,12.553195245344906,-0.18868355701793238,False,False,False,sem sinal (Em Alta)
NATU3,BOVA11+SMALL11,BOVA11,Bens de primeira necessidade,44.33,48.23,22.22222222222222,,,0.0,P/L=-3.85<2,38.76,78.91,54.26,2.05,True,101,Não,,,False,2,8,False,,False,,,,False,True,False,False,2,9,False,False,False,False,False,True,True,False,False,True,True,0.35,True,10231328768.0,-3.85,0.81,0.0,0.0,-21.11,16.32,10.18,-12.47,4.59,2.58,3.48,1.68,0.54,,,-88.9,7.89,2.55,0.77,55.21,44.79,6.55,10.7,13.7,-30.4,-11.4,8.57,8.66,-38.8,46.9,3.5,6.55,10.7,-26.73,2.95,-3.0,-4.43,-0.36,89536494.0,3.53,6.46,11.81,,1.0,True,1,,18.7,2.6,True,"2023, 2024",1.2,0.49,-0.02,7.449999809265137,,False,False,,,,,,,,12.738387598668291,12.738387598668291,12.738387598668291,11.464548838801463,1,True,1.0,53.88656553445359,70.98507281605954,n/d,n/d,,,,False,False,,,Em Baixa,8.079999923706055,-7.797031192940351,-33.18385592691929,False,False,False,sem sinal (Em Baixa; sem novo topo (-7.8%))
RENT3,BOVA11,BOVA11,Bens Industriais,43.32,39.73,63.63636363636363,,,0.7,,52.69,33.78,18.67,38.36,False,102,Não,,,False,2,8,False,,True,,False,True,True,False,True,True,7,11,False,True,False,False,False,False,True,False,False,False,False,1.34,True,60212555776.0,17.9,2.26,3.87,3.79,12.63,7.58,12.27,7.39,6.5,4.1,4.6,1.14,1.71,4.4,67.82,24.5,12.33,6.27,0.33,70.15,29.84,31.57,54.51,72.7,0.0,41.5,41.17,41.47,-37.9,44.0,30.4,31.57,54.51,0.17,2.77,0.8,-3.51,0.91,692531136.0,49.0,85.06,147.68,7.7,4.1,True,8,,32.9,12.1,True,,1.86,0.81,0.11,54.5099983215332,False,False,False,15.019564329372818,22.189762158420958,32.72018507044849,40.65244703414747,23.9155478858795,48.85916306392292,16.20511429702375,61.783992531790496,32.6682220463758,28.317866478163992,25.486079830347595,8,True,4.1,-53.24512820562723,-40.06930278427324,n/d,n/d,,,,False,False,,,Em Alta,52.31999969482422,4.185777216137154,-0.6560973525778002,False,False,False,sem sinal (Em Alta)
ECOR3,SMALL11,SMALL11,Bens Industriais,43.02,37.78,72.72727272727273,,,0.7,,47.82,34.59,27.81,20.55,False,103,Não,,,False,2,8,False,,True,,False,True,True,False,False,True,8,11,False,True,False,False,False,False,True,False,False,True,False,5.91,False,10260413440.0,18.81,2.5,2.05,2.51,13.28,19.86,11.52,4.59,6.14,4.62,5.52,2.52,6.64,2.69,47.3,-89.7,23.79,6.86,0.19,88.21,11.06,5.87,14.75,151.3,0.0,91.8,8.27,8.64,-50.0,52.1,45.6,5.87,14.75,15.37,3.28,14.1,-3.96,1.39,142479708.0,15.94,30.59,58.69,8.0,11.8,False,6,,23.9,16.7,True,2023,2.06,0.76,0.04,14.75,False,False,False,2.697336501028505,5.072732839031026,10.725249095367941,10.202788342024602,7.460010539506956,1.8171810610295482,5.645402959582653,21.364565660955364,,,,6,False,11.8,,,n/d,n/d,,,,False,False,,,Em Alta,13.770000457763672,7.11691728146453,-0.8069931841466871,False,False,False,sem sinal (Em Alta)
AXIA3,BOVA11+Carteira,BOVA11,Serviços públicos,42.67,38.97,63.63636363636363,,,0.1,,39.09,28.17,49.06,45.21,True,104,Não,Bandeira de alta,"Bandeira de alta (pré-confirmação) — pescoço R$61.78, preço 3.1% abaixo do pescoço; falta fechar acima e segurar",False,3,8,False,,True,,False,False,False,True,True,True,7,11,False,False,False,True,False,True,True,False,True,False,True,0.54,True,137292595200.0,14.04,1.38,2.58,4.28,9.86,5.35,3.25,27.05,16.59,2.95,7.36,2.05,0.63,3.56,60.04,9.7,10.04,3.03,0.39,57.63,42.34,48.65,67.15,23.0,-10.9,12.1,54.95,56.0,-27.0,38.4,19.7,49.43,67.15,-10.53,2.42,7.8,-3.11,0.27,1089128547.0,42.05,70.46,118.04,6.2,3.5,True,8,,6.6,2.7,True,,1.33,0.67,0.07,59.84000015258789,False,False,False,18.61158710408485,27.11369413740373,45.15720603033868,64.4851549783794,35.01888809030957,22.060833012099245,22.339640649813248,28.087912574234984,32.85936457208296,27.60080335581936,24.840723020237423,8,True,3.5,-58.48809666294237,-45.08796041394747,2026-11-04,2025-11-17,última,"A análise fundamentalista da AXIA3 revela um perfil operacional desafiador no setor de serviços públicos, evidenciado por retornos sobre o patrimônio de 9,9% e sobre o capital investido de 3,2% que figuram abaixo dos pares setoriais, sugerindo menor eficiência na alocação de capital e justificando o não cumprimento de métricas operacionais chave no checklist do papel, que atende apenas a três dos oito critérios avaliados. Apesar de contar com uma rentabilidade contida e de não superar a taxa Selic em retorno de capital, a companhia preserva uma margem líquida robusta de 27,05%, ao mesmo tempo em que ostenta um endividamento controlado com Dívida Líquida/EBITDA de 2,95 vezes — patamar mais desalavancado que a média do setor — e uma sólida liquidez corrente de 2,05. Esse perfil de alavancagem moderada confere sustentabilidade financeira, embora o rendimento de dividendos de 2,58% seja modesto e reflita a rentabilidade mais enxuta do negócio. Do ponto de vista de preço e valuation, a combinação de ROE e ROIC reduzidos não convive com múltiplos pechinchas, visto que o P/L de 14,04 e o P/VP de 1,38 resultam em um PEG ratio esticado de 3,56 e em um EV/EBITDA de 16,59, indicando que o preço atual de R$ 59,84 embute um prêmio considerável. Essa percepção é reforçada pela expressiva dispersão nos métodos de preço-teto, cujas estimativas variam de R$ 18,61 pelo método Bazin a R$ 64,49 por Graham, culminando em uma média de R$ 32,86 e uma mediana de R$ 27,60, o que gera um upside negativo de 58,5% frente ao valor justo ajustado com margem de segurança. Além disso, o crescimento implícito no preço de 6,2% ao ano pelo DCF reverso aparenta ser um patamar exigente quando confrontado com a dinâmica recente de receitas da empresa. O CAGR de receita de 5 anos de 9,7% já se posiciona bem abaixo da média do setor, mas a evolução por janelas expõe que a expansão de vendas está claramente desacelerando ao cair de 6,6% em 3 anos para 2,7% no último ano, configurando um claro sinal de alerta que merece checagem manual em anos com variações atípicas para discernir eventuais impactos contábeis pontuais. Em suma, a tese coloca em balanço, como prós, a elevada margem de lucro, a boa liquidez e a alavancagem financeira mais segura que a dos concorrentes, contrapondo-se, como contras, o fraco retorno sobre o capital, os múltiplos esticados, a nítida perda de ritmo no crescimento das receitas e o valuation significativamente acima dos preços-teto calculados.

Gatilho de falseamento: margem líquida abaixo de 20,0% no próximo trimestre.",,False,True,59.55,0.49,Em Alta,61.380001068115234,-2.5089620213892716,-11.792447843683773,False,False,False,sem sinal (Em Alta)
USIM5,BOVA11+SMALL11,BOVA11,Materiais,42.11,46.33,18.181818181818183,,,1.0,P/L=-3.94<2,9.76,93.43,71.0,43.84,False,105,Não,Bandeira de alta,"Bandeira de alta (pré-confirmação) — pescoço R$7.59, preço 3.8% abaixo do pescoço; falta fechar acima e segurar",False,4,8,False,,False,,False,False,False,True,True,False,2,11,False,False,False,False,True,True,True,True,False,False,True,-0.02,True,8985881600.0,-3.94,0.44,0.0,4.15,-11.18,-0.65,4.67,-9.36,3.66,-0.18,-0.44,4.44,0.27,,,301.7,5.5,1.64,1.4,33.58,58.33,4.25,12.04,71.8,-39.4,-11.4,6.82,7.11,-49.6,46.3,22.1,5.98,12.04,-8.13,2.92,61.1,-4.35,0.94,80971065.0,6.46,11.66,21.04,,4.7,True,3,,-6.8,1.5,False,2025,0.79,0.33,0.04,7.300000190734863,False,False,False,2.2031514319480783,4.143346080082998,,,,,,10.326496039178126,5.5576645170697345,4.143346080082998,3.7290114720746983,3,True,4.7,-48.91765240215271,-23.867611344400995,n/d,n/d,,,,False,False,,,Lateral,7.480000019073486,-2.406414811225077,-40.06568138070741,False,False,False,sem sinal (Lateral)
MOVI3,SMALL11,SMALL11,Bens Industriais,41.87,44.45,27.272727272727273,,,0.7,,46.52,61.68,13.09,54.79,False,106,Não,,,False,5,8,False,,False,,False,False,True,False,True,False,3,11,True,True,True,False,True,False,True,False,False,False,False,5.24,False,8029909504.0,18.62,2.06,3.25,5.72,11.08,3.58,13.78,2.89,4.37,3.65,3.64,0.68,6.43,0.19,106.5,97.0,8.46,6.78,0.22,91.5,8.5,6.5,18.94,191.4,0.0,113.6,9.67,10.15,-56.2,69.2,91.3,6.5,18.94,61.07,4.36,6.7,-5.89,1.49,174617957.0,20.21,48.15,114.71,8.0,10.6,False,7,,16.4,8.8,True,,2.51,0.69,0.1,18.940000534057617,False,False,False,7.87827680446037,14.816243151614177,13.912477437442272,14.506004152981834,30.515575511371022,16.401670673693967,12.5317296766697,83.36751148992931,,,,7,False,10.6,,,n/d,n/d,,,,False,False,,,Em Alta,16.729999542236328,13.20980903939628,-2.421428732866049,False,False,False,sem sinal (Em Alta)
FRAS3,SMALL11,SMALL11,Consumo discricionário,41.16,40.4,45.45454545454545,,,0.9,,52.93,17.54,46.25,29.45,False,107,Não,Bandeira de alta,"Bandeira de alta (pré-confirmação) — pescoço R$26.00, preço 7.4% acima do pescoço; falta fechar acima e segurar",False,6,8,False,,True,,False,False,True,False,True,False,5,11,True,False,True,False,True,True,True,True,False,True,True,0.6,True,7743196160.0,26.72,3.11,2.21,3.06,11.62,14.99,15.27,5.39,8.78,1.64,1.48,2.41,1.13,12.68,81.86,155.0,17.91,6.92,0.72,65.64,34.06,18.96,27.92,47.3,0.0,27.4,22.31,22.44,-24.2,28.8,17.2,18.96,27.92,-13.03,1.81,8.2,-2.66,0.61,6900264.0,25.38,36.65,52.91,9.6,3.4,True,8,,21.5,38.5,False,,0.84,0.56,0.04,27.920000076293945,False,False,False,6.2211238951672625,7.502038053696708,9.164033653872162,14.52808100752893,5.403419896986233,8.46677902201816,4.25147129133345,13.893998307521972,8.67886814101561,7.984408537857434,7.185967684071691,8,True,3.4,-74.26229346548934,-68.91522880623278,n/d,n/d,,,,False,False,,,Em Alta,26.889999389648438,3.830422871047068,-0.8170498946825089,False,False,False,sem sinal (Em Alta)
EMBJ3,BOVA11,BOVA11,Bens Industriais,41.0,34.12,80.0,,,0.7,,42.92,16.77,49.3,7.53,False,108,Não,,,False,5,8,False,,False,,False,,True,True,True,True,8,10,False,True,False,False,True,True,True,True,False,False,True,0.14,True,63502635008.0,28.36,3.69,1.34,0.84,13.01,5.09,9.61,5.28,10.8,0.52,0.75,1.44,0.69,2.86,23.77,113.9,15.58,3.7,0.82,70.5,26.66,68.24,103.35,30.7,-13.7,2.7,85.18,85.8,-34.0,37.6,1.3,68.24,103.35,-28.93,2.37,25.9,-3.3,0.22,613728778.0,63.74,103.66,168.6,9.9,10.1,False,6,,18.6,18.5,True,,0.55,0.28,0.02,89.20999908447266,False,False,False,5.437775929148355,10.226526989333841,43.02406798741571,41.36552090312575,33.833553137452036,17.731909150683034,28.522259950608944,54.659336626817534,,,,6,False,10.1,,,n/d,n/d,,,,False,False,,,Em Baixa,101.5199966430664,-12.125687515410789,-14.938994922176029,False,False,False,sem sinal (Em Baixa; sem novo topo (-12.1%))
PNVL3,SMALL11,SMALL11,Bens de primeira necessidade,40.72,35.07,72.72727272727273,,,0.0,,35.2,39.11,35.96,22.6,True,109,Não,Bandeira de alta,"Bandeira de alta (pré-confirmação) — pescoço R$14.74, preço 9.1% acima do pescoço; falta fechar acima e segurar",False,4,8,False,,True,,False,False,True,False,True,True,8,11,False,True,False,False,True,False,True,True,False,False,True,0.84,True,2401960192.0,17.57,1.84,2.67,2.7,10.45,8.49,9.66,2.33,6.92,4.17,5.94,1.75,1.07,3.2,47.48,17.6,10.5,4.98,0.9,66.54,33.46,8.73,16.08,84.2,0.0,36.6,11.75,11.94,-35.3,37.9,38.0,10.3,16.08,7.77,2.39,43.0,-3.13,1.38,14477721.0,17.84,28.92,46.88,7.6,4.2,True,8,,11.4,11.5,False,,1.43,0.73,0.12,16.079999923706055,False,False,False,3.160085587944709,5.5482224851717605,11.68601946940353,13.414747704104062,7.496186172043802,5.653626549622437,5.704152583151119,10.810510724476998,7.934193909489803,6.60016937759746,5.940152439837714,8,True,4.2,-63.05875330832308,-50.65799784120173,n/d,n/d,,,,False,False,,,Em Alta,15.529999732971191,3.5415338067725566,-0.556587211893933,False,False,False,sem sinal (Em Alta)
ENGI11,BOVA11,BOVA11,Serviços públicos,40.57,41.31,36.36363636363637,,,0.1,,49.66,37.17,23.01,50.68,True,110,Não,Fundo duplo,"Fundo duplo (pré-confirmação) — pescoço R$51.55, preço 33.3% acima do pescoço; falta fechar acima e segurar",False,3,8,False,,True,,False,False,False,False,True,False,4,11,False,False,True,False,False,False,True,True,False,True,True,2.32,True,21044705280.0,22.82,1.77,1.66,5.38,7.78,17.19,10.25,4.13,6.92,4.32,5.79,1.56,1.99,2.89,122.73,7.9,31.28,4.83,0.34,74.62,23.0,42.54,68.71,61.5,0.0,39.5,48.67,49.39,-24.1,30.5,47.5,43.67,68.71,17.27,1.92,20.0,-2.65,1.24,239548722.0,74.73,109.96,161.81,9.0,5.7,True,7,,10.2,5.1,True,,1.39,0.88,0.01,68.70999908447266,False,False,False,26.87571599110338,50.543685234881515,41.18209778040824,51.282211866989286,39.98028429645072,24.816999999999997,23.413188119231354,132.9087020241014,36.8705976127235,39.98028429645072,35.98225586680565,7,True,5.7,-47.63170376036716,-46.33881807014074,n/d,n/d,,,,False,False,,,Em Alta,66.25,3.713206165241756,-0.49240253766578146,False,False,False,sem sinal (Em Alta)
UNIP6,SMALL11+DIVO11,SMALL11,Materiais,39.88,43.71,18.181818181818183,,,1.0,,50.03,18.13,35.03,96.58,False,111,Não,,,False,4,8,False,,True,,False,False,True,False,False,False,2,11,False,True,True,False,False,False,True,True,False,True,True,1.17,True,6832556032.0,25.98,3.46,10.59,15.77,13.34,34.18,11.66,5.09,9.22,2.72,3.21,2.39,1.85,,409.59,-46.1,18.97,4.48,0.47,74.89,24.93,53.05,71.62,15.3,-14.6,2.9,60.57,61.11,-25.5,30.0,5.1,55.19,71.62,-25.13,1.89,-15.6,-2.85,-0.61,15745965.0,38.01,55.87,82.11,9.5,16.1,False,5,,-10.9,-5.3,False,,0.63,0.4,0.08,61.18000030517578,False,False,False,70.14781030351502,102.88345511182203,25.118809465815048,30.60857499082672,,30.880988826991217,6.405296413782838,23.799634164887323,,,,5,False,16.1,,,n/d,n/d,,,,False,False,,,Em Alta,60.5,1.12396744657155,-15.84245086165521,False,False,False,sem sinal (Em Alta)
HAPV3,BOVA11+SMALL11,BOVA11,Cuidados de saúde,39.32,35.67,60.0,,,0.2,P/L=-25.74<2,11.76,81.94,47.08,4.79,True,112,Não,Fundo duplo,"Fundo duplo (pré-confirmação) — pescoço R$7.33, preço 21.3% acima do pescoço; falta fechar acima e segurar",False,2,8,False,,False,,False,,False,True,True,True,6,10,False,False,False,False,True,False,True,False,False,False,True,0.17,True,4223532032.0,-25.74,0.09,0.0,0.05,-0.36,-1.11,2.12,-0.55,4.77,3.07,7.69,1.84,0.33,,,41.3,8.07,1.55,0.45,33.25,66.74,6.09,36.13,46.0,-75.4,-4.6,11.43,13.47,-83.1,81.3,-38.9,6.09,16.49,-69.13,5.12,-81.0,-6.42,-1.4,76182694.0,0.69,2.22,7.14,,688.5,False,2,,10.0,9.2,True,,1.72,0.41,0.02,8.890000343322754,False,False,False,0.029248395522017277,0.05500585351398733,,,,,,20.137877341753736,,,,2,False,688.5,,,n/d,n/d,,,,False,False,,,Em Alta,8.930000305175781,-0.44792788898163627,-75.66383618835187,False,False,False,sem sinal (Em Alta)
BRAP4,BOVA11+SMALL11+DIVO11,BOVA11,Basic Materials,38.07,38.91,33.333333333333336,,,1.0,DY5a=24.4%>=20,13.58,55.85,74.72,,False,113,Não,,,False,4,6,False,,True,,False,False,False,True,,False,3,9,False,True,True,False,,,True,True,False,True,True,,True,8105652224.0,13.87,1.01,11.43,24.38,7.26,23.82,-0.47,0.0,-210.95,,,5.68,0.0,1.91,338.16,,2.76,-0.74,,4.4,95.6,15.17,25.49,35.9,-19.1,-5.3,21.92,21.31,-20.8,26.7,2.7,20.08,25.49,-27.53,1.68,45.8,-2.75,0.7,70094207.0,19.54,27.54,38.81,6.1,6.3,True,6,,-44.5,-48.8,True,,0.82,0.59,-0.1,20.6200008392334,False,False,False,36.561748584278234,68.75967556333616,20.333698527420424,26.132503681528355,44.59985761910613,15.342069641277186,10.951346372179447,,25.653537404298294,23.23310110447439,20.909790994026952,6,True,6.3,1.405383816678496,24.410942580989882,n/d,n/d,,,,False,False,,,Em Baixa,21.31999969482422,-3.2832967430142856,-19.54739947554236,False,False,False,sem sinal (Em Baixa; sem novo topo (-3.3%))
SMFT3,BOVA11+SMALL11,BOVA11,Consumo discricionário,38.03,35.11,54.54545454545455,,,0.9,,48.35,33.09,13.4,23.97,False,114,Não,Fundo duplo,"Fundo duplo (pré-confirmação) — pescoço R$17.97, preço 41.2% acima do pescoço; falta fechar acima e segurar",False,1,8,False,,False,,False,False,True,False,False,True,6,11,False,False,False,False,False,False,True,False,True,False,False,1.83,False,15534562304.0,22.78,2.57,3.98,2.72,11.3,9.4,10.6,8.53,5.2,4.32,5.6,1.2,2.24,5.32,62.07,-6.3,12.62,5.98,0.3,73.66,26.34,16.55,25.93,53.4,-2.1,35.7,19.64,20.3,-36.2,41.9,11.6,16.55,25.38,-18.63,2.64,-26.2,-3.16,0.06,219576369.0,16.15,27.4,46.48,9.0,5.0,True,7,,35.2,29.8,True,2023,1.45,0.66,0.04,25.3799991607666,False,False,False,5.029607676006612,7.620416418287114,12.276647310181186,15.73401069054189,7.810843915448337,12.667471371767284,6.0864313336493145,25.236090018272225,9.60363267369739,7.810843915448337,7.029759523903503,7,True,5.0,-72.30197101515125,-62.16062651198562,n/d,n/d,,,,False,False,,,Em Alta,23.56999969482422,7.679251121669917,-3.0560604661700963,False,False,False,sem sinal (Em Alta)
CBAV3,SMALL11,SMALL11,Materiais,38.01,39.91,27.272727272727273,,,1.0,,37.81,49.49,38.58,28.08,False,115,Não,,,False,4,8,False,,False,,False,False,True,True,True,False,3,11,False,True,False,False,True,False,True,True,False,False,True,0.57,True,7318056960.0,12.24,1.45,0.39,3.04,11.81,-1.32,6.25,6.41,6.55,1.95,4.29,2.06,0.89,1.65,37.22,28.1,9.61,3.49,0.48,67.68,30.73,3.95,11.29,184.3,-0.4,2.4,10.54,9.33,-15.2,29.7,60.3,7.01,11.29,30.07,1.87,184.1,-2.26,3.22,42073382.0,22.07,32.09,46.65,5.2,16.0,False,6,,-0.1,7.5,False,,0.16,0.1,0.03,11.239999771118164,False,False,False,2.4855652560810886,4.674466271920241,12.559982877277305,12.655603252312376,9.601082749848356,0.7922188921268741,6.85546298636764,8.064643055461927,,,,6,False,16.0,,,n/d,n/d,,,,False,False,,,Em Alta,11.289999961853027,-0.4428714871904771,-0.4428714871904771,False,False,False,sem sinal (Em Alta)
CASH3,SMALL11,SMALL11,Comunicação,37.87,33.96,60.0,,,0.4,P/L=-5.22<2,0.88,66.89,83.17,2.05,False,116,Pivô de alta,,,False,2,8,False,,False,,False,,False,True,True,True,6,10,False,False,False,False,True,True,False,False,False,False,True,-0.28,True,526088896.0,-5.22,1.23,0.0,0.0,-23.45,-3.01,-16.62,-20.31,-7.99,-1.12,-2.8,2.68,0.0,,,18.2,5.86,9.61,1.74,18.27,80.69,3.24,5.91,55.6,-14.7,6.3,4.16,4.29,-33.2,51.0,31.6,3.24,5.91,1.37,3.21,24.4,-4.85,0.33,8997939.0,3.15,6.02,11.53,,,True,0,,12.9,26.1,False,,0.66,0.25,0.01,5.039999961853027,False,False,False,,,,,,,,,,,,0,True,,,,n/d,n/d,,,Pivô de alta,False,False,,,Em Baixa,5.730000019073486,-12.04188577528188,-16.000000635782875,False,True,False,Pivô de alta
AUAU3,SMALL11,SMALL11,Consumo discricionário,36.94,31.69,66.66666666666667,,,0.9,,30.09,45.16,29.86,8.9,False,117,Não,Fundo duplo,"Fundo duplo (pré-confirmação) — pescoço R$3.68, preço 35.1% acima do pescoço; falta fechar acima e segurar",False,2,8,False,,,,,,False,True,True,,2,3,False,False,False,False,False,True,True,False,False,False,True,0.5,True,4278145024.0,22.23,1.34,0.61,0.88,6.04,,7.01,3.84,4.79,2.55,4.99,1.26,0.7,4.58,19.63,22.2,14.21,5.61,,,,2.8,4.97,77.2,0.0,40.4,3.31,3.43,-27.2,41.2,29.6,2.8,4.97,-0.63,2.59,,-3.58,0.7,20382289.0,4.12,6.98,11.83,8.9,18.4,False,5,,,,,,0.97,0.48,0.02,4.96999979019165,,False,False,0.31910112644929656,0.5171958657192796,2.63536586806756,4.319420637313721,1.2827345676298507,0.7667740905453694,1.3027454231736797,5.867040088023868,,,,5,False,18.4,,,n/d,n/d,,,,False,False,,,Em Alta,4.949999809265137,0.4040400342860462,-3.4951514920882554,False,False,False,sem sinal (Em Alta)
TIMS3,BOVA11+DIVO11+AUVP11,BOVA11,Comunicação,36.75,32.01,63.63636363636363,,,0.4,,30.27,11.59,37.74,79.45,False,118,Não,Fundo triplo,"Fundo triplo (pré-confirmação) — pescoço R$19.42, preço 6.8% abaixo do pescoço; falta fechar acima e segurar",False,3,8,False,,True,,False,False,False,True,True,True,7,11,False,False,False,True,True,False,True,False,True,True,True,0.49,True,43234914304.0,3153.09,1.72,8.24,9.25,0.05,11.85,0.76,15.78,109.8,1.05,2.63,0.85,0.66,1261.24,29181.38,2.5,8.59,7.75,0.43,57.89,42.11,17.74,27.65,2.0,-34.5,-10.6,22.23,22.47,-35.8,29.1,-14.2,17.74,27.65,-44.43,1.83,-12.7,-2.85,-0.99,167085590.0,10.26,14.92,21.7,,43.0,False,3,,7.3,4.6,True,,0.71,0.47,0.12,18.100000381469727,False,False,False,12.182748644464388,15.262276774037327,,,,30.75,,0.7153140311116571,,,,3,False,43.0,,,n/d,n/d,,,,False,False,,,Lateral,19.270000457763672,-6.071614159316563,-35.43096031762525,False,False,False,sem sinal (Lateral)
RAPT4,SMALL11,SMALL11,Bens Industriais,36.38,39.59,18.181818181818183,,,0.7,P/L=-7.98<2,18.86,81.28,30.97,45.89,False,119,Não,Fundo duplo,"Fundo duplo (pré-confirmação) — pescoço R$5.14, preço 53.7% acima do pescoço; falta fechar acima e segurar",False,1,8,False,,False,,False,False,False,False,True,False,2,11,False,False,False,False,False,False,True,False,False,False,False,1.87,False,2754633472.0,-7.98,0.91,0.0,4.31,-11.45,8.95,9.51,-2.65,4.47,3.04,4.4,2.12,2.11,,,0.9,8.27,5.22,0.76,74.66,17.25,4.35,7.9,81.6,0.0,59.1,5.32,5.51,-36.4,45.1,44.7,4.35,7.9,14.47,2.84,-10.5,-4.06,0.63,28735777.0,6.14,10.91,19.38,,8.4,False,2,,5.6,10.3,False,2025,1.44,0.62,-0.03,7.900000095367432,False,False,False,2.4781934973325734,2.6756293411375713,,,,,,20.916103730827004,,,,2,False,8.4,,,n/d,n/d,,,,False,False,,,Em Alta,7.309999942779541,8.071137581480613,0.0,False,False,False,sem sinal (Em Alta)
RAIL3,BOVA11,BOVA11,Bens Industriais,36.04,34.38,45.45454545454545,,,0.7,,49.27,25.84,22.26,13.01,False,120,Não,,,False,2,8,False,,False,,False,False,False,False,True,True,5,11,False,False,False,False,True,False,True,False,True,False,False,1.64,False,34980315136.0,28.55,2.42,0.58,1.31,8.48,1.9,12.06,8.53,7.16,3.16,3.6,1.31,2.01,5.37,37.36,56.8,13.97,7.07,0.25,73.88,25.74,12.33,18.92,52.9,-0.4,31.5,15.19,15.08,-27.6,36.0,28.7,12.33,18.92,-1.53,2.27,-4.9,-3.27,0.33,234499680.0,14.41,22.81,36.09,9.9,9.6,False,6,,12.1,-0.6,True,,1.15,0.62,0.05,18.850000381469727,False,False,False,1.793965707628754,3.0785495360122055,8.24013945296657,10.7570176969055,4.371109249870149,7.640697530377952,4.040420701369247,17.249694008000212,,,,6,False,9.6,,,n/d,n/d,,,,False,False,,,Em Alta,18.920000076293945,-0.36997724387921593,-2.6845660053376186,False,False,False,sem sinal (Em Alta)
POSI3,SMALL11,SMALL11,Tecnologia de informação,35.38,35.21,36.36363636363637,,,0.5,,20.38,50.15,35.66,63.7,False,121,Não,Fundo duplo,"Fundo duplo (pré-confirmação) — pescoço R$4.10, preço 22.9% acima do pescoço; falta fechar acima e segurar",False,0,8,False,,True,,False,False,False,True,True,False,4,11,False,False,False,False,False,False,False,False,False,True,False,0.5,True,697892480.0,57.33,0.46,3.56,6.91,0.8,10.68,6.93,0.36,4.5,3.07,6.09,1.82,0.81,4.99,396.24,11.5,2.99,3.74,0.97,64.77,35.23,3.28,5.04,53.7,0.0,36.8,4.0,3.98,-30.5,41.2,28.0,3.28,5.04,-2.23,2.59,-12.2,-3.88,0.45,3993237.0,3.78,6.39,10.81,11.8,27.0,False,6,,-11.2,-7.6,False,,1.01,0.47,-0.14,5.039999961853027,False,False,False,2.533392368692034,4.764412099830503,1.202410483632216,4.655345365771263,1.6185966270857368,0.7445919647652398,0.8861538394466861,20.105178748321503,,,,6,False,27.0,,,n/d,n/d,,,,False,False,,,Em Alta,4.400000095367432,14.545451195772108,-0.9823219889186441,False,False,False,sem sinal (Em Alta)
VAMO3,BOVA11+SMALL11,BOVA11,Bens Industriais,35.34,38.37,18.181818181818183,,,0.7,,50.61,30.18,26.57,27.4,False,122,Não,,,False,4,8,False,,True,,False,False,False,False,False,False,2,11,True,False,True,False,False,False,True,True,False,True,False,3.87,False,8381732352.0,26.54,2.54,1.81,2.96,9.57,14.8,15.52,5.1,5.12,3.09,2.74,1.67,4.84,12.92,78.53,-1.9,11.29,7.32,0.32,88.84,11.16,2.48,6.86,176.6,0.0,107.4,3.4,3.53,-48.5,61.6,111.1,2.48,6.86,80.87,3.88,6.4,-5.25,1.39,135363561.0,7.08,15.36,33.31,9.6,12.1,False,7,,5.4,22.5,False,,2.24,0.7,0.04,6.860000133514404,False,False,False,1.4762452487292252,1.7712516224729087,2.255497009843273,3.963218948443393,1.295899944886822,2.530094360613313,1.0429495206560513,12.606721609587566,,,,7,False,12.1,,,n/d,n/d,,,,False,False,,,Em Alta,6.5,5.538463592529297,-1.5781873742957697,False,False,False,sem sinal (Em Alta)
YDUQ3,BOVA11+SMALL11,BOVA11,Consumo discricionário,34.89,33.02,45.45454545454545,,,0.9,,33.69,36.49,25.21,36.99,False,123,Não,Bandeira de alta,"Bandeira de alta (pré-confirmação) — pescoço R$13.01, preço 11.8% acima do pescoço; falta fechar acima e segurar",False,1,8,False,,False,,False,False,False,False,True,True,5,11,False,False,False,False,False,False,True,False,False,False,False,1.48,True,3702327040.0,35.13,1.37,3.91,3.6,3.89,5.03,11.35,2.04,4.79,3.14,3.8,1.61,1.72,35.13,126.48,1.0,6.61,7.39,0.4,70.08,29.69,7.32,14.76,98.8,-1.4,57.9,11.16,10.93,-50.4,50.0,19.4,7.32,14.76,-10.83,3.15,-17.7,-4.56,0.35,76767212.0,9.28,17.6,33.38,10.6,13.0,False,6,,6.5,3.2,True,,1.57,0.61,-0.02,14.550000190734863,False,False,False,3.809804050695509,4.149698333649717,3.2809230014327087,9.948438043278431,1.9053460258411077,5.912444487367578,1.3916311027859132,18.1199899746203,,,,6,False,13.0,,,n/d,n/d,,,,False,False,,,Em Alta,13.539999961853027,7.459381327380821,-4.839763067131376,False,False,False,sem sinal (Em Alta)
CSNA3,BOVA11+SMALL11,BOVA11,Materiais,34.76,39.29,9.090909090909092,,,1.0,P/L=-3.34<2,15.09,85.97,7.42,95.21,False,124,Não,,,False,2,8,False,,False,,False,False,False,False,True,False,1,11,False,False,False,False,False,False,True,True,False,False,False,3.31,False,8765480960.0,-3.34,0.72,0.0,15.41,-21.59,-7.63,8.07,-5.82,4.45,5.46,9.3,1.15,3.57,,,5.7,-16.61,2.17,0.39,84.35,12.8,4.28,10.89,54.4,-39.3,18.3,6.64,7.16,-60.7,58.5,-24.0,4.28,10.89,-54.23,3.68,-23.7,-6.18,-0.42,155598782.0,2.35,5.0,10.62,,1.8,True,2,,0.3,2.5,False,2024,1.53,0.5,-0.06,6.610000133514404,False,False,False,7.408478545917594,13.375524853009916,,,,,,,10.392001699463755,10.392001699463755,9.35280152951738,2,True,1.8,41.494725273850854,57.21636141538981,n/d,n/d,,,,False,False,,,Lateral,6.429999828338623,2.7993827368777646,-41.60777109793865,False,False,False,sem sinal (Lateral)
ARML3,SMALL11,SMALL11,Bens Industriais,34.74,34.45,36.36363636363637,,,0.7,,32.55,37.63,27.63,48.63,False,125,Não,Bandeira de alta,"Bandeira de alta (pré-confirmação) — pescoço R$5.58, preço 16.0% acima do pescoço; falta fechar acima e segurar",False,2,8,False,,True,,False,False,False,False,True,False,4,11,False,False,False,False,False,False,True,True,False,True,False,1.74,False,2242299904.0,36.23,1.63,7.21,4.79,4.51,11.22,9.85,3.11,6.15,3.29,4.59,1.89,2.12,1.73,173.38,20.9,5.84,5.25,0.54,75.09,23.96,2.71,6.48,139.5,0.0,81.7,3.92,4.06,-54.6,63.9,54.9,2.8,6.48,24.67,4.03,25.2,-5.76,1.3,7435957.0,6.18,13.92,31.36,10.7,3.6,True,8,,25.6,6.9,True,2025,1.91,0.58,0.02,6.480000019073486,False,False,False,2.255285235686918,4.241391265824107,2.4463063119025916,3.999800192710899,4.59404284817364,2.637367048845283,2.2035219496269765,7.997723284621586,3.7969297671740003,3.318583620778091,2.986725258700282,8,True,3.6,-53.90856095819386,-41.40540500003136,n/d,n/d,,,,False,False,,,Em Alta,5.920000076293945,9.45945837098896,-4.565536738161347,False,False,False,sem sinal (Em Alta)
AZZA3,BOVA11+SMALL11,BOVA11,Consumo discricionário,34.64,35.94,27.272727272727273,,,0.9,,23.9,51.83,43.32,35.62,False,126,Não,Fundo duplo,"Fundo duplo (pré-confirmação) — pescoço R$17.69, preço 48.1% acima do pescoço; falta fechar acima e segurar",False,2,8,False,,True,,False,False,False,True,False,False,3,11,False,False,False,False,False,True,True,False,False,True,True,0.38,True,5297008640.0,16.69,0.67,9.45,3.54,4.03,11.4,5.88,2.85,5.26,2.74,6.4,2.26,0.49,10.13,59.1,-94.3,7.56,3.33,0.93,48.36,51.64,14.3,28.04,83.2,-6.6,50.3,22.58,21.7,-49.0,51.8,3.2,14.3,28.04,-27.03,3.26,-27.8,-4.2,0.26,98990679.0,15.63,30.2,58.34,7.3,9.0,False,6,,40.8,41.0,False,"2024, 2025",1.38,0.51,0.01,26.200000762939453,False,False,False,6.747363881870348,7.792707898565317,13.185497918724142,37.16438866963653,8.146213241227214,53.38878046772306,5.925811340457091,25.525074368216703,,,,6,False,9.0,,,n/d,n/d,,,,False,False,,,Em Alta,25.280000686645508,3.6392407092771473,-9.216908493265985,False,False,False,sem sinal (Em Alta)
MBRF3,BOVA11+DIVO11,BOVA11,Bens de primeira necessidade,34.6,39.1,9.090909090909092,,,0.0,,41.35,37.38,6.09,99.32,True,127,Não,,,False,1,8,False,,False,,False,False,False,False,False,False,1,11,False,False,False,False,False,False,True,False,False,True,True,4.47,False,26078314496.0,70.94,2.27,0.0,18.24,3.2,39.26,6.29,0.22,6.02,4.84,10.57,1.05,5.39,,1293.73,-51.3,11.57,2.68,0.43,89.92,7.97,14.52,25.6,29.1,-26.8,12.2,17.8,17.99,-43.3,52.6,-4.5,14.52,22.33,-34.73,3.31,-2.4,-4.32,0.13,104589532.0,10.33,20.08,39.06,12.2,50.7,False,3,,9.4,9.9,False,,0.89,0.33,0.03,18.75,False,False,False,24.868598752709566,36.47394483730737,2.8192839018889204,7.008644155683284,,2.952219479501717,0.7189173949816747,18.75,,,,3,False,50.7,,,n/d,n/d,,,,False,False,,,Lateral,18.690000534057617,0.3210244206951707,-30.11554210466787,False,False,False,sem sinal (Lateral)
TTEN3,SMALL11,SMALL11,Bens de primeira necessidade,33.78,30.12,54.54545454545455,,,0.0,,35.06,34.47,23.5,10.27,True,128,Não,Fundo duplo,"Fundo duplo (pré-confirmação) — pescoço R$11.96, preço 13.4% acima do pescoço; falta fechar acima e segurar",False,2,8,False,,True,,False,True,True,False,False,True,6,11,False,True,False,False,False,False,True,False,False,True,False,0.75,True,6779870720.0,11.54,1.36,1.34,0.96,11.76,18.41,4.0,3.22,19.59,7.48,18.7,1.36,1.03,1.1,11.11,-37.8,7.03,1.74,0.97,64.13,35.82,9.93,17.74,36.6,-23.6,4.0,15.41,14.7,-44.0,40.8,-17.5,9.93,17.74,-47.73,2.57,-14.1,-3.19,-0.08,27216422.0,8.15,13.86,23.56,4.7,17.1,False,4,,33.6,28.1,True,,0.89,0.42,0.01,13.5600004196167,False,False,False,0.9494862755263049,1.7856467697801153,16.07156084843037,16.235983580087094,13.414510954447891,1.7534518099125733,11.05735996723538,,,,,4,False,17.1,,,n/d,n/d,,,,False,False,,,Em Alta,12.979999542236328,4.468419860055262,-24.24580609722896,False,False,False,sem sinal (Em Alta)
MYPK3,SMALL11,SMALL11,Consumo discricionário,32.79,35.37,18.181818181818183,,,0.9,,23.93,55.21,28.31,51.37,False,129,Fundo duplo,,,False,1,8,False,,True,,False,False,False,False,True,False,2,11,False,False,False,False,False,False,True,False,False,False,True,0.95,True,1619011328.0,18.17,0.41,0.0,5.41,2.23,4.01,8.93,0.6,3.68,2.9,4.46,1.73,1.23,499.72,98.37,0.1,4.8,3.75,0.65,66.29,30.03,8.74,11.05,23.7,-2.2,16.2,9.72,9.78,-20.9,29.8,10.1,8.74,11.05,-20.13,1.88,-10.2,-2.85,-0.38,9136371.0,7.24,10.59,15.5,7.8,19.5,False,5,,-3.2,0.2,False,2024,0.73,0.47,-0.05,10.8100004196167,False,False,False,4.256263140746448,4.269099964868475,4.339862196227411,18.786573581767694,3.2425248070943162,7.715349875872653,1.6320725360224033,31.749775313498393,,,,5,False,19.5,,,n/d,n/d,,,Fundo duplo,False,False,,,Em Alta,10.619999885559082,1.7890822608762624,-4.336281087144811,False,True,False,Fundo duplo — rompeu pescoço ~R$9.99 (candidato)
SIMH3,SMALL11,SMALL11,Industrials,32.07,32.92,27.272727272727273,,,0.7,P/L=-55.25<2,26.18,64.28,16.81,17.12,False,130,Não,,,False,5,8,False,,False,,False,False,False,False,True,False,3,11,False,True,True,False,True,False,True,True,False,False,False,7.74,False,10075685888.0,-55.25,1.71,0.99,2.27,-3.1,-1.12,11.25,-0.4,4.26,3.53,4.31,1.28,6.05,,,8.8,6.3,6.03,0.36,91.64,5.09,5.63,17.26,206.6,0.0,113.6,10.01,9.83,-60.6,63.5,68.6,5.63,17.26,38.37,4.0,-13.8,-4.95,1.16,80157520.0,15.2,33.93,75.71,,21.6,False,2,,21.8,6.8,True,,2.34,0.71,0.0,17.260000228881836,False,False,False,2.846419097720675,5.353104303132754,,,,,,61.50031377723168,,,,2,False,21.6,,,n/d,n/d,,,,False,False,,,Em Alta,15.710000038146973,9.866328370281074,-0.05790520333970317,False,False,False,sem sinal (Em Alta)
DESK3,SMALL11,SMALL11,Comunicação,31.95,32.78,27.272727272727273,,,0.4,,38.11,32.32,34.33,6.85,False,131,Não,,,False,3,8,False,,True,,False,False,False,False,False,False,3,11,False,True,True,False,False,False,True,False,False,False,True,0.9,True,2260178688.0,40.46,1.58,0.95,0.48,3.91,6.21,11.53,4.4,5.35,2.09,2.49,1.41,1.21,12.85,19.46,-50.0,11.44,6.52,0.32,62.73,36.49,11.18,19.49,73.9,-0.3,5.6,17.72,17.01,-28.0,56.4,16.0,13.18,19.49,-14.23,3.55,72.6,-3.69,1.03,13428139.0,16.2,33.88,70.83,11.0,38.5,False,4,,19.7,7.9,True,2023,0.46,0.16,0.14,19.440000534057617,False,False,False,0.6800196147837054,0.9098014242640045,4.675121137735525,11.533099766377452,1.7441590712959596,0.5051892787920254,2.2752491719798864,19.440000534057617,,,,4,False,38.5,,,n/d,n/d,,,,False,False,,,Em Alta,19.489999771118164,-0.2565379048112604,-1.4698378859964278,False,False,False,sem sinal (Em Alta)
SOJA3,SMALL11,SMALL11,Bens de primeira necessidade,31.87,32.68,27.272727272727273,,,0.0,,29.08,30.41,40.44,39.04,True,132,Não,Bandeira de alta,"Bandeira de alta (pré-confirmação) — pescoço R$7.93, preço 9.5% acima do pescoço; falta fechar acima e segurar",False,2,8,False,,True,,False,False,False,False,False,False,3,11,False,False,False,False,False,False,True,True,False,True,True,0.66,True,1224417408.0,53.09,0.92,3.26,3.84,1.73,13.98,5.66,0.87,10.81,4.31,10.48,2.98,1.47,,203.97,-31.0,8.81,2.9,1.35,45.47,36.89,4.98,10.46,74.3,-17.0,33.2,7.8,7.54,-52.4,46.0,-2.9,4.98,9.02,-33.13,2.89,-17.8,-3.72,-0.24,6085399.0,4.47,8.03,14.44,11.6,13.2,False,4,,14.2,42.9,False,2023,0.77,0.32,0.03,8.680000305175781,False,False,False,2.4253178591679365,3.557132860112974,1.7439568642281973,5.891294363352533,,0.5932230490239934,0.44470900037819033,2.2795700470272484,,,,4,False,13.2,,,n/d,n/d,,,,False,False,,,Em Alta,8.430000305175781,2.965598943650183,-16.98365292212317,False,False,False,sem sinal (Em Alta)
BRAV3,BOVA11+SMALL11,BOVA11,Energia,31.87,30.44,40.0,,,0.9,,21.94,62.03,19.48,11.64,False,133,Fundo duplo,,,False,1,8,False,,False,,False,,False,False,False,True,4,10,False,False,False,False,False,False,True,False,False,False,False,1.17,True,9555651584.0,175.48,0.78,0.6,1.08,0.44,3.55,8.3,0.44,3.38,3.05,5.05,1.26,1.55,,189.59,-17.3,8.12,3.71,0.27,72.43,27.57,13.35,21.64,54.1,-4.9,7.5,18.25,17.88,-23.6,38.2,24.1,15.6,21.64,-6.13,2.41,4.6,-4.07,0.26,69717311.0,14.83,24.22,39.55,,16.9,False,3,,89.0,33.2,True,2023,0.49,0.25,0.14,20.56999969482422,False,False,False,1.6162854264056705,2.370551958728317,,,,1.8333333333333335,,27.36089217943633,,,,3,False,16.9,,,n/d,n/d,,,Fundo duplo,False,False,,,Em Alta,20.56999969482422,0.0,-7.112250948451237,False,True,False,Fundo duplo — rompeu pescoço ~R$18.92 (candidato)
DXCO3,SMALL11,SMALL11,Materiais,30.94,31.59,27.272727272727273,,,1.0,P/L=-195.21<2,13.51,66.05,27.51,34.93,False,134,Não,,,False,2,8,False,,True,,False,False,False,False,True,False,3,11,False,False,False,False,False,False,True,True,False,False,False,0.88,True,6954289152.0,-195.21,1.02,0.0,3.49,-0.52,6.92,4.35,-0.43,5.91,3.22,8.04,1.98,1.19,,,5.2,13.84,2.48,0.51,62.06,36.03,4.44,7.66,72.6,0.0,46.7,5.01,5.13,-26.8,35.1,52.6,4.46,7.66,22.37,2.21,17.3,-3.39,1.16,25488560.0,7.94,12.42,19.44,,3.0,True,3,,-0.9,0.2,False,,1.2,0.66,-0.05,7.659999847412109,False,False,False,1.9450253041422796,3.2906188332652717,,,,,,5.782887076962932,3.6728437381234946,3.2906188332652717,2.9615569499387444,3,True,3.0,-61.337375862490504,-52.05164737223402,n/d,n/d,,,,False,False,,,Em Alta,7.389999866485596,3.653585734838649,-1.794876152555125,False,False,False,sem sinal (Em Alta)
PRNR3,SMALL11,SMALL11,Bens Industriais,30.32,30.86,27.272727272727273,,,0.7,,37.65,23.65,32.48,15.07,False,135,Não,Bandeira de alta,"Bandeira de alta (pré-confirmação) — pescoço R$20.77, preço 8.8% acima do pescoço; falta fechar acima e segurar",False,1,8,False,,False,,False,False,False,False,True,False,3,11,False,False,False,False,False,False,True,False,False,False,True,1.38,True,1288361728.0,29.39,2.69,0.0,1.69,9.17,4.0,10.43,2.55,6.82,2.44,3.22,1.85,1.76,6.38,49.79,27.8,6.46,6.01,0.64,70.26,25.54,14.63,22.6,54.5,0.0,23.2,18.14,18.03,-27.0,34.6,41.9,15.76,22.6,11.67,2.18,13.6,-3.12,0.79,14617090.0,20.7,32.15,49.94,10.0,8.1,False,7,,24.3,42.1,False,2025,1.11,0.61,-0.01,22.600000381469727,False,False,False,2.7846778344470433,4.379187532058079,8.794775297453187,12.056570014115815,4.8431164849207855,5.559391139821823,4.357397751930238,22.600000381469727,,,,7,False,8.1,,,n/d,n/d,,,,False,False,,,Em Alta,21.280000686645508,6.203005884546786,-1.5679386644505078,False,False,False,sem sinal (Em Alta)
JSLG3,SMALL11,SMALL11,Bens Industriais,28.56,30.39,18.181818181818183,,,0.7,P/L=-35.07<2,20.41,36.68,13.63,93.15,False,136,Não,,,False,1,8,False,,True,,False,False,False,False,False,False,2,11,False,False,False,False,False,False,True,False,False,True,False,5.26,False,3664136960.0,-35.07,3.1,14.94,13.93,-8.83,13.19,9.68,-1.07,5.37,4.15,5.9,1.38,6.52,,,-44.0,7.31,4.78,0.43,89.08,10.92,3.88,12.84,231.1,0.0,111.2,5.97,6.19,-44.7,63.6,111.9,4.78,12.84,81.67,4.0,44.0,-4.95,1.88,20889155.0,17.88,39.94,89.2,,2.2,True,3,,17.0,6.5,True,2023,2.06,0.62,0.1,12.84000015258789,False,False,False,13.010463406255337,19.08201299584116,,,,,,28.105094081777892,20.06585682795813,19.08201299584116,17.173811696257047,3,True,2.2,33.75242595145671,56.27614166276995,n/d,n/d,,,,False,False,,,Em Alta,11.5,11.652175239894703,0.0,False,False,False,sem sinal (Em Alta)
EQTL3,BOVA11,BOVA11,Serviços públicos,28.23,26.79,36.36363636363637,,,0.1,,33.2,20.31,18.79,30.14,True,137,Não,,,False,1,8,False,,True,,False,False,False,False,False,True,4,11,False,False,False,False,False,False,True,False,False,False,True,2.15,True,63757160448.0,66.69,2.45,3.11,3.15,3.67,8.85,9.18,1.75,9.35,4.81,7.2,1.57,2.27,,210.29,-54.9,30.76,4.62,0.33,74.15,23.5,33.78,50.75,50.2,0.0,30.0,39.13,39.38,-24.5,29.3,32.5,34.23,50.75,2.27,1.84,14.5,-2.88,0.99,547943071.0,51.42,74.48,107.9,12.1,24.5,False,4,,23.4,18.5,True,,1.28,0.84,0.0,50.75,False,False,False,11.638462107111913,17.06974442376414,8.117158994351977,18.83275708814725,,4.252639999948865,2.0698755435597542,50.75,,,,4,False,24.5,,,n/d,n/d,,,,False,False,,,Em Alta,49.65999984741211,2.1949258073642453,-0.9949245771218918,False,False,False,sem sinal (Em Alta)
CAML3,SMALL11,SMALL11,Bens de primeira necessidade,28.14,29.9,18.181818181818183,,,0.0,,23.58,38.45,24.77,47.26,True,138,Não,,,False,1,8,False,,True,,False,False,False,False,False,False,2,11,False,False,False,False,False,False,True,False,False,False,False,1.5,True,2455712768.0,34.68,0.83,4.07,4.68,2.38,8.66,5.42,0.99,9.08,5.55,13.88,1.87,1.99,,162.19,-58.5,7.91,3.09,0.76,72.01,27.99,4.18,7.2,72.3,0.0,43.5,5.34,5.49,-41.3,45.0,35.3,4.18,7.2,5.07,2.83,18.2,-3.35,0.96,7333612.0,6.41,11.48,20.56,10.6,11.3,False,5,,2.9,-9.4,True,,1.38,0.59,0.05,7.199999809265137,False,False,False,2.448966966690916,3.591818217813344,2.2145328133072315,6.365685135342653,,1.947693598320642,0.564705867393344,0.9521496530348603,,,,5,False,11.3,,,n/d,n/d,,,,False,False,,,Em Alta,7.079999923706055,1.694913656104502,-0.9628634366578903,False,False,False,sem sinal (Em Alta)
LWSA3,SMALL11,SMALL11,Tecnologia de informação,28.01,29.74,18.181818181818183,,,0.5,P/L=-15.74<2,11.76,47.62,49.38,26.71,False,139,Não,Fundo duplo,"Fundo duplo (pré-confirmação) — pescoço R$4.11, preço 39.3% acima do pescoço; falta fechar acima e segurar",True,2,7,False,,False,,False,False,False,True,True,False,2,11,False,False,False,False,True,,True,False,False,False,True,,True,3215041536.0,-15.74,1.32,5.37,2.92,-8.41,-2.3,5.89,-13.29,8.65,,,1.18,0.03,,,108.1,15.91,-3.98,1.15,32.17,67.83,3.38,5.73,69.4,0.0,45.4,3.87,3.91,-27.5,46.5,49.0,3.38,5.73,18.77,2.93,3.1,-4.31,0.75,19794012.0,4.64,8.39,15.16,,1.9,True,2,,9.4,8.6,True,2024,1.3,0.54,-0.03,5.730000019073486,False,False,False,1.2149108847385586,2.284816276782515,,,,,,,1.7498635807605367,1.7498635807605367,1.5748772226844832,2,True,1.9,-72.5152318072918,-69.46136867476868,n/d,n/d,,,,False,False,,,Em Alta,5.210000038146973,9.98080570286255,-1.7152642528509676,False,False,False,sem sinal (Em Alta) · ⚡ cruzamento de médias (MM21>MM30) hoje
MRVE3,BOVA11+SMALL11,BOVA11,Consumo discricionário,27.29,30.34,10.0,,,0.9,P/L=-7.64<2,14.42,65.67,25.51,23.29,False,140,Não,,,False,1,8,False,,False,,False,,False,False,True,False,1,10,False,False,False,False,False,False,True,False,False,False,False,1.18,True,4401365504.0,-7.64,0.96,0.0,2.7,-12.58,-7.71,6.84,-4.93,6.06,3.03,6.1,1.89,1.69,,,10.7,6.33,3.75,0.89,78.42,18.67,4.2,10.43,86.2,-25.0,48.8,6.93,6.88,-59.7,52.8,1.3,4.2,10.43,-28.93,3.33,-9.0,-4.78,0.4,89353526.0,4.99,9.7,18.84,,3.6,True,3,,18.0,21.1,False,"2024, 2025",1.62,0.57,0.05,7.820000171661377,False,False,False,1.5374302113421825,2.8913606877822335,,,,,,5.585927209336285,3.338239369486901,2.8913606877822335,2.6022246190040104,3,True,3.6,-66.72347107568974,-57.31151795131375,n/d,n/d,,,,False,False,,,Em Alta,6.429999828338623,21.61742426798634,-25.735988889195816,False,False,False,sem sinal (Em Alta)
HBOR3,SMALL11,SMALL11,Imobiliário,27.07,27.03,27.272727272727273,,,0.8,,13.94,36.18,37.99,41.1,False,141,Não,Bandeira de alta,"Bandeira de alta (pré-confirmação) — pescoço R$2.50, preço 8.4% acima do pescoço; falta fechar acima e segurar",False,1,8,False,,True,,False,False,False,True,False,False,3,11,False,False,False,False,False,False,False,True,False,False,False,1.25,True,359599712.0,79.6,0.25,4.92,3.93,0.31,3.0,2.16,0.41,13.98,15.28,38.21,2.55,0.72,,313.01,-64.6,2.91,1.03,0.81,57.57,22.01,1.68,4.23,61.3,-36.0,27.6,2.42,2.52,-60.3,68.6,8.4,1.68,3.33,-21.83,4.32,-32.5,-5.78,-0.08,2482704.0,0.93,2.31,5.72,12.3,31.1,False,4,,7.6,-11.2,True,2025,1.61,0.44,0.07,2.7100000381469727,False,False,False,0.775009853769708,1.1366811188622385,0.3631490838387903,2.881602138921393,,0.26415074528231325,0.09260301637889154,,,,,4,False,31.1,,,n/d,n/d,,,,False,False,,,Em Alta,2.640000104904175,2.6515125174716214,-36.30173131543996,False,False,False,sem sinal (Em Alta)
ORVR3,SMALL11,SMALL11,Bens Industriais,26.97,19.38,70.0,,,0.7,,21.23,7.79,38.35,2.05,False,142,Não,,,False,2,8,False,,False,,False,,False,True,True,True,7,10,False,False,False,False,True,False,True,False,False,False,False,0.16,True,12095506432.0,240.68,2.49,0.0,0.0,1.04,-2.35,3.71,3.35,26.12,4.86,12.15,2.38,0.74,231.42,,135.8,19.6,2.86,0.49,63.86,33.58,13.27,22.02,65.9,0.0,21.6,17.63,17.53,-26.3,32.1,26.9,15.45,22.02,-3.33,2.02,30.7,-2.99,1.31,72539723.0,24.28,36.5,54.86,,1.0,True,1,,18.8,16.3,True,,1.16,0.7,-0.01,22.020000457763672,False,False,False,,,,,,,,2.031646858338877,2.031646858338877,2.031646858338877,1.8284821725049896,1,True,1.0,-91.69626641919385,-90.77362935465983,n/d,n/d,,,,False,False,,,Em Alta,21.260000228881836,3.5747893729999536,-0.5869036704535535,False,False,False,sem sinal (Em Alta)
CVCB3,SMALL11,SMALL11,Consumo discricionário,25.83,23.33,40.0,,,0.9,P/L=-6.85<2,10.66,57.68,19.56,2.05,False,143,Não,,,False,2,8,False,,False,,False,,False,False,False,True,4,10,False,False,False,False,False,True,True,False,False,False,True,1.13,True,895773568.0,-6.85,2.8,0.0,0.0,-40.86,-60.02,5.9,-8.94,2.83,1.33,3.11,0.68,1.67,,,-4.5,11.86,4.12,0.67,87.19,12.81,1.08,2.72,59.3,-36.8,17.2,1.83,1.84,-60.3,72.3,-21.8,1.08,2.72,-52.03,4.55,-9.0,-6.65,0.12,24958009.0,0.67,1.67,4.18,,1.0,True,1,,6.8,4.8,True,2023,1.15,0.31,-0.08,1.7200000286102295,False,False,False,,,,,,,,4.439054825846901,4.439054825846901,4.439054825846901,3.9951493432622107,1,True,1.0,132.2761207446209,158.0845786051343,n/d,n/d,,,,False,False,,,Lateral,1.6799999475479126,2.3809572804273094,-38.35125261192257,False,False,False,sem sinal (Lateral)
HBSA3,SMALL11,SMALL11,Bens Industriais,25.22,26.14,20.0,,,0.7,P/L=-31.03<2,24.19,25.57,43.29,2.05,False,144,Fundo duplo,,,False,2,8,False,,False,,False,,False,False,True,False,2,10,False,False,False,False,True,False,True,False,False,False,False,1.2,True,5550361088.0,-31.03,2.66,0.0,0.0,-8.56,-15.0,11.14,-5.52,8.8,3.09,3.81,3.26,1.56,,,68.3,13.6,5.08,0.41,66.67,33.33,2.98,4.38,36.9,-6.8,20.6,3.72,3.66,-32.0,37.1,15.3,2.98,4.38,-14.93,2.34,-8.7,-3.34,0.09,7380500.0,2.82,4.53,7.27,,1.0,True,1,,8.2,56.5,False,"2024, 2025",0.81,0.42,0.02,4.079999923706055,False,False,False,,,,,,,,2.666036050358657,2.666036050358657,2.666036050358657,2.399432445322791,1,True,1.0,-41.19038014237818,-34.655977935975756,n/d,n/d,,,Fundo duplo,False,False,,,Em Alta,4.090000152587891,-0.24450436451716184,-7.061502328192793,False,True,False,Fundo duplo — rompeu pescoço ~R$3.72 (candidato)
MGLU3,BOVA11+SMALL11,BOVA11,Consumo discricionário,25.16,27.84,10.0,,,0.9,,18.6,54.62,19.79,18.49,False,145,Não,,,False,1,8,False,,False,,False,,False,True,False,False,1,10,False,False,False,False,False,False,True,False,False,False,False,0.6,True,9478844416.0,107.13,0.85,0.67,2.35,0.79,-2.27,6.07,0.23,4.54,4.67,10.57,1.1,0.76,,251.92,-2.6,15.09,1.9,0.75,70.25,29.75,3.88,12.22,214.9,0.0,123.6,8.1,7.5,-64.7,68.4,39.7,3.88,12.22,9.47,4.31,-31.9,-5.73,0.67,302619101.0,7.52,17.69,41.63,12.7,19.6,False,3,,1.2,1.7,False,2024,2.22,0.63,0.02,12.220000267028809,False,False,False,2.0898486823686313,3.065111400807326,1.2167149212636421,6.074317090443553,,0.45900002,0.3102623049222287,,,,,3,False,19.6,,,n/d,n/d,,,,False,False,,,Em Alta,10.25,19.219514800281058,-1.8473859097183687,False,False,False,sem sinal (Em Alta)
KLBN11,BOVA11,BOVA11,Materiais,25.08,27.9,9.090909090909092,,,1.0,,22.13,29.68,19.73,65.75,False,146,Não,,,False,2,8,False,,True,,False,False,False,False,False,False,1,11,False,True,False,False,False,False,True,False,False,True,False,0.49,True,128832888832.0,40.31,2.39,6.4,7.1,5.92,28.81,5.45,0.86,6.25,3.99,9.97,2.0,2.3,,286.09,-51.7,10.58,2.09,0.37,77.43,12.36,16.08,21.02,12.7,-13.7,1.5,18.05,18.07,-23.4,20.8,-5.0,16.1,21.02,-35.23,1.31,19.4,-2.08,-0.06,124578853.0,15.4,20.1,26.24,11.0,11.2,False,6,,1.1,5.4,False,,0.47,0.43,0.03,18.1299991607666,False,False,False,9.358203090348974,13.725364532511831,4.79748592693733,8.761605474897733,,11.016666666666667,1.2233589113690189,10.108187445856498,,,,6,False,11.2,,,n/d,n/d,,,,False,False,,,Em Baixa,19.290000915527344,-6.013487297592645,-14.682356890510107,False,False,False,sem sinal (Em Baixa; sem novo topo (-6.0%))
DASA3,SMALL11,SMALL11,Cuidados de saúde,25.07,29.49,0.0,,,0.2,P/L=-7.29<2,17.22,65.38,22.85,8.22,True,147,Não,,,False,2,8,False,,False,,False,,False,False,False,False,0,10,False,False,False,False,False,False,True,True,False,False,True,0.98,True,6524094976.0,-7.29,0.96,0.0,0.84,-13.13,-13.32,7.28,-9.6,5.67,4.54,8.58,1.27,1.12,,,-9.8,22.9,3.53,0.48,62.87,36.98,1.29,5.22,304.7,0.0,78.6,3.1,3.11,-54.1,89.3,16.5,2.11,5.22,-13.73,5.63,94.9,-7.11,1.8,5891752.0,6.49,20.14,62.51,,34.3,False,2,,-5.2,-27.1,True,2023,1.66,0.36,0.07,5.21999979019165,False,False,False,0.3201344309986705,0.46953049879805014,,,,,,10.985187138768884,,,,2,False,34.3,,,n/d,n/d,,,,False,False,,,Em Alta,4.889999866485596,6.748464881722449,-1.3232546723281335,False,False,False,sem sinal (Em Alta)
LJQQ3,SMALL11,SMALL11,Consumo discricionário,24.77,27.38,10.0,,,0.9,P/L=-2.89<2,6.43,70.2,12.43,44.52,False,148,Não,,,False,0,8,False,,False,,False,,False,False,True,False,1,10,False,False,False,False,False,False,False,False,False,False,False,5.85,False,606267584.0,-2.89,1.95,0.0,4.2,-67.62,-9.94,2.03,-6.88,2.67,34.56,86.39,1.77,7.9,,,8.8,41.86,-0.01,0.82,89.26,10.74,0.96,2.93,205.2,0.0,123.3,1.99,1.81,-63.8,73.9,39.5,0.96,2.93,9.27,4.65,-35.2,-5.68,0.63,7579044.0,1.61,4.09,10.41,,1.9,True,2,,6.4,4.6,True,2025,2.3,0.6,-0.11,2.930000066757202,False,False,False,0.8949165738765792,1.683020524419502,,,,,,,1.2889685491480405,1.2889685491480405,1.1600716942332365,2,True,1.9,-60.407110313920434,-56.0079003488005,n/d,n/d,,,,False,False,,,Em Alta,2.4100000858306885,21.576761925602916,0.0,False,False,False,sem sinal (Em Alta)
CSAN3,BOVA11+SMALL11,BOVA11,Consumo discricionário,20.78,22.84,9.090909090909092,,,0.9,P/L=-2.41<2,15.76,36.39,22.63,21.23,False,149,Não,,,False,1,8,False,,False,,False,False,False,False,True,False,1,11,False,False,False,False,False,False,True,False,False,False,True,8.46,False,21302259712.0,-2.41,4.31,0.0,2.54,-1.79,-64.7,8.59,-22.18,5.19,2.9,4.64,1.67,1.91,,,2.8,9.08,5.56,0.41,77.05,3.93,3.13,6.8,72.5,-20.6,41.7,5.17,4.92,-54.0,52.1,2.9,3.13,6.8,-27.33,3.28,-36.3,-4.69,-0.15,183075748.0,2.61,5.02,9.65,,5.4,True,2,,0.9,-8.0,True,2024,1.98,0.73,0.04,5.400000095367432,False,False,False,0.9985041556866543,1.288936642979987,,,,,,5.411768261870353,1.1437203993333207,1.1437203993333207,1.0293483593999886,2,True,5.4,-80.9379936810918,-78.8199929789909,n/d,n/d,,,,False,False,,,Em Alta,5.239999771118164,3.053441435840476,-21.739130134318117,False,False,False,sem sinal (Em Alta)
AURE3,BOVA11+SMALL11,BOVA11,Serviços públicos,20.6,21.03,18.181818181818183,,,0.1,P/L=-15.03<2,12.79,24.83,11.09,68.49,True,150,Não,,,False,2,8,False,,False,,False,False,False,False,True,False,2,11,False,False,False,False,False,False,True,True,False,False,False,1.74,True,16285860864.0,-15.03,1.42,0.0,7.48,-9.47,2.89,2.64,-8.09,13.69,6.49,16.23,1.12,1.85,,,5.9,-107.52,2.04,0.26,71.73,25.67,10.05,16.06,55.1,-2.9,31.8,11.75,11.94,-31.2,35.6,34.0,10.05,16.06,3.77,2.24,16.8,-2.98,1.0,66998949.0,15.29,24.01,37.71,,2.5,True,3,,33.7,63.5,False,,1.21,0.66,0.12,15.59000015258789,False,False,False,8.481213356165311,15.732110571014282,,,,,,6.19180067033764,10.135041532505745,8.481213356165311,7.63309202054878,3,True,2.5,-51.038537871459155,-34.99011267922688,n/d,n/d,,,,False,False,,,Em Alta,16.059999465942383,-2.926521351082212,-4.706604089467237,False,False,False,sem sinal (Em Alta)
ENEV3,BOVA11,BOVA11,Serviços públicos,20.4,18.71,30.0,,,0.1,,26.86,8.27,21.72,2.05,True,151,Não,Bandeira de alta,"Bandeira de alta (pré-confirmação) — pescoço R$30.47, preço 3.1% acima do pescoço; falta fechar acima e segurar",False,1,8,False,,True,,False,,False,False,False,False,3,10,False,False,False,False,False,False,True,False,False,False,True,1.16,True,60318724096.0,63.44,3.0,0.0,0.0,4.73,2.64,5.85,5.03,13.96,3.9,9.18,1.28,1.2,13.41,,-91.5,35.23,4.12,0.26,62.34,34.87,16.08,31.41,95.3,0.0,19.7,24.51,23.42,-13.5,35.7,56.9,19.82,31.41,26.67,2.25,66.5,-2.95,1.61,355745967.0,38.27,60.2,94.71,12.0,7.3,True,4,,44.3,61.7,False,2025,1.07,0.58,0.02,31.40999984741211,False,False,False,,,5.7486957734729005,10.799831479953777,2.341886810817454,,2.845516253515872,17.00957621901804,5.43398257944,4.297106013494386,3.8673954121449476,4,True,7.3,-87.68737525968633,-82.69983251882216,n/d,n/d,,,,False,False,,,Em Alta,30.809999465942383,1.9474209408311571,-0.8209669348136606,False,False,False,sem sinal (Em Alta)
TUPY3,SMALL11,SMALL11,Bens Industriais,19.39,22.81,0.0,,,0.7,P/L=-3.49<2,5.99,44.24,27.12,36.3,False,152,Não,Bandeira de alta,"Bandeira de alta (pré-confirmação) — pescoço R$17.97, preço 13.5% acima do pescoço; falta fechar acima e segurar",False,2,8,False,,False,,False,False,False,False,False,False,0,11,False,False,False,False,False,False,True,True,False,False,False,0.83,True,2675449088.0,-3.49,1.18,0.0,3.58,-33.8,2.01,1.49,-8.26,9.87,3.88,9.69,2.16,1.72,,,-5.8,7.14,1.31,0.87,73.24,26.66,11.34,20.4,79.9,0.0,34.8,13.1,13.68,-22.1,40.6,75.4,11.34,20.4,45.17,2.56,24.8,-3.87,1.02,14889049.0,19.46,32.6,54.61,,1.9,True,3,,-1.6,-9.1,True,2025,1.03,0.49,0.01,20.399999618530273,False,False,False,5.30820546484157,7.78536801510097,,,,,,10.019076671606632,7.704216717183058,7.78536801510097,7.006831213590873,3,True,1.9,-65.65278752639662,-62.23423107231356,n/d,n/d,,,,False,False,,,Em Alta,19.68000030517578,3.658533039580969,-1.2106537753911795,False,False,False,sem sinal (Em Alta)
