ticker,origem,grupo,setor,investment,investment_base,consistencia,basileia,solvencia,ciclicidade,dado_suspeito,quality,value,safety,dividend,regulado,rank_invest,oportunidade_grafica,candidato_padrao,candidato_nota,virada_alta,criterios_ok,criterios_aplicaveis,passa_checklist,mais_5a_bolsa,sem_prejuizo_anual,lucro_20t,div_ge5_5a,div_sem_corte,roe_ge_10,divida_menor_patrim,cresc_receita_5a,cresc_lucro_5a,n_ok,n_aplic,roe_roic_ge_selic,roe_ge_setor,roic_ge_setor,margem_ge_15,cagr_ge_setor,divida_ok,marketcap_ok,insider_ok,margem_ok,roe_ok,alavancagem_ok,div_liq_patrim,nde_ok,market_cap,pl,pvp,dy,dy_teto,roe,roe_medio,roic,mrg_liq,ev_ebitda,div_liq_ebitda,lev_roic_adj,liq_corr,div_patrim,peg,payout,cresc_5a,pl_fut,roa,liq_geral,grau_endiv,indep_fin,min_52s,max_52s,dist_min52,dist_max52,dist_mm100,mediana_1a,media_1a,max_drawdown,vol_anual,ret_ytd,min_ytd,max_ytd,rel_ibov_ytd,desvio_padrao,momentum_12_1,var_95,sharpe,liquidez_media,preco_p10_1a,preco_p50_1a,preco_p90_1a,g_implicito,teto_dispersao,teto_confiavel,teto_n_metodos,cagr_5a,cagr_3a,cagr_1a,desacelerando,anos_atipicos,beta,corr_ibov,corr_usd,close,div_ge5_5a,divo_qualidade_ok,auvp_ok,teto_bazin,teto_gordon,teto_dcf,teto_graham,teto_lynch,teto_projetivo,teto_graham_selic,teto_mult_ebitda,teto_medio,teto_mediana,teto_ajustado,teto_n_metodos,teto_confiavel,teto_dispersao,teto_upside_pct,teto_upside_media_pct,prox_resultado,ex_dividendo,ex_tipo,tese_ia,strategy,in_wishlist,in_carteira,preco_medio,var_pm_pct,trend,breakout_level,pct_to_level,dist_52w_high_pct,fund_ok,breakout,aprovado,note
VULC3,SMALL11+DIVO11,SMALL11,Consumo discricionário,77.27,78.07,72.72727272727273,,,0.9,,87.38,64.22,65.5,95.89,False,1,Não,,,False,6,8,False,,True,,False,False,True,True,False,True,8,11,True,True,True,True,False,True,True,False,True,True,True,0.25,True,4290782464.0,4.59,1.61,21.46,15.42,35.06,31.82,17.83,24.89,6.17,0.76,0.59,2.96,0.37,0.45,70.8,-64.7,6.22,11.45,1.64,37.42,62.57,12.98,20.08,5.2,-32.0,-4.2,16.73,16.57,-35.4,26.3,-31.4,12.98,19.91,-47.63,1.66,-20.7,-3.0,-1.28,38128586.0,7.71,10.81,15.16,-6.6,8.6,False,6,,12.0,16.8,False,2025,0.85,0.57,0.15,13.65999984741211,False,False,False,15.323437966493174,28.817949466017804,40.704476318102,23.83541252512024,76.37286249918267,48.514490573266926,27.59517785564706,8.871690492139363,,,,6,False,8.6,,,n/d,2025-12-23,última,,,False,False,,,Lateral,13.949999809265137,-2.078852801563613,-32.47566962059941,True,False,False,sem sinal (Lateral)
JHSF3,SMALL11+DIVO11+AUVP11,SMALL11,Imobiliário,77.25,74.84,90.9090909090909,,,0.8,,86.69,79.73,44.52,69.86,False,2,Não,Bandeira de alta,"Bandeira de alta (pré-confirmação) — pescoço R$11.74, preço 0.8% abaixo do pescoço; falta fechar acima e segurar",False,7,8,False,,True,,False,True,True,True,True,True,10,11,True,True,True,True,True,True,True,False,True,True,True,0.34,True,7660810752.0,3.66,1.04,6.25,8.08,28.4,16.71,13.12,52.59,4.87,1.22,1.27,1.73,0.86,0.24,29.59,90.2,9.19,7.25,0.72,61.6,36.26,5.16,13.76,125.7,-15.3,7.2,9.4,9.15,-27.9,39.6,57.9,7.38,13.76,41.67,2.5,95.5,-3.79,1.91,49089919.0,15.92,26.38,43.73,-10.7,10.7,False,6,,21.6,116.4,False,2025,1.37,0.6,0.05,11.649999618530273,False,False,True,6.848949081888217,12.880442950776875,43.53604652086052,28.324350364379562,73.47624157210849,19.57807411896471,39.215299262375126,20.751685872317864,,,,6,False,10.7,,,n/d,2026-10-01,próxima,,,False,False,,,Em Alta,12.15999984741211,-4.194080882249141,-17.131882479532155,True,False,False,sem sinal (Em Alta)
MDNE3,SMALL11+DIVO11,SMALL11,Imobiliário,74.84,72.01,90.9090909090909,,,0.8,,72.31,77.75,60.09,80.14,False,3,Não,,,False,7,8,False,,True,,False,True,True,True,True,True,10,11,True,True,True,True,True,True,True,False,True,True,True,0.24,True,2611213312.0,4.51,1.1,16.01,9.33,24.38,16.15,10.98,21.43,4.35,0.91,1.13,2.38,0.48,0.32,42.08,19.5,3.95,6.4,1.12,72.76,27.27,20.62,34.28,22.4,-26.3,-4.3,25.8,26.66,-33.9,45.7,9.8,22.65,34.28,-6.43,2.88,2.3,-5.07,0.13,31689496.0,15.44,27.75,49.89,-6.9,7.7,True,6,,43.4,50.1,False,,1.68,0.64,0.13,25.25,False,False,False,17.132868434337393,32.22084612006033,76.57535226378656,53.77346574119049,131.29626218392798,25.721839247317863,65.82800198348573,49.995240169167275,50.685790920834705,51.88435295517888,46.695917659661,6,True,7.7,84.93432736499406,100.73580562706815,n/d,2026-01-02,última,,,False,False,,,Lateral,26.299999237060547,-3.992392652167631,-26.341887692103615,True,False,False,sem sinal (Lateral)
POMO3,SMALL11+DIVO11,SMALL11,Bens Industriais,74.15,74.4,72.72727272727273,,,0.7,,79.77,75.84,52.5,90.41,False,4,Não,,,False,5,8,False,,True,,False,False,True,True,False,True,8,11,True,True,True,False,False,True,True,False,True,True,True,0.44,True,4990404608.0,4.23,1.2,22.76,12.73,28.32,24.74,18.39,13.19,4.51,1.29,0.96,1.94,0.81,0.32,53.86,-14.0,,8.76,1.02,59.93,39.42,3.73,6.48,7.8,-37.9,-19.0,5.47,5.34,-42.4,35.7,-24.2,3.73,6.43,-40.43,2.25,-34.7,-3.6,-1.42,7854151.0,1.64,2.6,4.12,-8.0,6.6,True,6,,18.7,5.4,True,,0.94,0.46,0.05,4.019999980926514,False,False,False,3.722554046194656,7.000803254617691,12.998398474131331,8.463626766561584,24.518917710788312,11.223168979087069,10.532751387293915,5.778045426959455,9.332799048108507,9.49818907692775,8.548370169234975,6,True,6.6,112.64602511925337,132.15918140272032,n/d,2026-08-26,última,,,False,False,,,Lateral,4.340000152587891,-7.373275585498873,-38.454365764073486,True,False,False,sem sinal (Lateral)
PSSA3,BOVA11+AUVP11,BOVA11,Insurance,73.66,72.93,77.77777777777777,,1.8,0.3,,75.94,54.74,100.0,50.68,False,5,Pivô de alta,,,False,4,6,False,,True,,False,False,True,,True,True,7,9,True,False,True,,True,,True,False,True,True,True,,True,31703480320.0,8.62,1.97,6.13,5.33,22.84,17.35,79.28,8.13,,,,,,0.7,45.98,0.3,7.98,6.06,,71.59,28.18,43.07,55.45,14.8,-10.8,-2.3,48.15,48.57,-16.1,25.9,6.8,44.27,55.45,-9.43,1.63,-2.8,-2.69,-0.28,74331318.0,36.57,51.06,71.28,1.9,4.1,True,4,,20.5,17.0,True,2023,0.75,0.51,0.03,49.459999084472656,False,False,True,19.18897251756294,36.08764831528772,78.47855554156277,56.93228530216026,101.39767579999105,48.15391823186924,60.91170965297011,,45.47727365157067,42.12078327357848,37.90870494622064,4,True,4.1,-23.354820768442764,-8.052417118123866,2026-11-05,2026-06-23,última,,Pivô de alta,False,False,,,Lateral,51.65999984741211,-4.258615504137797,-10.963096734886912,True,True,True,Pivô de alta
POMO4,BOVA11+SMALL11+DIVO11+AUVP11+Carteira,BOVA11,Bens Industriais,73.53,73.67,72.72727272727273,,,0.7,,79.77,75.38,52.5,84.25,False,6,Não,,,False,5,8,False,,True,,False,False,True,True,False,True,8,11,True,True,True,False,False,True,True,False,True,True,True,0.44,True,5251097600.0,4.46,1.26,21.59,10.23,28.32,24.74,18.39,13.19,4.69,1.29,0.96,1.94,0.81,0.3,45.62,-14.0,4.46,8.76,1.02,59.93,39.42,3.93,7.69,7.5,-45.0,-19.1,5.76,5.78,-48.9,35.6,-25.0,3.93,6.81,-41.23,2.24,-42.2,-3.6,-1.82,62471165.0,1.5,2.38,3.77,-7.1,7.6,True,7,,18.7,5.4,True,,1.0,0.49,0.05,4.230000019073486,False,False,True,3.146393921481649,5.917250503947747,12.972081643911165,8.464063764282283,23.92666293867152,11.575137762178509,11.684663729817345,5.758399760873578,11.471180014811734,11.575137762178509,10.417623985960658,7,True,7.6,146.27952574436324,171.18628754342922,n/d,2026-08-26,última,,,False,True,4.45,-4.94,Lateral,4.599999904632568,-8.043475939781274,-45.21979236281651,True,False,False,sem sinal (Lateral)
CURY3,BOVA11+SMALL11+DIVO11+AUVP11,BOVA11,Consumo discricionário,73.47,72.0,81.81818181818181,,,0.9,,89.4,47.57,56.92,84.93,False,7,Não,,,False,6,8,False,,True,,False,False,True,True,True,True,9,11,True,True,True,True,False,True,True,False,True,True,True,-0.13,True,8945701888.0,8.15,5.41,16.57,10.4,66.38,57.38,37.72,17.89,5.24,-0.15,-0.06,1.92,0.66,0.81,84.77,8.2,6.13,16.3,0.91,70.61,24.44,26.99,40.16,7.6,-27.7,-6.6,31.65,31.9,-29.9,40.4,-3.2,28.13,40.16,-19.43,2.54,4.1,-3.95,-0.11,108103933.0,17.51,29.36,49.23,1.3,3.5,True,8,,33.7,37.5,False,,1.33,0.57,0.07,29.040000915527344,False,False,True,21.96814867363722,41.31429250558225,48.7352479247322,20.744857114072563,73.07861440936883,54.23601965293755,32.74198121736131,23.836799225257252,39.58199509036864,37.02813686147178,33.325323175324606,8,True,3.5,14.756618886695527,36.301631689014926,n/d,2026-08-17,última,,,False,False,,,Em Baixa,33.65999984741211,-13.72548708505109,-27.848115258035634,True,False,False,sem sinal (Em Baixa; sem novo topo (-13.7%))
MILS3,SMALL11,SMALL11,Bens Industriais,70.85,68.91,81.81818181818181,,,0.7,,84.31,56.4,57.62,53.42,False,8,Não,,,False,6,8,False,,True,,False,True,True,True,True,True,9,11,True,True,True,True,False,True,True,False,True,True,True,0.65,True,3621027840.0,8.3,1.98,5.33,5.69,23.81,18.37,20.65,23.53,4.91,1.28,0.85,2.98,0.99,0.66,47.21,21.3,8.53,11.12,0.54,61.6,38.32,10.3,15.91,54.3,-0.1,5.4,13.04,13.37,-15.0,26.7,25.6,12.01,15.91,9.37,1.68,47.0,-1.9,1.12,11215554.0,16.99,23.76,33.22,1.5,5.3,True,7,,18.9,16.7,True,,0.7,0.45,0.07,15.890000343322754,False,False,False,6.573515961115859,12.362450984937245,26.184843161946546,18.592745486024956,34.952233160495524,11.996575656253041,20.607243737900063,20.30732482898763,20.71477385950643,20.30732482898763,18.276592346088865,7,True,5.3,15.01945847200059,30.363583460909904,n/d,2026-04-22,última,,,False,False,,,Em Alta,15.90999984741211,-0.12570398668236837,-0.6874978542327881,True,False,False,sem sinal (Em Alta)
PETR4,BOVA11+DIVO11+AUVP11,BOVA11,Energia,70.69,73.54,54.54545454545455,,,0.9,DY5a=41.0%>=20,85.74,80.98,36.8,,False,9,Não,Bandeira de alta,"Bandeira de alta (pré-confirmação) — pescoço R$50.48, preço 4.9% abaixo do pescoço; falta fechar acima e segurar",False,7,8,False,,True,,True,False,True,True,True,False,6,11,True,True,True,True,True,True,True,False,True,True,True,0.61,True,655847325696.0,4.69,1.3,7.52,40.99,27.73,30.77,19.69,24.32,2.91,1.29,0.9,0.85,0.76,0.31,192.25,96.8,4.86,10.07,0.28,65.87,33.99,26.84,50.43,78.8,-4.8,14.8,37.77,36.9,-22.2,26.5,66.2,27.87,50.43,49.97,1.67,49.5,-2.6,1.56,2114472393.0,57.24,80.33,112.75,-6.2,5.6,True,8,,-10.5,-2.4,False,,0.37,0.24,-0.04,48.0,True,True,True,143.0991361297021,269.1186979471494,139.98211706444732,92.20923074120896,307.03624733475476,55.87236666666667,126.08955223880596,54.50616692766317,148.4891893812998,133.03583465162666,119.732251186464,8,True,5.6,149.44218997180002,209.3524778777079,n/d,2026-08-24,última,,,False,False,,,Em Alta,50.43000030517578,-4.818560956713657,-5.325445211655877,True,False,False,sem sinal (Em Alta)
ABCB10,SMALL11,SMALL11,Produtos financeiros,70.03,73.57,50.0,,,0.4,,74.34,72.19,,,False,10,Não,,,False,1,3,False,,,,,,True,,False,,1,2,True,False,,,False,,,,True,True,True,,True,,,0.89,,,14.9,,,40.92,,,,,,,,-2.9,,1.54,,,,,,,,,,,,,,,,,,,,,,,,,,,True,0,,,,,,,,,,,False,False,,,,,,,,,,,,0,True,,,,n/d,n/d,,,,False,False,,,,,,,False,False,False,histórico insuficiente
PETR3,BOVA11+DIVO11+AUVP11,BOVA11,Energia,69.98,72.7,54.54545454545455,,,0.9,DY5a=38.8%>=20,85.74,77.94,36.8,,False,11,Não,Bandeira de alta,"Bandeira de alta (pré-confirmação) — pescoço R$56.22, preço 5.9% abaixo do pescoço; falta fechar acima e segurar",False,7,8,False,,True,,True,False,True,True,True,False,6,11,True,True,True,True,True,True,True,False,True,True,True,0.65,True,681556180992.0,5.16,1.43,6.82,38.84,27.73,30.77,19.69,24.32,3.11,1.29,0.9,0.85,0.76,0.34,200.4,96.8,3.58,10.07,0.28,65.87,33.99,28.69,56.23,84.3,-6.0,13.2,41.97,40.57,-22.9,29.6,73.0,29.47,56.23,56.77,1.86,52.8,-2.95,1.45,550851567.0,61.1,89.23,130.31,-4.7,5.8,True,8,,-10.5,-2.4,False,,0.4,0.24,-0.04,52.880001068115234,True,True,True,149.3607895196718,280.8946460966731,140.16704459165325,92.33999458758176,307.4418666750886,55.87236666666667,126.25612658123637,53.460119682936195,150.72411930018848,133.2115855864448,119.89042702780033,8,True,5.8,126.721680420105,185.03047703429374,2026-11-10,2026-08-24,última,,,False,False,,,Em Alta,56.22999954223633,-5.957671174449841,-6.654899128363578,True,False,False,sem sinal (Em Alta)
PLPL3,SMALL11,SMALL11,Consumo discricionário,69.92,72.63,54.54545454545455,,,0.9,,77.7,85.43,52.77,57.53,False,12,Não,,,False,5,8,False,,True,,False,False,True,False,False,True,6,11,True,True,True,False,False,True,True,False,True,True,True,0.52,True,1378707968.0,4.39,1.2,7.49,6.32,27.32,38.02,24.26,8.62,1.84,1.22,0.69,3.0,1.2,0.29,27.75,-37.3,3.18,7.78,1.2,73.04,24.14,6.46,17.36,5.1,-60.9,-16.7,13.58,11.98,-62.8,50.5,-48.0,6.46,16.13,-64.23,3.18,-59.5,-5.96,-1.84,15077983.0,1.4,2.7,5.18,-7.4,10.7,False,6,,30.0,26.7,True,,1.55,0.53,0.09,6.789999961853027,False,False,False,3.1214755835110277,5.870387952215901,21.15482389467032,14.032600063068461,32.977286720061976,10.95072400487419,19.055307410029457,33.50427921857537,,,,6,False,10.7,,,n/d,2025-12-30,última,,,False,False,,,Em Baixa,7.610000133514404,-10.775297730286493,-60.93353164766795,True,False,False,sem sinal (Em Baixa; sem novo topo (-10.8%))
LEVE3,SMALL11+DIVO11+AUVP11,SMALL11,Consumo discricionário,69.45,70.48,63.63636363636363,,,0.9,,86.09,58.52,35.56,100.0,False,13,Não,,,False,6,8,False,,True,,True,False,True,False,True,True,7,11,True,True,True,False,False,True,True,True,True,True,True,1.2,True,4451101184.0,6.41,4.63,8.65,19.55,72.29,64.73,34.45,13.0,5.24,1.21,0.48,1.43,1.7,0.25,125.32,25.8,6.44,14.14,0.81,77.23,22.71,24.65,35.6,33.2,-7.8,0.5,32.38,31.55,-12.3,24.5,4.1,31.18,35.6,-12.13,1.54,25.0,-2.25,0.55,6600102.0,30.7,41.87,57.11,-1.6,6.2,True,7,,8.6,18.6,False,,0.63,0.45,0.11,32.84000015258789,True,True,True,46.69487817257477,87.81649669229384,70.07276968797376,28.593999105393404,153.69734860805565,98.51666666666667,63.118377828374854,24.976712862418854,78.35864810876184,70.07276968797376,63.06549271917638,7,True,6.2,92.03864928790699,138.60733174383662,n/d,2026-04-30,última,,,False,False,,,Em Alta,33.06999969482422,-0.6954930279975957,-9.306818605609601,True,False,False,sem sinal (Em Alta)
RIAA3,SMALL11,SMALL11,Consumo discricionário,68.8,69.71,63.63636363636363,,,0.9,,64.99,94.49,38.34,91.78,False,14,Não,,,False,4,8,False,,False,,False,False,True,True,True,True,7,11,True,True,False,False,False,True,True,False,True,False,True,0.47,True,3509420544.0,2.25,0.64,47.2,13.2,28.35,8.06,8.96,14.35,2.53,2.11,3.24,1.61,0.68,0.15,29.71,16.6,5.24,4.35,1.05,64.01,35.99,6.26,10.43,11.7,-33.0,-13.9,8.27,8.22,-37.2,45.0,-16.7,6.55,10.43,-32.93,2.84,-4.6,-4.33,-0.13,11845731.0,3.83,6.83,12.18,-21.2,13.1,False,6,,7.5,9.0,False,2025,1.56,0.61,0.08,6.989999771118164,False,False,False,6.712812790369508,12.624418892856204,42.49118140435987,27.63040015098632,87.62274330415698,51.88018214566937,38.27413208007813,36.32635239990353,,,,6,False,13.1,,,n/d,n/d,,,,False,False,,,Lateral,7.440000057220459,-6.048390895717448,-35.47769307365984,False,False,False,sem sinal (Lateral)
BRSR6,SMALL11+DIVO11,SMALL11,Produtos financeiros,68.66,69.01,66.66666666666667,17.35,,0.4,,43.94,89.86,90.71,86.3,False,15,Bandeira de alta,,,False,2,6,False,,True,,False,False,True,,False,True,6,9,False,False,False,,False,,True,True,True,False,True,,True,6200052736.0,3.97,0.53,10.34,10.6,13.26,9.63,0.0,22.38,,,,,,0.52,42.09,-29.2,4.68,1.0,,93.0,6.99,10.49,18.28,44.5,-17.1,7.7,14.14,14.38,-29.2,29.4,3.8,12.94,18.28,-12.43,1.85,24.2,-2.79,0.9,43214462.0,14.84,21.71,31.75,-9.1,4.5,True,4,,7.1,5.1,True,,1.09,0.65,0.01,15.15999984741211,False,False,False,11.689085246117918,21.983021608021758,52.22913736331139,49.574377303084844,69.80790557962658,33.74866168054483,29.153444815072657,,29.912476474498973,27.865841644283293,25.079257479854963,4,True,4.5,65.4304599754737,97.31185208161588,n/d,n/d,,,Bandeira de alta,False,False,,,Em Alta,15.217777252197266,-0.3796704592769262,-17.41085821869034,False,True,False,"Bandeira de alta — mastro +18%, recuo 15%, bandeira 7d (candidato)"
CXSE3,BOVA11+DIVO11+Wishlist+Carteira,BOVA11,Insurance,68.62,65.04,88.88888888888889,,1.6,0.3,,63.8,32.72,100.0,81.51,False,16,Não,Bandeira de alta,"Bandeira de alta (pré-confirmação) — pescoço R$20.56, preço 0.1% acima do pescoço; falta fechar acima e segurar",False,4,6,False,,True,,True,True,True,,True,True,8,9,True,False,False,,True,,True,True,True,True,True,,True,61770002432.0,13.69,4.49,6.55,9.61,32.79,28.44,-1.21,75.43,,,,,,1.07,131.59,12.8,12.0,20.76,,8.23,91.77,13.01,22.04,58.3,-6.6,8.1,17.26,17.11,-18.8,22.7,31.9,15.42,22.04,15.67,1.43,40.3,-2.14,1.54,108247448.0,24.39,32.65,43.7,6.0,1.9,True,4,,13.4,5.7,True,,0.71,0.55,0.06,20.59000015258789,True,True,False,14.393984574687547,27.069977442073675,20.571078641573234,12.457265319790187,33.70849451096266,22.898448930232796,16.411839420382694,,21.233372397141814,21.734763785903013,19.56128740731271,4,True,1.9,-4.996176482037972,3.124683048985122,2026-11-09,2026-11-04,próxima,,,True,True,19.51,5.54,Em Alta,20.639999389648438,-0.2422443727669088,-7.011694417600156,True,False,False,sem sinal (Em Alta)
VLID3,SMALL11+DIVO11,SMALL11,Bens Industriais,68.12,67.31,72.72727272727273,,,0.7,,60.88,76.84,66.2,74.66,False,17,Não,Fundo duplo,"Fundo duplo (pré-confirmação) — pescoço R$18.46, preço 4.4% abaixo do pescoço; falta fechar acima e segurar",False,6,8,False,,True,,False,False,True,True,False,True,8,11,True,True,True,False,False,True,True,True,True,True,True,0.1,True,1378620288.0,6.12,0.81,11.02,8.58,13.18,13.73,15.68,11.15,3.19,0.48,0.42,2.3,0.41,0.98,52.53,-32.9,10.14,7.18,1.13,45.32,54.23,16.3,22.63,8.2,-22.0,1.1,19.43,19.16,-27.9,31.8,-14.4,16.3,22.63,-30.63,2.0,-11.0,-3.08,-0.59,3085278.0,10.62,15.98,24.05,-2.2,3.9,True,7,,3.1,-5.0,True,2023,0.93,0.51,0.08,17.639999389648438,False,False,False,11.011680427180446,20.709063513052257,39.423148541065444,37.581283153192594,42.77378767350524,34.606280081422184,19.381434990235476,35.39796278090863,32.838994390483116,35.39796278090863,31.858166502817767,7,True,3.9,80.6018571719049,86.16210616058073,2026-11-04,2026-08-13,última,,,False,False,,,Lateral,18.059999465942383,-2.325581886566408,-22.7394738492378,True,False,False,sem sinal (Lateral)
DIRR3,BOVA11+SMALL11+DIVO11+AUVP11,BOVA11,Consumo discricionário,68.11,67.29,72.72727272727273,,,0.9,,71.19,60.89,55.31,89.73,False,18,Não,,,True,5,8,False,,True,,False,False,True,False,True,True,8,11,True,True,False,True,False,True,True,False,True,True,True,0.31,True,5282388992.0,6.11,2.25,15.42,12.12,36.78,26.14,9.99,17.73,4.52,0.6,0.82,4.18,1.16,0.64,74.05,8.6,4.57,5.44,1.01,82.45,14.5,10.05,16.95,1.3,-39.9,-16.9,13.79,13.72,-40.7,40.5,-25.3,10.05,16.88,-41.53,2.55,-24.1,-4.34,-0.89,110985551.0,4.45,7.49,12.61,-2.2,4.0,True,8,,26.2,29.7,False,,1.52,0.65,0.08,10.180000305175781,False,False,True,8.97338463671439,16.87575239743384,22.788237840634235,13.023484152308555,36.09307394682526,25.89411375469631,14.707393189632889,9.544491601864324,18.487491440013724,15.791572793533364,14.212415514180028,8,True,4.0,39.61115017800208,81.60600084279166,n/d,2025-12-17,última,,,False,False,,,Em Baixa,11.470000267028809,-11.246730007157957,-41.0124353380374,True,False,False,sem sinal (Em Baixa; sem novo topo (-11.2%)) · ⚡ cruzamento de médias (MM21>MM30) hoje
VTRU3,SMALL11,SMALL11,Consumo discricionário,68.0,74.12,33.333333333333336,,,0.9,,85.82,95.35,55.23,6.16,False,19,Bandeira de alta,,,False,7,8,False,,True,,,,True,True,False,False,3,9,True,True,True,True,False,True,True,True,True,False,True,0.37,True,2266517248.0,2.02,0.55,0.17,0.21,27.23,9.79,15.07,46.56,3.06,2.1,1.91,2.56,0.56,0.13,0.42,-23.9,4.68,6.37,0.37,51.99,48.01,10.28,16.86,47.7,-10.0,13.6,13.54,13.48,-28.8,38.8,8.5,12.0,16.86,-7.73,2.44,16.4,-3.52,0.53,9732732.0,12.07,19.85,32.65,-23.9,502.9,False,5,,,5.5,,,1.18,0.53,0.08,15.180000305175781,,False,False,0.2272289520353503,0.42733702915035227,102.78377721805381,68.31341712954352,114.26950627134791,0.4757166666666666,92.58297215829982,34.3324945014578,,,,5,False,502.9,,,n/d,n/d,,,Bandeira de alta,False,False,,,Em Alta,15.0,1.2000020345052098,-12.496618927777837,False,True,False,"Bandeira de alta — mastro +25%, recuo 12%, bandeira 7d (candidato)"
TGMA3,SMALL11+DIVO11,SMALL11,Bens Industriais,66.75,65.69,72.72727272727273,,,0.7,,78.58,32.54,69.54,82.88,False,20,Não,,,False,6,8,False,,True,,False,False,True,True,True,True,8,11,True,True,True,False,False,True,True,True,True,True,True,0.03,True,2367166208.0,9.19,2.35,10.26,10.06,25.55,24.91,27.01,10.14,6.35,0.07,0.04,2.22,0.23,4.77,92.47,23.5,7.07,14.79,1.33,34.75,65.25,26.65,39.14,34.7,-8.3,14.9,33.15,32.94,-31.9,31.4,2.0,26.65,39.14,-14.23,1.98,1.6,-2.58,-0.09,9713364.0,25.52,38.1,56.9,2.6,3.1,True,8,,17.5,6.5,True,,0.89,0.5,0.16,35.900001525878906,False,False,False,26.27021288363565,31.13375777657181,33.67008459745631,36.643254528943885,46.82376370988004,48.26190103761008,15.437299174148785,33.440269152447996,33.96006785758682,33.55517687495215,30.199659187456938,8,True,3.1,-15.878390239935825,-5.403714723782571,n/d,2026-08-07,última,,,False,False,,,Em Alta,36.369998931884766,-1.2922667577914715,-9.196915186342359,True,False,False,sem sinal (Em Alta)
LAVV3,SMALL11+DIVO11+Carteira,SMALL11,Imobiliário,66.02,63.23,81.81818181818181,,,0.8,,65.65,53.07,55.18,93.84,False,21,Não,Bandeira de alta,"Bandeira de alta (pré-confirmação) — pescoço R$10.94, preço 0.5% abaixo do pescoço; falta fechar acima e segurar",False,5,8,False,,True,,True,False,True,True,False,True,9,11,True,True,False,True,False,True,True,False,True,True,True,0.37,True,2125557632.0,5.72,1.42,22.98,14.06,24.9,19.67,8.69,19.91,7.23,1.5,2.38,4.12,0.86,1.17,80.4,-30.3,3.11,4.85,1.47,60.31,33.37,9.22,18.94,18.1,-42.5,-0.1,12.93,13.27,-51.3,36.7,-26.6,9.22,18.94,-42.83,2.31,-26.3,-3.58,-0.72,5977119.0,5.59,8.97,14.38,-3.2,3.2,True,8,,46.9,13.7,True,,1.5,0.71,0.07,10.890000343322754,True,True,False,11.132222074915616,18.10018735251549,22.51284469009534,18.124956207031524,36.051974614858416,23.97673672114432,11.125229955359117,11.831136517130126,19.106911016631244,18.112571779773507,16.301314601796157,8,True,3.2,49.69067114668524,75.45372281229285,n/d,2026-02-03,última,"A Lavvi Empreendimentos Imobiliários (LAVV3) apresenta um quadro operacional robusto no setor imobiliário, onde seu expressivo retorno sobre o patrimônio líquido de 24,9% supera com folga a média dos pares de 16,2%, sugerindo alta eficiência na alocação do capital dos acionistas, embora o retorno sobre o capital investido de 8,7% fique ligeiramente abaixo da média setorial de 9,4%. Essa forte rentabilidade convive com múltiplos de valuation atrativos, evidenciados pelo preço sobre lucro de 5,72 e preço sobre valor patrimonial de 1,42, indicando que a qualidade da empresa não está sendo negociada a preços proibitivos. No âmbito financeiro, a excelente margem líquida de 19,91% e a confortável liquidez corrente de 4,12 dão sustentação a um endividamento extremamente controlado, visto que a relação dívida líquida sobre EBITDA de 1,5 vezes está muito abaixo da média do setor de 18,46 vezes. Esse balanço desalavancado e altamente rentável permite a distribuição de um extraordinário dividendo de 22,98%, patamar que se mostra coerente com a forte geração de lucro e com a estrutura de capital saudável da companhia. Por outro lado, a análise do crescimento exige cautela, pois o recuo na receita nos últimos cinco anos destoa da média setorial e, embora a janela de três anos mostre forte expansão de 46,9%, a desaceleração para 13,7% no último ano é um sinal de alerta explícito de perda de tração recente que merece checagem manual detalhada para identificar possíveis eventos contábeis pontuais. O mercado, contudo, parece precificar esse cenário com extremo conservadorismo, já que o preço atual de R$ 10,89 embute um crescimento implícito negativo de 3,2% ao ano pelo fluxo de caixa descontado reverso, patamar muito abaixo do histórico de expansão da empresa. Sob a ótica do valuation, as estimativas de preço-teto revelam ampla dispersão entre os métodos, variando desde os conservadores R$ 11,13 de Bazin até os otimistas R$ 36,05 de Lynch, resultando em uma média de R$ 19,11 e um preço-teto ajustado com margem de segurança de R$ 16,30, o que projeta um upside potencial de 49,7%. O checklist de critérios fundamentalistas reforça a solidez da tese ao aprovar 5 dos 8 requisitos analisados, apontando fragilidades apenas no retorno sobre o capital investido frente ao setor, no crescimento histórico de longo prazo e nas transações de insiders. Em balanço, os prós concentram-se na rentabilidade superior, no endividamento muito abaixo dos pares, no valuation descontado e no provento massivo, enquanto os contras residem na clara desaceleração recente da receita e no retorno sobre o capital investido abaixo da média setorial.

Gatilho de falseamento: margem líquida abaixo de 15% no fechamento anual.",,False,True,10.43,4.41,Em Alta,11.020000457763672,-1.1796743107150398,-42.623811348945715,True,False,False,sem sinal (Em Alta)
PINE4,SMALL11+DIVO11,SMALL11,Produtos financeiros,65.29,63.09,77.77777777777777,14.09,,0.4,,64.03,72.2,44.14,73.97,False,22,Não,Bandeira de alta,"Bandeira de alta (pré-confirmação) — pescoço R$11.97, preço 1.4% abaixo do pescoço; falta fechar acima e segurar",False,4,6,False,,True,,False,False,True,,True,True,7,9,True,True,False,,True,,True,False,True,True,True,,True,2977106432.0,4.9,1.64,8.11,8.58,33.43,18.92,0.0,39.51,,,,,,0.33,42.05,76.3,3.82,1.87,,95.52,4.47,7.41,15.72,59.3,-24.9,-4.6,11.94,11.69,-36.3,47.2,-6.0,10.01,15.72,-22.23,2.98,40.5,-4.77,0.94,10921693.0,10.24,18.83,34.6,-5.5,4.5,True,4,,84.0,124.9,False,2023,1.14,0.42,-0.05,11.800000190734863,False,False,False,7.363749234875417,13.848599367523768,32.93745938690968,19.744825929357134,56.78603160011426,12.77531889407378,29.66857190813337,,16.73128172084566,13.311959130798774,11.980763217718897,4,True,4.5,1.5318900344252873,41.79052076611616,n/d,2026-07-15,última,,,False,False,,,Lateral,11.979999542236328,-1.5024988178577559,-25.387572214639853,True,False,False,sem sinal (Lateral)
LREN3,BOVA11+SMALL11,BOVA11,Consumo discricionário,64.59,64.76,63.63636363636363,,,0.9,,66.88,74.85,56.12,47.26,False,23,Não,,,False,6,8,False,,True,,False,False,True,True,True,True,7,11,True,True,True,False,False,True,True,True,True,True,True,0.13,True,10985681920.0,7.53,1.08,8.16,4.38,14.41,11.89,23.53,9.35,2.03,0.59,0.34,1.69,0.32,0.78,32.96,3.2,6.8,6.22,1.29,46.72,53.28,10.5,16.05,10.4,-27.8,-12.6,14.15,13.89,-34.6,38.4,-10.7,10.5,15.66,-26.93,2.42,-30.9,-3.97,-0.99,193264029.0,5.15,8.43,13.81,0.4,8.0,False,6,,6.1,9.6,False,,1.44,0.65,0.12,11.59000015258789,False,False,False,3.68990459046199,6.939401213675291,21.05196446342486,19.27814910215336,21.606324364801647,15.772301482356482,13.70236897713488,29.64887122076533,,,,6,False,8.0,,,2026-11-05,2026-09-23,próxima,,,False,False,,,Lateral,11.619999885559082,-0.25817326391263107,-29.807795778674684,True,False,False,sem sinal (Lateral)
GRND3,SMALL11+DIVO11,SMALL11,Consumo discricionário,64.36,64.49,63.63636363636363,,,0.9,DY5a=20.2%>=20,60.78,63.56,73.97,,False,24,Bandeira de alta,,,False,5,8,False,,True,,True,False,True,True,False,False,7,11,True,True,False,True,False,True,True,False,True,True,True,-0.11,True,3383099904.0,5.71,1.03,40.55,20.25,18.04,16.72,7.81,22.7,8.78,-1.39,-2.45,3.36,0.03,0.38,115.61,-37.8,5.0,2.74,2.01,29.93,70.07,3.37,4.83,11.3,-22.4,0.1,3.86,4.01,-30.3,28.3,-12.9,3.37,4.83,-29.13,1.78,-8.1,-2.47,-0.42,11592597.0,2.55,3.67,5.28,-3.2,9.4,False,6,,0.8,-1.3,True,,0.77,0.47,0.04,3.75,True,True,False,5.521772642333999,10.384495001550713,8.98254335913225,7.334759196180295,19.702276707530647,6.059476722895763,8.091068301225919,2.0893011060694513,,,,6,False,9.4,,,n/d,n/d,,,Bandeira de alta,False,False,,,Em Alta,3.7699999809265137,-0.5305034755357818,-23.19136409289052,False,True,False,"Bandeira de alta — mastro +14%, recuo 39%, bandeira 7d (candidato)"
ALPA4,SMALL11,SMALL11,Consumo discricionário,64.17,64.27,63.63636363636363,,,0.9,,74.8,45.4,58.26,76.03,False,25,Não,Fundo duplo,"Fundo duplo (pré-confirmação) — pescoço R$12.73, preço 3.5% acima do pescoço; falta fechar acima e segurar",False,6,8,False,,False,,False,False,True,True,True,True,7,11,True,True,True,False,True,True,True,False,True,False,True,0.19,True,8953589760.0,12.59,2.44,13.89,8.79,19.37,-7.05,17.96,14.52,8.06,0.82,0.63,1.91,0.39,0.14,110.72,92.8,10.49,7.61,0.98,45.48,54.52,8.0,16.06,64.8,-17.9,5.6,12.13,11.88,-31.7,41.8,12.4,10.97,16.06,-3.83,2.63,49.1,-4.03,0.9,35511608.0,11.85,20.2,34.45,5.4,5.0,True,7,,3.0,11.1,False,,1.03,0.43,0.07,13.180000305175781,False,False,False,8.429677023930813,15.85323130629569,14.31837897305729,11.279735115811027,31.4058784078851,10.329989999999999,12.897347399504817,6.285204834198141,11.34193780754254,11.279735115811027,10.151761604229925,7,True,5.0,-22.976013890960743,-13.945845637889976,n/d,n/d,,,,False,False,,,Lateral,14.989999771118164,-12.074713099260892,-18.742288143475893,False,False,False,sem sinal (Lateral)
INTB3,SMALL11+AUVP11,SMALL11,Tecnologia de informação,64.15,65.84,54.54545454545455,,,0.5,,71.27,54.5,77.76,45.89,False,26,Não,Bandeira de alta,"Bandeira de alta (pré-confirmação) — pescoço R$14.99, preço 0.7% abaixo do pescoço; falta fechar acima e segurar",False,5,8,False,,True,,False,False,True,True,True,False,6,11,True,True,True,False,False,True,True,False,True,True,True,-0.17,True,4868901376.0,8.2,1.48,8.05,4.29,18.07,19.14,17.52,13.1,6.5,-1.0,-0.79,2.64,0.26,0.7,35.22,14.3,7.46,5.97,1.67,43.4,56.17,9.95,15.41,49.5,-3.4,7.3,12.95,12.82,-17.9,37.2,30.8,10.4,15.41,14.57,2.34,18.1,-3.7,0.42,15583782.0,11.57,18.61,29.94,1.4,6.2,True,7,,1.8,-6.2,True,,1.01,0.48,0.08,14.880000114440918,False,False,True,4.647498624407882,8.740295800096114,24.81951238600688,20.26079161129573,29.036209724666634,16.686418355097825,18.53141964043176,13.997166418391734,18.86740199085524,18.53141964043176,16.678277676388586,7,True,6.2,12.085198576056833,26.79705541496993,n/d,n/d,,,,False,False,,,Em Alta,15.40999984741211,-3.439323414790285,-4.975091345719996,False,False,False,sem sinal (Em Alta)
CEAB3,BOVA11+SMALL11,BOVA11,Consumo discricionário,64.09,63.05,70.0,,,0.9,,58.56,87.69,43.39,60.96,False,27,Bandeira de alta,,,False,5,8,False,,False,,False,,True,True,False,True,7,10,True,True,True,False,False,True,True,False,False,False,True,0.52,True,2821481728.0,4.9,0.72,5.83,6.49,14.79,7.33,14.93,7.02,2.19,1.94,1.78,1.67,0.72,0.49,31.79,-9.5,5.17,5.91,0.81,60.22,39.78,7.28,17.96,30.9,-46.9,-4.6,11.77,12.18,-59.5,52.6,-23.2,7.28,13.6,-39.43,3.31,-56.8,-4.87,-1.18,84638789.0,2.6,5.12,10.08,-5.5,19.6,False,6,,8.9,4.5,True,2024,1.79,0.59,0.13,9.529999732971191,False,False,False,4.496004365443019,8.45538885501058,26.601184244764877,24.066883699606844,32.23819191324133,9.555715299918655,17.848108305654673,88.02388848696678,,,,6,False,19.6,,,n/d,n/d,,,Bandeira de alta,False,False,,,Lateral,9.390000343322754,1.4909412622970963,-47.272513466861184,False,True,False,"Bandeira de alta — mastro +34%, recuo 36%, bandeira 7d (candidato)"
B3SA3,BOVA11+AUVP11,BOVA11,Produtos financeiros,63.87,64.55,60.0,,,0.4,,93.58,23.32,,36.99,False,28,Bandeira de alta,,,False,5,6,False,,True,,False,False,True,,True,True,6,10,True,True,True,,True,,True,False,True,True,True,,True,90797268992.0,16.66,4.75,4.4,3.56,28.49,23.11,22.2,49.45,,,,,,1.43,59.24,33.0,14.12,9.25,0.57,63.98,35.97,11.68,19.55,56.1,-6.7,15.2,15.28,15.28,-27.8,35.2,38.3,13.18,19.55,22.07,2.22,18.0,-3.36,0.8,634479681.0,16.59,26.02,40.82,7.3,3.2,True,4,,3.5,6.8,False,,1.62,0.8,0.08,18.229999542236328,False,False,True,4.713978076108641,8.86532005926238,14.966347453642493,9.72061211022639,16.59899943211152,9.194738262930592,11.10970967767543,,9.435095962986027,9.030029161096486,8.127026244986839,4,True,3.2,-55.41949287405264,-48.24412397199328,2026-11-12,2026-09-23,próxima,"A B3SA3 apresenta uma sólida eficiência operacional no setor de produtos financeiros, registrando um ROE de 28,5% e um ROIC de 22,2%, ambos significativamente acima das médias setoriais de 18,4% e 2,2%, respectivamente. Essa elevada qualidade, contudo, convive com múltiplos de preço esticados, visto que o P/L de 16,66 e o P/VP de 4,75 sugerem que o mercado cobra um prêmio alto por essa rentabilidade, o que é corroborado pelo score de valor de apenas 23,0 contra 94,0 em qualidade. O endividamento controlado permite que a companhia sustente margens líquidas robustas de 49,45%, enquanto o dividend yield de 4,4% se mostra coerente com a geração de caixa, embora o score de dividendos de 37,0 indique que o provento atual é moderado frente ao lucro retido para expansão. No campo do crescimento, o CAGR de receita de 5 anos de 33,0% supera com folga a média setorial de 12,7%, mas a análise das janelas temporais de 3 anos (3,5%) e 1 ano (6,8%) revela que o indicador está DESACELERANDO, um sinal de alerta que exige checagem manual de anos anteriores para identificar possíveis variações atípicas ou eventos contábeis pontuais. O checklist de critérios reforça a solidez da tese ao atender 5 de 6 requisitos, falhando apenas na venda de ações por parte de insiders, o que demanda atenção governamental. Quanto ao valuation, as estimativas de preço-teto revelam uma dispersão acentuada entre os métodos, variando de R$ 4,71 pelo modelo de Bazin a R$ 16,6 pelo modelo de Lynch, resultando em uma média de R$ 9,44 e uma mediana de R$ 9,03. Frente ao preço atual de R$ 18,23, o valor ajustado com margem de segurança de R$ 8,13 aponta para um upside negativo de -55,4%, indicando que o mercado já precifica um cenário otimista. De fato, o crescimento implícito de 7,3% ao ano embutido no preço atual via fluxo de caixa descontado reverso parece exigente quando comparado à recente desaceleração da receita para a faixa de 3,5% a 6,8%. Em suma, o papel traz como prós uma rentabilidade excepcional, liderança de mercado e forte geração de caixa, mas carrega como contras um valuation esticado sem margem de segurança e uma clara desaceleração no ritmo de crescimento de suas receitas.

Gatilho de falseamento: ROIC abaixo de 20,0% no fechamento anual de 2026.",Bandeira de alta,False,False,,,Em Alta,17.65999984741211,3.2276313689082237,-8.990288958142367,True,True,True,"Bandeira de alta — mastro +24%, recuo 11%, bandeira 8d (candidato)"
TEND3,BOVA11+SMALL11,BOVA11,Consumo discricionário,63.76,63.78,63.63636363636363,,,0.9,,76.54,62.07,52.98,32.19,False,29,Não,,,False,5,8,False,,False,,False,False,True,True,False,True,7,11,True,True,True,False,False,True,True,False,True,False,True,0.24,True,3586089984.0,6.38,2.4,4.85,3.32,37.61,-8.65,14.39,12.08,4.39,0.47,0.45,1.96,0.79,0.43,21.16,-11.5,4.25,7.18,0.76,81.81,18.11,20.84,36.71,40.3,-20.4,-8.4,29.22,28.51,-22.2,49.9,28.3,22.35,36.71,12.07,3.14,20.7,-4.87,0.22,103377142.0,17.54,33.14,62.63,-1.7,11.9,False,6,,20.0,27.1,False,2023,1.56,0.55,0.11,29.239999771118164,False,False,False,7.052784884951738,13.263785767506011,62.684598558772876,35.4448109013156,83.94604839104372,22.47972026024363,56.46344783388336,28.38194866978751,,,,6,False,11.9,,,n/d,n/d,,,,False,False,,,Em Baixa,35.15999984741211,-16.83731542089206,-21.465436468099497,False,False,False,sem sinal (Em Baixa; sem novo topo (-16.8%))
VIVA3,BOVA11+SMALL11,BOVA11,Consumo discricionário,62.53,62.33,63.63636363636363,,,0.9,,75.46,53.6,66.65,16.44,False,30,Bandeira de alta,,,False,6,8,False,,True,,False,False,True,True,True,True,7,11,True,True,True,True,False,True,True,False,True,True,True,0.27,True,5596152832.0,9.1,1.67,3.09,1.98,18.4,21.98,17.32,18.56,6.01,1.1,0.87,4.19,0.4,0.61,18.01,0.4,7.46,10.38,1.73,37.54,62.46,20.42,35.35,16.7,-32.6,6.3,26.84,26.63,-42.2,38.2,-26.2,20.42,32.35,-42.43,2.41,-25.4,-3.8,-0.67,46019303.0,12.01,19.66,32.18,2.5,13.0,False,6,,13.5,16.8,False,2024,1.13,0.52,0.05,23.81999969482422,False,False,False,3.428721063326202,6.448207677158631,35.80177196244406,28.983716890078735,44.444495609131714,10.853405399094557,32.24861497145433,15.399516073647064,,,,6,False,13.0,,,n/d,2025-12-22,última,"A Vivara (VIVA3) apresenta-se como uma opção robusta no setor de consumo discricionário, exibindo um retorno sobre o patrimônio líquido de 18,4% e um retorno sobre o capital investido de 17,3%, ambos posicionados acima da média dos seus pares setoriais, o que sugere uma forte eficiência na alocação de capital. Essa elevada qualidade operacional convive com múltiplos de preço atrativos, uma vez que o preço sobre lucro de 9,1 e o preço sobre valor patrimonial de 1,67 indicam que o mercado não está cobrando um prêmio excessivo por essa rentabilidade diferenciada. No âmbito financeiro, a excelente rentabilidade é suportada por um endividamento muito saudável, evidenciado pela relação de dívida líquida sobre Ebitda de 1,1 vez, patamar significativamente abaixo da média do setor, e por uma folgada liquidez corrente de 4,19. Essa estrutura de capital conservadora, contudo, contrasta com um dividendo distribuído modesto de 3,09%, o qual se mostra sustentável frente ao lucro e à baixa alavancagem, sugerindo que a companhia prioriza a retenção de caixa para reinvestimento em detrimento de proventos agressivos. Sob a ótica do crescimento, embora a receita tenha se expandido a taxas de duas casas decimais nas janelas mais recentes de três e um ano, o indicador de longo prazo de cinco anos ficou muito abaixo da média setorial, sendo que o ano de 2024 registrou uma variação atípica que merece checagem manual detalhada por parte do investidor para descartar efeitos não recorrentes. O checklist de critérios corrobora a solidez do papel ao atender seis dos oito requisitos avaliados, falhando apenas na velocidade de expansão frente aos concorrentes e na ocorrência de vendas por parte de iniciados. Quanto ao valuation, o crescimento implícito de 2,5% ao ano embutido no preço atual de 23,82 reais configura um patamar bastante conservador diante do histórico recente da empresa, mas a enorme dispersão entre as métricas de preço-teto — que variam desde os conservadores 3,43 reais pelo método de Bazin até os otimistas 44,44 reais pelo modelo de Lynch — exige cautela extra na definição de um valor justo de referência. Em suma, os prós da companhia residem na sua alta rentabilidade, sólida posição de liquidez, endividamento controlado e valuation implícito convidativo, enquanto os contras concentram-se no histórico de crescimento irregular de longo prazo, no baixo retorno em dividendos e nas transações recentes de insiders.

Gatilho de falseamento: margem líquida abaixo de 15% no fechamento do próximo ano fiscal.",Bandeira de alta,False,False,,,Em Alta,23.760000228881836,0.2525230023754377,-33.633306483593984,True,True,True,"Bandeira de alta — mastro +14%, recuo 41%, bandeira 14d (candidato)"
BBSE3,BOVA11+DIVO11+AUVP11,BOVA11,Insurance,62.51,59.82,77.77777777777777,,1.3,0.3,,68.0,31.63,61.0,91.1,False,31,Não,Bandeira de alta,"Bandeira de alta (pré-confirmação) — pescoço R$40.59, preço 1.9% abaixo do pescoço; falta fechar acima e segurar",False,5,6,False,,True,,True,False,True,,False,True,7,9,True,True,False,,True,,True,True,True,True,True,,True,77300514816.0,8.63,7.28,11.39,12.78,84.38,83.67,0.0,87.93,,,,,,,110.27,-0.1,9.08,28.81,,55.04,44.96,28.18,42.35,41.3,-6.0,7.8,32.91,33.57,-9.8,19.7,25.8,30.7,42.35,9.57,1.24,29.9,-2.03,1.08,257655472.0,43.04,55.45,71.44,1.9,1.6,True,4,,9.7,10.8,False,,0.57,0.5,0.06,39.81999969482422,True,True,True,37.00448763870201,54.27324853676295,49.2174581009801,23.829856324948352,,59.50416498381771,12.550451815749927,,49.99983981506569,51.74535331887152,46.57081798698437,4,True,1.6,16.95333587116432,25.564641381864806,2026-11-03,2026-08-07,última,,,False,False,,,Em Alta,42.349998474121094,-5.974023306855337,-7.352256586942929,True,False,False,sem sinal (Em Alta)
SEER3,SMALL11,SMALL11,Consumo discricionário,62.43,62.22,63.63636363636363,,,0.9,,69.28,76.87,39.6,39.04,False,32,Não,Bandeira de alta,"Bandeira de alta (pré-confirmação) — pescoço R$14.16, preço 1.7% abaixo do pescoço; falta fechar acima e segurar",False,6,8,False,,False,,False,False,True,True,True,True,7,11,True,True,True,False,False,True,True,True,True,False,True,0.74,True,1783603840.0,6.55,1.17,6.39,3.67,17.83,-1.1,17.04,11.85,2.93,1.79,1.45,1.64,0.92,0.48,24.03,29.3,5.6,9.65,0.47,59.3,40.7,8.0,14.1,74.1,-1.2,19.3,10.82,10.86,-25.4,52.0,55.3,8.89,14.1,39.07,3.28,5.9,-4.92,0.61,19914604.0,9.76,19.15,37.56,-1.3,9.8,False,5,,9.8,11.9,False,2025,1.47,0.49,0.04,13.930000305175781,False,False,False,3.7174674030781056,6.99123708385334,29.08800851708708,23.86870209748632,36.6093826395482,9.042844124106775,24.220216749309447,30.395270760356222,,,,5,False,9.8,,,n/d,n/d,,,,False,False,,,Em Alta,14.100000381469727,-1.2056742673380305,-2.108216772390703,False,False,False,sem sinal (Em Alta)
TOTS3,BOVA11+SMALL11+AUVP11,BOVA11,Tecnologia de informação,61.58,58.01,81.81818181818181,,,0.5,,85.64,32.92,49.36,13.7,False,33,Bandeira de alta,,,False,6,8,False,,True,,False,False,True,True,True,True,9,11,True,True,True,True,True,False,True,False,True,True,True,0.56,True,19806251008.0,13.94,3.64,2.05,1.39,26.12,14.98,23.37,21.63,7.96,2.09,1.23,1.84,0.92,0.93,19.36,269.5,16.5,7.39,1.0,42.41,54.01,27.05,47.43,29.2,-26.3,12.0,35.03,36.9,-43.0,38.6,-13.8,27.05,46.82,-30.03,2.43,-26.3,-3.47,-0.74,150891531.0,16.98,27.95,46.0,6.1,11.6,False,6,,15.0,17.4,False,,0.9,0.41,-0.02,34.939998626708984,False,False,True,3.5293551318829177,6.637464651250777,34.281851755737975,23.26655394962099,41.07809271621413,10.59424454785779,30.879539675828894,23.60971608082675,,,,6,False,11.6,,,2026-11-04,2026-06-16,última,"A TOTVS (TOTS3) apresenta uma sólida eficiência operacional no setor de tecnologia de informação, com um ROE de 26,1% e um ROIC de 23,4% que se posicionam significativamente acima dos pares setoriais de 9,1% e 13,4%, respectivamente, sugerindo forte capacidade de gerar valor sobre o capital empregado. Essa elevada qualidade técnica convive com múltiplos de preço esticados, visto que o P/L de 13,94 e o P/VP de 3,64 indicam um prêmio exigido pelo mercado, embora o PEG de 0,93 aponte que esse preço está condizente com o crescimento projetado. No âmbito financeiro, a excelente rentabilidade suporta um endividamento controlado, com liquidez corrente de 1,84, ainda que a relação Dívida Líquida/EBITDA de 2,09 esteja acima da média setorial de 1,39. O dividendo distribuído de 2,05% é modesto, o que se mostra coerente com uma estratégia de reinvestimento no próprio negócio e com o perfil de crescimento da companhia, mantendo a sustentabilidade frente ao endividamento moderado. Quanto à expansão, o CAGR de receita de 5 anos de 269,5% supera com folga a média setorial de 100,8%, mas a análise detalhada por janelas revela que o indicador está DESACELERANDO ao registrar 15,0% em 3 anos e 17,4% no último ano, um sinal de alerta que exige atenção do investidor. Adicionalmente, a variação atípica na taxa de crescimento de 5 anos em relação às janelas mais curtas merece uma checagem manual detalhada para identificar possíveis eventos contábeis não recorrentes ou aquisições pontuais. Sob a ótica do valuation, o crescimento implícito de 6,1% ao ano embutido no preço atual de R$ 34,94 parece bastante conservador diante do histórico de expansão da empresa, mas os preços-teto calculados mostram uma dispersão altíssima — variando de R$ 3,53 pelo método de Bazin a R$ 41,08 pelo modelo de Lynch —, o que exige cautela extra na definição de uma margem de segurança. O checklist de critérios confirma a robustez da tese ao atender 6 de 8 requisitos, falhando apenas no endividamento acima do setor e na ocorrência de venda de papéis por insiders. Em suma, os prós residem na rentabilidade excepcional, forte geração de caixa e crescimento implícito realista, enquanto os contras concentram-se na clara desaceleração do crescimento recente, na alavancagem superior à dos pares e na elevada divergência entre as métricas de preço-teto.

Gatilho de falseamento: A tese de investimento será invalidada se a margem líquida da TOTVS recuar para patamares abaixo de 15% no próximo resultado trimestral divulgado.",Bandeira de alta,False,False,,,Em Alta,35.45000076293945,-1.43865197532983,-26.725588481984243,True,True,True,"Bandeira de alta — mastro +31%, recuo 30%, bandeira 10d (candidato)"
SAPR4,AUVP11,SMALL11,Utilities,61.41,59.41,72.72727272727273,,,0.1,,56.46,60.29,64.5,60.27,True,34,Não,,,False,6,8,False,,True,,False,False,False,True,True,True,8,11,False,True,True,False,True,True,True,True,False,True,True,0.04,True,10351757312.0,22.41,0.84,1.67,6.48,3.76,14.91,11.83,6.04,3.98,0.89,1.03,1.86,0.6,1.95,145.12,11.5,8.78,5.91,0.51,53.34,46.66,6.24,9.08,9.8,-24.6,-3.6,7.23,7.49,-31.3,29.5,-12.2,6.24,9.08,-28.43,1.86,-9.0,-3.06,-0.43,7866760.0,4.53,6.63,9.7,8.9,5.8,True,7,,8.3,5.2,True,,0.91,0.54,0.03,6.849999904632568,False,False,False,3.226091501863681,6.067133372859761,4.180737227856529,7.488955555581537,5.4945897837527955,1.7543033594410482,3.0811244550957744,10.128470071023001,5.6667288525761546,5.4945897837527955,4.9451308053775165,7,True,5.8,-27.80830840547622,-17.274030197521352,n/d,n/d,,,,False,False,,,Lateral,7.039999961853027,-2.6988644637783277,-25.78547947605978,False,False,False,sem sinal (Lateral)
ABCB4,SMALL11+DIVO11+AUVP11,SMALL11,Produtos financeiros,61.33,64.31,44.44444444444444,16.87,,0.4,,50.01,67.26,83.86,82.19,False,35,Fundo duplo,,,False,2,6,False,,True,,False,False,True,,False,True,4,9,True,False,False,,False,,True,False,True,True,True,,True,6518815744.0,6.34,0.89,10.51,10.05,14.05,14.98,0.0,40.92,,,,,,1.24,63.7,-2.9,5.68,1.54,,89.78,10.19,19.15,26.85,32.0,-5.9,7.3,23.37,23.22,-17.3,23.2,12.1,22.2,26.85,-4.13,1.46,9.3,-2.12,0.37,13000166.0,22.84,30.74,41.36,-1.7,2.6,True,4,,7.9,13.6,False,,0.94,0.7,-0.03,25.280000686645508,False,False,True,18.472167760817626,30.861911218714642,48.44958694358429,50.48108819474778,60.3986733926559,45.8296794310427,23.861227560019127,,35.903336338539816,38.34579532487867,34.51121579239081,4,True,2.6,36.5158815467193,42.02268735501351,n/d,n/d,,,Fundo duplo,False,False,,,Em Alta,25.100000381469727,0.7171326790443633,-7.495456066929074,False,True,False,Fundo duplo — rompeu pescoço ~R$24.94 (candidato)
CYRE3,BOVA11+SMALL11+AUVP11+Wishlist,BOVA11,Consumo discricionário,61.16,57.51,81.81818181818181,,,0.9,,59.79,59.26,45.38,67.12,False,36,Não,Bandeira de alta,"Bandeira de alta (pré-confirmação) — pescoço R$26.87, preço 2.9% acima do pescoço; falta fechar acima e segurar",False,4,8,False,,True,,False,False,True,True,True,True,9,11,True,True,False,True,False,False,True,False,True,True,False,0.54,True,9978133504.0,5.93,1.08,8.67,7.26,18.26,15.44,7.03,20.62,9.25,3.1,6.07,3.37,0.73,0.57,43.07,16.4,5.16,3.68,1.17,56.08,39.17,19.83,35.31,39.4,-21.7,22.6,26.76,26.31,-43.8,45.3,15.4,19.83,32.0,-0.83,2.85,-18.1,-4.55,-0.12,220606430.0,14.96,27.08,48.99,-2.7,15.6,False,6,,20.3,18.3,True,2024,1.68,0.65,0.05,27.649999618530273,False,False,False,14.606329052942511,27.469322057630595,63.77413827045007,51.82593717976825,82.33660579108722,30.469679692485922,43.70256148311004,5.270602042462909,,,,6,False,15.6,,,2026-11-12,2025-12-10,última,"A Cyrela (CYRE3) apresenta um panorama de investimento que exige cautela e análise minuciosa, a começar por sua rentabilidade mista, onde o excelente retorno sobre o patrimônio líquido de 18,3% supera a média setorial de 14,1%, mas o retorno sobre o capital investido de 7,0% decepciona ao situar-se bem abaixo dos pares de 13,7%. Essa divergência entre os indicadores de eficiência convive com múltiplos de preço descontados, evidenciados pelo preço sobre lucro de 5,93 e preço sobre valor patrimonial de 1,08, sugerindo que o mercado precifica com desconto a qualidade da operação. No âmbito financeiro, a relação dívida líquida sobre Ebitda de 3,1 vezes ultrapassa a média do setor de 2,82, indicando uma alavancagem ligeiramente elevada que, embora mitigada por uma robusta liquidez corrente de 3,37, pressiona a sustentabilidade do atraente dividendo de 8,67%. O crescimento histórico de receita em cinco anos, de 16,4%, corre abaixo da média setorial de 35,4% e, de forma preocupante, a análise por janelas temporais revela uma desaceleração recente de 20,3% em três anos para 18,3% no último ano, um sinal de alerta que exige atenção do investidor. Adicionalmente, o ano de 2024 registrou variações atípicas que demandam uma checagem manual detalhada para isolar possíveis eventos contábeis não recorrentes. Diante desse cenário, o checklist de critérios fundamentalistas mostra um desempenho mediano, com apenas 4 de 8 critérios atendidos, refletindo as fraquezas no ROIC, no crescimento frente ao setor, no endividamento e nas transações de insiders. Quanto ao valuation, o crescimento implícito no preço atual de -2,7% ao ano pelo fluxo de caixa descontado reverso sinaliza um patamar bastante conservador frente ao histórico de expansão da empresa, mas os métodos de preço-teto apresentam uma dispersão extremamente alta — variando desde os conservadores R$ 14,61 de Bazin até os otimistas R$ 82,34 de Lynch —, o que exige cautela extra na definição de uma margem de segurança. Como principais prós, destacam-se o ROE elevado, o valuation implícito atraente e o forte rendimento de dividendos; em contrapartida, os contras residem na desaceleração do crescimento, no ROIC abaixo do setor e no endividamento acima dos pares.

Gatilho de falseamento: a divulgação de uma dívida líquida sobre Ebitda acima de 3,1 vezes no fechamento anual provaria que a estrutura de capital está se deteriorando além do patamar já considerado tolerável nesta análise.",,True,False,,,Em Alta,26.670000076293945,3.6745389555038477,-23.22675036217451,False,False,False,sem sinal (Em Alta)
MULT3,BOVA11+SMALL11,BOVA11,Imobiliário,61.14,60.7,63.63636363636363,,,0.8,,86.07,37.34,43.29,39.73,False,37,Bandeira de alta,,,False,7,8,False,,True,,False,False,True,True,True,True,7,11,True,True,True,True,True,True,True,False,True,True,True,0.74,True,15419640832.0,11.35,2.33,3.66,3.71,20.52,17.07,18.7,43.42,8.22,2.13,1.56,1.64,0.75,0.96,42.11,62.0,12.08,10.89,0.29,52.11,47.88,25.88,35.12,21.8,-10.3,9.1,28.88,29.31,-25.0,27.7,18.8,26.35,35.12,2.57,1.74,-3.9,-2.81,0.08,128508853.0,24.91,35.55,50.74,4.5,5.1,True,7,,15.1,7.6,True,,1.25,0.79,0.05,31.520000457763672,False,False,False,8.504202754505517,15.993387760892633,37.98345941194201,29.07378556146779,43.29377935263505,26.24801265769978,28.668143631983234,28.958730325216433,30.031328385976707,28.958730325216433,26.06285729269479,7,True,5.1,-17.31327121134205,-4.7229443215959455,2026-10-29,2026-07-01,última,"A Multiplan (MULT3) apresenta uma sólida eficiência operacional no setor imobiliário, com um retorno sobre o patrimônio líquido de 20,5% e um retorno sobre o capital investido de 18,7%, ambos posicionados confortavelmente acima das médias setoriais de 16,2% e 9,4%, respectivamente. Essa elevada qualidade contrasta com múltiplos de preço que exigem cautela, pois o índice preço/lucro de 11,35 e a relação preço/valor patrimonial de 2,33 revelam que o mercado cobra um prêmio pelo papel, o que é corroborado pelo score de valor moderado de 37,0. No âmbito financeiro, a excelente rentabilidade convive com um endividamento muito bem controlado, visto que a relação dívida líquida/EBITDA de 2,13 vezes está amplamente abaixo da média dos pares de 18,46 vezes, assegurando robustez ao balanço. O rendimento de dividendos de 3,66% mostra-se modesto, mas é sustentável e coerente com o lucro e a estrutura de capital, embora o foco recente pareça estar mais voltado à retenção para expansão ou desalavancagem. Quanto ao crescimento, a receita expandiu expressivos 62,0% na média de cinco anos, superando de longe os 8,6% do setor, contudo, a análise das janelas temporais de três anos para um ano revela uma clara desaceleração para 15,1% e depois 7,6%, um sinal de alerta explícito que demanda monitoramento atento. Essa variação atípica e acelerada no longo prazo sugere que o histórico de cinco anos merece uma checagem manual detalhada para identificar possíveis eventos contábeis não recorrentes ou aquisições pontuais. Diante disso, o crescimento implícito de 4,5% ao ano embutido no preço atual via fluxo de caixa descontado reverso parece bastante conservador e de fácil alcance quando comparado ao histórico da companhia. Sob a ótica de avaliação, a média dos preços-teto calculados situa-se em R$ 30,03 e a mediana em R$ 28,96, evidenciando uma dispersão relevante entre os métodos, que vão desde R$ 8,50 pelo modelo de Bazin até R$ 43,29 pelo critério de Lynch, resultando em um prêmio de 17,3% do preço atual frente ao teto ajustado com margem de segurança. No checklist de critérios fundamentalistas, a empresa atende a expressivos 7 de 8 pontos possíveis, falhando apenas na questão das vendas de ações por parte de insiders. Em balanço, os prós residem na rentabilidade muito acima dos pares, na forte geração de caixa com alavancagem sob controle e no crescimento implícito conservador, enquanto os contras ficam por conta da clara desaceleração recente da receita, do dividend yield abaixo do potencial histórico e da ausência de margem de segurança no preço atual frente aos modelos de valuation mais rígidos.

Gatilho de falseamento: o retorno sobre o capital investido (ROIC) recuar para patamares abaixo de 9,4% no fechamento anual, igualando-se à média atual do setor e invalidando a tese de prêmio de eficiência da companhia.",Bandeira de alta,False,False,,,Em Alta,30.649999618530273,2.838501957786055,-10.652942450236013,True,True,True,"Bandeira de alta — mastro +15%, recuo 18%, bandeira 9d (candidato)"
SAPR11,SMALL11+AUVP11,SMALL11,Serviços públicos,60.74,58.63,72.72727272727273,,,0.1,,56.46,58.03,64.5,58.22,True,38,Bandeira de alta,,,False,4,8,False,,True,,False,False,False,True,True,True,8,11,False,False,True,False,False,True,True,True,False,True,True,0.21,True,10684218368.0,22.91,0.86,1.6,6.35,3.76,14.91,11.83,6.04,4.05,0.89,1.03,1.86,0.6,1.99,145.42,11.5,6.17,5.91,0.51,53.34,46.66,31.45,47.9,12.4,-26.2,-3.2,37.25,38.65,-34.3,31.1,-12.0,31.45,47.9,-28.23,1.96,-7.7,-3.23,-0.35,51962218.0,23.26,34.69,51.75,9.0,5.7,True,7,,8.3,5.2,True,,1.01,0.57,0.07,35.349998474121094,False,False,False,16.31877794473358,30.689830779934443,21.104179542708977,37.77625385838009,27.538549942927947,15.033916666666668,15.553382130909677,86.21256733708898,23.4306986951802,21.104179542708977,18.99376158843808,7,True,5.7,-46.26941327213078,-33.71796405498216,n/d,n/d,,,Bandeira de alta,False,False,,,Lateral,36.209999084472656,-2.3750362664890057,-27.44253368552989,False,True,False,"Bandeira de alta — mastro +15%, recuo 44%, bandeira 7d (candidato)"
CMIN3,BOVA11+DIVO11+AUVP11+Wishlist,BOVA11,Materiais,60.49,66.35,27.272727272727273,,,1.0,,82.1,51.19,34.43,97.26,False,39,Não,Fundo duplo,"Fundo duplo (pré-confirmação) — pescoço R$4.78, preço 12.6% acima do pescoço; falta fechar acima e segurar",False,7,8,False,,True,,False,False,True,False,True,False,3,11,True,True,True,False,True,True,True,True,True,True,True,0.16,True,28898627584.0,12.71,4.04,19.95,16.59,31.79,32.01,20.33,13.41,4.95,0.2,0.13,1.17,1.24,0.14,210.86,90.7,12.32,8.29,0.53,80.09,19.91,4.08,6.99,31.9,-23.0,4.0,5.22,5.21,-34.6,41.0,6.1,4.08,6.99,-10.13,2.58,22.7,-4.43,0.14,50655463.0,3.56,6.02,10.19,5.5,3.6,True,8,,10.7,9.3,True,2025,1.11,0.47,-0.08,5.380000114440918,False,False,True,6.491103841966535,12.207463031827386,5.789497851635615,3.5613125169863356,12.698662740615855,6.133333333333334,5.214917498812912,5.391324471574472,7.1859519108440555,5.9614155924844745,5.365274033236028,8,True,3.6,-0.27371897568111425,33.567876542523265,n/d,2026-04-17,última,"A CSN Mineração (CMIN3) apresenta uma sólida eficiência operacional, com um ROE de 31,8% e um ROIC de 20,3% que se posicionam muito acima das médias do setor de materiais, de 5,6% e 9,2% respectivamente, sugerindo uma forte capacidade de geração de valor sobre o capital empregado. Essa alta qualidade, contudo, convive com múltiplos de preço mistos, pois o P/L de 12,71 e o P/VP de 4,04 indicam que o mercado cobra um prêmio patrimonial pela empresa, embora o indicador PEG de 0,14 aponte para uma avaliação atrativa quando ajustada ao crescimento. No âmbito financeiro, a excelente rentabilidade é sustentada por um endividamento sob controle, evidenciado pela relação dívida líquida sobre EBITDA de 0,2, patamar substancialmente abaixo da média setorial de 1,76, o que garante conforto mesmo com uma liquidez corrente mais justa de 1,17 e uma relação dívida sobre patrimônio de 1,24. Esse balanço desalavancado confere sustentabilidade ao expressivo dividend yield de 19,95%, o qual se mostra coerente com a forte geração de caixa, embora o investidor deva monitorar a manutenção do lucro e do payout para os próximos exercícios. Quanto à expansão, o CAGR de receita de 5 anos de 90,7% supera com folga a média dos pares de 17,4%, mas a análise das janelas temporais de 3 anos para 1 ano revela que o crescimento está desacelerando, passando de 10,7% para 9,3%, um sinal de alerta importante que exige cautela. Adicionalmente, o ano de 2025 apresenta uma variação atípica nos resultados que merece uma checagem manual detalhada para identificar possíveis eventos contábeis não recorrentes. Sob a ótica do valuation, o crescimento implícito de 5,5% ao ano embutido no preço atual de R$ 5,38 parece conservador diante do histórico de expansão da companhia, enquanto as estimativas de preço-teto mostram alta dispersão entre os métodos de Graham, que aponta R$ 3,56, e Lynch, que chega a R$ 12,7, resultando em uma média de R$ 7,19 e um upside ligeiramente negativo de 0,3% contra o preço-teto ajustado de R$ 5,37. O checklist de critérios confirma o bom momento fundamentalista ao aprovar 7 dos 8 requisitos analisados, falhando apenas na margem líquida de 13,41%, que ficou abaixo do sarrafo de 15%. Em suma, o ativo destaca-se positivamente pelo retorno sobre o capital excepcional, endividamento muito inferior ao do setor e proventos altamente atrativos, mas traz como contrapartida a clara desaceleração em sua trajetória de crescimento de receita e a necessidade de depurar os números atípicos projetados para o próximo ano.

Gatilho de falseamento: margem líquida abaixo de 10% ou ROIC abaixo de 15% no fechamento do ano fiscal de 2025.",,True,False,,,Lateral,6.989999771118164,-23.032899991350074,-23.903819182274876,True,False,False,sem sinal (Lateral)
TFCO4,SMALL11,SMALL11,Consumo discricionário,60.22,59.62,63.63636363636363,,,0.9,,80.35,32.15,69.24,15.75,False,40,Não,,,False,5,8,False,,True,,False,False,True,True,True,True,7,11,True,True,True,False,False,True,True,False,True,True,True,0.2,True,2012305152.0,13.7,3.29,2.43,1.73,23.99,26.81,27.1,13.1,8.45,0.48,0.24,3.17,0.28,0.91,23.66,9.3,8.72,16.01,1.67,41.96,57.74,12.64,18.1,4.9,-26.7,-7.6,15.67,15.57,-30.2,31.7,-16.4,12.64,17.65,-32.63,2.0,-21.4,-3.07,-0.95,9924555.0,7.13,10.7,16.07,6.0,9.7,False,6,,22.6,25.8,False,,1.22,0.67,0.15,13.260000228881836,False,False,False,1.6657072805085427,3.1326043372144525,13.238144801144099,9.368640151577367,16.190034929943064,6.104046666666666,11.924321373709798,6.315692888487466,,,,6,False,9.7,,,n/d,n/d,,,,False,False,,,Lateral,13.40999984741211,-1.1185654007238588,-27.05410862451628,False,False,False,sem sinal (Lateral)
ISAE4,BOVA11+DIVO11,BOVA11,Serviços públicos,59.71,59.02,63.63636363636363,,,0.1,,59.77,49.42,60.47,76.71,True,41,Não,Bandeira de alta,"Bandeira de alta (pré-confirmação) — pescoço R$27.36, preço 0.0% acima do pescoço; falta fechar acima e segurar",False,5,8,False,,True,,False,False,True,True,True,True,7,11,False,True,False,True,True,False,True,True,True,True,True,0.67,True,19313750016.0,6.84,0.87,6.33,8.95,12.71,14.91,9.63,26.39,7.57,3.41,4.87,5.28,0.79,1.39,61.22,220.0,9.22,6.2,0.28,54.58,44.81,21.92,31.63,24.8,-13.5,-1.0,27.2,26.84,-19.9,25.0,5.1,25.09,31.63,-11.13,1.57,18.7,-2.32,0.47,88549881.0,24.8,34.2,47.16,-0.8,3.1,True,8,,20.0,18.1,True,,0.99,0.69,0.05,27.3700008392334,False,False,False,17.81661282542574,29.139837689342443,47.59682645204238,53.22043164896198,55.5373848495999,42.54432034601013,23.505945224645746,34.14498995508566,37.938293623889244,38.344655150547894,34.510189635493106,8,True,3.1,26.087645514517632,38.61268710487862,n/d,2026-04-20,última,,,False,False,,,Em Alta,28.079999923706055,-2.528486774934968,-14.58460154797756,True,False,False,sem sinal (Em Alta)
ITUB4,BOVA11+DIVO11+AUVP11,BOVA11,Produtos financeiros,59.66,56.46,77.77777777777777,15.95,,0.4,,58.07,38.15,70.71,66.44,False,42,Bandeira de alta,,,False,3,6,False,,True,,False,False,True,,True,True,7,9,True,True,False,,False,,True,False,True,True,True,,True,474822279168.0,10.01,2.25,7.36,7.17,22.45,19.06,0.0,32.58,,,,,,1.58,71.76,8.1,8.5,1.58,,92.99,6.67,33.37,48.38,29.1,-11.0,5.4,40.01,40.17,-22.5,24.2,12.3,37.49,48.38,-3.93,1.52,13.4,-2.45,0.53,1010553415.0,40.04,54.58,74.41,3.4,2.6,True,4,,6.6,4.2,True,,1.18,0.85,0.05,43.08000183105469,False,False,True,22.461151865060156,42.24145657203248,58.863461623432,43.058477971689115,58.13644854500945,44.71140224423872,29.167313938730068,,42.06936807619084,43.4764294081356,39.128786467322044,4,True,2.6,-9.171808718179687,-2.3459464064723434,n/d,2026-10-01,próxima,"O Itaú Unibanco (ITUB4) apresenta-se como um gigante do setor de produtos financeiros com uma dinâmica de valuation e rentabilidade que exige um olhar minucioso do investidor. O retorno sobre o patrimônio líquido (ROE) de 22,4% posiciona-se acima da média do setor de 18,4%, sugerindo forte eficiência na alocação do capital próprio, embora o retorno sobre o capital investido (ROIC) registrado em 0,0% fique abaixo dos pares de 2,2%, uma distorção que merece checagem manual por poder representar um evento contábil pontual ou uma especificidade na consolidação dos dados de instituições financeiras. Essa rentabilidade robusta convive com múltiplos de preço que não parecem excessivamente descontados, dado que o preço sobre o lucro (P/L) de 10,01 e o preço sobre o valor patrimonial (P/VP) de 2,25 revelam um prêmio em relação ao valor de livro. No âmbito do crescimento, o histórico de receita de cinco anos de 8,1% situa-se abaixo da média setorial de 12,7% e, de forma mais preocupante, a análise por janelas temporais mostra uma clara desaceleração ao passar de 6,6% em três anos para 4,2% no último ano, um sinal de alerta que a média de longo prazo costuma ocultar. Apesar dessa perda de tração, o crescimento implícito de 3,4% ao ano embutido no preço atual pelo fluxo de caixa descontado reverso parece um patamar conservador e perfeitamente realizável frente ao histórico da empresa. O dividendo de 7,36% mostra-se coerente com a forte geração de caixa e com a margem líquida de 32,58%, garantindo sustentabilidade aos proventos distribuídos. No checklist de critérios fundamentalistas, o papel atendeu a apenas 3 de 6 requisitos aplicáveis, penalizado justamente pelo ROIC e pelo crescimento inferiores aos do setor, além de registrar vendas recentes por parte de insiders. Quanto ao valuation, a análise dos preços-teto revela uma dispersão acentuada entre os métodos, variando desde os conservadores R$ 22,46 por Bazin até R$ 58,86 pelo fluxo de caixa descontado, resultando em uma média de R$ 42,07 e mediana de R$ 43,48 que orbitam muito próximo da cotação atual de R$ 43,08, o que gera um upside negativo de 9,2% quando comparado ao preço-teto ajustado com margem de segurança de R$ 39,13. Como prós, destacam-se o ROE elevado frente aos pares, a margem líquida robusta e o dividend yield atrativo e sustentável; como contras, pesam a desaceleração evidente no crescimento da receita, o ROIC zerado que demanda averiguação e a ausência de margem de segurança no preço atual.

Gatilho de falseamento: ROE abaixo de 18,4% (média do setor) no fechamento do próximo ano fiscal.",Bandeira de alta,False,False,,,Em Alta,42.72999954223633,0.8191020186471221,-11.497516074482517,True,True,True,"Bandeira de alta — mastro +18%, recuo 29%, bandeira 7d (candidato)"
BBDC3,BOVA11+DIVO11+AUVP11,BOVA11,Produtos financeiros,59.54,58.28,66.66666666666667,15.65,,0.4,,47.03,65.18,66.43,75.34,False,43,Não,Bandeira de alta,"Bandeira de alta (pré-confirmação) — pescoço R$16.09, preço 0.4% abaixo do pescoço; falta fechar acima e segurar",False,3,6,False,,True,,False,False,True,,True,True,6,9,True,False,False,,True,,True,False,True,True,True,,True,169342812160.0,6.75,0.95,8.96,8.73,14.13,11.35,0.0,26.07,,,,,,1.16,58.96,17.8,,1.07,,92.32,7.66,13.36,17.94,20.0,-10.7,4.0,15.42,15.52,-22.4,23.7,7.2,13.91,17.94,-9.03,1.49,7.2,-2.18,0.31,112112584.0,14.19,19.23,26.06,-0.9,3.1,True,4,,2.7,11.9,False,,1.14,0.84,-0.03,16.020000457763672,False,False,True,10.176082255335768,18.619901624656094,31.58295972357073,30.008210260547397,34.49340159247082,25.414526577778087,15.264647744835015,,21.44836754533517,22.017214101217093,19.815492691095383,4,True,3.1,23.692210517336942,33.88493715642051,2026-11-04,2026-10-02,próxima,,,False,False,,,Em Alta,16.31999969482422,-1.8382306536175341,-11.831153564837681,True,False,False,sem sinal (Em Alta)
KEPL3,SMALL11+DIVO11+Wishlist,SMALL11,Bens Industriais,59.33,63.38,36.36363636363637,,,0.7,,63.51,47.7,65.38,97.95,False,44,Bandeira de alta,,,False,5,8,False,,True,,False,False,True,True,False,False,4,11,True,True,False,False,False,True,True,True,True,True,True,-0.02,True,1134837632.0,8.41,1.47,4.41,16.72,17.52,36.22,12.97,9.71,6.71,-0.07,-0.07,2.04,0.43,,140.61,-56.2,13.41,6.76,1.34,48.81,51.19,5.69,10.45,15.1,-37.3,-0.7,7.7,7.92,-45.6,35.4,-33.7,5.69,10.45,-49.93,2.23,-19.7,-3.12,-0.65,7994015.0,3.56,5.62,8.85,1.7,5.5,True,6,,-6.4,-7.3,True,,0.97,0.48,-0.03,6.550000190734863,False,False,False,7.96432975247556,11.68101697029749,8.307570594669665,8.836410975686269,,8.987435936460594,2.1184305016407645,5.786768001311414,8.593922038483498,8.571990785177967,7.71479170666017,6,True,5.5,17.783076061172242,31.204912797404383,n/d,2025-12-16,última,"A Kepler Weber (KEPL3) apresenta-se como uma opção intrigante no setor de bens industriais, combinando um retorno sobre o patrimônio líquido de 17,5% que supera confortavelmente a média setorial de 10,8%, embora seu retorno sobre o capital investido de 13,0% fique ligeiramente abaixo dos pares de 13,3%, sugerindo que a eficiência na alocação de recursos internos ainda tem espaço para otimização. Essa qualidade operacional mediana-alta convive com múltiplos de preço atraentes, visto que o preço sobre lucro de 8,41 e o preço sobre valor patrimonial de 1,47 indicam que o mercado não está cobrando um prêmio excessivo pelo papel. No âmbito financeiro, a excelente rentabilidade é sustentada por uma estrutura de capital extremamente robusta, evidenciada por uma relação de dívida líquida sobre EBITDA negativa de -0,07, muito abaixo da média setorial de 2,38, o que confere enorme segurança e liquidez corrente de 2,04 para honrar compromissos de curto prazo. Essa desalavancagem permite que o rendimento de dividendos de 4,41% seja sustentável e coerente com a geração de caixa, mesmo diante de uma margem líquida de 9,71%. O grande sinal de alerta reside no crescimento, pois a taxa composta anual de receita nos últimos cinco anos despencou 56,2%, ficando muito aquém dos 47,1% do setor, com as janelas temporais mais recentes de três anos em -6,4% e de um ano em -7,3% confirmando que a receita está explicitamente desacelerando. Diante dessa contração severa, o ano em que ocorreu a queda abrupta de 56,2% na receita de cinco anos merece uma checagem manual detalhada para identificar se houve um evento contábil pontual ou perda estrutural de mercado. O checklist de critérios reforça essa dualidade ao aprovar 5 de 8 requisitos, falhando justamente em margem, retorno sobre capital investido frente ao setor e crescimento. Sob a ótica de avaliação, o preço atual de R$ 6,55 embutiu um crescimento implícito muito conservador de apenas 1,7% ao ano pelo fluxo de caixa descontado reverso, o que parece bastante razoável mesmo para o histórico recente difícil da empresa. Além disso, as estimativas de preço-teto revelam uma dispersão moderada entre os métodos de Bazin (R$ 7,96), Graham (R$ 8,84), fluxo de caixa descontado (R$ 8,31) e Gordon (R$ 11,68), resultando em uma média de R$ 8,59 e mediana de R$ 8,57, o que garante um upside promissor de 17,8% contra o preço-teto ajustado de R$ 7,71. Em balanço, os prós concentram-se na sólida saúde financeira, ausência de dívida líquida, ROE elevado e valuation descontado com margem de segurança, enquanto os contras pesam fortemente na contração contínua da receita e na margem líquida abaixo de patamares ideais.

Gatilho de falseamento: margem líquida abaixo de 8,0% no fechamento do próximo resultado anual.",Bandeira de alta,True,False,,,Em Alta,6.769999980926514,-3.249627633847385,-37.61904580252511,False,True,False,"Bandeira de alta — mastro +19%, recuo 33%, bandeira 7d (candidato)"
CYRE4,AUVP11,SMALL11,Consumer Cyclical,59.33,52.15,100.0,,,0.9,,59.79,63.84,45.38,2.05,False,45,Não,,,False,5,7,False,,True,,,,True,True,True,True,9,9,True,True,True,True,True,False,,False,True,True,False,0.55,True,,5.56,1.02,0.0,0.0,18.26,15.44,7.03,20.62,8.85,3.1,6.07,3.37,0.73,0.37,,16.4,,3.68,1.17,56.08,39.17,18.14,30.16,42.8,-14.1,22.8,21.52,22.89,-39.9,48.5,-11.8,18.14,30.16,-28.03,3.06,,-4.89,-0.47,8199312.0,11.29,21.06,39.29,-3.6,6.6,True,4,,20.3,18.3,True,2024,1.73,0.65,0.17,25.90999984741211,,False,False,,,63.73775780519107,51.60849421506483,69.90107872503268,,57.41208599282684,10.625510639123206,60.664854184528856,60.574921899008956,54.517429709108065,4,True,6.6,110.41076815966582,134.1368372898237,n/d,n/d,,,,False,False,,,Em Alta,25.3799991607666,2.088261245748191,-15.326798939838293,False,False,False,sem sinal (Em Alta)
ITSA4,BOVA11+DIVO11+AUVP11+Wishlist,BOVA11,Financial Services,59.1,57.18,70.0,,,0.4,,60.95,40.94,,80.82,False,46,Fundo duplo,,,False,5,6,False,,True,,False,False,True,,True,True,7,10,True,True,True,,True,,True,False,True,True,True,,True,160713408512.0,8.66,1.68,8.04,9.45,19.36,17.48,0.38,214.29,,,,,,2.46,81.85,28.4,7.57,0.38,0.64,16.02,79.82,9.78,14.79,46.6,-3.0,8.5,12.87,12.49,-17.7,24.6,26.4,11.35,14.79,10.17,1.55,25.4,-2.3,1.06,314494155.0,15.11,20.69,28.34,2.0,1.7,True,4,,-0.9,0.2,False,,1.23,0.88,0.07,14.34000015258789,False,False,True,9.85674308649092,13.706323767576848,16.7461938907228,17.833099311401956,21.469504683593932,17.114781106327747,8.228411548760969,,14.356010462779578,15.226258829149824,13.703632946234842,4,True,1.7,-4.437707110053313,0.1116479080985,n/d,2026-12-01,próxima,"A Itaúsa (ITSA4) apresenta-se como uma holding financeira robusta, cujo retorno sobre o patrimônio líquido de 19,4% situa-se ligeiramente acima da média setorial de 18,8%, enquanto o retorno sobre o capital investido de 0,4%, embora pareça baixo em termos absolutos, também supera os pares de 0,1%. Essa qualidade operacional convive com múltiplos de preço moderados, evidenciados pelo preço sobre lucro de 8,66 e preço sobre valor patrimonial de 1,68, sugerindo que o mercado não precifica o ativo com ágio excessivo frente à sua rentabilidade. O dividendo de 8,04% mostra-se altamente atrativo e coerente com a forte geração de lucros traduzida na margem líquida de 214,29%, um patamar excepcionalmente elevado que indica a necessidade de uma checagem manual detalhada para identificar possíveis eventos contábeis não recorrentes ou equivalência patrimonial atípica. No que tange ao crescimento, o indicador de longo prazo de 28,4% nos últimos cinco anos supera com folga a média setorial de 20,8%, contudo, a análise das janelas temporais mais curtas revela que o crescimento de receita está DESACELERANDO, registrando contração de 0,9% em três anos e tímida recuperação de 0,2% no último ano. Diante disso, o crescimento implícito de 2,0% ao ano embutido no preço atual pelo fluxo de caixa descontado reverso configura um patamar bastante conservador e de fácil execução, dado o histórico de entregas da companhia. O checklist de critérios fundamentalistas reforça essa solidez ao aprovar cinco dos seis requisitos aplicáveis, falhando apenas na identificação de vendas recentes por parte de iniciados. Sob a ótica do valuation, a média dos preços-teto calculados por diferentes metodologias resulta em R$ 14,36 e a mediana em R$ 15,23, revelando uma dispersão relevante entre o conservadorismo do método de Bazin, em R$ 9,86, e o otimismo de Lynch, em R$ 21,47. Frente ao preço atual de R$ 14,34, o valor justo ajustado com margem de segurança fica em R$ 13,70, o que aponta para um upside negativo de 4,4% e sugere escassa margem de proteção no momento. Em suma, o investimento em Itaúsa destaca-se positivamente pelo histórico de rentabilidade superior ao setor, robustez na distribuição de proventos e premissas de crescimento embutidas bastante realistas, mas traz como pontos de atenção a clara desaceleração recente de suas receitas e a ausência de desconto em relação ao seu preço-teto ajustado.

Gatilho de falseamento: retorno sobre o patrimônio líquido abaixo de 18,8% no fechamento do próximo ano fiscal.",Fundo duplo,True,False,,,Em Alta,14.199999809265137,0.985917923966495,-4.542848365709695,True,True,True,Fundo duplo — rompeu pescoço ~R$14.14 (candidato)
ALUP11,SMALL11,SMALL11,Serviços públicos,58.08,55.5,72.72727272727273,,,0.1,,59.66,53.47,52.1,48.63,True,47,Não,,,False,7,8,False,,True,,False,False,True,False,True,True,8,11,True,True,True,True,True,False,True,True,True,True,True,0.81,True,15530169344.0,7.77,1.12,3.3,4.76,14.38,12.27,10.21,27.68,6.25,3.48,4.68,3.17,1.11,0.86,36.96,176.5,11.77,5.7,0.32,60.84,28.54,29.52,36.3,10.6,-10.1,0.3,32.7,32.75,-15.6,21.5,3.5,30.63,36.3,-12.73,1.35,8.2,-2.04,-0.09,33471176.0,27.27,35.92,47.3,0.8,5.3,True,7,,4.7,9.9,False,,0.83,0.67,0.07,32.650001525878906,False,False,False,11.296437097287557,21.24458976683434,57.47332854640534,52.4994730402572,58.08021138772057,28.2342663018109,35.80703125908841,60.33706961416561,44.81085284518319,52.4994730402572,47.24952573623148,7,True,5.3,44.71523285774048,37.24609724647456,n/d,n/d,,,,False,False,,,Em Alta,33.9900016784668,-3.9423362354136127,-10.856250590396478,False,False,False,sem sinal (Em Alta)
ABEV3,BOVA11+AUVP11,BOVA11,Bens de primeira necessidade,57.96,58.56,54.54545454545455,,,0.0,,78.02,20.01,65.88,52.74,True,48,Pivô de alta,,,False,7,8,False,,True,,False,False,True,True,True,True,6,11,True,True,True,True,True,True,True,False,True,True,True,-0.17,True,238955544576.0,14.66,2.7,5.13,5.43,18.4,17.07,20.62,18.41,8.29,-0.57,-0.38,1.02,0.03,3.91,79.62,24.6,13.92,10.3,0.81,38.81,60.59,11.06,16.9,40.1,-8.3,-2.0,15.14,14.58,-13.6,25.4,13.9,13.6,16.9,-2.33,1.6,24.1,-2.01,0.56,412591250.0,14.49,19.9,27.34,6.5,2.8,True,8,,3.4,-1.4,True,,0.67,0.46,0.03,15.5,False,False,True,6.122553220174597,8.733631879094169,10.968755182267735,11.686220863557681,9.706741633817801,15.169932436345212,5.412964827257551,11.163767968141704,9.870571001332056,10.337748408042767,9.30397356723849,8,True,2.8,-39.97436408233233,-36.31889676559964,2026-10-29,2026-09-22,próxima,"A Ambev apresenta uma sólida eficiência operacional, refletida em um ROE de 18,4% e um ROIC de 20,6%, ambos significativamente acima dos pares do setor de bens de primeira necessidade, que registram médias de 9,4% e 11,0%, respectivamente. Essa qualidade superior, contudo, convive com múltiplos de preço que sugerem um prêmio esticado, dado que o P/L de 14,66 e o P/VP de 2,7 posicionam o papel em um patamar de valuation exigente, evidenciado pelo baixo score de valor de 20,0. No aspecto financeiro, a excelente rentabilidade é sustentada por uma estrutura de capital extremamente desalavancada, com uma relação de dívida líquida sobre EBITDA negativa em -0,57, muito abaixo da média setorial de 3,29, o que confere máxima segurança financeira à companhia. O dividend yield de 5,13% mostra-se coerente com a forte geração de caixa e a ausência de endividamento relevante, embora o crescimento de longo prazo acenda um sinal de alerta importante. Apesar de o CAGR de receita de cinco anos de 24,6% superar com folga a média negativa do setor, a análise das janelas temporais mais recentes revela que a receita está desacelerando, passando de 3,4% em três anos para uma retração de -1,4% no último ano, uma dinâmica preocupante que a média de longo prazo costuma ocultar. Diante disso, o crescimento implícito de 6,5% ao ano embutido no preço atual pelo modelo de fluxo de caixa descontado reverso parece exigente quando contrastado com essa recente perda de fôlego operacional. Sob a ótica do valuation, há uma dispersão notável entre os métodos de preço-teto, variando desde os conservadores R$ 6,12 por Bazin até R$ 11,69 por Graham, resultando em uma média de R$ 9,87 e um preço-teto ajustado com margem de segurança de R$ 9,30, o que aponta para um upside negativo de -40,0% em relação à cotação atual de R$ 15,50. No checklist de critérios fundamentalistas, a empresa atende a robustos 7 de 8 requisitos, falhando apenas na questão de vendas por parte de insiders, o que reforça o elevado padrão de governança e solidez do negócio. Como prós, destacam-se a rentabilidade muito acima do setor, a posição de caixa líquido e a resiliência operacional; como contras, pesam a clara desaceleração recente da receita, o valuation esticado frente aos modelos clássicos de preço-teto e o crescimento implícito otimista embutido no preço de tela.

Gatilho de falseamento: margem líquida abaixo de 15,0% no próximo resultado trimestral divulgado pela companhia.",Pivô de alta,False,False,,,Lateral,15.869999885559082,-2.3314422698626713,-8.7842798115936,True,True,True,Pivô de alta
CPFE3,BOVA11+DIVO11+AUVP11,BOVA11,Serviços públicos,57.73,58.29,54.54545454545455,,,0.1,,76.13,43.59,30.08,71.23,True,49,Não,Bandeira de alta,"Bandeira de alta (pré-confirmação) — pescoço R$45.21, preço 0.0% acima do pescoço; falta fechar acima e segurar",False,6,8,False,,True,,False,False,True,False,True,True,6,11,True,True,True,False,False,True,True,True,True,True,True,1.44,True,52116467712.0,8.72,2.31,8.21,8.31,26.43,27.84,15.57,13.16,5.73,2.35,2.07,0.92,1.55,1.2,72.44,21.5,10.92,8.79,0.29,71.02,27.73,35.09,52.32,28.9,-13.5,0.4,45.13,44.5,-21.6,25.6,-9.2,40.99,52.32,-25.43,1.61,18.7,-2.56,0.52,81659570.0,41.38,57.42,79.67,2.0,3.1,True,8,,4.1,4.1,False,,0.96,0.66,0.04,45.22999954223633,False,False,True,27.32654581443511,51.3915361606957,70.94376962824875,47.8028301903061,80.87183559690828,62.092680437234876,38.289166936591705,83.6225771975785,57.79261774524988,56.74210829896529,51.06789746906876,8,True,3.1,12.907136824931719,27.7749686715836,2026-11-12,2026-04-30,última,,,False,False,,,Lateral,47.31999969482422,-4.4167374599888065,-14.647231282220897,True,False,False,sem sinal (Lateral)
EZTC3,SMALL11+DIVO11+AUVP11,SMALL11,Consumo discricionário,57.63,54.97,72.72727272727273,,,0.9,,49.72,54.59,67.67,54.11,False,50,Bandeira de alta,,,False,3,8,False,,True,,False,False,True,True,False,True,8,11,False,False,False,True,False,True,True,False,True,False,True,0.0,True,3833101824.0,6.99,0.71,7.48,5.69,10.15,7.87,5.14,36.95,11.84,0.07,0.17,3.06,0.34,1.14,39.78,-22.5,6.15,2.75,2.48,28.86,69.9,10.21,16.23,35.4,-14.8,11.7,13.28,13.36,-37.1,39.2,2.6,10.21,15.91,-13.63,2.47,-12.6,-3.84,0.02,49811365.0,8.97,14.81,24.47,-0.5,6.0,True,7,,10.2,-4.0,True,,1.35,0.6,0.07,13.819999694824219,False,False,False,5.720431722573106,10.758102239548776,27.041764135887526,29.426020302102,23.336727639965886,14.183307388901387,13.111557193337616,4.938418677999846,17.65398723175947,14.183307388901387,12.76497665001125,7,True,6.0,-7.634030883575848,27.74231274672989,n/d,n/d,,,Bandeira de alta,False,False,,,Em Alta,13.380000114440918,3.288487119730399,-15.954749519998323,False,True,False,"Bandeira de alta — mastro +30%, recuo 17%, bandeira 13d (candidato)"
BBDC4,BOVA11+DIVO11+AUVP11+Wishlist,BOVA11,Produtos financeiros,57.61,56.01,66.66666666666667,15.65,,0.4,,47.03,57.46,66.43,71.92,False,51,Não,Bandeira de alta,"Bandeira de alta (pré-confirmação) — pescoço R$18.21, preço 0.3% abaixo do pescoço; falta fechar acima e segurar",False,3,6,False,,True,,False,False,True,,True,True,6,9,True,False,False,,True,,True,False,True,True,True,,True,191964135424.0,7.7,1.09,8.65,8.36,14.13,11.35,0.0,26.07,,,,,,1.53,64.4,17.8,6.2,1.07,,92.32,7.66,15.61,20.87,16.3,-13.0,2.9,17.78,17.97,-24.6,25.9,4.1,15.73,20.87,-12.13,1.63,3.9,-2.49,0.18,699904275.0,15.16,21.14,29.47,0.7,2.6,True,4,,2.7,11.9,False,,1.21,0.82,-0.01,18.15999984741211,False,False,False,11.045815781874026,18.294659563692555,28.408542549786418,29.733668010873036,31.588810642622796,27.753957306852353,14.008010331339564,,21.375743800551337,23.024308435272452,20.72187759174521,4,True,2.6,14.10725641992876,17.70784130043639,n/d,2026-10-02,próxima,"O Bradesco (BBDC4) apresenta um panorama de transição sob a ótica fundamentalista, onde sua rentabilidade atual caminha abaixo dos pares do setor de produtos financeiros, evidenciada por um ROE de 14,1% (contra 18,4% do setor) e um ROIC nulo de 0,0% (frente a 2,2% do setor). Essa compressão de rentabilidade convive com múltiplos de preço descontados, visto que o P/L de 7,7 e o P/VP de 1,09 sugerem que o mercado já precifica o momento mais desafiador, embora o indicador PEG de 1,53 sinalize que o preço atual não está tão barato quando ajustado ao crescimento projetado. No quesito de proventos, o dividend yield de 8,65% mostra-se robusto e coerente com a forte margem líquida de 26,07%, mas a sustentabilidade de longo prazo desses dividendos exige atenção devido à ausência de dados de endividamento líquido sobre EBITDA aplicáveis ao segmento financeiro. Quanto à expansão histórica, a receita apresenta um CAGR de 5 anos de 17,8%, superando a média setorial de 12,7%, contudo a análise das janelas temporais revela uma severa desaceleração com o CAGR de 3 anos recuando para 2,7% antes de ensaiar uma recuperação de 11,9% no último ano, o que aponta para a necessidade de checagem manual do ano de forte desaceleração para identificar possíveis eventos contábeis não recorrentes. O checklist de critérios corrobora essa dualidade ao aprovar apenas 3 dos 6 requisitos aplicáveis, penalizado principalmente pelo ROE e ROIC inferiores aos pares e pela existência de venda de ações por insiders. Sob a ótica de valuation, o preço atual de R$ 18,16 situa-se abaixo do preço-teto ajustado com margem de segurança de R$ 20,72, oferecendo um upside de 14,1%, embora haja uma dispersão relevante entre as metodologias, variando desde o conservadorismo do modelo de Bazin a R$ 11,05 até o otimismo de Lynch a R$ 31,59. O crescimento implícito no preço atual, calculado via fluxo de caixa descontado reverso em apenas 0,7% ao ano, configura-se como um patamar altamente conservador e de fácil superação se comparado ao histórico de expansão da instituição. Em suma, os prós do ativo concentram-se no valuation descontado frente à média histórica de preços-teto, no yield atrativo e na meta de crescimento implícito pouco exigente, enquanto os contras residem na rentabilidade abaixo da média setorial, na perda de tração do crescimento de receita em janelas intermediárias e nos alertas emitidos pelo checklist de governança e insiders.

Gatilho de falseamento: ROE abaixo de 14,1% no fechamento do próximo ano fiscal.",,True,False,,,Lateral,18.59000015258789,-2.3130731664675164,-14.403470751410097,True,False,False,sem sinal (Lateral)
ITUB3,DIVO11+AUVP11,SMALL11,Financial Services,57.49,53.91,77.77777777777777,15.95,,0.4,,58.07,26.33,70.71,70.55,False,52,Bandeira de alta,,,False,3,6,False,,True,,False,False,True,,True,True,7,9,True,True,False,,False,,True,False,True,True,True,,True,519791476736.0,10.97,2.46,6.72,8.3,22.45,19.06,0.0,32.58,,,,,,5.44,91.02,8.1,,1.58,,92.99,6.67,29.38,47.16,60.5,0.0,9.6,40.85,39.31,-15.9,24.2,32.6,35.58,47.16,16.37,1.53,37.8,-2.59,1.42,75502510.0,54.4,74.19,101.2,4.2,1.5,True,4,,6.6,4.2,True,,1.11,0.8,0.07,47.15999984741211,False,False,False,28.459055393737003,34.017982694247095,37.37253387073982,43.06199902021576,44.33404574593262,42.89317858475467,17.237555195361807,,35.68568763586965,35.695258282493455,32.12573245424411,4,True,1.5,-31.879277866437484,-24.33060273254456,n/d,n/d,,,Bandeira de alta,False,False,,,Em Alta,46.779998779296875,0.8123152587242277,-0.29598180107103245,False,True,False,"Bandeira de alta — mastro +15%, recuo 13%, bandeira 10d (candidato)"
RECV3,SMALL11+DIVO11,SMALL11,Energia,57.46,61.18,36.36363636363637,,,0.9,,52.87,70.86,54.85,86.99,False,53,Não,Bandeira de alta,"Bandeira de alta (pré-confirmação) — pescoço R$11.24, preço 3.4% abaixo do pescoço; falta fechar acima e segurar",False,3,8,False,,True,,False,False,True,True,False,False,4,11,False,False,False,True,False,True,True,False,True,True,True,0.36,True,3179148288.0,6.48,0.73,15.48,10.7,11.26,17.76,10.15,16.73,3.36,1.18,1.6,2.91,0.72,1.88,69.36,-14.8,6.62,5.06,0.52,50.04,49.96,8.89,13.47,22.0,-19.4,2.6,10.53,10.71,-31.9,32.0,15.4,9.17,13.47,-0.83,2.02,-7.6,-3.18,-0.42,22975273.0,6.86,10.34,15.6,-1.5,2.9,True,8,,2.0,-3.3,True,,0.74,0.4,0.09,10.850000381469727,False,False,False,8.44653748146148,11.664415791362012,16.81652773935194,23.663123999059163,23.69902097788351,20.97675460465338,8.251088117317149,9.705259930024086,15.40284108013909,14.240471765356975,12.816424588821278,8,True,2.9,18.123724776175365,41.96166395021492,n/d,n/d,,,,False,False,,,Em Alta,11.710000038146973,-7.344147343088614,-21.310552490716283,False,False,False,sem sinal (Em Alta)
TAEE11,BOVA11+SMALL11+DIVO11,BOVA11,Serviços públicos,56.93,57.35,54.54545454545455,,,0.1,,72.69,23.94,49.12,88.36,True,54,Não,Bandeira de alta,"Bandeira de alta (pré-confirmação) — pescoço R$41.20, preço 1.1% acima do pescoço; falta fechar acima e segurar",False,6,8,False,,True,,True,False,True,False,True,False,6,11,True,True,True,True,False,False,True,True,True,True,True,0.45,True,43034939392.0,8.88,1.79,7.17,11.16,20.14,22.05,11.11,36.48,9.85,4.36,5.39,3.48,1.36,47.57,99.07,13.5,9.62,6.9,0.24,66.19,33.81,32.98,43.57,26.3,-4.4,6.0,39.45,39.08,-15.3,22.6,4.4,36.91,43.57,-11.83,1.43,13.6,-2.32,0.53,63944758.0,39.31,52.49,70.09,2.2,4.0,True,7,,20.9,24.4,False,,0.9,0.69,0.09,41.63999938964844,True,False,False,33.787074774963145,34.31606908803961,34.63713729610519,49.54147984157572,53.19211005592685,17.699648090018098,13.314858129505799,32.16606498587759,36.47708344750088,34.31606908803961,30.88446217923565,7,True,4.0,-25.829820768649135,-12.398933760385788,n/d,2026-08-17,última,,,False,False,,,Em Alta,41.90999984741211,-0.6442387467112898,-4.957508244760989,True,False,False,sem sinal (Em Alta)
SANB11,BOVA11+Wishlist,BOVA11,Produtos financeiros,56.88,57.11,55.55555555555556,14.99,,0.4,,50.57,64.69,57.0,67.81,False,55,Não,Bandeira de alta,"Bandeira de alta (pré-confirmação) — pescoço R$29.81, preço 0.4% acima do pescoço; falta fechar acima e segurar",False,3,6,False,,True,,True,False,True,,True,False,5,9,True,False,False,,True,,True,False,True,True,True,,True,160774520832.0,7.13,1.12,7.83,7.32,15.69,10.65,0.0,28.66,,,,,,0.95,52.16,49.8,6.84,1.11,,90.04,9.86,25.1,36.14,19.2,-17.2,7.9,29.47,29.38,-30.6,31.1,-6.0,25.1,36.14,-22.23,1.96,8.0,-2.69,0.0,98973561.0,22.06,32.74,48.59,-0.2,3.6,True,4,,2.6,-3.8,True,,1.12,0.63,-0.02,29.920000076293945,True,False,False,15.919398982412327,29.938740666923824,57.3952858541765,50.2225862291245,62.19677542890467,36.659451999649136,31.571951584778237,,34.978219375790445,33.29909633328648,29.96918669995783,4,True,3.6,0.16439379524888498,16.90581312365771,n/d,2026-07-22,última,"A análise fundamentalista do Santander Brasil (SANB11) revela uma instituição financeira de grande porte que transita por um momento de transição operacional, refletido em um ROE de 15,7% que se posiciona abaixo da média setorial de 18,4%, sugerindo uma rentabilidade sob pressão comparativa, enquanto o ROIC nulo de 0,0% também fica aquém dos pares de 2,2%. Essa rentabilidade moderada convive com múltiplos de valuation descontados, apresentando um P/L de 7,13 e um P/VP de 1,12, o que indica que a qualidade atual do papel está sendo precificada com aparente desconto pelo mercado. O dividend yield de 7,83% mostra-se robusto e coerente com a forte margem líquida de 28,66%, sustentando-se de forma saudável em um setor onde a alavancagem financeira tradicional dispensa a métrica de endividamento industrial comum. No que tange à expansão, embora o CAGR de receita de cinco anos de 49,8% supere com folga a média setorial de 12,7%, a análise das janelas temporais de crescimento de 2,6% em três anos e a retração de -3,8% no último ano aponta que a receita está DESACELERANDO, um sinal de alerta que a média histórica longa costuma mascarar. Diante desse cenário, o crescimento implícito no preço atual de -0,2% ao ano, calculado via fluxo de caixa descontado reverso, mostra-se um patamar extremamente conservador e de baixo risco de execução frente ao histórico da empresa. O checklist de critérios confirma essa dualidade ao aprovar apenas 3 de 6 requisitos, evidenciando que o banco falha em superar seus pares em rentabilidade e sofre com vendas de insiders, embora mantenha escala e crescimento histórico robustos. Quanto ao valuation, a média dos preços-teto calculados resulta em R$ 34,98 e o preço ajustado com margem de segurança fica em R$ 29,97, revelando uma dispersão acentuada entre o conservadorismo do método de Bazin, em R$ 15,92, e o otimismo do modelo de Lynch, em R$ 62,2, o que limita o upside frente ao preço ajustado a meros 0,2%. Como prós, o ativo destaca-se pelo valuation atrativo, dividendos consistentes e premissas de crescimento embutidas muito seguras; como contras, pesam a perda de rentabilidade frente aos concorrentes, a clara desaceleração recente de receita e o fraco desempenho no checklist de qualidade.

Gatilho de falseamento: ROE abaixo de 15,0% no fechamento anual consolidado.",,True,False,,,Em Alta,30.6200008392334,-2.2860899534742796,-17.93539532112852,True,False,False,sem sinal (Em Alta)
BPAC11,BOVA11+AUVP11,BOVA11,Produtos financeiros,56.09,52.26,77.77777777777777,15.65,,0.4,,59.62,38.47,66.43,25.34,False,56,Não,Bandeira de alta,"Bandeira de alta (pré-confirmação) — pescoço R$61.49, preço 3.3% acima do pescoço; falta fechar acima e segurar",False,4,6,False,,True,,False,False,True,,True,True,7,9,True,True,False,,True,,True,False,True,True,True,,True,213967060992.0,13.12,3.0,2.3,2.74,22.88,20.48,0.0,39.8,,,,,,0.89,35.89,20.8,10.51,2.41,,90.46,8.68,44.56,63.5,42.5,0.0,16.7,53.8,53.89,-23.5,32.5,23.5,48.49,63.5,7.27,2.05,14.0,-3.31,0.77,576442348.0,58.45,88.81,134.93,5.7,5.6,True,3,,20.9,37.5,False,,1.57,0.84,0.06,63.5,False,False,False,12.633568519028147,23.759259505140026,66.1978756884343,48.0106338259125,84.23280922699088,11.734366547012574,58.59989706934065,,16.042398190393584,12.633568519028147,11.370211667125332,3,True,5.6,-82.09415485492073,-74.7363808025298,n/d,2026-08-11,última,,,False,False,,,Em Alta,61.400001525878906,3.420192869597871,-1.634960520093276,True,False,False,sem sinal (Em Alta)
VBBR3,BOVA11+DIVO11,BOVA11,Consumo discricionário,56.01,53.06,72.72727272727273,,,0.9,,60.66,43.41,46.45,56.16,False,57,Não,Bandeira de alta,"Bandeira de alta (pré-confirmação) — pescoço R$39.38, preço 0.6% acima do pescoço; falta fechar acima e segurar",False,6,8,False,,True,,False,False,True,True,True,True,8,11,True,True,True,False,True,True,True,False,False,True,True,0.68,True,47393955840.0,9.4,2.02,3.81,6.05,21.49,20.83,16.06,2.48,6.65,1.52,1.3,2.01,0.93,1.01,56.9,677.0,11.51,9.71,0.57,65.98,33.8,20.31,39.64,95.0,-0.1,20.3,29.49,28.78,-18.4,27.8,57.9,24.7,39.64,41.67,1.75,60.2,-2.4,1.84,399908592.0,51.02,72.85,104.01,2.8,3.7,True,8,,1.4,9.9,False,,1.04,0.66,0.15,39.619998931884766,False,False,False,17.442248506602724,32.80268025596577,57.64886598187762,43.12867411413841,64.55232466873217,37.839575721596496,36.449084621671844,21.268777721291706,38.891528948984586,37.14433017163417,33.42989715447075,8,True,3.7,-15.623679819012914,-1.8386421063578906,n/d,n/d,,,,False,False,,,Em Alta,39.63999938964844,-0.0504552423603033,-1.073658710030334,False,False,False,sem sinal (Em Alta)
CMIG4,BOVA11+DIVO11+AUVP11,BOVA11,Serviços públicos,55.7,54.3,63.63636363636363,,,0.1,,54.76,49.28,37.38,98.63,True,58,Não,Bandeira de alta,"Bandeira de alta (pré-confirmação) — pescoço R$11.34, preço 0.4% abaixo do pescoço; falta fechar acima e segurar",False,5,8,False,,True,,True,False,True,True,False,True,7,11,True,True,False,False,False,True,True,True,True,True,True,0.67,True,32297099264.0,6.98,1.1,9.43,17.43,15.75,21.33,9.3,10.51,6.74,2.49,3.69,1.17,0.78,,121.68,-20.4,9.68,5.94,0.42,57.36,42.63,9.61,13.28,17.4,-15.0,3.1,10.82,10.87,-25.1,23.7,7.2,9.95,13.28,-9.03,1.49,0.3,-2.42,0.05,171444243.0,9.41,12.74,17.27,-0.5,4.8,True,6,,10.4,7.4,True,,0.98,0.72,0.07,11.289999961853027,True,False,False,14.314154257352097,20.994092910783078,17.253104048677024,19.326853097873077,,14.127676775544375,4.399541532412641,16.234187966526328,17.041678176126,16.743646007601676,15.069281406841508,6,True,4.8,33.47459218563351,50.94489135258551,2026-11-12,2026-09-23,próxima,,,False,False,,,Lateral,11.699999809265137,-3.5042722572305784,-15.339739506191375,True,False,False,sem sinal (Lateral)
WEGE3,BOVA11+AUVP11+Carteira,BOVA11,Bens Industriais,55.39,53.93,63.63636363636363,,,0.7,,85.86,6.18,59.14,19.18,False,59,Não,Bandeira de alta,"Bandeira de alta (pré-confirmação) — pescoço R$51.17, preço 0.2% abaixo do pescoço; falta fechar acima e segurar",False,6,8,False,,True,,False,False,True,True,False,True,7,11,True,True,True,True,False,True,True,False,True,True,True,-0.16,True,214322987008.0,34.75,11.52,3.87,2.38,33.16,31.31,24.33,15.58,22.62,-0.35,-0.2,1.59,0.29,6.05,82.69,-2.1,27.57,11.21,1.12,56.49,40.84,34.04,53.68,50.0,-4.8,10.7,46.22,45.48,-22.5,29.2,6.6,41.6,53.68,-9.63,1.84,39.9,-2.4,0.96,393779812.0,51.25,74.33,107.81,10.6,2.3,True,8,,10.9,7.4,True,,0.74,0.44,0.08,51.08000183105469,False,False,False,8.839536089035988,16.047264966178336,19.40729231921959,12.109843181505344,11.936609502530139,20.364891310108696,9.399133316063953,13.94197290076415,14.005817948175775,13.025908041134747,11.723317237021272,8,True,2.3,-77.04910568367688,-72.58062363721223,2026-10-21,2026-09-21,última,,,False,True,49.82,2.53,Em Alta,52.54098892211914,-2.78066157686917,-5.709466662932505,False,False,False,sem sinal (Em Alta)
IGTI11,BOVA11+SMALL11,BOVA11,Imobiliário,55.08,51.97,72.72727272727273,,,0.8,,69.03,35.89,49.72,19.86,False,60,Bandeira de alta,,,False,3,7,False,,True,,False,False,True,True,False,True,8,11,False,False,True,True,False,True,,False,True,False,True,0.48,True,,12.18,1.58,1.12,2.46,12.93,7.32,12.16,41.91,9.16,2.15,2.43,2.73,0.9,1.34,29.91,-35.4,12.37,5.46,0.48,51.02,48.98,22.47,30.19,19.9,-10.7,6.8,25.63,25.77,-25.2,29.0,8.4,22.57,30.19,-7.83,1.83,-0.8,-2.55,0.1,59505001.0,21.07,30.56,44.32,5.1,10.2,False,6,,13.5,20.3,False,2023,1.3,0.78,0.11,26.950000762939453,False,False,False,4.812974260351455,9.05149675414483,30.263256325775536,29.14055730323269,25.48598280761983,2.962871128133783,18.85206582644176,21.43372697404943,,,,6,False,10.2,,,n/d,n/d,,,Bandeira de alta,False,False,,,Em Alta,26.56999969482422,1.4301884549485333,-11.426172467234686,False,True,False,"Bandeira de alta — mastro +18%, recuo 25%, bandeira 9d (candidato)"
GMAT3,SMALL11,SMALL11,Bens de primeira necessidade,54.78,52.1,70.0,,,0.0,,46.64,66.66,56.81,30.82,True,61,Não,Bandeira de alta,"Bandeira de alta (pré-confirmação) — pescoço R$4.95, preço 1.1% abaixo do pescoço; falta fechar acima e segurar",False,4,8,False,,True,,False,,True,True,False,True,7,10,True,True,False,False,False,True,True,False,False,True,True,0.47,True,11272387584.0,6.96,1.01,2.43,3.24,14.52,15.23,10.1,3.99,4.87,2.21,3.01,1.74,0.56,0.62,22.54,-40.8,5.51,5.51,1.0,52.91,42.64,3.57,6.99,37.3,-29.9,17.6,4.67,4.87,-48.9,41.0,9.1,3.57,5.86,-7.13,2.58,-39.8,-3.7,-0.96,24144359.0,2.05,3.48,5.92,-0.5,8.8,False,6,,20.9,19.8,True,,1.17,0.5,0.09,4.900000095367432,False,False,False,1.1542586049322088,2.1707508602434764,9.629217836650867,8.766415295476815,10.198260799067928,4.214702691181606,6.982422045885655,6.630684109707704,,,,6,False,8.8,,,n/d,n/d,,,,False,False,,,Em Alta,4.929999828338623,-0.6085138745593244,-30.410501543952208,False,False,False,sem sinal (Em Alta)
UGPA3,BOVA11,BOVA11,Consumo discricionário,54.17,50.9,72.72727272727273,,,0.9,,62.68,36.23,43.18,50.0,False,62,Não,,,False,7,8,False,,True,,False,False,True,True,True,True,8,11,True,True,True,False,True,True,True,True,False,True,True,0.63,True,41305190400.0,12.63,2.43,5.11,4.92,19.25,16.17,21.5,2.26,5.74,1.13,0.72,1.64,0.98,1.73,62.18,44.3,12.98,9.73,0.63,64.07,31.75,18.91,39.13,105.3,-0.8,29.6,25.36,25.74,-22.2,29.4,90.6,20.23,39.13,74.37,1.85,73.1,-2.77,2.05,347574893.0,53.42,77.9,113.61,5.4,3.0,True,8,,-0.3,6.6,False,,0.95,0.57,0.05,38.81999969482422,False,False,False,13.898926946752855,26.138949709538434,42.03938362476813,33.238542711901715,37.510188240047725,23.497597760037607,22.682675821096637,26.486393112252937,28.186582240799503,26.312671410895685,23.681404269806116,8,True,3.0,-38.99689733134258,-27.39159592379503,n/d,n/d,,,,False,False,,,Em Alta,39.130001068115234,-0.7922345127243546,-1.2465063885744976,False,False,False,sem sinal (Em Alta)
COGN3,BOVA11+SMALL11,BOVA11,Consumo discricionário,53.88,51.04,70.0,,,0.9,,42.5,74.59,44.77,43.15,False,63,Não,Bandeira de alta,"Bandeira de alta (pré-confirmação) — pescoço R$2.38, preço 0.3% abaixo do pescoço; falta fechar acima e segurar",False,1,8,False,,False,,False,,False,True,True,True,7,10,False,False,False,False,False,False,True,False,True,False,True,0.39,True,4750004736.0,6.65,0.34,5.25,4.02,5.11,0.79,10.24,8.96,3.36,2.9,3.9,1.88,0.5,1.78,26.75,34.0,4.86,3.98,0.45,44.22,55.77,2.03,4.57,16.7,-48.1,1.0,2.87,2.89,-55.6,44.5,-23.9,2.03,4.57,-40.13,2.81,-21.5,-4.32,-0.37,65055941.0,1.18,2.09,3.69,-1.1,10.8,False,4,,11.9,9.8,True,2024,1.56,0.61,0.04,2.369999885559082,False,False,False,0.693339246035441,0.988341999170449,3.694753324853729,7.4763444663078955,2.7675965044640054,2.2308912190871264,1.8231436160312224,7.1176198367858765,,,,4,False,10.8,,,n/d,n/d,,,,False,False,,,Em Alta,2.450000047683716,-3.2653126762290374,-49.85976762695976,False,False,False,sem sinal (Em Alta)
EVEN3,SMALL11+DIVO11,SMALL11,Consumo discricionário,53.8,53.67,54.54545454545455,,,0.9,,39.34,73.94,48.01,78.77,False,64,Não,,,False,1,8,False,,True,,False,False,True,True,False,True,6,11,False,False,False,False,False,False,True,False,True,False,True,0.36,True,835278016.0,4.07,0.42,22.74,9.11,10.28,7.88,4.93,12.83,6.93,2.85,7.13,4.66,0.64,0.63,37.07,-37.5,2.45,2.92,1.27,57.92,36.05,4.03,8.43,4.5,-50.1,-17.1,6.64,6.37,-52.2,37.2,-42.4,4.03,8.31,-58.63,2.34,-41.3,-3.86,-1.66,5124830.0,1.51,2.43,3.91,-8.7,11.0,False,6,,-6.1,-11.0,True,,1.32,0.62,0.12,4.210000038146973,False,False,False,2.78839552743484,5.2439825564339095,14.147895824477422,15.273955079528877,16.112469972187053,9.494166493687665,7.09658015869435,1.4692708480067487,,,,6,False,11.0,,,n/d,n/d,,,,False,False,,,Em Baixa,4.349999904632568,-3.218387805859524,-50.65088609730133,False,False,False,sem sinal (Em Baixa; sem novo topo (-3.2%))
VIVT3,BOVA11,BOVA11,Comunicação,53.67,45.49,100.0,,,0.4,,44.24,35.64,52.18,62.33,False,65,Não,,,False,5,8,False,,True,,True,True,True,True,True,True,11,11,False,True,True,False,True,False,True,True,True,False,True,0.16,True,98200977408.0,15.13,1.52,8.13,6.55,10.05,7.53,9.1,10.68,4.36,0.56,0.85,0.95,0.3,162.51,99.07,18.5,10.08,5.51,0.48,46.12,53.66,29.17,40.8,5.3,-24.7,-6.2,32.92,33.72,-28.5,25.6,-0.4,29.17,40.8,-16.63,1.61,-5.9,-2.34,-0.45,146605268.0,21.89,30.42,42.27,6.7,6.9,True,6,,7.4,6.7,True,,0.8,0.55,0.0,30.729999542236328,True,False,False,14.634537002902018,14.748019934292154,14.885919170154505,30.39572837387976,13.488821134790774,30.186296827956305,5.645513941953145,38.73550254102644,19.72322040732925,14.81696955222333,13.335272597000998,6,True,6.9,-56.60503483355879,-35.81770028918808,n/d,n/d,,,,False,False,,,Lateral,30.950000762939453,-0.710827836122585,-25.188733822134502,False,False,False,sem sinal (Lateral)
PGMN3,SMALL11+DIVO11+Wishlist,SMALL11,Bens de primeira necessidade,53.53,56.56,36.36363636363637,,,0.0,,45.18,74.94,43.63,87.67,True,66,Não,Bandeira de alta,"Bandeira de alta (pré-confirmação) — pescoço R$3.90, preço 0.2% abaixo do pescoço; falta fechar acima e segurar",False,4,8,False,,True,,False,False,False,False,True,False,4,11,False,True,True,False,True,False,True,False,False,False,True,0.99,True,2796384512.0,8.13,0.78,6.39,10.75,9.61,5.91,12.78,2.1,2.78,3.59,3.87,1.78,1.02,6.7,87.37,11.1,5.67,6.26,0.83,68.82,31.1,3.13,7.54,24.3,-48.4,0.2,4.51,4.81,-58.5,45.1,-37.8,3.13,7.54,-54.03,2.84,-1.4,-4.17,0.21,16527612.0,2.48,4.43,7.9,1.3,5.0,True,7,,17.5,17.9,False,2024,1.59,0.62,0.17,3.890000104904175,False,False,False,3.04025565786127,3.3751328783638344,3.8631105771893828,7.327372967675202,5.722708785717374,8.434492437980841,1.6731794403449967,,4.776607535018985,3.8631105771893828,3.4767995194704446,7,True,5.0,-10.622122732408224,22.791964169796607,n/d,2025-12-26,última,,,True,False,,,Em Alta,3.9000000953674316,-0.25641000560834293,-48.95012909020846,False,False,False,sem sinal (Em Alta)
FLRY3,BOVA11+SMALL11+DIVO11,BOVA11,Cuidados de saúde,53.16,49.71,72.72727272727273,,,0.2,,55.24,33.65,50.67,63.01,True,67,Não,,,False,4,8,False,,True,,False,False,True,True,True,True,8,11,False,True,True,False,False,True,True,False,True,True,True,0.7,True,11948904448.0,16.61,2.16,5.47,6.56,13.0,10.93,12.7,8.01,6.64,1.78,1.92,1.86,0.98,1.15,108.88,14.4,14.05,6.47,0.55,61.45,37.83,13.12,21.98,67.6,0.0,31.2,15.35,15.8,-18.6,28.1,51.5,14.3,21.98,35.27,1.77,29.5,-2.57,1.16,85895483.0,23.45,33.56,48.02,7.3,2.6,True,8,,22.9,7.9,True,2023,0.97,0.6,0.05,21.979999542236328,False,False,False,10.478542576556356,19.70642039397534,18.099317950531553,17.406331339006112,27.729798545204876,19.944897181175023,15.794899129207273,16.533578758261644,18.21172323423977,17.752824644768832,15.97754218029195,8,True,2.6,-27.308723780499523,-17.144114588153258,2026-11-05,2026-08-12,última,,,False,False,,,Em Alta,21.450000762939453,2.4708566920547126,1.6181248037428153,True,False,False,sem sinal (Em Alta)
BMGB4,DIVO11,SMALL11,Financial Services,52.74,50.28,66.66666666666667,12.81,,0.4,,49.02,54.1,25.86,95.21,False,68,Não,Bandeira de alta,"Bandeira de alta (pré-confirmação) — pescoço R$6.19, preço 0.3% abaixo do pescoço; falta fechar acima e segurar",False,3,6,False,,True,,False,False,True,,True,True,6,9,True,False,False,,True,,True,False,True,False,True,,True,3963927808.0,6.3,0.91,8.44,15.42,14.47,7.04,0.0,30.16,,,,,,15.1,97.12,26.0,5.84,1.27,,91.8,7.94,3.43,6.17,79.8,0.0,17.8,4.84,4.71,-15.1,32.8,29.2,4.53,6.17,12.97,2.07,43.3,-2.61,1.5,7458829.0,7.21,10.98,16.73,-1.8,2.4,True,4,,8.1,-1.8,True,,0.95,0.51,0.01,6.170000076293945,False,False,False,6.917219789471602,7.163522100033983,7.376272486041184,12.223215189392608,15.505846133389696,16.37546405715825,2.9254662968248693,,9.458119608176254,7.269897293037584,6.542907563733825,4,True,2.4,6.043881407273322,53.29205010087037,n/d,n/d,,,,False,False,,,Em Alta,6.159999847412109,0.1623413819731967,-0.16180829000712604,False,False,False,sem sinal (Em Alta)
BMOB3,SMALL11+DIVO11,SMALL11,Comunicação,52.25,50.24,63.63636363636363,,,0.4,,57.09,19.32,70.21,56.85,False,69,Não,Fundo duplo,"Fundo duplo (pré-confirmação) — pescoço R$24.54, preço 12.7% acima do pescoço; falta fechar acima e segurar",False,7,8,False,,True,,False,False,True,True,False,True,7,11,True,True,True,False,True,True,True,True,True,True,True,-0.3,True,2307608832.0,14.75,2.5,7.14,6.18,16.97,10.68,11.27,8.49,8.33,-1.91,-2.33,1.69,0.05,9.86,91.18,-1.0,11.36,6.02,1.43,47.82,51.18,19.48,27.93,42.0,-1.0,14.5,23.45,23.54,-20.5,33.8,27.7,20.89,27.93,11.47,2.13,12.2,-3.58,0.68,13551621.0,24.43,37.69,58.17,6.5,3.3,True,8,,4.8,13.2,False,,1.17,0.61,0.09,27.65999984741211,False,False,False,12.435646428527402,14.163025588286438,15.532634718273469,21.60615154718602,14.39858950146777,22.810940923053213,6.896555654764445,19.612806006899554,15.93204379605729,14.96561210987062,13.469050898883557,8,True,3.3,-51.30494948233439,-42.400419797732205,n/d,n/d,,,,False,False,,,Em Alta,27.649999618530273,0.03616719356167586,-1.8198000960912064,False,False,False,sem sinal (Em Alta)
MDIA3,SMALL11,SMALL11,Bens de primeira necessidade,51.98,54.73,36.36363636363637,,,0.0,,37.5,67.93,88.61,31.51,True,70,Não,,,False,2,8,False,,True,,False,False,False,True,False,True,4,11,False,False,False,False,False,True,True,False,False,False,True,-0.04,True,5667811328.0,8.78,0.67,6.28,3.26,7.65,8.74,8.32,6.23,4.22,-0.32,-0.54,2.55,0.21,1.61,28.64,-22.6,7.42,3.52,1.38,34.41,65.59,16.79,28.4,0.6,-40.5,-7.3,23.08,22.12,-40.9,30.8,-28.4,16.79,25.92,-44.63,1.94,-36.9,-2.59,-1.86,12506716.0,6.93,10.41,15.62,2.1,8.2,False,6,,1.0,8.0,False,2023,0.69,0.39,-0.0,16.889999389648438,False,False,False,4.00735441145212,7.008491186188863,24.46804091642203,33.032103726565374,16.77674796094551,20.309516626874043,11.953073082142382,22.799013590219822,,,,6,False,8.2,,,n/d,n/d,,,,False,False,,,Em Baixa,17.780000686645508,-5.005631398347177,-41.34447946382179,False,False,False,sem sinal (Em Baixa; sem novo topo (-5.0%))
MOTV3,BOVA11,BOVA11,Bens Industriais,51.06,53.65,36.36363636363637,,,0.7,,71.89,52.37,24.62,32.88,False,71,Bandeira de alta,,,False,6,8,False,,True,,False,False,True,False,True,False,4,11,True,True,False,True,True,False,True,True,True,True,False,1.9,False,33163999232.0,8.41,1.84,5.77,3.34,21.85,19.92,11.72,19.27,6.88,3.69,4.33,1.77,2.45,0.56,28.09,58.4,11.07,6.62,0.44,77.07,22.24,13.02,16.79,26.8,-1.7,15.7,14.53,14.68,-22.1,28.7,15.7,13.08,16.79,-0.53,1.8,-0.3,-2.86,0.26,260059394.0,13.55,19.57,28.26,1.7,9.0,False,7,,-0.6,4.1,False,2025,1.28,0.78,0.04,16.5,False,False,False,4.008098712929502,7.5378114504448375,26.834413716389854,19.896115520644624,35.9823254819002,10.38593205872702,24.171224732461354,11.530528043545967,,,,7,False,9.0,,,n/d,n/d,,,Bandeira de alta,False,False,,,Em Alta,16.670000076293945,-1.0197964937966542,-2.8384352151930026,False,True,False,"Bandeira de alta — mastro +27%, recuo 16%, bandeira 7d (candidato)"
LOGG3,SMALL11+DIVO11,SMALL11,Imobiliário,50.92,48.68,63.63636363636363,,,0.8,,50.81,50.93,19.19,92.47,False,72,Não,,,False,2,8,False,,True,,True,True,True,True,False,False,7,11,False,False,False,True,False,False,True,False,True,False,False,0.58,True,2163173120.0,5.76,0.61,28.04,13.45,10.63,8.83,3.04,136.74,19.52,121.08,302.7,0.52,0.64,2.41,77.5,-33.1,3.77,0.1,0.28,45.7,53.91,16.32,28.1,52.2,-11.6,-1.0,23.79,22.94,-19.2,31.6,10.8,22.17,28.1,-5.43,1.99,36.6,-2.9,0.91,10729790.0,24.15,36.19,54.22,-3.1,3.7,True,7,,4.6,13.2,False,,0.94,0.52,0.17,24.850000381469727,True,False,False,24.3166322938621,30.14111121935405,38.89171101304741,62.884194105785056,68.36604921508574,41.6283244720265,18.338583451059584,,40.65237225288864,38.89171101304741,35.00253991174267,7,True,3.7,40.85528923308808,63.59103271162323,n/d,n/d,,,,False,False,,,Lateral,25.5,-2.5490181118834276,-12.808640967236617,False,False,False,sem sinal (Lateral)
GGPS3,SMALL11,SMALL11,Bens Industriais,50.79,50.13,54.54545454545455,,,0.7,,60.3,44.69,50.19,17.81,False,73,Bandeira de alta,,,False,5,8,False,,True,,False,False,True,False,True,True,6,11,True,True,False,False,True,True,True,False,False,True,True,0.48,True,9968644096.0,10.62,2.16,2.26,2.32,20.36,19.43,11.88,5.1,6.71,1.03,1.2,2.87,1.38,0.71,24.62,207.7,8.3,7.28,0.78,74.55,25.29,11.0,19.55,20.5,-32.2,6.8,16.21,15.18,-43.7,30.7,-17.5,11.0,19.55,-33.73,1.93,-25.2,-2.93,-0.95,36277459.0,7.32,10.85,16.08,4.0,9.7,False,6,,23.3,17.0,True,,1.12,0.64,0.14,13.25,False,False,False,2.2336860375449095,4.2007708383505875,17.064576878682946,13.122542964948439,21.606702732226225,9.395602678571429,15.37099811676083,11.40559854934309,,,,6,False,9.7,,,n/d,n/d,,,Bandeira de alta,False,False,,,Em Alta,13.180000305175781,0.5311054112550284,-32.56997324567359,False,True,False,"Bandeira de alta — mastro +20%, recuo 17%, bandeira 7d (candidato)"
HYPE3,BOVA11+SMALL11,BOVA11,Cuidados de saúde,50.64,51.56,45.45454545454545,,,0.2,,58.11,39.15,57.58,41.1,True,74,Não,Bandeira de alta,"Bandeira de alta (pré-confirmação) — pescoço R$23.74, preço 1.6% acima do pescoço; falta fechar acima e segurar",False,4,8,False,,True,,False,False,True,True,True,False,5,11,False,True,False,True,False,True,True,False,True,True,True,0.42,True,16980383744.0,9.6,1.16,4.42,3.87,12.1,12.72,10.74,19.82,8.01,2.25,2.88,1.86,0.53,1.26,37.15,4.5,7.5,6.31,0.5,50.22,49.77,19.85,26.59,21.5,-9.3,11.7,22.4,22.41,-25.3,31.0,5.9,19.85,25.56,-10.33,1.95,-3.4,-2.95,0.02,65795788.0,17.79,26.54,39.61,3.0,5.1,True,7,,0.7,3.4,False,,1.03,0.58,0.05,24.1200008392334,False,False,False,6.788714854580983,12.76716374264746,34.36451732471425,34.28498521377065,28.82994643206721,25.10420848652148,19.062177337606578,13.344806502548595,23.96540071998232,25.10420848652148,22.593787637869333,7,True,5.1,-6.327583533419867,-0.6409623294855282,n/d,n/d,,,,False,False,,,Em Alta,23.799999237060547,1.3445445900458486,-10.015306547490798,False,False,False,sem sinal (Em Alta)
RDOR3,BOVA11+AUVP11,BOVA11,Cuidados de saúde,50.61,48.31,63.63636363636363,,,0.2,,62.49,22.22,51.93,42.47,True,75,Bandeira de alta,,,False,6,8,False,,True,,False,False,True,False,True,True,7,11,True,True,True,False,True,True,True,False,True,True,True,0.68,True,82820603904.0,17.29,4.02,11.67,4.01,23.26,13.61,15.63,8.35,7.29,1.12,0.99,2.9,2.51,2.42,69.31,22.9,14.15,6.35,0.64,79.71,18.16,32.33,44.66,17.9,-14.7,8.9,37.91,37.95,-27.6,32.3,-4.9,32.33,44.66,-21.13,2.03,-6.1,-3.02,-0.13,252864640.0,26.34,39.83,60.21,7.5,2.7,True,8,,34.3,10.2,True,2023,1.2,0.65,0.06,38.119998931884766,False,False,False,11.113170980280385,20.899931230656335,30.15518861754723,21.688704698203583,24.57744412426129,22.707832054801905,16.070252063023997,26.655343190522192,21.733483369912115,22.198268376502746,19.978441538852472,8,True,2.7,-47.59065556494054,-42.98666322434352,n/d,n/d,,,Bandeira de alta,False,False,,,Em Alta,38.060001373291016,0.15763940207278448,-15.198428375307383,False,True,False,"Bandeira de alta — mastro +17%, recuo 20%, bandeira 7d (candidato)"
SBFG3,SMALL11,SMALL11,Consumo discricionário,50.21,47.84,63.63636363636363,,,0.9,,40.93,86.11,27.5,23.97,False,76,Não,,,True,2,8,False,,True,,False,True,True,True,True,False,7,11,False,False,False,False,True,False,True,False,False,True,False,0.87,True,1972177280.0,4.45,0.58,6.71,2.72,13.07,10.92,8.98,5.0,3.92,3.49,5.35,1.62,1.0,0.39,12.09,185.0,3.89,4.63,0.8,67.87,32.13,7.96,14.95,7.4,-42.8,-13.0,11.48,11.33,-46.8,42.1,-29.0,7.96,14.81,-45.23,2.65,-35.7,-4.22,-1.07,22421109.0,3.33,5.73,9.84,-7.1,16.2,False,5,,7.3,8.2,False,2024,1.6,0.66,0.07,8.550000190734863,False,False,False,1.6888848230951632,3.176193070530581,26.279087211827342,25.244302823079497,27.295350235432895,6.711486595572571,19.355274504735792,15.674664244603004,,,,5,False,16.2,,,n/d,n/d,,,,False,False,,,Lateral,9.109999656677246,-6.147085478010162,-44.06114394677885,False,False,False,sem sinal (Lateral) · ⚡ cruzamento de médias (MM21>MM30) hoje
CSMG3,BOVA11+SMALL11+DIVO11,BOVA11,Serviços públicos,50.21,47.84,63.63636363636363,,,0.1,,62.99,17.19,34.2,83.56,True,77,Não,,,False,5,8,False,,True,,False,False,True,False,False,True,7,11,True,True,True,False,False,True,True,False,True,True,True,0.9,True,21575424000.0,16.62,2.43,3.87,10.18,14.6,15.68,11.59,14.88,9.03,2.77,3.28,1.22,1.06,,169.21,-21.2,11.8,6.35,0.28,51.64,48.36,31.31,67.45,81.7,-15.6,-1.3,53.36,50.04,-20.9,32.2,32.9,41.91,67.45,16.67,2.03,74.1,-2.83,1.59,204638124.0,68.86,103.66,156.05,7.3,6.6,True,6,,10.5,5.7,True,,0.9,0.49,0.1,56.900001525878906,False,False,False,42.13213491554296,61.79379787612968,36.5182520823932,42.47025714980209,,33.8014680094549,9.312154281010267,52.99354977984017,44.95157663552717,42.30119603267252,38.071076429405274,6,True,6.6,-33.09125587265578,-20.998988699354303,n/d,n/d,,,,False,False,,,Lateral,57.25,-0.6113510464997307,-16.1014423740534,False,False,False,sem sinal (Lateral)
SBSP3,BOVA11+AUVP11,BOVA11,Serviços públicos,50.06,49.27,54.54545454545455,,,0.1,,69.95,30.0,40.16,22.6,True,78,Bandeira de alta,,,False,7,8,False,,True,,False,False,True,False,False,True,6,11,True,True,True,True,False,True,True,True,True,True,True,0.76,True,98253611008.0,11.97,2.13,2.48,2.57,17.8,17.28,12.72,19.67,8.6,2.25,2.43,1.47,1.14,0.97,30.75,-33.9,11.58,7.77,0.3,59.31,40.69,23.12,35.21,20.9,-20.6,-0.0,27.43,27.77,-33.8,27.4,5.7,23.31,35.21,-10.53,1.73,-1.3,-2.39,0.18,569656468.0,22.84,32.47,46.16,5.0,6.7,True,6,,20.0,5.4,True,2024,1.11,0.71,0.07,27.940000534057617,False,False,False,5.220195284826934,9.817335003400329,31.925405520361192,26.247067746497446,34.7682416036773,11.734542763198075,24.762876209157128,27.94000053405762,26.229689062824793,27.093534140277534,24.38418072624978,6,True,6.7,-12.726627558483584,-6.121372364141619,n/d,n/d,,,Bandeira de alta,False,False,,,Lateral,27.309999465942383,2.3068512648668937,-20.890197898082196,False,True,False,"Bandeira de alta — mastro +26%, recuo 41%, bandeira 7d (candidato)"
EGIE3,BOVA11,BOVA11,Serviços públicos,49.9,50.69,45.45454545454545,,,0.1,,77.59,22.95,19.39,61.64,True,79,Não,Bandeira de alta,"Bandeira de alta (pré-confirmação) — pescoço R$30.65, preço 1.1% abaixo do pescoço; falta fechar acima e segurar",False,6,8,False,,True,,False,False,True,False,True,False,5,11,True,True,True,True,True,False,True,False,True,True,True,1.43,True,42944688128.0,10.87,2.87,2.97,6.54,26.37,32.12,11.59,28.94,9.04,3.56,4.23,1.09,2.06,1.43,71.12,270.0,11.81,6.68,0.19,74.84,23.06,27.05,37.14,12.1,-18.4,-2.5,30.51,30.75,-26.9,26.0,0.7,27.15,37.14,-15.53,1.64,-0.8,-2.48,-0.07,96687598.0,23.64,33.0,46.07,4.2,2.9,True,8,,2.6,14.6,False,,0.94,0.63,0.05,30.31999969482422,False,False,False,14.427463541309745,27.132939498656715,38.15081422858257,25.749258739036694,39.49242188749148,41.786489959836075,21.182115969944515,27.883918390582952,29.47567777693009,27.508428944619833,24.75758605015785,8,True,2.9,-18.345691624844907,-2.7847029234576715,n/d,n/d,,,,False,False,,,Em Alta,31.0,-2.1935493715347754,-20.332421133248545,False,False,False,sem sinal (Em Alta)
BRBI11,SMALL11+DIVO11,SMALL11,Produtos financeiros,49.5,54.71,20.0,20.63,,0.4,,32.81,44.15,100.0,89.04,False,80,Bandeira de alta,,,False,3,5,False,,True,,False,False,True,,False,False,2,10,True,True,False,,False,,,True,True,True,True,,True,,9.36,1.84,9.7,11.85,19.7,21.77,1.85,0.0,,,,,,,110.87,-22.4,7.32,0.94,0.23,95.52,4.48,11.74,20.71,26.7,-28.2,1.9,17.68,16.88,-43.3,35.2,-20.7,11.74,20.71,-36.93,2.22,-27.2,-3.31,-0.54,3898962.0,8.45,13.25,20.77,2.8,2.6,True,4,,50.1,67.6,False,,0.99,0.49,0.0,14.869999885559082,False,False,False,12.81042631923489,18.788625268211174,16.945868815451945,16.99633914281504,,7.333333333333334,4.321196547940247,,13.969563434057836,14.878147567343419,13.390332810609078,4,True,2.6,-9.95068652547183,-6.055389767525821,n/d,n/d,,,Bandeira de alta,False,False,,,Em Alta,14.520000457763672,2.410464302762949,-29.779496036298912,False,True,False,"Bandeira de alta — mastro +29%, recuo 30%, bandeira 8d (candidato)"
CPLE3,BOVA11+DIVO11,BOVA11,Serviços públicos,49.09,43.31,81.81818181818181,,,0.1,,46.73,29.23,35.15,79.45,True,81,Não,Bandeira de alta,"Bandeira de alta (pré-confirmação) — pescoço R$16.08, preço 0.1% acima do pescoço; falta fechar acima e segurar",False,5,8,False,,True,,False,False,True,True,True,True,9,11,False,True,True,False,True,True,True,False,True,False,True,0.9,True,47810732032.0,15.22,1.98,6.65,9.12,12.99,9.34,9.82,11.41,9.67,2.97,4.16,1.3,0.98,0.3,138.83,50.0,15.15,5.45,0.3,61.78,38.29,10.61,16.67,51.7,-3.4,7.9,14.33,13.82,-17.9,25.8,34.6,11.94,16.67,18.37,1.63,29.9,-2.68,1.12,275819340.0,17.13,23.84,33.19,6.7,3.8,True,8,,8.3,15.3,False,2023,1.12,0.76,0.05,16.100000381469727,False,False,False,10.68043566475035,20.086109653385332,14.468229752327506,13.911604552393294,31.73456054166175,8.309775831960696,13.03232619577576,13.528391436765942,15.71892920362758,13.719997994579618,12.347998195121656,8,True,3.8,-23.30436085372043,-2.3669016696467926,n/d,n/d,,,,False,False,,,Em Alta,16.139999389648438,-0.24782533885574498,-4.574478492805289,False,False,False,sem sinal (Em Alta)
ASAI3,BOVA11+SMALL11,BOVA11,Bens de primeira necessidade,48.86,49.46,45.45454545454545,,,0.0,,63.95,59.53,24.53,8.9,True,82,Não,Bandeira de alta,"Bandeira de alta (pré-confirmação) — pescoço R$10.10, preço 1.2% acima do pescoço; falta fechar acima e segurar",False,5,8,False,,True,,False,False,True,False,True,False,5,11,True,True,True,False,True,False,True,False,False,True,True,3.56,False,13650518016.0,14.4,2.19,1.02,0.83,15.21,17.56,21.18,1.24,3.03,3.72,2.41,1.12,4.25,1.08,11.99,123.2,10.66,6.76,0.42,88.39,11.61,7.01,10.43,45.9,-2.0,18.4,8.61,8.63,-32.8,47.8,42.3,7.04,10.26,26.07,3.01,-15.8,-4.48,0.0,111790749.0,5.68,10.47,19.3,6.4,16.3,False,4,,12.3,4.7,True,,1.7,0.62,-0.02,10.220000267028809,False,False,False,0.6186707036432809,1.1635000652388154,9.707168712410875,8.632545234605116,10.09174743470993,2.5705039228837747,8.011086311982238,,,,,4,False,16.3,,,n/d,n/d,,,,False,False,,,Em Alta,10.260000228881836,-0.3898631672582975,-3.566379292177957,False,False,False,sem sinal (Em Alta)
BEEF3,BOVA11+SMALL11,BOVA11,Bens de primeira necessidade,48.69,54.07,18.181818181818183,,,0.0,,66.77,60.63,27.54,33.56,True,83,Não,Bandeira de alta,"Bandeira de alta (pré-confirmação) — pescoço R$4.00, preço 2.0% abaixo do pescoço; falta fechar acima e segurar",False,5,8,False,,False,,False,False,True,False,False,False,2,11,True,True,True,False,False,True,True,False,False,True,True,9.15,False,3887532032.0,8.68,2.52,4.91,3.38,29.04,144.02,16.55,0.8,3.81,2.98,2.48,1.43,13.46,0.58,29.36,-57.5,6.46,5.34,0.65,95.87,2.86,3.04,7.18,28.9,-45.4,4.5,4.3,4.84,-57.7,43.5,-26.4,3.04,6.25,-42.63,2.74,-36.9,-4.87,-1.2,84277454.0,1.38,2.43,4.26,2.0,13.9,False,5,,21.0,60.9,False,2023,0.83,0.33,-0.0,3.9200000762939453,False,False,False,0.9643929868207123,1.8136810042466944,6.176899183694934,3.9757329171081133,8.301889943916358,3.760485277130923,5.563871076030117,13.396448244255078,,,,5,False,13.9,,,n/d,n/d,,,,False,False,,,Em Alta,4.130000114440918,-5.084746545470753,-46.41013812710489,False,False,False,sem sinal (Em Alta)
GOAU4,BOVA11+SMALL11,BOVA11,Materiais,48.64,50.81,36.36363636363637,,,1.0,,29.47,73.13,59.72,73.29,False,84,Não,Bandeira de alta,"Bandeira de alta (pré-confirmação) — pescoço R$11.60, preço 1.2% abaixo do pescoço; falta fechar acima e segurar",False,4,8,False,,True,,False,False,False,True,True,False,4,11,False,False,True,False,True,True,True,False,False,True,True,0.5,True,15158004736.0,19.01,0.79,3.36,8.57,4.13,12.06,10.0,1.14,2.16,0.99,1.35,2.88,0.28,0.26,163.0,73.2,5.65,5.06,1.04,34.12,23.4,6.84,11.7,67.5,-2.1,11.2,9.37,9.18,-25.3,28.9,31.8,7.68,11.7,15.57,1.82,44.0,-2.64,1.46,109482522.0,13.29,19.23,27.84,8.1,6.3,True,7,,-5.4,4.2,False,,0.92,0.56,0.07,11.460000038146973,False,False,False,7.146532480830063,13.440091730077182,8.24530385734896,14.027209200144279,18.085218366355033,6.1112762116739185,7.4269963424498,38.77178552331814,10.640375455554176,8.24530385734896,7.420773471614064,7,True,6.3,-35.24630500076361,-7.152046944716462,n/d,n/d,,,,False,False,,,Em Alta,11.699999809265137,-2.05128012846727,-2.7164660617823966,False,False,False,sem sinal (Em Alta)
IRBR3,SMALL11+Carteira,SMALL11,Insurance,47.78,47.39,50.0,,2.87,0.3,,17.01,68.54,100.0,26.03,False,85,Bandeira de alta,,,False,1,6,False,,False,,False,,False,,False,True,4,8,False,False,False,,False,,True,False,True,False,True,,True,5148536832.0,-34.5,0.95,2.54,2.91,-2.76,2.79,0.0,4.89,,,,,,,,-23.0,7.25,2.3,,66.23,33.77,44.91,63.43,41.2,0.0,17.3,52.33,52.56,-21.4,31.9,24.7,49.05,63.43,8.47,2.01,9.3,-2.79,0.76,47809765.0,58.62,88.06,132.29,,2.0,True,3,,,-14.5,,2024,1.05,0.57,0.05,63.43000030517578,False,False,False,13.41109611644162,19.66960763744771,,,,26.3277,,,19.802801251296444,19.66960763744771,17.702646873702943,3,True,2.0,-72.09105030974052,-68.78007069837493,2026-11-12,2026-07-01,última,,Bandeira de alta,False,True,57.62,10.08,Em Alta,62.31999969482422,1.781130641506956,-1.9992001705696816,False,True,False,"Bandeira de alta — mastro +27%, recuo 14%, bandeira 7d (candidato)"
ANIM3,SMALL11,SMALL11,Consumo discricionário,47.71,48.11,45.45454545454545,,,0.9,,44.09,70.16,23.87,59.59,False,86,Bandeira de alta,,,False,4,8,False,,False,,False,False,False,False,True,True,5,11,True,False,True,False,True,False,True,False,False,False,False,1.75,False,1118466176.0,7.53,0.48,2.71,6.45,6.36,-2.07,14.6,3.71,3.21,3.35,3.15,1.49,2.02,2.3,48.56,205.2,4.01,6.53,0.35,72.15,22.61,1.93,5.17,53.4,-42.8,5.3,3.37,3.46,-62.7,68.5,-8.3,1.93,5.17,-24.53,4.32,-33.6,-5.79,-0.11,22028528.0,0.98,2.45,6.15,0.4,5.5,True,6,,4.1,5.8,False,,2.01,0.51,0.08,2.9600000381469727,False,False,False,1.3882288391110482,1.8812770056017123,3.874232922263635,7.385244347693409,3.821020013051526,1.3386933355624688,1.892303581205904,,2.3659592827993823,1.886790293403808,1.6981112640634273,6,True,5.5,-42.63137695341101,-20.068944178780256,n/d,n/d,,,Bandeira de alta,False,False,,,Em Alta,3.049999952316284,-2.950816904143305,-44.02933021884049,False,True,False,"Bandeira de alta — mastro +58%, recuo 17%, bandeira 7d (candidato)"
SMTO3,SMALL11,SMALL11,Bens de primeira necessidade,47.68,51.28,27.272727272727273,,,0.0,,44.39,73.81,47.11,34.25,True,87,Não,Bandeira de alta,"Bandeira de alta (pré-confirmação) — pescoço R$19.60, preço 5.5% abaixo do pescoço; falta fechar acima e segurar",False,3,8,False,,True,,False,False,True,False,False,False,3,11,False,True,False,False,False,True,True,False,True,True,True,0.99,True,5980988928.0,7.78,0.86,1.14,3.4,11.0,14.59,6.36,11.43,3.83,2.38,5.13,3.16,1.65,0.96,26.42,-39.3,9.6,3.45,0.45,68.55,31.45,12.82,21.21,44.6,-12.6,11.0,15.9,16.21,-34.0,44.5,27.0,13.89,21.21,10.77,2.81,6.7,-4.2,0.07,42477077.0,11.33,19.92,35.0,0.8,9.6,False,6,,3.9,3.8,True,2025,0.61,0.24,0.04,18.530000686645508,False,False,False,4.575915517856059,8.605673377129298,32.576168385179926,33.98033611438018,27.36541183112207,11.125200359966088,18.816375822630526,43.74813191510179,,,,6,False,9.6,,,n/d,n/d,,,,False,False,,,Em Alta,21.209999084472656,-12.635542260768473,-13.39972966417361,False,False,False,sem sinal (Em Alta)
FESA4,SMALL11,SMALL11,Materiais,47.47,51.03,27.272727272727273,,,1.0,,27.63,68.97,72.16,69.18,False,88,Não,Bandeira de alta,"Bandeira de alta (pré-confirmação) — pescoço R$5.73, preço 2.6% abaixo do pescoço; falta fechar acima e segurar",False,2,8,False,,True,,False,False,False,True,False,False,3,11,False,False,False,False,False,True,True,False,False,True,True,-0.12,True,1890881152.0,13.46,0.6,11.55,8.07,4.49,15.62,3.69,6.78,3.85,-3.62,-9.04,3.61,0.12,,108.64,-76.0,3.99,-1.74,1.53,26.31,73.65,4.8,8.69,16.2,-35.8,-6.7,6.78,6.73,-44.8,36.6,-17.9,4.8,8.69,-34.13,2.31,-16.6,-3.42,-0.4,9224390.0,3.22,5.16,8.27,5.9,8.3,False,6,,-9.4,4.4,False,,1.19,0.57,-0.01,5.579999923706055,False,False,False,3.2754547500267415,4.804000300039221,4.4219910242346145,9.313808343511106,,5.225440763076465,1.1276077111798268,6.409614108026454,,,,6,False,8.3,,,n/d,n/d,,,,False,False,,,Lateral,5.889999866485596,-5.2631570425571095,-37.3033689564638,False,False,False,sem sinal (Lateral)
PRIO3,BOVA11,BOVA11,Energia,46.82,44.5,60.0,,,0.9,,59.07,42.06,34.28,5.48,False,89,Não,Bandeira de alta,"Bandeira de alta (pré-confirmação) — pescoço R$65.37, preço 6.6% abaixo do pescoço; falta fechar acima e segurar",False,3,8,False,,True,,False,,True,True,True,False,6,10,False,False,False,True,True,False,True,False,True,True,True,0.77,True,48686673920.0,14.26,1.96,0.0,0.18,13.71,30.11,10.92,18.11,5.96,1.73,2.17,1.34,0.9,1.07,2.53,189.4,6.72,6.59,0.25,59.83,40.17,34.2,72.1,78.5,-15.3,0.5,55.9,52.79,-27.7,35.5,46.2,40.82,72.1,29.97,2.24,63.4,-3.42,1.1,470144048.0,61.55,97.06,153.07,6.3,74.3,False,5,,34.8,8.5,True,2023,0.12,0.06,-0.01,61.04999923706055,False,False,False,0.7878775455486078,1.481718093725285,58.55585141499721,54.77584973495214,57.96978781118985,2.0468301123788657,48.2593370970561,20.250807399290018,,,,5,False,74.3,,,n/d,n/d,,,,False,False,,,Lateral,65.68000030517578,-7.04933167874906,-16.34694926160155,False,False,False,sem sinal (Lateral)
ECOR3,SMALL11,SMALL11,Bens Industriais,46.64,42.04,72.72727272727273,,,0.7,,47.82,51.35,27.81,21.23,False,90,Não,Bandeira de alta,"Bandeira de alta (pré-confirmação) — pescoço R$8.40, preço 3.9% acima do pescoço; falta fechar acima e segurar",False,2,8,False,,True,,False,True,True,False,False,True,8,11,False,True,False,False,False,False,True,False,False,True,False,5.91,False,6072773120.0,10.54,1.4,3.66,2.53,13.28,19.86,11.52,4.59,5.32,4.62,5.52,2.52,6.64,1.08,26.63,-89.7,14.08,6.86,0.19,88.21,11.06,5.87,11.74,48.7,-25.6,18.3,8.05,8.48,-50.0,44.3,-13.8,5.87,11.74,-30.03,2.79,-14.2,-3.96,0.17,52377879.0,5.54,9.78,17.26,3.9,10.1,False,5,,23.9,16.7,True,2023,1.87,0.74,0.06,8.729999542236328,False,False,False,1.603930752657381,3.0164246090298485,11.32863991524822,10.780059469898221,10.163104966514553,1.8638007397999727,7.418145065808201,16.252073074717664,,,,5,False,10.1,,,n/d,n/d,,,,False,False,,,Em Alta,8.270000457763672,5.562261898556731,-26.839400900519795,False,False,False,sem sinal (Em Alta)
SAUD3,DIVO11+AUVP11,SMALL11,Healthcare,46.16,43.08,63.63636363636363,,,0.2,,49.63,8.2,65.73,55.48,True,91,Não,Fundo duplo,"Fundo duplo (pré-confirmação) — pescoço R$13.72, preço 4.8% acima do pescoço; falta fechar acima e segurar",False,6,8,False,,True,,False,False,False,True,False,True,7,11,False,True,True,False,True,True,True,True,True,True,True,-0.69,True,42039463936.0,40.31,2.27,0.85,6.04,5.63,39.67,4.59,9.86,22.34,-7.41,-18.52,1.06,0.01,,243.58,-19.6,8.93,5.03,0.66,34.2,65.77,10.45,16.09,37.6,-10.6,1.2,13.15,13.16,-21.2,36.0,29.1,10.45,16.09,12.87,2.27,8.3,-2.81,0.11,100911193.0,10.16,16.1,25.51,11.0,15.0,False,6,,9.3,6.1,True,2023,0.82,0.4,0.01,14.380000114440918,False,False,False,6.319657861379534,9.268831530023318,3.8051765786993252,7.130677924955407,,14.516166036785778,0.9703200275683279,6.220361181292129,,,,6,False,15.0,,,n/d,n/d,,,,False,False,,,Lateral,15.5,-7.225805713284405,-12.739245948105138,False,False,False,sem sinal (Lateral)
ALOS3,BOVA11+SMALL11+DIVO11,BOVA11,Imobiliário,46.07,41.37,72.72727272727273,,,0.8,,49.07,33.83,24.71,58.9,False,92,Bandeira de alta,,,False,3,8,False,,True,,False,True,False,True,True,True,8,11,False,False,False,True,True,False,True,False,True,False,False,0.56,True,14854192128.0,15.58,1.13,10.84,6.37,7.27,9.51,6.39,31.4,5.5,3.4,7.32,0.72,0.56,308.11,99.3,60.8,15.3,3.66,0.27,46.56,50.55,21.37,32.08,39.0,-7.4,9.4,26.84,26.74,-21.8,26.2,12.9,25.09,32.08,-3.33,1.65,14.2,-2.22,0.66,131945764.0,27.94,39.11,54.75,6.9,11.7,False,6,,37.0,4.4,True,2023,1.21,0.81,0.08,29.700000762939453,False,False,False,13.767499670444428,13.825303777937624,13.922137441735067,33.57567644600931,12.246785479234985,24.521831327950096,5.24680053567601,61.20675503927285,,,,6,False,11.7,,,n/d,n/d,,,Bandeira de alta,False,False,,,Em Alta,29.219999313354492,1.6427154718158476,-8.40954665506124,False,True,False,"Bandeira de alta — mastro +16%, recuo 22%, bandeira 9d (candidato)"
GGBR4,BOVA11,BOVA11,Materiais,45.97,47.66,36.36363636363637,,,1.0,,33.0,57.94,59.44,64.38,False,93,Não,Bandeira de alta,"Bandeira de alta (pré-confirmação) — pescoço R$25.78, preço 1.0% abaixo do pescoço; falta fechar acima e segurar",False,4,8,False,,True,,False,False,False,True,True,False,4,11,False,False,True,False,True,True,True,False,False,True,True,0.18,True,50065195008.0,22.41,0.94,3.15,7.05,4.18,12.63,10.03,3.22,5.42,0.97,1.33,2.87,0.28,0.3,157.97,73.5,9.05,5.03,1.04,34.14,65.6,15.99,26.1,59.6,-2.2,8.7,21.16,20.92,-26.3,28.4,27.3,17.08,26.1,11.07,1.79,37.1,-2.53,1.27,231175908.0,28.07,40.38,58.1,8.9,2.9,True,8,,-5.4,4.2,False,2025,0.87,0.54,0.04,25.520000457763672,False,False,False,13.082947534336034,24.604381975864218,15.57553539475723,26.37467287753559,34.16332055925525,11.693289039877385,14.029736976334156,22.880325906672667,20.300526283079066,19.22793065071495,17.305137585643454,8,True,2.9,-32.18990095911656,-20.452484643654234,n/d,n/d,,,,False,False,,,Em Alta,26.100000381469727,-2.222221897428933,-2.891933824294146,False,False,False,sem sinal (Em Alta)
QUAL3,SMALL11,SMALL11,Cuidados de saúde,45.58,50.41,18.181818181818183,,,0.2,,52.0,73.32,37.25,12.33,True,94,Não,,,False,5,8,False,,False,,False,False,False,True,True,False,2,11,True,False,True,False,True,True,False,True,False,False,True,0.59,True,483710240.0,17.97,0.35,0.54,1.25,1.96,0.44,22.61,1.9,1.49,2.45,1.49,0.58,0.89,11.83,22.47,60.1,3.49,5.32,0.47,66.78,32.76,1.39,2.71,23.0,-36.8,3.4,2.0,2.01,-48.6,59.3,-25.6,1.39,2.62,-41.83,3.73,-23.3,-5.67,-0.28,5597670.0,0.65,1.39,2.97,7.8,20.8,False,6,,-9.9,-7.5,False,,1.91,0.56,0.1,1.7100000381469727,False,False,False,0.15549388536871658,0.1774705067312689,0.7898747276368234,3.2342926841784947,0.26358360204382203,0.5414471271794046,0.3513787536394351,,,,,6,False,20.8,,,n/d,n/d,,,,False,False,,,Lateral,1.6699999570846558,2.3952144964210387,-39.054163047308506,False,False,False,sem sinal (Lateral)
OPCT3,SMALL11,SMALL11,Bens Industriais,45.34,40.99,70.0,,,0.7,,60.1,19.19,40.25,10.96,False,95,Não,,,False,6,8,False,,False,,False,,True,False,True,True,7,10,True,True,True,False,True,True,True,False,False,False,True,0.66,True,4261067264.0,26.35,4.27,0.44,0.98,16.21,1.49,14.93,6.99,7.48,2.17,2.0,2.22,1.92,2.19,25.75,486.7,20.41,8.23,0.53,70.86,29.16,7.35,11.4,22.1,-21.2,-13.7,9.41,9.31,-21.2,33.2,9.5,8.2,11.4,-6.73,2.09,27.1,-2.89,0.2,13198633.0,6.78,10.41,16.0,9.6,9.9,False,6,,21.1,24.0,False,2025,0.89,0.47,0.02,8.979999542236328,False,False,False,0.6381992214526221,1.2002262777641246,4.661222753147093,4.01571910042329,4.434878373458391,1.8069176407346725,3.552153111806528,6.343377049916272,,,,6,False,9.9,,,n/d,n/d,,,,False,False,,,Lateral,11.359999656677246,-20.95070586592833,-23.313411503136493,False,False,False,sem sinal (Lateral)
RANI3,SMALL11+DIVO11,SMALL11,Materiais,45.27,48.45,27.272727272727273,,,1.0,,48.05,46.69,36.75,78.08,False,96,Não,,,True,3,8,False,,True,,False,False,False,False,False,False,3,11,False,True,True,False,False,False,True,False,False,True,True,0.8,True,1820395136.0,14.33,1.29,5.0,9.02,9.03,25.63,11.69,7.65,5.12,2.42,2.84,2.1,1.38,,129.21,-70.2,5.59,4.4,0.56,63.24,36.76,7.56,9.51,5.0,-16.5,0.9,8.17,8.29,-20.5,23.3,-4.7,7.56,9.51,-20.93,1.47,-2.6,-2.17,-0.48,4915624.0,5.89,7.93,10.69,6.3,5.8,True,6,,-0.0,8.4,False,,0.61,0.46,0.04,7.940000057220459,False,False,False,5.2067940647416044,7.636631294954354,5.91021171972679,8.759792408117365,,4.907844434247283,1.5071039885303317,7.470021483542563,6.648549234221659,6.690116601634676,6.021104941471209,6,True,5.8,-24.167444608570875,-16.26512359813377,n/d,n/d,,,,False,False,,,Lateral,8.050000190734863,-1.3664612535166043,-18.172982336154586,False,False,False,sem sinal (Lateral) · ⚡ cruzamento de médias (MM21>MM30) hoje
RENT3,BOVA11,BOVA11,Bens Industriais,44.32,42.52,54.54545454545455,,,0.7,,52.69,46.33,18.67,34.93,False,97,Bandeira de alta,,,False,2,8,False,,True,,False,False,True,False,True,True,6,11,False,True,False,False,False,False,True,False,False,False,False,1.34,True,41356779520.0,11.89,1.5,5.66,3.47,12.63,7.58,12.27,7.39,5.11,4.1,4.6,1.14,1.71,1.6,41.29,24.5,8.32,6.27,0.33,70.15,29.84,32.03,51.57,16.9,-27.4,-4.7,41.52,41.75,-37.9,39.1,-11.7,32.03,51.57,-27.93,2.46,-8.9,-3.51,-0.14,331460318.0,22.82,37.65,62.11,4.9,7.1,True,7,,32.9,12.1,True,,1.76,0.78,0.11,37.439998626708984,False,False,False,9.456286465838938,17.783919385755162,43.068339937938106,42.052374786578696,34.28370583170567,50.432028276868884,23.507717683954017,67.52504977938686,39.80759081174106,42.052374786578696,37.847137307920825,7,True,7.1,1.0874430986794748,6.323697307358023,n/d,n/d,,,Bandeira de alta,False,False,,,Lateral,36.849998474121094,1.6010859620584128,-28.939648230521563,False,True,False,"Bandeira de alta — mastro +15%, recuo 26%, bandeira 7d (candidato)"
RADL3,BOVA11,BOVA11,Bens de primeira necessidade,44.26,42.45,54.54545454545455,,,0.0,,62.1,18.67,41.98,14.38,True,98,Bandeira de alta,,,False,6,8,False,,True,,False,False,True,False,True,True,6,11,True,True,True,False,True,True,True,False,False,True,True,1.09,True,36037332992.0,26.41,4.86,2.17,1.45,18.41,18.18,16.71,2.88,7.54,2.06,1.69,1.41,1.18,2.32,38.18,14.4,17.61,7.8,0.84,70.85,29.09,16.14,26.71,27.7,-22.8,10.5,20.33,20.83,-39.6,36.3,-12.1,16.14,26.71,-28.33,2.28,9.9,-3.43,0.37,153629557.0,15.92,25.35,40.36,9.6,6.5,True,7,,15.0,13.8,True,,1.26,0.61,0.15,20.610000610351562,False,False,False,2.1670950061123593,4.075536737301631,10.673669869415376,8.629128344256552,10.009448507096842,7.660470332645735,7.806606136036394,14.106829458242363,8.99452705499927,8.629128344256552,7.7662155098308965,7,True,6.5,-62.31821795322876,-56.35843382517084,n/d,n/d,,,Bandeira de alta,False,False,,,Em Alta,20.420000076293945,0.930462944895849,-24.02452347016153,False,True,False,"Bandeira de alta — mastro +24%, recuo 28%, bandeira 7d (candidato)"
VALE3,BOVA11+DIVO11+Wishlist,BOVA11,Materiais,44.08,48.65,18.181818181818183,,,1.0,,48.31,38.45,43.68,85.62,False,99,Não,,,False,4,8,False,,True,,False,False,False,True,False,False,2,11,True,False,True,False,False,True,True,False,False,True,True,0.41,True,308755595264.0,31.41,1.66,7.65,10.47,5.27,24.52,18.11,4.76,4.36,1.04,0.79,1.19,0.55,,328.79,-43.5,8.82,7.92,0.39,60.3,38.73,52.77,87.63,37.5,-17.2,-4.9,75.64,72.88,-20.2,26.4,3.0,69.97,87.63,-13.23,1.66,40.7,-2.69,0.78,1628044346.0,70.45,98.81,138.59,10.2,13.6,False,6,,-4.3,0.9,False,,0.84,0.56,-0.09,72.55000305175781,False,False,False,55.23090368416888,81.0053254034477,24.637589914637058,47.6585343045075,,42.66666666666667,6.2825854282324505,85.64811817045,,,,6,False,13.6,,,2026-10-29,2026-08-12,última,,,True,False,,,Lateral,80.80000305175781,-10.210395653964666,-18.59223587289479,False,False,False,sem sinal (Lateral)
MOVI3,SMALL11,SMALL11,Bens Industriais,43.82,46.74,27.272727272727273,,,0.7,,46.52,70.85,13.09,54.79,False,100,Bandeira de alta,,,False,5,8,False,,False,,False,False,True,False,True,False,3,11,True,True,True,False,True,False,True,False,False,False,False,5.54,False,3388756480.0,7.34,0.81,8.24,5.83,11.08,3.58,13.78,2.89,3.62,3.65,3.64,0.68,6.43,1.16,42.79,97.0,3.76,6.78,0.22,91.5,8.5,6.5,14.83,30.0,-43.0,-3.8,9.57,9.96,-56.2,62.8,-14.6,6.5,14.83,-30.83,3.96,-10.0,-5.96,0.2,45018598.0,4.05,9.03,20.12,0.1,4.6,True,6,,16.4,8.8,True,,2.4,0.67,0.14,8.449999809265137,False,False,False,3.5828761690472457,6.73811873082111,15.745802580330569,16.43831955816147,14.008864888208207,15.042028666846091,7.801462246925377,,12.629099445215472,14.525446777527149,13.072902099774435,6,True,4.6,54.708904081162736,49.45680154179524,n/d,n/d,,,Bandeira de alta,False,False,,,Em Alta,8.210000038146973,2.923261510390107,-43.553776496075756,False,True,False,"Bandeira de alta — mastro +32%, recuo 42%, bandeira 9d (candidato)"
BBAS3,BOVA11+DIVO11+Carteira,BOVA11,Produtos financeiros,43.5,47.25,22.22222222222222,14.56,,0.4,,37.76,51.32,50.86,72.6,False,101,Não,Bandeira de alta,"Bandeira de alta (pré-confirmação) — pescoço R$22.80, preço 0.8% acima do pescoço; falta fechar acima e segurar",False,2,6,False,,True,,False,False,False,,False,False,2,9,False,False,False,,False,,True,True,True,True,True,,True,131246997504.0,9.18,0.73,2.97,8.48,7.99,14.73,0.0,21.83,,,,,,5.19,77.88,-13.8,5.33,0.79,,92.12,7.71,17.71,27.18,29.8,-15.4,12.8,21.27,21.64,-34.8,28.6,8.5,17.71,27.18,-7.73,1.8,-14.0,-2.81,-0.08,689471418.0,17.18,24.79,35.75,2.6,1.5,True,4,,6.1,1.6,True,,1.21,0.74,-0.04,22.989999771118164,False,False,False,14.185069747880338,16.564730367704687,21.268971194462797,42.1257315008971,25.6724426942686,15.623019023939621,9.64432689689121,,16.91044758349686,16.093874695822155,14.48448722623994,4,True,1.5,-36.99657516118601,-26.444333397771114,2026-11-11,2026-09-02,última,,,False,True,22.29,3.14,Em Alta,23.200000762939453,-0.9051766591178456,-16.112603157605577,False,False,False,sem sinal (Em Alta)
SLCE3,SMALL11,SMALL11,Bens de primeira necessidade,43.12,45.92,27.272727272727273,,,0.0,,51.59,35.0,37.24,65.07,True,102,Não,Bandeira de alta,"Bandeira de alta (pré-confirmação) — pescoço R$17.90, preço 1.9% abaixo do pescoço; falta fechar acima e segurar",False,2,8,False,,True,,False,False,False,False,True,False,3,11,False,False,False,False,True,False,True,False,False,True,True,1.87,True,8709062656.0,22.7,1.63,4.55,7.05,7.16,17.38,10.84,4.41,6.88,4.42,5.6,2.2,1.82,0.94,160.02,24.2,11.97,6.41,0.63,73.5,23.57,12.62,19.32,39.1,-9.1,16.6,14.66,15.24,-34.7,25.8,18.7,12.62,19.32,2.47,1.62,10.8,-2.35,0.38,64177904.0,15.49,21.52,29.9,9.0,2.6,True,8,,0.8,25.1,False,,0.5,0.34,0.0,17.559999465942383,False,False,False,9.00285871311607,16.93118267660216,10.580417469887125,13.69332849073604,23.207047752346764,9.032508696563744,9.530360943630404,9.932821438934393,12.738815772727087,10.25661945441076,9.230957508969684,8,True,2.6,-47.43190324764459,-27.45548883737714,n/d,n/d,,,,False,False,,,Em Alta,18.43000030517578,-4.720568772801769,-9.856263456942195,False,False,False,sem sinal (Em Alta)
SUZB3,BOVA11,BOVA11,Materiais,42.61,46.92,18.181818181818183,,,1.0,,51.27,60.07,29.78,28.77,False,103,Não,Bandeira de alta,"Bandeira de alta (pré-confirmação) — pescoço R$47.25, preço 0.0% abaixo do pescoço; falta fechar acima e segurar",False,5,8,False,,False,,False,False,True,False,False,False,2,11,True,True,False,True,False,False,True,True,True,True,False,1.68,False,58191241216.0,7.43,1.22,0.01,3.06,16.44,27.73,5.54,17.08,6.48,3.68,9.14,3.38,1.99,0.59,22.76,-64.0,6.49,3.15,0.57,73.83,26.09,39.68,58.97,19.1,-19.9,10.0,47.3,47.26,-32.7,27.8,-8.9,39.68,58.97,-25.13,1.75,-9.3,-2.42,-0.53,308624624.0,31.67,45.0,63.95,0.3,9.5,False,6,,0.2,5.7,False,2025,0.43,0.27,-0.02,47.25,False,False,False,10.525701266443468,19.795109155924326,86.97955107888681,74.4421229126822,100.23335382335499,15.979577675048892,68.98027899813124,21.5623132130013,,,,6,False,9.5,,,n/d,n/d,,,,False,False,,,Em Alta,48.099998474121094,-1.7671486509057033,-20.77988727549188,False,False,False,sem sinal (Em Alta)
AXIA3,BOVA11+Carteira,BOVA11,Serviços públicos,42.02,38.2,63.63636363636363,,,0.1,,39.09,25.11,49.06,45.21,True,104,Não,Bandeira de alta,"Bandeira de alta (pré-confirmação) — pescoço R$55.36, preço 0.4% abaixo do pescoço; falta fechar acima e segurar",False,3,8,False,,True,,False,False,False,True,True,True,7,11,False,False,False,True,False,True,True,False,True,False,True,0.54,True,126551384064.0,12.83,1.27,2.82,4.28,9.86,5.35,3.25,27.05,15.46,2.95,7.36,2.05,0.63,2.88,54.87,9.7,9.47,3.03,0.39,57.63,42.34,46.51,67.15,18.6,-17.9,3.0,54.38,55.57,-27.0,37.7,10.3,49.43,67.15,-5.93,2.38,11.5,-3.11,0.29,616632336.0,39.37,65.44,108.76,5.5,3.8,True,8,,6.6,2.7,True,,1.41,0.65,0.04,55.150001525878906,False,False,False,17.152891922441775,26.488966942942223,48.2773968268955,64.80695244516778,37.5112394946796,26.777026463883885,23.934126654062055,24.918767363612705,33.73342101421069,26.632996703413056,23.96969703307175,8,True,3.8,-56.53726859495358,-38.83332714255425,2026-11-04,2025-11-17,última,,,False,True,59.55,-7.39,Em Alta,56.130001068115234,-1.7459460601952803,-18.705771664265235,False,False,False,sem sinal (Em Alta)
NATU3,BOVA11+SMALL11,BOVA11,Bens de primeira necessidade,41.54,44.95,22.22222222222222,,,0.0,P/L=-4.11<2,38.76,65.82,54.26,2.05,True,105,Não,Fundo duplo,"Fundo duplo (pré-confirmação) — pescoço R$8.73, preço 8.9% abaixo do pescoço; falta fechar acima e segurar",False,2,8,False,,False,,,,False,True,False,False,2,9,False,False,False,False,False,True,True,False,False,True,True,0.35,True,10917994496.0,-4.11,0.87,0.0,0.0,-21.11,16.32,10.18,-12.47,4.81,2.58,3.48,1.68,0.54,,,-88.9,8.38,2.55,0.77,55.21,44.79,7.2,10.7,10.4,-25.7,-9.7,8.68,8.77,-30.6,47.5,10.4,7.2,10.7,-5.83,2.99,-5.9,-4.17,-0.26,64921262.0,3.94,7.22,13.25,,1.0,True,1,,18.7,2.6,True,"2023, 2024",1.16,0.43,0.02,7.949999809265137,,False,False,,,,,,,,11.50782983821902,11.50782983821902,11.50782983821902,10.357046854397119,1,True,1.0,30.27732204882252,44.75258005424725,n/d,n/d,,,,False,False,,,Lateral,9.279999732971191,-14.331896141986489,-28.69955084076444,False,False,False,sem sinal (Lateral)
USIM5,BOVA11+SMALL11,BOVA11,Materiais,41.27,45.35,18.181818181818183,,,1.0,P/L=-3.73<2,9.76,89.49,71.0,43.84,False,106,Não,Bandeira de alta,"Bandeira de alta (pré-confirmação) — pescoço R$7.37, preço 6.3% abaixo do pescoço; falta fechar acima e segurar",False,4,8,False,,False,,False,False,False,True,True,False,2,11,False,False,False,False,True,True,True,True,False,False,True,-0.02,True,8505814016.0,-3.73,0.42,0.0,4.14,-11.18,-0.65,4.67,-9.36,3.44,-0.18,-0.44,4.44,0.27,,,301.7,5.2,1.64,1.4,33.58,58.33,4.23,12.04,63.4,-42.6,-18.5,6.64,6.96,-49.6,46.7,15.6,5.98,12.04,-0.63,2.94,42.7,-4.59,0.82,79911383.0,5.75,10.42,18.9,,4.7,True,2,,-6.8,1.5,False,2025,0.91,0.34,0.02,6.909999847412109,False,False,False,2.0812299861626857,3.9140551030091797,,,,,,9.815346072609898,2.9976425445859327,2.9976425445859327,2.6978782901273397,2,True,4.7,-60.95689797825781,-56.61877553139757,n/d,n/d,,,,False,False,,,Lateral,7.809999942779541,-11.523688885548522,-43.267654562572,False,False,False,sem sinal (Lateral)
FRAS3,SMALL11,SMALL11,Consumo discricionário,41.17,40.41,45.45454545454545,,,0.9,,52.93,17.58,46.25,29.45,False,107,Não,Bandeira de alta,"Bandeira de alta (pré-confirmação) — pescoço R$23.59, preço 0.6% abaixo do pescoço; falta fechar acima e segurar",False,6,8,False,,True,,False,False,True,False,True,False,5,11,True,False,True,False,True,True,True,True,False,True,True,0.6,True,6503508480.0,22.56,2.62,2.62,3.07,11.62,14.99,15.27,5.39,7.59,1.64,1.48,2.41,1.13,6.29,69.15,155.0,14.55,6.92,0.72,65.64,34.06,18.96,25.01,23.7,-6.2,8.8,22.03,22.3,-24.2,26.8,-1.5,18.96,24.94,-17.73,1.69,6.9,-2.58,-0.1,4285602.0,17.91,25.25,35.59,8.9,2.8,True,8,,21.5,38.5,False,,0.78,0.51,0.09,23.450000762939453,False,False,False,5.227671229337914,7.324477146107416,10.591791648783659,14.468180789509224,6.912093269777156,8.42084218873558,5.211882212915433,10.376783653311076,8.566715267309682,7.872659667421498,7.085393700679348,8,True,2.8,-69.78510247267388,-63.46816635994068,n/d,n/d,,,,False,False,,,Em Alta,23.56999969482422,-0.5091172398747013,-6.66126845446432,False,False,False,sem sinal (Em Alta)
PNVL3,SMALL11,SMALL11,Bens de primeira necessidade,40.84,35.21,72.72727272727273,,,0.0,,35.2,40.49,35.96,20.55,True,108,Bandeira de alta,,,False,4,8,False,,True,,False,False,True,False,True,True,8,11,False,True,False,False,True,False,True,True,False,False,True,0.84,True,1977733376.0,14.28,1.49,2.51,2.49,10.45,8.49,9.66,2.33,6.03,4.17,5.94,1.75,1.07,2.12,35.56,17.6,9.15,4.98,0.9,66.54,33.46,8.82,16.07,50.2,-17.6,12.4,11.65,11.82,-35.3,35.3,12.5,10.4,16.07,-3.73,2.22,22.9,-3.01,0.77,8169429.0,11.92,18.74,29.44,6.3,5.7,True,7,,11.4,11.5,False,,1.42,0.7,0.13,13.239999771118164,False,False,False,2.3979661087528044,4.509723359364145,12.681304560752915,13.615136467461072,8.552323820282444,5.720360745359328,6.517653745009947,11.670921322694433,9.038203431560612,8.552323820282444,7.6970914382541995,7,True,5.7,-41.86486728614079,-31.735622448599898,n/d,n/d,,,Bandeira de alta,False,False,,,Em Alta,13.15999984741211,0.6079021628696113,-18.74947980819419,False,True,False,"Bandeira de alta — mastro +25%, recuo 8%, bandeira 8d (candidato)"
ENGI11,BOVA11,BOVA11,Serviços públicos,40.44,41.16,36.36363636363637,,,0.1,,49.66,36.27,23.01,51.37,True,109,Fundo duplo,,,False,3,8,False,,True,,False,False,False,False,True,False,4,11,False,False,True,False,False,False,True,True,False,True,True,2.32,True,16174806016.0,17.29,1.35,2.18,5.38,7.78,17.19,10.25,4.13,6.06,4.32,5.79,1.56,1.99,31.87,93.03,7.9,24.04,4.83,0.34,74.62,23.0,42.54,57.51,24.1,-8.2,9.4,48.03,48.7,-24.1,26.7,13.4,43.67,57.51,-2.83,1.68,0.9,-2.65,0.27,178093871.0,44.69,62.9,88.52,7.5,13.9,False,7,,10.2,5.1,True,,1.31,0.86,0.04,52.810001373291016,False,False,False,20.664695218567555,21.630163881171832,23.251409927348675,51.84931903664979,18.09066698279496,23.12476910794199,9.36830366551608,129.86688950335463,,,,7,False,13.9,,,n/d,n/d,,,Fundo duplo,False,False,,,Em Alta,52.209999084472656,1.1492095371378852,-9.881928604385715,False,True,False,Fundo duplo — rompeu pescoço ~R$51.55 (candidato)
SMFT3,BOVA11+SMALL11,BOVA11,Consumo discricionário,40.15,37.61,54.54545454545455,,,0.9,,48.35,42.82,13.4,24.66,False,110,Não,,,False,1,8,False,,False,,False,False,True,False,False,True,6,11,False,False,False,False,False,False,True,False,True,False,False,1.83,False,10686897152.0,15.26,1.72,5.94,2.72,11.3,9.4,10.6,8.53,3.87,4.32,5.6,1.2,2.24,2.31,41.58,-6.3,8.69,5.98,0.3,73.66,26.34,16.55,25.93,5.5,-32.7,-6.2,19.94,20.65,-36.2,36.0,-23.2,16.55,23.32,-39.43,2.26,-30.2,-3.28,-1.17,148248283.0,7.77,12.32,19.53,6.8,4.7,True,6,,35.2,29.8,True,2023,1.27,0.62,0.07,17.459999084472656,False,False,False,3.4598698931713137,6.5067875732866955,15.649261429451666,16.165680287022855,10.670832703003196,12.83211009567858,7.9462623171997695,,11.628489067607129,11.751471399340888,10.5763242594068,6,True,4.7,-39.42540198176513,-33.39925728891673,n/d,n/d,,,,False,False,,,Lateral,17.969999313354492,-2.838064821197994,-33.628624525457596,False,False,False,sem sinal (Lateral)
EMBJ3,BOVA11,BOVA11,Bens Industriais,40.06,33.01,80.0,,,0.7,,42.92,12.34,49.3,7.53,False,111,Bandeira de alta,,,False,5,8,False,,False,,False,,True,True,True,True,8,10,False,True,False,False,True,True,True,True,False,False,True,0.14,True,70079971328.0,30.86,4.01,1.01,0.71,13.01,5.09,9.61,5.28,11.74,0.52,0.75,1.44,0.69,3.04,22.0,113.9,17.53,3.7,0.82,70.5,26.66,68.4,103.57,43.9,-4.9,17.1,84.05,84.93,-34.0,37.7,11.5,68.4,103.57,-4.73,2.37,29.8,-3.25,0.55,435897293.0,79.47,129.46,210.88,10.2,9.3,False,6,,18.6,18.5,True,,0.75,0.35,0.0,98.44999694824219,False,False,False,5.1043632599730975,9.599496066336501,43.63389156654891,41.97945720937333,34.64791646110763,17.583185141333242,29.39649398201282,47.36587765253143,,,,6,False,9.3,,,n/d,n/d,,,Bandeira de alta,False,False,,,Lateral,97.08000183105469,1.411202195454897,-6.3350171013625385,False,True,False,"Bandeira de alta — mastro +24%, recuo 30%, bandeira 7d (candidato)"
HAPV3,BOVA11+SMALL11,BOVA11,Cuidados de saúde,39.32,35.67,60.0,,,0.2,P/L=-17.98<2,11.76,81.94,47.08,4.79,True,112,Não,,,False,2,8,False,,False,,False,,False,True,True,True,6,10,False,False,False,False,True,False,True,False,False,False,True,0.17,True,3187840000.0,-17.98,0.06,0.0,0.14,-0.36,-1.11,2.12,-0.55,4.09,3.07,7.69,1.84,0.33,,,41.3,5.68,1.55,0.45,33.25,66.74,6.09,38.8,10.2,-82.7,-33.0,12.05,15.22,-84.3,78.8,-53.9,6.09,16.49,-70.13,4.97,-82.9,-6.81,-1.92,60520511.0,0.37,1.17,3.67,,228.3,False,2,,10.0,9.2,True,,1.63,0.36,0.02,6.710000038146973,False,False,False,0.06831211117160392,0.1284708413324035,,,,,,15.598540651076608,,,,2,False,228.3,,,n/d,n/d,,,,False,False,,,Em Baixa,7.329999923706055,-8.458388704124431,-83.17452392569835,False,False,False,sem sinal (Em Baixa; sem novo topo (-8.5%))
VAMO3,BOVA11+SMALL11,BOVA11,Bens Industriais,39.3,43.03,18.181818181818183,,,0.7,,50.61,48.78,26.57,27.4,False,113,Não,Bandeira de alta,"Bandeira de alta (pré-confirmação) — pescoço R$3.62, preço 1.1% acima do pescoço; falta fechar acima e segurar",False,4,8,False,,True,,False,False,False,False,False,False,2,11,True,False,True,False,False,False,True,True,False,True,False,3.87,False,4471886336.0,13.35,1.28,3.61,2.94,9.57,14.8,15.52,5.1,4.03,3.09,2.74,1.67,4.84,2.3,39.28,-1.9,6.12,7.32,0.32,88.84,11.16,2.48,4.82,47.6,-24.1,16.4,3.38,3.45,-48.5,56.8,12.6,2.48,4.82,-3.63,3.58,-28.6,-5.25,-0.05,56814036.0,1.7,3.49,7.18,5.8,14.1,False,6,,5.4,22.5,False,,2.14,0.66,0.07,3.6600000858306885,False,False,False,0.7831951017722746,1.435262520244904,3.6539156127998385,4.199781894586558,2.3997602219174654,2.6232178066352607,1.7652909868109576,11.024177273972008,,,,6,False,14.1,,,n/d,n/d,,,,False,False,,,Em Alta,3.5299999713897705,3.682722818542583,-25.910930294806022,False,False,False,sem sinal (Em Alta)
UNIP6,SMALL11+DIVO11,SMALL11,Materiais,38.76,42.39,18.181818181818183,,,1.0,,50.03,12.83,35.03,96.58,False,114,Não,,,False,4,8,False,,True,,False,False,True,False,False,False,2,11,False,True,True,False,False,False,True,True,False,True,True,1.17,True,6375786496.0,24.54,3.27,11.21,15.85,13.34,34.18,11.66,5.09,8.84,2.72,3.21,2.39,1.85,,389.01,-46.1,10.79,4.48,0.47,74.89,24.93,53.05,71.62,7.6,-20.3,-5.0,60.96,61.54,-25.5,30.4,-1.9,55.19,71.62,-18.13,1.91,-7.4,-2.88,-0.67,18395477.0,34.58,51.09,75.48,9.3,15.3,False,5,,-10.9,-5.3,False,,0.73,0.42,0.1,57.09000015258789,False,False,False,65.81706870387166,96.53170076567842,24.814995991344915,30.230139250788632,,31.018850384254566,6.327823977792954,20.88179316539446,,,,5,False,15.3,,,n/d,n/d,,,,False,False,,,Em Baixa,58.13999938964844,-1.805984258829374,-21.46854414541307,False,False,False,sem sinal (Em Baixa; sem novo topo (-1.8%))
AZZA3,BOVA11+SMALL11,BOVA11,Consumo discricionário,37.36,39.14,27.272727272727273,,,0.9,,23.9,64.38,43.32,36.3,False,115,Não,,,True,2,8,False,,True,,False,False,False,True,False,False,3,11,False,False,False,False,False,True,True,False,False,True,True,0.38,True,3028594688.0,9.11,0.37,17.31,3.54,4.03,11.4,5.88,2.85,3.55,2.74,6.4,2.26,0.49,3.34,32.23,-94.3,3.7,3.33,0.93,48.36,51.64,14.3,30.7,4.8,-51.2,-15.0,23.14,22.23,-53.4,46.1,-41.0,14.3,28.04,-57.23,2.9,-50.1,-4.32,-1.6,50731451.0,4.07,7.37,13.33,2.5,12.6,False,4,,40.8,41.0,False,"2024, 2025",1.32,0.5,0.01,14.979999542236328,False,False,False,3.8540255065335094,4.94068412691113,15.33074392045133,38.702855512714045,10.308103689194114,48.42597750577916,7.346931069908375,28.33463524533927,,,,4,False,12.6,,,n/d,n/d,,,,False,False,,,Em Baixa,17.690000534057617,-15.319394629773287,-51.86563107598482,False,False,False,sem sinal (Em Baixa; sem novo topo (-15.3%)) · ⚡ cruzamento de médias (MM21>MM30) hoje
ARML3,SMALL11,SMALL11,Bens Industriais,36.97,37.08,36.36363636363637,,,0.7,,32.55,47.9,27.63,49.32,False,116,Não,Bandeira de alta,"Bandeira de alta (pré-confirmação) — pescoço R$4.20, preço 8.1% acima do pescoço; falta fechar acima e segurar",False,2,8,False,,True,,False,False,False,False,True,False,4,11,False,False,False,False,False,False,True,True,False,True,False,1.74,False,1570994176.0,22.75,1.03,11.48,4.81,4.51,11.22,9.85,3.11,5.04,3.29,4.59,1.89,2.12,1.09,109.37,20.9,4.09,5.25,0.54,75.09,23.96,2.71,6.17,67.8,-26.4,30.9,3.79,3.98,-54.6,60.0,8.5,2.8,6.17,-7.73,3.78,-4.2,-5.46,0.53,3920966.0,2.79,5.99,12.86,9.0,4.3,True,8,,25.6,6.9,True,2025,1.94,0.56,0.04,4.539999961853027,False,False,False,1.5873955411931755,2.9853277435987784,2.729471795569916,4.448747893937822,5.130228039302612,2.637367048845283,2.4585845947265623,6.822188185492537,3.599913855333336,2.8573997695843474,2.571659792625913,8,True,4.3,-43.35551069969007,-20.706742608341123,n/d,n/d,,,,False,False,,,Em Alta,4.130000114440918,9.927356805112609,-27.936510723764606,False,False,False,sem sinal (Em Alta)
RAPT4,SMALL11,SMALL11,Bens Industriais,36.94,40.25,18.181818181818183,,,0.7,P/L=-4.98<2,18.86,83.66,30.97,46.58,False,117,Bandeira de alta,,,False,1,8,False,,False,,False,False,False,False,True,False,2,11,False,False,False,False,False,False,True,False,False,False,False,1.87,False,1792255104.0,-4.98,0.57,0.0,4.31,-11.45,8.95,9.51,-2.65,3.88,3.04,4.4,2.12,2.11,,,0.9,5.38,5.22,0.76,74.66,17.25,4.35,6.85,18.2,-25.0,5.2,5.46,5.54,-36.5,40.0,-5.9,4.35,6.84,-22.13,2.52,-29.4,-4.06,-0.8,14449905.0,2.36,3.96,6.62,,11.0,False,2,,5.6,10.3,False,2025,1.33,0.58,-0.01,5.139999866485596,False,False,False,1.61085938884958,1.7391953654515067,,,,,,17.677932371176357,,,,2,False,11.0,,,n/d,n/d,,,Bandeira de alta,False,False,,,Lateral,5.159999847412109,-0.3875965410453319,-26.780628483602808,False,True,False,"Bandeira de alta — mastro +17%, recuo 31%, bandeira 7d (candidato)"
AUAU3,SMALL11,SMALL11,Consumo discricionário,36.64,31.34,66.66666666666667,,,0.9,,30.09,43.47,29.86,9.59,False,118,Não,Bandeira de alta,"Bandeira de alta (pré-confirmação) — pescoço R$4.15, preço 0.8% acima do pescoço; falta fechar acima e segurar",False,2,8,False,,,,,,False,True,True,,2,3,False,False,False,False,False,True,True,False,False,False,True,0.5,True,3598117888.0,18.79,1.13,0.72,0.9,6.04,,7.01,3.84,4.0,2.55,4.99,1.26,0.7,3.75,16.99,22.2,11.93,5.61,,,,2.8,4.2,49.0,-0.5,23.2,3.28,3.35,-27.2,40.9,9.0,2.8,4.2,-7.23,2.58,,-3.63,0.17,17240131.0,2.79,4.72,7.98,8.0,18.1,False,4,,,,,,1.01,0.46,0.07,4.179999828338623,,False,False,0.2749153429925706,0.4543789612645107,2.674028437956992,4.302936243537793,1.3165090412430271,0.6616011356535171,1.3189013113953476,4.97064329152462,,,,4,False,18.1,,,n/d,n/d,,,,False,False,,,Em Alta,4.199999809265137,-0.47619004368509854,-3.2407485592509278,False,False,False,sem sinal (Em Alta)
RAIL3,BOVA11,BOVA11,Bens Industriais,36.42,34.82,45.45454545454545,,,0.7,,49.27,27.57,22.26,13.01,False,119,Bandeira de alta,,,False,2,8,False,,False,,False,False,False,False,True,True,5,11,False,False,False,False,True,False,True,False,True,False,False,1.64,False,28596637696.0,22.68,1.92,0.72,1.31,8.48,1.9,12.06,8.53,6.18,3.16,3.6,1.31,2.01,3.81,29.71,56.8,11.43,7.07,0.25,73.88,25.74,12.33,17.04,25.0,-9.6,8.8,15.06,14.99,-27.6,33.9,5.2,12.33,17.04,-11.03,2.13,-6.1,-3.07,-0.19,160266987.0,10.14,15.65,24.16,8.9,9.6,False,7,,12.1,-0.6,True,,1.08,0.55,0.01,15.40999984741211,False,False,False,1.468333459149576,2.746279229062342,9.242232360803506,11.076989754343781,4.939880142952641,7.687739230729368,4.439912407205947,14.085441910233419,,,,7,False,9.6,,,n/d,n/d,,,Bandeira de alta,False,False,,,Em Alta,15.300000190734863,0.7189519954637458,-11.072205046052508,False,True,False,"Bandeira de alta — mastro +18%, recuo 32%, bandeira 7d (candidato)"
CBAV3,SMALL11,SMALL11,Materiais,36.29,37.88,27.272727272727273,,,1.0,,37.81,41.34,38.58,28.08,False,120,Não,,,False,4,8,False,,False,,False,False,True,True,True,False,3,11,False,True,False,False,True,False,True,True,False,False,True,0.57,True,7324568064.0,12.25,1.45,0.39,3.04,11.81,-1.32,6.25,6.41,6.55,1.95,4.29,2.06,0.89,1.65,37.26,28.1,9.62,3.49,0.48,67.68,30.73,3.52,11.25,220.0,0.0,3.4,10.3,8.92,-15.2,31.6,60.5,7.01,11.25,44.27,1.99,188.6,-2.36,3.11,24161818.0,22.03,32.81,48.87,5.2,16.0,False,6,,-0.1,7.5,False,,0.2,0.11,0.02,11.25,False,False,False,2.488394267463567,4.679786638487934,12.560895325872284,12.661691740044676,9.598172732606198,0.7921843532466382,6.853208544485975,7.362839145366028,,,,6,False,16.0,,,n/d,n/d,,,,False,False,,,Em Alta,11.25,0.0,-0.08881197760711723,False,False,False,sem sinal (Em Alta)
POSI3,SMALL11,SMALL11,Tecnologia de informação,35.9,35.82,36.36363636363637,,,0.5,,20.38,52.61,35.66,63.7,False,121,Não,Fundo duplo,"Fundo duplo (pré-confirmação) — pescoço R$4.10, preço 16.3% abaixo do pescoço; falta fechar acima e segurar",False,0,8,False,,True,,False,False,False,True,True,False,4,11,False,False,False,False,False,False,False,False,False,True,False,0.5,True,474954624.0,38.91,0.31,5.25,6.91,0.8,10.68,6.93,0.36,3.76,3.07,6.09,1.82,0.81,3.38,268.83,11.5,2.03,3.74,0.97,64.77,35.23,3.28,4.72,4.6,-27.3,-8.3,4.05,4.0,-30.5,36.9,-12.9,3.28,4.72,-29.13,2.32,-22.5,-3.88,-0.86,2498911.0,1.66,2.68,4.31,10.9,20.0,False,6,,-11.2,-7.6,False,,1.05,0.5,-0.14,3.430000066757202,False,False,False,1.7235060622818263,3.2413033364848536,1.2056938910347732,4.6846152218001915,1.6228015709093533,0.7445919647652398,0.8885736487512877,14.863122052877554,,,,6,False,20.0,,,n/d,n/d,,,,False,False,,,Lateral,3.509999990463257,-2.2792001117782346,-28.541668115390618,False,False,False,sem sinal (Lateral)
TIMS3,BOVA11+DIVO11+AUVP11,BOVA11,Comunicação,35.88,30.98,63.63636363636363,,,0.4,,30.27,8.28,37.74,77.4,False,122,Não,Bandeira de alta,"Bandeira de alta (pré-confirmação) — pescoço R$19.68, preço 1.1% abaixo do pescoço; falta fechar acima e segurar",False,3,8,False,,True,,False,False,False,True,True,True,7,11,False,False,False,True,True,False,True,False,True,True,True,0.49,True,46483501056.0,3390.0,1.85,7.58,8.96,0.05,11.85,0.76,15.78,118.42,1.05,2.63,0.85,0.66,1356.0,30364.41,2.5,9.21,7.75,0.43,57.89,42.11,17.94,27.96,8.5,-30.4,-7.9,22.48,22.89,-35.8,28.4,-8.8,17.94,27.96,-25.03,1.79,-13.8,-2.8,-0.67,116695148.0,12.3,17.73,25.56,,43.2,False,3,,7.3,4.6,True,,0.78,0.48,0.09,19.459999084472656,False,False,False,12.676673482845967,15.88105483545425,,,,30.75,,0.7125780959271701,,,,3,False,43.2,,,n/d,n/d,,,,False,False,,,Em Alta,19.639999389648438,-0.9164985273403481,-31.35713711663112,False,False,False,sem sinal (Em Alta)
YDUQ3,BOVA11+SMALL11,BOVA11,Consumo discricionário,35.56,33.81,45.45454545454545,,,0.9,,33.69,39.08,25.21,38.36,False,123,Não,Bandeira de alta,"Bandeira de alta (pré-confirmação) — pescoço R$10.19, preço 9.3% acima do pescoço; falta fechar acima e segurar",False,1,8,False,,False,,False,False,False,False,True,True,5,11,False,False,False,False,False,False,True,False,False,False,False,1.48,True,2834633984.0,25.59,1.0,5.37,3.6,3.89,5.03,11.35,2.04,4.16,3.14,3.8,1.61,1.72,83.61,92.13,1.0,5.08,7.39,0.4,70.08,29.69,7.32,14.76,52.2,-24.5,24.4,11.44,10.97,-50.4,47.1,-8.6,7.32,14.76,-24.83,2.97,-41.0,-4.69,-0.44,52471723.0,5.07,9.3,17.05,9.5,9.8,False,6,,6.5,3.2,True,,1.59,0.59,0.01,11.140000343322754,False,False,False,2.916922195523509,2.992455475257473,3.247992908085123,10.445790714640605,1.7005490884213663,5.871821173353974,1.2693551529410232,12.395199354609076,,,,6,False,9.8,,,n/d,n/d,,,,False,False,,,Em Alta,10.600000381469727,5.094339079430821,-27.141920398195516,False,False,False,sem sinal (Em Alta)
SIMH3,SMALL11,SMALL11,Industrials,35.5,36.95,27.272727272727273,,,0.7,P/L=-24.43<2,26.18,80.4,16.81,17.12,False,124,Bandeira de alta,,,False,5,8,False,,False,,False,False,False,False,True,False,3,11,False,True,True,False,True,False,True,True,False,False,False,7.83,False,4827689472.0,-24.43,0.76,2.25,2.26,-3.1,-1.12,11.25,-0.4,3.82,3.53,4.31,1.28,6.05,,,8.8,2.63,6.03,0.36,91.64,5.09,5.63,14.3,46.9,-42.1,3.8,10.05,9.83,-60.6,59.2,-19.2,5.63,13.96,-35.43,3.73,-47.2,-5.63,-0.51,25025416.0,2.76,5.9,12.62,,40.0,False,2,,21.8,6.8,True,,2.4,0.71,0.03,8.270000457763672,False,False,False,1.361629585979968,2.560742092342972,,,,,,54.48579578631433,,,,2,False,40.0,,,n/d,n/d,,,Bandeira de alta,False,False,,,Em Alta,8.329999923706055,-0.7202817105872006,-43.39219004340343,False,True,False,"Bandeira de alta — mastro +45%, recuo 30%, bandeira 12d (candidato)"
BRAP4,BOVA11+SMALL11+DIVO11,BOVA11,Basic Materials,35.36,35.72,33.333333333333336,,,1.0,DY5a=24.4%>=20,13.58,44.39,74.72,,False,125,Não,Fundo triplo,"Fundo triplo (pré-confirmação) — pescoço R$22.00, preço 5.0% abaixo do pescoço; falta fechar acima e segurar",False,4,6,False,,True,,False,False,False,True,,False,3,9,False,True,True,False,,,True,True,False,True,True,,True,8219650048.0,14.26,1.04,11.12,24.37,7.26,23.82,-0.47,0.0,-217.08,,,5.68,0.0,1.96,347.57,,2.79,-0.74,,4.4,95.6,15.04,25.49,39.0,-18.0,-5.3,21.92,21.0,-20.8,26.1,4.1,20.08,25.49,-12.13,1.65,39.2,-2.52,0.86,42727009.0,20.73,28.99,40.53,6.3,6.5,True,6,,-44.5,-48.8,True,,0.93,0.62,-0.1,20.90999984741211,False,False,False,37.06547105003473,69.70699878119434,20.05573889359529,25.75543303948213,43.990182007178355,15.342069641277186,10.801642557922621,,25.501756198248387,22.90558596653871,20.61502736988484,6,True,6.5,-1.4106766125288939,21.95961924602581,n/d,n/d,,,,False,False,,,Lateral,22.979999542236328,-9.007831749603135,-18.415916769048057,False,False,False,sem sinal (Lateral)
TTEN3,SMALL11,SMALL11,Bens de primeira necessidade,34.16,30.56,54.54545454545455,,,0.0,,35.06,36.24,23.5,10.27,True,126,Não,,,False,2,8,False,,True,,False,True,True,False,False,True,6,11,False,True,False,False,False,False,True,False,False,True,False,0.75,True,5274583040.0,8.81,1.04,1.76,0.96,11.76,18.41,4.0,3.22,16.59,7.48,18.7,1.36,1.03,0.82,8.44,-37.8,5.47,1.74,0.97,64.13,35.82,9.93,17.74,6.2,-40.5,-23.7,15.41,14.86,-44.0,38.7,-35.8,9.93,17.74,-52.03,2.44,-21.4,-3.19,-0.96,18449323.0,4.66,7.74,12.85,2.2,22.5,False,4,,33.6,28.1,True,,0.86,0.39,0.0,10.550000190734863,False,False,False,0.7352109888149267,1.3826709886422652,16.37874878573315,16.532521748336716,14.041260691386743,1.7584340923187227,11.509238149777808,,,,,4,False,22.5,,,n/d,n/d,,,,False,False,,,Em Baixa,11.960000038146973,-11.78929634544189,-41.061450192359835,False,False,False,sem sinal (Em Baixa; sem novo topo (-11.8%))
CASH3,SMALL11,SMALL11,Comunicação,33.92,29.32,60.0,,,0.4,P/L=-5.94<2,0.88,48.34,83.17,2.05,False,127,Não,Bandeira de alta,"Bandeira de alta (pré-confirmação) — pescoço R$5.49, preço 2.3% acima do pescoço; falta fechar acima e segurar",False,2,8,False,,False,,False,,False,True,True,True,6,10,False,False,False,False,True,True,False,False,False,False,True,-0.29,True,584404096.0,-5.94,1.39,0.0,0.0,-23.45,-3.01,-16.62,-20.31,-9.38,-1.12,-2.8,2.68,0.0,,,18.2,6.52,9.61,1.74,18.27,80.69,3.24,5.91,73.1,-5.1,21.9,4.12,4.23,-33.2,51.0,46.5,3.24,5.91,30.27,3.21,28.4,-4.85,0.48,8725602.0,3.77,7.23,13.84,,,True,0,,12.9,26.1,False,,0.86,0.3,0.03,5.610000133514404,False,False,False,,,,,,,,,,,,0,True,,,,n/d,n/d,,,,False,False,,,Em Alta,5.730000019073486,-2.094238833501527,-6.499997774759924,False,False,False,sem sinal (Em Alta)
MBRF3,BOVA11+DIVO11,BOVA11,Bens de primeira necessidade,33.54,37.85,9.090909090909092,,,0.0,,41.35,32.39,6.09,99.32,True,128,Não,,,False,1,8,False,,False,,False,False,False,False,False,False,1,11,False,False,False,False,False,False,True,False,False,True,True,4.46,False,23465168896.0,63.76,2.04,0.0,18.24,3.2,39.26,6.29,0.22,5.81,4.84,10.57,1.05,5.39,,1162.9,-51.3,10.4,2.68,0.43,89.92,7.97,14.52,27.52,16.0,-38.8,0.8,18.18,18.22,-47.2,55.6,-14.3,14.52,22.33,-30.53,3.5,-29.0,-4.55,-0.86,79880442.0,5.06,10.28,20.91,12.0,45.6,False,4,,9.4,9.9,False,,0.96,0.3,0.02,16.84000015258789,False,False,False,22.33752212587857,32.76169911795524,2.817231309508639,7.003967339638012,,2.952219479501717,0.718393983924703,16.84000015258789,,,,4,False,45.6,,,n/d,n/d,,,,False,False,,,Lateral,18.5,-8.972972148173564,-39.11785883771993,False,False,False,sem sinal (Lateral)
JSLG3,SMALL11,SMALL11,Bens Industriais,32.91,35.51,18.181818181818183,,,0.7,P/L=-16.50<2,20.41,57.13,13.63,93.15,False,129,Não,,,False,1,8,False,,True,,False,False,False,False,False,False,2,11,False,False,False,False,False,False,True,False,False,True,False,5.26,False,1889142272.0,-16.5,1.46,31.77,13.9,-8.83,13.19,9.68,-1.07,4.33,4.15,5.9,1.38,6.52,,,-44.0,3.77,4.78,0.43,89.08,10.92,3.88,8.64,70.7,-23.4,12.9,5.76,5.99,-44.7,59.4,9.2,4.78,8.64,-7.03,3.74,10.5,-5.48,0.62,5048978.0,4.35,9.25,19.68,,9.7,False,2,,17.0,6.5,True,2023,2.07,0.61,0.15,6.619999885559082,False,False,False,6.694545524279123,9.818666768942714,,,,,,65.2121212352835,,,,2,False,9.7,,,n/d,n/d,,,,False,False,,,Em Alta,6.190000057220459,6.946685369365069,-24.94330935811877,False,False,False,sem sinal (Em Alta)
CSNA3,BOVA11+SMALL11,BOVA11,Materiais,32.76,36.94,9.090909090909092,,,1.0,P/L=-2.95<2,15.09,76.84,7.42,94.52,False,130,Não,Bandeira de alta,"Bandeira de alta (pré-confirmação) — pescoço R$6.46, preço 3.6% abaixo do pescoço; falta fechar acima e segurar",False,2,8,False,,False,,False,False,False,False,True,False,1,11,False,False,False,False,False,False,True,True,False,False,False,3.31,False,8261565440.0,-2.95,0.64,0.0,15.41,-21.59,-7.63,8.07,-5.82,4.36,5.46,9.3,1.15,3.57,,,5.7,-15.65,2.17,0.39,84.35,12.8,4.28,10.89,45.6,-42.8,10.8,6.79,7.26,-60.7,57.2,-28.4,4.28,10.89,-44.63,3.6,-40.6,-6.09,-0.41,144413502.0,2.3,4.8,10.02,,1.8,True,2,,0.3,2.5,False,2024,1.69,0.51,-0.06,6.230000019073486,False,False,False,6.982574972398716,12.606583727341594,,,,,,,9.794579349870155,9.794579349870155,8.815121414883139,2,True,1.8,41.494725327370176,57.21636147485576,n/d,n/d,,,,False,False,,,Em Alta,7.190000057220459,-13.351878032085773,-44.96466265876319,False,False,False,sem sinal (Em Alta)
MYPK3,SMALL11,SMALL11,Consumo discricionário,32.5,35.03,18.181818181818183,,,0.9,,23.93,53.59,28.31,52.05,False,131,Não,Fundo duplo,"Fundo duplo (pré-confirmação) — pescoço R$9.71, preço 2.8% abaixo do pescoço; falta fechar acima e segurar",False,1,8,False,,True,,False,False,False,False,True,False,2,11,False,False,False,False,False,False,True,False,False,False,True,0.95,True,1413826560.0,15.5,0.35,3.33,5.39,2.23,4.01,8.93,0.6,3.51,2.9,4.46,1.73,1.23,42.39,83.6,0.1,4.19,3.75,0.65,66.29,30.03,8.74,13.07,8.0,-27.7,1.8,9.82,9.91,-33.1,29.0,-3.9,8.74,11.05,-20.13,1.82,-30.4,-2.85,-1.46,7029258.0,4.7,6.81,9.87,6.9,11.8,False,6,,-3.2,0.2,False,2024,0.83,0.5,0.01,9.4399995803833,False,False,False,3.7029865043137233,3.818070227687539,4.566982650150338,19.224867832553212,3.5076210210869636,7.740749134442748,1.799104396765451,21.237930718096802,,,,6,False,11.8,,,n/d,n/d,,,,False,False,,,Lateral,9.989999771118164,-5.5055075409006005,-29.686434385344107,False,False,False,sem sinal (Lateral)
DXCO3,SMALL11,SMALL11,Materiais,31.75,32.54,27.272727272727273,,,1.0,P/L=-143.22<2,13.51,69.57,27.51,35.62,False,132,Bandeira de alta,,,False,2,8,False,,True,,False,False,False,False,True,False,3,11,False,False,False,False,False,False,True,True,False,False,False,0.88,True,5183941632.0,-143.22,0.75,0.0,3.49,-0.52,6.92,4.35,-0.43,4.96,3.22,8.04,1.98,1.19,,,5.2,10.32,2.48,0.51,62.06,36.03,4.44,6.09,28.7,-6.2,12.5,5.0,5.07,-26.8,32.9,13.7,4.46,6.09,-2.53,2.08,-5.4,-3.39,-0.01,9665302.0,4.05,6.18,9.42,,3.9,True,3,,-0.9,0.2,False,,1.15,0.61,-0.06,5.710000038146973,False,False,False,1.44943417723343,2.452171388734686,,,,,,5.710000038146973,3.203868534705029,2.452171388734686,2.2069542498612176,3,True,3.9,-61.34931287010244,-43.89021868124613,n/d,n/d,,,Bandeira de alta,False,False,,,Em Alta,5.730000019073486,-0.34903980558358416,-8.199353203337711,False,True,False,"Bandeira de alta — mastro +20%, recuo 28%, bandeira 7d (candidato)"
SOJA3,SMALL11,SMALL11,Bens de primeira necessidade,31.31,32.02,27.272727272727273,,,0.0,,28.78,27.78,40.44,40.41,True,133,Bandeira de alta,,,False,2,8,False,,True,,False,False,False,False,False,False,3,11,False,False,False,False,False,False,True,True,False,True,True,0.66,True,1098872192.0,46.43,0.8,3.73,3.84,1.73,13.98,5.66,0.87,10.0,4.31,10.48,2.98,1.47,,178.38,-31.0,7.91,2.9,1.35,45.47,36.89,4.98,10.46,56.4,-25.5,22.6,7.91,7.65,-52.4,45.6,-12.9,4.98,9.02,-29.13,2.87,-36.8,-3.72,-0.65,5863935.0,3.36,6.01,10.76,11.4,13.3,False,5,,14.2,42.9,False,2023,0.9,0.34,0.04,7.789999961853027,False,False,False,2.176638863946349,3.192403667121312,1.789647489261949,6.0629554804185775,,1.0522259290281606,0.45636010976179703,2.049994962369734,,,,5,False,13.3,,,n/d,n/d,,,Bandeira de alta,False,False,,,Em Alta,8.100000381469727,-3.827165494039775,-25.495700710491885,False,True,False,"Bandeira de alta — mastro +63%, recuo 20%, bandeira 7d (candidato)"
BRAV3,BOVA11+SMALL11,BOVA11,Energia,31.12,29.55,40.0,,,0.9,,21.94,58.47,19.48,11.64,False,134,Não,,,False,1,8,False,,False,,False,,False,False,False,True,4,10,False,False,False,False,False,False,True,False,False,False,False,1.17,True,8083049984.0,148.01,0.66,0.71,1.08,0.44,3.55,8.3,0.44,3.13,3.05,5.05,1.26,1.55,,159.87,-17.3,6.87,3.71,0.27,72.43,27.57,13.35,21.64,30.4,-19.6,-8.9,18.28,17.86,-29.3,37.7,5.0,15.6,21.64,-11.23,2.37,0.7,-4.07,-0.37,71816754.0,9.99,16.21,26.3,13.0,26.1,False,4,,89.0,33.2,True,2023,0.54,0.25,0.15,17.399999618530273,False,False,False,1.3668590403318455,2.004726592486707,1.2539692989054092,8.350702285370183,,1.6666666666666667,0.3197621712208793,,,,,4,False,26.1,,,n/d,n/d,,,,False,False,,,Em Baixa,18.920000076293945,-8.033829025551519,-21.42698969170326,False,False,False,sem sinal (Em Baixa; sem novo topo (-8.0%))
DESK3,SMALL11,SMALL11,Comunicação,30.9,31.54,27.272727272727273,,,0.4,,38.11,27.36,34.33,6.85,False,135,Não,,,False,3,8,False,,True,,False,False,False,False,False,False,3,11,False,True,True,False,False,False,True,False,False,False,True,0.9,True,2249714944.0,40.46,1.58,0.95,0.48,3.91,6.21,11.53,4.4,5.35,2.09,2.49,1.41,1.21,12.85,19.49,-50.0,11.38,6.52,0.32,62.73,36.49,8.21,19.45,135.6,-0.5,6.2,17.52,16.49,-28.0,58.5,15.4,13.18,19.45,-0.83,3.68,129.7,-3.69,1.54,11320728.0,21.35,45.75,98.03,11.0,28.7,False,4,,19.7,7.9,True,2023,0.58,0.17,0.16,19.350000381469727,False,False,False,0.6779541467196206,0.906923187913212,4.652887861575536,11.479705696919128,1.7358700924022765,0.6735777564590906,2.26434303181331,19.350000381469727,,,,4,False,28.7,,,n/d,n/d,,,,False,False,,,Em Alta,19.450000762939453,-0.5141407585971369,-1.225113676614542,False,False,False,sem sinal (Em Alta)
PRNR3,SMALL11,SMALL11,Bens Industriais,30.81,31.43,27.272727272727273,,,0.7,,37.65,25.95,32.48,15.07,False,136,Não,Bandeira de alta,"Bandeira de alta (pré-confirmação) — pescoço R$18.08, preço 5.8% acima do pescoço; falta fechar acima e segurar",False,1,8,False,,False,,False,False,False,False,True,False,3,11,False,False,False,False,False,False,True,False,False,False,True,1.38,True,1089976832.0,23.57,2.16,0.0,1.69,9.17,4.0,10.43,2.55,5.92,2.44,3.22,1.85,1.76,4.27,39.82,27.8,5.46,6.01,0.64,70.26,25.54,14.63,21.97,30.7,-13.0,5.1,17.8,17.88,-27.0,33.9,20.0,15.76,21.97,3.77,2.13,0.7,-3.21,0.17,8412300.0,14.26,21.97,33.85,9.1,8.1,False,7,,24.3,42.1,False,2025,1.18,0.61,0.04,19.1200008392334,False,False,False,2.349073824978576,4.1406047953759835,10.399027852009475,12.710788700280158,5.8471982099681385,5.530120150049153,5.07163208233478,19.1200008392334,,,,7,False,8.1,,,n/d,n/d,,,,False,False,,,Lateral,18.399999618530273,3.913050193642542,-13.444994535260568,False,False,False,sem sinal (Lateral)
LWSA3,SMALL11,SMALL11,Tecnologia de informação,30.68,32.89,18.181818181818183,,,0.5,P/L=-10.80<2,11.76,60.21,49.38,26.71,False,137,Pivô de alta,,,False,2,7,False,,False,,False,False,False,True,True,False,2,11,False,False,False,False,True,,True,False,False,False,True,,True,2238746112.0,-10.8,0.91,7.82,2.93,-8.41,-2.3,5.89,-13.29,5.61,,,1.18,0.03,,,108.1,11.08,-3.98,1.15,32.17,67.83,3.38,4.67,18.0,-14.5,3.6,3.87,3.89,-27.5,43.6,3.8,3.38,4.67,-12.43,2.75,-0.0,-4.42,-0.14,12355777.0,2.24,3.92,6.86,,1.9,True,2,,9.4,8.6,True,2024,1.28,0.51,0.05,3.990000009536743,False,False,False,0.8513648790034799,1.6011152401904154,,,,,,,1.2262400595969476,1.2262400595969476,1.1036160536372528,2,True,1.9,-72.34044984963828,-69.2671664995981,n/d,n/d,,,Pivô de alta,False,False,,,Lateral,4.309999942779541,-7.424592517196837,-16.013709569383227,False,True,False,Pivô de alta
CAML3,SMALL11,SMALL11,Bens de primeira necessidade,28.64,30.49,18.181818181818183,,,0.0,,24.48,38.91,24.77,47.95,True,138,Não,Bandeira de alta,"Bandeira de alta (pré-confirmação) — pescoço R$5.17, preço 1.0% abaixo do pescoço; falta fechar acima e segurar",False,1,8,False,,True,,False,False,False,False,False,False,2,11,False,False,False,False,False,False,True,False,False,False,False,1.5,True,1746284672.0,15.46,0.57,6.02,4.68,3.69,8.66,5.74,0.99,7.85,5.55,13.3,1.87,1.99,15.14,72.33,-58.5,4.82,3.09,0.76,72.01,27.99,4.18,7.12,22.5,-28.1,1.5,5.32,5.44,-41.3,43.1,-3.8,4.18,7.12,-20.03,2.71,-1.0,-3.35,0.01,4048968.0,3.06,5.37,9.4,6.8,14.3,False,6,,2.9,-9.4,True,,1.4,0.57,0.08,5.119999885559082,False,False,False,1.7420468562629343,1.901011139705919,2.628346346346341,8.181238203676198,1.8875354349923619,1.9675819604898572,1.1172327271407057,0.5715305102118865,,,,6,False,14.3,,,n/d,n/d,,,,False,False,,,Em Alta,5.349999904632568,-4.299065853708317,-28.87926213853441,False,False,False,sem sinal (Em Alta)
LJQQ3,SMALL11,SMALL11,Consumo discricionário,28.64,31.93,10.0,,,0.9,P/L=-1.23<2,6.43,88.41,12.43,44.52,False,139,Não,Bandeira de alta,"Bandeira de alta (pré-confirmação) — pescoço R$1.37, preço 1.5% abaixo do pescoço; falta fechar acima e segurar",False,0,8,False,,False,,False,,False,False,True,False,1,10,False,False,False,False,False,False,False,False,False,False,False,5.85,False,279338304.0,-1.23,0.83,0.0,4.16,-67.62,-9.94,2.03,-6.88,1.0,34.56,86.39,1.77,7.9,,,8.8,19.29,-0.01,0.82,89.26,10.74,0.96,2.83,40.6,-52.3,4.2,2.04,1.85,-66.1,63.0,-35.7,0.96,2.65,-51.93,3.97,-63.3,-6.16,-1.08,2349067.0,0.28,0.64,1.46,,1.9,True,2,,6.4,4.6,True,2025,2.05,0.57,-0.03,1.350000023841858,False,False,False,0.4080133834418557,0.7673283953116189,,,,,,,0.5876708893767373,0.5876708893767373,0.5289038004390636,2,True,1.9,-60.821941400126924,-56.46882377791881,n/d,n/d,,,,False,False,,,Em Alta,1.3700000047683716,-1.4598526172921567,-52.96166976749286,False,False,False,sem sinal (Em Alta)
EQTL3,BOVA11,BOVA11,Serviços públicos,28.28,26.85,36.36363636363637,,,0.1,,33.2,20.55,18.79,30.14,True,140,Bandeira de alta,,,False,1,8,False,,True,,False,False,False,False,False,True,4,11,False,False,False,False,False,False,True,False,False,False,True,2.15,True,50503208960.0,52.0,1.91,3.99,3.15,3.67,8.85,9.18,1.75,8.24,4.81,7.2,1.57,2.27,,163.97,-54.9,24.36,4.62,0.33,74.15,23.5,33.78,45.35,19.0,-11.4,3.9,38.93,38.92,-24.5,25.6,5.0,34.23,45.35,-11.23,1.61,2.9,-2.88,0.16,353217230.0,33.48,46.51,64.62,11.6,21.1,False,5,,23.4,18.5,True,,1.2,0.82,0.02,40.20000076293945,False,False,False,9.219038148215647,13.521255950716283,8.246154002654247,19.13370020381061,,6.267048420977274,2.1027692706768333,44.418514932811,,,,5,False,21.1,,,n/d,n/d,,,Bandeira de alta,False,False,,,Em Alta,40.099998474121094,0.2493822758694142,-13.212433014261471,False,True,False,"Bandeira de alta — mastro +20%, recuo 26%, bandeira 7d (candidato)"
MRVE3,BOVA11+SMALL11,BOVA11,Consumo discricionário,28.03,31.21,10.0,,,0.9,P/L=-5.11<2,14.42,69.15,25.51,23.29,False,141,Não,Bandeira de alta,"Bandeira de alta (pré-confirmação) — pescoço R$5.72, preço 8.0% abaixo do pescoço; falta fechar acima e segurar",False,1,8,False,,False,,False,,False,False,True,False,1,10,False,False,False,False,False,False,True,False,False,False,False,1.18,True,2960509184.0,-5.11,0.64,0.0,2.69,-12.58,-7.71,6.84,-4.93,5.36,3.03,6.1,1.89,1.69,,,10.7,3.08,3.75,0.89,78.42,18.67,4.2,10.43,25.2,-49.6,-2.2,7.31,6.98,-59.7,48.8,-31.9,4.2,10.43,-48.13,3.07,-33.0,-5.01,-0.8,71043110.0,1.94,3.64,6.8,,2.7,True,3,,18.0,21.1,False,"2024, 2025",1.6,0.57,0.07,5.260000228881836,False,False,False,1.0289530571091368,1.9350955880471825,,,,,,2.808273815536955,1.9241074868977581,1.9350955880471825,1.7415860292424643,3,True,2.7,-66.89000088479675,-63.420011346524554,n/d,n/d,,,,False,False,,,Em Alta,5.809999942779541,-9.466432346203801,-50.04747994046102,False,False,False,sem sinal (Em Alta)
DASA3,SMALL11,SMALL11,Cuidados de saúde,27.73,32.62,0.0,,,0.2,P/L=-3.97<2,17.22,77.9,22.85,8.22,True,142,Não,Bandeira de alta,"Bandeira de alta (pré-confirmação) — pescoço R$2.88, preço 12.2% acima do pescoço; falta fechar acima e segurar",False,2,8,False,,False,,False,,False,False,False,False,0,10,False,False,False,False,False,False,True,True,False,False,True,0.98,True,4036940288.0,-3.97,0.52,0.0,0.81,-13.13,-13.32,7.28,-9.6,4.23,4.54,8.58,1.27,1.12,,,-9.8,14.17,3.53,0.48,62.87,36.98,1.29,4.6,150.4,-29.8,15.1,2.95,2.95,-54.1,87.3,-27.9,2.11,4.52,-44.13,5.5,85.6,-7.15,1.24,2471896.0,2.48,7.53,22.86,,1.5,True,2,,-5.2,-27.1,True,2023,2.0,0.4,0.09,3.2300000190734863,False,False,False,0.18988588580935606,0.2784992991870556,,,,,,,0.23419259249820584,0.23419259249820584,0.21077333324838526,2,True,1.5,-93.47450984508524,-92.74945538342804,n/d,n/d,,,,False,False,,,Em Alta,2.869999885559082,12.543559159211437,-32.285114633352705,False,False,False,sem sinal (Em Alta)
MGLU3,BOVA11+SMALL11,BOVA11,Consumo discricionário,27.33,30.39,10.0,,,0.9,,18.6,64.85,19.79,18.49,False,143,Bandeira de alta,,,False,1,8,False,,False,,False,,False,True,False,False,1,10,False,False,False,False,False,False,True,False,False,False,False,0.6,True,4638583296.0,51.29,0.41,1.39,2.36,0.79,-2.27,6.07,0.23,2.77,4.67,10.57,1.1,0.76,,120.89,-2.6,7.38,1.9,0.75,70.25,29.75,3.88,11.0,54.1,-45.6,11.2,8.32,7.61,-64.7,60.0,-31.6,3.88,11.0,-47.83,3.78,-58.9,-5.91,-0.81,145544260.0,1.64,3.52,7.58,11.6,19.5,False,3,,1.2,1.7,False,2024,2.04,0.59,0.03,5.980000019073486,False,False,False,1.0250523448602806,1.5034101057950786,1.243647238645295,6.185633245627696,,0.417266685,0.31713004585455024,,,,,3,False,19.5,,,n/d,n/d,,,Bandeira de alta,False,False,,,Em Alta,5.940000057220459,0.6734000247088368,-47.74898419011525,False,True,False,"Bandeira de alta — mastro +53%, recuo 18%, bandeira 7d (candidato)"
ORVR3,SMALL11,SMALL11,Bens Industriais,27.28,19.74,70.0,,,0.7,,21.23,9.24,38.35,2.05,False,144,Bandeira de alta,,,False,2,8,False,,False,,False,,False,True,True,True,7,10,False,False,False,False,True,False,True,False,False,False,False,0.16,True,9447898112.0,184.61,1.91,0.0,0.0,1.04,-2.35,3.71,3.35,20.98,4.88,12.21,2.38,0.74,177.51,,135.8,15.31,2.86,0.49,63.86,33.58,13.27,20.97,29.6,-18.0,-6.2,17.51,17.3,-26.3,28.8,-0.9,15.45,20.97,-17.13,1.82,11.0,-2.99,0.29,42746726.0,14.25,20.61,29.82,,1.0,True,1,,18.8,16.3,True,,1.07,0.65,0.03,17.200000762939453,False,False,False,,,,,,,,1.1066036199795384,1.1066036199795384,1.1066036199795384,0.9959432579815846,1,True,1.0,-94.2096324778803,-93.5662583087559,n/d,n/d,,,Bandeira de alta,False,False,,,Lateral,17.6299991607666,-2.4390154185829904,-18.963484316562173,False,True,False,"Bandeira de alta — mastro +16%, recuo 41%, bandeira 7d (candidato)"
HBOR3,SMALL11,SMALL11,Imobiliário,27.02,26.97,27.272727272727273,,,0.8,,13.94,35.67,37.99,41.78,False,145,Bandeira de alta,,,False,1,8,False,,True,,False,False,False,True,False,False,3,11,False,False,False,False,False,False,False,True,False,False,False,1.25,True,306522240.0,65.21,0.21,6.0,3.93,0.31,3.0,2.16,0.41,13.55,15.28,38.21,2.55,0.72,,256.39,-64.6,2.48,1.03,0.81,57.57,22.01,1.68,4.23,37.5,-45.4,8.8,2.45,2.6,-60.3,68.8,-7.6,1.68,3.33,-23.83,4.34,-48.6,-5.78,-0.47,1132098.0,0.6,1.5,3.74,12.0,30.7,False,4,,7.6,-11.2,True,2025,1.59,0.4,0.09,2.309999942779541,False,False,False,0.6605466125505475,0.9688016984074697,0.3778561476713455,2.9609868640810344,,0.26415074528231325,0.0963533176561931,,,,,4,False,30.7,,,n/d,n/d,,,Bandeira de alta,False,False,,,Em Alta,2.2300000190734863,3.587440494251326,-45.70369190212187,False,True,False,"Bandeira de alta — mastro +40%, recuo 35%, bandeira 10d (candidato)"
CVCB3,SMALL11,SMALL11,Consumo discricionário,25.96,23.48,40.0,,,0.9,P/L=-5.54<2,10.66,58.29,19.56,2.05,False,146,Não,,,False,2,8,False,,False,,False,,False,False,False,True,4,10,False,False,False,False,False,True,True,False,False,False,True,1.13,True,734326016.0,-5.54,2.26,0.0,0.0,-40.86,-60.02,5.9,-8.94,2.39,1.33,3.11,0.68,1.67,,,-4.5,9.72,4.12,0.67,87.19,12.81,1.08,2.72,30.6,-48.2,-9.2,1.88,1.86,-60.3,70.3,-35.9,1.08,2.72,-52.13,4.43,-24.3,-6.65,-0.39,23492840.0,0.39,0.96,2.35,,1.0,True,1,,6.8,4.8,True,2023,1.14,0.28,-0.07,1.409999966621399,False,False,False,,,,,,,,3.926820841856434,3.926820841856434,3.926820841856434,3.5341387576707906,1,True,1.0,150.6481447754351,178.49793863937236,n/d,n/d,,,,False,False,,,Lateral,1.8799999952316284,-25.000001585229914,-49.46236609677504,False,False,False,sem sinal (Lateral)
HBSA3,SMALL11,SMALL11,Bens Industriais,25.13,26.03,20.0,,,0.7,P/L=-25.25<2,24.19,25.11,43.29,2.05,False,147,Não,Fundo duplo,"Fundo duplo (pré-confirmação) — pescoço R$3.72, preço 9.1% abaixo do pescoço; falta fechar acima e segurar",False,2,8,False,,False,,False,,False,False,True,False,2,10,False,False,False,False,True,False,True,False,False,False,False,1.2,True,4598093312.0,-25.25,2.16,0.0,0.0,-8.56,-15.0,11.14,-5.52,7.67,3.09,3.81,3.26,1.56,,,68.3,11.27,5.08,0.41,66.67,33.33,2.98,4.38,13.4,-22.8,1.0,3.67,3.65,-32.0,35.8,-4.5,2.98,4.38,-20.73,2.25,3.0,-3.34,-0.21,5702898.0,2.14,3.38,5.35,,1.0,True,1,,8.2,56.5,False,"2024, 2025",0.73,0.35,0.04,3.380000114440918,False,False,False,,,,,,,,2.089445240570476,2.089445240570476,2.089445240570476,1.8805007165134284,1,True,1.0,-44.36388601056365,-38.18209556729294,n/d,n/d,,,,False,False,,,Em Alta,3.549999952316284,-4.788727891797451,-23.00682876451271,False,False,False,sem sinal (Em Alta)
KLBN11,BOVA11,BOVA11,Materiais,22.91,25.35,9.090909090909092,,,1.0,,21.9,19.89,19.73,65.75,False,148,Não,Bandeira de alta,"Bandeira de alta (pré-confirmação) — pescoço R$19.40, preço 1.1% abaixo do pescoço; falta fechar acima e segurar",False,2,8,False,,True,,False,False,False,False,False,False,1,11,False,True,False,False,False,False,True,False,False,True,False,0.49,True,136365318144.0,42.56,2.52,6.07,7.1,5.92,28.81,5.45,0.86,6.42,3.99,9.97,2.0,2.3,,302.2,-51.7,11.2,2.09,0.37,77.43,12.36,16.08,21.02,19.3,-8.7,8.8,17.69,17.98,-23.4,20.4,0.5,16.1,21.02,-15.73,1.28,7.8,-2.08,-0.02,88904400.0,16.55,21.48,27.88,11.1,11.9,False,6,,1.1,5.4,False,,0.56,0.48,0.02,19.190000534057617,False,False,False,9.909647910136796,14.534150268200635,4.809523943372836,8.789520144841813,,11.016666666666667,1.2264286055600733,7.66062276921366,,,,6,False,11.9,,,n/d,n/d,,,,False,False,,,Em Alta,19.6299991607666,-2.2414602420787966,-9.694115133846504,False,False,False,sem sinal (Em Alta)
CSAN3,BOVA11+SMALL11,BOVA11,Consumo discricionário,20.85,22.93,9.090909090909092,,,0.9,P/L=-1.63<2,15.76,36.51,22.63,21.92,False,149,Não,,,False,1,8,False,,False,,False,False,False,False,True,False,1,11,False,False,False,False,False,False,True,False,False,False,True,8.46,False,14793236480.0,-1.63,2.91,0.0,2.53,-1.79,-64.7,8.59,-22.18,4.67,2.9,4.64,1.67,1.91,,,2.8,6.3,5.56,0.41,77.05,3.93,3.13,8.0,19.8,-53.1,-3.7,5.26,5.06,-60.9,50.7,-28.6,3.13,6.8,-44.83,3.19,-52.9,-4.91,-1.44,131381798.0,0.94,1.81,3.51,,4.2,True,2,,0.9,-8.0,True,2024,1.88,0.65,-0.02,3.75,False,False,False,0.6913581752988731,0.8924518545981344,,,,,,2.9151755638358403,0.7919050149485037,0.7919050149485037,0.7127145134536533,2,True,4.2,-80.9942796412359,-78.88253293470657,n/d,n/d,,,,False,False,,,Lateral,3.9700000286102295,-5.5415623935711755,-53.30012298004825,False,False,False,sem sinal (Lateral)
AURE3,BOVA11+SMALL11,BOVA11,Serviços públicos,20.5,20.91,18.181818181818183,,,0.1,P/L=-11.91<2,12.79,24.33,11.09,68.49,True,150,Não,Bandeira de alta,"Bandeira de alta (pré-confirmação) — pescoço R$12.32, preço 2.4% acima do pescoço; falta fechar acima e segurar",False,2,8,False,,False,,False,False,False,False,True,False,2,11,False,False,False,False,False,False,True,True,False,False,False,1.74,True,13172847616.0,-11.91,1.13,0.0,7.48,-9.47,2.89,2.64,-8.09,12.41,6.49,16.23,1.12,1.85,,,5.9,-86.97,2.04,0.26,71.73,25.67,10.05,14.61,25.5,-13.7,7.2,11.66,11.75,-31.2,32.8,8.4,10.05,14.61,-7.83,2.07,-6.7,-2.98,0.17,32021388.0,9.55,14.52,22.08,,2.8,True,3,,33.7,63.5,False,,1.15,0.61,0.1,12.609999656677246,False,False,False,6.860044663277256,12.724945904859354,,,,,,4.493503604450362,8.026164724195658,6.860044663277256,6.17404019694953,3,True,2.8,-51.03853794571476,-36.35079347567116,n/d,n/d,,,,False,False,,,Em Alta,12.350000381469727,2.1052572241020195,-13.983630368841682,False,False,False,sem sinal (Em Alta)
ENEV3,BOVA11,BOVA11,Serviços públicos,20.31,18.6,30.0,,,0.1,,26.86,7.84,21.72,2.05,True,151,Bandeira de alta,,,False,1,8,False,,True,,False,,False,False,False,False,3,10,False,False,False,False,False,False,True,False,False,False,True,1.17,True,53506748416.0,54.8,2.59,0.0,0.0,4.73,2.64,5.85,5.03,12.53,3.9,9.18,1.28,1.2,11.59,,-91.5,31.37,4.12,0.26,62.34,34.87,15.92,27.97,75.7,0.0,7.9,23.9,22.74,-13.5,35.2,39.7,19.82,27.97,23.47,2.22,59.3,-2.95,1.39,293743564.0,31.5,49.25,77.01,11.7,6.3,True,4,,44.3,61.7,False,2025,1.15,0.57,0.02,27.969999313354492,False,False,False,,,5.926202170536714,11.136367481200297,2.414198845842459,,2.9333791980604182,15.225802304327939,5.602536923909972,4.429790684298566,3.9868116158687092,4,True,6.3,-85.74611471668798,-79.96947779246102,n/d,n/d,,,Bandeira de alta,False,False,,,Em Alta,27.690000534057617,1.0111909494276983,-0.6394327091119867,False,True,False,"Bandeira de alta — mastro +15%, recuo 21%, bandeira 7d (candidato)"
TUPY3,SMALL11,SMALL11,Bens Industriais,19.44,22.87,0.0,,,0.7,P/L=-2.71<2,5.99,43.95,27.12,37.67,False,152,Bandeira de alta,,,False,2,8,False,,False,,False,False,False,False,False,False,0,11,False,False,False,False,False,False,True,True,False,False,False,0.83,True,2114129408.0,-2.71,0.92,0.0,3.58,-33.8,2.01,1.49,-8.26,8.57,3.88,9.69,2.16,1.72,,,-5.8,5.7,1.31,0.87,73.24,26.66,11.34,16.19,42.2,-0.4,9.9,13.06,13.48,-23.4,39.2,38.6,11.34,16.19,22.37,2.47,0.9,-3.91,0.09,6059929.0,10.76,17.74,29.26,,1.7,True,3,,-1.6,-9.1,True,2025,1.21,0.54,0.05,16.1200008392334,False,False,False,4.198358836385266,6.157592960031724,,,,,,7.01883883170367,5.791596876040219,6.157592960031724,5.541833664028552,3,True,1.7,-65.62138104521279,-64.07198154764089,n/d,n/d,,,Bandeira de alta,False,False,,,Em Alta,16.010000228881836,0.6870743833789827,-2.303025216767285,False,True,False,"Bandeira de alta — mastro +14%, recuo 20%, bandeira 7d (candidato)"
