ticker,origem,grupo,setor,investment,investment_base,consistencia,basileia,solvencia,ciclicidade,dado_suspeito,quality,value,safety,dividend,rank_invest,oportunidade_grafica,criterios_ok,criterios_aplicaveis,passa_checklist,mais_5a_bolsa,sem_prejuizo_anual,lucro_20t,div_ge5_5a,div_sem_corte,roe_ge_10,divida_menor_patrim,cresc_receita_5a,cresc_lucro_5a,n_ok,n_aplic,roe_roic_ge_selic,roe_ge_setor,roic_ge_setor,margem_ge_15,cagr_ge_setor,divida_ok,marketcap_ok,insider_ok,margem_ok,roe_ok,alavancagem_ok,div_liq_patrim,nde_ok,market_cap,pl,pvp,dy,dy_teto,roe,roe_medio,roic,mrg_liq,ev_ebitda,div_liq_ebitda,liq_corr,div_patrim,peg,payout,cresc_5a,pl_fut,roa,liq_geral,grau_endiv,indep_fin,min_52s,max_52s,dist_min52,dist_max52,dist_mm100,beta,corr_ibov,close,teto_bazin,teto_gordon,teto_dcf,teto_graham,teto_lynch,teto_projetivo,teto_graham_selic,teto_mult_ebitda,teto_medio,teto_mediana,teto_ajustado,teto_n_metodos,teto_confiavel,teto_dispersao,teto_upside_pct,teto_upside_media_pct,prox_resultado,ex_dividendo,ex_tipo,tese_ia,strategy,in_wishlist,in_carteira,preco_medio,var_pm_pct,trend,breakout_level,pct_to_level,dist_52w_high_pct,fund_ok,breakout,aprovado,note
JHSF3,SMALL11,SMALL11,Imobiliário,79.2,77.3,90.0,,,0.8,,87.92,79.21,54.59,70.14,1,Não,6,8,False,,True,,False,True,True,True,True,True,9,10,True,True,True,True,False,True,True,False,True,True,True,0.19,True,7213825024.0,3.47,0.99,6.23,7.91,28.4,16.71,13.12,53.01,4.67,0.74,1.92,0.74,0.23,27.44,5.2,6.31,6.66,0.72,61.6,36.26,4.9,13.85,115.8,-23.7,-3.7,1.38,0.62,10.569999694824219,5.970525175360771,11.07532420029423,40.360949843348955,27.05103579869328,69.78021552663229,19.957004585783377,36.857924007888485,15.815294701719717,,,,6,False,11.7,,,n/d,2026-08-31,próxima,,,False,False,,,Em Baixa,11.149999618530273,-5.201793215688976,-25.319870646788868,True,False,False,sem sinal (Em Baixa; sem novo topo (-5.2%))
VULC3,SMALL11,SMALL11,Consumo discricionário,76.34,77.46,70.0,,,0.9,,88.59,59.76,65.35,95.83,2,Não,6,8,False,,True,,False,False,True,True,False,True,7,10,True,True,True,True,False,True,True,False,True,True,True,0.25,True,4281359360.0,4.66,1.63,29.73,15.46,35.06,31.82,17.83,24.89,6.26,0.76,2.96,0.37,0.48,72.02,-64.7,5.98,11.45,1.64,37.42,62.57,13.63,20.08,1.4,-31.2,-9.0,0.92,0.6,13.819999694824219,15.256438024273331,28.30069253502703,39.29506350996156,23.78551351180474,74.92631282920264,48.32578795662863,26.208661258367464,8.212561013982544,,,,6,False,9.1,,,n/d,2025-12-23,última,,,False,False,,,Em Baixa,14.180000305175781,-2.5387912736515306,-31.68475580815484,True,False,False,sem sinal (Em Baixa; sem novo topo (-2.5%))
POMO3,SMALL11,SMALL11,Bens Industriais,75.91,75.19,80.0,,,0.7,,81.54,76.12,52.21,90.28,3,Não,5,8,False,,True,,False,False,True,True,True,True,8,10,True,True,True,False,False,True,True,False,True,True,True,0.4,True,4853875200.0,4.07,1.15,24.15,11.85,28.32,24.74,18.39,13.81,4.38,1.06,1.97,0.84,0.28,48.23,23.0,,9.64,1.02,59.93,39.42,4.0,6.69,0.3,-40.0,-28.0,0.92,0.46,4.010000228881836,3.394399876148521,6.296611770255506,13.054669049799585,8.792037497830515,26.120459476209213,11.381329189154782,11.711378034724328,5.125911685219815,9.393656204497423,10.086683343492648,9.078015009143384,6,True,7.7,126.38440127158628,134.2557523273954,n/d,2026-04-27,última,,,False,False,,,Em Baixa,4.989999771118164,-19.639270284309628,-40.51223602508195,True,False,False,sem sinal (Em Baixa; sem novo topo (-19.6%))
MDNE3,SMALL11,SMALL11,Imobiliário,75.77,73.26,90.0,,,0.8,,73.15,77.35,65.45,79.17,4,Não,7,8,False,,True,,False,True,True,True,True,True,9,10,True,True,True,True,True,True,True,False,True,True,True,0.19,True,2405112832.0,4.32,1.05,16.73,9.23,24.38,16.15,10.98,19.89,4.18,0.7,2.78,0.43,0.29,39.87,87.7,3.63,6.56,1.12,72.76,27.27,18.83,34.28,28.3,-29.5,-14.6,1.64,0.63,24.15999984741211,15.925615512330507,29.542016775373092,74.10185138384499,53.80859636519453,133.60088669177054,24.75195228085501,66.47684311588033,41.11010196575938,,,,6,False,8.4,,,n/d,2026-01-02,última,,,False,False,,,Em Baixa,25.399999618530273,-4.881888935988554,-29.521584866556815,True,False,False,sem sinal (Em Baixa; sem novo topo (-4.9%))
POMO4,BOVA11+SMALL11,BOVA11,Bens Industriais,74.82,73.9,80.0,,,0.7,,81.54,74.83,52.21,80.56,5,Não,5,8,False,,True,,False,False,True,True,True,True,8,10,True,True,True,False,False,True,True,False,True,True,True,0.4,True,5102155264.0,4.28,1.21,22.97,9.47,28.32,24.74,18.39,13.81,4.55,1.06,1.97,0.84,0.29,40.54,23.0,4.2,9.64,1.02,59.93,39.42,4.28,7.92,0.0,-46.0,-27.0,0.95,0.49,4.28000020980835,2.895858189994094,5.371816942439044,13.25000064952351,8.921142564845278,24.472434067066022,11.575137762178509,12.100000593149774,5.204852204625999,,,,7,False,8.5,,,n/d,2026-04-27,última,,,False,False,,,Em Baixa,5.380000114440918,-20.446094446726214,-46.16996107152779,True,False,False,sem sinal (Em Baixa; sem novo topo (-20.4%))
PSSA3,BOVA11,BOVA11,Insurance,73.22,72.91,75.0,,1.8,0.3,,76.73,52.97,100.0,51.39,6,Não,4,6,False,,True,,False,False,True,,True,True,6,8,True,False,True,,True,,True,False,True,True,True,,True,29857423360.0,8.18,1.87,6.47,5.33,22.84,17.35,79.28,8.13,,,,,0.64,43.62,0.3,7.47,6.06,,71.59,28.18,43.07,55.45,8.6,-15.7,-8.3,0.78,0.51,46.75,17.808153083184912,33.03412396930801,75.72585574572126,56.6990025914524,104.06938113942172,48.58370425452929,61.524763116414185,,43.78795926318587,40.808914111918654,36.72802270072679,4,True,4.3,-21.437384597375853,-6.335916014575682,2026-11-05,2026-06-23,última,,,False,False,,,Em Baixa,55.18000030517578,-15.277274843336786,-15.841583002560277,True,False,False,sem sinal (Em Baixa; sem novo topo (-15.3%))
CURY3,BOVA11+SMALL11,BOVA11,Consumo discricionário,71.32,69.79,80.0,,,0.9,,90.38,37.52,57.02,83.33,7,Rompimento,6,8,False,,True,,False,False,True,True,True,True,8,10,True,True,True,True,False,True,True,False,True,True,True,-0.21,True,9780510720.0,8.9,5.91,13.22,9.82,66.38,57.38,37.72,18.37,5.74,-0.2,1.94,0.71,1.07,87.43,33.5,6.6,16.14,0.91,70.61,24.44,27.53,40.96,17.7,-20.9,0.6,1.28,0.59,32.400001525878906,22.735362532431576,42.174097497660576,48.23595732785342,21.190809434051015,66.13226562617805,53.44317052154667,28.814144758543858,23.076454529114336,38.22528277842244,35.494121128102215,31.944709015291995,8,True,3.1,-1.4052237319286953,17.979262278400498,n/d,2026-05-18,última,"A Cury Construtora (CURY3) apresenta uma sólida eficiência operacional no setor de consumo discricionário, evidenciada por um ROE excepcional de 66,4% e um ROIC de 37,7%, ambos posicionados muito acima das médias de seus pares setoriais de 11,9% e 12,9%, respectivamente. Essa expressiva rentabilidade convive com uma relação de preço e valor patrimonial (P/VP) de 5,91, que se mostra elevada, embora o múltiplo preço/lucro (P/L) de 8,9 sugira uma avaliação mais razoável frente à alta capacidade de geração de caixa da companhia. A excelente saúde financeira da empresa é ratificada por uma relação de dívida líquida sobre EBITDA de -0,2, indicando caixa líquido e situando-se confortavelmente abaixo da média do setor de 2,76, o que demonstra que a alta rentabilidade não está ancorada em endividamento excessivo. Esse balanço desalavancado confere extrema sustentabilidade ao robusto dividend yield de 13,22%, uma vez que o pagamento de proventos é suportado por uma operação altamente lucrativa, com margem líquida de 18,37%, e uma confortável liquidez corrente de 1,94. No quesito crescimento, contudo, o CAGR de receita de cinco anos de 33,5% ficou abaixo da média setorial de 59,2%, o que impediu a empresa de atingir a pontuação máxima no checklist de critérios fundamentalistas, no qual ela atendeu a 6 dos 8 requisitos avaliados, penalizada também pela ocorrência de venda de ações por parte de insiders. Sob a ótica de valuation, as estimativas de preço-teto revelam uma dispersão acentuada entre os métodos analíticos, variando desde os conservadores R$ 21,19 por Graham e R$ 22,74 por Bazin até os otimistas R$ 48,24 por Fluxo de Caixa Descontado e R$ 66,13 por Lynch. A média dessas metodologias aponta para R$ 38,23 e a mediana para R$ 35,49, mas, quando aplicado o preço-teto ajustado com margem de segurança de R$ 31,94 como referência métrica, o papel apresenta um upside negativo de -1,4% em relação ao preço atual de R$ 32,40, em um momento de tendência gráfica de baixa. Em suma, os principais prós do ativo residem em sua rentabilidade fora da curva, robusta distribuição de dividendos e estrutura de capital desalavancada, enquanto os contras concentram-se no crescimento de receita abaixo de seus pares, na venda de ações por insiders e na ausência de margem de segurança no preço atual perante o teto ajustado.",Rompimento,False,False,,,Em Baixa,32.029998779296875,1.155175649963458,-21.06378600031491,True,True,True,"Rompimento (vol x1.5, +1.2% do topo, MM50>MM200)"
RIAA3,SMALL11,SMALL11,Consumo discricionário,70.78,70.92,70.0,,,0.9,,66.67,93.05,42.11,92.36,8,Não,4,8,False,,False,,False,False,True,True,True,True,7,10,True,True,False,False,False,True,True,False,True,False,True,0.47,True,3444152576.0,2.25,0.64,47.2,13.11,28.35,8.06,8.96,14.35,2.53,2.11,1.61,0.68,0.15,29.5,16.6,5.14,4.35,1.05,64.01,35.99,5.72,10.43,23.7,-32.1,-19.3,1.65,0.62,7.079999923706055,6.631395901644047,12.301239397549708,41.69333288404676,27.98615699091186,88.46201843493665,51.88018214566937,38.07466625637478,32.62218435926396,,,,5,False,13.3,,,n/d,n/d,,,,False,False,,,Em Baixa,8.079999923706055,-12.376237740622775,-34.646932321322296,False,False,False,sem sinal (Em Baixa; sem novo topo (-12.4%))
MILS3,SMALL11,SMALL11,Bens Industriais,70.41,68.72,80.0,,,0.7,,85.68,53.58,56.41,54.86,9,Pivô de alta,6,8,False,,True,,False,True,True,True,True,True,8,10,True,True,True,True,False,True,True,False,True,True,True,0.65,True,3554190848.0,8.14,1.94,6.81,5.72,23.81,18.37,20.65,23.53,4.84,1.28,2.98,0.99,0.64,46.6,21.3,8.34,11.12,0.54,61.6,38.32,10.3,15.81,51.9,-1.1,9.4,0.76,0.48,15.640000343322754,6.395513276540952,11.863677127983467,25.458231517079415,18.668737532019904,35.428812020156286,12.303124849002499,20.48828922251896,17.681046869099223,20.270274162551395,18.668737532019904,16.801863778817914,7,True,5.5,7.428794181524423,29.605330675107446,n/d,2026-04-22,última,"A Mills (MILS3) apresenta uma sólida combinação de eficiência operacional e atratividade financeira no setor de Bens Industriais, destacando-se por um ROE de 23,8% e um ROIC de 20,6% que se posicionam bem acima dos pares setoriais, sugerindo uma alta capacidade de geração de valor sobre o capital empregado. Essa qualidade de rentabilidade convive com múltiplos de preço bastante convidativos, uma vez que o P/L de 8,14 e o P/VP de 1,94 indicam que o papel não está sobreprecificado frente ao seu forte retorno, relação reforçada por um PEG de apenas 0,64 que sinaliza um crescimento subavaliado pelo mercado. No âmbito financeiro, a excelente rentabilidade é acompanhada por uma estrutura de capital muito saudável, evidenciada pelo indicador de Dívida Líquida/EBITDA de 1,28, que está confortavelmente abaixo da média do setor, e por uma robusta liquidez corrente de 2,98. Esse endividamento controlado e a expressiva margem líquida de 23,53% conferem plena sustentabilidade ao dividend yield de 6,81%, mostrando que a distribuição de proventos é coerente com a geração de lucro e com o balanço desalavancado da companhia. Por outro lado, o crescimento de receita medido pelo CAGR de 5 anos de 21,3%, embora expressivo em termos absolutos, ficou abaixo da média do setor, o que impediu a empresa de gabaritar o checklist de critérios fundamentalistas, no qual ela atende a 6 dos 8 requisitos avaliados devido também a vendas recentes de insiders. Sob a ótica do valuation, as estimativas de preço-teto revelam uma dispersão acentuada entre os métodos, variando desde os conservadores R$ 6,40 por Bazin até os otimistas R$ 35,43 por Lynch, resultando em uma média de R$ 20,27 e uma mediana de R$ 18,67. Considerando o preço-teto ajustado com margem de segurança de R$ 16,80, o papel exibe um upside de 7,4% em relação à cotação atual de R$ 15,64, em um momento técnico favorável marcado por tendência de alta e pivô de alta gráfico. Como balanço final, MILS3 traz como prós uma rentabilidade excepcional acima dos pares, endividamento sob controle, valuation atrativo e proventos sustentáveis, enquanto os contras residem no crescimento histórico de receita abaixo da média setorial e na pressão vendedora por parte de insiders.",Pivô de alta,False,False,,,Em Alta,15.8100004196167,-1.0752692712329925,-1.882052979660953,True,True,True,Pivô de alta
VTRU3,SMALL11,SMALL11,Consumo discricionário,70.24,71.61,62.5,,,0.9,P/L=1.74<2,87.25,89.72,45.75,7.64,10,Rompimento,8,8,True,,True,,,,True,True,True,True,5,8,True,True,True,True,True,True,True,True,True,False,True,0.4,True,2069136640.0,1.74,0.47,0.2,0.21,27.23,9.79,15.07,48.63,2.78,2.49,2.13,0.76,,0.36,1514.7,3.77,6.01,0.37,51.99,48.01,8.88,16.86,48.1,-21.9,-2.1,1.11,0.49,13.15999984741211,0.19345642606632563,0.35886167035303396,100.2126425162129,69.02772975922225,226.89654909331225,0.4132333333333333,91.51494146763594,69.55726821549834,,,,4,False,1172.9,,,n/d,n/d,,,Rompimento,False,False,,,Em Baixa,13.119999885559082,0.30487776068546246,-24.140681264291143,False,True,False,"Rompimento (vol x1.5, +0.3% do topo, MM50>MM200)"
BRSR6,SMALL11,SMALL11,Produtos financeiros,69.68,70.95,62.5,17.35,,0.4,,47.99,90.42,90.71,86.11,11,Não,2,6,False,,True,,False,False,True,,False,True,5,8,False,False,False,,False,,True,True,True,False,True,,True,5435270656.0,3.55,0.47,11.94,10.16,13.26,9.63,0.0,22.75,,,,,0.42,36.06,-8.3,4.08,1.08,,93.0,6.99,9.79,18.55,36.0,-28.2,-10.5,1.07,0.62,13.319999694824219,9.6644733409942,17.927598047544237,49.715491818710106,48.91390868390679,69.92530062704257,33.99923121157428,30.01954254657446,,33.880773692609544,33.99923121157428,30.599308090416855,3,True,5.1,129.72454047658047,154.36016868509893,n/d,n/d,,,,False,False,,,Em Baixa,14.380000114440918,-7.371351955360616,-28.479272073030625,False,False,False,sem sinal (Em Baixa; sem novo topo (-7.4%))
LEVE3,SMALL11,SMALL11,Consumo discricionário,69.56,69.48,70.0,,,0.9,,86.58,56.32,32.57,99.31,12,Rompimento,6,8,False,,True,,True,False,True,False,True,True,7,10,True,True,True,False,False,True,True,True,True,True,True,0.96,True,4455166976.0,6.39,4.62,8.67,19.55,72.29,64.73,34.45,12.31,5.23,1.09,1.37,1.44,0.18,124.92,35.0,6.45,13.84,0.81,77.23,22.71,24.26,35.6,40.2,-4.5,3.2,0.66,0.47,34.0,47.47781379872045,88.07134459662643,70.50078247261345,29.682382633311594,159.6244131455399,93.91666666666667,64.38184663536778,24.136042862907306,79.09360713554948,70.50078247261345,63.450704225352105,7,True,6.6,86.61971830985912,132.6282562810279,n/d,2026-04-30,última,,Rompimento,False,False,,,Lateral,32.47999954223633,4.679804430991741,-6.103284010908283,True,True,True,"Rompimento (vol x2.7, +4.7% do topo, MM50>MM200)"
PETR4,BOVA11,BOVA11,Energia,69.39,74.58,40.0,,,0.9,DY5a=39.1%>=20,87.58,83.26,34.46,,13,Pivô de alta,7,8,False,,True,,False,False,True,True,True,False,4,10,True,True,True,True,True,True,True,False,True,True,True,0.66,True,575096094720.0,4.07,1.13,7.05,39.11,27.73,30.77,19.69,24.32,2.66,1.29,0.85,0.76,0.27,159.18,96.8,4.26,10.07,0.28,65.87,33.99,27.61,48.52,51.7,-13.7,-2.5,0.37,0.26,41.900001525878906,117.05271641399392,217.13278894795872,136.40663887417577,92.67633942516788,308.8452200924735,56.62329749999999,124.5675721039643,58.683493182614896,114.7346923496965,117.05271641399392,105.34744477259453,7,True,5.5,151.42587335594308,173.8298047049768,n/d,2026-08-24,próxima,,Pivô de alta,False,False,,,Em Alta,43.41999816894531,-3.500683342159905,-14.764512128713768,True,True,True,Pivô de alta
CXSE3,BOVA11,BOVA11,Insurance,69.04,65.78,87.5,,1.6,0.3,,64.65,34.24,100.0,81.25,14,Não,4,6,False,,True,,True,True,True,,True,True,7,8,True,False,False,,True,,True,True,True,True,True,,True,53730000896.0,11.88,3.9,7.55,9.62,32.79,28.44,-1.21,75.43,,,,,0.93,114.34,12.8,10.41,20.76,,8.23,91.77,12.48,22.04,45.1,-17.8,-2.9,0.69,0.54,18.110000610351562,12.450253594761099,23.095220418281837,20.19844344167998,12.620286093025026,34.18447459083799,22.898448930232796,16.3373285929362,,19.66059159623893,21.548446185956387,19.393601567360747,4,True,1.9,7.087801842897168,8.562070312692649,2026-11-09,2026-11-04,próxima,,,False,False,,,Em Baixa,22.04433250427246,-17.847362323891534,-18.211837864354752,True,False,False,sem sinal (Em Baixa; sem novo topo (-17.8%))
VLID3,SMALL11,SMALL11,Bens Industriais,69.0,68.82,70.0,,,0.7,,64.88,75.22,67.32,73.61,15,Não,4,8,False,,True,,False,False,True,True,False,True,7,10,True,False,True,False,False,True,True,False,True,True,True,0.1,True,1298052736.0,5.87,0.77,11.5,8.58,13.18,13.73,15.68,11.15,3.07,0.45,2.3,0.41,0.9,50.36,-32.9,9.53,7.18,1.13,45.32,54.23,16.3,22.63,1.8,-26.7,-8.1,0.93,0.52,16.59000015258789,10.165818134645583,18.857592639767557,37.447615335909624,37.01461494448038,42.73737409790879,34.6184955900183,19.173509466050472,30.7464420718047,31.513663449419973,34.6184955900183,31.156646031016468,7,True,4.2,87.8037718170624,89.95577552483702,2026-11-04,2026-08-13,última,,,False,False,,,Em Baixa,18.46053695678711,-10.132624032431014,-27.338305383841345,True,False,False,sem sinal (Em Baixa; sem novo topo (-10.1%))
PLPL3,SMALL11,SMALL11,Consumo discricionário,69.0,72.35,50.0,,,0.9,,79.64,81.51,50.48,60.42,16,Não,5,8,False,,True,,False,False,True,False,False,True,5,10,True,True,True,False,False,True,True,False,True,True,True,0.43,True,1369884032.0,4.51,1.23,7.3,6.32,27.32,38.02,24.26,9.85,1.88,0.9,2.87,1.28,0.3,28.51,-37.9,2.66,8.79,1.2,73.04,24.14,6.46,17.36,6.3,-60.4,-29.1,1.41,0.5,6.869999885559082,3.101855506612252,5.753941964765727,20.18348081677557,13.835891964188038,32.478043320611484,12.103431794860946,18.431707010036565,21.988562198335835,,,,6,False,10.5,,,n/d,2025-12-30,última,,,False,False,,,Em Baixa,7.670000076293945,-10.430250101397831,-60.47324968813778,True,False,False,sem sinal (Em Baixa; sem novo topo (-10.4%))
PETR3,BOVA11,BOVA11,Energia,68.19,73.17,40.0,,,0.9,DY5a=37.2%>=20,87.58,78.18,34.46,,17,Pivô de alta,7,8,False,,True,,False,False,True,True,True,False,4,10,True,True,True,True,True,True,True,False,True,True,True,0.7,True,603579351040.0,4.53,1.25,6.34,37.2,27.73,30.77,19.69,24.32,2.84,1.29,0.85,0.76,0.3,168.53,96.8,3.17,10.07,0.28,65.87,33.99,29.5,53.92,58.4,-13.3,-2.3,0.41,0.25,46.72999954223633,124.1757170583834,230.34595514330118,136.6826697427442,93.15001481731775,309.4701956439492,56.62329749999999,124.81964557639284,57.862813155493114,141.6412885796977,124.49768131738813,112.04791318564932,8,True,5.5,139.77726146642954,203.10569220459112,2026-08-06,2026-08-24,próxima,,Pivô de alta,False,False,,,Em Alta,49.040000915527344,-4.71044316917949,-14.433971509316256,True,True,True,Pivô de alta
LAVV3,SMALL11,SMALL11,Imobiliário,67.64,65.46,80.0,,,0.8,,66.89,57.97,57.11,94.44,18,Não,5,8,False,,True,,True,False,True,True,False,True,8,10,True,True,False,True,False,True,True,False,True,True,True,0.36,True,1846854528.0,5.11,1.27,25.7,14.0,24.9,19.67,8.69,19.91,6.62,1.46,3.93,0.85,0.72,71.56,-30.3,2.7,4.85,1.47,60.31,33.37,9.22,18.94,4.0,-49.4,-19.6,1.46,0.71,9.59000015258789,9.592325503827412,17.79376380959985,24.86643875181791,17.8565503459308,39.57163486959154,24.48005945313992,13.368028801384437,9.59000015258789,19.63985021098497,17.825157077765326,16.042641369988793,8,True,4.1,67.28510025789352,104.79509800304956,n/d,2026-02-03,última,,,False,False,,,Em Baixa,10.569999694824219,-9.271519115712001,-49.473127587557656,True,False,False,sem sinal (Em Baixa; sem novo topo (-9.3%))
TGMA3,SMALL11,SMALL11,Bens Industriais,67.3,66.82,70.0,,,0.7,,79.19,34.66,70.24,84.72,19,Fundo duplo,6,8,False,,True,,False,False,True,True,True,True,7,10,True,True,True,False,False,True,True,True,True,True,True,0.03,True,2191771648.0,8.64,2.21,10.92,10.07,25.55,24.91,27.01,10.14,5.97,0.07,2.22,0.23,2.6,87.0,23.5,6.54,14.79,1.33,34.75,65.25,26.65,39.14,25.3,-14.7,10.0,0.91,0.51,33.400001525878906,24.021737421424213,32.54301557896195,37.40744853904628,36.256404845980896,51.76803724427681,48.92379082572862,18.400375450605672,29.6327984357934,34.86920104272723,34.39971021247142,30.959739191224276,8,True,2.8,-7.306174320872028,4.398800747688458,n/d,2026-08-07,última,,Fundo duplo,False,False,,,Em Alta,33.70000076293945,-0.8902054310647389,-15.520249514629313,True,True,True,Fundo duplo — rompeu pescoço ~R$31.25 (candidato)
DIRR3,BOVA11+SMALL11,BOVA11,Consumo discricionário,66.79,66.22,70.0,,,0.9,,72.71,54.59,53.79,90.97,20,Não,5,8,False,,True,,False,False,True,False,True,True,7,10,True,True,False,True,False,True,True,False,True,True,True,0.67,True,3419616768.0,6.36,2.34,14.83,12.12,36.78,26.14,9.99,18.16,4.69,0.77,4.26,1.3,0.75,77.08,29.0,4.55,5.52,1.01,82.45,14.5,10.49,16.95,1.0,-37.5,-18.8,1.46,0.64,10.59000015258789,9.168095334350818,17.00681684522077,22.062500317891434,13.021191885637753,34.215156129061086,25.630674476814306,13.269435295890128,8.806584813552364,17.897556887302333,15.138126070555447,13.624313463499902,8,True,3.9,28.652627641091332,69.00431189256109,n/d,2025-12-17,última,,,False,False,,,Em Baixa,11.84000015258789,-10.557432296373626,-38.63670922943204,True,False,False,sem sinal (Em Baixa; sem novo topo (-10.6%))
GRND3,SMALL11,SMALL11,Consumo discricionário,66.46,65.83,70.0,,,0.9,,63.76,54.48,67.59,100.0,21,Não,5,8,False,,True,,False,False,True,True,False,True,7,10,True,True,False,True,False,True,True,False,True,True,True,-0.31,True,3184624896.0,5.5,0.99,43.56,19.55,18.04,16.72,7.81,24.95,8.41,-3.59,2.05,0.02,,107.55,-24.5,4.71,2.66,2.01,29.93,70.07,3.43,4.92,2.0,-28.9,-13.2,0.73,0.46,3.5,4.888466722916228,7.11760754856603,6.618181818181818,7.11476174659024,,5.269110193822403,1.7,2.2220579271364618,5.538364326202196,5.94364600600211,5.349281405401899,6,True,4.2,52.836611582911395,58.238980748634184,n/d,n/d,,,,False,False,,,Em Baixa,3.75,-6.666666666666665,-29.608914871118564,False,False,False,sem sinal (Em Baixa; sem novo topo (-6.7%))
LREN3,BOVA11+SMALL11,BOVA11,Consumo discricionário,66.3,65.65,70.0,,,0.9,,70.25,69.68,58.79,48.61,22,Não,6,8,False,,True,,False,False,True,True,True,True,7,10,True,True,True,False,False,True,True,True,True,True,True,0.1,True,10771874816.0,7.56,1.09,8.13,4.36,14.41,11.89,23.53,9.37,2.04,0.44,1.78,0.28,0.78,32.94,23.2,6.55,6.42,1.29,46.72,53.28,11.51,16.05,0.0,-28.3,-18.9,1.43,0.66,11.510000228881836,3.5821481753066595,6.644884865193852,20.172950136598455,19.019208725325985,21.346016830988262,15.903924164243728,13.315014749569043,25.815355813672184,19.26207840339961,19.59607943096222,17.636471487866,6,True,7.2,53.22737738624124,67.350808169974,2026-11-05,2026-06-24,última,,,False,False,,,Em Baixa,13.899999618530273,-17.194240685174535,-30.292297151283552,True,False,False,sem sinal (Em Baixa; sem novo topo (-17.2%))
CEAB3,BOVA11+SMALL11,BOVA11,Consumo discricionário,65.56,65.36,66.66666666666667,,,0.9,,62.42,89.01,43.48,63.19,23,Não,5,8,False,,False,,False,,True,True,False,True,6,9,True,True,True,False,False,True,True,False,False,False,True,0.51,True,2400104960.0,4.39,0.65,6.52,6.49,14.79,7.33,14.93,7.02,1.97,1.94,1.67,0.72,0.42,28.48,-9.5,4.28,5.91,0.81,60.22,39.78,8.16,17.96,0.0,-54.6,-25.5,1.67,0.57,8.15999984741211,3.7809301000753734,7.0136253356398175,24.62870113398871,22.913554829137972,31.720048764460543,9.598186507878406,17.32480198230665,,,,,6,False,8.4,,,n/d,n/d,,,,False,False,,,Em Baixa,9.779999732971191,-16.564416460029097,-54.852435034571116,False,False,False,sem sinal (Em Baixa; sem novo topo (-16.6%))
INTB3,SMALL11,SMALL11,Tecnologia de informação,65.37,66.32,60.0,,,0.5,,72.71,53.36,78.04,46.53,24,Pivô de alta,5,8,False,,True,,False,False,True,True,True,True,6,10,True,True,True,False,False,True,True,False,True,True,True,-0.17,True,4616948736.0,7.75,1.4,8.52,4.3,18.07,19.14,17.52,13.1,6.1,-1.0,2.64,0.26,0.64,33.33,14.3,7.1,5.97,1.67,43.4,56.17,9.95,15.13,45.7,-4.2,5.6,1.03,0.5,14.5,4.4546256234436115,8.263330531487899,24.790322580645157,20.88066819207339,30.586140836936295,16.737232556423606,19.165575375767762,14.408103683730463,19.261624822437796,19.165575375767762,17.249017838190987,7,True,6.9,18.958743711661974,32.838791878881345,n/d,n/d,,,Pivô de alta,False,False,,,Em Alta,15.130000114440918,-4.1639134810026235,-7.401803434809318,False,True,False,Pivô de alta
ALPA4,SMALL11,SMALL11,Consumo discricionário,63.11,61.9,70.0,,,0.9,,75.17,39.82,53.11,75.0,25,Fundo duplo,5,8,False,,False,,False,False,True,True,True,True,7,10,True,True,True,False,False,True,True,False,True,False,True,0.19,True,8680208384.0,12.45,2.41,14.04,8.77,19.37,-7.05,17.96,13.17,7.98,0.84,1.73,0.41,0.28,109.24,43.9,10.41,6.43,0.98,45.48,54.52,7.74,16.06,66.7,-19.7,5.8,1.09,0.47,12.899999618530273,8.085146573589968,14.997946894009392,13.728915256668763,11.170889593153069,31.08433643019343,11.940967499999998,12.537349026844684,5.760585383828293,11.174542889727741,11.940967499999998,10.746870749999998,7,True,5.4,-16.690921955047212,-13.375633952143618,n/d,n/d,,,Fundo duplo,False,False,,,Em Alta,13.529999732971191,-4.6563202281939,-20.468556321643906,False,True,False,Fundo duplo — rompeu pescoço ~R$12.73 (candidato)
MULT3,BOVA11+SMALL11,BOVA11,Imobiliário,63.01,61.78,70.0,,,0.8,,87.47,40.48,42.05,38.89,26,Não,7,8,False,,True,,False,False,True,True,True,True,7,10,True,True,True,True,True,True,True,False,True,True,True,0.74,True,13125675008.0,9.89,2.03,4.2,3.71,20.52,17.07,18.7,43.42,7.41,2.13,1.64,0.75,0.76,36.66,62.0,10.1,10.89,0.29,52.11,47.88,25.11,35.12,9.0,-22.1,-8.2,1.26,0.81,27.3700008392334,7.247006023206151,13.44319617304741,36.66860577551491,28.974763847478137,46.22736343687264,26.510138198342894,30.001926794498274,23.276159276656404,29.300307643201528,28.974763847478137,26.077287462730325,7,True,6.4,-4.723103167209408,7.052636992254446,2026-10-29,2026-07-01,última,,,False,False,,,Em Baixa,29.06999969482422,-5.847949341029734,-22.41660092022918,True,False,False,sem sinal (Em Baixa; sem novo topo (-5.8%))
VIVA3,BOVA11+SMALL11,BOVA11,Consumo discricionário,62.81,63.31,60.0,,,0.9,,77.07,54.52,66.31,17.36,27,Não,6,8,False,,True,,False,False,True,True,True,True,6,10,True,True,True,True,False,True,True,False,True,True,True,0.27,True,4907268608.0,8.41,1.55,3.34,1.97,18.4,21.98,17.32,18.56,5.56,0.97,4.19,0.38,0.56,16.57,9.5,6.52,10.2,1.73,37.54,62.46,20.42,35.35,3.9,-40.0,-10.0,1.13,0.52,21.219999313354492,2.9859562650622298,5.538948871690436,33.43222246158703,27.87871663179285,42.81847531643146,10.853405399094557,30.530557870581372,14.147089680958675,,,,6,False,14.3,,,n/d,2025-12-22,última,,,False,False,,,Em Baixa,22.84000015258789,-7.092823241727708,-40.8773631867951,True,False,False,sem sinal (Em Baixa; sem novo topo (-7.1%))
BBSE3,BOVA11,BOVA11,Insurance,62.26,60.01,75.0,,1.3,0.3,,68.12,31.94,61.0,91.67,28,Não,5,6,False,,True,,True,False,True,,False,True,6,8,True,True,False,,True,,True,True,True,True,True,,True,71729135616.0,7.81,6.59,12.6,12.84,84.38,83.67,0.0,87.93,,,,,,100.27,-0.1,8.39,28.81,,55.04,44.96,28.02,40.52,32.7,-8.2,5.6,0.54,0.51,37.189998626708984,34.106095364979915,49.65847485141076,49.523173587422974,24.589471645380097,,59.50416498381771,12.720925083582554,,48.197977196907836,49.59082421941687,44.63174179747518,4,True,1.7,20.010065731547797,29.599298135744423,2026-11-03,2026-08-07,última,,,False,False,,,Em Baixa,40.51827621459961,-8.214262547258555,-8.771315245517197,True,False,False,sem sinal (Em Baixa; sem novo topo (-8.2%))
TEND3,SMALL11,SMALL11,Consumo discricionário,62.21,63.38,55.55555555555556,,,0.9,,78.08,53.74,52.5,43.06,29,Rompimento,5,8,False,,False,,False,,True,True,False,False,5,9,True,True,True,False,False,True,True,False,True,False,True,0.24,True,4127206144.0,7.13,2.68,4.34,3.93,37.61,-8.65,14.39,12.08,4.87,0.47,1.96,0.79,0.48,28.03,-11.5,4.95,7.18,0.76,81.81,18.11,19.56,36.71,71.1,-8.8,6.0,1.59,0.57,33.46366882324219,9.395227621661741,17.428147238182532,62.187042343332244,36.31220743503646,88.84827756688601,22.514801130999526,56.789676404099644,27.07352478786872,,,,6,False,9.5,,,n/d,n/d,,,Rompimento,False,False,,,Em Baixa,33.00244140625,1.3975554454127126,-10.121250144288474,False,True,False,"Rompimento (vol x0.9, +1.4% do topo, MM50>MM200)"
ABCB4,SMALL11,SMALL11,Produtos financeiros,62.09,66.43,37.5,16.87,,0.4,,53.36,68.97,83.86,84.03,30,Não,2,6,False,,True,,False,False,True,,False,True,3,8,True,False,False,,False,,True,False,True,True,True,,True,5831746048.0,5.78,0.81,11.52,10.05,14.05,14.98,0.0,40.92,,,,,0.98,58.06,-2.9,4.73,1.54,,89.78,10.19,18.99,26.85,19.6,-15.4,-4.6,0.92,0.69,22.719999313354492,16.301730478572964,29.80845285730041,51.340272184256236,49.80731658177371,62.64733646917502,45.83042852728393,25.059922164203993,,35.820221011853384,37.81944069229217,34.03749662306295,4,True,3.1,49.81292980522316,57.659428232459355,n/d,n/d,,,,False,False,,,Em Baixa,24.15999984741211,-5.96026714880904,-16.863009590352018,False,False,False,sem sinal (Em Baixa; sem novo topo (-6.0%))
CYRE3,BOVA11+SMALL11,BOVA11,Consumo discricionário,62.03,60.62,70.0,,,0.9,,61.74,65.41,48.41,68.06,31,Não,4,8,False,,True,,False,False,True,True,False,True,7,10,True,True,False,True,False,False,True,False,True,True,False,0.57,True,7814178304.0,4.74,0.87,10.84,7.26,18.26,15.44,7.03,20.76,7.93,3.33,3.78,0.75,0.4,34.43,-9.4,3.98,3.68,1.17,56.08,39.17,19.83,35.31,5.9,-40.5,-9.4,1.7,0.67,21.0,10.895317917947267,20.21081473779218,58.702531645569614,49.05256892027032,85.22620734444605,30.905307159355075,45.17860749337599,3.1818202853290005,,,,6,False,26.8,,,n/d,n/d,,,,False,False,,,Em Baixa,21.829999923706055,-3.802106855734455,-41.69120200226486,False,False,False,sem sinal (Em Baixa; sem novo topo (-3.8%))
TOTS3,BOVA11+SMALL11+Wishlist,BOVA11,Tecnologia de informação,61.54,58.28,80.0,,,0.5,,86.8,33.38,47.07,14.58,32,Não,6,8,False,,True,,False,False,True,True,True,True,8,10,True,True,True,True,True,False,True,False,True,True,True,0.61,True,17310490624.0,12.27,3.21,2.33,1.39,26.12,14.98,23.37,21.63,7.13,2.09,1.84,0.92,0.82,17.03,269.5,14.27,7.39,1.0,42.41,54.01,27.05,47.43,9.2,-37.7,-5.8,0.95,0.44,29.530000686645508,2.928106712795704,5.431637952236031,31.88855004874107,22.319266535961493,39.44119839273207,10.59424454785779,29.12086457281261,23.23716260915615,,,,6,False,13.5,,,2026-11-04,2026-06-16,última,,,True,False,,,Lateral,32.5099983215332,-9.166403533505797,-38.071169747067316,True,False,False,sem sinal (Lateral)
BBDC3,BOVA11,BOVA11,Produtos financeiros,60.82,60.52,62.5,15.65,,0.4,,51.34,66.79,66.43,74.31,33,Não,3,6,False,,True,,False,False,True,,True,True,5,8,True,False,False,,True,,True,False,True,True,True,,True,158038196224.0,6.21,0.88,9.75,8.7,14.13,11.35,0.0,26.07,,,,,0.96,54.01,17.8,,1.07,,92.32,7.66,12.38,17.96,17.8,-18.8,-7.4,1.16,0.85,14.59000015258789,9.063340805399973,16.81249719401695,31.13003253168913,29.6046151196435,35.70108817715818,25.561650093994235,15.873654073922825,,20.64188015627507,21.187073644005594,19.068366279605033,4,True,3.4,30.694764086227888,41.479643182962775,2026-11-04,2026-09-02,próxima,,,False,False,,,Em Baixa,16.36358070373535,-10.838584679345898,-19.792003010792758,True,False,False,sem sinal (Em Baixa; sem novo topo (-10.8%))
ISAE4,BOVA11,BOVA11,Serviços públicos,60.73,60.86,60.0,,,0.1,,61.52,54.63,59.4,76.39,34,Não,5,8,False,,True,,False,False,True,True,True,True,6,10,False,True,False,True,True,False,True,True,True,True,False,0.7,True,18029457408.0,6.38,0.81,6.79,8.95,12.71,14.91,9.63,26.39,7.29,3.41,5.28,0.79,1.17,57.13,220.0,8.6,6.2,0.28,54.58,44.81,20.38,31.63,26.7,-18.3,-8.7,0.97,0.68,25.829999923706055,16.52102134666548,28.522068422046726,49.925200252638895,53.8967794539193,58.31308989530782,43.073419783153696,24.68184377876827,29.0911494489534,38.0030715476817,36.08228461605355,32.47405615444819,8,True,3.5,25.722246420312246,47.127648702792044,n/d,n/d,,,,False,False,,,Em Baixa,28.5,-9.368421320329634,-19.390585756340904,False,False,False,sem sinal (Em Baixa; sem novo topo (-9.4%))
ITSA4,BOVA11,BOVA11,Financial Services,60.55,59.47,66.66666666666667,,,0.4,,61.52,47.63,,79.86,35,Não,5,6,False,,True,,False,False,True,,True,True,6,9,True,True,True,,True,,True,False,True,True,True,,True,139979800576.0,7.71,1.49,10.48,9.4,19.36,17.48,0.38,214.29,,,,,1.45,72.46,28.4,6.57,0.38,0.64,16.02,79.82,9.45,14.81,31.7,-16.0,-7.1,1.24,0.88,12.4399995803833,8.350519914086494,14.207215661383136,19.608004995729754,17.40970056169265,23.766967514021008,17.415386680370045,9.71848381306445,,14.895281812892357,15.81130117087659,14.230171053788931,4,True,2.3,14.390446413105673,19.73699610392916,n/d,2026-09-01,próxima,,,False,False,,,Em Baixa,13.880000114440918,-10.374643531590632,-17.343838879324757,True,False,False,sem sinal (Em Baixa; sem novo topo (-10.4%))
ITUB4,BOVA11,BOVA11,Produtos financeiros,60.0,57.35,75.0,15.95,,0.4,,59.17,39.36,70.71,67.36,36,Não,4,6,False,,True,,False,False,True,,True,True,6,8,True,True,False,,True,,True,False,True,True,True,,True,429853016064.0,9.23,2.07,8.89,7.15,22.45,19.06,0.0,32.58,,,,,1.21,66.01,8.1,7.62,1.58,,92.99,6.67,32.62,48.43,17.4,-20.9,-8.1,1.18,0.86,38.310001373291016,19.57068233145235,36.30361572484411,54.99539742102988,41.573578000899005,61.35490160458721,45.24085565042924,30.995020244986424,,39.02763778193889,40.77223568763667,36.69501211887301,4,True,2.8,-4.215581301294202,1.8732351420592819,n/d,2026-09-01,próxima,,,False,False,,,Em Baixa,43.16999816894531,-11.257810983995764,-21.366448263025283,True,False,False,sem sinal (Em Baixa; sem novo topo (-11.3%))
EZTC3,SMALL11,SMALL11,Consumo discricionário,59.87,58.08,70.0,,,0.9,,52.8,60.8,68.5,54.17,37,Não,3,8,False,,True,,False,False,True,True,False,True,7,10,False,False,False,True,False,True,True,False,True,False,True,0.0,True,2959420928.0,5.57,0.57,9.38,5.55,10.15,7.87,5.14,36.95,9.44,0.07,3.06,0.34,0.79,30.9,-22.5,4.67,2.75,2.48,28.86,69.9,9.84,16.23,6.9,-35.2,-18.8,1.32,0.62,10.515433311462402,4.166694016058617,7.729217399788733,25.014271342347723,27.993255436911134,23.713843123856474,14.303836042173014,13.366225155542718,4.444971045389662,18.6867747501033,19.008839583014744,17.10795562471327,6,True,6.7,62.69377702262307,77.70808103298688,n/d,n/d,,,,False,False,,,Em Baixa,11.387590408325195,-7.658837959478937,-36.05121229499043,False,False,False,sem sinal (Em Baixa; sem novo topo (-7.7%))
SEER3,SMALL11,SMALL11,Consumo discricionário,59.74,61.46,50.0,,,0.9,,70.02,82.52,35.86,21.53,38,Não,6,8,False,,False,,False,False,True,False,True,False,5,10,True,True,True,False,True,True,True,False,True,False,True,0.78,True,1443016192.0,5.34,0.95,4.24,2.41,17.83,-1.1,17.04,10.92,2.49,1.82,1.56,1.16,0.36,12.88,72.6,4.51,8.94,0.47,59.3,40.7,7.9,13.75,46.2,-16.0,-3.5,1.43,0.48,11.550000190734863,1.9898269397004578,3.691128973144349,28.65870833843388,24.324326224406047,37.660595508769546,12.111493333333335,26.17134874679623,38.03205932554672,,,,6,False,19.1,,,n/d,n/d,,,,False,False,,,Em Baixa,12.350000381469727,-6.477734137848323,-18.259022666739288,False,False,False,sem sinal (Em Baixa; sem novo topo (-6.5%))
KEPL3,SMALL11,SMALL11,Bens Industriais,59.45,64.65,30.0,,,0.7,,65.32,50.17,65.27,96.53,39,Não,6,8,False,,True,,False,False,True,True,False,False,3,10,True,True,True,False,False,True,True,True,True,True,True,-0.02,True,1001429248.0,7.43,1.3,4.99,16.59,17.52,36.22,12.97,9.71,5.92,-0.07,2.04,0.43,,123.23,-56.2,10.47,6.76,1.34,48.81,51.19,5.75,10.45,0.0,-45.0,-18.5,0.99,0.49,5.75,6.811840546122467,9.918039835154312,8.048452220726784,8.775927377522104,,9.431259933322844,2.0673908863680066,5.159613420895537,8.024188888957342,8.412189799124445,7.570970819212,6,True,4.8,31.669057725426097,39.551111112301605,n/d,n/d,,,,False,False,,,Em Baixa,6.489999771118164,-11.40215404030237,-45.238095238095234,False,False,False,sem sinal (Em Baixa; sem novo topo (-11.4%))
ABEV3,BOVA11,BOVA11,Bens de primeira necessidade,59.45,59.35,60.0,,,0.0,,79.31,19.13,67.64,53.47,40,Não,6,8,False,,True,,False,False,True,True,True,True,6,10,True,True,True,True,False,True,True,False,True,True,True,-0.17,True,227444981760.0,14.31,2.63,5.25,5.43,18.4,17.07,20.62,18.41,8.08,-0.57,1.02,0.03,3.49,77.72,24.6,13.29,10.3,0.81,38.81,60.59,11.06,16.9,34.8,-11.7,-5.4,0.66,0.45,14.920000076293945,5.788111303901052,8.520258228208217,10.962687626479639,11.536189815744601,9.936894439671034,14.940852754589875,5.471927389496246,10.45512222103527,9.701505472390743,10.196008330353152,9.176407497317838,8,True,2.7,-38.4959286166625,-34.97650520923759,2026-10-29,2026-09-22,próxima,,,False,False,,,Em Baixa,16.100000381469727,-7.32919426842934,-12.197512763210916,True,False,False,sem sinal (Em Baixa; sem novo topo (-7.3%))
ALUP11,SMALL11,SMALL11,Serviços públicos,58.95,58.77,60.0,,,0.1,,66.89,55.23,49.31,50.0,41,Não,6,8,False,,True,,False,False,True,False,False,True,6,10,True,True,True,True,False,False,True,True,True,True,False,0.82,True,14845222912.0,7.42,1.07,3.46,4.63,14.38,12.27,10.21,25.17,6.1,3.73,3.3,1.14,0.79,34.36,-33.8,11.25,5.16,0.32,60.84,28.54,28.16,36.3,11.9,-13.2,-4.9,0.79,0.67,31.520000457763672,10.425424045625215,19.339161604634775,56.2857151031494,53.062002128556394,59.768078524473275,26.62216528447835,36.552293319535444,53.862512628604705,43.641704084776045,53.062002128556394,47.75580191570076,7,True,5.7,51.50952164386171,38.45718099926829,n/d,n/d,,,,False,False,,,Em Baixa,32.98027420043945,-4.427718622958943,-13.941482550489525,False,False,False,sem sinal (Em Baixa; sem novo topo (-4.4%))
BBDC4,BOVA11,BOVA11,Produtos financeiros,58.92,58.29,62.5,15.65,,0.4,,51.34,58.69,66.43,72.22,42,Não,3,6,False,,True,,False,False,True,,True,True,5,8,True,False,False,,True,,True,False,True,True,True,,True,180148305920.0,7.08,1.0,9.4,8.33,14.13,11.35,0.0,26.07,,,,,1.22,58.95,17.8,5.5,1.07,,92.32,7.66,14.51,20.89,14.8,-20.3,-8.1,1.23,0.83,16.65999984741211,9.907977230693414,17.8986128145783,30.363237265667216,29.699533194615825,33.24149128880173,27.957455011707047,14.865809854008148,,21.531820580661496,22.928033913142674,20.635230521828408,4,True,3.1,23.860928636405674,29.24262171590688,n/d,n/d,,,,False,False,,,Em Baixa,18.718494415283203,-10.997116125912253,-21.559297772082765,False,False,False,sem sinal (Em Baixa; sem novo topo (-11.0%))
CPFE3,BOVA11,BOVA11,Serviços públicos,58.4,59.88,50.0,,,0.1,,76.73,41.9,31.64,85.42,43,Não,6,8,False,,True,,False,False,True,False,True,True,5,10,True,True,True,False,False,True,True,True,True,True,True,1.25,True,47576588288.0,7.92,2.09,9.04,10.15,26.43,27.84,15.57,13.16,5.39,2.01,0.92,1.36,1.53,80.39,5.3,9.46,8.86,0.29,71.02,27.73,35.03,52.32,23.4,-17.4,-5.5,0.93,0.66,43.22999954223633,31.34421479731275,52.34136487338086,65.10579735885732,50.40118601248363,83.69032517765062,60.87589154284712,32.35998938881896,73.8080694628025,56.24085482676922,56.60862820811399,50.947765387302596,8,True,2.7,17.8528011260465,30.09682031530234,n/d,n/d,,,,False,False,,,Em Baixa,46.709999084472656,-7.450223957279311,-18.421397525051642,False,False,False,sem sinal (Em Baixa; sem novo topo (-7.5%))
GMAT3,SMALL11,SMALL11,Bens de primeira necessidade,58.36,56.89,66.66666666666667,,,0.0,,49.89,76.22,59.89,34.03,44,Não,4,8,False,,True,,False,,True,True,False,True,6,9,True,True,False,False,False,True,True,False,False,True,True,0.43,True,9165889536.0,5.64,0.82,3.0,3.24,14.52,15.23,10.1,4.49,4.03,1.92,1.71,0.56,0.48,18.27,-25.0,4.47,6.03,1.0,52.91,42.64,3.57,7.49,6.2,-49.4,-8.9,1.21,0.52,3.7899999618530273,0.876841108578418,1.6265402564129654,8.903811967119255,8.359570918501346,10.151347282106581,4.238222298719218,6.807888073732977,6.415178846778707,,,,6,False,11.6,,,n/d,n/d,,,,False,False,,,Em Baixa,4.03000020980835,-5.95534083028586,-49.64134991251271,False,False,False,sem sinal (Em Baixa; sem novo topo (-6.0%))
BMOB3,SMALL11,SMALL11,Comunicação,58.3,54.47,80.0,,,0.4,,60.4,28.21,73.06,56.25,45,Não,7,8,False,,True,,False,False,True,True,True,True,8,10,True,True,True,False,True,True,True,True,True,True,True,-0.32,True,1899135232.0,12.23,2.08,9.36,5.97,16.97,10.68,11.27,8.91,6.71,-1.89,1.78,0.05,2.67,73.06,8.5,10.18,5.41,1.43,47.82,51.18,17.99,28.16,27.2,-18.8,-7.3,1.19,0.6,22.8799991607666,9.762696613332507,15.159882352862288,20.75045142188135,21.518022993267664,19.72903463746444,23.377841557463896,10.374169896464078,19.0226048670283,17.461838042470564,19.37581975224637,17.438237777021737,8,True,2.4,-23.783923004141126,-23.680774987032382,n/d,n/d,,,,False,False,,,Em Baixa,23.940000534057617,-4.427741644295424,-19.469420720204933,False,False,False,sem sinal (Em Baixa; sem novo topo (-4.4%))
CMIG4,BOVA11,BOVA11,Serviços públicos,57.65,57.23,60.0,,,0.1,,55.93,55.82,41.22,98.61,46,Não,5,8,False,,True,,True,False,True,True,False,True,6,10,True,True,False,False,False,True,True,True,True,True,True,0.64,True,29264775168.0,6.37,1.0,10.33,17.43,15.75,21.33,9.3,11.15,6.37,2.35,0.93,0.69,,111.01,-5.8,8.59,5.93,0.42,57.36,42.63,9.45,13.28,9.0,-22.4,-9.4,0.96,0.72,10.300000190734863,12.821400376385563,18.667958948017382,16.816326842016103,19.357923784602733,,14.91254770751906,4.319578460792598,13.91341897126207,16.08159610496715,15.864437274767582,14.277993547290825,6,True,4.5,38.62129400865717,56.131998127854345,n/d,n/d,,,,False,False,,,Em Baixa,11.34000015258789,-9.171075377946003,-22.76344533390321,False,False,False,sem sinal (Em Baixa; sem novo topo (-9.2%))
TFCO4,SMALL11,SMALL11,Consumo discricionário,57.28,58.56,50.0,,,0.9,,81.88,27.27,66.15,16.67,47,Não,5,8,False,,True,,False,False,True,True,False,True,5,10,True,True,True,False,False,True,True,False,True,True,True,0.2,True,2016857856.0,13.85,3.32,2.4,1.72,23.99,26.81,27.1,13.23,8.54,0.47,2.83,0.3,0.92,23.84,-1.4,8.74,15.28,1.67,41.96,57.74,13.51,18.1,0.0,-25.4,-10.5,1.26,0.68,13.510000228881836,1.6613840516121055,3.0818674157404553,12.924729460843631,9.450454312416753,16.311146581645996,6.0159375,11.802960488770413,5.959689919669288,,,,6,False,9.8,,,n/d,n/d,,,,False,False,,,Em Baixa,15.010000228881836,-9.993337622432152,-25.678824701552504,False,False,False,sem sinal (Em Baixa; sem novo topo (-10.0%))
BPAC11,BOVA11,BOVA11,Produtos financeiros,56.85,53.65,75.0,15.65,,0.4,,60.29,41.56,66.43,28.47,48,Não,4,6,False,,True,,False,False,True,,True,True,6,8,True,True,False,,True,,True,False,True,True,True,,True,171847565312.0,10.9,2.49,2.77,2.74,22.88,20.48,0.0,39.8,,,,,0.73,29.82,20.0,8.44,2.41,,90.46,8.68,41.48,63.41,21.1,-20.8,-8.8,1.63,0.82,50.2400016784668,9.818675490896894,18.21364303561374,61.07156167336559,45.74335157142415,81.7487598210604,11.768333333333333,55.77101103756406,,13.266883953281322,11.768333333333333,10.5915,3,True,6.2,-78.91819337948074,-73.59298664401199,n/d,n/d,,,,False,False,,,Em Baixa,56.29629898071289,-10.757896010750157,-22.17543703034699,False,False,False,sem sinal (Em Baixa; sem novo topo (-10.8%))
RECV3,BOVA11+SMALL11,BOVA11,Energia,56.83,61.57,30.0,,,0.9,,56.6,70.47,51.47,81.94,49,Não,3,8,False,,True,,False,False,True,True,False,False,3,10,False,False,False,True,False,True,True,False,True,True,True,0.36,True,3084497152.0,6.18,0.7,12.98,9.76,11.26,17.76,10.15,17.93,3.26,1.18,2.18,0.77,1.38,60.32,-45.6,6.41,4.63,0.52,50.04,49.96,9.18,13.91,16.0,-23.4,-6.7,0.72,0.4,10.649999618530273,7.42521259274565,11.392612506797926,18.886327443058008,24.288326577750116,24.52013305699802,21.18317564192729,9.443212095221316,10.394054072573695,15.941631748384001,15.139469974927966,13.62552297743517,8,True,3.3,27.939187469337455,49.68668844500848,n/d,n/d,,,,False,False,,,Lateral,10.890000343322754,-2.203863335409695,-25.21381390227081,False,False,False,sem sinal (Lateral)
BLAU3,SMALL11,SMALL11,Cuidados de saúde,56.67,61.38,30.0,,,0.2,,59.73,54.88,83.75,40.28,50,Não,5,8,False,,True,,False,False,True,True,False,False,3,10,False,True,True,False,False,True,True,True,True,True,True,0.01,True,2083484416.0,9.0,0.9,8.24,3.82,10.02,13.86,12.24,13.82,4.84,0.05,2.66,0.25,1.37,34.34,-56.7,6.42,5.87,1.38,37.94,62.5,8.35,13.7,7.5,-34.5,-10.5,0.77,0.26,8.979999542236328,2.4470614435780593,4.5392989778373,13.220554881625704,14.966665903727215,10.371535053982125,6.805272865218246,6.792060232588938,9.96375119865584,9.522734159090765,9.96375119865584,8.967376078790256,7,True,6.1,-0.14057309676575036,6.043815640543748,n/d,n/d,,,,False,False,,,Em Baixa,9.300000190734863,-3.440867117587121,-37.12833945897515,False,False,False,sem sinal (Em Baixa; sem novo topo (-3.4%))
IGTI11,BOVA11+SMALL11,BOVA11,Imobiliário,56.37,53.97,70.0,,,0.8,,72.26,36.73,50.24,22.22,51,Não,3,7,False,,True,,False,False,True,True,False,True,7,10,False,False,True,True,False,True,,False,True,False,True,0.49,True,,11.03,1.43,1.24,2.45,12.93,7.32,12.16,41.91,8.48,2.15,2.73,0.9,1.17,27.05,-35.4,10.33,5.46,0.48,51.02,48.98,21.35,30.19,12.0,-20.8,-8.2,1.29,0.79,23.920000076293945,4.190203536623947,7.772827560437423,28.734360925738418,28.569106683374134,25.77377392964576,2.9729122479270838,18.650955315687472,16.893521770005467,,,,6,False,9.7,,,n/d,n/d,,,,False,False,,,Em Baixa,25.56999969482422,-6.452873047410557,-21.384567667436805,False,False,False,sem sinal (Em Baixa; sem novo topo (-6.5%))
EVEN3,SMALL11,SMALL11,Consumo discricionário,56.3,55.65,60.0,,,0.9,,41.39,70.7,57.84,77.78,52,Não,2,8,False,,True,,False,False,True,True,False,True,6,10,False,False,False,False,False,True,True,False,True,False,True,0.29,True,849166272.0,4.32,0.44,21.41,9.08,10.28,7.88,4.93,11.31,7.16,2.13,4.53,0.65,0.69,39.24,-39.4,2.78,3.16,1.27,57.92,36.05,4.25,8.43,4.0,-47.6,-22.9,1.3,0.62,4.420000076293945,2.8676712582079147,5.319530183975681,13.55671319696638,15.20706226829807,15.68418974722711,15.328243592208004,6.7503482353301,1.6698542147588975,,,,6,False,9.4,,,n/d,n/d,,,,False,False,,,Em Baixa,4.980000019073486,-11.244978727605048,-48.1892909172102,False,False,False,sem sinal (Em Baixa; sem novo topo (-11.2%))
SANB11,BOVA11,BOVA11,Produtos financeiros,55.85,56.88,50.0,14.99,,0.4,,53.8,57.56,57.0,68.75,53,Rompimento,3,6,False,,True,,True,False,True,,True,False,4,8,True,False,False,,True,,True,False,True,True,True,,True,160828260352.0,7.24,1.14,7.71,7.32,15.69,10.65,0.0,28.66,,,,,0.98,52.99,49.8,6.39,1.11,,90.04,9.86,24.03,36.14,24.1,-17.5,7.8,1.19,0.66,29.829999923706055,15.59354764317815,28.926030878095464,54.592195992970325,49.2518788521273,60.54588255741504,36.61540397037969,30.110657034383244,,33.9317946211559,32.770717424237574,29.493645681813817,4,True,3.5,-1.1275703746312593,13.750568916998663,n/d,n/d,,,Rompimento,False,False,,,Em Alta,29.6200008392334,0.708977307639036,-18.182247825283937,False,True,False,"Rompimento (vol x0.9, +0.7% do topo, MM50>MM200)"
UGPA3,BOVA11,BOVA11,Consumo discricionário,55.82,53.32,70.0,,,0.9,,64.88,43.72,41.35,49.31,54,Pivô de alta,6,8,False,,True,,False,False,True,True,True,True,7,10,True,True,True,False,False,True,True,True,False,True,True,0.63,True,34387558400.0,10.42,2.01,4.03,4.42,19.25,16.17,21.5,2.26,4.93,1.13,1.64,0.98,1.0,46.07,44.3,11.8,9.73,0.63,64.07,31.75,15.91,33.39,101.4,-4.0,10.9,1.04,0.58,32.040000915527344,10.1187783637483,18.770333864753095,40.74184377454292,33.20870120863633,45.516160516644355,24.17667146032857,28.278807201543408,24.453744304687937,30.735180333019517,28.278807201543408,25.450926481389068,7,True,4.5,-20.565150580083326,-4.072473611807792,n/d,n/d,,,Pivô de alta,False,False,,,Em Alta,33.38999938964844,-4.0431221886743085,-4.0431221886743085,False,True,False,Pivô de alta
WEGE3,BOVA11+Carteira,BOVA11,Bens Industriais,55.76,55.01,60.0,,,0.7,,87.02,6.91,60.54,20.14,55,Fundo duplo,6,8,False,,True,,False,False,True,True,False,True,6,10,True,True,True,True,False,True,True,False,True,True,True,-0.17,True,199301906432.0,31.88,10.57,4.22,2.33,33.16,31.31,24.33,15.58,20.72,-0.35,1.59,0.29,3.74,74.29,-2.1,25.71,11.21,1.12,56.49,40.84,34.11,53.79,39.3,-11.7,3.3,0.74,0.44,47.5,7.906302689982489,14.666191489917518,19.742001254705144,12.274059342193862,16.17495974145298,20.901184994235866,11.965028262906305,12.747488343127607,14.547152014815222,13.706839916522561,12.336155924870306,8,True,2.6,-74.02914542132567,-69.37441681091532,2026-10-21,2026-06-22,última,,Fundo duplo,False,True,49.82,-4.66,Em Alta,49.16999816894531,-3.3963763089990273,-12.499484708580122,False,True,False,Fundo duplo — rompeu pescoço ~R$46.91 (candidato)
TAEE11,BOVA11+SMALL11,BOVA11,Serviços públicos,55.67,58.44,40.0,,,0.1,,76.29,32.32,36.04,88.19,56,Não,6,8,False,,True,,False,False,True,False,False,True,4,10,True,True,True,True,False,False,True,True,True,True,False,0.43,True,39210991616.0,8.04,1.62,8.63,10.68,20.14,22.05,11.11,33.52,9.31,4.41,2.29,1.49,2.83,85.9,-3.2,8.76,6.46,0.24,66.19,33.81,30.57,44.27,25.0,-13.7,-5.4,0.87,0.69,38.209999084472656,29.158358103809896,37.61987541632884,43.79728914552141,50.22069917556948,64.27345107938045,16.62590634978109,21.18176490883283,26.27915155320663,36.14456196655383,33.38911676006937,30.050205084062434,8,True,3.9,-21.355127442874256,-5.405488530247449,n/d,n/d,,,,False,False,,,Em Baixa,41.41999816894531,-7.749877417617457,-14.166197668071357,False,False,False,sem sinal (Em Baixa; sem novo topo (-7.7%))
CMIN3,BOVA11,BOVA11,Materiais,55.63,61.92,20.0,,,1.0,,83.22,30.56,35.55,97.22,57,Fundo duplo,6,8,False,,True,,False,False,True,False,False,False,2,10,True,True,True,False,False,True,True,True,True,True,True,0.15,True,29817122816.0,12.9,4.1,19.66,16.62,31.79,32.01,20.33,13.41,5.02,0.18,1.17,1.22,,214.34,-10.5,13.45,8.04,0.53,80.09,19.91,4.08,6.24,34.6,-12.0,13.2,1.09,0.5,5.489999771118164,6.515642835380603,9.48677596831416,4.426046327103016,3.580773096696759,,5.333333333333334,1.1369102516047584,5.473000524896097,,,,6,False,8.3,,,n/d,n/d,,,Fundo duplo,False,False,,,Em Alta,5.980000019073486,-8.19398405338535,-13.853497508086832,False,True,False,Fundo duplo — rompeu pescoço ~R$4.78 (candidato)
SBSP3,BOVA11,BOVA11,Serviços públicos,55.33,54.51,60.0,,,0.1,,74.05,38.87,44.83,25.0,58,Não,7,8,False,,True,,False,False,True,False,True,True,6,10,True,True,True,True,False,True,True,True,True,True,True,0.74,True,83662430208.0,10.43,1.86,2.84,2.57,17.8,17.28,12.72,22.03,7.78,2.14,1.74,1.18,0.8,26.77,15.4,9.63,8.11,0.3,59.31,40.69,21.8,35.21,11.4,-31.0,-18.4,1.17,0.69,24.280000686645508,4.451767303074355,8.258028347202927,30.844679683418306,26.14817166106953,36.318348753733055,11.808513460228918,25.29145059549662,24.280000686645508,,,,6,False,8.2,,,n/d,n/d,,,,False,False,,,Em Baixa,28.8700008392334,-15.898857011289824,-31.253184944874935,False,False,False,sem sinal (Em Baixa; sem novo topo (-15.9%))
SAPR11,SMALL11,SMALL11,Serviços públicos,55.32,54.5,60.0,,,0.1,,53.69,52.85,55.08,61.11,59,Não,5,8,False,,True,,False,False,False,True,False,True,6,10,False,False,True,True,False,True,True,True,True,True,True,0.15,True,9862123520.0,21.66,0.81,1.69,6.34,3.76,14.91,11.83,16.66,3.88,0.7,1.08,0.57,,137.34,-70.8,6.14,5.47,0.51,53.34,46.66,31.45,47.9,1.2,-33.5,-18.2,0.98,0.56,31.84000015258789,14.420757945820839,20.996623569115144,15.287904043717177,36.057248635735235,,13.483333333333334,3.926975351888891,70.84767162271743,,,,5,False,18.0,,,n/d,n/d,,,,False,False,,,Em Baixa,36.7400016784668,-13.336965982641157,-34.646963557427476,False,False,False,sem sinal (Em Baixa; sem novo topo (-13.3%))
RDOR3,BOVA11,BOVA11,Cuidados de saúde,55.16,52.54,70.0,,,0.2,,70.92,22.82,52.74,43.75,60,Não,4,8,False,,True,,False,False,True,False,True,True,7,10,True,True,True,False,False,False,True,False,True,True,True,0.72,True,73271140352.0,15.64,3.64,12.9,4.01,23.26,13.61,15.63,8.35,6.65,1.09,2.9,2.51,1.8,62.68,22.1,12.45,6.45,0.64,79.71,18.16,32.33,44.66,6.8,-22.7,-3.5,1.16,0.65,34.540000915527344,9.887196512738589,18.340749531130083,29.261829420123863,21.714235199449263,28.022078318981123,23.03467646794585,17.950438925234465,26.554408527257397,21.84570161285758,22.374455833697557,20.1370102503278,8,True,3.0,-41.69945073372805,-36.7524579218036,n/d,n/d,,,,False,False,,,Em Baixa,34.63999938964844,-0.2886792028956475,-23.162475245897916,False,False,False,sem sinal (Em Baixa; sem novo topo (-0.3%))
VIVT3,BOVA11,BOVA11,Comunicação,54.72,46.73,100.0,,,0.4,,46.76,34.51,54.03,62.5,61,Não,5,8,False,,True,,True,True,True,True,True,True,10,10,False,True,True,False,True,False,True,True,True,False,True,0.16,True,95037333504.0,14.54,1.46,8.36,6.44,10.05,7.53,9.1,10.68,4.21,0.56,0.95,0.3,22.61,93.6,18.5,9.62,5.51,0.48,46.12,53.66,29.4,40.95,0.0,-28.2,-16.2,0.8,0.54,29.399999618530273,13.518809542915648,14.260749194942107,15.235572387287492,30.267737069974878,14.31695311390505,30.500205858955866,6.218930216526841,37.857016220059975,17.759851054929698,14.31695311390505,12.885257802514547,7,True,6.1,-56.17259193978625,-39.59234256678019,n/d,n/d,,,,False,False,,,Em Baixa,35.95353698730469,-18.22779597759322,-28.687363174849455,False,False,False,sem sinal (Em Baixa; sem novo topo (-18.2%))
CPLE3,BOVA11,BOVA11,Serviços públicos,54.69,50.22,80.0,,,0.1,,53.24,43.67,37.46,78.47,62,Não,5,8,False,,True,,False,False,True,True,True,True,8,10,False,True,True,False,True,True,True,False,True,False,True,0.9,True,40653967360.0,13.03,1.69,7.76,9.16,12.99,9.34,9.82,11.41,8.69,2.97,1.3,0.98,0.26,119.37,50.0,12.28,5.45,0.3,61.78,38.29,10.16,16.67,35.8,-17.2,-8.6,1.12,0.76,13.800000190734863,9.029970650062753,16.750595555866404,14.03300096141496,13.949376341337542,31.772832365467835,8.56043112128839,12.815042387405361,11.604130684221055,14.814422508383037,13.382209364371452,12.043988427934307,8,True,3.7,-12.72472274297155,7.350886258170086,n/d,n/d,,,,False,False,,,Em Baixa,14.930000305175781,-7.56865432915752,-18.206696658472566,False,False,False,sem sinal (Em Baixa; sem novo topo (-7.6%))
LOGG3,SMALL11,SMALL11,Imobiliário,53.0,50.0,70.0,,,0.8,,53.24,51.09,19.8,93.06,63,Não,3,8,False,,True,,True,True,True,True,True,False,7,10,False,False,False,True,True,False,True,False,True,False,False,0.64,True,2053712256.0,5.52,0.59,28.59,13.22,10.63,8.83,3.04,149.65,19.06,13.51,0.45,0.63,1.92,72.98,53.8,3.81,1.51,0.28,45.7,53.91,15.68,28.3,53.4,-15.0,-5.1,0.93,0.53,24.059999465942383,22.720656189059085,29.406790142882905,40.295379684626774,63.23992231035429,70.14490586701378,45.05603459454825,19.5136915751841,,41.482482909095594,40.295379684626774,36.2658417161641,7,True,3.6,50.73085004635778,72.41265099700121,n/d,n/d,,,,False,False,,,Em Baixa,26.190000534057617,-8.132879055673826,-16.167251476134947,False,False,False,sem sinal (Em Baixa; sem novo topo (-8.1%))
FLRY3,BOVA11+SMALL11,BOVA11,Cuidados de saúde,52.73,49.68,70.0,,,0.2,,58.17,26.13,52.92,63.89,64,Fundo duplo,4,8,False,,True,,False,False,True,True,True,True,7,10,False,True,True,False,False,False,True,True,True,True,True,0.7,True,9910305792.0,14.16,1.84,6.42,6.57,13.0,10.93,12.7,8.01,5.89,1.78,1.86,0.98,15.7,93.06,14.4,12.1,6.47,0.55,61.45,37.83,12.84,18.54,42.7,-1.2,16.1,0.94,0.6,18.31999969482422,8.600108924075256,9.275284608325258,9.9668395275773,17.02457123442257,9.669943069607356,17.59161070723844,4.189804454993885,15.98155595906249,11.537464810662819,9.818391298592328,8.836552168733096,8,True,4.2,-51.76554412700342,-37.02257094511637,n/d,n/d,,,Fundo duplo,False,False,,,Em Alta,18.541507720947266,-1.1946602695788178,-5.100795402160085,False,True,False,Fundo duplo — rompeu pescoço ~R$17.30 (candidato)
HYPE3,BOVA11+SMALL11,BOVA11,Cuidados de saúde,52.52,54.73,40.0,,,0.2,,61.07,45.88,58.05,41.67,65,Rompimento,3,8,False,,True,,False,False,True,True,True,False,4,10,False,True,False,True,False,False,True,False,True,True,True,0.42,True,15142952960.0,8.67,1.05,4.89,3.87,12.1,12.72,10.74,19.82,7.44,2.16,1.86,0.52,1.08,33.56,4.6,6.66,6.32,0.5,50.22,49.77,19.85,26.59,10.0,-17.9,0.6,1.02,0.58,21.84000015258789,6.037983747076345,11.20045985082662,33.3771628629515,34.33520920087163,30.001848647260324,25.20740171561732,19.45919799356035,13.25100495564942,23.833183603819595,25.20740171561732,22.68666154405559,7,True,5.7,3.8766546957527126,9.126297789863003,n/d,n/d,,,Rompimento,False,False,,,Em Alta,21.649999618530273,0.8776006346669751,-18.52132461219943,False,True,False,"Rompimento (vol x0.7, +0.9% do topo, MM50>MM200)"
SBFG3,SMALL11,SMALL11,Consumo discricionário,52.22,49.08,70.0,,,0.9,,44.74,81.83,28.54,27.78,66,Não,3,8,False,,True,,False,True,True,True,True,True,7,10,False,True,False,False,True,False,True,False,False,True,False,0.81,True,1986017024.0,4.74,0.62,6.29,2.68,13.07,10.92,8.98,5.01,4.03,3.46,1.62,1.0,0.42,12.71,222.5,3.75,4.64,0.8,67.87,32.13,8.53,14.95,2.7,-41.4,-17.8,1.62,0.67,8.760000228881836,1.6782278583089085,3.1131126771630253,24.487342411958714,24.238757903890857,26.040653982969804,5.365244263034779,18.189784438730555,8.760000228881836,,,,5,False,15.5,,,n/d,n/d,,,,False,False,,,Em Baixa,9.649999618530273,-9.222791967156441,-42.68720691250788,False,False,False,sem sinal (Em Baixa; sem novo topo (-9.2%))
GGPS3,SMALL11,SMALL11,Bens Industriais,52.04,52.4,50.0,,,0.7,,62.42,47.73,52.17,19.44,67,Não,5,8,False,,True,,False,False,True,False,True,True,5,10,True,True,False,False,True,True,True,False,False,True,True,0.52,True,8441372160.0,9.22,1.88,2.61,2.31,20.36,19.43,11.88,5.1,5.98,1.03,2.87,1.38,0.61,21.32,207.7,7.5,7.28,0.78,74.55,25.29,11.0,19.55,1.5,-42.9,-16.5,1.08,0.6,11.15999984741211,1.8430867076733528,3.418925842734069,16.037960735163818,12.714844773765115,20.95479518640006,9.395602678571429,14.645986784564698,9.637248728256367,,,,6,False,11.4,,,n/d,n/d,,,,False,False,,,Em Baixa,11.800000190734863,-5.423731635405138,-43.206106544205504,False,False,False,sem sinal (Em Baixa; sem novo topo (-5.4%))
COGN3,BOVA11+SMALL11,BOVA11,Consumo discricionário,51.9,51.26,55.55555555555556,,,0.9,,44.97,74.07,40.3,44.44,68,Não,1,8,False,,False,,False,,False,True,True,False,5,9,False,False,False,False,False,False,True,False,True,False,False,0.4,True,4222593280.0,6.21,0.32,5.62,4.01,5.11,0.79,10.24,8.92,3.26,3.08,1.65,0.49,1.62,24.93,53.9,4.3,3.72,0.45,44.22,55.77,2.03,4.57,7.9,-52.1,-14.3,1.61,0.62,2.190000057220459,0.6280175673189529,0.8982211770180594,3.6027654402772504,7.369102476961512,2.7686141767622248,3.2141396553175126,1.792425412676009,11.80649876223086,,,,5,False,18.8,,,n/d,n/d,,,,False,False,,,Em Baixa,2.3299999237060547,-6.008578157501166,-53.66788309354632,False,False,False,sem sinal (Em Baixa; sem novo topo (-6.0%))
EGIE3,BOVA11+Wishlist,BOVA11,Serviços públicos,51.15,53.12,40.0,,,0.1,,80.43,31.77,15.78,58.33,69,Não,7,8,False,,True,,False,False,True,False,True,False,4,10,True,True,True,True,True,False,True,True,True,True,False,1.43,True,39701176320.0,10.03,2.64,3.47,6.07,26.37,32.12,11.59,28.94,8.59,3.56,1.09,2.06,0.97,60.92,270.0,10.69,6.68,0.19,74.84,23.06,26.94,37.88,5.0,-25.3,-13.8,0.89,0.61,28.290000915527344,12.272571032521112,22.765619265326663,37.37213480864778,26.07785046170729,46.1999306966103,42.83137019675052,25.807263680670367,23.73103380383897,29.632221743259127,25.94255707118883,23.348301364069947,8,True,3.8,-17.46800774667023,4.74450613041546,2026-08-05,2026-08-21,próxima,,,True,False,,,Em Baixa,30.149999618530273,-6.169150005095747,-27.120459528589848,False,False,False,sem sinal (Em Baixa; sem novo topo (-6.2%))
MDIA3,SMALL11,SMALL11,Bens de primeira necessidade,51.09,53.05,40.0,,,0.0,,38.7,58.06,88.92,33.33,70,Não,2,8,False,,True,,False,False,False,True,True,True,4,10,False,False,False,False,False,True,True,False,False,False,True,-0.02,True,5795329024.0,9.02,0.69,6.12,3.22,7.65,8.74,8.32,6.67,4.35,-0.17,2.65,0.21,1.66,29.06,52.8,7.41,3.86,1.38,34.41,65.59,16.82,28.49,0.2,-40.9,-15.0,0.69,0.35,16.850000381469727,3.877423827041007,6.675600857332864,22.9727205059527,32.037849723600665,16.15619665294834,21.783853257481375,11.36288932768406,21.099936422266573,,,,6,False,8.3,,,n/d,n/d,,,,False,False,,,Em Baixa,17.609392166137695,-4.3124247418843575,-41.832165718575574,False,False,False,sem sinal (Em Baixa; sem novo topo (-4.3%))
PGMN3,SMALL11,SMALL11,Bens de primeira necessidade,50.94,54.64,30.0,,,0.0,,46.31,65.77,42.37,88.89,71,Não,3,8,False,,True,,False,False,False,False,True,False,3,10,False,True,True,False,False,False,True,False,False,False,False,0.99,True,2333278464.0,7.14,0.69,7.28,10.75,9.61,5.91,12.78,2.02,2.56,3.31,1.78,1.02,3.19,76.73,13.7,4.75,6.12,0.83,68.82,31.1,3.13,7.54,5.8,-56.1,-26.2,1.49,0.59,3.309999942779541,2.5407570599693603,3.0913831203700775,4.0289458373837075,7.073683010151009,6.018597985086191,8.519692620893936,1.8900888022275424,,4.737592633725975,4.0289458373837075,3.6260512536453366,7,True,4.5,9.54837813684053,43.12968929381995,n/d,n/d,,,,False,False,,,Em Baixa,3.5399999618530273,-6.497175750055428,-56.56167988857279,False,False,False,sem sinal (Em Baixa; sem novo topo (-6.5%))
BRBI11,SMALL11,SMALL11,Produtos financeiros,50.8,53.88,33.333333333333336,20.63,,0.4,,34.34,37.89,100.0,89.58,72,Não,4,5,False,,True,,False,False,True,,False,True,3,9,True,True,True,,False,,,True,True,True,True,,True,,7.96,1.57,9.92,11.45,19.7,21.77,1.85,0.0,,,,,4.55,91.12,-22.4,5.96,0.94,0.23,95.52,4.48,12.03,21.02,1.4,-42.0,-24.9,0.92,0.47,12.199999809265137,9.975270849366705,11.599475161503756,12.730116062704202,16.36985086538092,20.226116079564346,7.4616431785765895,5.7800215664560435,,10.441626313037814,10.787373005435231,9.708635704891709,4,True,1.7,-20.42101756822482,-14.41289773539134,n/d,n/d,,,,False,False,,,Em Baixa,14.609999656677246,-16.49555033569533,-43.24505586995643,False,False,False,sem sinal (Em Baixa; sem novo topo (-16.5%))
CSMG3,BOVA11+SMALL11,BOVA11,Serviços públicos,50.74,49.1,60.0,,,0.1,,65.66,15.48,35.01,86.81,73,Não,6,8,False,,True,,False,False,True,False,False,True,6,10,True,True,True,True,False,True,True,False,True,True,True,0.91,True,21162117120.0,16.41,2.4,3.92,10.18,14.6,15.68,11.59,15.47,8.95,2.8,1.22,1.06,,167.08,-21.2,11.57,6.19,0.28,51.64,48.36,24.75,67.45,127.1,-16.7,-3.0,0.9,0.48,56.20000076293945,40.87089574343763,59.50802420244519,35.61730700393481,42.478352951434374,,35.38746064332961,9.148951112274466,45.502166731971315,43.227367879425486,41.674624347436,37.5071619126924,6,True,6.5,-33.261278641429946,-23.08297634769543,n/d,n/d,,,,False,False,,,Em Baixa,64.38999938964844,-12.71936434903218,-17.133587413996352,False,False,False,sem sinal (Em Baixa; sem novo topo (-12.7%))
ANIM3,SMALL11,SMALL11,Consumo discricionário,50.02,51.79,40.0,,,0.9,,46.98,76.93,26.17,61.81,74,Não,3,8,False,,False,,False,False,False,False,True,False,4,10,True,False,True,False,False,False,True,False,False,False,False,1.75,False,816178048.0,5.67,0.36,3.6,6.42,6.36,-2.07,14.6,3.27,3.04,3.39,1.9,2.02,1.4,36.42,12.0,2.63,6.28,0.35,72.15,22.61,1.93,5.17,5.7,-60.5,-35.9,2.06,0.52,2.0399999618530273,0.9359609536291172,1.369314895298714,3.7597993277884094,6.7729619929105835,3.7658889926722137,0.9282778450051562,1.8756412983694726,,2.1058138854605137,1.6224780968340933,1.460230287150684,6,True,7.3,-28.420082624693354,3.2261727861849776,n/d,n/d,,,,False,False,,,Em Baixa,2.2699999809265137,-10.132159515684691,-61.42562069359527,False,False,False,sem sinal (Em Baixa; sem novo topo (-10.1%))
BEEF3,BOVA11+SMALL11,BOVA11,Bens de primeira necessidade,49.86,53.36,30.0,,,0.0,,64.88,63.51,23.75,35.42,75,Não,5,8,False,,False,,False,False,True,False,False,True,3,10,True,True,True,False,False,True,True,False,False,True,True,11.43,False,3171657472.0,6.98,2.03,6.11,3.41,29.04,144.02,16.55,0.8,3.65,2.96,1.43,13.46,0.47,23.78,-49.3,4.17,5.34,0.65,95.87,2.86,3.04,7.18,0.0,-57.7,-20.1,0.81,0.34,3.0399999618530273,0.7396611614128814,1.372071454420895,5.770773566554814,3.8307967204368807,8.016512276156984,3.760485277130923,5.269913973985908,11.16979094284354,,,,6,False,15.1,,,n/d,n/d,,,,False,False,,,Em Baixa,3.6600000858306885,-16.939893700492725,-58.440516612608874,False,False,False,sem sinal (Em Baixa; sem novo topo (-16.9%))
ALOS3,BOVA11+SMALL11,BOVA11,Imobiliário,49.8,44.47,80.0,,,0.8,,51.9,38.49,27.93,59.03,76,Não,3,8,False,,True,,False,True,False,True,True,True,8,10,False,False,False,True,True,False,True,False,True,False,False,0.56,True,12848625664.0,13.86,1.01,11.47,6.09,7.27,9.51,6.39,31.4,4.72,3.4,0.72,0.56,12.24,84.42,60.8,13.26,3.66,0.27,46.56,50.55,20.35,32.44,28.1,-19.6,-7.2,1.19,0.81,26.06999969482422,11.342293005469697,12.480405203845201,14.783510830597415,33.05140935606185,13.587199450169152,24.918176429562482,6.363899365341115,63.66884488140037,,,,7,False,10.0,,,n/d,n/d,,,,False,False,,,Em Baixa,27.56999969482422,-5.440696469364125,-20.503824856246013,False,False,False,sem sinal (Em Baixa; sem novo topo (-5.4%))
ECOR3,SMALL11,SMALL11,Bens Industriais,49.69,46.11,70.0,,,0.7,,52.13,61.63,24.44,23.61,77,Não,1,8,False,,True,,False,True,True,False,False,True,7,10,False,False,False,False,False,False,True,False,False,True,False,5.91,False,4111121408.0,7.54,1.0,5.12,2.51,13.28,19.86,11.52,4.59,5.02,4.62,2.52,6.64,0.7,18.94,-89.7,7.12,6.86,0.19,88.21,11.06,6.01,11.74,1.8,-47.9,-21.0,1.77,0.73,6.119999885559082,1.098150021909792,2.0370682906426643,10.754641708707934,10.571996243535958,10.776316665865007,1.8811337683582299,7.66034555166823,10.520650149163862,,,,5,False,9.8,,,n/d,n/d,,,,False,False,,,Em Baixa,7.239999771118164,-15.469612168041635,-48.7121556020659,False,False,False,sem sinal (Em Baixa; sem novo topo (-15.5%))
MOTV3,BOVA11,BOVA11,Bens Industriais,49.35,52.77,30.0,,,0.7,,73.83,54.09,20.78,18.75,78,Não,5,8,False,,True,,False,False,True,False,True,False,3,10,True,True,False,True,False,False,True,True,True,True,False,1.9,False,27737163776.0,7.19,1.57,1.51,2.26,21.85,19.92,11.72,19.27,6.38,3.69,1.77,2.45,0.48,16.24,58.4,9.31,6.62,0.44,77.07,22.24,12.73,17.55,10.4,-19.9,-6.4,1.27,0.78,14.0600004196167,2.268512372358436,4.208090450724898,25.91029284560796,19.850082738002246,33.749538179035966,10.38593205872702,23.661474975989158,8.435919457604985,,,,6,False,14.9,,,n/d,n/d,,,,False,False,,,Em Baixa,14.970000267028809,-6.078823187574489,-20.77544287301586,False,False,False,sem sinal (Em Baixa; sem novo topo (-6.1%))
SMTO3,SMALL11,SMALL11,Bens de primeira necessidade,49.27,54.44,20.0,,,0.0,,45.41,78.76,54.19,34.72,79,Não,3,8,False,,True,,False,False,True,False,False,False,2,10,False,True,False,False,False,True,True,False,True,True,True,1.0,True,4715717632.0,5.99,0.66,1.48,3.4,11.0,14.59,6.36,11.43,3.41,2.38,3.16,1.65,0.68,20.38,-39.3,7.57,3.45,0.45,68.55,31.45,12.82,21.12,15.5,-29.9,-10.1,0.61,0.25,14.800000190734863,3.5959786504009243,6.670540396493714,32.73789691606626,35.307551486098504,30.0454488389329,11.193598225845372,20.203328602455535,44.54639149362687,,,,6,False,12.4,,,n/d,n/d,,,,False,False,,,Em Baixa,15.710000038146973,-5.792487875254304,-30.83194981144143,False,False,False,sem sinal (Em Baixa; sem novo topo (-5.8%))
GOAU4,BOVA11+SMALL11,BOVA11,Materiais,49.05,52.41,30.0,,,1.0,,33.33,70.86,63.05,70.83,80,Não,4,8,False,,True,,False,False,False,True,True,False,3,10,False,False,True,False,True,True,True,False,False,True,True,0.5,True,14534291456.0,18.3,0.76,2.48,8.27,4.13,12.06,10.0,1.92,2.11,0.98,2.88,0.28,0.25,151.26,72.5,5.41,5.08,1.04,34.12,23.4,6.48,11.53,69.5,-4.8,10.7,0.93,0.59,10.979999542236328,6.4823649274242126,12.024786940371914,7.949999668559088,13.96565277463084,17.99999924956775,3.76862033053225,7.259999697325659,39.18386998114312,,,,6,False,10.4,,,n/d,n/d,,,,False,False,,,Em Alta,11.529999732971191,-4.770166552234012,-5.017308445734492,False,False,False,sem sinal (Em Alta)
AXIA3,BOVA11+Carteira,BOVA11,Serviços públicos,47.89,45.75,60.0,,,0.1,,48.77,30.44,58.04,45.83,81,Não,3,8,False,,True,,False,False,False,True,True,True,6,10,False,False,False,True,False,True,True,False,True,False,True,0.54,True,113560166400.0,12.16,1.2,2.97,4.28,9.86,5.35,3.25,27.05,14.84,2.95,2.05,0.63,2.57,52.0,9.7,8.55,3.03,0.39,57.63,42.34,40.32,67.15,23.3,-26.0,-10.5,1.37,0.64,49.689998626708984,15.178731210770374,24.015010340025924,46.18008007833656,61.70251031586904,36.814189256565065,26.849453409462733,23.072127745761986,20.19643728438938,31.751067455147634,25.43223187474433,22.889008687269897,8,True,4.1,-53.93638695943378,-36.10169383647146,2026-11-04,2025-11-17,última,,,False,True,59.55,-16.56,Em Baixa,53.709999084472656,-7.484640711762436,-26.75412542887231,False,False,False,sem sinal (Em Baixa; sem novo topo (-7.5%))
PRIO3,BOVA11,BOVA11,Energia,47.74,46.36,55.55555555555556,,,0.9,,62.86,39.69,37.25,6.94,82,Não,3,8,False,,True,,False,,True,True,True,False,5,9,False,False,False,True,True,False,True,False,True,True,True,0.77,True,46756753408.0,13.22,1.81,0.0,0.18,13.71,30.11,10.92,18.11,5.64,1.73,1.34,0.9,0.99,2.35,189.4,6.26,6.59,0.25,59.83,40.17,34.2,72.1,72.7,-18.1,-4.1,0.15,0.07,59.06999969482422,0.748711823628101,1.3888604328301273,59.2040465927701,57.280026821650516,60.615241840919865,1.980888463616473,49.53918017463095,22.402859419356798,,,,5,False,81.0,,,n/d,n/d,,,,False,False,,,Em Alta,61.2400016784668,-3.5434388049757293,-19.060020584101313,False,False,False,sem sinal (Em Alta)
SYNE3,SMALL11,SMALL11,Imobiliário,47.17,46.67,50.0,,,0.8,DY5a=129.4%>=20,48.55,56.35,30.33,,83,Não,2,8,False,,False,,False,False,False,True,True,False,5,10,False,False,False,True,False,False,False,True,True,True,False,0.84,True,560205120.0,10.29,0.8,70.33,129.45,7.8,14.02,6.47,20.02,4.68,3.43,0.98,0.5,1.32,1332.03,5.2,12.23,3.02,0.36,40.97,29.56,3.49,5.11,6.9,-27.0,-6.5,0.97,0.44,3.7300000190734863,34.48883787967268,63.97679426679282,4.802964067320087,6.166623196089703,10.874635624120952,7.725666666666667,2.745586575194728,9.536425291596565,,,,5,False,23.3,,,n/d,n/d,,,,False,False,,,Em Baixa,4.090000152587891,-8.801958926251363,-28.469239479352794,False,False,False,sem sinal (Em Baixa; sem novo topo (-8.8%))
IRBR3,SMALL11+Carteira,SMALL11,Insurance,46.99,50.24,28.571428571428573,,2.87,0.3,,20.69,71.77,100.0,29.86,84,Não,1,6,False,,False,,False,,False,,False,False,2,7,False,False,False,,False,,True,False,True,False,True,,True,4247563520.0,-29.12,0.8,3.01,2.93,-2.76,2.79,0.0,6.77,,,,,,,-30.0,6.03,2.43,,66.23,33.77,44.53,62.39,11.1,-20.7,-7.2,1.09,0.63,49.470001220703125,10.357911897430196,15.081119722658364,,,,26.3277,,,17.255577206696188,15.081119722658364,13.573007750392529,3,True,2.5,-72.56315460790358,-65.11910899352323,2026-11-12,2026-07-01,última,,,False,True,57.62,-14.14,Em Baixa,56.060001373291016,-11.755262203271366,-23.567722468652143,False,False,False,sem sinal (Em Baixa; sem novo topo (-11.8%))
GGBR4,BOVA11,BOVA11,Materiais,45.93,48.74,30.0,,,1.0,,36.02,54.07,62.77,64.58,85,Não,4,8,False,,True,,False,False,False,True,True,False,3,10,False,False,True,False,True,True,True,False,False,True,True,0.18,True,48366415872.0,21.8,0.91,2.3,6.78,4.18,12.63,10.03,3.22,5.29,0.97,2.87,0.28,0.3,147.73,73.5,8.67,5.03,1.04,34.14,65.6,15.54,26.31,59.5,-5.8,9.7,0.85,0.55,24.790000915527344,11.999663605748546,22.25937598866355,15.067317070217303,26.40090770751741,34.11468015898258,11.887333533584622,13.759587664122975,23.153494443002316,19.830295021479913,18.663346529440425,16.797011876496384,8,True,2.9,-32.24279444872674,-20.00688064089943,n/d,n/d,,,,False,False,,,Em Alta,26.309999465942383,-5.777265607255666,-6.240543060522608,False,False,False,sem sinal (Em Alta)
MOVI3,SMALL11,SMALL11,Bens Industriais,45.35,48.06,30.0,,,0.7,,50.78,73.06,6.92,55.56,86,Não,3,8,False,,False,,False,False,True,False,True,False,3,10,False,False,True,False,False,False,True,True,False,False,False,5.91,False,2744266240.0,6.31,0.7,9.58,5.82,11.08,3.58,13.78,2.89,3.55,3.65,0.68,6.43,0.9,36.75,97.0,2.94,6.78,0.22,91.5,8.5,6.1,14.83,13.3,-53.4,-32.1,2.28,0.65,6.909999847412109,2.874504328730823,5.332205529795676,14.509904592426375,15.595726025525542,14.052298506755742,15.019663653460734,7.749502971210192,,13.385419149875716,14.509904592426375,13.058914133183738,5,True,5.4,88.98573692551501,93.71084580976859,n/d,n/d,,,,False,False,,,Em Baixa,8.186177253723145,-15.58941819553954,-53.84101720671792,False,False,False,sem sinal (Em Baixa; sem novo topo (-15.6%))
BBAS3,BOVA11+Carteira,BOVA11,Produtos financeiros,45.21,50.98,12.5,14.56,,0.4,,40.6,60.97,50.86,72.92,87,Não,2,6,False,,True,,False,False,False,,False,False,1,8,False,False,False,,False,,True,True,True,True,True,,True,104929083392.0,7.27,0.58,2.99,8.34,7.99,14.73,0.0,20.42,,,,,2.31,60.65,-54.4,3.9,0.7,,92.12,7.71,18.21,27.31,0.0,-33.3,-13.8,1.2,0.72,18.209999084472656,10.851722273270417,14.434231165447812,23.798109765404877,42.06491162211556,28.772130660542324,15.834353984162972,11.641261670575924,,16.22960429707152,15.134292574805393,13.620863317324854,4,True,2.2,-25.2011861497614,-10.875315139855124,2026-11-11,2026-06-02,última,"O Banco do Brasil (BBAS3) apresenta um cenário de valuation descontado que contrasta diretamente com seus indicadores de rentabilidade atuais, uma vez que o baixo múltiplo preço sobre lucro de 7,27 e o preço sobre valor patrimonial de apenas 0,58, bem abaixo da unidade, convivem com um retorno sobre o patrimônio líquido de 8,0% e um retorno sobre o capital investido de 0,0%, ambos posicionados abaixo das médias do setor de produtos financeiros, que registram 16,0% e 0,2%, respectivamente. Essa relação entre qualidade e preço sugere que o mercado precifica o papel com forte desconto devido à rentabilidade deprimida frente aos pares, embora a instituição ainda consiga sustentar uma robusta margem líquida de 20,42%. No âmbito do crescimento, o desempenho histórico recente é desafiador, evidenciado por uma taxa de crescimento anual composta de receita nos últimos cinco anos negativa em 54,4%, o que coloca a empresa significativamente abaixo da média setorial de 2,8% de expansão. Essa perda de tração operacional é refletida no checklist de critérios fundamentalistas do ativo, que atendeu a apenas dois dos seis requisitos avaliados, falhando em superar a taxa Selic ou a média do setor em termos de retornos, além de não acompanhar o crescimento dos pares, restando como pontos positivos apenas o valor de mercado robusto e a ausência de venda de ações por parte de iniciados. Quanto aos proventos, o rendimento de dividendos atual de 2,99% mostra-se modesto e coerente com a atual fase de lucros e com a necessidade de preservação de capital, não sofrendo pressões de endividamento excessivo dado o perfil de balanço do segmento financeiro. Sob a ótica de valuation por múltiplos métodos de preço-teto, observa-se uma dispersão acentuada entre as metodologias, variando desde os conservadores R$ 10,85 pelo método de Bazin e R$ 14,43 por Gordon, até os otimistas R$ 28,77 por Lynch e R$ 42,06 pela fórmula de Graham. Essa divergência resulta em uma média de preço-teto de R$ 16,23 e uma mediana de R$ 15,13, as quais, quando ajustadas pela margem de segurança, estabelecem uma referência de R$ 13,62 que indica um potencial de valorização negativo de 25,2% em relação ao preço atual de R$ 18,21. Em um balanço final, os prós do investimento concentram-se no elevado desconto patrimonial, na forte margem líquida e na solidez de sua grande capitalização de mercado, enquanto os contras residem na rentabilidade e no crescimento historicamente abaixo da média do setor, no sinal gráfico de baixa e no preço atual negociado acima do teto médio de segurança estimado.",,False,True,22.29,-18.3,Em Baixa,21.350000381469727,-14.70726576530822,-33.88396322305714,False,False,False,sem sinal (Em Baixa; sem novo topo (-14.7%))
VALE3,BOVA11,BOVA11,Materiais,45.13,49.57,20.0,,,1.0,,51.01,37.44,42.53,87.5,88,Não,4,8,False,,True,,False,False,False,True,False,False,2,10,True,False,True,False,False,True,True,False,False,True,True,0.41,True,303435907072.0,30.52,1.61,7.87,10.47,5.27,24.52,18.11,4.76,4.26,1.04,1.19,0.55,,319.41,-43.5,8.57,7.92,0.39,60.3,38.73,48.99,87.63,46.8,-18.0,-7.4,0.83,0.57,71.9000015258789,53.74782586501513,78.25683445946203,24.50065582795349,48.6535972758514,,43.333333333333336,6.293437692070472,88.51781151147624,,,,6,False,14.1,,,n/d,n/d,,,,False,False,,,Lateral,74.56759643554688,-3.577418392416243,-19.321597260560875,False,False,False,sem sinal (Lateral)
SUZB3,BOVA11,BOVA11,Materiais,44.52,50.61,10.0,,,1.0,,57.72,60.24,32.25,31.25,89,Não,5,8,False,,False,,False,False,True,False,False,False,1,10,True,True,False,True,False,False,True,True,True,True,False,1.72,False,51762495488.0,6.5,1.07,0.01,3.06,16.44,27.73,5.54,22.96,6.1,3.63,3.52,2.02,0.49,19.91,-31.9,5.76,3.69,0.57,73.83,26.09,39.68,58.97,4.6,-29.6,-4.9,0.4,0.26,41.5,9.079694067509845,16.84283249523076,84.59615384615384,74.64329263821011,103.6215172027021,22.44483476579138,69.89706016348734,23.120522631695675,,,,6,False,11.4,,,n/d,n/d,,,,False,False,,,Em Baixa,43.31999969482422,-4.201292030576054,-30.420430093818275,False,False,False,sem sinal (Em Baixa; sem novo topo (-4.2%))
RANI3,SMALL11,SMALL11,Materiais,44.42,48.73,20.0,,,1.0,,51.01,43.67,35.76,77.08,90,Não,4,8,False,,True,,False,False,False,False,False,False,2,10,False,True,True,False,False,True,True,False,False,True,True,0.78,True,1777096960.0,13.76,1.24,5.2,9.01,9.03,25.63,11.69,7.65,4.99,2.42,2.1,1.38,,123.95,-70.2,5.44,4.4,0.56,63.24,36.76,7.0,9.51,12.1,-17.5,-3.7,0.66,0.48,7.849999904632568,5.0508205021590085,7.353994651143517,5.933139462803686,9.014483559276119,,4.91387477971708,1.5240344499234744,7.8957617904286,6.693679124254668,6.643567056973602,5.979210351276242,6,True,5.9,-23.83171434501936,-14.730201202875348,n/d,n/d,,,,False,False,,,Lateral,8.384929656982422,-6.37965700647708,-19.10049417777744,False,False,False,sem sinal (Lateral)
RENT3,BOVA11+Wishlist,BOVA11,Bens Industriais,44.42,43.43,50.0,,,0.7,,56.38,45.54,14.99,36.81,91,Não,1,8,False,,True,,False,False,True,False,True,True,5,10,False,False,False,False,False,False,True,False,False,False,False,1.37,True,37015642112.0,11.0,1.39,6.12,3.46,12.63,7.58,12.27,7.39,4.9,4.1,1.14,1.71,1.41,38.05,24.5,7.21,6.27,0.33,70.15,29.84,31.14,51.57,9.4,-34.0,-19.8,1.71,0.78,34.060001373291016,8.416096824628475,15.61185960968582,41.02681983600962,41.31732320924782,34.93712785737049,50.15787350565984,23.49931752701506,51.34561182286834,36.84227619540814,41.02681983600962,36.92413785240866,7,True,6.1,8.4090909090909,8.168745478380735,2026-11-05,2026-06-29,última,,,True,False,,,Em Baixa,39.20000076293945,-13.112243085739694,-35.35481389872779,False,False,False,sem sinal (Em Baixa; sem novo topo (-13.1%))
FESA4,SMALL11,SMALL11,Materiais,44.29,48.58,20.0,,,1.0,,29.75,54.58,71.98,71.53,92,Não,2,8,False,,True,,False,False,False,True,False,False,2,10,False,False,False,False,False,True,True,False,False,True,True,-0.12,True,1626564480.0,11.49,0.52,14.63,8.28,4.49,15.62,3.69,6.78,3.13,-3.62,3.61,0.12,52.68,95.14,-76.0,3.43,-1.74,1.53,26.31,73.65,4.97,8.69,0.0,-42.8,-25.3,1.12,0.56,4.96999979019165,2.939547026070442,2.992584663658815,3.1453888263496736,9.644638260584976,3.67604385716205,5.747749904054808,1.2148324320941097,6.351398459961641,4.142118789542905,3.4107163417558617,3.0696447075802755,6,True,7.9,-38.23652239104208,-16.657566108605838,n/d,n/d,,,,False,False,,,Em Baixa,6.159999847412109,-19.318183225611484,-44.157303334667056,False,False,False,sem sinal (Em Baixa; sem novo topo (-19.3%))
ASAI3,BOVA11+SMALL11,BOVA11,Bens de primeira necessidade,44.14,44.87,40.0,,,0.0,,60.18,56.06,13.65,10.42,93,Não,5,8,False,,True,,False,False,True,False,True,False,4,10,True,True,True,False,True,False,True,False,False,True,False,3.55,False,10841501696.0,11.37,1.73,1.29,0.83,15.21,29.87,21.18,1.24,2.69,3.72,1.12,4.25,0.83,9.46,123.2,8.11,6.76,0.41,88.47,11.53,7.01,10.43,13.6,-23.7,-8.3,1.67,0.63,7.960000038146973,0.47298431986664957,0.8773859133526349,9.276165391859928,8.513360909609512,10.223555514548478,0.73617523895573,7.9303958021283325,,,,,4,False,21.6,,,n/d,n/d,,,,False,False,,,Em Baixa,8.829999923706055,-9.852773421020967,-25.030844683711283,False,False,False,sem sinal (Em Baixa; sem novo topo (-9.9%))
FRAS3,SMALL11,SMALL11,Consumo discricionário,44.11,43.07,50.0,,,0.9,,56.38,18.28,49.69,31.94,94,Não,5,8,False,,True,,False,False,True,False,True,True,5,10,True,False,True,False,True,True,True,False,False,True,True,0.48,True,5990438400.0,20.67,2.4,2.86,3.07,11.62,14.99,15.27,5.39,7.06,1.25,2.41,1.01,4.86,63.39,141.0,13.32,6.9,0.72,65.64,34.06,18.96,25.01,14.8,-13.0,2.7,0.8,0.53,21.760000228881836,4.76662405987602,7.138540792115941,11.261310368844821,14.654611023721975,7.706901238119921,8.475276432689894,5.6273081484294565,10.40661264787032,8.754648088958543,8.091088835404907,7.281979951864416,8,True,3.1,-66.53501895556455,-59.76724266142891,n/d,n/d,,,,False,False,,,Lateral,21.979999542236328,-1.000906814996727,-13.38802756014048,False,False,False,sem sinal (Lateral)
RADL3,BOVA11,BOVA11,Bens de primeira necessidade,44.0,42.94,50.0,,,0.0,,62.19,19.9,42.24,15.28,95,Pivô de alta,5,8,False,,True,,False,False,True,False,True,True,5,10,True,True,True,False,False,True,True,False,False,True,True,1.08,True,30651840512.0,22.88,4.21,2.51,1.44,18.41,18.18,16.71,2.88,6.61,2.06,1.41,1.18,1.86,33.02,14.4,14.98,7.8,0.84,70.85,29.09,16.14,26.71,13.4,-31.5,-6.5,1.14,0.56,18.299999237060547,1.8864908854988929,3.499440592600446,10.597683124608924,8.844499723675822,11.016860592382512,7.586268074741247,8.335986118522932,13.798110959549966,9.09697845515455,8.844499723675822,7.96004975130824,7,True,7.3,-56.50245856192271,-50.28973314527985,n/d,n/d,,,Pivô de alta,False,False,,,Lateral,20.549999237060547,-10.948905515978202,-32.53997470368638,False,True,False,Pivô de alta
SAUD3,SMALL11,SMALL11,Cuidados de saúde,43.97,39.97,66.66666666666667,,,0.2,,35.35,31.21,52.86,56.94,96,Não,4,8,False,,True,,False,False,False,,True,True,6,9,False,False,False,False,True,True,True,True,True,True,True,-1.92,True,40256147456.0,38.2,2.15,0.97,6.04,5.63,39.67,4.59,10.5,20.64,-11.59,1.06,,0.03,230.87,1189.0,9.14,3.06,0.66,34.2,65.77,10.45,16.09,31.3,-14.7,-3.7,0.77,0.38,13.720000267028809,5.922954043025843,10.987079749812938,4.758900616181457,7.181157756536295,10.774869319656132,16.693590942303647,4.345863958927973,7.217443657721811,8.485232505520761,7.199300707129053,6.479370636416148,8,True,3.8,-52.77426741756679,-38.15428323341924,n/d,n/d,,,,False,False,,,Em Baixa,16.09000015258789,-14.7296448917553,-16.74425873676848,False,False,False,sem sinal (Em Baixa; sem novo topo (-14.7%))
PNVL3,SMALL11,SMALL11,Bens de primeira necessidade,43.68,39.04,70.0,,,0.0,,39.15,40.75,44.69,22.92,97,Fundo triplo,4,8,False,,True,,False,False,True,False,True,True,7,10,False,True,False,False,False,True,True,True,False,False,True,0.82,True,1676520704.0,12.29,1.28,2.92,2.49,10.45,8.49,9.66,2.33,5.49,2.55,1.75,1.07,1.69,30.57,19.0,7.7,5.04,0.9,66.54,33.46,8.82,16.07,29.3,-29.1,-7.0,1.34,0.69,11.399999618530273,2.0254125431879313,3.7571402676136123,12.290479653826372,13.633745085413432,9.037291068378092,5.748321761748267,6.708300965009337,11.399999618530273,8.939325488645625,9.037291068378092,8.133561961540284,7,True,6.7,-28.65296286221376,-21.584861510740005,n/d,n/d,,,Fundo triplo,False,False,,,Em Alta,12.4399995803833,-8.360128592713211,-30.04109401780246,False,True,False,Fundo triplo — rompeu pescoço ~R$11.32 (candidato)
USIM5,BOVA11+SMALL11,BOVA11,Materiais,43.19,47.28,20.0,,,1.0,P/L=-3.41<2,10.96,89.16,70.45,59.72,98,Não,4,8,False,,False,,False,False,False,True,True,False,2,10,False,False,False,False,True,True,True,True,False,False,True,-0.02,True,7779558400.0,-3.41,0.38,0.0,6.24,-11.18,-0.65,4.67,-9.36,3.13,-0.18,4.44,0.27,,,301.7,5.85,1.64,1.4,33.58,58.33,3.97,12.04,63.0,-46.3,-23.7,0.91,0.35,6.46999979019165,2.883332217740565,5.3485812639087476,,,,,,10.14043191565479,6.1241151324347,5.3485812639087476,4.813723137517873,3,True,3.5,-25.59933085600171,-5.345976336526348,n/d,n/d,,,,False,False,,,Em Baixa,8.6899995803833,-25.546604112652094,-46.88013441639831,False,False,False,sem sinal (Em Baixa; sem novo topo (-25.5%))
AZZA3,BOVA11+SMALL11,BOVA11,Consumo discricionário,41.3,41.53,40.0,,,0.9,,26.85,60.72,52.6,37.5,99,Não,2,8,False,,True,,False,False,False,True,True,True,4,10,False,False,False,False,False,True,True,False,False,True,True,0.02,True,3006355456.0,9.47,0.38,16.65,3.53,4.03,11.4,5.88,2.85,3.63,2.18,2.26,0.49,3.53,33.45,21.9,3.11,3.32,0.93,48.36,51.64,15.26,31.78,0.0,-52.0,-22.3,1.31,0.51,15.260000228881836,3.849869682793979,4.889908389687069,14.619456229482156,38.15742079217238,10.013328707809189,37.44183674447061,7.021351824060561,19.45792322019916,,,,4,False,9.9,,,n/d,n/d,,,,False,False,,,Em Baixa,17.149999618530273,-11.020404849492394,-53.258637458639214,False,False,False,sem sinal (Em Baixa; sem novo topo (-11.0%))
VBBR3,BOVA11,BOVA11,Consumo discricionário,41.08,37.74,60.0,,,0.9,,43.62,21.34,35.03,57.64,100,Pivô de alta,4,8,False,,True,,False,False,True,False,True,True,6,10,False,True,False,False,True,True,True,False,False,True,True,0.87,True,40084103168.0,13.4,1.85,4.49,6.07,13.83,20.83,9.9,1.56,9.16,2.49,1.77,1.1,5.18,81.29,161.2,10.08,6.69,0.57,65.98,33.8,18.16,36.13,85.6,-6.7,5.9,1.08,0.66,33.709999084472656,14.60673948292931,18.382711758320823,22.614250608529698,32.11528174481179,21.77094146832146,21.48409990436573,10.81254306720071,7.779136385487895,20.255224004925648,21.48409990436573,19.33568991392916,7,True,4.1,-42.64108442875789,-39.91330597734868,n/d,n/d,,,Pivô de alta,False,False,,,Lateral,36.130001068115234,-6.698040166343178,-7.971613154508772,False,True,False,Pivô de alta
VAMO3,BOVA11+SMALL11,BOVA11,Bens Industriais,40.82,44.5,20.0,,,0.7,,52.8,53.15,22.68,29.17,101,Não,4,8,False,,True,,False,False,False,False,False,False,2,10,True,False,True,False,False,False,True,True,False,True,False,4.04,False,3420873472.0,10.83,1.04,4.45,2.93,9.57,14.8,15.52,5.09,3.82,3.27,1.77,6.47,1.66,31.69,-20.2,4.64,7.23,0.32,88.84,11.16,2.68,4.82,4.9,-41.7,-16.1,2.0,0.66,2.809999942779541,0.5873903730216753,1.0896091419552076,3.437903900445883,3.9716107008047064,2.4554118551141713,2.6412162916569994,1.7592538935726514,10.350240846801928,,,,6,False,17.6,,,n/d,n/d,,,,False,False,,,Em Baixa,3.4200000762939453,-17.836260815977113,-43.11741072406756,False,False,False,sem sinal (Em Baixa; sem novo topo (-17.8%))
HAPV3,BOVA11+SMALL11,BOVA11,Cuidados de saúde,40.52,37.87,55.55555555555556,,,0.2,P/L=-19.48<2,12.98,83.25,52.97,6.25,102,Não,1,8,False,,False,,False,,False,True,True,False,5,9,False,False,False,False,False,False,True,False,False,False,False,0.16,True,3197341696.0,-19.48,0.07,0.0,0.13,-0.36,-1.11,2.12,-1.35,4.23,3.32,1.79,0.34,,,3.5,4.18,1.21,0.45,33.25,66.74,6.41,41.71,0.0,-84.6,-42.9,1.57,0.35,6.409999847412109,0.060499117068813175,0.08348878155496217,,,,,,14.448662177088476,,,,2,False,238.8,,,n/d,n/d,,,,False,False,,,Em Baixa,11.90999984741211,-46.17968153202856,-84.97421502498914,False,False,False,sem sinal (Em Baixa; sem novo topo (-46.2%))
UNIP6,SMALL11,SMALL11,Materiais,40.31,43.89,20.0,,,1.0,,54.59,10.61,34.4,97.92,103,Não,5,8,False,,True,,False,False,True,False,False,False,2,10,False,True,True,False,False,True,True,True,False,True,True,1.25,True,6441714176.0,24.5,3.27,11.22,17.12,13.34,34.18,11.66,5.09,8.83,2.73,2.39,1.85,,419.34,-49.4,10.91,4.45,0.47,74.89,24.93,51.73,71.62,11.5,-19.5,-5.8,0.72,0.41,57.68000030517578,70.51780077322267,102.67391792581223,24.48457155811543,30.56747703179067,,30.036623802606314,6.289306155724707,21.50158953918769,,,,5,False,16.3,,,n/d,n/d,,,,False,False,,,Em Baixa,63.689998626708984,-9.436329802357468,-20.656955937087318,False,False,False,sem sinal (Em Baixa; sem novo topo (-9.4%))
EMBJ3,BOVA11,BOVA11,Bens Industriais,39.88,35.15,66.66666666666667,,,0.7,,46.76,11.06,52.19,9.03,104,Rompimento,3,8,False,,False,,False,,True,True,True,False,6,9,False,False,False,False,False,True,True,True,False,False,True,0.12,True,70485712896.0,31.48,4.09,0.99,0.72,13.01,5.09,9.61,5.28,11.96,0.46,1.44,0.68,3.12,22.55,10.4,17.0,3.67,0.82,70.5,26.66,68.4,103.57,41.3,-6.7,20.8,0.85,0.39,96.66999816894531,4.947045369481099,9.176769160387439,40.68861104633181,40.41140533262048,33.141145063096815,17.849721655545803,27.65219302949223,40.750555748556714,,,,6,False,8.2,,,n/d,n/d,,,Rompimento,False,False,,,Em Alta,96.18000030517578,0.5094592037999446,-8.028501716807357,False,True,False,"Rompimento (vol x1.1, +0.5% do topo, MM50>MM200)"
TIMS3,BOVA11,BOVA11,Comunicação,38.33,32.74,70.0,,,0.4,,31.77,7.74,44.7,75.69,105,Não,3,8,False,,True,,False,False,False,True,True,True,7,10,False,False,False,True,True,False,True,False,True,True,True,0.49,True,43282685952.0,3174.09,1.73,8.1,8.95,0.05,11.85,0.76,15.78,110.56,1.05,0.85,0.66,1269.64,28404.38,2.5,8.51,7.75,0.43,57.89,42.11,17.95,27.96,0.0,-35.8,-22.2,0.77,0.47,17.950000762939453,11.473675591860099,14.317151716799337,,,,30.75,,0.6897103992142557,,,,3,False,44.6,,,n/d,n/d,,,,False,False,,,Em Baixa,21.5,-16.51162435842115,-36.68347897765539,False,False,False,sem sinal (Em Baixa; sem novo topo (-16.5%))
CBAV3,SMALL11,SMALL11,Materiais,38.24,39.69,30.0,,,1.0,,40.49,37.6,45.06,30.56,106,Pivô de alta,5,8,False,,False,,False,False,True,True,True,False,3,10,False,True,False,False,True,True,True,True,False,False,True,0.57,True,7207374848.0,12.05,1.42,0.4,3.04,11.81,-1.32,6.25,6.41,6.48,1.95,2.06,0.89,1.61,36.67,28.1,9.46,3.49,0.48,67.68,30.73,2.83,11.13,293.5,0.0,3.9,0.31,0.14,11.130000114440918,2.419184382755734,4.487587030011887,12.238381868576111,12.76288136080061,9.719114957329884,0.7926970846765184,6.809919611143124,7.507343054119943,,,,6,False,16.1,,,n/d,n/d,,,Pivô de alta,False,False,,,Em Alta,11.130000114440918,0.0,-0.4472288852417572,False,True,False,Pivô de alta
SMFT3,BOVA11+SMALL11,BOVA11,Consumo discricionário,38.22,37.91,40.0,,,0.9,,51.68,39.11,11.53,25.69,107,Não,1,8,False,,False,,False,False,True,False,False,False,4,10,False,False,False,False,False,False,True,False,True,False,False,1.82,False,10506724352.0,15.37,1.74,5.89,2.63,11.3,9.4,10.6,8.53,3.89,4.32,1.2,2.24,2.28,40.38,-6.3,8.13,5.98,0.3,73.66,26.34,16.68,26.03,2.6,-34.2,-10.0,1.28,0.62,17.1200008392334,3.212805007051961,5.959753288081388,14.75862141313224,15.703030810072116,10.43037303070228,13.021750886617696,7.692355187095432,,11.260980769283526,11.726061958659987,10.553455762793988,6,True,4.9,-38.35598571578953,-34.22324639449158,n/d,n/d,,,,False,False,,,Em Baixa,20.1200008392334,-14.91053615738469,-35.160810930238526,False,False,False,sem sinal (Em Baixa; sem novo topo (-14.9%))
RAIL3,BOVA11,BOVA11,Bens Industriais,37.68,35.51,50.0,,,0.7,,51.01,27.15,21.89,13.89,108,Não,1,8,False,,False,,False,False,False,False,True,True,5,10,False,False,False,False,False,False,True,False,False,False,False,1.66,False,25369638912.0,20.71,1.76,0.79,1.31,8.48,1.9,12.06,7.34,5.85,3.06,1.37,2.06,3.35,27.12,10.6,10.96,6.96,0.25,73.88,25.74,12.33,17.04,9.9,-20.5,-6.9,1.13,0.58,13.550000190734863,1.2676510707006319,2.3514927361496722,8.669121319518922,10.645943991838655,4.900216865534441,7.703671326944497,4.289336133452048,10.89957873617277,,,,6,False,8.6,,,n/d,n/d,,,,False,False,,,Em Baixa,14.4399995803833,-6.163430855340879,-21.805863042238947,False,False,False,sem sinal (Em Baixa; sem novo topo (-6.2%))
POSI3,SMALL11,SMALL11,Tecnologia de informação,37.25,38.53,30.0,,,0.5,,22.15,51.05,46.39,65.28,109,Não,0,8,False,,True,,False,False,False,True,True,False,3,10,False,False,False,False,False,False,False,False,False,True,True,0.47,True,459722848.0,37.77,0.3,5.41,6.89,0.8,10.68,6.93,0.27,3.71,2.39,1.82,0.78,3.28,260.15,11.5,1.97,3.74,0.97,64.77,35.23,3.28,4.72,4.6,-27.3,-14.0,1.09,0.5,3.430000066757202,1.6874889196017016,3.1302919458611567,1.2032698142582186,4.833383640321162,1.6698397045838402,0.5791270837062977,0.899046880087273,9.537015791757844,,,,5,False,16.5,,,n/d,n/d,,,,False,False,,,Em Baixa,3.6700000762939453,-6.539509660694643,-28.541668115390618,False,False,False,sem sinal (Em Baixa; sem novo topo (-6.5%))
ENGI11,BOVA11,BOVA11,Serviços públicos,37.05,36.53,40.0,,,0.1,,41.39,34.11,20.87,52.08,110,Não,3,8,False,,True,,False,False,False,False,True,True,4,10,False,False,True,False,False,False,True,True,False,True,False,2.32,False,13415195648.0,14.54,1.13,2.6,5.38,7.78,17.19,10.25,4.13,5.64,4.32,1.56,1.99,8.58,78.22,7.9,18.16,4.83,0.34,74.62,23.0,40.66,57.51,8.1,-23.6,-11.3,1.31,0.86,43.95000076293945,16.888599748337903,19.539526830445975,24.97967847824312,51.43144437494998,21.382887801455585,23.38970106709127,11.29415307285592,115.16137581904215,,,,7,False,10.2,,,n/d,n/d,,,,False,False,,,Em Baixa,49.778621673583984,-11.709084572218288,-25.001151228997642,False,False,False,sem sinal (Em Baixa; sem novo topo (-11.7%))
QUAL3,SMALL11,SMALL11,Cuidados de saúde,36.98,41.74,10.0,,,0.2,,45.19,56.06,30.35,13.19,111,Não,3,8,False,,False,,False,False,False,False,True,False,1,10,True,False,True,False,False,False,False,True,False,False,True,0.61,True,472395360.0,18.18,0.36,0.54,1.25,1.96,0.44,22.61,1.09,1.5,2.0,0.92,1.37,12.0,22.68,32.0,3.41,4.68,0.47,66.78,32.76,1.39,2.71,14.4,-41.2,-9.7,1.96,0.58,1.590000033378601,0.14167891711347633,0.1612849694863518,0.7111543755417764,2.948086368509826,0.24164612720185785,0.15469287318706956,0.31695219501116384,,,,,5,False,20.8,,,n/d,n/d,,,,False,False,,,Em Baixa,1.6100000143051147,-1.2422348291186713,-43.33106396063281,False,False,False,sem sinal (Em Baixa; sem novo topo (-1.2%))
TTEN3,SMALL11,SMALL11,Bens de primeira necessidade,36.9,34.59,50.0,,,0.0,,34.23,46.77,31.56,11.81,112,Não,2,8,False,,True,,False,True,True,False,False,True,5,10,False,True,False,False,False,False,True,False,False,True,False,0.46,True,4969373696.0,8.45,0.99,1.83,0.95,11.76,18.41,4.0,4.16,16.2,3.5,1.26,1.0,0.78,8.01,-53.7,4.94,2.58,0.97,64.13,35.82,10.8,17.74,2.3,-37.7,-26.5,0.79,0.38,11.050000190734863,0.7485715443767198,1.3886002148188152,17.32692337600437,18.122061203033116,15.38625049150575,2.0023786189110178,12.385186639177006,1.7315372946014478,,,,3,False,24.2,,,n/d,n/d,,,,False,False,,,Em Baixa,15.239999771118164,-27.49343597972954,-38.26815404344599,False,False,False,sem sinal (Em Baixa; sem novo topo (-27.5%))
SLCE3,BOVA11+SMALL11,BOVA11,Bens de primeira necessidade,36.21,40.83,10.0,,,0.0,,41.39,35.7,33.43,65.97,113,Não,1,8,False,,True,,False,False,False,False,False,False,1,10,False,False,False,False,False,False,True,False,False,True,False,1.81,False,6630718976.0,17.16,1.23,6.03,7.05,7.16,17.38,10.84,3.82,5.96,4.66,2.2,1.77,,120.97,-50.4,11.91,5.78,0.63,73.5,23.57,12.62,19.32,5.6,-31.0,-13.9,0.47,0.37,13.329999923706055,6.712135965667185,9.772869966011422,8.078787832549125,13.762908054560556,,7.8543553883163,2.075183138305888,8.514665317394229,9.115953754083137,8.296726574971677,7.46705391747451,6,True,6.6,-43.98309107117765,-31.613249765505724,n/d,n/d,,,,False,False,,,Em Baixa,13.770000457763672,-3.195355987149151,-31.570840672741852,False,False,False,sem sinal (Em Baixa; sem novo topo (-3.2%))
BRAP4,BOVA11+SMALL11,BOVA11,Basic Materials,36.07,36.55,33.333333333333336,,,1.0,DY5a=24.2%>=20,16.78,41.61,74.72,,114,Não,5,7,False,,True,,False,False,False,True,True,False,3,9,False,True,True,False,True,,True,True,False,True,True,,True,7964137472.0,13.63,0.99,11.63,24.19,7.26,23.82,-0.47,0.0,-207.15,,5.99,0.0,1.88,329.66,73.9,2.71,-0.76,,4.4,95.6,13.96,25.49,46.2,-19.9,-9.7,0.9,0.63,20.420000076293945,35.27737836554069,65.43953686807798,19.85069706609646,26.3682600536629,44.944974489275005,20.492621592277388,10.83901565730878,,31.887497727462744,26.3682600536629,23.731434048296613,7,True,6.0,16.21662076214676,56.15816654418961,n/d,n/d,,,,False,False,,,Em Baixa,22.0,-7.181817835027527,-20.32773802212182,False,False,False,sem sinal (Em Baixa; sem novo topo (-7.2%))
ARML3,SMALL11,SMALL11,Bens Industriais,35.82,36.85,30.0,,,0.7,,34.45,40.69,30.54,50.69,115,Não,2,8,False,,True,,False,False,False,False,True,False,3,10,False,False,False,False,False,False,True,True,False,True,False,1.69,False,1056772864.0,17.05,0.77,18.02,4.77,4.51,11.22,9.85,2.66,4.58,3.3,2.16,2.35,20.19,81.28,2.5,2.75,4.91,0.54,75.09,23.96,2.71,6.17,11.3,-51.2,-22.9,1.78,0.54,3.009999990463257,1.0249011722481798,1.0998952982701147,1.3532668112598845,3.940489721567858,0.9906320255588514,1.7987883857233755,0.5653146390330964,4.7091737865943655,,,,6,False,8.3,,,n/d,n/d,,,,False,False,,,Em Baixa,3.549999952316284,-15.211266735389428,-52.222223820089184,False,False,False,sem sinal (Em Baixa; sem novo topo (-15.2%))
YDUQ3,BOVA11+SMALL11,BOVA11,Consumo discricionário,35.72,36.73,30.0,,,0.9,,37.36,46.09,22.9,38.19,116,Não,1,8,False,,False,,False,False,False,False,False,False,3,10,False,False,False,False,False,False,True,False,False,False,False,1.47,True,1862564992.0,17.67,0.69,7.78,3.6,3.89,5.03,11.35,2.14,3.64,3.13,1.47,1.78,12.49,63.62,-46.7,3.46,7.05,0.4,70.08,29.69,7.44,14.76,3.8,-47.7,-18.8,1.6,0.61,7.71999979019165,1.9853249089572729,2.239849966940322,3.520789339477809,10.48734916147932,2.1913074993610056,5.936753778172016,1.5558069136157757,13.592124374588828,,,,6,False,8.7,,,n/d,n/d,,,,False,False,,,Em Baixa,8.380000114440918,-7.875898749833132,-49.50948456865759,False,False,False,sem sinal (Em Baixa; sem novo topo (-7.9%))
SIMH3,SMALL11,SMALL11,Industrials,34.71,37.31,20.0,,,0.7,P/L=-19.72<2,27.96,79.66,15.0,18.06,117,Não,5,8,False,,False,,False,False,False,False,True,False,2,10,False,True,True,False,True,False,True,True,False,False,False,7.83,False,3595957248.0,-19.72,0.61,2.78,2.24,-3.1,-1.12,11.25,-0.41,3.75,3.44,1.28,6.05,,,6.0,2.25,5.99,0.36,91.64,5.09,6.15,14.3,0.2,-56.9,-31.9,2.29,0.69,6.159999847412109,0.9853086534585555,1.8277475521656201,,,,,,35.8590810293454,,,,2,False,36.4,,,n/d,n/d,,,,False,False,,,Em Baixa,7.880000114440918,-21.82741423920451,-57.8350566634354,False,False,False,sem sinal (Em Baixa; sem novo topo (-21.8%))
SOJA3,SMALL11,SMALL11,Bens de primeira necessidade,34.65,35.47,30.0,,,0.0,,20.58,51.87,45.72,40.97,118,Não,2,8,False,,True,,False,False,False,False,True,False,3,10,False,False,False,False,True,False,True,False,False,True,False,0.67,True,709541376.0,28.95,0.53,5.63,3.84,1.84,13.98,5.12,0.95,9.79,6.11,4.6,1.23,0.02,111.22,1741.4,5.14,2.11,1.35,45.47,36.89,4.98,10.46,1.4,-51.7,-21.4,0.78,0.36,5.050000190734863,1.3858460290941725,2.5707443839696897,2.3113126952413445,6.115337561787308,5.233160819414366,0.3338096050710027,2.1107081971637944,,,,,5,False,18.3,,,n/d,n/d,,,,False,False,,,Em Baixa,5.920000076293945,-14.695943823428493,-51.70131868228089,False,False,False,sem sinal (Em Baixa; sem novo topo (-14.7%))
AUAU3,SMALL11,SMALL11,Consumo discricionário,34.13,34.27,33.333333333333336,,,0.9,,32.66,52.55,26.61,11.11,119,Pivô de alta,1,8,False,,,,,,False,True,False,,1,3,False,False,False,False,False,False,True,False,False,False,False,0.56,True,2720108544.0,14.13,0.85,0.96,0.92,6.04,,7.01,3.33,2.92,3.87,1.19,0.74,2.69,12.98,-18.6,9.32,4.03,,,,2.8,3.87,23.0,-10.7,3.1,0.85,0.43,3.450000047683716,0.2263972745382449,0.3815326865642017,2.9390668195945504,4.722041682256228,1.5076074477746688,0.5560252573341596,1.4589010112544367,,,,,3,False,20.9,,,n/d,n/d,,,Pivô de alta,False,False,,,Em Alta,3.680000066757202,-6.250000404922851,-14.46724335009204,False,True,False,Pivô de alta
RAPT4,SMALL11,SMALL11,Bens Industriais,34.04,40.05,0.0,,,0.7,P/L=-4.58<2,20.13,81.45,29.5,47.22,120,Pivô de alta,1,8,False,,False,,False,False,False,False,False,False,0,10,False,False,False,False,False,False,True,False,False,False,False,1.92,False,1579555712.0,-4.58,0.52,0.0,4.31,-11.45,8.95,9.51,-2.23,3.8,3.38,2.07,2.19,,,-3.4,3.55,4.72,0.76,74.66,17.25,4.35,6.9,9.0,-31.3,-5.3,1.35,0.57,4.739999771118164,1.4575991982571774,2.1222644326624507,,,,,,21.837862769501196,,,,2,False,15.0,,,n/d,n/d,,,Pivô de alta,False,False,,,Lateral,5.139999866485596,-7.782103224857206,-32.47863555560053,False,True,False,Pivô de alta
JSLG3,SMALL11,SMALL11,Bens Industriais,34.04,36.52,20.0,,,0.7,P/L=-13.79<2,22.15,58.73,12.46,93.75,121,Não,1,8,False,,True,,False,False,False,False,False,False,2,10,False,False,False,False,False,False,True,False,False,True,False,5.26,False,1441113088.0,-13.79,1.22,37.99,13.86,-8.83,13.19,9.68,-1.07,4.18,4.15,1.38,6.52,,,-44.0,2.82,4.78,0.43,89.08,10.92,3.81,8.64,29.1,-43.1,-22.7,2.08,0.62,4.920000076293945,4.872284030332361,7.094045548163918,,,,,,,5.983164789248139,5.983164789248139,5.384848310323325,2,True,1.5,9.448134691484245,21.60903854609362,n/d,n/d,,,,False,False,,,Em Baixa,5.760000228881836,-14.583335402938967,-44.21768427972717,False,False,False,sem sinal (Em Baixa; sem novo topo (-14.6%))
MYPK3,SMALL11,SMALL11,Consumo discricionário,33.8,36.23,20.0,,,0.9,,26.17,51.32,31.7,52.78,122,Não,1,8,False,,True,,False,False,False,False,True,False,2,10,False,False,False,False,False,False,True,False,False,False,True,0.93,True,1340439424.0,15.04,0.34,3.43,5.43,2.23,4.01,8.93,0.6,3.49,2.8,1.73,1.21,36.8,81.67,0.1,3.86,3.82,0.65,66.29,30.03,8.74,13.84,4.9,-33.8,-1.6,0.81,0.49,9.170000076293945,3.5568360847307896,3.678774623563129,4.504356938795334,19.235222827501083,3.5600880453820585,7.7440687439951486,1.785432039309301,16.330061482440236,,,,6,False,10.8,,,n/d,n/d,,,,False,False,,,Em Baixa,9.710000038146973,-5.561276619274647,-34.6342429313202,False,False,False,sem sinal (Em Baixa; sem novo topo (-5.6%))
DESK3,SMALL11,SMALL11,Comunicação,32.69,33.17,30.0,,,0.4,,41.83,25.66,35.5,8.33,123,Rompimento,3,8,False,,True,,False,False,False,False,False,True,3,10,False,True,True,False,False,False,True,False,False,False,True,0.92,True,2200419840.0,39.39,1.54,0.77,0.44,3.91,6.21,11.53,4.95,5.26,2.2,1.41,1.21,12.16,17.18,-50.8,11.14,6.66,0.32,62.73,36.49,7.65,18.87,146.5,0.0,4.7,0.7,0.21,18.8700008392334,0.587974066693317,0.7896582222581578,4.595564790401651,11.492376031734247,1.7602283021908602,0.7163026569075397,2.254834590388668,18.8700008392334,,,,3,False,32.1,,,n/d,n/d,,,Rompimento,False,False,,,Em Alta,18.729999542236328,0.7474709045313332,-1.667533537877175,False,True,False,"Rompimento (vol x3.1, +0.7% do topo, MM50>MM200)"
NATU3,BOVA11+SMALL11,BOVA11,Bens de primeira necessidade,32.43,35.95,12.5,,,0.0,P/L=-3.98<2,19.91,63.4,54.3,2.78,124,Não,2,8,False,,False,,,,False,True,False,False,1,8,False,False,False,False,False,True,True,False,False,True,True,0.35,True,10560687104.0,-3.98,0.84,0.0,0.0,-21.11,16.34,10.18,-12.47,4.7,2.58,1.68,0.54,,,-88.9,8.33,2.55,0.77,55.1,44.9,7.2,10.7,10.6,-25.6,-13.9,1.08,0.4,7.960000038146973,,,,,,,,10.919932365019827,10.919932365019827,10.919932365019827,9.827939128517844,1,True,1.0,23.46657137461161,37.18507930512403,n/d,n/d,,,,False,False,,,Em Baixa,8.5600004196167,-7.0093499072117265,-28.60986268628938,False,False,False,sem sinal (Em Baixa; sem novo topo (-7.0%))
CSNA3,BOVA11+SMALL11,BOVA11,Materiais,32.38,38.09,0.0,,,1.0,P/L=-2.27<2,16.55,78.91,6.99,95.14,125,Não,2,8,False,,False,,False,False,False,False,False,False,0,10,False,False,False,False,False,False,True,True,False,False,False,2.98,False,5954161664.0,-2.27,0.49,0.0,15.41,-21.59,-7.63,8.07,-4.49,4.19,5.14,1.11,3.24,,,-2.8,-2.71,2.23,0.39,84.35,12.8,4.28,10.89,6.5,-58.1,-21.6,1.67,0.54,4.559999942779541,5.01957629333411,7.308503083094465,,,,,,,6.164039688214287,6.164039688214287,5.547635719392859,2,True,1.5,21.658679583476182,35.17631064830687,n/d,n/d,,,,False,False,,,Em Baixa,5.710000038146973,-20.140106614441166,-59.71731390713302,False,False,False,sem sinal (Em Baixa; sem novo topo (-20.1%))
CASH3,SMALL11,SMALL11,Comunicação,32.23,28.11,55.55555555555556,,,0.4,P/L=-5.65<2,1.34,42.18,83.44,2.78,126,Não,2,8,False,,False,,False,,False,True,True,False,5,9,False,False,False,False,True,True,False,False,False,False,True,-0.26,True,618624192.0,-5.65,1.32,0.0,0.0,-23.45,-3.01,-16.62,-20.31,-8.81,-1.12,2.68,0.0,,,18.2,6.35,9.61,1.74,18.27,80.69,3.24,5.83,65.1,-8.2,26.1,0.95,0.33,5.349999904632568,,,,,,,,,,,,0,True,,,,n/d,n/d,,,,False,False,,,Lateral,5.380000114440918,-0.5576247057657802,-12.006579411739793,False,False,False,sem sinal (Lateral)
BHIA3,SMALL11,SMALL11,Consumo discricionário,31.72,35.36,11.11111111111111,,,0.9,P/L=-0.18<2,23.71,95.45,2.74,2.78,127,Não,1,8,False,,False,,False,,False,False,True,False,1,9,False,False,False,False,False,False,False,True,False,False,False,3.58,False,669076352.0,-0.18,0.38,0.0,0.0,-2.05,-58.09,10.46,-12.3,1.94,6.49,0.72,6.41,,,6.1,-0.51,2.57,0.47,91.75,8.25,0.65,5.15,0.0,-87.4,-60.6,1.55,0.35,0.6499999761581421,,,,,,,,,,,,0,True,,,,n/d,n/d,,,,False,False,,,Em Baixa,0.8199999928474426,-20.73170953318878,-88.1386866077413,False,False,False,sem sinal (Em Baixa; sem novo topo (-20.7%))
DXCO3,SMALL11,SMALL11,Materiais,31.14,34.87,10.0,,,1.0,P/L=-126.91<2,15.21,70.88,33.47,36.11,128,Não,2,8,False,,True,,False,False,False,False,False,False,1,10,False,False,False,False,False,False,True,True,False,False,False,0.88,True,4521196032.0,-126.91,0.66,0.0,3.43,-0.52,6.92,4.35,-0.11,4.66,3.22,1.98,1.18,,,-53.0,8.03,2.37,0.51,62.06,36.03,4.44,6.09,17.6,-14.3,3.6,1.17,0.61,5.21999979019165,1.2777585527120656,1.8604164527487677,,,,,,6.472461991761887,1.5690875027304165,1.5690875027304165,1.412178752457375,2,True,5.1,-72.94676610694792,-69.94085122994214,n/d,n/d,,,,False,False,,,Em Alta,5.289999961853027,-1.3232546723281335,-16.077170960309438,False,False,False,sem sinal (Em Alta)
PRNR3,SMALL11,SMALL11,Bens Industriais,30.52,32.38,20.0,,,0.7,,40.94,25.78,29.6,15.97,129,Não,2,8,False,,False,,False,False,False,False,True,False,2,10,False,False,False,False,True,False,True,False,False,False,True,0.98,True,938907840.0,21.41,1.96,0.0,1.69,9.17,4.0,10.43,2.67,5.59,2.65,1.46,1.36,3.65,36.08,2500.3,4.71,3.93,0.64,70.26,25.54,14.63,21.97,15.7,-22.9,-10.1,1.11,0.6,16.93000030517578,2.0381389631978823,3.7113281463590706,10.285083615185277,12.396864538695716,5.967372195928029,5.001367974209918,5.025635390131458,15.28847617044833,7.064608643418246,5.496503793029744,4.946853413726769,6,True,7.5,-70.78054740368532,-58.27165672726847,n/d,n/d,,,,False,False,,,Em Baixa,19.739999771118164,-14.235053184011315,-23.358985114391707,False,False,False,sem sinal (Em Baixa; sem novo topo (-14.2%))
BRAV3,BOVA11+SMALL11,BOVA11,Energia,30.22,29.67,33.333333333333336,,,0.9,,23.49,53.69,22.14,12.5,130,Não,1,8,False,,False,,False,,False,False,False,True,3,9,False,False,False,False,False,False,True,False,False,False,False,1.17,True,8538301952.0,156.8,0.7,0.67,1.08,0.44,3.55,8.3,0.44,3.21,3.05,1.26,1.55,,169.02,-17.3,4.81,3.71,0.27,72.43,27.57,13.35,21.64,37.5,-15.2,-6.3,0.51,0.24,18.350000381469727,1.4128419183432455,2.0570978331077656,,,,1.6666666666666667,,18.350000381469727,,,,3,False,13.0,,,n/d,n/d,,,,False,False,,,Em Baixa,21.0,-12.619045802525108,-17.137080417231875,False,False,False,sem sinal (Em Baixa; sem novo topo (-12.6%))
MRVE3,BOVA11+SMALL11,BOVA11,Consumo discricionário,29.86,33.17,11.11111111111111,,,0.9,P/L=-4.65<2,15.66,67.39,32.86,27.08,131,Não,2,8,False,,False,,False,,False,False,True,False,1,9,False,False,False,False,False,True,True,False,False,False,True,1.04,True,2679091968.0,-4.65,0.59,0.0,2.67,-12.58,-7.71,6.84,-4.93,5.23,2.41,1.89,1.69,,,10.7,2.66,4.74,0.89,78.42,18.67,4.2,10.43,14.3,-54.0,-19.3,1.52,0.55,4.800000190734863,0.9137869432665903,1.695074779759525,,,,,,2.7567060445152736,1.788522589180463,1.695074779759525,1.5255673017835725,3,True,3.0,-68.21734914243798,-62.7391142060216,n/d,n/d,,,,False,False,,,Em Baixa,4.739999771118164,1.2658316986067009,-54.415951448647625,False,False,False,sem sinal (Em Baixa; sem novo topo (+1.3%))
LJQQ3,SMALL11,SMALL11,Consumo discricionário,29.68,32.96,11.11111111111111,,,0.9,P/L=-0.99<2,7.16,89.46,14.28,45.14,132,Não,0,8,False,,False,,False,,False,False,True,False,1,9,False,False,False,False,False,False,False,False,False,False,False,4.11,False,206917264.0,-0.99,0.67,0.0,4.09,-67.62,-9.94,2.03,-6.84,0.75,33.06,1.86,7.1,,,3.7,14.29,0.0,0.82,89.26,10.74,0.99,2.83,2.0,-64.3,-33.3,2.08,0.58,1.0099999904632568,0.2952583579239127,0.4161709553727538,,,,,,,0.35571465664833324,0.35571465664833324,0.3201431909834999,2,True,1.4,-68.30265405877283,-64.78072673196982,n/d,n/d,,,,False,False,,,Em Baixa,1.309999942779541,-22.900760719099587,-64.80836129836615,False,False,False,sem sinal (Em Baixa; sem novo topo (-22.9%))
LWSA3,SMALL11,SMALL11,Tecnologia de informação,29.22,30.85,20.0,,,0.5,P/L=-11.44<2,12.75,49.65,50.32,26.39,133,Não,1,7,False,,False,,False,False,False,True,True,False,2,10,False,False,False,False,False,,True,False,False,False,True,,True,2213444608.0,-11.44,0.96,7.6,2.64,-8.41,-2.3,5.89,-14.56,6.01,,1.14,0.03,,,47.1,10.91,-4.0,1.15,32.17,67.83,3.42,4.72,9.4,-20.7,-2.6,1.38,0.56,3.740000009536743,0.7060513108944323,1.3097251817091717,,,,,,,1.007888246301802,1.007888246301802,0.9070994216716218,2,True,1.9,-75.74600482998449,-73.05111647776053,n/d,n/d,,,,False,False,,,Em Baixa,3.9200000762939453,-4.591838348313971,-22.144539908344008,False,False,False,sem sinal (Em Baixa; sem novo topo (-4.6%))
BRKM5,BOVA11+SMALL11,BOVA11,Materiais,28.99,29.69,25.0,,,1.0,P/L=-0.71<2,37.47,17.56,0.85,82.64,134,Não,5,8,False,,False,,False,,True,,True,False,2,8,True,True,False,False,True,False,True,True,False,False,False,,True,3929053952.0,-0.71,-0.31,0.0,9.79,44.02,-59.65,1.85,-13.68,8.26,16.21,0.71,,,,107.2,-5.84,0.07,0.31,120.15,-19.72,5.2,12.7,2.7,-58.0,-36.4,0.94,0.23,5.340000152587891,3.733880642625721,6.926348592070712,,,,,,,5.330114617348217,5.330114617348217,4.797103155613396,2,True,1.9,-10.166610139728071,-0.18512237747564386,n/d,n/d,,,,False,False,,,Em Baixa,6.170000076293945,-13.45218660361185,-61.248183918240905,False,False,False,sem sinal (Em Baixa; sem novo topo (-13.5%))
DASA3,SMALL11,SMALL11,Cuidados de saúde,28.01,32.95,0.0,,,0.2,P/L=-2.95<2,14.77,83.7,22.03,9.72,135,Não,2,8,False,,False,,False,,False,False,False,False,0,9,False,False,False,False,False,False,True,True,False,False,False,0.98,True,2637129216.0,-2.95,0.39,0.0,0.75,-13.13,-13.32,7.28,-10.87,3.79,4.7,1.3,1.22,,,-41.9,9.26,2.61,0.48,62.87,36.98,1.24,4.6,102.4,-45.4,-15.1,1.98,0.41,2.509999990463257,0.13448768125056676,0.1958140639008252,,,,,,,0.165150872575696,0.165150872575696,0.1486357853181264,2,True,1.5,-94.07825554251522,-93.42028393612803,n/d,n/d,,,,False,False,,,Lateral,3.069999933242798,-18.241040878070013,-47.37945491614614,False,False,False,sem sinal (Lateral)
CVCB3,SMALL11,SMALL11,Consumo discricionário,27.39,24.38,44.44444444444444,,,0.9,P/L=-5.34<2,11.86,55.11,24.97,2.78,136,Não,1,8,False,,False,,False,,False,False,True,False,4,9,False,False,False,False,False,True,False,False,False,False,True,0.94,True,697870144.0,-5.34,2.18,0.0,0.0,-40.86,-60.02,5.9,-7.1,2.32,1.29,0.73,1.4,,,0.5,9.24,4.37,0.67,87.19,12.81,1.08,2.72,18.5,-52.9,-22.4,1.15,0.29,1.2799999713897705,,,,,,,,3.4000269892200006,3.4000269892200006,3.4000269892200006,3.0600242902980006,1,True,1.0,139.0644030230371,165.62711447004125,n/d,n/d,,,,False,False,,,Lateral,1.5499999523162842,-17.41935414404574,-54.121864197459125,False,False,False,sem sinal (Lateral)
HBOR3,SMALL11,SMALL11,Imobiliário,26.99,28.22,20.0,,,0.8,,16.11,35.73,39.04,42.36,137,Não,1,8,False,,True,,False,False,False,True,False,False,2,10,False,False,False,False,False,False,False,True,False,False,False,1.17,True,252117872.0,55.81,0.18,7.01,3.93,0.31,3.0,2.16,0.48,13.27,13.24,2.34,0.7,,219.24,-74.5,2.04,1.15,0.81,57.57,22.01,1.68,4.23,8.9,-56.8,-17.3,1.66,0.42,1.8300000429153442,0.5134936836952736,0.7476468034603185,0.3410141631664501,2.738735524725079,,0.35220099370975094,0.08759567103314035,,,,,4,False,31.3,,,n/d,n/d,,,,False,False,,,Em Baixa,2.009999990463257,-8.955221313529805,-56.986039562536675,False,False,False,sem sinal (Em Baixa; sem novo topo (-9.0%))
CAML3,SMALL11,SMALL11,Bens de primeira necessidade,26.5,29.41,10.0,,,0.0,,22.82,36.49,26.13,47.92,138,Não,1,8,False,,True,,False,False,False,False,False,False,1,10,False,False,False,False,False,False,True,False,False,False,False,1.5,True,1585981312.0,14.76,0.54,6.31,4.34,3.69,8.66,5.74,0.99,7.76,5.55,1.87,1.99,11.14,64.08,-58.5,4.46,3.09,0.76,72.01,27.99,4.05,7.23,14.1,-36.1,-15.4,1.4,0.58,4.619999885559082,1.4327040010426164,1.6035004323209843,2.5023046287072583,7.762349003721251,1.7737984187734197,1.7846060392511505,1.0969511798736995,,1.6989774499948547,1.688649425547202,1.5197844829924818,6,True,7.1,-67.10423115500646,-63.22559540952768,n/d,n/d,,,,False,False,,,Em Baixa,4.809999942779541,-3.950105186709507,-36.75427522204663,False,False,False,sem sinal (Em Baixa; sem novo topo (-4.0%))
GFSA3,SMALL11,SMALL11,Consumo discricionário,26.47,31.14,0.0,,,0.9,P/L=-0.05<2,0.67,100.0,27.81,2.78,139,Não,1,7,False,,False,,False,,False,False,False,False,0,9,False,False,False,False,False,,False,True,False,False,True,,True,33047134.0,-0.05,0.02,0.0,0.0,-39.87,-13.41,-6.27,-124.06,-5.67,,1.31,1.06,,,-55.9,0.7,-4.96,0.96,67.49,32.51,0.22,14.8,0.0,-98.5,-79.1,1.16,0.25,0.2199999988079071,,,,,,,,,,,,0,True,,,,n/d,n/d,,,,False,False,,,Em Baixa,0.36000001430511475,-38.88889164836308,-98.628429013399,False,False,False,sem sinal (Em Baixa; sem novo topo (-38.9%))
RCSL4,SMALL11,SMALL11,Bens Industriais,26.41,28.55,14.285714285714286,,,0.7,P/L=-4.75<2,38.7,,18.61,2.78,140,Pivô de alta,2,6,False,,False,,False,,True,,,False,1,7,True,True,False,False,,,False,False,False,True,True,,True,71281936.0,-4.75,-4.78,0.0,0.0,100.56,,-2.72,0.0,-82.98,,1.22,,,,,,-14.18,0.2,170.21,-69.4,0.26,2.7,111.5,-79.6,-9.5,0.19,0.02,0.550000011920929,,,,,,,,,,,,0,True,,,,n/d,n/d,,,Pivô de alta,False,False,,,Em Alta,0.7799999713897705,-29.48717537246027,-80.16230822891073,False,True,False,Pivô de alta
CSAN3,BOVA11+SMALL11,BOVA11,Consumo discricionário,25.8,28.59,10.0,,,0.9,P/L=-1.48<2,17.0,36.27,47.22,24.31,141,Não,2,8,False,,False,,False,False,False,False,True,False,1,10,False,False,False,False,False,True,True,False,False,False,True,2.07,False,13055853568.0,-1.48,2.64,0.0,2.53,-1.79,-64.7,8.59,-23.92,4.57,0.52,1.87,1.1,,,26.5,6.02,5.3,0.41,77.05,3.93,3.21,8.0,3.4,-58.5,-22.9,1.87,0.65,3.319999933242798,0.6003411659307617,1.113632862801563,,,,,,2.8775126336841805,0.8569870143661624,0.8569870143661624,0.7712883129295462,2,True,4.8,-76.76842384221997,-74.18713760246665,n/d,n/d,,,,False,False,,,Em Baixa,4.099999904632568,-19.02438998860592,-58.655043043016896,False,False,False,sem sinal (Em Baixa; sem novo topo (-19.0%))
MGLU3,BOVA11+SMALL11,BOVA11,Consumo discricionário,25.75,28.33,11.11111111111111,,,0.9,,20.58,50.58,21.7,20.83,142,Não,1,8,False,,False,,False,,False,True,False,False,1,9,False,False,False,False,False,False,True,False,False,False,False,0.62,True,3032824576.0,34.28,0.27,2.08,2.33,0.79,-2.27,6.07,0.35,2.23,4.8,1.13,0.76,216.27,79.94,-2.0,4.83,1.94,0.75,70.25,29.75,3.98,11.0,0.0,-63.8,-36.9,1.95,0.6,3.9800000190734863,0.6629112498989098,0.6715654493493123,0.8401313296824198,6.2054323370459965,0.2891370190766062,1.5492446979005068,0.3217277138867479,,,,,6,False,21.5,,,n/d,n/d,,,,False,False,,,Em Baixa,5.159999847412109,-22.868214403735443,-65.2242402580844,False,False,False,sem sinal (Em Baixa; sem novo topo (-22.9%))
ORVR3,SMALL11,SMALL11,Bens Industriais,25.61,22.29,44.44444444444444,,,0.7,,27.96,8.45,36.58,2.78,143,Não,1,8,False,,False,,False,,False,False,True,False,4,9,False,False,False,False,False,False,True,False,False,False,False,0.18,True,8558037504.0,170.29,1.76,0.0,0.0,1.04,-2.35,3.71,7.47,19.67,3.24,2.27,1.48,163.74,,37.5,13.87,5.34,0.49,63.86,33.58,12.01,20.97,33.3,-23.7,-15.6,1.11,0.65,16.010000228881836,,,,,,,,2.009970995669905,2.009970995669905,2.009970995669905,1.8089738961029143,1,True,1.0,-88.7009752014897,-87.44552800165522,n/d,n/d,,,,False,False,,,Em Baixa,17.899999618530273,-10.558656033109015,-24.57008272725778,False,False,False,sem sinal (Em Baixa; sem novo topo (-10.6%))
EQTL3,BOVA11,BOVA11,Serviços públicos,24.92,24.02,30.0,,,0.1,,29.31,19.61,13.35,32.64,144,Não,1,8,False,,True,,False,False,False,False,False,True,3,10,False,False,False,False,False,False,True,False,False,False,False,1.84,False,43844829184.0,45.86,1.68,4.52,3.15,3.67,8.85,9.18,1.76,7.77,4.15,,2.06,,144.61,-55.0,21.15,,0.33,74.15,23.5,33.29,45.35,4.6,-23.2,-12.8,1.21,0.82,34.81999969482422,7.8426525748892795,11.418902149038791,7.896380218625641,18.81691209086718,,6.267048420977274,2.0283284352788393,34.916060510092755,,,,5,False,17.2,,,n/d,n/d,,,,False,False,,,Em Baixa,39.209999084472656,-11.196122142698284,-24.82728859189739,False,False,False,sem sinal (Em Baixa; sem novo topo (-11.2%))
KLBN11,BOVA11,BOVA11,Materiais,24.4,26.94,10.0,,,1.0,,24.83,18.57,22.26,66.67,145,Não,1,8,False,,True,,False,False,False,False,False,False,1,10,False,False,False,False,False,False,True,False,False,True,False,0.51,True,124711370752.0,39.02,2.31,6.62,7.1,5.92,28.81,5.45,0.86,6.16,3.99,2.0,2.3,,276.85,-51.7,10.31,2.09,0.37,77.43,12.36,16.08,21.02,8.9,-16.7,-0.7,0.54,0.47,17.510000228881836,8.873837409228457,12.920307267836634,4.666940091757332,8.748383007157992,,11.016666666666667,1.1987881829101938,8.190538668615005,,,,6,False,10.8,,,n/d,n/d,,,,False,False,,,Em Alta,18.639999389648438,-6.062227455834234,-17.59999892290901,False,False,False,sem sinal (Em Alta)
ENEV3,BOVA11,BOVA11,Serviços públicos,23.82,22.14,33.333333333333336,,,0.1,,30.87,9.39,28.13,2.78,146,Não,1,8,False,,True,,False,,False,False,False,True,3,9,False,False,False,False,False,False,True,False,False,False,False,1.09,True,46952480768.0,49.38,2.34,0.0,0.0,4.73,2.64,5.85,5.03,11.63,3.76,,1.17,10.44,,-91.4,25.34,,0.26,62.34,34.87,13.71,27.59,77.5,-11.8,-5.6,1.1,0.55,24.34000015258789,,,5.5687902504115305,10.74059557861359,2.331474295701513,,2.7822776312823376,12.439343194047783,6.772496190011351,5.5687902504115305,5.011911225370378,5,True,5.3,-79.4087461218134,-72.1754472162923,n/d,n/d,,,,False,False,,,Em Baixa,27.15999984741211,-10.382914987729341,-13.44239179883523,False,False,False,sem sinal (Em Baixa; sem novo topo (-10.4%))
HBSA3,SMALL11,SMALL11,Bens Industriais,23.27,25.42,11.11111111111111,,,0.7,P/L=-24.41<2,25.95,20.46,41.76,2.78,147,Não,1,8,False,,False,,False,,False,False,True,False,1,9,False,False,False,False,False,False,True,False,False,False,False,1.26,True,4366828032.0,-24.41,2.09,0.0,0.0,-8.56,-15.0,11.14,-5.52,7.51,3.06,3.26,1.56,,,5.4,11.33,5.08,0.41,66.67,33.33,2.98,4.38,11.4,-24.2,-4.0,0.79,0.37,3.319999933242798,,,,,,,,1.6766400479209775,1.6766400479209775,1.6766400479209775,1.50897604312888,1,True,1.0,-54.54891344967609,-49.49879272186233,n/d,n/d,,,,False,False,,,Em Baixa,3.4200000762939453,-2.9239807257405603,-24.37357553041075,False,False,False,sem sinal (Em Baixa; sem novo topo (-2.9%))
AURE3,BOVA11+SMALL11,BOVA11,Serviços públicos,22.24,22.64,20.0,,,0.1,P/L=-9.69<2,9.84,35.45,12.03,69.44,148,Não,2,8,False,,False,,False,False,False,False,True,False,2,10,False,False,False,False,False,False,True,True,False,False,False,1.74,False,10498582528.0,-9.69,0.92,0.0,7.48,-9.47,2.89,2.64,-8.09,11.5,6.49,1.12,1.85,,,5.9,-70.79,2.04,0.26,71.73,25.67,9.64,14.61,6.7,-29.6,-15.9,1.1,0.58,10.289999961853027,5.497964171444418,10.063310716769744,,,,,,2.6484764991568643,6.069917129123675,5.497964171444418,4.948167754299977,3,True,3.8,-51.912849634171344,-41.01149512511173,n/d,n/d,,,,False,False,,,Em Baixa,11.449999809265137,-10.131003202929822,-29.809003622401175,False,False,False,sem sinal (Em Baixa; sem novo topo (-10.1%))
TUPY3,SMALL11,SMALL11,Bens Industriais,19.65,23.12,0.0,,,0.7,P/L=-2.58<2,6.49,41.56,29.26,39.58,149,Não,2,8,False,,False,,False,False,False,False,False,False,0,10,False,False,False,False,False,False,True,True,False,False,False,0.76,True,1974082688.0,-2.58,0.87,0.0,3.73,-33.8,2.01,1.49,-8.26,8.36,3.88,2.16,1.72,,,-5.8,5.32,1.31,0.87,73.24,26.66,11.34,17.0,33.6,-10.9,6.3,1.28,0.54,15.149999618530273,4.039234420685285,5.881125316517776,,,,,,4.827411781745087,4.915923839649383,4.827411781745087,4.344670603570578,3,True,1.5,-71.32230552496831,-67.55165700706279,n/d,n/d,,,,False,False,,,Em Baixa,15.869999885559082,-4.536863719097905,-10.934747709135284,False,False,False,sem sinal (Em Baixa; sem novo topo (-4.5%))
MBRF3,BOVA11,BOVA11,Bens de primeira necessidade,15.44,18.17,0.0,,,0.0,DY5a=21.4%>=20,21.92,18.49,9.34,,150,Não,1,8,False,,False,,False,False,False,False,False,False,0,10,False,False,False,False,False,False,True,False,False,True,False,4.43,False,22796328960.0,61.9,1.98,10.68,21.38,3.2,39.26,6.29,0.23,5.76,4.61,1.08,5.22,19.34,1323.71,-21.9,52.09,2.59,0.43,89.92,7.97,14.52,27.52,12.6,-40.6,-5.4,0.96,0.3,16.350000381469727,24.97428168096148,33.410039048752914,2.5239634406864053,7.005370457259121,6.493698622845942,3.5907423783539456,1.2369097911483444,12.525700151804772,,,,4,False,27.0,,,n/d,n/d,,,,False,False,,,Em Alta,17.959999084472656,-8.964358491503798,-40.889369227529315,False,False,False,sem sinal (Em Alta)
BBDC1,BOVA11,BOVA11,Produtos financeiros,,,,,,0.4,,,,,,151,Não,0,0,False,,,,,,,,,,0.0,0.0,,,,,,,,,True,True,True,,True,,,,,,,,,,,,,,,,,,,,,,,,,,,,,,,,,,,,,,,,,0,True,,,,n/d,n/d,,,,False,False,,,,,,,False,False,False,histórico insuficiente
BBDC2,BOVA11,BOVA11,Produtos financeiros,,,,,,0.4,,,,,,152,Não,0,0,False,,,,,,,,,,0.0,0.0,,,,,,,,,True,True,True,,True,,,,,,,,,,,,,,,,,,,,,,,,,,,,,,,,,,,,,,,,,0,True,,,,n/d,n/d,,,,False,False,,,,,,,False,False,False,histórico insuficiente
ABCB10,SMALL11,SMALL11,Produtos financeiros,,,,,,0.4,,,,,,153,Não,0,0,False,,,,,,,,,,0.0,0.0,,,,,,,,,True,True,True,,True,,,,,,,,,,,,,,,,,,,,,,,,,,,,,,,,,,,,,,,,,0,True,,,,n/d,n/d,,,,False,False,,,,,,,False,False,False,histórico insuficiente
MOVI1,SMALL11,SMALL11,Bens Industriais,,,,,,0.7,,,,,,154,Não,0,0,False,,,,,,,,,,0.0,0.0,,,,,,,,,True,True,True,,True,,,,,,,,,,,,,,,,,,,,,,,,,,,,,,,,,,,,,,,,,0,True,,,,n/d,n/d,,,,False,False,,,,,,,False,False,False,histórico insuficiente
